02062026PropPhi06n05_B1_1
3	0	0
214	80
0.03369240280	0.00930801094	-0.01487827639
0.03372458259	0.00919073462	-0.01508330229
0.03374132311	0.00912908477	-0.01516386902
0.03375552070	0.00907644732	-0.01522432671
0.03376877960	0.00902699276	-0.01527384136
0.03378131934	0.00897995198	-0.01531660943
0.03379345278	0.00893418284	-0.01535443436
0.03380554846	0.00888830508	-0.01538800523
0.03381728284	0.00884355443	-0.01541881206
0.03382905267	0.00879842424	-0.01544674149
0.03384092119	0.00875266397	-0.01547208180
0.03385264029	0.00870722799	-0.01549563743
0.03386443472	0.00866124329	-0.01551723487
0.03387646184	0.00861408191	-0.01553673065
0.03388852404	0.00856650527	-0.01555465056
0.03390065131	0.00851838686	-0.01557106163
0.03391292923	0.00846937451	-0.01558588402
0.03392536941	0.00841940522	-0.01559915734
0.03393798172	0.00836842103	-0.01561091039
0.03395077444	0.00831636875	-0.01562116151
0.03396376621	0.00826315064	-0.01562989421
0.03397693704	0.00820882593	-0.01563716893
0.03399028291	0.00815338836	-0.01564300835
0.03400386894	0.00809654069	-0.01564726661
0.03401765295	0.00803843028	-0.01565003135
0.03403164090	0.00797900315	-0.01565128085
0.03404583949	0.00791819977	-0.01565098793
0.03406025010	0.00785598096	-0.01564912962
0.03407487394	0.00779230644	-0.01564568260
0.03408974301	0.00772699782	-0.01564053671
0.03410497167	0.00765950270	-0.01563334190
0.03412025400	0.00759113570	-0.01562484903
0.03413576364	0.00752108467	-0.01561459761
0.03415172329	0.00744827966	-0.01560190475
0.03416764879	0.00737487967	-0.01558803493
0.03418400490	0.00729869052	-0.01557166178
0.03420043305	0.00722131937	-0.01555372179
0.03421724187	0.00714124866	-0.01553325737
0.03423408956	0.00706004148	-0.01551120470
0.03425135892	0.00697577851	-0.01548632762
0.03426869663	0.00689010199	-0.01545960811
0.03428623389	0.00680229665	-0.01543058042
0.03430402405	0.00671200476	-0.01539895883
0.03432202944	0.00661931789	-0.01536473460
0.03434014758	0.00652467148	-0.01532815025
0.03435844033	0.00642764748	-0.01528888537
0.03437689108	0.00632822516	-0.01524686319
0.03439548240	0.00622638455	-0.01520200513
0.03441419602	0.00612210636	-0.01515423107
0.03443301253	0.00601537380	-0.01510345683
0.03445191170	0.00590617086	-0.01504959688
0.03447094446	0.00579405399	-0.01499223257
0.03448997206	0.00567969202	-0.01493175616
0.03450899864	0.00556292074	-0.01486797947
0.03452807993	0.00544323163	-0.01480041795
0.03454713570	0.00532094814	-0.01472918517
0.03456610021	0.00519632468	-0.01465438623
0.03458505553	0.00506862981	-0.01457531552
0.03460385185	0.00493867507	-0.01449248042
0.03462251599	0.00480608576	-0.01440547021
0.03464106958	0.00467047881	-0.01431379509
0.03465936191	0.00453273714	-0.01421803310
0.03467743181	0.00439235662	-0.01411762961
0.03469524045	0.00424939573	-0.01401245603
0.03471274873	0.00410391882	-0.01390238280
0.03472991754	0.00395599561	-0.01378728048
0.03474670800	0.00380570063	-0.01366702078
0.03476308146	0.00365311392	-0.01354147626
0.03477899970	0.00349832159	-0.01341052031
0.03479442512	0.00334141501	-0.01327402844
0.03480932095	0.00318249097	-0.01313187855
0.03482366914	0.00302144697	-0.01298373566
0.03483742378	0.00285849229	-0.01282954244
0.03485051985	0.00269413071	-0.01266959871
0.03486299037	0.00252764241	-0.01250290105
0.03487472711	0.00236018711	-0.01233041333
0.03488577513	0.00219083720	-0.01215089222
0.03489604099	0.00202074173	-0.01196531582
0.03490554654	0.00184929581	-0.01177278718
0.03491425207	0.00167692471	-0.01157347987
0.03492213055	0.00150395216	-0.01136752216
0.03492917510	0.00133033862	-0.01115462413
0.03493537057	0.00115626869	-0.01093473447
0.03494070596	0.00098190663	-0.01070778216
0.03494517233	0.00080746830	-0.01047377171
0.03494876446	0.00063319555	-0.01023276693
0.03495148358	0.00045920521	-0.00998467959
0.03495333308	0.00028562319	-0.00972942561
0.03495431831	0.00011271982	-0.00946712785
0.03495444972	-0.00005931812	-0.00919782481
0.03495374120	-0.00023032647	-0.00892154170
0.03495220984	-0.00040012678	-0.00863833677
0.03494987598	-0.00056854435	-0.00834827449
0.03494675891	-0.00073560552	-0.00805108710
0.03494289354	-0.00090070266	-0.00774753398
0.03493830541	-0.00106390272	-0.00743742168
0.03493301989	-0.00122523280	-0.00712051636
0.03492708319	-0.00138417254	-0.00679752594
0.03492052776	-0.00154071901	-0.00646840737
0.03491338261	-0.00169493026	-0.00613292118
0.03490570902	-0.00184622643	-0.00579201453
0.03489752635	-0.00199492566	-0.00544508762
0.03488889679	-0.00214055007	-0.00509295232
0.03487985212	-0.00228319739	-0.00473545293
0.03487044184	-0.00242267615	-0.00437293017
0.03486071376	-0.00255884938	-0.00400571239
0.03485070367	-0.00269175174	-0.00363376357
0.03484047268	-0.00282108796	-0.00325778570
0.03483004270	-0.00294706628	-0.00287742588
0.03481948628	-0.00306927497	-0.00249370939
0.03480881296	-0.00318804234	-0.00210605669
0.03479809889	-0.00330293620	-0.00171559240
0.03478735651	-0.00341422045	-0.00132196158
0.03477664029	-0.00352169908	-0.00092579307
0.03476598637	-0.00362536423	-0.00052740895
0.03475541348	-0.00372536011	-0.00012667318
0.03474498205	-0.00382142594	0.00027546933
0.03473470467	-0.00391374060	0.00067908228
0.03472460533	-0.00400235665	0.00108405286
0.03471473128	-0.00408711462	0.00148959298
0.03470509295	-0.00416816473	0.00189565971
0.03469571273	-0.00424553790	0.00230194922
0.03468660795	-0.00431929421	0.00270826807
0.03467780575	-0.00438940340	0.00311409953
0.03466931670	-0.00445595706	0.00351922266
0.03466115251	-0.00451902433	0.00392337402
0.03465332398	-0.00457866915	0.00432626429
0.03464584032	-0.00463495657	0.00472761010
0.03463870834	-0.00468795889	0.00512713325
0.03463193272	-0.00473775366	0.00552456174
0.03462551218	-0.00478445191	0.00591978435
0.03461945844	-0.00482806081	0.00631229623
0.03461376562	-0.00486870657	0.00670192697
0.03460842844	-0.00490650130	0.00708851455
0.03460344219	-0.00494154457	0.00747196920
0.03459881576	-0.00497383374	0.00785163612
0.03459452346	-0.00500360076	0.00822789965
0.03459058007	-0.00503078962	0.00859992512
0.03458695570	-0.00505564730	0.00896819310
0.03458366297	-0.00507812265	0.00933193720
0.03458067964	-0.00509839875	0.00969126467
0.03457799509	-0.00511657399	0.01004613135
0.03457560604	-0.00513269335	0.01039621199
0.03457349985	-0.00514686140	0.01074137789
0.03457166310	-0.00515918450	0.01108156131
0.03457008486	-0.00516974919	0.01141664138
0.03456875375	-0.00517864247	0.01174650742
0.03456765800	-0.00518595160	0.01207105892
0.03456678439	-0.00519177147	0.01239031307
0.03456612517	-0.00519615862	0.01270408537
0.03456566844	-0.00519919605	0.01301223882
0.03456539769	-0.00520099572	0.01331487875
0.03456530344	-0.00520162206	0.01361200164
0.03456537961	-0.00520111587	0.01390327291
0.03456560581	-0.00519961241	0.01418911657
0.03456598184	-0.00519711202	0.01446906843
0.03456648985	-0.00519373212	0.01474334456
0.03456711974	-0.00518953822	0.01501209460
0.03456786903	-0.00518454480	0.01527496379
0.03456872160	-0.00517885708	0.01553217751
0.03456966944	-0.00517252637	0.01578374836
0.03457070457	-0.00516560353	0.01602969542
0.03457181909	-0.00515813905	0.01627004390
0.03457300537	-0.00515018191	0.01650482486
0.03457425591	-0.00514178009	0.01673407484
0.03457556340	-0.00513298057	0.01695783553
0.03457692062	-0.00512383008	0.01717615344
0.03457832068	-0.00511437317	0.01738907960
0.03457975666	-0.00510465503	0.01759688143
0.03458122779	-0.00509467945	0.01779929835
0.03458272486	-0.00508450738	0.01799644007
0.03458424021	-0.00507418989	0.01818882033
0.03458577736	-0.00506370205	0.01837580037
0.03458732299	-0.00505313390	0.01855815300
0.03458888031	-0.00504246295	0.01873531036
0.03459043847	-0.00503176313	0.01890809827
0.03459200265	-0.00502099856	0.01907581566
0.03459356191	-0.00501024436	0.01923902321
0.03459511585	-0.00499950328	0.01939788619
0.03459666501	-0.00498877179	0.01955208302
0.03459820267	-0.00497809659	0.01970195097
0.03459972717	-0.00496748969	0.01984757449
0.03460123708	-0.00495696144	0.01998910602
0.03460273202	-0.00494651497	0.02012653417
0.03460420987	-0.00493616582	0.02025989818
0.03460566810	-0.00492593236	0.02038935870
0.03460710556	-0.00491582330	0.02051500106
0.03460852110	-0.00490584768	0.02063691029
0.03460991374	-0.00489601319	0.02075517098
0.03461128249	-0.00488632770	0.02086986717
0.03461262690	-0.00487679535	0.02098119139
0.03461394741	-0.00486741393	0.02108910035
0.03461524278	-0.00485819323	0.02119364015
0.03461651169	-0.00484914348	0.02129494432
0.03461775352	-0.00484027019	0.02139309257
0.03461896831	-0.00483157400	0.02148830723
0.03462015747	-0.00482304581	0.02158065144
0.03462132052	-0.00481468996	0.02166984160
0.03462245493	-0.00480652561	0.02175618334
0.03462355796	-0.00479857356	0.02183924656
0.03462475355	-0.00478993900	0.02193797221
0.03462739847	-0.00477078074	0.02203517666
0.03463144451	-0.00474132104	0.02212972027
0.03463681847	-0.00470190177	0.02222049461
0.03464342427	-0.00465298064	0.02230643543
0.03465114559	-0.00459512605	0.02238653516
0.03465984904	-0.00452901074	0.02245985469
0.03466938775	-0.00445540421	0.02252553443
0.03467960516	-0.00437516395	0.02258280433
0.03469033895	-0.00428922574	0.02263099297
0.03470142493	-0.00419859286	0.02266953537
0.03471270076	-0.00410432456	0.02269797966
0.03472400937	-0.00400752378	0.02271599235
0.03473520199	-0.00390932428	0.02272336227
0.03430640710	0.00943434322	-0.01453562210
0.03433733865	0.00932113589	-0.01473778275
0.03435351805	0.00926132807	-0.01481735189
0.03436727096	0.00921016213	-0.01487710868
0.03438013614	0.00916202157	-0.01492610647
0.03439231997	0.00911617941	-0.01496846211
0.03440412263	0.00907153492	-0.01500595658
0.03441589999	0.00902675066	-0.01503928446
0.03442733670	0.00898303334	-0.01506988479
0.03443881718	0.00893891890	-0.01509766889
0.03445040248	0.00889416487	-0.01512292248
0.03446185115	0.00884970142	-0.01514641786
0.03447338132	0.00880467944	-0.01516799815
0.03448514596	0.00875848778	-0.01518753240
0.03449695289	0.00871186783	-0.01520552321
0.03450883126	0.00866469650	-0.01522203772
0.03452086433	0.00861663077	-0.01523700294
0.03453306352	0.00856760899	-0.01525045838
0.03454543859	0.00851757434	-0.01526243282
0.03455799775	0.00846647455	-0.01527294480
0.03457075939	0.00841421389	-0.01528197945
0.03458370420	0.00836084947	-0.01528959470
0.03459682850	0.00830637454	-0.01529581251
0.03461019601	0.00825049890	-0.01530049461
0.03462376590	0.00819336530	-0.01530372413
0.03463754424	0.00813492036	-0.01530548035
0.03465153784	0.00807510530	-0.01530573731
0.03466574838	0.00801388105	-0.01530447283
0.03468017733	0.00795120747	-0.01530166440
0.03469485631	0.00788690976	-0.01529720685
0.03470989753	0.00782044843	-0.01529076668
0.03472500231	0.00775310356	-0.01528305627
0.03474034069	0.00768408282	-0.01527363806
0.03475613113	0.00761234189	-0.01526186189
0.03477190015	0.00753998408	-0.01524892793
0.03478810322	0.00746486936	-0.01523357543
0.03480438958	0.00738856317	-0.01521669275
0.03482106221	0.00730958456	-0.01519736888
0.03483778640	0.00722945634	-0.01517649215
0.03485493824	0.00714630534	-0.01515288642
0.03487217153	0.00706173159	-0.01512748324
0.03488961551	0.00697503619	-0.01509983898
0.03490732323	0.00688586848	-0.01506968023
0.03492525835	0.00679431593	-0.01503699661
0.03494332061	0.00670080179	-0.01500201705
0.03496157145	0.00660491648	-0.01496443524
0.03497999519	0.00650663789	-0.01492417614
0.03499857530	0.00640594465	-0.01488116289
0.03501729445	0.00630281596	-0.01483531714
0.03503613417	0.00619723344	-0.01478655648
0.03505507516	0.00608917938	-0.01473479719
0.03507416866	0.00597821819	-0.01467963808
0.03509327804	0.00586500100	-0.01462144967
0.03511240804	0.00574936534	-0.01456005053
0.03513161480	0.00563081181	-0.01449497647
0.03515081954	0.00550965386	-0.01442633210
0.03516995761	0.00538613792	-0.01435421471
0.03518911161	0.00525954597	-0.01427794880
0.03520813309	0.00513066896	-0.01419801398
0.03522704956	0.00499913785	-0.01411401586
0.03524588366	0.00486457449	-0.01402548353
0.03526448536	0.00472784010	-0.01393296377
0.03528289434	0.00458843841	-0.01383592451
0.03530107249	0.00444642343	-0.01373423886
0.03531898137	0.00430185483	-0.01362777888
0.03533658242	0.00415479756	-0.01351641662
0.03535383716	0.00400532123	-0.01340002518
0.03537070725	0.00385350085	-0.01327847841
0.03538715461	0.00369941737	-0.01315165081
0.03540314166	0.00354315689	-0.01301941890
0.03541863148	0.00338481084	-0.01288166142
0.03543360626	0.00322427476	-0.01273805378
0.03544801950	0.00306175004	-0.01258853580
0.03546180439	0.00289772835	-0.01243338910
0.03547499568	0.00273149798	-0.01227165067
0.03548748090	0.00256419559	-0.01210423565
0.03549930748	0.00239490468	-0.01192995201
0.03551037704	0.00222475220	-0.01174972865
0.03552071255	0.00205313909	-0.01156270457
0.03553027154	0.00188047988	-0.01136904018
0.03553902423	0.00170709014	-0.01116885366
0.03554696237	0.00153292744	-0.01096186375
0.03555406832	0.00135817009	-0.01074801691
0.03556032855	0.00118297654	-0.01052724093
0.03556573112	0.00100755640	-0.01029953603
0.03557026755	0.00083214552	-0.01006495956
0.03557393624	0.00065685637	-0.00982342369
0.03557673761	0.00048181031	-0.00957484457
0.03557867316	0.00030727205	-0.00931933659
0.03557974983	0.00013342410	-0.00905693390
0.03557997799	-0.00003957314	-0.00878765828
0.03557937111	-0.00021154473	-0.00851156341
0.03557794587	-0.00038231919	-0.00822870919
0.03557571895	-0.00055192525	-0.00793883726
0.03557271912	-0.00071976011	-0.00764267349
0.03556896959	-0.00088589063	-0.00734003258
0.03556449316	-0.00105034563	-0.00703068957
0.03555933047	-0.00121260722	-0.00671532225
0.03555351139	-0.00137267188	-0.00639389034
0.03554706272	-0.00153059853	-0.00606616453
0.03554004016	-0.00168580698	-0.00573305357
0.03553246257	-0.00183861467	-0.00539398425
0.03552438739	-0.00198854237	-0.00504973635
0.03551584498	-0.00213568614	-0.00470016319
0.03550688204	-0.00227985258	-0.00434559369
0.03549754408	-0.00242090151	-0.00398634603
0.03548786562	-0.00255886565	-0.00362238875
0.03547790520	-0.00269344438	-0.00325439920
0.03546768462	-0.00282484467	-0.00288204264
0.03545727395	-0.00295264690	-0.00250630753
0.03544668349	-0.00307717888	-0.00212664228
0.03543598739	-0.00319799906	-0.00174413130
0.03542519907	-0.00331536894	-0.00135843964
0.03541437243	-0.00342908520	-0.00097017629
0.03540354413	-0.00353913307	-0.00057965694
0.03539273382	-0.00364565395	-0.00018675667
0.03538200220	-0.00374837568	0.00020761049
0.03537136352	-0.00384747221	0.00060349849
0.03536084301	-0.00394299146	0.00100079282
0.03535048927	-0.00403476250	0.00139872919
0.03534031481	-0.00412292966	0.00179725866
0.03533034399	-0.00420751634	0.00219608200
0.03532059615	-0.00428857642	0.00259500631
0.03531110073	-0.00436606973	0.00299352744
0.03530187086	-0.00444008040	0.00339142517
0.03529292078	-0.00451066987	0.00378843861
0.03528426399	-0.00457789412	0.00418428196
0.03527591242	-0.00464181029	0.00457867518
0.03526787570	-0.00470248272	0.00497134315
0.03526016138	-0.00475998102	0.00536201670
0.03525277082	-0.00481441063	0.00575058174
0.03524571891	-0.00486576803	0.00613654525
0.03523900269	-0.00491417228	0.00651973565
0.03523261967	-0.00495972895	0.00689998991
0.03522656761	-0.00500253282	0.00727721531
0.03522085901	-0.00504256784	0.00765077431
0.03521546984	-0.00508006735	0.00802103069
0.03521041875	-0.00511495961	0.00838717417
0.03520567707	-0.00514749473	0.00874966164
0.03520126114	-0.00517760699	0.00910774913
0.03519715063	-0.00520547671	0.00946153369
0.03519333688	-0.00523119867	0.00981096778
0.03518981918	-0.00525480982	0.01015573297
0.03518658702	-0.00527640920	0.01049570001
0.03518362882	-0.00529609888	0.01083079883
0.03518093551	-0.00531396054	0.01116090847
0.03517849747	-0.00533007654	0.01148591801
0.03517630456	-0.00534452966	0.01180572653
0.03517434476	-0.00535741268	0.01212034709
0.03517261203	-0.00536877670	0.01242959844
0.03517109595	-0.00537869961	0.01273334490
0.03516978074	-0.00538729270	0.01303168495
0.03516865778	-0.00539461862	0.01332461291
0.03516772288	-0.00540070992	0.01361180316
0.03516695504	-0.00540570748	0.01389366270
0.03516635623	-0.00540960159	0.01416974162
0.03516590851	-0.00541251129	0.01444024625
0.03516560180	-0.00541450367	0.01470531989
0.03516543528	-0.00541558508	0.01496461866
0.03516539249	-0.00541586294	0.01521835855
0.03516546571	-0.00541538750	0.01546655087
0.03516564721	-0.00541420871	0.01570921327
0.03516592928	-0.00541237634	0.01594636950
0.03516630436	-0.00540993875	0.01617804908
0.03516676502	-0.00540694350	0.01640428697
0.03516730393	-0.00540343726	0.01662512322
0.03516791380	-0.00539946657	0.01684060265
0.03516858763	-0.00539507594	0.01705077457
0.03516931760	-0.00539031537	0.01725589792
0.03517010388	-0.00538518272	0.01745572133
0.03517093687	-0.00537973976	0.01765035076
0.03517180704	-0.00537404776	0.01784028373
0.03517272018	-0.00536806808	0.01802490347
0.03517366012	-0.00536190578	0.01820495760
0.03517463205	-0.00535552614	0.01837989804
0.03517562206	-0.00534901978	0.01855052417
0.03517663781	-0.00534233588	0.01871615930
0.03517766616	-0.00533556027	0.01887734610
0.03517870611	-0.00532869935	0.01903424600
0.03517975921	-0.00532174235	0.01918654915
0.03518081741	-0.00531474239	0.01933458255
0.03518187861	-0.00530771304	0.01947842923
0.03518294076	-0.00530066783	0.01961823810
0.03518400344	-0.00529360953	0.01975399956
0.03518506424	-0.00528655412	0.01988575279
0.03518611993	-0.00527952312	0.02001365448
0.03518716897	-0.00527252693	0.02013778858
0.03518820977	-0.00526557626	0.02025823875
0.03518924096	-0.00525868049	0.02037508824
0.03519026115	-0.00525184919	0.02048841979
0.03519126913	-0.00524509076	0.02059842122
0.03519226540	-0.00523840203	0.02070505217
0.03519324845	-0.00523179353	0.02080835853
0.03519421639	-0.00522527827	0.02090847084
0.03519516821	-0.00521886338	0.02100546760
0.03519610312	-0.00521255460	0.02109956551
0.03519702228	-0.00520634446	0.02119082736
0.03519792610	-0.00520023061	0.02127897980
0.03519881084	-0.00519423870	0.02136431970
0.03519967505	-0.00518837897	0.02144643143
0.03520058231	-0.00518222010	0.02154341440
0.03520300709	-0.00516572279	0.02163915576
0.03520690662	-0.00513907837	0.02173253305
0.03521221258	-0.00510259593	0.02182245150
0.03521883298	-0.00505669890	0.02190785690
0.03522665458	-0.00500192033	0.02198774795
0.03523554594	-0.00493889690	0.02206118800
0.03524536074	-0.00486836180	0.02212731603
0.03525594152	-0.00479113635	0.02218535675
0.03526712348	-0.00470812077	0.02223462969
0.03527873833	-0.00462028377	0.02227455717
0.03529061795	-0.00452865150	0.02230467107
0.03530259795	-0.00443429563	0.02232461833
0.03531452069	-0.00433832088	0.02233416510
0.03486632876	0.00954785939	-0.01420780815
0.03489610030	0.00943846832	-0.01440710471
0.03491175609	0.00938039375	-0.01448566223
0.03492509329	0.00933061407	-0.01454470203
0.03493758954	0.00928371355	-0.01459316351
0.03494943938	0.00923900356	-0.01463508602
0.03496093114	0.00919542242	-0.01467222786
0.03497240867	0.00915167370	-0.01470528770
0.03498356472	0.00910893516	-0.01473565647
0.03499477189	0.00906578403	-0.01476326797
0.03500608915	0.00902198549	-0.01478840524
0.03501728160	0.00897844581	-0.01481181044
0.03502856099	0.00893433910	-0.01483334194
0.03504007598	0.00888907056	-0.01485288034
0.03505163977	0.00884336189	-0.01487090655
0.03506328065	0.00879709327	-0.01488748771
0.03507507968	0.00874993058	-0.01490255715
0.03508704808	0.00870181345	-0.01491615419
0.03509919547	0.00865268614	-0.01492830760
0.03511153003	0.00860249726	-0.01493903606
0.03512406983	0.00855115304	-0.01494832619
0.03513679630	0.00849870847	-0.01495623354
0.03514970603	0.00844515636	-0.01496277941
0.03516286137	0.00839021337	-0.01496783260
0.03517622277	0.00833401775	-0.01497147201
0.03518979641	0.00827651672	-0.01497367786
0.03520358920	0.00821765220	-0.01497442534
0.03521760306	0.00815738528	-0.01497369301
0.03523183973	0.00809567595	-0.01497145910
0.03524633039	0.00803235297	-0.01496762313
0.03526118505	0.00796688955	-0.01496186707
0.03527611226	0.00790053186	-0.01495486737
0.03529127844	0.00783250703	-0.01494620790
0.03530689766	0.00776179605	-0.01493526912
0.03532250724	0.00769044745	-0.01492319110
0.03533855316	0.00761637448	-0.01490877445
0.03535469257	0.00754110160	-0.01489286259
0.03537122256	0.00746318394	-0.01487458804
0.03538781567	0.00738410468	-0.01485479444
0.03540484102	0.00730203616	-0.01483236184
0.03542195964	0.00721853690	-0.01480817460
0.03543929871	0.00713292414	-0.01478180985
0.03545691087	0.00704485428	-0.01475300573
0.03547476103	0.00695441084	-0.01472175037
0.03549275117	0.00686200510	-0.01468826003
0.03551094223	0.00676723591	-0.01465224163
0.03552931936	0.00667007990	-0.01461362179
0.03554786690	0.00657051437	-0.01457232534
0.03556656837	0.00646851715	-0.01452827561
0.03558540619	0.00636406838	-0.01448139194
0.03560436194	0.00625714879	-0.01443159234
0.03562348697	0.00614733084	-0.01437849207
0.03564264692	0.00603524819	-0.01432244135
0.03566184705	0.00592074025	-0.01426326511
0.03568114367	0.00580331682	-0.01420051837
0.03570045953	0.00568328159	-0.01413429739
0.03571973109	0.00556087322	-0.01406469223
0.03573904120	0.00543538721	-0.01399105574
0.03575824301	0.00530759425	-0.01391384154
0.03577736455	0.00517713107	-0.01383267069
0.03579642929	0.00504362472	-0.01374709013
0.03581528823	0.00490791497	-0.01365761734
0.03583398163	0.00476951363	-0.01356374160
0.03585247218	0.00462847047	-0.01346533771
0.03587072208	0.00448484083	-0.01336227937
0.03588869337	0.00433868510	-0.01325444017
0.03590634801	0.00419006829	-0.01314169466
0.03592364804	0.00403906068	-0.01302391799
0.03594055561	0.00388573832	-0.01290098589
0.03595703324	0.00373018234	-0.01277277592
0.03597304398	0.00357247911	-0.01263916776
0.03598857026	0.00341252259	-0.01249984675
0.03600356520	0.00325050661	-0.01235475021
0.03601796055	0.00308691078	-0.01220414266
0.03603179250	0.00292103228	-0.01204709945
0.03604494513	0.00275398444	-0.01188448981
0.03605746780	0.00258486278	-0.01171517034
0.03606925806	0.00241477187	-0.01154002355
0.03608033975	0.00224311916	-0.01135822262
0.03609066808	0.00207030862	-0.01116991567
0.03610021090	0.00189664778	-0.01097521143
0.03610895873	0.00172209165	-0.01077383699
0.03611689177	0.00154681253	-0.01056573686
0.03612399424	0.00137096326	-0.01035083782
0.03613025157	0.00119474740	-0.01012913619
0.03613565237	0.00101839489	-0.00990068330
0.03614019248	0.00084201403	-0.00966539183
0.03614386967	0.00066572186	-0.00942317830
0.03614668198	0.00048977746	-0.00917414917
0.03614863315	0.00031435912	-0.00891833456
0.03614973036	0.00013962358	-0.00865575310
0.03614998377	-0.00003425774	-0.00838645424
0.03614940667	-0.00020711657	-0.00811049361
0.03614801338	-0.00037898368	-0.00782762192
0.03614582703	-0.00054926183	-0.00753853323
0.03614286860	-0.00071801760	-0.00724305005
0.03613915850	-0.00088528121	-0.00694095595
0.03613473218	-0.00105053800	-0.00663290013
0.03612961706	-0.00121378386	-0.00631884494
0.03612383784	-0.00137507819	-0.00599857081
0.03611744495	-0.00153384167	-0.00567294994
0.03611045667	-0.00169039030	-0.00534143448
0.03610292595	-0.00184424449	-0.00500477361
0.03609488172	-0.00199549842	-0.00466282926
0.03608636789	-0.00214395724	-0.00431591912
0.03607742772	-0.00228947797	-0.00396435159
0.03606809437	-0.00243209132	-0.00360809960
0.03605842380	-0.00257149232	-0.00324781688
0.03604843759	-0.00270788613	-0.00288318603
0.03603820320	-0.00284084668	-0.00251516024
0.03602773153	-0.00297070044	-0.00214321461
0.03601709459	-0.00309699810	-0.00176839500
0.03600630655	-0.00321999821	-0.00139038553
0.03599542053	-0.00333949106	-0.00100977609
0.03598447343	-0.00345545538	-0.00062687613
0.03597348559	-0.00356802952	-0.00024157134
0.03596251765	-0.00367693137	0.00014525400
0.03595158524	-0.00378232977	0.00053364462
0.03594071454	-0.00388426810	0.00092348447
0.03592995511	-0.00398256519	0.00131403222
0.03591932126	-0.00407735947	0.00170523331
0.03590883893	-0.00416866724	0.00209679309
0.03589852919	-0.00425653639	0.00248851930
0.03588842340	-0.00434091765	0.00287992000
0.03587853686	-0.00442188795	0.00327077586
0.03586888606	-0.00449950142	0.00366082859
0.03585948681	-0.00457380645	0.00404979592
0.03585035346	-0.00464485268	0.00443740119
0.03584149812	-0.00471269692	0.00482337242
0.03583293091	-0.00477740120	0.00520744331
0.03582465555	-0.00483906545	0.00558949716
0.03581668978	-0.00489767630	0.00596905254
0.03580903328	-0.00495334590	0.00634593692
0.03580168609	-0.00500617348	0.00671998644
0.03579464827	-0.00505624913	0.00709110571
0.03578793559	-0.00510354448	0.00745867399
0.03578152559	-0.00514829354	0.00782303542
0.03577544047	-0.00519041029	0.00818340338
0.03576965281	-0.00523014703	0.00854021210
0.03576418230	-0.00526742485	0.00889273938
0.03575901048	-0.00530242110	0.00924107261
0.03575413058	-0.00533522696	0.00958516110
0.03574954431	-0.00536587192	0.00992469317
0.03574524321	-0.00539444974	0.01025953919
0.03574121747	-0.00542105833	0.01058962696
0.03573745986	-0.00544577473	0.01091483559
0.03573396247	-0.00546867683	0.01123505406
0.03573071679	-0.00548984317	0.01155018117
0.03572771199	-0.00550936436	0.01186022609
0.03572494373	-0.00552728645	0.01216501084
0.03572240312	-0.00554368250	0.01246440114
0.03572007511	-0.00555866295	0.01275848896
0.03571795204	-0.00557228874	0.01304726660
0.03571603159	-0.00558458482	0.01333041721
0.03571429232	-0.00559569691	0.01360833145
0.03571273833	-0.00560560623	0.01388057331
0.03571135172	-0.00561443303	0.01414733976
0.03571012255	-0.00562224575	0.01440876801
0.03570905166	-0.00562904338	0.01466452485
0.03570812241	-0.00563493515	0.01491481722
0.03570732747	-0.00563997028	0.01515965521
0.03570665947	-0.00564419786	0.01539905520
0.03570611094	-0.00564766692	0.01563303952
0.03570567454	-0.00565042524	0.01586163629
0.03570534299	-0.00565251994	0.01608487895
0.03570510907	-0.00565399738	0.01630280604
0.03570496551	-0.00565490389	0.01651546076
0.03570490532	-0.00565528394	0.01672289081
0.03570491991	-0.00565519182	0.01692534686
0.03570501045	-0.00565462010	0.01712258657
0.03570516704	-0.00565363126	0.01731471230
0.03570537848	-0.00565229576	0.01750220577
0.03570565280	-0.00565056266	0.01768447168
0.03570597117	-0.00564855052	0.01786223310
0.03570634077	-0.00564621365	0.01803496125
0.03570674485	-0.00564365772	0.01820342979
0.03570719348	-0.00564081856	0.01836698577
0.03570767153	-0.00563779157	0.01852615434
0.03570817742	-0.00563458656	0.01868109318
0.03570871380	-0.00563118629	0.01883150386
0.03570927134	-0.00562764965	0.01897770344
0.03570984762	-0.00562399170	0.01911977353
0.03571044003	-0.00562022890	0.01925785959
0.03571104812	-0.00561636376	0.01939195377
0.03571166930	-0.00561241268	0.01952209520
0.03571229968	-0.00560840012	0.01964843669
0.03571293737	-0.00560433802	0.01977106084
0.03571358042	-0.00560023869	0.01989004999
0.03571422711	-0.00559611309	0.02000548607
0.03571487568	-0.00559197237	0.02011745052
0.03571552420	-0.00558782886	0.02022612659
0.03571617328	-0.00558367858	0.02033147674
0.03571682116	-0.00557953282	0.02043354665
0.03571746542	-0.00557540710	0.02053246394
0.03571810470	-0.00557131012	0.02062830592
0.03571873741	-0.00556725226	0.02072128380
0.03571936447	-0.00556322766	0.02081145996
0.03571998719	-0.00555922792	0.02089857108
0.03572060068	-0.00555528462	0.02098290549
0.03572120484	-0.00555139845	0.02106406171
0.03572180316	-0.00554754714	0.02115930160
0.03572397522	-0.00553354267	0.02125356181
0.03572768377	-0.00550954741	0.02134573720
0.03573286555	-0.00547583963	0.02143474711
0.03573943299	-0.00543281045	0.02151954798
0.03574727648	-0.00538095943	0.02159914559
0.03575626715	-0.00532088901	0.02167260674
0.03576626012	-0.00525329772	0.02173907016
0.03577709806	-0.00517897233	0.02179775663
0.03578861487	-0.00509877885	0.02184797810
0.03580063947	-0.00501365272	0.02188914577
0.03581299949	-0.00492458803	0.02192077699
0.03582552478	-0.00483262601	0.02194250091
0.03583805055	-0.00473884301	0.02195406284
0.03543875753	0.00965336028	-0.01388324767
0.03546737897	0.00954766614	-0.01407959388
0.03548251107	0.00949127538	-0.01415709642
0.03549543073	0.00944284373	-0.01421538302
0.03550755489	0.00939715094	-0.01426327450
0.03551906679	0.00935354448	-0.01430473222
0.03553024298	0.00931100068	-0.01434149091
0.03554141513	0.00926826362	-0.01437425216
0.03555228459	0.00922648146	-0.01440435994
0.03556321184	0.00918427264	-0.01443176924
0.03557425371	0.00914140979	-0.01445676021
0.03558518222	0.00909877498	-0.01448004575
0.03559620251	0.00905556553	-0.01450149873
0.03560745877	0.00901120303	-0.01452101074
0.03561876982	0.00896638929	-0.01453904169
0.03563016309	0.00892100767	-0.01455565865
0.03564171733	0.00887473299	-0.01457080096
0.03565344353	0.00882750614	-0.01458450771
0.03566535119	0.00877927243	-0.01459680762
0.03567744842	0.00872998135	-0.01460771946
0.03568975296	0.00867954108	-0.01461723128
0.03570224697	0.00862800446	-0.01462539632
0.03571492734	0.00857536386	-0.01463223521
0.03572785490	0.00852134287	-0.01463762358
0.03574099147	0.00846607517	-0.01464163625
0.03575434330	0.00840950862	-0.01464425435
0.03576791738	0.00835158586	-0.01464545415
0.03578171585	0.00829226812	-0.01464521494
0.03579574069	0.00823151557	-0.01464351571
0.03581002256	0.00816916054	-0.01464026045
0.03582466907	0.00810468914	-0.01463514614
0.03583939651	0.00803931329	-0.01462881455
0.03585436730	0.00797227980	-0.01462087023
0.03586979075	0.00790259526	-0.01461072324
0.03588521582	0.00783225288	-0.01459945564
0.03590107808	0.00775921983	-0.01458592732
0.03591704325	0.00768497912	-0.01457093829
0.03593340191	0.00760812245	-0.01455366322
0.03594983450	0.00753009291	-0.01453490254
0.03596670231	0.00744910901	-0.01451359065
0.03598367434	0.00736668724	-0.01449056635
0.03600087537	0.00728216127	-0.01446542683
0.03601835745	0.00719519470	-0.01443792148
0.03603608680	0.00710586715	-0.01440803704
0.03605396786	0.00701457779	-0.01437597751
0.03607206081	0.00692093409	-0.01434146269
0.03609035166	0.00682491150	-0.01430442085
0.03610882559	0.00672648605	-0.01426477850
0.03612746698	0.00662563429	-0.01422246066
0.03614625911	0.00652233491	-0.01417738841
0.03616518444	0.00641656720	-0.01412948150
0.03618429421	0.00630791190	-0.01407837124
0.03620345669	0.00619698503	-0.01402438817
0.03622267757	0.00608362799	-0.01396736350
0.03624201309	0.00596736015	-0.01390687093
0.03626138767	0.00584847536	-0.01384299875
0.03628073909	0.00572720447	-0.01377583000
0.03630015004	0.00560285705	-0.01370474521
0.03631947574	0.00547618314	-0.01363017284
0.03633874456	0.00534682560	-0.01355174900
0.03635798062	0.00521441707	-0.01346903815
0.03637703646	0.00507977545	-0.01338252935
0.03639595272	0.00494242105	-0.01329173272
0.03641469289	0.00480239958	-0.01319652486
0.03643321997	0.00465976210	-0.01309678116
0.03645149662	0.00451456463	-0.01299237685
0.03646948542	0.00436686769	-0.01288318797
0.03648714883	0.00421673690	-0.01276909110
0.03650444937	0.00406424360	-0.01264996326
0.03652134980	0.00390946403	-0.01252568319
0.03653781324	0.00375247964	-0.01239613159
0.03655382245	0.00359318307	-0.01226100363
0.03656933030	0.00343176069	-0.01212023434
0.03658426756	0.00326867976	-0.01197407169
0.03659867151	0.00310324727	-0.01182162859
0.03661242358	0.00293655235	-0.01166372962
0.03662557462	0.00276770365	-0.01149927898
0.03663801886	0.00259778246	-0.01132911407
0.03664978085	0.00242620357	-0.01115244152
0.03666081379	0.00225336021	-0.01096939763
0.03667108349	0.00207955172	-0.01078008205
0.03668057934	0.00190473084	-0.01058423012
0.03668927961	0.00172906387	-0.01038178460
0.03669716649	0.00155269808	-0.01017267144
0.03670422304	0.00137583096	-0.00995688326
0.03671043518	0.00119868643	-0.00973446561
0.03671579641	0.00102136868	-0.00950533180
0.03672030201	0.00084399051	-0.00926939882
0.03672394683	0.00066680518	-0.00902676548
0.03672673159	0.00048998669	-0.00877745805
0.03672866047	0.00031368808	-0.00852149217
0.03672974047	0.00013807713	-0.00825891322
0.03672998168	-0.00003668119	-0.00798977275
0.03672939612	-0.00021061939	-0.00771383047
0.03672800156	-0.00038314672	-0.00743174925
0.03672581679	-0.00055432924	-0.00714335932
0.03672285987	-0.00072419831	-0.00684845274
0.03671916124	-0.00089224333	-0.00654765061
0.03671474586	-0.00105845953	-0.00624091793
0.03670963633	-0.00122290654	-0.00592804476
0.03670387794	-0.00138500697	-0.00560986734
0.03669748826	-0.00154507463	-0.00528586278
0.03669051579	-0.00170263054	-0.00495675017
0.03668298792	-0.00185776674	-0.00462239990
0.03667494574	-0.00201028728	-0.00428311859
0.03666643013	-0.00216004670	-0.00393920498
0.03665747279	-0.00230707360	-0.00359063629
0.03664812694	-0.00245105938	-0.00323804291
0.03663841377	-0.00259220689	-0.00288112453
0.03662839796	-0.00273008473	-0.00252079943
0.03661809084	-0.00286501720	-0.00215656904
0.03660756202	-0.00299654847	-0.00178944103
0.03659682623	-0.00312493354	-0.00141911830
0.03658593555	-0.00324995696	-0.00104617176
0.03657492684	-0.00337159116	-0.00067090460
0.03656382094	-0.00348997112	-0.00029321288
0.03655267809	-0.00360480573	0.00008604863
0.03654151506	-0.00371625849	0.00046691570
0.03653035872	-0.00382436814	0.00084927083
0.03651925928	-0.00392894409	0.00123239560
0.03650823254	-0.00403011868	0.00161623004
0.03649730581	-0.00412790128	0.00200048416
0.03648650157	-0.00422233382	0.00238496645
0.03647585283	-0.00431335836	0.00276919728
0.03646537681	-0.00440104467	0.00315295832
0.03645509197	-0.00448543969	0.00353599404
0.03644501622	-0.00456658436	0.00391802584
0.03643516605	-0.00464452098	0.00429878058
0.03642555584	-0.00471929889	0.00467798954
0.03641619805	-0.00479097274	0.00505538949
0.03640709862	-0.00485963686	0.00543086124
0.03639827785	-0.00492526846	0.00580393506
0.03638973794	-0.00498797279	0.00617443768
0.03638148133	-0.00504784275	0.00654220456
0.03637351022	-0.00510496366	0.00690713782
0.03636584345	-0.00515929552	0.00726863362
0.03635846017	-0.00521107228	0.00762701668
0.03635138585	-0.00526019459	0.00798152413
0.03634459438	-0.00530691615	0.00833256776
0.03633810864	-0.00535114569	0.00867944722
0.03633191204	-0.00539305731	0.00902224044
0.03632599967	-0.00543273853	0.00936089375
0.03632037561	-0.00547021167	0.00969510229
0.03631503340	-0.00550556526	0.01002473623
0.03630996508	-0.00553889302	0.01034972138
0.03630516521	-0.00557026740	0.01066993704
0.03630062763	-0.00559976190	0.01098527223
0.03629634550	-0.00562745088	0.01129562559
0.03629230927	-0.00565342268	0.01160100252
0.03628851627	-0.00567771846	0.01190122841
0.03628495921	-0.00570040660	0.01219617050
0.03628162391	-0.00572159651	0.01248591436
0.03627850370	-0.00574134735	0.01277045034
0.03627559816	-0.00575967693	0.01304947052
0.03627288561	-0.00577673520	0.01332334923
0.03627037225	-0.00579249490	0.01359166447
0.03626804039	-0.00580707725	0.01385460397
0.03626588034	-0.00582055178	0.01411229888
0.03626389463	-0.00583291063	0.01436442671
0.03626206657	-0.00584426453	0.01461118548
0.03626038936	-0.00585466169	0.01485258408
0.03625885603	-0.00586415033	0.01508863766
0.03625745951	-0.00587277873	0.01531936722
0.03625619276	-0.00588059408	0.01554479947
0.03625504874	-0.00588764305	0.01576496644
0.03625402044	-0.00589397168	0.01597990514
0.03625310072	-0.00589962608	0.01618965720
0.03625228270	-0.00590465063	0.01639426875
0.03625155713	-0.00590910363	0.01659398222
0.03625092624	-0.00591297275	0.01678856428
0.03625037993	-0.00591632109	0.01697811376
0.03624990543	-0.00591922765	0.01716309656
0.03624951305	-0.00592163015	0.01734293888
0.03624918146	-0.00592365963	0.01751833922
0.03624891985	-0.00592526030	0.01768878818
0.03624870872	-0.00592655180	0.01785503357
0.03624856061	-0.00592745763	0.01801644632
0.03624845849	-0.00592808209	0.01817353400
0.03624840025	-0.00592843821	0.01832645050
0.03624838968	-0.00592850282	0.01847490888
0.03624841628	-0.00592834018	0.01861921621
0.03624847734	-0.00592796678	0.01875945267
0.03624856972	-0.00592740189	0.01889576024
0.03624869302	-0.00592664783	0.01902813284
0.03624884446	-0.00592572149	0.01915660952
0.03624901960	-0.00592465004	0.01928133920
0.03624921621	-0.00592344698	0.01940240313
0.03624943202	-0.00592212614	0.01951988229
0.03624966498	-0.00592070003	0.01963385728
0.03624991300	-0.00591918132	0.01974440823
0.03625017345	-0.00591758609	0.01985171377
0.03625044707	-0.00591590969	0.01995573916
0.03625073189	-0.00591416413	0.02005652989
0.03625102498	-0.00591236737	0.02015421061
0.03625132466	-0.00591052961	0.02024885745
0.03625162852	-0.00590866564	0.02034067605
0.03625193725	-0.00590677117	0.02042972837
0.03625225312	-0.00590483223	0.02051576116
0.03625257008	-0.00590288596	0.02059905417
0.03625288946	-0.00590092416	0.02067922017
0.03625315476	-0.00589929405	0.02077266224
0.03625503925	-0.00588770149	0.02086537799
0.03625851140	-0.00586628084	0.02095628041
0.03626351336	-0.00583528049	0.02104430374
0.03626996249	-0.00579506004	0.02112841600
0.03627775341	-0.00574608630	0.02120763105
0.03628676063	-0.00568892813	0.02128102016
0.03629684163	-0.00562424997	0.02134772292
0.03630784024	-0.00555280441	0.02140695728
0.03631959025	-0.00547542364	0.02145802879
0.03633191908	-0.00539300993	0.02150033868
0.03634465145	-0.00530652535	0.02153339091
0.03635761286	-0.00521698063	0.02155679795
0.03637063285	-0.00512542347	0.02157028540
0.03600380072	0.00974763222	-0.01357308915
0.03603132432	0.00964539620	-0.01376651146
0.03604595234	0.00959058495	-0.01384295717
0.03605846852	0.00954341908	-0.01390048452
0.03607023175	0.00949886210	-0.01394779571
0.03608141486	0.00945629427	-0.01398877649
0.03609228316	0.00941472761	-0.01402513802
0.03610315644	0.00937294485	-0.01405758363
0.03611374479	0.00933206502	-0.01408741308
0.03612439668	0.00929074619	-0.01411460059
0.03613516693	0.00924876806	-0.01413942334
0.03614583451	0.00920698905	-0.01416256681
0.03615659798	0.00916462887	-0.01418391717
0.03616759710	0.00912112494	-0.01420337611
0.03617865631	0.00907715967	-0.01422138392
0.03618980222	0.00903261952	-0.01423800752
0.03620111123	0.00898718787	-0.01425319176
0.03621259413	0.00894080682	-0.01426697550
0.03622426028	0.00889342269	-0.01427938735
0.03623611770	0.00884498581	-0.01429044613
0.03624818381	0.00879540622	-0.01430014121
0.03626044146	0.00874473470	-0.01430852368
0.03627288783	0.00869296314	-0.01431561351
0.03628558223	0.00863982189	-0.01432129268
0.03629848780	0.00858544020	-0.01432563223
0.03631161085	0.00852976655	-0.01432861411
0.03632495842	0.00847274427	-0.01433021563
0.03633853286	0.00841433477	-0.01433041674
0.03635233634	0.00835449837	-0.01432919713
0.03636639898	0.00829307092	-0.01432646502
0.03638082584	0.00822955108	-0.01432193134
0.03639534114	0.00816511749	-0.01431620556
0.03641010319	0.00809903610	-0.01430891154
0.03642531625	0.00803033849	-0.01429948695
0.03644054132	0.00796096402	-0.01428895978
0.03645620312	0.00788893237	-0.01427624522
0.03647197621	0.00781568625	-0.01426210282
0.03648814431	0.00773985301	-0.01424574658
0.03650439608	0.00766283671	-0.01422793666
0.03652108451	0.00758290092	-0.01420765819
0.03653788691	0.00750152120	-0.01418570750
0.03655492545	0.00741804727	-0.01416170052
0.03657225149	0.00733214982	-0.01413539718
0.03658983253	0.00724390471	-0.01410678298
0.03660757552	0.00715369938	-0.01407605051
0.03662553978	0.00706114977	-0.01404293161
0.03664371210	0.00696623023	-0.01400735616
0.03666207847	0.00686891565	-0.01396925229
0.03668062409	0.00676918138	-0.01392854663
0.03669933306	0.00666700480	-0.01388516196
0.03671818869	0.00656236386	-0.01383901971
0.03673724191	0.00645484757	-0.01378976624
0.03675636381	0.00634505472	-0.01373771380
0.03677556044	0.00623282877	-0.01368269948
0.03679488774	0.00611769859	-0.01362431456
0.03681427192	0.00599994857	-0.01356263993
0.03683365213	0.00587980193	-0.01349775216
0.03685311059	0.00575658228	-0.01342905777
0.03687250493	0.00563101949	-0.01335696171
0.03689186366	0.00550276257	-0.01328111433
0.03691121138	0.00537144992	-0.01320109657
0.03693040257	0.00523787800	-0.01311737097
0.03694947801	0.00510157572	-0.01302946727
0.03696840206	0.00496258495	-0.01293726385
0.03698713850	0.00482095278	-0.01284063781
0.03700565073	0.00467673111	-0.01273946603
0.03702390195	0.00452997624	-0.01263362609
0.03704185517	0.00438074946	-0.01252299600
0.03705947334	0.00422911761	-0.01240745413
0.03707671956	0.00407515238	-0.01228688044
0.03709355717	0.00391893054	-0.01216115670
0.03710996921	0.00376034378	-0.01202998748
0.03712590856	0.00359957129	-0.01189330578
0.03714130533	0.00343706824	-0.01175134412
0.03715619763	0.00327215186	-0.01160325092
0.03717046495	0.00310588716	-0.01144980880
0.03718415928	0.00293739653	-0.01128996700
0.03719717230	0.00276773793	-0.01112452048
0.03720952902	0.00259633403	-0.01095270758
0.03722118107	0.00242356753	-0.01077465359
0.03723209255	0.00224972977	-0.01059044969
0.03724225185	0.00207477151	-0.01039983917
0.03725163562	0.00189885332	-0.01020276325
0.03726022427	0.00172211714	-0.00999914722
0.03726799878	0.00154475461	-0.00978898031
0.03727494273	0.00136698373	-0.00957230279
0.03728104754	0.00118890482	-0.00934902862
0.03728630625	0.00101062661	-0.00911907538
0.03729071085	0.00083239665	-0.00888253474
0.03729425935	0.00065438472	-0.00863942943
0.03729695321	0.00047674023	-0.00838977237
0.03729879654	0.00029962739	-0.00813360516
0.03729979651	0.00012320791	-0.00787097555
0.03729996298	-0.00005255218	-0.00760165189
0.03729930884	-0.00022706913	-0.00732626758
0.03729785078	-0.00040040835	-0.00704466020
0.03729560466	-0.00057260204	-0.00675662992
0.03729259627	-0.00074314429	-0.00646277128
0.03728884823	-0.00091202960	-0.00616305175
0.03728438109	-0.00107931759	-0.00585727064
0.03727923530	-0.00124443371	-0.00554623004
0.03727342769	-0.00140768901	-0.00522943080
0.03726700250	-0.00156860590	-0.00490756343
0.03725998556	-0.00172727419	-0.00458050636
0.03725241520	-0.00188349717	-0.00424855565
0.03724432994	-0.00203712730	-0.00391200086
0.03723575996	-0.00218819101	-0.00357082326
0.03722675574	-0.00233637693	-0.00322563101
0.03721733797	-0.00248188518	-0.00287614001
0.03720756849	-0.00262428029	-0.00252323525
0.03719745888	-0.00276388367	-0.00216644315
0.03718707626	-0.00290023438	-0.00180673499
0.03717643570	-0.00303358347	-0.00144383142
0.03716558806	-0.00316371050	-0.00107828522
0.03715456997	-0.00329058208	-0.00071039348
0.03714340256	-0.00341432959	-0.00034006208
0.03713214537	-0.00353465419	0.00003188249
0.03712081606	-0.00365171398	0.00040546756
0.03710944199	-0.00376554318	0.00078057437
0.03709807363	-0.00387594282	0.00115650648
0.03708672806	-0.00398303926	0.00153319891
0.03707543361	-0.00408683532	0.00191036626
0.03706421395	-0.00418736723	0.00228781788
0.03705310335	-0.00428456908	0.00266508602
0.03704212068	-0.00437850381	0.00304195348
0.03703128608	-0.00446921151	0.00341816754
0.03702061922	-0.00455672610	0.00379345326
0.03701013847	-0.00464108289	0.00416754100
0.03699986019	-0.00472232422	0.00454016534
0.03698979889	-0.00480049767	0.00491106613
0.03697996250	-0.00487569214	0.00528012199
0.03697037356	-0.00494787617	0.00564687452
0.03696103654	-0.00501714837	0.00601114991
0.03695195606	-0.00508359554	0.00637278317
0.03694313630	-0.00514729834	0.00673167414
0.03693459880	-0.00520820615	0.00708723534
0.03692632431	-0.00526655226	0.00743977306
0.03691834121	-0.00532222532	0.00778854734
0.03691062474	-0.00537547962	0.00813394859
0.03690320060	-0.00542621279	0.00847529756
0.03689605405	-0.00547459550	0.00881266330
0.03688918192	-0.00552071168	0.00914598934
0.03688259051	-0.00556457703	0.00947497757
0.03687627530	-0.00560627506	0.00979949807
0.03687023006	-0.00564589544	0.01011947487
0.03686445112	-0.00568350627	0.01043478760
0.03685893401	-0.00571917686	0.01074532539
0.03685367348	-0.00575297756	0.01105098689
0.03684866130	-0.00578499443	0.01135177396
0.03684389641	-0.00581526414	0.01164751534
0.03683937309	-0.00584385063	0.01193807981
0.03683507809	-0.00587086214	0.01222354694
0.03683100575	-0.00589635611	0.01250390524
0.03682715749	-0.00592034382	0.01277885549
0.03682351156	-0.00594297877	0.01304875639
0.03682007614	-0.00596422610	0.01331319949
0.03681683391	-0.00598420764	0.01357236371
0.03681377548	-0.00600299381	0.01382637442
0.03681090503	-0.00602057061	0.01407491952
0.03680820599	-0.00603704993	0.01431818849
0.03680567209	-0.00605247900	0.01455618915
0.03680329688	-0.00606690519	0.01478893548
0.03680107372	-0.00608037606	0.01501644725
0.03679899596	-0.00609293825	0.01523874987
0.03679705689	-0.00610463793	0.01545587401
0.03679524976	-0.00611552085	0.01566785527
0.03679356767	-0.00612563287	0.01587473382
0.03679200390	-0.00613501829	0.01607655427
0.03679054867	-0.00614373896	0.01627355110
0.03678920527	-0.00615177822	0.01646549975
0.03678796351	-0.00615919968	0.01665249565
0.03678680924	-0.00616608998	0.01683498939
0.03678575492	-0.00617237677	0.01701242801
0.03678477698	-0.00617820220	0.01718548626
0.03678388654	-0.00618350155	0.01735367348
0.03678306159	-0.00618840689	0.01751771251
0.03678231703	-0.00619283082	0.01767699733
0.03678163413	-0.00619688557	0.01783201856
0.03678101031	-0.00620058713	0.01798292640
0.03678045047	-0.00620390708	0.01812944502
0.03677994307	-0.00620691450	0.01827187184
0.03677948517	-0.00620962723	0.01841028568
0.03677907316	-0.00621206709	0.01854482509
0.03677870670	-0.00621423633	0.01867548572
0.03677838292	-0.00621615230	0.01880230653
0.03677809684	-0.00621784468	0.01892543268
0.03677784597	-0.00621932842	0.01904494409
0.03677762774	-0.00622061876	0.01916092041
0.03677743983	-0.00622172965	0.01927344096
0.03677727985	-0.00622267523	0.01938258457
0.03677714452	-0.00622347498	0.01948852536
0.03677703474	-0.00622412372	0.01959123133
0.03677694834	-0.00622463418	0.01969074776
0.03677688193	-0.00622502654	0.01978719641
0.03677683354	-0.00622531243	0.01988065224
0.03677679998	-0.00622551065	0.01997131549
0.03677678174	-0.00622561841	0.02005924768
0.03677678201	-0.00622561681	0.02014420530
0.03677679367	-0.00622554798	0.02022645980
0.03677681943	-0.00622539580	0.02030563778
0.03677674667	-0.00622582562	0.02039729586
0.03677832724	-0.00621648176	0.02048846377
0.03678153524	-0.00619747252	0.02057807265
0.03678631829	-0.00616901828	0.02066507192
0.03679259888	-0.00613144905	0.02074844158
0.03680027624	-0.00608520082	0.02082720422
0.03680922878	-0.00603081063	0.02090043640
0.03681931703	-0.00596891059	0.02096727955
0.03683038684	-0.00590022078	0.02102694999
0.03684227289	-0.00582554103	0.02107874814
0.03685480227	-0.00574574186	0.02112206671
0.03686779809	-0.00566175452	0.02115639784
0.03688108293	-0.00557456025	0.02118133902
0.03689448214	-0.00548517893	0.02119659785
0.03658110361	0.00983449331	-0.01326632816
0.03660754483	0.00973560791	-0.01345676130
0.03662167201	0.00968233129	-0.01353211646
0.03663378581	0.00963639649	-0.01358885616
0.03664518783	0.00959294580	-0.01363556032
0.03665604100	0.00955139038	-0.01367603889
0.03666659954	0.00951077697	-0.01371197875
0.03667717129	0.00946992640	-0.01374408397
0.03668747544	0.00942992819	-0.01377361124
0.03669784829	0.00938947981	-0.01380055279
0.03670834263	0.00934836786	-0.01382518269
0.03671874458	0.00930742695	-0.01384815986
0.03672924603	0.00926589910	-0.01386938305
0.03673998218	0.00922323748	-0.01388876354
0.03675078326	0.00918010509	-0.01390672269
0.03676167506	0.00913639135	-0.01392332718
0.03677273156	0.00909178825	-0.01393852709
0.03678396334	0.00904623904	-0.01395236099
0.03679537961	0.00899969105	-0.01396485739
0.03680698830	0.00895209540	-0.01397603512
0.03681880646	0.00890336403	-0.01398588478
0.03683081766	0.00885354563	-0.01399445539
0.03684301938	0.00880263161	-0.01400176628
0.03685546928	0.00875035908	-0.01400770553
0.03686813190	0.00869685288	-0.01401234052
0.03688101358	0.00864206210	-0.01401565402
0.03689412138	0.00858593079	-0.01401762431
0.03690745783	0.00852842051	-0.01401823202
0.03692102530	0.00846949177	-0.01401745749
0.03693485330	0.00840898397	-0.01401521302
0.03694904419	0.00834640840	-0.01401122304
0.03696333044	0.00828291029	-0.01400606592
0.03697786604	0.00821777482	-0.01399938405
0.03699284989	0.00815005871	-0.01399064181
0.03700785562	0.00808164724	-0.01398081509
0.03702329646	0.00801061291	-0.01396887237
0.03703885627	0.00793835791	-0.01395553426
0.03705481146	0.00786354551	-0.01394005268
0.03707085934	0.00778754053	-0.01392314899
0.03708734401	0.00770865191	-0.01390385730
0.03710395160	0.00762831409	-0.01388293299
0.03712080144	0.00754589294	-0.01386001009
0.03713794406	0.00746106637	-0.01383485875
0.03715534823	0.00737390654	-0.01380746332
0.03717292359	0.00728478909	-0.01377800539
0.03719072842	0.00719333855	-0.01374622851
0.03720875030	0.00709952823	-0.01371206412
0.03722697599	0.00700333195	-0.01367544197
0.03724539150	0.00690472391	-0.01363629033
0.03726398174	0.00680368027	-0.01359453362
0.03728273084	0.00670017768	-0.01355009499
0.03730168926	0.00659381362	-0.01350263543
0.03732073118	0.00648516957	-0.01345244952
0.03733986291	0.00637409114	-0.01339938012
0.03735913992	0.00626011694	-0.01334303558
0.03737849032	0.00614352189	-0.01328348973
0.03739785474	0.00602452163	-0.01322081292
0.03741731465	0.00590245410	-0.01315443693
0.03743673039	0.00577802887	-0.01308474405
0.03745613053	0.00565090135	-0.01301139844
0.03747553996	0.00552071593	-0.01293399717
0.03749481550	0.00538824744	-0.01285297715
0.03751399788	0.00525303371	-0.01276788723
0.03753305237	0.00511511289	-0.01267860762
0.03755194361	0.00497452821	-0.01258501721
0.03757063579	0.00483132761	-0.01248699455
0.03758909279	0.00468556325	-0.01238441886
0.03760727827	0.00453729223	-0.01227716964
0.03762515571	0.00438657703	-0.01216512669
0.03764268861	0.00423348490	-0.01204817125
0.03765984065	0.00407808804	-0.01192618631
0.03767659518	0.00392027746	-0.01179888565
0.03769290525	0.00376022527	-0.01166620044
0.03770870061	0.00359837435	-0.01152834830
0.03772401994	0.00343405289	-0.01138451234
0.03773874146	0.00326830122	-0.01123543448
0.03775291791	0.00310025627	-0.01108010789
0.03776643907	0.00293095209	-0.01091928639
0.03777933025	0.00275981987	-0.01075223929
0.03779154181	0.00258723168	-0.01057908132
0.03780303637	0.00241347078	-0.01039989550
0.03781380144	0.00223848622	-0.01021443301
0.03782381222	0.00206243285	-0.01002263367
0.03783304757	0.00188544738	-0.00982442227
0.03784148659	0.00170771558	-0.00961978489
0.03784911074	0.00152944951	-0.00940875667
0.03785590953	0.00135074568	-0.00919125237
0.03786187394	0.00117170882	-0.00896719024
0.03786699333	0.00099258067	-0.00873665509
0.03787126317	0.00081352676	-0.00849966628
0.03787468238	0.00063469283	-0.00825623412
0.03787725235	0.00045623948	-0.00800639664
0.03787897748	0.00027832506	-0.00775019794
0.03787986558	0.00010091442	-0.00748741490
0.03787992493	-0.00007541641	-0.00721865214
0.03787917018	-0.00025073201	-0.00694375448
0.03787761502	-0.00042506522	-0.00666253009
0.03787528082	-0.00059791545	-0.00637554753
0.03787218787	-0.00076927647	-0.00608277675
0.03786835472	-0.00093920760	-0.00578402611
0.03786381710	-0.00110713808	-0.00548006427
0.03785859103	-0.00127337557	-0.00517041535
0.03785271658	-0.00143744468	-0.00485574184
0.03784621797	-0.00159943275	-0.00453593002
0.03783913077	-0.00175914266	-0.00421126562
0.03783149105	-0.00191642507	-0.00388202912
0.03782332745	-0.00207130415	-0.00354820575
0.03781468758	-0.00222346642	-0.00321038176
0.03780559158	-0.00237310885	-0.00286828896
0.03779609826	-0.00251979286	-0.00252277954
0.03778621939	-0.00266383631	-0.00217340443
0.03777601940	-0.00280477423	-0.00182109905
0.03776551356	-0.00294285325	-0.00146560140
0.03775475134	-0.00307784850	-0.00110744636
0.03774376891	-0.00320972099	-0.00074692488
0.03773258753	-0.00333859824	-0.00038395243
0.03772126581	-0.00346417459	-0.00001932754
0.03770982210	-0.00358660249	0.00034696897
0.03769828403	-0.00370591166	0.00071481718
0.03768670210	-0.00382189546	0.00108354246
0.03767509442	-0.00393467414	0.00145307504
0.03766349013	-0.00404424418	0.00182313420
0.03765191389	-0.00415063615	0.00219353024
0.03764040096	-0.00425377659	0.00256380729
0.03762897165	-0.00435372167	0.00293374946
0.03761764755	-0.00445050478	0.00330310691
0.03760644990	-0.00454415297	0.00367160848
0.03759539872	-0.00463469472	0.00403898819
0.03758451214	-0.00472216550	0.00440498400
0.03757380655	-0.00480660599	0.00476933897
0.03756329168	-0.00488809962	0.00513192971
0.03755299213	-0.00496660666	0.00549230918
0.03754291446	-0.00504221913	0.00585030323
0.03753306533	-0.00511501777	0.00620574656
0.03752345081	-0.00518507852	0.00655853688
0.03751409490	-0.00525234078	0.00690810314
0.03750497996	-0.00531703658	0.00725473345
0.03749613703	-0.00537904340	0.00759771073
0.03748754276	-0.00543861544	0.00793740435
0.03747922546	-0.00549564002	0.00827315612
0.03747117220	-0.00555028414	0.00860502643
0.03746338157	-0.00560262807	0.00893295619
0.03745586196	-0.00565268119	0.00925665405
0.03744861077	-0.00570052205	0.00957599018
0.03744162348	-0.00574623627	0.00989088698
0.03743489817	-0.00578988764	0.01020122448
0.03742843204	-0.00583154136	0.01050689211
0.03742222148	-0.00587126384	0.01080778858
0.03741625955	-0.00590913880	0.01110391237
0.03741054684	-0.00594519852	0.01139509559
0.03740507917	-0.00597950270	0.01168120875
0.03739984430	-0.00601215822	0.01196232547
0.03739483765	-0.00604322075	0.01223843255
0.03739006244	-0.00607269548	0.01250923950
0.03738549699	-0.00610073888	0.01277508955
0.03738115145	-0.00612730906	0.01303558781
0.03737700893	-0.00615252822	0.01329090450
0.03737306048	-0.00617646747	0.01354115930
0.03736931189	-0.00619910710	0.01378605051
0.03736574681	-0.00622055990	0.01402575917
0.03736235960	-0.00624087214	0.01426029209
0.03735914438	-0.00626009033	0.01448966214
0.03735609502	-0.00627826130	0.01471388788
0.03735320531	-0.00629543111	0.01493299349
0.03735046896	-0.00631164548	0.01514700831
0.03734787954	-0.00632694980	0.01535596657
0.03734543047	-0.00634138970	0.01555990702
0.03734311525	-0.00635500934	0.01575887278
0.03734092370	-0.00636787387	0.01595309044
0.03733886014	-0.00637996267	0.01614234414
0.03733691439	-0.00639133977	0.01632672601
0.03733507105	-0.00640209882	0.01650667136
0.03733334469	-0.00641215834	0.01668164800
0.03733170967	-0.00642167060	0.01685230704
0.03733017898	-0.00643056274	0.01701817650
0.03732872833	-0.00643897830	0.01717995430
0.03732737484	-0.00644681995	0.01733705744
0.03732609824	-0.00645420714	0.01748995963
0.03732489555	-0.00646115871	0.01763880738
0.03732377277	-0.00646764145	0.01778333592
0.03732271740	-0.00647372891	0.01792383307
0.03732172631	-0.00647944022	0.01806037624
0.03732079546	-0.00648479965	0.01819310060
0.03731992462	-0.00648980941	0.01832200346
0.03731911084	-0.00649448738	0.01844712372
0.03731834866	-0.00649886557	0.01856860276
0.03731763534	-0.00650296033	0.01868651917
0.03731696807	-0.00650678828	0.01880095125
0.03731634428	-0.00651036480	0.01891197701
0.03731576131	-0.00651370539	0.01901967399
0.03731521527	-0.00651683278	0.01912421179
0.03731470719	-0.00651974137	0.01922556111
0.03731423477	-0.00652244462	0.01932376699
0.03731379415	-0.00652496483	0.01941894832
0.03731338311	-0.00652731499	0.01951117887
0.03731299772	-0.00652951769	0.01960065345
0.03731263824	-0.00653157161	0.01968743312
0.03731230879	-0.00653345336	0.01977128410
0.03731200121	-0.00653520972	0.01985246954
0.03731171961	-0.00653681726	0.01993062986
0.03731129848	-0.00653922060	0.02002046148
0.03731255572	-0.00653204301	0.02011003032
0.03731547110	-0.00651536771	0.02019828625
0.03731999790	-0.00648938799	0.02028419456
0.03732606400	-0.00645440516	0.02036674804
0.03733357365	-0.00641082510	0.02044497885
0.03734240971	-0.00635915380	0.02051796978
0.03735243640	-0.00629999168	0.02058486509
0.03736350238	-0.00623402677	0.02064488049
0.03737544412	-0.00616202700	0.02069731235
0.03738808937	-0.00608483142	0.02074154597
0.03740126069	-0.00600334064	0.02077706274
0.03741477892	-0.00591850645	0.02080344626
0.03742846640	-0.00583132086	0.02082038721
0.03716060862	0.00991265689	-0.01296838716
0.03718600389	0.00981696057	-0.01315582651
0.03719964342	0.00976514870	-0.01323008031
0.03721136407	0.00972039012	-0.01328602083
0.03722241201	0.00967799795	-0.01333210459
0.03723294092	0.00963741200	-0.01337206700
0.03724319430	0.00959771215	-0.01340757047
0.03725346827	0.00955775611	-0.01343931882
0.03726349119	0.00951860410	-0.01346852754
0.03727358730	0.00947899203	-0.01349520545
0.03728380741	0.00943871310	-0.01351962339
0.03729394486	0.00939857845	-0.01354241501
0.03730418486	0.00935785189	-0.01356349077
0.03731465807	0.00931600201	-0.01358277088
0.03732520054	0.00927367266	-0.01360065874
0.03733583721	0.00923075617	-0.01361722072
0.03734663969	0.00918695292	-0.01363241179
0.03735761831	0.00914220729	-0.01364627020
0.03736878214	0.00909646754	-0.01365882430
0.03738013899	0.00904968559	-0.01367009294
0.03739170553	0.00900177524	-0.01368006785
0.03740346608	0.00895278310	-0.01368879607
0.03741541835	0.00890270014	-0.01369629632
0.03742761839	0.00885127008	-0.01370246244
0.03744003207	0.00879861345	-0.01370735836
0.03745266576	0.00874467993	-0.01371096761
0.03746552654	0.00868941429	-0.01371326940
0.03747861709	0.00863277828	-0.01371424498
0.03749193995	0.00857473256	-0.01371387535
0.03750552400	0.00851512004	-0.01371207666
0.03751946879	0.00845346450	-0.01370858612
0.03753351518	0.00839087828	-0.01370395269
0.03754781274	0.00832666550	-0.01369783635
0.03756255483	0.00825990766	-0.01368972673
0.03757732798	0.00819243685	-0.01368055042
0.03759253361	0.00812237754	-0.01366932642
0.03760786508	0.00805109212	-0.01365673844
0.03762359122	0.00797727922	-0.01364207439
0.03763941826	0.00790226505	-0.01362601884
0.03765568102	0.00782440330	-0.01360765237
0.03767207472	0.00774508790	-0.01358769160
0.03768871570	0.00766370072	-0.01356578772
0.03770565355	0.00757992680	-0.01354172060
0.03772285834	0.00749383472	-0.01351547354
0.03774024240	0.00740578852	-0.01348721778
0.03775786291	0.00731542126	-0.01345670794
0.03777570818	0.00722270530	-0.01342387705
0.03779376571	0.00712761344	-0.01338865640
0.03781202229	0.00703011882	-0.01335097586
0.03783046361	0.00693019645	-0.01331076150
0.03784907462	0.00682782179	-0.01326793810
0.03786790512	0.00672260082	-0.01322218065
0.03788683254	0.00661509791	-0.01317376699
0.03790586342	0.00650516091	-0.01312254550
0.03792505257	0.00639233819	-0.01306814086
0.03794433006	0.00627689541	-0.01301062021
0.03796363810	0.00615904072	-0.01295004808
0.03798305712	0.00603812651	-0.01288588037
0.03800245046	0.00591484224	-0.01281847785
0.03802184659	0.00578884980	-0.01274751795
0.03804127057	0.00565979977	-0.01267261314
0.03806058184	0.00552844554	-0.01259417605
0.03807982092	0.00539433396	-0.01251177378
0.03809895402	0.00525749967	-0.01242528842
0.03811794666	0.00511798223	-0.01233460062
0.03813676386	0.00497582578	-0.01223959069
0.03815537026	0.00483107859	-0.01214013946
0.03817373019	0.00468379373	-0.01203612801
0.03819180771	0.00453402953	-0.01192743758
0.03820956686	0.00438184899	-0.01181395078
0.03822697171	0.00422731996	-0.01169555183
0.03824400593	0.00407033301	-0.01157196344
0.03826062286	0.00391105337	-0.01144311520
0.03827675224	0.00374991178	-0.01130921058
0.03829243302	0.00358624779	-0.01116946593
0.03830754276	0.00342107694	-0.01102458446
0.03832213465	0.00325355131	-0.01087360143
0.03833609714	0.00308468088	-0.01071723145
0.03834945571	0.00291390577	-0.01055477356
0.03836215971	0.00274158759	-0.01038633251
0.03837417058	0.00256800160	-0.01021198370
0.03838547505	0.00239309537	-0.01003148588
0.03839604706	0.00221701822	-0.00984477772
0.03840586414	0.00203990181	-0.00965178363
0.03841490376	0.00186192612	-0.00945248676
0.03842314550	0.00168329740	-0.00924691749
0.03843057712	0.00150410845	-0.00903499144
0.03843718779	0.00132446018	-0.00881662758
0.03844296447	0.00114458851	-0.00859190426
0.03844790035	0.00096465480	-0.00836083769
0.03845199198	0.00078480116	-0.00812343579
0.03845523829	0.00060518458	-0.00787973319
0.03845764109	0.00042596010	-0.00762977059
0.03845920625	0.00024709161	-0.00737333314
0.03845993784	0.00006914692	-0.00711099791
0.03845984854	-0.00010793756	-0.00684261664
0.03845894997	-0.00028419510	-0.00656800531
0.03845725938	-0.00045913093	-0.00628770754
0.03845479479	-0.00063273808	-0.00600169566
0.03845157284	-0.00080507536	-0.00570978680
0.03844762477	-0.00097557653	-0.00541271745
0.03844296575	-0.00114454540	-0.00511003415
0.03843763186	-0.00131150944	-0.00480237240
0.03843164568	-0.00147655342	-0.00448962603
0.03842504008	-0.00163948009	-0.00417207082
0.03841784873	-0.00180013861	-0.00384997845
0.03841009865	-0.00195855086	-0.00352333795
0.03840183465	-0.00211440192	-0.00319271443
0.03839307615	-0.00226788523	-0.00285785493
0.03838387900	-0.00241856014	-0.00251958001
0.03837425496	-0.00256674037	-0.00217746415
0.03836426571	-0.00271195804	-0.00183240808
0.03835392662	-0.00285445495	-0.00148416647
0.03834328558	-0.00299400246	-0.00113325683
0.03833237818	-0.00313055631	-0.00077996409
0.03832122568	-0.00326423998	-0.00042421287
0.03830988550	-0.00339474193	-0.00006677458
0.03829837652	-0.00352220894	0.00029236223
0.03828672649	-0.00364666625	0.00065307661
0.03827498565	-0.00376790040	0.00101471514
0.03826317296	-0.00388602556	0.00137720358
0.03825131817	-0.00400103215	0.00174026586
0.03823944667	-0.00411294524	0.00210371336
0.03822759450	-0.00422168437	0.00246710183
0.03821578315	-0.00432729916	0.00283021678
0.03820403546	-0.00442981655	0.00319281137
0.03819237399	-0.00452925698	0.00355461823
0.03818082021	-0.00462564242	0.00391537504
0.03816939380	-0.00471900170	0.00427482325
0.03815811278	-0.00480936892	0.00463270917
0.03814698853	-0.00489682205	0.00498890760
0.03813604743	-0.00498131372	0.00534298269
0.03812529797	-0.00506292948	0.00569476009
0.03811474868	-0.00514174417	0.00604407440
0.03810440736	-0.00521782906	0.00639082139
0.03809430022	-0.00529111434	0.00673444609
0.03808441120	-0.00536183025	0.00707521915
0.03807477370	-0.00542984414	0.00741244583
0.03806536582	-0.00549540944	0.00774647522
0.03805621820	-0.00555840411	0.00807666971
0.03804731970	-0.00561899131	0.00840308142
0.03803867057	-0.00567724768	0.00872564886
0.03803028116	-0.00573317666	0.00904408737
0.03802215070	-0.00578685202	0.00935826734
0.03801427635	-0.00583835537	0.00966810968
0.03800665787	-0.00588774636	0.00997349499
0.03799929410	-0.00593508620	0.01027431302
0.03799218298	-0.00598043749	0.01057046271
0.03798531889	-0.00602388157	0.01086193931
0.03797870400	-0.00606544662	0.01114857835
0.03797233567	-0.00610518825	0.01143025207
0.03796620271	-0.00614321187	0.01170702843
0.03796030160	-0.00617957141	0.01197889264
0.03795463730	-0.00621426642	0.01224556276
0.03794918835	-0.00624745579	0.01250736705
0.03794396675	-0.00627909128	0.01276392390
0.03793895616	-0.00630929516	0.01301539512
0.03793414812	-0.00633813906	0.01326189488
0.03792954997	-0.00636559810	0.01350313169
0.03792514569	-0.00639178569	0.01373927844
0.03792093031	-0.00641674716	0.01397034097
0.03791689857	-0.00644052817	0.01419633110
0.03791304486	-0.00646317485	0.01441726629
0.03790936352	-0.00648473266	0.01463316951
0.03790584867	-0.00650524687	0.01484406887
0.03790249430	-0.00652476251	0.01504999728
0.03789929417	-0.00654332496	0.01525099211
0.03789624209	-0.00656097824	0.01544709509
0.03789332755	-0.00657779043	0.01563852507
0.03789055590	-0.00659373743	0.01582507474
0.03788791705	-0.00660888354	0.01600683302
0.03788539449	-0.00662332880	0.01618422028
0.03788300476	-0.00663698350	0.01635672465
0.03788072042	-0.00665000904	0.01652497413
0.03787855622	-0.00666232530	0.01668851501
0.03787648578	-0.00667408610	0.01684802085
0.03787452835	-0.00668518529	0.01700293114
0.03787266228	-0.00669574881	0.01715370309
0.03787088422	-0.00670579810	0.01730047954
0.03786920124	-0.00671529578	0.01744300657
0.03786759999	-0.00672431936	0.01758156260
0.03786607720	-0.00673288924	0.01771622366
0.03786462846	-0.00674103194	0.01784712159
0.03786325365	-0.00674874975	0.01797425529
0.03786194976	-0.00675606103	0.01809766362
0.03786071092	-0.00676299998	0.01821748423
0.03785953419	-0.00676958428	0.01833379439
0.03785841654	-0.00677583186	0.01844667108
0.03785735515	-0.00678175942	0.01855619102
0.03785634717	-0.00678738380	0.01866243045
0.03785538811	-0.00679273073	0.01876555453
0.03785447916	-0.00679779430	0.01886553656
0.03785361789	-0.00680258870	0.01896242137
0.03785280002	-0.00680713819	0.01905632502
0.03785202310	-0.00681145705	0.01914732008
0.03785128250	-0.00681557139	0.01923559602
0.03785057826	-0.00681948129	0.01932121341
0.03784991540	-0.00682315938	0.01940394803
0.03784928479	-0.00682665667	0.01948405484
0.03784869187	-0.00682994316	0.01956118786
0.03784792356	-0.00683419946	0.01964918793
0.03784884985	-0.00682906763	0.01973713976
0.03785145610	-0.00681460717	0.01982401220
0.03785570120	-0.00679098571	0.01990878676
0.03786151854	-0.00675847718	0.01999046951
0.03786881762	-0.00671745874	0.02006810282
0.03787748610	-0.00666840659	0.02014077649
0.03788739239	-0.00661189062	0.02020763850
0.03789838859	-0.00654856799	0.02026790495
0.03791031367	-0.00647917569	0.02032086928
0.03792299691	-0.00640452223	0.02036591052
0.03793626133	-0.00632547834	0.02040250060
0.03794992705	-0.00624296698	0.02043021054
0.03796381459	-0.00615795275	0.02044871548
0.03773210780	0.00998142982	-0.01268406462
0.03775651145	0.00988871798	-0.01286856570
0.03776968537	0.00983828068	-0.01294173065
0.03778102938	0.00979462706	-0.01299687783
0.03779173707	0.00975323071	-0.01304234189
0.03780195367	0.00971355748	-0.01308178625
0.03781191246	0.00967471842	-0.01311684915
0.03782189831	0.00963560625	-0.01314823335
0.03783164865	0.00959725277	-0.01317711559
0.03784147598	0.00955843061	-0.01320351968
0.03785142925	0.00951893923	-0.01322771319
0.03786130885	0.00947956708	-0.01325030616
0.03787129353	0.00943959885	-0.01327121974
0.03788150949	0.00939851789	-0.01329038231
0.03789179850	0.00935694963	-0.01330818054
0.03790218468	0.00931478915	-0.01332468045
0.03791273727	0.00927174484	-0.01333984144
0.03792346642	0.00922776217	-0.01335370145
0.03793438101	0.00918279030	-0.01336628867
0.03794548875	0.00913678191	-0.01337762191
0.03795680593	0.00908965256	-0.01338769395
0.03796831756	0.00904144686	-0.01339654996
0.03798002162	0.00899215536	-0.01340420811
0.03799197249	0.00894152817	-0.01341056756
0.03800413741	0.00888968164	-0.01341568903
0.03801652273	0.00883656605	-0.01341955678
0.03802913551	0.00878212686	-0.01342215087
0.03804197859	0.00872632598	-0.01342345316
0.03805505465	0.00866912429	-0.01342344522
0.03806839190	0.00861036806	-0.01342204681
0.03808208710	0.00854959311	-0.01341900705
0.03809588942	0.00848788014	-0.01341484757
0.03810994400	0.00842455150	-0.01340924467
0.03812443866	0.00835871265	-0.01340171154
0.03813897274	0.00829214435	-0.01339312895
0.03815393585	0.00822302129	-0.01338256283
0.03816903082	0.00815266742	-0.01337066265
0.03818451886	0.00807981557	-0.01335674978
0.03820011508	0.00800575468	-0.01334147464
0.03821614495	0.00792888172	-0.01332396106
0.03823231278	0.00785055152	-0.01330488959
0.03824873190	0.00777016138	-0.01328392744
0.03826545086	0.00768740335	-0.01326086355
0.03828244098	0.00760234256	-0.01323568032
0.03829961732	0.00751533188	-0.01320853933
0.03831703584	0.00742601267	-0.01317920561
0.03833468555	0.00733435641	-0.01314761364
0.03835255466	0.00724033498	-0.01311369623
0.03837063068	0.00714392057	-0.01307738479
0.03838890005	0.00704508712	-0.01303860696
0.03840734847	0.00694380900	-0.01299728911
0.03842602500	0.00683970049	-0.01295311931
0.03844481035	0.00673330950	-0.01290635988
0.03846371126	0.00662448607	-0.01285686438
0.03848278174	0.00651278817	-0.01280427277
0.03850195384	0.00639847253	-0.01274864608
0.03852117133	0.00628174014	-0.01269004342
0.03854051348	0.00616195754	-0.01262794328
0.03855984673	0.00603979474	-0.01256268645
0.03857919933	0.00591492003	-0.01249396277
0.03859859641	0.00578699018	-0.01242139925
0.03861790022	0.00565673779	-0.01234538587
0.03863715093	0.00552371866	-0.01226550690
0.03865631569	0.00538796412	-0.01218164625
0.03867536091	0.00524951032	-0.01209368635
0.03869425243	0.00510839785	-0.01200150922
0.03871295569	0.00496467134	-0.01190499732
0.03873143573	0.00481838008	-0.01180403331
0.03874965724	0.00466957852	-0.01169849988
0.03876758483	0.00451832566	-0.01158828104
0.03878518302	0.00436468531	-0.01147326224
0.03880243582	0.00420854776	-0.01135317470
0.03881929699	0.00405007177	-0.01122794663
0.03883569645	0.00388967621	-0.01109776836
0.03885167327	0.00372671219	-0.01096188752
0.03886710484	0.00356217091	-0.01082097112
0.03888204448	0.00339521970	-0.01067409403
0.03889637993	0.00322684489	-0.01052193420
0.03891013664	0.00305649577	-0.01036381867
0.03892326326	0.00288452378	-0.01019984296
0.03893572028	0.00271119643	-0.01003007537
0.03894749376	0.00253646008	-0.00985428195
0.03895855663	0.00236045877	-0.00967240034
0.03896888524	0.00218331935	-0.00948435471
0.03897845569	0.00200521630	-0.00929012558
0.03898724593	0.00182635018	-0.00908973897
0.03899524222	0.00164681033	-0.00888311134
0.03900243209	0.00146669405	-0.00867016251
0.03900880040	0.00128623157	-0.00845096478
0.03901433829	0.00110558021	-0.00822553152
0.03901904022	0.00092487858	-0.00799386845
0.03902290285	0.00074428015	-0.00775600708
0.03902592568	0.00056393673	-0.00751198497
0.03902811280	0.00038381147	-0.00726159513
0.03902946444	0.00020446375	-0.00700538871
0.03902999145	0.00002583104	-0.00674322405
0.03902970355	-0.00015212015	-0.00647492450
0.03902861417	-0.00032890121	-0.00620101021
0.03902673923	-0.00050450442	-0.00592145576
0.03902409353	-0.00067898786	-0.00563608659
0.03902070416	-0.00085179046	-0.00534560886
0.03901658542	-0.00102321176	-0.00504959022
0.03901176963	-0.00119278266	-0.00474864073
0.03900627780	-0.00136058531	-0.00444266132
0.03900014018	-0.00152642257	-0.00413191834
0.03899338814	-0.00169014241	-0.00381667514
0.03898604710	-0.00185176446	-0.00349692430
0.03897815911	-0.00201097294	-0.00317321086
0.03896974288	-0.00216795756	-0.00284529628
0.03896085127	-0.00232227652	-0.00251397107
0.03895149601	-0.00247423896	-0.00217883195
0.03894173600	-0.00262337512	-0.00184074675
0.03893158657	-0.00276992181	-0.00149948583
0.03892109402	-0.00291364720	-0.00115555016
0.03891029319	-0.00305450218	-0.00080921884
0.03889920521	-0.00319260610	-0.00046042510
0.03888788622	-0.00332764258	-0.00010991453
0.03887635543	-0.00345975271	0.00024231712
0.03886464054	-0.00358895745	0.00059614804
0.03885279137	-0.00371503740	0.00095094505
0.03884082752	-0.00383810079	0.00130662982
0.03882877912	-0.00395813236	0.00166293081
0.03881667215	-0.00407515194	0.00201966055
0.03880454316	-0.00418907272	0.00237638597
0.03879241463	-0.00429993806	0.00273289408
0.03878031039	-0.00440776883	0.00308894098
0.03876825413	-0.00451257926	0.00344426309
0.03875626852	-0.00461438516	0.00379860173
0.03874437455	-0.00471320916	0.00415170178
0.03873259168	-0.00480907909	0.00450331280
0.03872093274	-0.00490206771	0.00485330802
0.03870942562	-0.00499212059	0.00520126236
0.03869808054	-0.00507931716	0.00554700148
0.03868690771	-0.00516372655	0.00589036001
0.03867591648	-0.00524541554	0.00623123201
0.03866513501	-0.00532430599	0.00656907795
0.03865454876	-0.00540062591	0.00690415202
0.03864419318	-0.00547423361	0.00723578088
0.03863404777	-0.00554538120	0.00756429445
0.03862414526	-0.00561393830	0.00788907483
0.03861447618	-0.00568006418	0.00821016644
0.03860504235	-0.00574383194	0.00852750558
0.03859585592	-0.00580523954	0.00884081411
0.03858691782	-0.00586435618	0.00914996273
0.03857822682	-0.00592125964	0.00945487109
0.03856978424	-0.00597600564	0.00975542037
0.03856159048	-0.00602865159	0.01005150081
0.03855364497	-0.00607925647	0.01034301162
0.03854594338	-0.00612789926	0.01062994507
0.03853848935	-0.00617460435	0.01091214003
0.03853128172	-0.00621942353	0.01118947051
0.03852431033	-0.00626246064	0.01146199914
0.03851757275	-0.00630376788	0.01172970965
0.03851107556	-0.00634333976	0.01199232841
0.03850479760	-0.00638133700	0.01225016939
0.03849875262	-0.00641770573	0.01250286373
0.03849292487	-0.00645256807	0.01275056532
0.03848730643	-0.00648599599	0.01299338307
0.03848190611	-0.00651795999	0.01323103530
0.03847670828	-0.00654857390	0.01346368716
0.03847170866	-0.00657788208	0.01369134362
0.03846690261	-0.00660592941	0.01391401555
0.03846228513	-0.00663276132	0.01413171934
0.03845785105	-0.00665842269	0.01434447687
0.03845359499	-0.00668295836	0.01455231508
0.03844951137	-0.00670641298	0.01475526566
0.03844559434	-0.00672883167	0.01495336467
0.03844183805	-0.00675025833	0.01514665254
0.03843823176	-0.00677076358	0.01533534071
0.03843478178	-0.00679032027	0.01551923008
0.03843147818	-0.00680899297	0.01569840649
0.03842830351	-0.00682688725	0.01587327604
0.03842527614	-0.00684390632	0.01604334628
0.03842236703	-0.00686021950	0.01620922312
0.03841959258	-0.00687574039	0.01637047032
0.03841692456	-0.00689063186	0.01652773813
0.03841438418	-0.00690478006	0.01668048755
0.03841194860	-0.00691831662	0.01682915999
0.03840961416	-0.00693126540	0.01697389477
0.03840738891	-0.00694358534	0.01711444837
0.03840525878	-0.00695535752	0.01725109016
0.03840322038	-0.00696660348	0.01738389487
0.03840126901	-0.00697735180	0.01751299110
0.03839940465	-0.00698760492	0.01763837929
0.03839762427	-0.00699738168	0.01776009821
0.03839592165	-0.00700671826	0.01787828196
0.03839429366	-0.00701563357	0.01799300652
0.03839273710	-0.00702414677	0.01810434757
0.03839124896	-0.00703227581	0.01821238058
0.03838982618	-0.00704003877	0.01831718052
0.03838846376	-0.00704746408	0.01841890827
0.03838716303	-0.00705454568	0.01851753962
0.03838592144	-0.00706129842	0.01861311918
0.03838473437	-0.00706774838	0.01870576024
0.03838359914	-0.00707391104	0.01879553424
0.03838251047	-0.00707981569	0.01888262551
0.03838146823	-0.00708546376	0.01896709409
0.03838047824	-0.00709082438	0.01904872492
0.03837953048	-0.00709595236	0.01912776512
0.03837863168	-0.00710081193	0.01920388176
0.03837752787	-0.00710677524	0.01929008251
0.03837812696	-0.00710353934	0.01937643364
0.03838041960	-0.00709114175	0.01946192278
0.03838437015	-0.00706972620	0.01954554763
0.03838991745	-0.00703954103	0.01962632777
0.03839697630	-0.00700093646	0.01970331613
0.03840543931	-0.00695436062	0.01977561009
0.03841517938	-0.00690035458	0.01984236207
0.03842605245	-0.00683954625	0.01990278946
0.03843790061	-0.00677264325	0.01995618382
0.03845055534	-0.00670042493	0.02000191913
0.03846384088	-0.00662373344	0.02003945919
0.03847757760	-0.00654346410	0.02006836389
0.03849158516	-0.00646055504	0.02008829433
0.03831548164	0.01004370285	-0.01240321511
0.03833891347	0.00995388435	-0.01258473825
0.03835162797	0.00990478331	-0.01265679247
0.03836259915	0.00986220494	-0.01271112754
0.03837296911	0.00982177896	-0.01275595378
0.03838287499	0.00978299582	-0.01279486276
0.03839254012	0.00974499684	-0.01282946810
0.03840223817	0.00970670920	-0.01286047070
0.03841171574	0.00966913616	-0.01288900958
0.03842127365	0.00963108672	-0.01291512255
0.03843095896	0.00959236643	-0.01293907380
0.03844057922	0.00955374109	-0.01296145052
0.03845030668	0.00951451606	-0.01298218395
0.03846026307	0.00947418937	-0.01300121022
0.03847029591	0.00943336806	-0.01301889987
0.03848042849	0.00939194990	-0.01303531846
0.03849072773	0.00934965126	-0.01305042965
0.03850120351	0.00930641865	-0.01306427102
0.03851186456	0.00926220214	-0.01307687054
0.03852271847	0.00921695512	-0.01308824700
0.03853378114	0.00917059492	-0.01309839415
0.03854503827	0.00912316418	-0.01310735538
0.03855648808	0.00907465300	-0.01311514828
0.03856818330	0.00902481784	-0.01312167713
0.03858009247	0.00897377094	-0.01312699960
0.03859222195	0.00892146315	-0.01313110060
0.03860457878	0.00886784062	-0.01313396104
0.03861716590	0.00881286547	-0.01313556334
0.03862998615	0.00875649874	-0.01313588967
0.03864306704	0.00869859012	-0.01313486324
0.03865650242	0.00863868745	-0.01313224465
0.03867004995	0.00857783988	-0.01312852927
0.03868385023	0.00851538794	-0.01312340909
0.03869808534	0.00845046101	-0.01311641999
0.03871236777	0.00838478871	-0.01310839866
0.03872707495	0.00831659581	-0.01309845625
0.03874191943	0.00824716794	-0.01308720926
0.03875715452	0.00817527210	-0.01307401132
0.03877250446	0.00810216005	-0.01305947996
0.03878828506	0.00802627198	-0.01304278070
0.03880420997	0.00794892374	-0.01302455941
0.03882038933	0.00786952807	-0.01300449872
0.03883687063	0.00778778402	-0.01298239636
0.03885362639	0.00770375337	-0.01295823388
0.03887057448	0.00761777784	-0.01293216362
0.03888776957	0.00752950713	-0.01290396062
0.03890520132	0.00743891189	-0.01287356086
0.03892285865	0.00734596313	-0.01284089865
0.03894072975	0.00725063214	-0.01280590689
0.03895880181	0.00715289185	-0.01276851480
0.03897706124	0.00705271560	-0.01272865033
0.03899555625	0.00694972608	-0.01268601423
0.03901417100	0.00684445475	-0.01264085391
0.03903291235	0.00673675391	-0.01259302798
0.03905183337	0.00662619124	-0.01254219119
0.03907086818	0.00651301462	-0.01248839874
0.03908996219	0.00639741792	-0.01243170458
0.03910919325	0.00627878200	-0.01237160910
0.03912843114	0.00615775742	-0.01230843385
0.03914770382	0.00603401901	-0.01224188075
0.03916703633	0.00590722989	-0.01217159092
0.03918629402	0.00577810186	-0.01209793255
0.03920551655	0.00564619981	-0.01202050658
0.03922467202	0.00551155193	-0.01193919877
0.03924372779	0.00537419105	-0.01185389338
0.03926265055	0.00523415432	-0.01176447416
0.03928140657	0.00509148284	-0.01167082529
0.03929996165	0.00494622227	-0.01157283100
0.03931828117	0.00479842327	-0.01147037553
0.03933633035	0.00464814101	-0.01136334432
0.03935407427	0.00449543529	-0.01125162414
0.03937149724	0.00434019640	-0.01113495456
0.03938855357	0.00418257668	-0.01101326257
0.03940517360	0.00402298316	-0.01088672585
0.03942139630	0.00386077889	-0.01075462251
0.03943709935	0.00369693048	-0.01061758454
0.03945233599	0.00353062108	-0.01047472533
0.03946699366	0.00336281304	-0.01032668742
0.03948109767	0.00319296524	-0.01017282508
0.03949459618	0.00302141896	-0.01001322503
0.03950744897	0.00284843398	-0.00984794878
0.03951964146	0.00267395561	-0.00967676953
0.03953114573	0.00249812272	-0.00949962405
0.03954193714	0.00232105743	-0.00931643642
0.03955199055	0.00214292874	-0.00912718467
0.03956128250	0.00196393158	-0.00893189065
0.03956979785	0.00178415187	-0.00873047180
0.03957752266	0.00160368338	-0.00852284878
0.03958443988	0.00142275065	-0.00830908815
0.03959053878	0.00124150694	-0.00808920056
0.03959581183	0.00106008736	-0.00786318965
0.03960025364	0.00087864189	-0.00763108400
0.03960386151	0.00069731902	-0.00739291814
0.03960663783	0.00051608141	-0.00714849281
0.03960857929	0.00033547949	-0.00689833397
0.03960969496	0.00015545194	-0.00664230640
0.03960999271	-0.00002403478	-0.00638024068
0.03960948238	-0.00020249869	-0.00611263413
0.03960817785	-0.00037993127	-0.00583946354
0.03960609209	-0.00055638974	-0.00556056244
0.03960324826	-0.00073131881	-0.00527660743
0.03959965973	-0.00090501335	-0.00498718676
0.03959535520	-0.00107700825	-0.00469288565
0.03959035408	-0.00124738292	-0.00439361192
0.03958468406	-0.00141594058	-0.00408962270
0.03957837420	-0.00158252824	-0.00378117317
0.03957144830	-0.00174716322	-0.00346825934
0.03956394568	-0.00190952941	-0.00315140659
0.03955588422	-0.00206981251	-0.00283039041
0.03954731382	-0.00222757032	-0.00250597185
0.03953824606	-0.00238310690	-0.00217776934
0.03952873701	-0.00253595153	-0.00184661844
0.03951880187	-0.00268633563	-0.00151230474
0.03950848521	-0.00283402470	-0.00117531298
0.03949782105	-0.00297896499	-0.00083591642
0.03948683026	-0.00312127153	-0.00049405663
0.03947556754	-0.00326062383	-0.00015045378
0.03946405229	-0.00339715722	0.00019488944
0.03945231207	-0.00353088837	0.00054185047
0.03944039604	-0.00366159254	0.00088981612
0.03942832434	-0.00378937199	0.00123870417
0.03941612730	-0.00391420598	0.00158824767
0.03940383132	-0.00403610919	0.00193826041
0.03939147329	-0.00415498879	0.00228832042
0.03937907651	-0.00427088206	0.00263821631
0.03936666564	-0.00438380388	0.00298770727
0.03935426532	-0.00449376247	0.00333653354
0.03934189925	-0.00460076767	0.00368444017
0.03932958960	-0.00470483602	0.00403117556
0.03931735707	-0.00480598928	0.00437649263
0.03930521582	-0.00490429497	0.00472026318
0.03929319508	-0.00499969202	0.00506207289
0.03928130664	-0.00509225377	0.00540174755
0.03926956229	-0.00518204376	0.00573912199
0.03925797282	-0.00526912421	0.00607408872
0.03924656812	-0.00535340925	0.00640612356
0.03923533517	-0.00543512415	0.00673546460
0.03922431124	-0.00551411895	0.00706145975
0.03921347729	-0.00559064387	0.00738442014
0.03920286788	-0.00566456089	0.00770374744
0.03919247523	-0.00573602521	0.00801947862
0.03918230264	-0.00580510633	0.00833154791
0.03917236398	-0.00587179703	0.00863968370
0.03916266182	-0.00593616201	0.00894375713
0.03915319648	-0.00599827523	0.00924368669
0.03914397082	-0.00605818853	0.00953935429
0.03913498674	-0.00611595562	0.00983065070
0.03912624515	-0.00617163192	0.01011747553
0.03911774297	-0.00622529399	0.01039981819
0.03910948530	-0.00627696258	0.01067752092
0.03910147244	-0.00632668578	0.01095045958
0.03909369529	-0.00637456573	0.01121869162
0.03908615248	-0.00642065293	0.01148219938
0.03907885218	-0.00646493713	0.01174071748
0.03907177366	-0.00650758045	0.01199454588
0.03906493229	-0.00654852389	0.01224332836
0.03905831302	-0.00658788919	0.01248721103
0.03905190850	-0.00662574847	0.01272629766
0.03904572895	-0.00666206807	0.01296031632
0.03903975923	-0.00669696193	0.01318942456
0.03903399578	-0.00673047352	0.01341362653
0.03902843459	-0.00676264690	0.01363293217
0.03902307130	-0.00679352680	0.01384735688
0.03901790129	-0.00682315753	0.01405692148
0.03901291971	-0.00685158345	0.01426165176
0.03900812144	-0.00687884888	0.01446157824
0.03900350105	-0.00690499863	0.01465673573
0.03899905307	-0.00693007645	0.01484716335
0.03899476663	-0.00695415526	0.01503306524
0.03899064897	-0.00697720521	0.01521425041
0.03898669036	-0.00699929102	0.01539080171
0.03898287255	-0.00702052332	0.01556311105
0.03897921562	-0.00704079895	0.01573070528
0.03897568914	-0.00706029436	0.01589416839
0.03897231102	-0.00707891755	0.01605308147
0.03896905142	-0.00709683955	0.01620807166
0.03896593335	-0.00711393969	0.01635862126
0.03896293292	-0.00713035468	0.01650515606
0.03896004623	-0.00714611066	0.01664781185
0.03895728224	-0.00716116335	0.01678635537
0.03895462626	-0.00717559702	0.01692104709
0.03895207483	-0.00718943435	0.01705196039
0.03894962296	-0.00720270584	0.01717922066
0.03894727075	-0.00721541415	0.01730282984
0.03894501518	-0.00722757862	0.01742282661
0.03894284971	-0.00723923727	0.01753934152
0.03894077107	-0.00725041020	0.01765244926
0.03893877590	-0.00726111777	0.01776222420
0.03893686101	-0.00727137913	0.01786874057
0.03893502317	-0.00728121354	0.01797207206
0.03893325691	-0.00729065198	0.01807237528
0.03893156368	-0.00729968832	0.01816962846
0.03892994084	-0.00730833811	0.01826387596
0.03892838346	-0.00731662911	0.01835522835
0.03892688862	-0.00732457799	0.01844375590
0.03892545047	-0.00733221698	0.01852963780
0.03892406868	-0.00733954884	0.01861293357
0.03892274985	-0.00734653959	0.01869343722
0.03892148315	-0.00735324755	0.01877138807
0.03892027648	-0.00735963167	0.01884646615
0.03891884080	-0.00736722000	0.01893084182
0.03891910953	-0.00736580027	0.01901555787
0.03892107852	-0.00735538894	0.01909962109
0.03892471757	-0.00733610673	0.01918204591
0.03892997104	-0.00730817725	0.01926186598
0.03893675915	-0.00727192455	0.01933814548
0.03894497976	-0.00722776948	0.01940999009
0.03895451059	-0.00717622495	0.01947655752
0.03896521191	-0.00711789019	0.01953706731
0.03897692943	-0.00705344398	0.01959081004
0.03898949750	-0.00698363692	0.01963715564
0.03900274234	-0.00690928290	0.01967556073
0.03901648531	-0.00683124979	0.01970557506
0.03903054615	-0.00675044940	0.01972684674
0.03889046782	0.01009771819	-0.01213539822
0.03891298129	0.01001060874	-0.01231401294
0.03892525874	0.00996276229	-0.01238497604
0.03893587419	0.00992119454	-0.01243851081
0.03894592102	0.00988168182	-0.01248270549
0.03895552902	0.00984373703	-0.01252108245
0.03896491205	0.00980652993	-0.01255523113
0.03897433310	0.00976902037	-0.01258584992
0.03898354773	0.00973218405	-0.01261404241
0.03899284548	0.00969486467	-0.01263985900
0.03900227165	0.00965687351	-0.01266356054
0.03901164073	0.00961895461	-0.01268571283
0.03902111867	0.00958043306	-0.01270625634
0.03903082290	0.00954082091	-0.01272513426
0.03904060650	0.00950070755	-0.01274270210
0.03905049201	0.00945999332	-0.01275902498
0.03906054403	0.00941840221	-0.01277407040
0.03907077223	0.00937588170	-0.01278787557
0.03908118515	0.00933238272	-0.01280046826
0.03909179029	0.00928785937	-0.01281186719
0.03910260314	0.00924223065	-0.01282206700
0.03911361008	0.00919553730	-0.01283110942
0.03912480955	0.00914776899	-0.01283901148
0.03913625264	0.00909868832	-0.01284568224
0.03914790918	0.00904840354	-0.01285117649
0.03915978551	0.00899686606	-0.01285547979
0.03917188861	0.00894402273	-0.01285857380
0.03918422155	0.00888983584	-0.01286044150
0.03919678728	0.00883426664	-0.01286106559
0.03920961261	0.00877716807	-0.01286037252
0.03922278853	0.00871809954	-0.01285813357
0.03923608099	0.00865807993	-0.01285481971
0.03924962612	0.00859646725	-0.01285013753
0.03926360036	0.00853241387	-0.01284364399
0.03927762907	0.00846760029	-0.01283613487
0.03929207770	0.00840029941	-0.01282676332
0.03930666831	0.00833176010	-0.01281611525
0.03932164643	0.00826078217	-0.01280357429
0.03933674529	0.00818858171	-0.01278972743
0.03935227107	0.00811364047	-0.01277377895
0.03936794666	0.00803723684	-0.01275634252
0.03938387903	0.00795879844	-0.01273711510
0.03940011454	0.00787803111	-0.01271590268
0.03941662691	0.00779499344	-0.01269268602
0.03943333674	0.00771001644	-0.01266760889
0.03945029737	0.00762275788	-0.01264045572
0.03946749908	0.00753318766	-0.01261116387
0.03948493145	0.00744127601	-0.01257966910
0.03950258331	0.00734699336	-0.01254590576
0.03952044255	0.00725031177	-0.01250980457
0.03953849627	0.00715120361	-0.01247129499
0.03955679174	0.00704929975	-0.01243008967
0.03957521656	0.00694511585	-0.01238642212
0.03959377766	0.00683850644	-0.01234015574
0.03961252711	0.00672904864	-0.01229095913
0.03963140107	0.00661698189	-0.01223888212
0.03965034655	0.00650249323	-0.01218397388
0.03966943991	0.00638497746	-0.01212575531
0.03968855431	0.00626506641	-0.01206453008
0.03970771732	0.00614244133	-0.01200001143
0.03972695381	0.00601677161	-0.01193185374
0.03974613233	0.00588874900	-0.01186040497
0.03976529194	0.00575794729	-0.01178528166
0.03978440169	0.00562439174	-0.01170637138
0.03980342982	0.00548811208	-0.01162356019
0.03982234394	0.00534914228	-0.01153673358
0.03984111111	0.00520752013	-0.01144577738
0.03985969789	0.00506328788	-0.01135057742
0.03987807041	0.00491649269	-0.01125101947
0.03989619452	0.00476718608	-0.01114699040
0.03991403588	0.00461542416	-0.01103837833
0.03993157911	0.00446109735	-0.01092493071
0.03994877914	0.00430435192	-0.01080657353
0.03996556690	0.00414558344	-0.01068347273
0.03998198112	0.00398416690	-0.01055493501
0.03999790014	0.00382104494	-0.01042155974
0.04001337689	0.00365541647	-0.01028249648
0.04002829897	0.00348822042	-0.01013835468
0.04004269140	0.00331892532	-0.00998851423
0.04005650210	0.00314786267	-0.00983305371
0.04006969030	0.00297528478	-0.00967202839
0.04008224091	0.00280113614	-0.00950521826
0.04009412530	0.00262555068	-0.00933255938
0.04010531801	0.00244864608	-0.00915397581
0.04011579288	0.00227058610	-0.00896944338
0.04012552524	0.00209156020	-0.00877898011
0.04013449875	0.00191165114	-0.00858250442
0.04014269814	0.00173094936	-0.00837993786
0.04015010474	0.00154967386	-0.00817134170
0.04015670613	0.00136797399	-0.00795672407
0.04016249305	0.00118598153	-0.00773608677
0.04016745821	0.00100384302	-0.00750945563
0.04017159697	0.00082170380	-0.00727686244
0.04017491016	0.00063952619	-0.00703811524
0.04017739130	0.00045785159	-0.00679371638
0.04017904779	0.00027661993	-0.00654353669
0.04017988580	0.00009579782	-0.00628741362
0.04017991190	-0.00008413961	-0.00602582304
0.04017913805	-0.00026318302	-0.00575874379
0.04017757554	-0.00044138864	-0.00548601709
0.04017524387	-0.00061820736	-0.00520829168
0.04017215549	-0.00079392914	-0.00492517521
0.04016833573	-0.00096809326	-0.00463722951
0.04016380248	-0.00114077636	-0.00434436885
0.04015858099	-0.00131178222	-0.00404684168
0.04015269811	-0.00148095716	-0.00374489542
0.04014617608	-0.00164831621	-0.00343852928
0.04013905156	-0.00181354345	-0.00312825006
0.04013134163	-0.00197682038	-0.00281384640
0.04012309331	-0.00213770518	-0.00249605155
0.04011431794	-0.00229649656	-0.00217450431
0.04010506884	-0.00245272362	-0.00185000972
0.04009536098	-0.00260661235	-0.00152236768
0.04008523723	-0.00275792607	-0.00119204748
0.04007473066	-0.00290660675	-0.00085931681
0.04006386183	-0.00305276512	-0.00052412498
0.04005268392	-0.00319607741	-0.00018716809
0.04004121641	-0.00333667326	0.00015154478
0.04002948659	-0.00347456524	0.00049189048
0.04001754285	-0.00360952405	0.00083327477
0.04000540569	-0.00374164615	0.00117561195
0.03999310552	-0.00387090567	0.00151863952
0.03998066900	-0.00399731242	0.00186217258
0.03996813318	-0.00412076811	0.00220579980
0.03995552200	-0.00424130425	0.00254931147
0.03994286079	-0.00435893010	0.00289246979
0.03993017495	-0.00447364825	0.00323501880
0.03991748902	-0.00458546290	0.00357670721
0.03990482615	-0.00469438492	0.00391728691
0.03989220812	-0.00480043033	0.00425651413
0.03987965023	-0.00490366162	0.00459425945
0.03986718284	-0.00500401167	0.00493011888
0.03985481913	-0.00510154801	0.00526391853
0.03984257229	-0.00519632884	0.00559549350
0.03983045441	-0.00528841201	0.00592473498
0.03981849687	-0.00537770465	0.00625113350
0.03980668808	-0.00546442900	0.00657491200
0.03979506689	-0.00554842782	0.00689543867
0.03978361566	-0.00562994897	0.00721300696
0.03977237054	-0.00570884769	0.00752703721
0.03976132533	-0.00578527510	0.00783755946
0.03975048473	-0.00585929722	0.00814450608
0.03973986413	-0.00593090206	0.00844761177
0.03972946764	-0.00600015006	0.00874674819
0.03971929705	-0.00606711149	0.00904183287
0.03970935665	-0.00613183453	0.00933274847
0.03969964972	-0.00619436939	0.00961938639
0.03969017858	-0.00625476810	0.00990164670
0.03968094136	-0.00631310484	0.01017951616
0.03967194451	-0.00636939702	0.01045284033
0.03966318969	-0.00642368925	0.01072149687
0.03965466887	-0.00647608192	0.01098553841
0.03964638169	-0.00652662385	0.01124494602
0.03963833779	-0.00657530054	0.01149946225
0.03963051694	-0.00662227506	0.01174937377
0.03962293602	-0.00666748387	0.01199433644
0.03961558068	-0.00671104815	0.01223448904
0.03960844418	-0.00675304005	0.01246993050
0.03960153804	-0.00679342220	0.01270039818
0.03959484765	-0.00683230849	0.01292604246
0.03958837016	-0.00686974150	0.01314686675
0.03958210222	-0.00690576451	0.01336288012
0.03957604008	-0.00694042158	0.01357409706
0.03957017969	-0.00697375646	0.01378053740
0.03956451672	-0.00700581304	0.01398222588
0.03955904655	-0.00703663528	0.01417919190
0.03955376418	-0.00706626771	0.01437146909
0.03954866454	-0.00709475391	0.01455909537
0.03954373669	-0.00712216880	0.01474226789
0.03953898874	-0.00714848020	0.01492080341
0.03953441120	-0.00717375291	0.01509478195
0.03952998518	-0.00719810196	0.01526458189
0.03952573227	-0.00722141875	0.01542974847
0.03952162089	-0.00724388585	0.01559084478
0.03951767033	-0.00726540650	0.01574746845
0.03951384935	-0.00728615879	0.01590022453
0.03951018257	-0.00730601622	0.01604861568
0.03950664524	-0.00732511991	0.01619305276
0.03950323324	-0.00734349806	0.01633366815
0.03949995637	-0.00736110363	0.01647023842
0.03949679944	-0.00737802373	0.01660301550
0.03949375891	-0.00739428204	0.01673207149
0.03949082958	-0.00740991085	0.01685752869
0.03948801167	-0.00742491308	0.01697939044
0.03948530218	-0.00743930854	0.01709769534
0.03948269431	-0.00745313693	0.01721257053
0.03948018466	-0.00746641946	0.01732408943
0.03947776973	-0.00747917758	0.01743232519
0.03947544620	-0.00749143158	0.01753735078
0.03947321070	-0.00750320180	0.01763923867
0.03947105732	-0.00751452156	0.01773814136
0.03946898763	-0.00752538473	0.01783403940
0.03946699894	-0.00753580752	0.01792697689
0.03946508599	-0.00754581924	0.01801706178
0.03946324571	-0.00755543765	0.01810436321
0.03946147171	-0.00756469765	0.01818905543
0.03945976348	-0.00757360325	0.01827119745
0.03945812831	-0.00758211781	0.01835059189
0.03945655465	-0.00759030273	0.01842747066
0.03945505148	-0.00759811242	0.01850152612
0.03945330193	-0.00760719180	0.01858411870
0.03945325225	-0.00760744942	0.01866722682
0.03945490321	-0.00759888232	0.01874987613
0.03945822976	-0.00758158982	0.01883109764
0.03946318160	-0.00755577251	0.01890993909
0.03946968430	-0.00752172994	0.01898547615
0.03947764095	-0.00747985730	0.01905682322
0.03948693422	-0.00743064100	0.01912314380
0.03949742891	-0.00737465318	0.01918366036
0.03950897470	-0.00731254524	0.01923766339
0.03952140924	-0.00724504049	0.01928451976
0.03953456127	-0.00717292587	0.01932368012
0.03954825383	-0.00709704295	0.01935468535
0.03956230744	-0.00701827826	0.01937717194
0.03947708070	0.01014582176	-0.01187102257
0.03949869662	0.01006134012	-0.01204670252
0.03951054422	0.01001471394	-0.01211655889
0.03952080877	0.00997413023	-0.01216927968
0.03953053609	0.00993550788	-0.01221282926
0.03953984892	0.00989838105	-0.01225066113
0.03954895192	0.00986194717	-0.01228434017
0.03955809754	0.00982519816	-0.01231456163
0.03956705030	0.00978908221	-0.01234239461
0.03957608858	0.00975247726	-0.01236790125
0.03958525591	0.00971520020	-0.01239133894
0.03959437373	0.00967797340	-0.01241325282
0.03960360175	0.00964014150	-0.01243359204
0.03961305309	0.00960123038	-0.01245230649
0.03962258639	0.00956181193	-0.01246973719
0.03963222344	0.00952178899	-0.01248594872
0.03964202652	0.00948089308	-0.01250091226
0.03965200508	0.00943907268	-0.01251466463
0.03966216751	0.00939627951	-0.01252723335
0.03967252116	0.00935246838	-0.01253863707
0.03968308113	0.00930755995	-0.01254887128
0.03969383445	0.00926159310	-0.01255797606
0.03970477979	0.00921455705	-0.01256596796
0.03971596659	0.00916622048	-0.01257276056
0.03972736595	0.00911668770	-0.01257840592
0.03973898417	0.00906591071	-0.01258289021
0.03975082819	0.00901383703	-0.01258619584
0.03976290117	0.00896042913	-0.01258830630
0.03977520616	0.00890564848	-0.01258920482
0.03978776926	0.00884935126	-0.01258882097
0.03980067855	0.00879110839	-0.01258693631
0.03981370832	0.00873190870	-0.01258399838
0.03982699018	0.00867112756	-0.01257972778
0.03984069484	0.00860794020	-0.01257370180
0.03985446065	0.00854397837	-0.01256667688
0.03986864093	0.00847756279	-0.01255784659
0.03988296735	0.00840990579	-0.01254776743
0.03989767751	0.00833983987	-0.01253585189
0.03991251374	0.00826854563	-0.01252265762
0.03992777245	0.00819454620	-0.01250742622
0.03994318584	0.00811908276	-0.01249074040
0.03995885766	0.00804159773	-0.01247231096
0.03997483310	0.00796180374	-0.01245195180
0.03999108703	0.00787975622	-0.01242964302
0.04000754282	0.00779577561	-0.01240552017
0.04002425243	0.00770952771	-0.01237937669
0.04004120674	0.00762098173	-0.01235115139
0.04005839596	0.00753010714	-0.01232078140
0.04007580955	0.00743687360	-0.01228820254
0.04009343605	0.00734125231	-0.01225334701
0.04011126326	0.00724321473	-0.01221614577
0.04012933743	0.00714239998	-0.01217632297
0.04014754965	0.00703930799	-0.01213409883
0.04016590692	0.00693379557	-0.01208934136
0.04018446020	0.00682544934	-0.01204173258
0.04020314770	0.00671450038	-0.01199131720
0.04022191811	0.00660112898	-0.01193813988
0.04024084611	0.00648474395	-0.01188174131
0.04025980840	0.00636595848	-0.01182240803
0.04027883210	0.00624446031	-0.01175986424
0.04029794182	0.00611992523	-0.01169377722
0.04031700946	0.00599302497	-0.01162447543
0.04033607338	0.00586334239	-0.01155159059
0.04035510360	0.00573089986	-0.01147501210
0.04037406929	0.00559572418	-0.01139462783
0.04039293892	0.00545784620	-0.01131032504
0.04041168043	0.00531730054	-0.01122199124
0.04043026117	0.00517412615	-0.01112951392
0.04044864803	0.00502836678	-0.01103278041
0.04046680754	0.00488007044	-0.01093167905
0.04048470599	0.00472928965	-0.01082609937
0.04050232834	0.00457591513	-0.01071579655
0.04051963017	0.00442008720	-0.01060069570
0.04053654322	0.00426218999	-0.01048095151
0.04055310579	0.00410161074	-0.01035589846
0.04056919728	0.00393926799	-0.01022610445
0.04058487009	0.00377437679	-0.01009075412
0.04060001232	0.00360785253	-0.00995042503
0.04061464864	0.00343917368	-0.00980452197
0.04062872689	0.00326866202	-0.00965311573
0.04064220591	0.00309656241	-0.00949625563
0.04065507018	0.00292281868	-0.00933372834
0.04066729047	0.00274755994	-0.00916546933
0.04067884064	0.00257089948	-0.00899140273
0.04068969367	0.00239299590	-0.00881150233
0.04069982379	0.00221403326	-0.00862578253
0.04070921361	0.00203409120	-0.00843416276
0.04071784669	0.00185325692	-0.00823656554
0.04072570285	0.00167174389	-0.00803304705
0.04073276815	0.00148969757	-0.00782361308
0.04073903174	0.00130724642	-0.00760826367
0.04074448459	0.00112453357	-0.00738702206
0.04074912022	0.00094170118	-0.00715991740
0.04075293802	0.00075871141	-0.00692676492
0.04075592856	0.00057609625	-0.00668804404
0.04075809765	0.00039379703	-0.00644363151
0.04075944981	0.00021178060	-0.00619337146
0.04075998858	0.00003051493	-0.00593771897
0.04075972403	-0.00014998985	-0.00567665486
0.04075866582	-0.00032978880	-0.00541002784
0.04075682999	-0.00050833951	-0.00513845955
0.04075422806	-0.00068592672	-0.00486157651
0.04075088211	-0.00086209452	-0.00457991776
0.04074680851	-0.00103691673	-0.00429340383
0.04074203015	-0.00121019789	-0.00400227469
0.04073657170	-0.00138178380	-0.00370677014
0.04073045380	-0.00155168718	-0.00340689251
0.04072371055	-0.00171959275	-0.00310313039
0.04071635814	-0.00188567758	-0.00279528523
0.04070844072	-0.00204950088	-0.00248406307
0.04069996937	-0.00221135561	-0.00216912252
0.04069099461	-0.00237077146	-0.00185123877
0.04068153112	-0.00252796870	-0.00153022558
0.04067162000	-0.00268270889	-0.00120653711
0.04066129329	-0.00283492993	-0.00088043545
0.04065057119	-0.00298473811	-0.00055187742
0.04063950522	-0.00313180705	-0.00022153548
0.04062811485	-0.00327626062	0.00011057518
0.04061642700	-0.00341810732	0.00044433088
0.04060448918	-0.00355711383	0.00077915609
0.04059232208	-0.00369337081	0.00111496182
0.04057995612	-0.00382684745	0.00145149006
0.04056741806	-0.00395754876	0.00178855730
0.04055474498	-0.00408537139	0.00212576274
0.04054196132	-0.00421034113	0.00246289846
0.04052909294	-0.00433246184	0.00279972977
0.04051616584	-0.00445173060	0.00313600456
0.04050320531	-0.00456814616	0.00347147525
0.04049023531	-0.00468171387	0.00380589728
0.04047727855	-0.00479244419	0.00413903028
0.04046435138	-0.00490039459	0.00447074378
0.04045148511	-0.00500549226	0.00480064402
0.04043869421	-0.00510779901	0.00512855756
0.04042599313	-0.00520736777	0.00545431997
0.04041339519	-0.00530425202	0.00577782120
0.04040093305	-0.00539835241	0.00609856637
0.04038859656	-0.00548988777	0.00641676369
0.04037642593	-0.00557869420	0.00673180137
0.04036440493	-0.00566501677	0.00704395564
0.04035257112	-0.00574870458	0.00735266526
0.04034091983	-0.00582990454	0.00765795362
0.04032945710	-0.00590867918	0.00795975136
0.04031819976	-0.00598501197	0.00825779947
0.04030715338	-0.00605895917	0.00855197025
0.04029632115	-0.00613058740	0.00884218037
0.04028570874	-0.00619994126	0.00912831335
0.04027532079	-0.00626706749	0.00941026127
0.04026516097	-0.00633201484	0.00968792477
0.04025522859	-0.00639485505	0.00996128808
0.04024553141	-0.00645560234	0.01023020008
0.04023607240	-0.00651429795	0.01049454031
0.04022684462	-0.00657104041	0.01075435672
0.04021784872	-0.00662587689	0.01100962917
0.04020909572	-0.00667878891	0.01126010810
0.04020056600	-0.00672994008	0.01150606717
0.04019227782	-0.00677926278	0.01174717417
0.04018421760	-0.00682687745	0.01198356073
0.04017637924	-0.00687285610	0.01221532101
0.04016877550	-0.00691715803	0.01244220161
0.04016139235	-0.00695989685	0.01266434588
0.04015422766	-0.00700111428	0.01288175652
0.04014727876	-0.00704085282	0.01309444179
0.04014054251	-0.00707915583	0.01330241530
0.04013401546	-0.00711606652	0.01350569593
0.04012769384	-0.00715162830	0.01370430739
0.04012157350	-0.00718588476	0.01389827802
0.04011564993	-0.00721888015	0.01408764031
0.04010991849	-0.00725065783	0.01427243097
0.04010436822	-0.00728129450	0.01445284031
0.04009900806	-0.00731075595	0.01462869270
0.04009382881	-0.00733910701	0.01480006540
0.04008881103	-0.00736646661	0.01496732344
0.04008397773	-0.00739272139	0.01513003019
0.04007929634	-0.00741805935	0.01528872813
0.04007478743	-0.00744237951	0.01544303120
0.04007041852	-0.00746586630	0.01559352267
0.04006621574	-0.00748838812	0.01573972523
0.04006215357	-0.00751008997	0.01588203503
0.04005822773	-0.00753100198	0.01602058111
0.04005444882	-0.00755107475	0.01615514967
0.04005080118	-0.00757039791	0.01628598423
0.04004728128	-0.00758899613	0.01641315562
0.04004388369	-0.00760690336	0.01653678303
0.04004060878	-0.00762412281	0.01665687122
0.04003745357	-0.00764067482	0.01677345864
0.04003441103	-0.00765660063	0.01688666909
0.04003147768	-0.00767192250	0.01699657471
0.04002864989	-0.00768666297	0.01710324740
0.04002592424	-0.00770084338	0.01720675889
0.04002329720	-0.00771448516	0.01730718042
0.04002076250	-0.00772762377	0.01740466041
0.04001832181	-0.00774025320	0.01749918168
0.04001597237	-0.00775239030	0.01759078805
0.04001370867	-0.00776406584	0.01767958487
0.04001152748	-0.00777529862	0.01776564013
0.04000942190	-0.00778612605	0.01784912320
0.04000739127	-0.00779655333	0.01793009252
0.04000544350	-0.00780654152	0.01800835924
0.04000356639	-0.00781615482	0.01808414790
0.04000176994	-0.00782534356	0.01815716310
0.03999971576	-0.00783583687	0.01823795623
0.03999935150	-0.00783769605	0.01831943182
0.04000068265	-0.00783089954	0.01840063463
0.04000368921	-0.00781552617	0.01848061263
0.04000832620	-0.00779175428	0.01855842815
0.04001452458	-0.00775985971	0.01863316888
0.04002219278	-0.00772021275	0.01870395855
0.04003121865	-0.00767327396	0.01876996722
0.04004147179	-0.00761958901	0.01883042099
0.04005280625	-0.00755978248	0.01888461111
0.04006506344	-0.00749455081	0.01893190223
0.04007807515	-0.00742465437	0.01897173992
0.04009166673	-0.00735090872	0.01900365712
0.04010566012	-0.00727417528	0.01902727962
0.04006510317	0.01018739947	-0.01161469122
0.04008585835	0.01010542234	-0.01178746651
0.04009729114	0.01005996239	-0.01185622231
0.04010721611	0.01002032015	-0.01190813163
0.04011663346	0.00998255076	-0.01195103567
0.04012565942	0.00994620814	-0.01198832053
0.04013448978	0.00991051613	-0.01202152676
0.04014336680	0.00987449755	-0.01205134583
0.04015206381	0.00983907373	-0.01207881395
0.04016084831	0.00980315575	-0.01210400392
0.04016976215	0.00976656586	-0.01212716970
0.04017863357	0.00973000535	-0.01214883676
0.04018761621	0.00969283775	-0.01216896230
0.04019681893	0.00965460241	-0.01218750244
0.04020610587	0.00961585415	-0.01220478445
0.04021549803	0.00957649823	-0.01222087238
0.04022505547	0.00953627350	-0.01223574078
0.04023478742	0.00949512934	-0.01224942609
0.04024470207	0.00945301830	-0.01226195558
0.04025480667	0.00940989586	-0.01227334777
0.04026511589	0.00936568428	-0.01228359898
0.04027561743	0.00932042062	-0.01229274771
0.04028631016	0.00927409370	-0.01230081003
0.04029724187	0.00922647808	-0.01230770380
0.04030838492	0.00917767428	-0.01231347851
0.04031974556	0.00912763485	-0.01231812089
0.04033133067	0.00907630798	-0.01232161405
0.04034314349	0.00902365634	-0.01232394198
0.04035518715	0.00896964159	-0.01232508843
0.04036748703	0.00891412309	-0.01232498590
0.04038012836	0.00885668300	-0.01232342566
0.04039289360	0.00879828090	-0.01232083318
0.04040590990	0.00873830904	-0.01231694229
0.04041934230	0.00867596498	-0.01231134947
0.04043284195	0.00861283297	-0.01230477405
0.04044675017	0.00854728033	-0.01229644776
0.04046080812	0.00848048385	-0.01228689937
0.04047524552	0.00841130786	-0.01227556864
0.04048981370	0.00834089842	-0.01226298555
0.04050479933	0.00826781901	-0.01224842693
0.04051994388	0.00819327456	-0.01223244632
0.04053534784	0.00811672195	-0.01221476757
0.04055105520	0.00803788045	-0.01219521213
0.04056704197	0.00795680247	-0.01217375949
0.04058323426	0.00787379814	-0.01215053745
0.04059968260	0.00778854114	-0.01212534804
0.04061637845	0.00770100003	-0.01209813140
0.04063331260	0.00761114360	-0.01206882607
0.04065047514	0.00751894079	-0.01203736926
0.04066785523	0.00742436200	-0.01200369462
0.04068544130	0.00732737786	-0.01196773458
0.04070327854	0.00722763559	-0.01192922420
0.04072126155	0.00712561979	-0.01188837120
0.04073939735	0.00702118958	-0.01184504798
0.04075773572	0.00691394093	-0.01179894933
0.04077621693	0.00680409678	-0.01175011518
0.04079479133	0.00669183087	-0.01169858593
0.04081353184	0.00657656585	-0.01164392114
0.04083231874	0.00645889668	-0.01158639114
0.04085117863	0.00633851756	-0.01152573060
0.04087013579	0.00621511063	-0.01146161909
0.04088906557	0.00608932809	-0.01139436670
0.04090800557	0.00596076174	-0.01132361955
0.04092692672	0.00582943128	-0.01124926889
0.04094579914	0.00569536067	-0.01117120439
0.04096459218	0.00555857783	-0.01108931505
0.04098327463	0.00541911438	-0.01100349011
0.04100181467	0.00527700614	-0.01091361868
0.04102017994	0.00513229360	-0.01081958968
0.04103833770	0.00498502145	-0.01072129294
0.04105625489	0.00483523879	-0.01061861939
0.04107391678	0.00468283678	-0.01051133168
0.04109127972	0.00452795002	-0.01039935419
0.04110827634	0.00437095141	-0.01028283100
0.04112494441	0.00421124054	-0.01016112309
0.04114116468	0.00404971219	-0.01003476854
0.04115698885	0.00388559759	-0.00990298546
0.04117230587	0.00371978889	-0.00976632117
0.04118713995	0.00355177460	-0.00962420423
0.04120143900	0.00338186702	-0.00947669815
0.04121516165	0.00321030376	-0.00932384667
0.04122829199	0.00303702811	-0.00916544288
0.04124080036	0.00286216456	-0.00900142180
0.04125266003	0.00268582218	-0.00883170774
0.04126384326	0.00250815457	-0.00865627260
0.04127432341	0.00232934051	-0.00847512743
0.04128408211	0.00214945668	-0.00828819271
0.04129310190	0.00196858717	-0.00809539195
0.04130136130	0.00178694004	-0.00789677654
0.04130884501	0.00160465696	-0.00769235012
0.04131554072	0.00142186313	-0.00748211110
0.04132143785	0.00123869835	-0.00726608032
0.04132652826	0.00105530166	-0.00704428447
0.04133080996	0.00087163523	-0.00681654566
0.04133427090	0.00068822149	-0.00658332149
0.04133691536	0.00050500322	-0.00634449437
0.04133874635	0.00032194766	-0.00609991489
0.04133976458	0.00013951540	-0.00585001823
0.04133997838	-0.00004228259	-0.00559478715
0.04133939583	-0.00022350010	-0.00533407752
0.04133802977	-0.00040360182	-0.00506848510
0.04133589077	-0.00058286699	-0.00479765441
0.04133299790	-0.00076084492	-0.00452210270
0.04132936600	-0.00093760652	-0.00424175648
0.04132501574	-0.00111295726	-0.00395684755
0.04131996967	-0.00128674265	-0.00366760844
0.04131424691	-0.00145897312	-0.00337404435
0.04130787902	-0.00162933439	-0.00307662646
0.04130088134	-0.00179799901	-0.00277516839
0.04129329523	-0.00196452779	-0.00247035007
0.04128513140	-0.00212920767	-0.00216184901
0.04127643769	-0.00229156964	-0.00185041176
0.04126722839	-0.00245182810	-0.00153586523
0.04125754283	-0.00260974327	-0.00121864901
0.04124741200	-0.00276524927	-0.00089901975
0.04123685562	-0.00291844792	-0.00057694135
0.04122592355	-0.00306901084	-0.00025306351
0.04121463513	-0.00321705622	0.00007259282
0.04120301686	-0.00336258859	0.00039990362
0.04119111522	-0.00350537120	0.00072831137
0.04117895105	-0.00364548901	0.00105772407
0.04116655461	-0.00378290655	0.00138788814
0.04115395267	-0.00391762421	0.00171862152
0.04114118222	-0.00404953397	0.00204953367
0.04112826805	-0.00417865618	0.00238041852
0.04111523641	-0.00430498950	0.00271104450
0.04110211381	-0.00442852579	0.00304116331
0.04108892608	-0.00454925861	0.00337053110
0.04107569787	-0.00466718805	0.00369890686
0.04106245271	-0.00478231927	0.00402605360
0.04104920784	-0.00489470483	0.00435183998
0.04103599536	-0.00500426669	0.00467588223
0.04102283089	-0.00511106112	0.00499800748
0.04100973003	-0.00521513595	0.00531805185
0.04099670716	-0.00531654039	0.00563590426
0.04098379610	-0.00541516921	0.00595108398
0.04097098804	-0.00551123751	0.00626378519
0.04095832435	-0.00560457550	0.00657341547
0.04094579018	-0.00569542507	0.00688023459
0.04093342431	-0.00578362988	0.00718369918
0.04092122353	-0.00586933256	0.00748382633
0.04090919513	-0.00595259222	0.00778054515
0.04089735722	-0.00603338812	0.00807360275
0.04088571679	-0.00611177247	0.00836287217
0.04087427832	-0.00618780834	0.00864826936
0.04086304878	-0.00626153688	0.00892967875
0.04085203412	-0.00633300153	0.00920699318
0.04084123924	-0.00640224783	0.00948011389
0.04083066462	-0.00646934514	0.00974902280
0.04082031924	-0.00653430464	0.01001357201
0.04081020732	-0.00659716441	0.01027364300
0.04080032299	-0.00665802105	0.01052927925
0.04079066787	-0.00671692005	0.01078045953
0.04078125427	-0.00677383938	0.01102694194
0.04077206323	-0.00682894279	0.01126898762
0.04076311429	-0.00688215906	0.01150627595
0.04075439466	-0.00693360769	0.01173893171
0.04074589889	-0.00698336049	0.01196704451
0.04073764086	-0.00703137375	0.01219036986
0.04072960721	-0.00707776068	0.01240904440
0.04072179649	-0.00712256210	0.01262307016
0.04071420669	-0.00716581979	0.01283245466
0.04070683532	-0.00720757643	0.01303721067
0.04069967952	-0.00724787464	0.01323735617
0.04069273604	-0.00728675739	0.01343291392
0.04068600128	-0.00732426789	0.01362391121
0.04067947117	-0.00736045008	0.01381037945
0.04067314152	-0.00739534713	0.01399235424
0.04066700143	-0.00742903726	0.01417001923
0.04066106060	-0.00746148451	0.01434320617
0.04065531013	-0.00749275369	0.01451198965
0.04064973020	-0.00752296716	0.01467672180
0.04064434504	-0.00755200744	0.01483698349
0.04063912131	-0.00758006724	0.01499329732
0.04063408067	-0.00760704199	0.01514529295
0.04062918969	-0.00763312161	0.01529353259
0.04062447575	-0.00765817015	0.01543755829
0.04061991277	-0.00768233599	0.01557775200
0.04061549633	-0.00770565105	0.01571423945
0.04061123771	-0.00772806391	0.01584681617
0.04060712094	-0.00774966640	0.01597571756
0.04060314244	-0.00777048415	0.01610101315
0.04059929667	-0.00779055263	0.01622281917
0.04059558407	-0.00780987541	0.01634114166
0.04059200175	-0.00782847330	0.01645601897
0.04058854248	-0.00784638896	0.01656757159
0.04058520268	-0.00786364568	0.01667587047
0.04058197866	-0.00788026698	0.01678098622
0.04057886688	-0.00789627523	0.01688298938
0.04057586371	-0.00791169287	0.01698194999
0.04057296254	-0.00792655732	0.01707801247
0.04057016513	-0.00794086276	0.01717116180
0.04056746867	-0.00795462667	0.01726144154
0.04056486743	-0.00796788117	0.01734895449
0.04056235803	-0.00798064605	0.01743376753
0.04055993312	-0.00799296099	0.01751604524
0.04055759188	-0.00800483235	0.01759584550
0.04055534280	-0.00801621921	0.01767298771
0.04055317309	-0.00802718830	0.01774768925
0.04055109367	-0.00803768638	0.01781966655
0.04054875147	-0.00804949404	0.01789867930
0.04054808456	-0.00805285284	0.01797853038
0.04054910284	-0.00804772382	0.01805828361
0.04055179119	-0.00803416648	0.01813700396
0.04055610975	-0.00801233812	0.01821376850
0.04056199478	-0.00798249206	0.01828767723
0.04056936005	-0.00794497486	0.01835786365
0.04057809861	-0.00790022234	0.01842350488
0.04058808505	-0.00784875478	0.01848383135
0.04059917801	-0.00779117095	0.01853813577
0.04061122297	-0.00772814138	0.01858578147
0.04062405520	-0.00766040071	0.01862620987
0.04063750283	-0.00758873925	0.01865894696
0.04065138983	-0.00751399396	0.01868360894
0.04064422744	0.01022227352	-0.01137044525
0.04066417192	0.01014264374	-0.01154039976
0.04067521167	0.01009827985	-0.01160808223
0.04068481398	0.01005952341	-0.01165919840
0.04069393616	0.01002255753	-0.01170146933
0.04070268843	0.00998695424	-0.01173821642
0.04071125826	0.00995196218	-0.01177095645
0.04071987821	0.00991663342	-0.01180037675
0.04072833011	0.00988186352	-0.01182748259
0.04073687108	0.00984659506	-0.01185235637
0.04074554136	0.00981065538	-0.01187524861
0.04075417574	0.00977472554	-0.01189666645
0.04076292202	0.00973818713	-0.01191657440
0.04077188504	0.00970059227	-0.01193493426
0.04078093415	0.00966247950	-0.01195206051
0.04079008964	0.00962375638	-0.01196801662
0.04079940943	0.00958416871	-0.01198278026
0.04080890252	0.00954366676	-0.01199638744
0.04081857692	0.00950220384	-0.01200886518
0.04082843977	0.00945973606	-0.01202023191
0.04083850533	0.00941618724	-0.01203048462
0.04084876192	0.00937159269	-0.01203966041
0.04085920860	0.00932594084	-0.01204777486
0.04086989159	0.00927901189	-0.01205474980
0.04088078442	0.00923090272	-0.01206063233
0.04089189330	0.00918156644	-0.01206540971
0.04090322504	0.00913095185	-0.01206906571
0.04091478293	0.00907902184	-0.01207158478
0.04092657020	0.00902573828	-0.01207295114
0.04093861152	0.00897096356	-0.01207310004
0.04095098929	0.00891429058	-0.01207183179
0.04096349391	0.00885665099	-0.01206955135
0.04097624821	0.00879745321	-0.01206600485
0.04098941167	0.00873591613	-0.01206080660
0.04100264789	0.00867357862	-0.01205464152
0.04101628649	0.00860885257	-0.01204677675
0.04103007784	0.00854288080	-0.01203771535
0.04104424399	0.00847455811	-0.01202692242
0.04105854499	0.00840499752	-0.01201490225
0.04107325802	0.00833280117	-0.01200096444
0.04108813354	0.00825913930	-0.01198563543
0.04110326887	0.00818348265	-0.01196865125
0.04111870679	0.00810555687	-0.01194984035
0.04113442439	0.00802541155	-0.01192918171
0.04115035042	0.00794334692	-0.01190679595
0.04116653402	0.00785904428	-0.01188249311
0.04118296718	0.00777247158	-0.01185621461
0.04119964123	0.00768359699	-0.01182790033
0.04121654682	0.00759238881	-0.01179748880
0.04123367372	0.00749881670	-0.01176491506
0.04125101094	0.00740285055	-0.01173011295
0.04126860259	0.00730414539	-0.01169282775
0.04128634671	0.00720317118	-0.01165325555
0.04130425030	0.00709978926	-0.01161127291
0.04132236192	0.00699360463	-0.01156658653
0.04134062386	0.00688483253	-0.01151923196
0.04135898808	0.00677364043	-0.01146924571
0.04137752572	0.00665946432	-0.01141620493
0.04139612057	0.00654288175	-0.01136036493
0.04141479870	0.00642359314	-0.01130147020
0.04143358401	0.00630128689	-0.01123921181
0.04145235526	0.00617659643	-0.01117388281
0.04147114925	0.00604912226	-0.01110514283
0.04148993783	0.00591888158	-0.01103288488
0.04150869199	0.00578589572	-0.01095700039
0.04152738198	0.00565018989	-0.01087738010
0.04154597741	0.00551179288	-0.01079391490
0.04156444728	0.00537073760	-0.01070649552
0.04158275999	0.00522706151	-0.01061501242
0.04160088351	0.00508080619	-0.01051935694
0.04161878546	0.00493201754	-0.01041942139
0.04163645140	0.00478058728	-0.01031497547
0.04165383848	0.00462664458	-0.01020594297
0.04167088034	0.00447055161	-0.01009245818
0.04168761411	0.00431172004	-0.00997390689
0.04170392210	0.00415102170	-0.00985079944
0.04171985521	0.00398770373	-0.00972238528
0.04173530347	0.00382263578	-0.00958918360
0.04175029057	0.00365531629	-0.00945064522
0.04176476465	0.00348604847	-0.00930682696
0.04177868425	0.00331506295	-0.00915776743
0.04179203314	0.00314230269	-0.00900326582
0.04180478133	0.00296788776	-0.00884325679
0.04181690166	0.00279192329	-0.00867766490
0.04182836580	0.00261455811	-0.00850646040
0.04183914638	0.00243596595	-0.00832965124
0.04184922422	0.00225622069	-0.00814715898
0.04185858096	0.00207540353	-0.00795890811
0.04186719402	0.00189371730	-0.00776494562
0.04187504689	0.00171130006	-0.00756527319
0.04188212601	0.00152827389	-0.00735988777
0.04188841939	0.00134477541	-0.00714880798
0.04189391742	0.00116094063	-0.00693205824
0.04189861686	0.00097673184	-0.00670946719
0.04190250335	0.00079266205	-0.00648147201
0.04190557975	0.00060867547	-0.00624796042
0.04190784767	0.00042473986	-0.00600878907
0.04190930529	0.00024130842	-0.00576437457
0.04190995932	0.00005839291	-0.00551470145
0.04190981638	-0.00012405910	-0.00525963232
0.04190888638	-0.00030551954	-0.00499973865
0.04190717897	-0.00048626212	-0.00473468184
0.04190471042	-0.00066584149	-0.00446495869
0.04190149417	-0.00084432573	-0.00419050127
0.04189754878	-0.00102152140	-0.00391153372
0.04189289481	-0.00119727384	-0.00362828165
0.04188754991	-0.00137159127	-0.00334075298
0.04188154328	-0.00154416076	-0.00304940243
0.04187488937	-0.00171515028	-0.00275405501
0.04186762689	-0.00188412276	-0.00245536607
0.04185976620	-0.00205135904	-0.00215303079
0.04185135251	-0.00221639192	-0.00184776872
0.04184239970	-0.00237942998	-0.00153941908
0.04183294538	-0.00254023250	-0.00122840765
0.04182301945	-0.00269873013	-0.00091498586
0.04181264114	-0.00285502025	-0.00059912418
0.04180185862	-0.00300877316	-0.00028145081
0.04179069105	-0.00316010148	0.00003800804
0.04177916442	-0.00330900598	0.00035912808
0.04176732416	-0.00345524705	0.00068136889
0.04175519116	-0.00359890418	0.00100463574
0.04174279539	-0.00373993756	0.00132867938
0.04173016360	-0.00387834323	0.00165331922
0.04171733251	-0.00401400896	0.00197817449
0.04170432718	-0.00414694998	0.00230304100
0.04169117415	-0.00427716006	0.00262769027
0.04167790024	-0.00440462619	0.00295187772
0.04166453174	-0.00452933709	0.00327536313
0.04165109387	-0.00465128792	0.00359790898
0.04163761078	-0.00477047886	0.00391928162
0.04162410051	-0.00488695781	0.00423934899
0.04161059577	-0.00500064196	0.00455773686
0.04159711319	-0.00511158233	0.00487427305
0.04158366938	-0.00521982192	0.00518879434
0.04157027968	-0.00532540585	0.00550118879
0.04155697882	-0.00542822361	0.00581098914
0.04154375931	-0.00552848645	0.00611837644
0.04153066344	-0.00562601941	0.00642277669
0.04151767770	-0.00572106096	0.00672443424
0.04150484187	-0.00581345002	0.00702282268
0.04149215412	-0.00590332501	0.00731795330
0.04147962287	-0.00599074174	0.00760975381
0.04146726741	-0.00607567559	0.00789797725
0.04145509596	-0.00615817497	0.00818249744
0.04144311425	-0.00623829955	0.00846322974
0.04143133044	-0.00631608722	0.00874005952
0.04141975166	-0.00639157827	0.00901288045
0.04140838398	-0.00646481526	0.00928159441
0.04139722897	-0.00653586518	0.00954618117
0.04138629672	-0.00660473645	0.00980649601
0.04137559264	-0.00667146415	0.01006242225
0.04136511184	-0.00673614297	0.01031399925
0.04135485691	-0.00679881679	0.01056120479
0.04134484132	-0.00685946037	0.01080380427
0.04133504679	-0.00691823730	0.01104204706
0.04132549399	-0.00697507323	0.01127562352
0.04131617095	-0.00703008663	0.01150465199
0.04130707285	-0.00708334895	0.01172921783
0.04129821462	-0.00713481391	0.01194908501
0.04128958352	-0.00718459414	0.01216438386
0.04128117878	-0.00723272965	0.01237511579
0.04127299907	-0.00727926146	0.01258128765
0.04126504249	-0.00732423161	0.01278291143
0.04125730674	-0.00736768219	0.01298000427
0.04124978912	-0.00740965569	0.01317258805
0.04124248653	-0.00745019496	0.01336068911
0.04123539538	-0.00748934363	0.01354433780
0.04122851190	-0.00752714466	0.01372356869
0.04122182531	-0.00756367755	0.01389855911
0.04121534598	-0.00759890491	0.01406914782
0.04120906536	-0.00763289145	0.01423540688
0.04120296332	-0.00766576245	0.01439767619
0.04119706517	-0.00769739703	0.01455555320
0.04119133699	-0.00772799180	0.01470954164
0.04118580139	-0.00775743926	0.01485928609
0.04118042414	-0.00778593398	0.01500532877
0.04117523375	-0.00781333642	0.01514723009
0.04117020368	-0.00783979779	0.01528535850
0.04116532940	-0.00786535160	0.01541983657
0.04116062282	-0.00788994482	0.01555046869
0.04115606770	-0.00791367117	0.01567748252
0.04115166049	-0.00793655715	0.01580094638
0.04114739550	-0.00795863958	0.01592097361
0.04114327330	-0.00797992244	0.01603757149
0.04113929104	-0.00800042701	0.01615077823
0.04113544137	-0.00802019722	0.01626071120
0.04113172063	-0.00803925728	0.01636744013
0.04112812507	-0.00805763166	0.01647103446
0.04112465106	-0.00807534365	0.01657156353
0.04112129488	-0.00809241665	0.01666909622
0.04111804963	-0.00810888984	0.01676377314
0.04111491716	-0.00812475764	0.01685558132
0.04111189462	-0.00814003814	0.01694456402
0.04110897606	-0.00815476468	0.01703082160
0.04110615800	-0.00816895798	0.01711441988
0.04110343270	-0.00818265972	0.01719551885
0.04110079919	-0.00819587739	0.01727417584
0.04109826644	-0.00820856841	0.01735021807
0.04109582119	-0.00822080173	0.01742385610
0.04109347511	-0.00823252106	0.01749481762
0.04109086723	-0.00824552792	0.01757210268
0.04108991629	-0.00825026540	0.01765036897
0.04109063632	-0.00824667853	0.01772869889
0.04109301670	-0.00823480893	0.01780617409
0.04109702245	-0.00821479435	0.01788188625
0.04110259490	-0.00818686709	0.01795494770
0.04110965300	-0.00815135146	0.01802450188
0.04111809494	-0.00810866009	0.01808973332
0.04112780028	-0.00805928930	0.01814987724
0.04113863233	-0.00800381349	0.01820422851
0.04115044082	-0.00794287862	0.01825214992
0.04116306477	-0.00787719487	0.01829307962
0.04117633542	-0.00780752850	0.01832653775
0.04119007918	-0.00773469308	0.01835213205
0.04123463571	0.01025206896	-0.01112949689
0.04125379014	0.01017471861	-0.01129661947
0.04126444462	0.01013142193	-0.01136322024
0.04127372982	0.01009352895	-0.01141353549
0.04128256129	0.01005734724	-0.01145516519
0.04129104351	0.01002246604	-0.01149136643
0.04129935590	0.00998815812	-0.01152363206
0.04130772148	0.00995350422	-0.01155264475
0.04131593050	0.00991937432	-0.01157937968
0.04132422988	0.00988474203	-0.01160392814
0.04133265827	0.00984943960	-0.01162653718
0.04134105694	0.00981412815	-0.01164769617
0.04134956793	0.00977820700	-0.01166737654
0.04135829211	0.00974124087	-0.01168554541
0.04136710399	0.00970375224	-0.01170250496
0.04137602316	0.00966565089	-0.01171831804
0.04138510541	0.00962668949	-0.01173296526
0.04139435949	0.00958681918	-0.01174648218
0.04140379328	0.00954599402	-0.01175889559
0.04141341375	0.00950417073	-0.01177022375
0.04142323480	0.00946127469	-0.01178046435
0.04143324532	0.00941733946	-0.01178965310
0.04144344457	0.00937235309	-0.01179780509
0.04145387718	0.00932610137	-0.01180484600
0.04146451787	0.00927867759	-0.01181082059
0.04147537277	0.00923003540	-0.01181571666
0.04148644862	0.00918012425	-0.01181951860
0.04149774877	0.00912890722	-0.01182221131
0.04150927651	0.00907634638	-0.01182377947
0.04152105578	0.00902230717	-0.01182416098
0.04153316620	0.00896639310	-0.01182316482
0.04154540604	0.00890950823	-0.01182117633
0.04155789380	0.00885107695	-0.01181795339
0.04157078343	0.00879033928	-0.01181312749
0.04158375090	0.00872878923	-0.01180735051
0.04159711416	0.00866488278	-0.01179992362
0.04161063276	0.00859972916	-0.01179132520
0.04162452106	0.00853225333	-0.01178104471
0.04163854781	0.00846353567	-0.01176956177
0.04165298070	0.00839221655	-0.01175621751
0.04166757915	0.00831943193	-0.01174151236
0.04168243728	0.00824466629	-0.01172519402
0.04169759666	0.00816765163	-0.01170709776
0.04171303542	0.00808843473	-0.01168720208
0.04172868497	0.00800730610	-0.01166562073
0.04174459299	0.00792395458	-0.01164217146
0.04176075200	0.00783834756	-0.01161679698
0.04177715385	0.00775045263	-0.01158943847
0.04179378975	0.00766023748	-0.01156003579
0.04181065001	0.00756767108	-0.01152852534
0.04182772426	0.00747272262	-0.01149484236
0.04184505544	0.00737505493	-0.01145874200
0.04186254505	0.00727512348	-0.01142040923
0.04188020006	0.00717279187	-0.01137972463
0.04189806777	0.00706767411	-0.01133640644
0.04191609248	0.00695997783	-0.01129048604
0.04193422777	0.00684986434	-0.01124199622
0.04195254290	0.00673678295	-0.01119053115
0.04197092525	0.00662129396	-0.01113633176
0.04198940030	0.00650310405	-0.01107915200
0.04200799152	0.00638190789	-0.01101869415
0.04202658119	0.00625832032	-0.01095523488
0.04204520522	0.00613195059	-0.01088844688
0.04206383638	0.00600281345	-0.01081822497
0.04208244655	0.00587092774	-0.01074446236
0.04210100686	0.00573631604	-0.01066705150
0.04211948777	0.00559900439	-0.01058588499
0.04213785909	0.00545902291	-0.01050085518
0.04215609002	0.00531640615	-0.01041185412
0.04217414927	0.00517119265	-0.01031877466
0.04219200515	0.00502342523	-0.01022151058
0.04220964353	0.00487299627	-0.01011983841
0.04222702239	0.00472002966	-0.01001368152
0.04224407650	0.00456487690	-0.00990316477
0.04226084224	0.00440696189	-0.00978769806
0.04227720374	0.00424713361	-0.00966776501
0.04229321094	0.00408465523	-0.00954264542
0.04230875522	0.00392037397	-0.00941283139
0.04232385968	0.00375379834	-0.00927779536
0.04233847280	0.00358522257	-0.00913758775
0.04235255317	0.00341487039	-0.00899224231
0.04236608428	0.00324268454	-0.00884156419
0.04237903591	0.00306878078	-0.00868548781
0.04239138055	0.00289326036	-0.00852393805
0.04240308941	0.00271626743	-0.00835688362
0.04241413449	0.00253797073	-0.00818432957
0.04242449592	0.00235844145	-0.00800619854
0.04243415453	0.00217775795	-0.00782241606
0.04244308676	0.00199611786	-0.00763302493
0.04245127505	0.00181365568	-0.00743802495
0.04245870466	0.00163049041	-0.00723741174
0.04246536234	0.00144675547	-0.00703120180
0.04247123711	0.00126258392	-0.00681941741
0.04247632457	0.00107793829	-0.00660189356
0.04248060823	0.00089332191	-0.00637904769
0.04248408963	0.00070868052	-0.00615077268
0.04248676903	0.00052398249	-0.00591693108
0.04248864227	0.00033967343	-0.00567792148
0.04248971448	0.00015576588	-0.00543373017
0.04248999091	-0.00002779111	-0.00518422627
0.04248947869	-0.00021047707	-0.00492995769
0.04248818655	-0.00039255996	-0.00467060220
0.04248612812	-0.00057360011	-0.00440663673
0.04248331546	-0.00075366270	-0.00413799871
0.04247976507	-0.00093255550	-0.00386490483
0.04247549558	-0.00111012388	-0.00358757393
0.04247052322	-0.00128637383	-0.00330601651
0.04246487485	-0.00146099409	-0.00302067126
0.04245856404	-0.00163414791	-0.00273137421
0.04245162692	-0.00180540083	-0.00243875672
0.04244407340	-0.00197502731	-0.00214253111
0.04243594615	-0.00214256256	-0.00184339061
0.04242725858	-0.00230820915	-0.00154118626
0.04241804653	-0.00247172576	-0.00123633040
0.04240833882	-0.00263303972	-0.00092906923
0.04239815413	-0.00279224397	-0.00061937955
0.04238753888	-0.00294900793	-0.00030786851
0.04237651199	-0.00310343867	0.00000543266
0.04236509888	-0.00325553324	0.00032039950
0.04235334387	-0.00340504963	0.00063650838
0.04234126777	-0.00355206186	0.00095366205
0.04232890024	-0.00369652598	0.00127161555
0.04231626787	-0.00383843376	0.00159018986
0.04230340706	-0.00397766908	0.00190901387
0.04229034300	-0.00411424216	0.00222788535
0.04227710242	-0.00424814204	0.00254657894
0.04226371239	-0.00437935100	0.00286485384
0.04225019953	-0.00450785307	0.00318247350
0.04223658950	-0.00463363864	0.00349920391
0.04222290700	-0.00475670311	0.00381481480
0.04220917076	-0.00487708972	0.00412917357
0.04219541397	-0.00499471121	0.00444191540
0.04218165419	-0.00510961345	0.00475286894
0.04216790892	-0.00522183470	0.00506187172
0.04215419437	-0.00533141600	0.00536881105
0.04214054608	-0.00543824203	0.00567323298
0.04212695780	-0.00554251986	0.00597530586
0.04211347260	-0.00564406995	0.00627447379
0.04210007830	-0.00574312697	0.00657096615
0.04208681552	-0.00583952563	0.00686427323
0.04207368375	-0.00593340003	0.00715440073
0.04206069249	-0.00602480270	0.00744127513
0.04204786209	-0.00611370537	0.00772465533
0.04203520199	-0.00620015271	0.00800441603
0.04202271906	-0.00628420103	0.00828047208
0.04201042261	-0.00636588503	0.00855270989
0.04199832087	-0.00644524196	0.00882102398
0.04198642107	-0.00652231141	0.00908531697
0.04197472580	-0.00659715802	0.00934556660
0.04196324623	-0.00666978754	0.00960163127
0.04195198887	-0.00674023221	0.00985339625
0.04194094985	-0.00680858468	0.01010089688
0.04193013267	-0.00687488724	0.01034411004
0.04191955187	-0.00693911170	0.01058280832
0.04190918994	-0.00700142116	0.01081722962
0.04189906859	-0.00706173853	0.01104707510
0.04188917666	-0.00712018107	0.01127245685
0.04187951000	-0.00717681978	0.01149345606
0.04187008447	-0.00723160608	0.01170984505
0.04186088803	-0.00728465188	0.01192174800
0.04185192059	-0.00733599637	0.01212916574
0.04184318145	-0.00738567982	0.01233210447
0.04183466930	-0.00743374364	0.01253057545
0.04182638245	-0.00748022936	0.01272459503
0.04181831872	-0.00752517901	0.01291418419
0.04181047552	-0.00756863504	0.01309936836
0.04180284974	-0.00761064079	0.01328017692
0.04179543805	-0.00765123898	0.01345664338
0.04178822983	-0.00769051022	0.01362893889
0.04178123607	-0.00772841589	0.01379690908
0.04177444859	-0.00776502058	0.01396062355
0.04176784705	-0.00780045208	0.01412041016
0.04176145773	-0.00783458667	0.01427588266
0.04175524624	-0.00786762427	0.01442752624
0.04174923606	-0.00789945492	0.01457500012
0.04174339233	-0.00793027721	0.01471882687
0.04173774452	-0.00795994862	0.01485858492
0.04173226577	-0.00798862276	0.01499462947
0.04172695147	-0.00801633465	0.01512707998
0.04172181408	-0.00804302991	0.01525574950
0.04171683717	-0.00806880392	0.01538085808
0.04171201720	-0.00809368400	0.01550247283
0.04170734842	-0.00811770828	0.01562070425
0.04170283149	-0.00814088114	0.01573556081
0.04169846362	-0.00816322435	0.01584708056
0.04169423734	-0.00818478299	0.01595537778
0.04169014897	-0.00820558220	0.01606052101
0.04168619467	-0.00822564730	0.01616257848
0.04168237078	-0.00824500252	0.01626161838
0.04167867348	-0.00826367214	0.01635770838
0.04167509562	-0.00828169699	0.01645098535
0.04167163913	-0.00829907179	0.01654143829
0.04166830110	-0.00831581525	0.01662911017
0.04166507545	-0.00833196182	0.01671409894
0.04166195856	-0.00834753311	0.01679646931
0.04165894235	-0.00836257269	0.01687637679
0.04165602571	-0.00837708911	0.01695387810
0.04165321806	-0.00839103841	0.01702880815
0.04165050566	-0.00840449154	0.01710137078
0.04164790095	-0.00841738954	0.01717130472
0.04164504109	-0.00843152731	0.01724685707
0.04164381612	-0.00843757543	0.01732352604
0.04164424392	-0.00843546371	0.01740041277
0.04164631826	-0.00842521664	0.01747661584
0.04165000886	-0.00840695318	0.01755124182
0.04165526210	-0.00838088535	0.01762341580
0.04166200208	-0.00834731589	0.01769229160
0.04167013219	-0.00830663489	0.01775706173
0.04167953707	-0.00825931531	0.01781696680
0.04169008489	-0.00820590772	0.01787130448
0.04170162991	-0.00814703400	0.01791943773
0.04171401519	-0.00808338028	0.01796080221
0.04172707548	-0.00801568910	0.01799491297
0.04174064007	-0.00794475087	0.01802137008
0.04181585433	0.01027608517	-0.01089998324
0.04183426577	0.01020087289	-0.01106436357
0.04184455582	0.01015858001	-0.01112991321
0.04185354030	0.01012150009	-0.01117944880
0.04186209551	0.01008605768	-0.01122045255
0.04187032070	0.01005185777	-0.01125611991
0.04187838766	0.01001819581	-0.01128792049
0.04188651043	0.00998417967	-0.01131653199
0.04189448732	0.00995065487	-0.01134290134
0.04190255552	0.00991662446	-0.01136712777
0.04191075222	0.00988192535	-0.01138945490
0.04191892484	0.00984719961	-0.01141035554
0.04192720997	0.00981186342	-0.01142980736
0.04193570468	0.00977549350	-0.01144778237
0.04194428839	0.00973859699	-0.01146457129
0.04195298004	0.00970108578	-0.01148023633
0.04196183337	0.00966271908	-0.01149476076
0.04197085694	0.00962344886	-0.01150817975
0.04198005843	0.00958322986	-0.01152051978
0.04198944469	0.00954201944	-0.01153179901
0.04199902923	0.00949974440	-0.01154201571
0.04200880152	0.00945643668	-0.01155120431
0.04201876099	0.00941208397	-0.01155937945
0.04202895075	0.00936647738	-0.01156647034
0.04203934664	0.00931970677	-0.01157251963
0.04204995471	0.00927172633	-0.01157751556
0.04206078161	0.00922248613	-0.01158144314
0.04207183076	0.00917194944	-0.01158428767
0.04208310548	0.00912007855	-0.01158603428
0.04209462904	0.00906674177	-0.01158662330
0.04210647832	0.00901155277	-0.01158587183
0.04211845916	0.00895538933	-0.01158414695
0.04213068590	0.00889769104	-0.01158121749
0.04214330716	0.00883771812	-0.01157673088
0.04215601077	0.00877692178	-0.01157130837
0.04216910347	0.00871380010	-0.01156428270
0.04218235361	0.00864943026	-0.01155610939
0.04219596814	0.00858276603	-0.01154630051
0.04220972419	0.00851485663	-0.01153531282
0.04222388026	0.00844437896	-0.01152251672
0.04223820439	0.00837243630	-0.01150838850
0.04225278763	0.00829852622	-0.01149268678
0.04226767033	0.00822238683	-0.01147525312
0.04228283162	0.00814406226	-0.01145606562
0.04229820546	0.00806383376	-0.01143523170
0.04231383812	0.00798139737	-0.01141257628
0.04232972257	0.00789672000	-0.01138804331
0.04234585118	0.00780976873	-0.01136157519
0.04236221566	0.00772051066	-0.01133311306
0.04237880683	0.00762891416	-0.01130259463
0.04239561489	0.00753494777	-0.01126995646
0.04241268163	0.00743828184	-0.01123496294
0.04242991190	0.00733935802	-0.01119778872
0.04244731260	0.00723804207	-0.01115831819
0.04246492978	0.00713395672	-0.01111628031
0.04248270968	0.00702730233	-0.01107170270
0.04250060744	0.00691823437	-0.01102461470
0.04251869045	0.00680621498	-0.01097462638
0.04253684960	0.00669178795	-0.01092196534
0.04255510976	0.00657466603	-0.01086639439
0.04257349392	0.00645454998	-0.01080762629
0.04259188783	0.00633203688	-0.01074592256
0.04261032649	0.00620674440	-0.01068096810
0.04262878356	0.00607868506	-0.01061265947
0.04264723178	0.00594787534	-0.01054089159
0.04266564314	0.00581433537	-0.01046555864
0.04268398890	0.00567808869	-0.01038655482
0.04270223971	0.00553916277	-0.01030377411
0.04272036550	0.00539758942	-0.01021711012
0.04273833574	0.00525340442	-0.01012645716
0.04275611944	0.00510664765	-0.01003171043
0.04277370275	0.00495721226	-0.00993265298
0.04279104449	0.00480521713	-0.00982920783
0.04280808061	0.00465100357	-0.00972149117
0.04282484673	0.00449400743	-0.00960893541
0.04284122889	0.00433505564	-0.00949199936
0.04285727600	0.00417342706	-0.00936999121
0.04287288097	0.00400994728	-0.00924337790
0.04288806627	0.00384413469	-0.00911165208
0.04290278083	0.00367627491	-0.00897485832
0.04291698336	0.00350658512	-0.00883302589
0.04293065714	0.00333500791	-0.00868596559
0.04294377181	0.00316165500	-0.00853361168
0.04295629962	0.00298662399	-0.00837588942
0.04296821143	0.00281005459	-0.00821276616
0.04297947874	0.00263211077	-0.00804424431
0.04299008109	0.00245286119	-0.00787024758
0.04299999863	0.00227238155	-0.00769070253
0.04300920699	0.00209086452	-0.00750564810
0.04301768767	0.00190844116	-0.00731508242
0.04302542492	0.00172522757	-0.00711899986
0.04303240439	0.00154135413	-0.00691741502
0.04303861387	0.00135695100	-0.00671034818
0.04304404791	0.00117198108	-0.00649764035
0.04304868817	0.00098693819	-0.00627969051
0.04305253495	0.00080176963	-0.00605639637
0.04305558728	0.00061644443	-0.00582762605
0.04305783893	0.00043140065	-0.00559376130
0.04305929357	0.00024665166	-0.00535479000
0.04305995515	0.00006214796	-0.00511058742
0.04305982831	-0.00012159759	-0.00486167939
0.04305892089	-0.00030484720	-0.00460775898
0.04305724409	-0.00048716697	-0.00434928450
0.04305480865	-0.00066861926	-0.00408619838
0.04305162920	-0.00084901311	-0.00381871027
0.04304772255	-0.00102819408	-0.00354703265
0.04304310355	-0.00120616597	-0.00327117838
0.04303779692	-0.00138261948	-0.00299157109
0.04303181532	-0.00155771314	-0.00270805706
0.04302519245	-0.00173101546	-0.00242124511
0.04301793781	-0.00190279452	-0.00213086355
0.04301009158	-0.00207258835	-0.00183758083
0.04300166672	-0.00224059360	-0.00154125905
0.04299269737	-0.00240656864	-0.00124229778
0.04298321125	-0.00257043780	-0.00094093827
0.04297322647	-0.00273228964	-0.00063716317
0.04296278776	-0.00289179322	-0.00033155974
0.04295191373	-0.00304905023	-0.00002416382
0.04294062921	-0.00320405420	0.00028490007
0.04292897736	-0.00335656118	0.00059512417
0.04291697888	-0.00350663999	0.00090640899
0.04290466303	-0.00365424280	0.00121851373
0.04289205618	-0.00379935740	0.00153126095
0.04287919434	-0.00394186416	0.00184428874
0.04286610275	-0.00408176858	0.00215739685
0.04285280822	-0.00421905530	0.00247036295
0.04283933796	-0.00435370220	0.00278294994
0.04282571885	-0.00448568895	0.00309492484
0.04281197685	-0.00461500147	0.00340605708
0.04279813709	-0.00474163067	0.00371611970
0.04278421890	-0.00486561539	0.00402497966
0.04277025583	-0.00498686434	0.00433228118
0.04275626623	-0.00510541850	0.00463785376
0.04274226836	-0.00522131166	0.00494153581
0.04272827923	-0.00533458096	0.00524321402
0.04271433497	-0.00544510680	0.00554244711
0.04270043055	-0.00555309199	0.00583939154
0.04268660962	-0.00565835305	0.00613350860
0.04267286126	-0.00576112071	0.00642501367
0.04265922678	-0.00586122603	0.00671341285
0.04264570688	-0.00595879891	0.00699870674
0.04263231206	-0.00605388872	0.00728082069
0.04261906360	-0.00614646384	0.00755951924
0.04260597202	-0.00623656543	0.00783467801
0.04259304527	-0.00632424658	0.00810621146
0.04258029368	-0.00640953899	0.00837400706
0.04256772653	-0.00649247703	0.00863796020
0.04255535206	-0.00657309750	0.00889797428
0.04254317387	-0.00665146276	0.00915402517
0.04253120407	-0.00672757610	0.00940597433
0.04251945020	-0.00680146709	0.00965370886
0.04250790937	-0.00687322638	0.00989726044
0.04249658590	-0.00694289471	0.01013660510
0.04248549533	-0.00701044126	0.01037152229
0.04247462091	-0.00707602843	0.01060223911
0.04246398526	-0.00713957673	0.01082846696
0.04245357803	-0.00720120215	0.01105031209
0.04244339571	-0.00726097519	0.01126785177
0.04243345501	-0.00731884527	0.01148086622
0.04242374457	-0.00737492348	0.01168947386
0.04241426495	-0.00742924821	0.01189367500
0.04240501604	-0.00748185904	0.01209347523
0.04239599714	-0.00753279674	0.01228888514
0.04238720709	-0.00758210230	0.01247992033
0.04237864424	-0.00762981731	0.01266660100
0.04237030649	-0.00767598383	0.01284895168
0.04236219119	-0.00772064489	0.01302700084
0.04235429544	-0.00776384299	0.01320078100
0.04234660881	-0.00780565961	0.01337045749
0.04233914286	-0.00784605518	0.01353588239
0.04233188976	-0.00788509410	0.01369712302
0.04232482908	-0.00792290626	0.01385449582
0.04231798788	-0.00795936565	0.01400762994
0.04231133150	-0.00799467490	0.01415699305
0.04230488414	-0.00802872208	0.01430225819
0.04229861045	-0.00806170912	0.01444392936
0.04229254073	-0.00809349111	0.01458160200
0.04228664790	-0.00812422363	0.01471561876
0.04228092729	-0.00815394306	0.01484609613
0.04227539185	-0.00818259397	0.01497285536
0.04227002502	-0.00821027315	0.01509610929
0.04226482330	-0.00823700866	0.01521592384
0.04225978086	-0.00826283979	0.01533240684
0.04225489848	-0.00828777136	0.01544556781
0.04225017343	-0.00831182561	0.01555544468
0.04224559816	-0.00833504866	0.01566214876
0.04224116895	-0.00835746646	0.01576574744
0.04223688195	-0.00837910517	0.01586630781
0.04223273340	-0.00839998986	0.01596389690
0.04222871946	-0.00842014564	0.01605858127
0.04222483276	-0.00843961480	0.01615049419
0.04222107528	-0.00845839242	0.01623962651
0.04221744409	-0.00847649777	0.01632602090
0.04221393296	-0.00849396634	0.01640977300
0.04221053818	-0.00851082057	0.01649094647
0.04220725138	-0.00852710566	0.01656969254
0.04220407131	-0.00854283120	0.01664606733
0.04220100775	-0.00855795212	0.01671991300
0.04219804663	-0.00857254109	0.01679142703
0.04219520095	-0.00858653694	0.01686035860
0.04219211193	-0.00860170281	0.01693423558
0.04219063327	-0.00860895258	0.01700935288
0.04219078640	-0.00860820208	0.01708482982
0.04219256910	-0.00859946004	0.01715978149
0.04219595555	-0.00858282794	0.01723332915
0.04220089687	-0.00855849890	0.01730461054
0.04220732211	-0.00852675555	0.01737278993
0.04221513971	-0.00848796675	0.01743706799
0.04222423928	-0.00844258356	0.01749669112
0.04223449384	-0.00839113401	0.01755096029
0.04224576219	-0.00833421722	0.01759923923
0.04225789159	-0.00827249650	0.01764096194
0.04227072048	-0.00820669180	0.01767563924
0.04228408129	-0.00813757145	0.01770286458
0.04240815498	0.01029553257	-0.01067362465
0.04242584323	0.01022239826	-0.01083525896
0.04243577662	0.01018108359	-0.01089975272
0.04244446602	0.01014479691	-0.01094850383
0.04245274963	0.01011007658	-0.01098887622
0.04246072172	0.01007654263	-0.01102400418
0.04246854666	0.01004351256	-0.01105533391
0.04247642972	0.01001012079	-0.01108353779
0.04248417713	0.00997718866	-0.01110953524
0.04249201657	0.00994374817	-0.01113343282
0.04249998377	0.00990964075	-0.01115547070
0.04250793224	0.00987548970	-0.01117610563
0.04251599320	0.00984072775	-0.01119532117
0.04252425995	0.00980494343	-0.01121309395
0.04253261680	0.00976862877	-0.01122970361
0.04254108202	0.00973169774	-0.01124521174
0.04254970732	0.00969391596	-0.01125960409
0.04255850107	0.00965523622	-0.01127291541
0.04256747078	0.00961561396	-0.01128517190
0.04257662315	0.00957500712	-0.01129639157
0.04258597132	0.00953334393	-0.01130657327
0.04259550531	0.00949065475	-0.01131575015
0.04260522471	0.00944692688	-0.01132393645
0.04261517113	0.00940195670	-0.01133106475
0.04262532148	0.00935583072	-0.01133717566
0.04263568177	0.00930850363	-0.01134225788
0.04264625855	0.00925992612	-0.01134629697
0.04265705526	0.00921006168	-0.01134927867
0.04266807529	0.00915887280	-0.01135118850
0.04267934118	0.00910623065	-0.01135196917
0.04269092714	0.00905175894	-0.01135144555
0.04270264647	0.00899630950	-0.01134996723
0.04271460938	0.00893933697	-0.01134731355
0.04272695920	0.00888012146	-0.01134314729
0.04273939552	0.00882007204	-0.01133806025
0.04275221393	0.00875772826	-0.01133141555
0.04276519149	0.00869413576	-0.01132364674
0.04277852780	0.00862827671	-0.01131428765
0.04279200830	0.00856116963	-0.01130377307
0.04280588232	0.00849152747	-0.01129150156
0.04281992650	0.00842042127	-0.01127792626
0.04283422878	0.00834736155	-0.01126281625
0.04284882829	0.00827209247	-0.01124601921
0.04286370516	0.00819465559	-0.01122751287
0.04287879584	0.00811532300	-0.01120739857
0.04289414518	0.00803379791	-0.01118550818
0.04290974663	0.00795004678	-0.01116178684
0.04292559301	0.00786403616	-0.01113617820
0.04294167651	0.00777573267	-0.01110862462
0.04295798849	0.00768510409	-0.01107906513
0.04297451965	0.00759211834	-0.01104743760
0.04299131062	0.00749645324	-0.01101351532
0.04300826959	0.00739853683	-0.01097746310
0.04302540338	0.00729823704	-0.01093916898
0.04304275676	0.00719518525	-0.01089837235
0.04306027787	0.00708957470	-0.01085509718
0.04307792345	0.00698155509	-0.01080936960
0.04309575893	0.00687060132	-0.01076081503
0.04311367875	0.00675724091	-0.01070964826
0.04313170713	0.00664119264	-0.01065564072
0.04314986657	0.00652216338	-0.01059851533
0.04316804630	0.00640073267	-0.01053851905
0.04318628040	0.00627652655	-0.01047534861
0.04320454337	0.00614955544	-0.01040890232
0.04322280884	0.00601983352	-0.01033907684
0.04324104963	0.00588737858	-0.01026576803
0.04325923786	0.00575221172	-0.01018887177
0.04327734495	0.00561435787	-0.01010828365
0.04329534164	0.00547384622	-0.01002389885
0.04331319814	0.00533070982	-0.00993561319
0.04333088416	0.00518498578	-0.00984332333
0.04334838616	0.00503656805	-0.00974681864
0.04336566383	0.00488557067	-0.00964602193
0.04338265439	0.00473232482	-0.00954104107
0.04339939258	0.00457627841	-0.00943133030
0.04341576657	0.00441823644	-0.00931732456
0.04343182415	0.00425749356	-0.00919835954
0.04344745991	0.00409485381	-0.00907487794
0.04346269566	0.00392984557	-0.00894639201
0.04347748087	0.00376274599	-0.00881294078
0.04349177448	0.00359376574	-0.00867454923
0.04350555960	0.00342284740	-0.00853103372
0.04351880580	0.00325009870	-0.00838232843
0.04353148516	0.00307561371	-0.00822835904
0.04354356828	0.00289952776	-0.00806909168
0.04355502629	0.00272200015	-0.00790452625
0.04356583819	0.00254309705	-0.00773458757
0.04357598356	0.00236289160	-0.00755920324
0.04358543731	0.00218157154	-0.00737840855
0.04359418013	0.00199926457	-0.00719220003
0.04360219535	0.00181608388	-0.00700057090
0.04360946760	0.00163215685	-0.00680353396
0.04361598357	0.00144761081	-0.00660110761
0.04362173682	0.00126240909	-0.00639313871
0.04362670734	0.00107703589	-0.00618000839
0.04363089427	0.00089144010	-0.00596161905
0.04363429546	0.00070559148	-0.00573784424
0.04363690276	0.00051992043	-0.00550904939
0.04363871846	0.00033444110	-0.00527522392
0.04363974527	0.00014910559	-0.00503624908
0.04363998549	-0.00003558118	-0.00479262927
0.04363944609	-0.00021987549	-0.00454407239
0.04363813595	-0.00040334944	-0.00429101868
0.04363606456	-0.00058606252	-0.00403341538
0.04363324472	-0.00076782521	-0.00377146528
0.04362969149	-0.00094848336	-0.00350537466
0.04362541838	-0.00112803860	-0.00323515863
0.04362044800	-0.00130618381	-0.00296122612
0.04361479216	-0.00148307276	-0.00268343334
0.04360848216	-0.00165827729	-0.00240236714
0.04360152704	-0.00183205893	-0.00211777131
0.04359396459	-0.00200395896	-0.00183029016
0.04358580725	-0.00217416803	-0.00153979642
0.04357708749	-0.00234244445	-0.00124667722
0.04356783189	-0.00250870974	-0.00095116887
0.04355805797	-0.00267304802	-0.00065325962
0.04354780875	-0.00283512844	-0.00035351732
0.04353710247	-0.00299504731	-0.00005198218
0.04352596335	-0.00315279469	0.00025122134
0.04351443333	-0.00330812509	0.00055560098
0.04350253294	-0.00346110215	0.00086105523
0.04349029097	-0.00361167436	0.00116734744
0.04347773352	-0.00375982558	0.00147430182
0.04346489610	-0.00390543297	0.00178156550
0.04345180397	-0.00404849746	0.00208894029
0.04343848391	-0.00418899938	0.00239620696
0.04342496320	-0.00432691239	0.00270313211
0.04341126886	-0.00446221196	0.00300948635
0.04339742712	-0.00459487969	0.00331504259
0.04338346343	-0.00472490216	0.00361957719
0.04336939763	-0.00485231383	0.00392295685
0.04335526352	-0.00497701969	0.00422483466
0.04334108015	-0.00509905594	0.00452504112
0.04332686648	-0.00521845195	0.00482341557
0.04331264022	-0.00533524104	0.00511984423
0.04329843800	-0.00544929968	0.00541389826
0.04328425593	-0.00556082622	0.00570572268
0.04327013813	-0.00566963369	0.00599479559
0.04325607492	-0.00577594863	0.00628131887
0.04324210815	-0.00587959887	0.00656481413
0.04322823970	-0.00598071006	0.00684527705
0.04321448097	-0.00607932844	0.00712263204
0.04320085413	-0.00617541923	0.00739664918
0.04318737068	-0.00626902013	0.00766720508
0.04317403961	-0.00636018108	0.00793421393
0.04316087222	-0.00644893086	0.00819756426
0.04314787875	-0.00653530100	0.00845715246
0.04313506843	-0.00661932561	0.00871288270
0.04312244580	-0.00670106472	0.00896472912
0.04311002387	-0.00678051932	0.00921255621
0.04309781115	-0.00685771637	0.00945625296
0.04308580571	-0.00693274448	0.00969584747
0.04307401268	-0.00700564284	0.00993131502
0.04306244850	-0.00707637822	0.01016244181
0.04305109724	-0.00714511205	0.01038944444
0.04303998232	-0.00721176277	0.01061204434
0.04302909421	-0.00727644499	0.01083034211
0.04301843005	-0.00733922856	0.01104441118
0.04300800733	-0.00740006119	0.01125403957
0.04299781539	-0.00745905301	0.01145934006
0.04298785540	-0.00751624162	0.01166031248
0.04297812787	-0.00757166590	0.01185696187
0.04296863267	-0.00762536598	0.01204929815
0.04295936918	-0.00767738233	0.01223733622
0.04295033627	-0.00772775607	0.01242109549
0.04294153233	-0.00777652889	0.01260059967
0.04293295515	-0.00782374346	0.01277587632
0.04292460229	-0.00786944208	0.01294695701
0.04291646354	-0.00791370692	0.01311400135
0.04290855095	-0.00795649768	0.01327686775
0.04290085710	-0.00799787850	0.01343562128
0.04289336150	-0.00803798105	0.01359056720
0.04288609193	-0.00807667749	0.01374134976
0.04287901354	-0.00811417265	0.01388841943
0.04287215116	-0.00815035304	0.01403146280
0.04286546913	-0.00818542340	0.01417096565
0.04285899841	-0.00821923692	0.01430654005
0.04285271179	-0.00825195082	0.01443851641
0.04284660460	-0.00828360271	0.01456700826
0.04284069019	-0.00831413639	0.01469184485
0.04283495194	-0.00834364982	0.01481323195
0.04282938640	-0.00837217179	0.01493123433
0.04282398771	-0.00839974267	0.01504595713
0.04281875671	-0.00842636775	0.01515741092
0.04281369077	-0.00845206972	0.01526563346
0.04280878228	-0.00847689566	0.01537073317
0.04280402750	-0.00850087231	0.01547277628
0.04279942254	-0.00852402662	0.01557182871
0.04279496364	-0.00854638446	0.01566795638
0.04279064688	-0.00856797174	0.01576122471
0.04278646472	-0.00858883211	0.01585176343
0.04278241917	-0.00860896104	0.01593956516
0.04277850730	-0.00862837837	0.01602467229
0.04277472275	-0.00864712055	0.01610717816
0.04277106174	-0.00866521079	0.01618714537
0.04276751563	-0.00868269584	0.01626472093
0.04276408305	-0.00869958626	0.01633996037
0.04276077409	-0.00871583611	0.01641271292
0.04275757437	-0.00873151958	0.01648316980
0.04275449742	-0.00874657363	0.01655109044
0.04275119404	-0.00876270553	0.01662329273
0.04274947367	-0.00877109462	0.01669685211
0.04274936105	-0.00877164349	0.01677090619
0.04275085781	-0.00876434577	0.01684458674
0.04275394240	-0.00874928620	0.01691702992
0.04275857060	-0.00872663968	0.01698738640
0.04276467634	-0.00869666933	0.01705483133
0.04277217307	-0.00865972348	0.01711857396
0.04278095546	-0.00861623179	0.01717786698
0.04279090143	-0.00856670034	0.01723201523
0.04280187452	-0.00851170592	0.01728038387
0.04281372636	-0.00845188946	0.01732240582
0.04282629936	-0.00838794867	0.01735758841
0.04283942944	-0.00832063008	0.01738551916
0.04300124214	0.01031026549	-0.01045431324
0.04301823926	0.01023911574	-0.01061324854
0.04302782990	0.01019873789	-0.01067670143
0.04303623504	0.01016321177	-0.01072467808
0.04304425653	0.01012918456	-0.01076442578
0.04305198394	0.01009629035	-0.01079901916
0.04305957462	0.01006386774	-0.01082988142
0.04306722536	0.01003107669	-0.01085767927
0.04307475011	0.00999871508	-0.01088330588
0.04308236736	0.00996584280	-0.01090687441
0.04309011144	0.00993230566	-0.01092862162
0.04309784177	0.00989870874	-0.01094898899
0.04310568436	0.00986450078	-0.01096796554
0.04311372891	0.00982928172	-0.01098553215
0.04312186442	0.00979352895	-0.01100195797
0.04313010850	0.00975715844	-0.01101730392
0.04313851095	0.00971994203	-0.01103155811
0.04314707991	0.00968183327	-0.01104475485
0.04315582271	0.00964278829	-0.01105692002
0.04316474595	0.00960276559	-0.01106807150
0.04317386237	0.00956169482	-0.01107820866
0.04318316252	0.00951960474	-0.01108736346
0.04319264616	0.00947648235	-0.01109554973
0.04320235342	0.00943212909	-0.01110270324
0.04321226227	0.00938662824	-0.01110886266
0.04322237863	0.00933993499	-0.01111401714
0.04323270896	0.00929200065	-0.01111815276
0.04324325674	0.00924278890	-0.01112125566
0.04325402537	0.00919226246	-0.01112331176
0.04326503672	0.00914029526	-0.01112426601
0.04327636238	0.00908652074	-0.01112395064
0.04328782288	0.00903176563	-0.01112269872
0.04329952442	0.00897549915	-0.01112029953
0.04331160517	0.00891702069	-0.01111643034
0.04332377612	0.00885769849	-0.01111165519
0.04333632204	0.00879611233	-0.01110536588
0.04334902846	0.00873327725	-0.01109797522
0.04336208778	0.00866820300	-0.01108903762
0.04337529353	0.00860187836	-0.01107896715
0.04338888610	0.00853305123	-0.01106718897
0.04340265048	0.00846276142	-0.01105413438
0.04341667159	0.00839053203	-0.01103958235
0.04343098736	0.00831611308	-0.01102338637
0.04344557883	0.00823954367	-0.01100552385
0.04346038493	0.00816108706	-0.01098609042
0.04347544908	0.00808045340	-0.01096492452
0.04349076516	0.00799760874	-0.01094197247
0.04350632644	0.00791251918	-0.01091717909
0.04352212557	0.00782515086	-0.01089048798
0.04353815439	0.00773547102	-0.01086183940
0.04355440411	0.00764344704	-0.01083117250
0.04357091417	0.00754876403	-0.01079826907
0.04358759604	0.00745183680	-0.01076328461
0.04360445645	0.00735253546	-0.01072611067
0.04362153886	0.00725049982	-0.01068649651
0.04363879330	0.00714591625	-0.01064446276
0.04365617803	0.00703892888	-0.01060003251
0.04367375656	0.00692902506	-0.01055284576
0.04369142680	0.00681671653	-0.01050310526
0.04370921232	0.00670172800	-0.01045059061
0.04372713507	0.00658377234	-0.01039503442
0.04374508778	0.00646341204	-0.01033666993
0.04376310354	0.00634028140	-0.01027520513
0.04378115773	0.00621438878	-0.01021054004
0.04379922479	0.00608574626	-0.01014257304
0.04381727839	0.00595436937	-0.01007120166
0.04383529145	0.00582027691	-0.00999632343
0.04385323620	0.00568349141	-0.00991783552
0.04387108416	0.00554403958	-0.00983563469
0.04388880627	0.00540195187	-0.00974961827
0.04390637298	0.00525726274	-0.00965968434
0.04392377100	0.00510986706	-0.00956562839
0.04394096094	0.00495987419	-0.00946737307
0.04395788131	0.00480760547	-0.00936501844
0.04397456595	0.00465252073	-0.00925803955
0.04399090527	0.00449540359	-0.00914684875
0.04400694585	0.00433556423	-0.00903080790
0.04402258413	0.00417378568	-0.00891033679
0.04403784120	0.00400960622	-0.00878496634
0.04405266718	0.00384329476	-0.00865473038
0.04406702129	0.00367505567	-0.00851964993
0.04408088651	0.00350483162	-0.00837954666
0.04409423243	0.00333272652	-0.00823435476
0.04410703103	0.00315883104	-0.00808400039
0.04411925274	0.00298327632	-0.00792844856
0.04413086840	0.00280621708	-0.00776769687
0.04414185658	0.00262771718	-0.00760167126
0.04415219636	0.00244784730	-0.00743030037
0.04416186207	0.00226679038	-0.00725361605
0.04417083367	0.00208467085	-0.00707161339
0.04417909371	0.00190159912	-0.00688428457
0.04418662589	0.00171769964	-0.00669164067
0.04419341595	0.00153309698	-0.00649369837
0.04419945652	0.00134775499	-0.00629031012
0.04420472612	0.00116214832	-0.00608184010
0.04420922279	0.00097622743	-0.00586819520
0.04421294334	0.00078996292	-0.00564925412
0.04421587783	0.00060377751	-0.00542536680
0.04421802730	0.00041768613	-0.00519652414
0.04421939328	0.00023164249	-0.00496261304
0.04421997592	0.00004614352	-0.00472411752
0.04421978134	-0.00013906110	-0.00448075958
0.04421881631	-0.00032354960	-0.00423296223
0.04421708908	-0.00050737864	-0.00398067725
0.04421461074	-0.00069036017	-0.00372410090
0.04421139471	-0.00087234047	-0.00346343349
0.04420745321	-0.00105331906	-0.00319869222
0.04420280684	-0.00123299121	-0.00293027199
0.04419746657	-0.00141150588	-0.00265803841
0.04419146142	-0.00158843859	-0.00238255731
0.04418479996	-0.00176404425	-0.00210358717
0.04417751768	-0.00193786776	-0.00182174923
0.04416962649	-0.00211009377	-0.00153692628
0.04416115722	-0.00228048082	-0.00124949348
0.04415213534	-0.00244894778	-0.00095968237
0.04414257775	-0.00261557443	-0.00066748642
0.04413252577	-0.00278003036	-0.00037345489
0.04412199727	-0.00294240663	-0.00007763203
0.04411101580	-0.00310268998	0.00021985782
0.04409962208	-0.00326063371	0.00051853734
0.04408783640	-0.00341629647	0.00081830318
0.04407568706	-0.00356962326	0.00111892277
0.04406319982	-0.00372059422	0.00142022199
0.04405040967	-0.00386908358	0.00172185676
0.04403734176	-0.00401508787	0.00202363094
0.04402402281	-0.00415858339	0.00232532840
0.04401048009	-0.00429953979	0.00262671937
0.04399674068	-0.00443792854	0.00292757803
0.04398283097	-0.00457372717	0.00322768072
0.04396877667	-0.00470691812	0.00352680713
0.04395459802	-0.00483753167	0.00382482377
0.04394032902	-0.00496546935	0.00412139236
0.04392598928	-0.00509076279	0.00441634446
0.04391159839	-0.00521343713	0.00470952041
0.04389717466	-0.00533352197	0.00500080612
0.04388275510	-0.00545089024	0.00528978473
0.04386833694	-0.00556573576	0.00557659041
0.04385396457	-0.00567786855	0.00586071751
0.04383962955	-0.00578751080	0.00614235501
0.04382537411	-0.00589448757	0.00642103950
0.04381120125	-0.00599892029	0.00669676208
0.04379712323	-0.00610085214	0.00696944629
0.04378316294	-0.00620024543	0.00723886763
0.04376933283	-0.00629713454	0.00750490374
0.04375564283	-0.00639156635	0.00776746863
0.04374210513	-0.00648356685	0.00802645195
0.04372873087	-0.00657316485	0.00828175106
0.04371553019	-0.00666039188	0.00853327098
0.04370250852	-0.00674530568	0.00878098426
0.04368967970	-0.00682790506	0.00902475832
0.04367705315	-0.00690821456	0.00926448403
0.04366462783	-0.00698632068	0.00950018614
0.04365240964	-0.00706226114	0.00973183923
0.04364041586	-0.00713600054	0.00995923605
0.04362863135	-0.00720769910	0.01018258313
0.04361708026	-0.00727727352	0.01040161158
0.04360575387	-0.00734483691	0.01061641659
0.04359464996	-0.00741045847	0.01082706799
0.04358378669	-0.00747408441	0.01103336126
0.04357315412	-0.00753582379	0.01123540382
0.04356275401	-0.00759571347	0.01143319507
0.04355258745	-0.00765379163	0.01162673949
0.04354265486	-0.00771009779	0.01181604643
0.04353295614	-0.00776467187	0.01200113010
0.04352349068	-0.00781755455	0.01218200917
0.04351425731	-0.00786878713	0.01235870656
0.04350525430	-0.00791841195	0.01253124896
0.04349647962	-0.00796647105	0.01269966706
0.04348792332	-0.00801304720	0.01286411494
0.04347959789	-0.00805809947	0.01302445710
0.04347149630	-0.00810169178	0.01318075645
0.04346359811	-0.00814395723	0.01333330753
0.04345593166	-0.00818476656	0.01348176902
0.04344846207	-0.00822432634	0.01362657492
0.04344121466	-0.00826252192	0.01376742480
0.04343415360	-0.00829956028	0.01390478692
0.04342731038	-0.00833529322	0.01403828935
0.04342065778	-0.00836987923	0.01416825068
0.04341419111	-0.00840335708	0.01429478159
0.04340792407	-0.00843566998	0.01441771901
0.04340184004	-0.00846691687	0.01453726191
0.04339593562	-0.00849712726	0.01465347392
0.04339020493	-0.00852634246	0.01476645757
0.04338464892	-0.00855456826	0.01487622444
0.04337926500	-0.00858182780	0.01498281210
0.04337404554	-0.00860816899	0.01508632615
0.04336898681	-0.00863361936	0.01518683170
0.04336408490	-0.00865820657	0.01528439354
0.04335933600	-0.00868195724	0.01537907647
0.04335473619	-0.00870489804	0.01547094482
0.04335027776	-0.00872707384	0.01556012487
0.04334596276	-0.00874848056	0.01564661094
0.04334178825	-0.00876913858	0.01573044510
0.04333774776	-0.00878908520	0.01581171848
0.04333383746	-0.00880834440	0.01589049266
0.04333004848	-0.00882696430	0.01596691052
0.04332637934	-0.00884495638	0.01604102701
0.04332284038	-0.00886227406	0.01611269817
0.04331941696	-0.00887899284	0.01618210915
0.04331612308	-0.00889504815	0.01624902927
0.04331262417	-0.00891206978	0.01631958906
0.04331067893	-0.00892151841	0.01639161407
0.04331031514	-0.00892328429	0.01646425986
0.04331153800	-0.00891734692	0.01653667474
0.04331433003	-0.00890377526	0.01660800970
0.04331865143	-0.00888272696	0.01667742841
0.04332444085	-0.00885444662	0.01674411699
0.04333161664	-0.00881926300	0.01680729359
0.04334007841	-0.00877758528	0.01686621751
0.04334970902	-0.00872989852	0.01692019793
0.04336037673	-0.00867675804	0.01696860197
0.04337193766	-0.00861878318	0.01701086215
0.04338423835	-0.00855665018	0.01704648300
0.04339711840	-0.00849108442	0.01707504689
0.04358477327	0.01032044760	-0.01024545532
0.04360112131	0.01025116190	-0.01040178570
0.04361038832	0.01021166640	-0.01046423133
0.04361852442	0.01017685746	-0.01051145754
0.04362629735	0.01014348457	-0.01055059864
0.04363379241	0.01011119477	-0.01058467221
0.04364116033	0.01007934647	-0.01061507915
0.04364858993	0.01004712380	-0.01064248039
0.04365590247	0.01001530227	-0.01066774438
0.04366330777	0.00998296823	-0.01069099020
0.04367083884	0.00994997159	-0.01071245125
0.04367836069	0.00991690011	-0.01073255476
0.04368599441	0.00988321773	-0.01075129466
0.04369382628	0.00984853519	-0.01076865573
0.04370174973	0.00981331599	-0.01078489735
0.04370978179	0.00977747800	-0.01080007979
0.04371797040	0.00974079893	-0.01081419326
0.04372632351	0.00970323308	-0.01082727164
0.04373484828	0.00966473722	-0.01083934055
0.04374355118	0.00962527040	-0.01085041768
0.04375244458	0.00958476358	-0.01086050289
0.04376151954	0.00954324407	-0.01086962703
0.04377077595	0.00950069854	-0.01087780354
0.04378025255	0.00945693326	-0.01088497114
0.04378992830	0.00941202844	-0.01089116672
0.04379980904	0.00936593978	-0.01089637983
0.04380990114	0.00931861913	-0.01090059705
0.04382020808	0.00927003041	-0.01090380487
0.04383073331	0.00922013653	-0.01090598961
0.04384149802	0.00916881408	-0.01090709829
0.04385257129	0.00911570574	-0.01090696998
0.04386378055	0.00906161441	-0.01090592247
0.04387522817	0.00900602315	-0.01090375421
0.04388704737	0.00894824973	-0.01090015597
0.04389896004	0.00888962356	-0.01089566604
0.04391124058	0.00882876268	-0.01088970282
0.04392368261	0.00876665308	-0.01088265994
0.04393647164	0.00870233073	-0.01087411088
0.04394940891	0.00863675611	-0.01086445050
0.04396272628	0.00856871042	-0.01085312867
0.04397621670	0.00849920377	-0.01084055647
0.04398996217	0.00842777123	-0.01082652205
0.04400399947	0.00835416845	-0.01081088429
0.04401831052	0.00827843218	-0.01079362037
0.04403283656	0.00820081728	-0.01077482061
0.04404761968	0.00812104059	-0.01075432959
0.04406265414	0.00803906773	-0.01073209475
0.04407793362	0.00795486442	-0.01070806203
0.04409345120	0.00786839637	-0.01068217619
0.04410919917	0.00777963034	-0.01065437870
0.04412516920	0.00768853320	-0.01062460992
0.04414139959	0.00759479705	-0.01059265955
0.04415780493	0.00749882413	-0.01055867450
0.04417439187	0.00740048665	-0.01052254962
0.04419120258	0.00729943249	-0.01048404339
0.04420818889	0.00719584152	-0.01044317335
0.04422531052	0.00708985257	-0.01039995983
0.04424262909	0.00698096494	-0.01035405642
0.04426004587	0.00686967533	-0.01030565473
0.04427758379	0.00675571415	-0.01025454202
0.04429526424	0.00663880006	-0.01020045995
0.04431298331	0.00651947932	-0.01014362908
0.04433077315	0.00639739414	-0.01008376790
0.04434860994	0.00627255102	-0.01002077809
0.04436646894	0.00614496002	-0.00995455969
0.04438432460	0.00601463461	-0.00988501185
0.04440215065	0.00588159145	-0.00981203370
0.04441992006	0.00574585083	-0.00973552398
0.04443760512	0.00560743712	-0.00965538094
0.04445517751	0.00546637839	-0.00957150341
0.04447260836	0.00532270660	-0.00948379086
0.04448988465	0.00517631758	-0.00939204453
0.04450696789	0.00502731627	-0.00929618703
0.04452379792	0.00487601467	-0.00919631122
0.04454040761	0.00472188411	-0.00909191156
0.04455668968	0.00456568772	-0.00898337947
0.04457268948	0.00440675077	-0.00887010124
0.04458830537	0.00424583608	-0.00875247542
0.04460355774	0.00408249156	-0.00863005036
0.04461839734	0.00391697830	-0.00850285515
0.04463278380	0.00374949466	-0.00837090717
0.04464669997	0.00357998347	-0.00823403311
0.04466011555	0.00340854504	-0.00809216722
0.04467300246	0.00323526686	-0.00794523619
0.04468533104	0.00306027607	-0.00779320406
0.04469707195	0.00288372307	-0.00763606632
0.04470820341	0.00270566954	-0.00747375000
0.04471870409	0.00252618385	-0.00730618479
0.04472854783	0.00234544437	-0.00713339937
0.04473771401	0.00216357241	-0.00695538752
0.04474618446	0.00198067575	-0.00677214047
0.04475394213	0.00179687604	-0.00658366779
0.04476097189	0.00161229520	-0.00638998452
0.04476726553	0.00142689768	-0.00619094839
0.04477280033	0.00124114880	-0.00598690778
0.04477757333	0.00105500062	-0.00577777375
0.04478158035	0.00086842460	-0.00556342987
0.04478480992	0.00068183591	-0.00534421159
0.04478726189	0.00049525026	-0.00512011117
0.04478893671	0.00030862297	-0.00489102083
0.04478983264	0.00012244306	-0.00465740551
0.04478995494	-0.00006353392	-0.00441900035
0.04478930846	-0.00024889229	-0.00417621227
0.04478790034	-0.00043368597	-0.00392899724
0.04478574005	-0.00061772843	-0.00367754539
0.04478283949	-0.00080086646	-0.00342205138
0.04477920968	-0.00098309755	-0.00316253435
0.04477486936	-0.00116411949	-0.00289937601
0.04476982866	-0.00134407655	-0.00263245071
0.04476411450	-0.00152254810	-0.00236230454
0.04475773497	-0.00169978252	-0.00208870969
0.04475072338	-0.00187532859	-0.00181226570
0.04474309112	-0.00204936509	-0.00153286468
0.04473486746	-0.00222165099	-0.00125087057
0.04472607678	-0.00239210277	-0.00096651027
0.04471673539	-0.00256079600	-0.00067978212
0.04470688295	-0.00272740105	-0.00039121784
0.04469653693	-0.00289200393	-0.00010086538
0.04468572021	-0.00305458823	0.00019115116
0.04467447232	-0.00321490643	0.00048436854
0.04466281325	-0.00337301239	0.00077868179
0.04465077080	-0.00352884788	0.00107386230
0.04463837035	-0.00368238957	0.00136973760
0.04462564631	-0.00383350907	0.00166597195
0.04461262369	-0.00398219881	0.00196237129
0.04459932908	-0.00412843132	0.00225872247
0.04458578969	-0.00427217251	0.00255479927
0.04457203257	-0.00441339012	0.00285037933
0.04455808421	-0.00455205792	0.00314524231
0.04454397050	-0.00468815449	0.00343917113
0.04452971199	-0.00482170610	0.00373203226
0.04451534277	-0.00495261121	0.00402349560
0.04450088296	-0.00508089714	0.00431339384
0.04448635266	-0.00520658501	0.00460156839
0.04447177069	-0.00532970089	0.00488790490
0.04445717434	-0.00545011463	0.00517199794
0.04444256185	-0.00556801548	0.00545397155
0.04442797782	-0.00568321098	0.00573333544
0.04441341492	-0.00579591887	0.00601026661
0.04439891568	-0.00590596195	0.00628431577
0.04438448410	-0.00601345752	0.00655546983
0.04437013320	-0.00611844583	0.00682365158
0.04435588654	-0.00622088655	0.00708864172
0.04434175740	-0.00632081095	0.00735031893
0.04432775655	-0.00641826297	0.00760859711
0.04431389699	-0.00651326598	0.00786336705
0.04430019069	-0.00660584625	0.00811452709
0.04428664860	-0.00669603285	0.00836198313
0.04427327697	-0.00678388134	0.00860570624
0.04426009039	-0.00686938851	0.00884556669
0.04424709909	-0.00695257663	0.00908145716
0.04423430291	-0.00703353016	0.00931339931
0.04422170843	-0.00711228537	0.00954136709
0.04420933367	-0.00718880496	0.00976515944
0.04419716429	-0.00726324780	0.00998497348
0.04418522505	-0.00733552913	0.01020054947
0.04417350802	-0.00740576056	0.01041197754
0.04416201158	-0.00747401054	0.01061932412
0.04415075448	-0.00754022404	0.01082239176
0.04413972749	-0.00760450902	0.01102128287
0.04412893291	-0.00766690159	0.01121599644
0.04411837239	-0.00772743929	0.01140653648
0.04410804685	-0.00778616101	0.01159291177
0.04409795670	-0.00784310619	0.01177513588
0.04408810179	-0.00789831504	0.01195322683
0.04407848141	-0.00795182849	0.01212720676
0.04406909427	-0.00800368855	0.01229710158
0.04405993870	-0.00805393701	0.01246294111
0.04405100508	-0.00810265706	0.01262487425
0.04404230625	-0.00814980736	0.01278277123
0.04403383556	-0.00819545153	0.01293669291
0.04402557270	-0.00823972381	0.01308692370
0.04401754643	-0.00828249395	0.01323313592
0.04400972196	-0.00832396976	0.01337574800
0.04400212501	-0.00836403581	0.01351447175
0.04399471966	-0.00840290081	0.01364975890
0.04398753783	-0.00844041563	0.01378125257
0.04398055234	-0.00847673968	0.01390926021
0.04397375855	-0.00851191275	0.01403388979
0.04396717041	-0.00854587772	0.01415498546
0.04396077135	-0.00857873431	0.01427273977
0.04395455804	-0.00861051264	0.01438721524
0.04394852459	-0.00864125490	0.01449851195
0.04394267203	-0.00867096736	0.01460664237
0.04393699784	-0.00869967360	0.01471164389
0.04393149440	-0.00872742229	0.01481361944
0.04392615796	-0.00875424163	0.01491263303
0.04392098463	-0.00878015996	0.01500874839
0.04391597058	-0.00880520462	0.01510202922
0.04391111185	-0.00882940294	0.01519253880
0.04390640063	-0.00885280090	0.01528040014
0.04390183898	-0.00887539485	0.01536560914
0.04389742396	-0.00889720573	0.01544820754
0.04389314903	-0.00891827160	0.01552828437
0.04388901029	-0.00893861712	0.01560590020
0.04388499870	-0.00895829162	0.01568119405
0.04388111269	-0.00897730746	0.01575422024
0.04387736277	-0.00899561763	0.01582484122
0.04387373413	-0.00901329872	0.01589323645
0.04387024110	-0.00903028495	0.01595918451
0.04386656801	-0.00904811089	0.01602816302
0.04386441821	-0.00905852721	0.01609870500
0.04386382219	-0.00906141287	0.01616998339
0.04386478842	-0.00905673436	0.01624116253
0.04386730317	-0.00904454602	0.01631140789
0.04387133078	-0.00902498948	0.01637989593
0.04387681438	-0.00899829205	0.01644582368
0.04388367697	-0.00896476411	0.01650841820
0.04389182295	-0.00892479569	0.01656694563
0.04390113994	-0.00887885196	0.01662071978
0.04391150087	-0.00882746802	0.01666911020
0.04392276631	-0.00877124275	0.01671154956
0.04393478697	-0.00871083197	0.01674754029
0.04394740620	-0.00864694095	0.01677666044
0.04417912508	0.01032675202	-0.01003949401
0.04419484205	0.01025928049	-0.01019322354
0.04420379276	0.01022064606	-0.01025466105
0.04421166528	0.01018653783	-0.01030113526
0.04421919432	0.01015380490	-0.01033966739
0.04422646104	0.01012210670	-0.01037321845
0.04423360976	0.01009082096	-0.01040316701
0.04424082156	0.01005915544	-0.01043016793
0.04424792483	0.01002786359	-0.01045506562
0.04425512095	0.00999605772	-0.01047798456
0.04426244163	0.00996359178	-0.01049915478
0.04426975734	0.00993103645	-0.01051898969
0.04427718439	0.00989787060	-0.01053748787
0.04428480569	0.00986371559	-0.01055463775
0.04429251902	0.00982902125	-0.01057068930
0.04430034083	0.00979370730	-0.01058570209
0.04430831724	0.00975755724	-0.01059966834
0.04431645600	0.00972052610	-0.01061262149
0.04432476411	0.00968257128	-0.01062458687
0.04433324790	0.00964365236	-0.01063558198
0.04434191939	0.00960370162	-0.01064560715
0.04435077011	0.00956274491	-0.01065469214
0.04435980010	0.00952076860	-0.01066285002
0.04436904672	0.00947758373	-0.01067002235
0.04437848989	0.00943326747	-0.01067624429
0.04438813537	0.00938777602	-0.01068150579
0.04439798941	0.00934106182	-0.01068579390
0.04440805554	0.00929308898	-0.01068909547
0.04441833720	0.00924382064	-0.01069139719
0.04442885493	0.00919313599	-0.01069264810
0.04443967534	0.00914068683	-0.01069269382
0.04445063261	0.00908725262	-0.01069183748
0.04446182536	0.00903233004	-0.01068988638
0.04447338191	0.00897525496	-0.01068654422
0.04448503489	0.00891731860	-0.01068232461
0.04449704846	0.00885717666	-0.01067667151
0.04450922420	0.00879578654	-0.01066996009
0.04452174085	0.00873221003	-0.01066178223
0.04453440723	0.00866737980	-0.01065251434
0.04454744674	0.00860010983	-0.01064163005
0.04456066021	0.00853138099	-0.01062952099
0.04457412675	0.00846074016	-0.01061598417
0.04458788197	0.00838794856	-0.01060088370
0.04460190865	0.00831304064	-0.01058419654
0.04461615034	0.00823626304	-0.01056600794
0.04463064775	0.00815733913	-0.01054616841
0.04464539552	0.00807623421	-0.01052462646
0.04466038773	0.00799291361	-0.01050132918
0.04467561787	0.00790734264	-0.01047622245
0.04469107868	0.00781948762	-0.01044924894
0.04470676225	0.00772931494	-0.01042035020
0.04472270572	0.00763652362	-0.01038932359
0.04473882681	0.00754150355	-0.01035630779
0.04475513203	0.00744412901	-0.01032120083
0.04477166228	0.00734405589	-0.01028377014
0.04478837115	0.00724145768	-0.01024403033
0.04480521983	0.00713646802	-0.01020199908
0.04482226801	0.00702859806	-0.01015734316
0.04483942032	0.00691832964	-0.01011024346
0.04485669901	0.00680539888	-0.01006049468
0.04487412490	0.00668953020	-0.01000784725
0.04489159746	0.00657125385	-0.00995250955
0.04490914787	0.00645021993	-0.00989421026
0.04492675310	0.00632643311	-0.00983285274
0.04494438920	0.00619990154	-0.00976833864
0.04496203143	0.00607063671	-0.00970056877
0.04497965427	0.00593865319	-0.00962944385
0.04499723150	0.00580396912	-0.00955486418
0.04501473613	0.00566660664	-0.00947672956
0.04503214060	0.00552659148	-0.00939494028
0.04504941673	0.00538395322	-0.00930939726
0.04506655177	0.00523858868	-0.00921990734
0.04508350815	0.00509059851	-0.00912639315
0.04510022704	0.00494028549	-0.00902894067
0.04511674039	0.00478713244	-0.00892706318
0.04513294326	0.00463188224	-0.00882113197
0.04514887973	0.00447387517	-0.00871055699
0.04516445021	0.00431385408	-0.00859571631
0.04517967433	0.00415137654	-0.00847617523
0.04519450360	0.00398669588	-0.00835195829
0.04520889807	0.00382000461	-0.00822307945
0.04522284052	0.00365124574	-0.00808937029
0.04523630077	0.00348051610	-0.00795076521
0.04524925079	0.00330790007	-0.00780719145
0.04526166089	0.00313352088	-0.00765861218
0.04527350161	0.00295752469	-0.00750502090
0.04528475087	0.00277997102	-0.00734634575
0.04529538700	0.00260092605	-0.00718251749
0.04530538347	0.00242056361	-0.00701356177
0.04531471913	0.00223900196	-0.00683947116
0.04532337521	0.00205634628	-0.00666023602
0.04533133394	0.00187271544	-0.00647586445
0.04533857942	0.00168822878	-0.00628636997
0.04534510269	0.00150285140	-0.00609161544
0.04535087990	0.00131703926	-0.00589193399
0.04535590715	0.00113074600	-0.00568724069
0.04536017934	0.00094394402	-0.00547742386
0.04536368359	0.00075704089	-0.00526280492
0.04536641863	0.00057005307	-0.00504337747
0.04536838391	0.00038293755	-0.00481903884
0.04536957588	0.00019617528	-0.00459023552
0.04536999900	0.00000952777	-0.00435671536
0.04536965631	-0.00017659555	-0.00411886963
0.04536855384	-0.00036224583	-0.00387665838
0.04536669958	-0.00054723818	-0.00363026574
0.04536410392	-0.00073141996	-0.00337988089
0.04536077673	-0.00091478667	-0.00312552479
0.04535673496	-0.00109703879	-0.00286756630
0.04535198792	-0.00127831587	-0.00260588819
0.04534656049	-0.00145820140	-0.00234101740
0.04534046026	-0.00163693714	-0.00207273928
0.04533371845	-0.00181407604	-0.00180163230
0.04532634589	-0.00198979099	-0.00152759756
0.04531837033	-0.00216384160	-0.00125098797
0.04530981505	-0.00233614210	-0.00097202591
0.04530069575	-0.00250676384	-0.00069071433
0.04529105045	-0.00267537828	-0.00040756785
0.04528089617	-0.00284206644	-0.00012263788
0.04527025514	-0.00300680882	0.00016395175
0.04525916563	-0.00316935736	0.00045175159
0.04524764735	-0.00332976121	0.00074065523
0.04523572749	-0.00348795907	0.00103043796
0.04522343106	-0.00364392420	0.00132092906
0.04521079183	-0.00379752583	0.00161180097
0.04519783462	-0.00394875243	0.00190286175
0.04518458583	-0.00409757284	0.00219390129
0.04517107253	-0.00424394940	0.00248469691
0.04515732172	-0.00438784629	0.00277502971
0.04514335990	-0.00452923360	0.00306468270
0.04512921305	-0.00466808623	0.00335344205
0.04511490204	-0.00480442651	0.00364117429
0.04510046091	-0.00493815004	0.00392755738
0.04508591023	-0.00506927991	0.00421242522
0.04507127054	-0.00519783334	0.00449562036
0.04505656115	-0.00532383294	0.00477702831
0.04504181949	-0.00544714575	0.00505625484
0.04502704479	-0.00556795632	0.00533341425
0.04501228174	-0.00568607007	0.00560803128
0.04499752410	-0.00580170015	0.00588027135
0.04498281460	-0.00591466739	0.00614969902
0.04496815819	-0.00602508497	0.00641629720
0.04495356861	-0.00613299025	0.00667998806
0.04493906996	-0.00623834040	0.00694055740
0.04492467633	-0.00634116363	0.00719788499
0.04491039929	-0.00644150105	0.00745188474
0.04489625257	-0.00653937345	0.00770244858
0.04488224892	-0.00663480461	0.00794947589
0.04486840004	-0.00672782121	0.00819287347
0.04485471298	-0.00681847664	0.00843261104
0.04484120300	-0.00690676577	0.00866856164
0.04482788112	-0.00699270868	0.00890061983
0.04481474798	-0.00707638775	0.00912880427
0.04480181088	-0.00715783782	0.00935308834
0.04478908844	-0.00723701986	0.00957327708
0.04477656720	-0.00731409119	0.00978955846
0.04476427240	-0.00738896584	0.01000168167
0.04475219693	-0.00746175382	0.01020973196
0.04474033975	-0.00753252277	0.01041377248
0.04472872015	-0.00760121662	0.01061361269
0.04471732957	-0.00766794212	0.01080935013
0.04470617088	-0.00773273465	0.01100098341
0.04469524623	-0.00779563109	0.01118851609
0.04468455707	-0.00785666974	0.01137195641
0.04467410428	-0.00791588952	0.01155131735
0.04466388816	-0.00797333018	0.01172661626
0.04465390846	-0.00802903228	0.01189787457
0.04464416429	-0.00808303749	0.01206511738
0.04463465439	-0.00813538734	0.01222837372
0.04462536944	-0.00818616530	0.01238778738
0.04461632261	-0.00823532979	0.01254323420
0.04460750763	-0.00828294408	0.01269477306
0.04459890438	-0.00832914329	0.01284267845
0.04459054195	-0.00837379652	0.01298663598
0.04458238573	-0.00841711248	0.01312704889
0.04457446173	-0.00845897522	0.01326364094
0.04456673410	-0.00849959479	0.01339684768
0.04455923504	-0.00853882149	0.01352632692
0.04455193753	-0.00857681539	0.01365237524
0.04454483694	-0.00861361725	0.01377509793
0.04453794745	-0.00864916974	0.01389434617
0.04453125257	-0.00868357323	0.01401030623
0.04452474906	-0.00871685844	0.01412303954
0.04451843105	-0.00874906836	0.01423264374
0.04451229961	-0.00878020976	0.01433913216
0.04450635232	-0.00881030664	0.01444254201
0.04450058157	-0.00883940836	0.01454297357
0.04449498362	-0.00886754377	0.01464048979
0.04448955458	-0.00889474187	0.01473515328
0.04448429062	-0.00892103065	0.01482702672
0.04447918777	-0.00894643811	0.01491617228
0.04447423814	-0.00897101121	0.01500270979
0.04446944378	-0.00899474682	0.01508663666
0.04446480174	-0.00901766636	0.01516799429
0.04446030544	-0.00903980862	0.01524686963
0.04445595094	-0.00906119893	0.01532332226
0.04445172905	-0.00908188770	0.01539748737
0.04444763809	-0.00910188817	0.01546941868
0.04444368873	-0.00912115301	0.01553898487
0.04443986600	-0.00913975981	0.01560635980
0.04443618454	-0.00915764180	0.01567133113
0.04443235197	-0.00917621919	0.01573873516
0.04443001051	-0.00918754953	0.01580779494
0.04442919318	-0.00919150115	0.01587770080
0.04442991154	-0.00918802811	0.01594763315
0.04443215543	-0.00917717078	0.01601677210
0.04443589321	-0.00915905534	0.01608430707
0.04444107233	-0.00913389240	0.01614944627
0.04444762040	-0.00910197456	0.01621142599
0.04445544656	-0.00906367316	0.01626951959
0.04446444320	-0.00901943405	0.01632304597
0.04447448798	-0.00896977250	0.01637137758
0.04448544602	-0.00891526735	0.01641394778
0.04449717232	-0.00885655439	0.01645025747
0.04450951418	-0.00879431904	0.01647988095
0.04476372262	0.01032921764	-0.00984334736
0.04477884721	0.01026345181	-0.00999457085
0.04478749946	0.01022562919	-0.01005503480
0.04479512271	0.01019218237	-0.01010078199
0.04480242069	0.01016005416	-0.01013872436
0.04480947079	0.01012891542	-0.01017176880
0.04481641131	0.01009816207	-0.01020127232
0.04482341603	0.01006702416	-0.01022788364
0.04483032013	0.01003623420	-0.01025242455
0.04483731698	0.01000492909	-0.01027502433
0.04484443710	0.00997296654	-0.01029590973
0.04485155612	0.00994090106	-0.01031548123
0.04485878581	0.00990822565	-0.01033374162
0.04486620592	0.00987457173	-0.01035068266
0.04487371833	0.00984037616	-0.01036654554
0.04488133894	0.00980556042	-0.01038138913
0.04488911216	0.00976991351	-0.01039520750
0.04489704553	0.00973339113	-0.01040803364
0.04490514590	0.00969595128	-0.01041989258
0.04491341948	0.00965755408	-0.01043080169
0.04492187794	0.00961813302	-0.01044076166
0.04493051325	0.00957771260	-0.01044980127
0.04493932559	0.00953627890	-0.01045793323
0.04494835100	0.00949364748	-0.01046510172
0.04495757032	0.00944989265	-0.01047134032
0.04496698921	0.00940497109	-0.01047663933
0.04497661384	0.00935883579	-0.01048098624
0.04498644773	0.00931145106	-0.01048436826
0.04499649433	0.00926278025	-0.01048677241
0.04500677355	0.00921270505	-0.01048814959
0.04501734964	0.00916088594	-0.01048835157
0.04502806322	0.00910808009	-0.01048766783
0.04503900928	0.00905379715	-0.01048591389
0.04505031154	0.00899739019	-0.01048280552
0.04506171278	0.00894011416	-0.01047883338
0.04507346745	0.00888066055	-0.01047346517
0.04508538469	0.00881995961	-0.01046705899
0.04509763675	0.00875709769	-0.01045922376
0.04511003969	0.00869298103	-0.01045031877
0.04512280885	0.00862645477	-0.01043983977
0.04513575253	0.00855847204	-0.01042816035
0.04514894710	0.00848859093	-0.01041508574
0.04516242703	0.00841657796	-0.01040048493
0.04517617591	0.00834246546	-0.01038433470
0.04519013948	0.00826649222	-0.01036671562
0.04520435713	0.00818838788	-0.01034748371
0.04521882387	0.00810811742	-0.01032658854
0.04523353412	0.00802564584	-0.01030397825
0.04524848177	0.00794093809	-0.01027959982
0.04526365994	0.00785396010	-0.01025339704
0.04527906115	0.00776467781	-0.01022531261
0.04529472142	0.00767279688	-0.01019515104
0.04531056141	0.00757869545	-0.01016304340
0.04532658754	0.00748224980	-0.01012889071
0.04534283943	0.00738312349	-0.01009246873
0.04535927239	0.00728148395	-0.01005378942
0.04537584896	0.00717745992	-0.01001286803
0.04539262700	0.00707057384	-0.00996938361
0.04540951434	0.00696129350	-0.00992350715
0.04542653258	0.00684936042	-0.00987504028
0.04544370196	0.00673450460	-0.00982374168
0.04546092521	0.00661724105	-0.00976980845
0.04547823255	0.00649722743	-0.00971297877
0.04549560170	0.00637446672	-0.00965315760
0.04551300949	0.00624896530	-0.00959024821
0.04553043191	0.00612073280	-0.00952415297
0.04554784422	0.00598978186	-0.00945477414
0.04556522092	0.00585612861	-0.00938201356
0.04558253577	0.00571979310	-0.00930577250
0.04559976188	0.00558079891	-0.00922595269
0.04561687180	0.00543917337	-0.00914245645
0.04563385302	0.00529481434	-0.00905509591
0.04565066884	0.00514781841	-0.00896379381
0.04566726182	0.00499847957	-0.00886862976
0.04568366290	0.00484629175	-0.00876913465
0.04569976956	0.00469197845	-0.00866566106
0.04571562460	0.00453489445	-0.00855764106
0.04573113047	0.00437576349	-0.00844543374
0.04574630607	0.00421415245	-0.00832862020
0.04576110368	0.00405030735	-0.00820722085
0.04577548383	0.00388441507	-0.00808124650
0.04578942924	0.00371641890	-0.00795053337
0.04580290994	0.00354641238	-0.00781501603
0.04581589795	0.00337447696	-0.00767462232
0.04582836364	0.00320073219	-0.00752931462
0.04584027746	0.00302532016	-0.00737908467
0.04585161716	0.00284829845	-0.00722386168
0.04586236077	0.00266973111	-0.00706357742
0.04587248148	0.00248978769	-0.00689825481
0.04588195770	0.00230858353	-0.00672788529
0.04589077013	0.00212622134	-0.00655245845
0.04589890043	0.00194281738	-0.00637198105
0.04590633201	0.00175848849	-0.00618646524
0.04591305523	0.00157320046	-0.00599577866
0.04591904529	0.00138740019	-0.00580024023
0.04592429745	0.00120104290	-0.00559976880
0.04592880575	0.00101410189	-0.00539425710
0.04593255608	0.00082697736	-0.00518401350
0.04593554616	0.00063968650	-0.00496903279
0.04593777450	0.00045218793	-0.00474921711
0.04593923594	0.00026495470	-0.00452499567
0.04593993420	0.00007775414	-0.00429612819
0.04593987066	-0.00010901049	-0.00406299132
0.04593905034	-0.00029538766	-0.00382554885
0.04593747982	-0.00048119412	-0.00358397931
0.04593516816	-0.00066627789	-0.00333846667
0.04593212410	-0.00085063255	-0.00308903358
0.04592836296	-0.00103396137	-0.00283603683
0.04592389327	-0.00121639927	-0.00257936703
0.04591873799	-0.00139753399	-0.00231953309
0.04591290424	-0.00157760080	-0.00205633268
0.04590642126	-0.00175615698	-0.00179032445
0.04589929936	-0.00193336969	-0.00152141782
0.04589156482	-0.00210899934	-0.00124995534
0.04588323988	-0.00228295812	-0.00097615506
0.04587433963	-0.00245531330	-0.00070002415
0.04586490054	-0.00262573772	-0.00042206115
0.04585493916	-0.00279430759	-0.00014232062
0.04584447705	-0.00296100049	0.00013907396
0.04583355129	-0.00312556813	0.00042168617
0.04582218124	-0.00328805515	0.00070540833
0.04581039353	-0.00344839742	0.00099001950
0.04579821272	-0.00360656503	0.00127535068
0.04578567196	-0.00376242511	0.00156108209
0.04577279584	-0.00391596237	0.00184702390
0.04575961051	-0.00406714228	0.00213296893
0.04574614286	-0.00421592384	0.00241869794
0.04573241978	-0.00436226792	0.00270399535
0.04571846773	-0.00450614119	0.00298864747
0.04570431274	-0.00464751510	0.00327244358
0.04568997588	-0.00478640827	0.00355525038
0.04567549112	-0.00492271375	0.00383675350
0.04566087939	-0.00505645065	0.00411678808
0.04564616160	-0.00518763251	0.00439519782
0.04563135744	-0.00531627863	0.00467186821
0.04561650442	-0.00544225361	0.00494641562
0.04560160268	-0.00556573738	0.00521894532
0.04558669691	-0.00568653363	0.00548899623
0.04557178190	-0.00580485091	0.00575672299
0.04555690046	-0.00592050847	0.00602170326
0.04554205841	-0.00603361551	0.00628391627
0.04552727012	-0.00614420663	0.00654328368
0.04551256020	-0.00625223671	0.00679959615
0.04549794341	-0.00635773112	0.00705273458
0.04548343205	-0.00646072824	0.00730261290
0.04546904051	-0.00656124644	0.00754912424
0.04545478223	-0.00665930719	0.00779216899
0.04544066961	-0.00675493491	0.00803165485
0.04542671041	-0.00684818087	0.00826755031
0.04541292050	-0.00693903821	0.00849973113
0.04539931159	-0.00702752496	0.00872809361
0.04538588511	-0.00711372147	0.00895265367
0.04537264896	-0.00719766119	0.00917338421
0.04535962234	-0.00727930360	0.00939009602
0.04534679260	-0.00735880434	0.00960296849
0.04533418540	-0.00743607650	0.00981175926
0.04532179440	-0.00751122845	0.01001654904
0.04530961911	-0.00758432701	0.01021739787
0.04529767928	-0.00765531526	0.01041412174
0.04528596703	-0.00772429870	0.01060681366
0.04527448572	-0.00779131203	0.01079547189
0.04526323799	-0.00785639146	0.01098009957
0.04525222575	-0.00791957476	0.01116070443
0.04524145035	-0.00798090032	0.01133729893
0.04523091252	-0.00804040747	0.01150989977
0.04522061242	-0.00809813636	0.01167852772
0.04521054955	-0.00815412837	0.01184320716
0.04520072304	-0.00820842474	0.01200396632
0.04519112386	-0.00826110912	0.01216094422
0.04518176548	-0.00831213980	0.01231402194
0.04517264200	-0.00836157970	0.01246325650
0.04516373350	-0.00840956458	0.01260891305
0.04515506933	-0.00845596319	0.01275068972
0.04514661513	-0.00850098476	0.01288897542
0.04513839713	-0.00854451313	0.01302350513
0.04513037962	-0.00858675928	0.01315469919
0.04512259500	-0.00862757327	0.01328222921
0.04511501643	-0.00866711559	0.01340638152
0.04510763934	-0.00870542782	0.01352725886
0.04510047806	-0.00874245265	0.01364471903
0.04509351626	-0.00877829091	0.01375894235
0.04508675073	-0.00881297386	0.01386998922
0.04508017567	-0.00884654519	0.01397795496
0.04507379219	-0.00887901220	0.01408285369
0.04506759795	-0.00891039927	0.01418472241
0.04506158536	-0.00894075637	0.01428365893
0.04505575073	-0.00897011294	0.01437972512
0.04505009016	-0.00899849858	0.01447298258
0.04504459982	-0.00902594189	0.01456349293
0.04503927575	-0.00905247148	0.01465131736
0.04503410998	-0.00907813519	0.01473657261
0.04502910457	-0.00910293038	0.01481925751
0.04502425657	-0.00912687898	0.01489941313
0.04501955938	-0.00915002041	0.01497712445
0.04501500899	-0.00917238058	0.01505245008
0.04501059612	-0.00919401091	0.01512552158
0.04500631900	-0.00921492540	0.01519639206
0.04500218839	-0.00923507660	0.01526493609
0.04499818925	-0.00925454291	0.01533132221
0.04499433639	-0.00927325685	0.01539534666
0.04499036389	-0.00929251082	0.01546123827
0.04498784996	-0.00930467387	0.01552886920
0.04498682988	-0.00930960458	0.01559744652
0.04498731797	-0.00930724565	0.01566616623
0.04498930738	-0.00929762449	0.01573422265
0.04499277018	-0.00928085295	0.01580081789
0.04499765791	-0.00925712604	0.01586517117
0.04500390253	-0.00922671974	0.01592652802
0.04501141770	-0.00918998785	0.01598416908
0.04502010042	-0.00914735799	0.01603741856
0.04502983292	-0.00909932676	0.01608565216
0.04504048478	-0.00904645402	0.01612830438
0.04505191526	-0.00898935654	0.01616487517
0.04506397564	-0.00892870089	0.01619493577
0.04535899488	0.01032821298	-0.00964990914
0.04537354372	0.01026410885	-0.00979863414
0.04538190443	0.01022707924	-0.00985812547
0.04538928364	0.01019427930	-0.00990314561
0.04539635506	0.01016274311	-0.00994049728
0.04540319245	0.01013215253	-0.00997303376
0.04540992831	0.01010192115	-0.01000209051
0.04541672928	0.01007130089	-0.01002830985
0.04542343719	0.01004100362	-0.01005249159
0.04543023761	0.01001019035	-0.01007476935
0.04543715988	0.00997872247	-0.01009536658
0.04544408470	0.00994713859	-0.01011467126
0.04545111940	0.00991494557	-0.01013269012
0.04545834061	0.00988178472	-0.01014941806
0.04546565426	0.00984808016	-0.01016508778
0.04547307567	0.00981375508	-0.01017975746
0.04548064760	0.00977860387	-0.01019342287
0.04548837740	0.00974258291	-0.01020611659
0.04549627174	0.00970565081	-0.01021786334
0.04550433670	0.00966776815	-0.01022868030
0.04551258363	0.00962886970	-0.01023856856
0.04552100493	0.00958897859	-0.01024755591
0.04552960088	0.00954808062	-0.01025565474
0.04553840625	0.00950599580	-0.01026281172
0.04554740276	0.00946279565	-0.01026905892
0.04555659599	0.00941843732	-0.01027438698
0.04556599200	0.00937287434	-0.01027878382
0.04557559430	0.00932607123	-0.01028223699
0.04558540636	0.00927799156	-0.01028473382
0.04559544745	0.00922851947	-0.01028622705
0.04560577951	0.00917732398	-0.01028657431
0.04561624944	0.00912514039	-0.01028605203
0.04562694872	0.00907149108	-0.01028448360
0.04563799649	0.00901574605	-0.01028159641
0.04564914552	0.00895912460	-0.01027785906
0.04566064070	0.00890035342	-0.01027276213
0.04567229859	0.00884033607	-0.01026664725
0.04568428506	0.00877818308	-0.01025913981
0.04569642330	0.00871477469	-0.01025058263
0.04570892067	0.00864898673	-0.01024049273
0.04572159285	0.00858174502	-0.01022922636
0.04573451347	0.00851261873	-0.01021659672
0.04574771590	0.00844137961	-0.01020247747
0.04576118451	0.00836805788	-0.01018684527
0.04577486717	0.00829288465	-0.01016977619
0.04578880198	0.00821559575	-0.01015113157
0.04580298427	0.00813615586	-0.01013086203
0.04581740883	0.00805452969	-0.01010891676
0.04583206990	0.00797068184	-0.01008524380
0.04584696099	0.00788457786	-0.01005978805
0.04586207503	0.00779618332	-0.01003249337
0.04587744689	0.00770521039	-0.01000317117
0.04589300017	0.00761202569	-0.00997194521
0.04590874116	0.00751650751	-0.00993871945
0.04592470822	0.00741832698	-0.00990327769
0.04594085832	0.00731764558	-0.00986562937
0.04595715538	0.00721458725	-0.00982578747
0.04597365538	0.00710868562	-0.00978344286
0.04599026935	0.00700039462	-0.00973875709
0.04600701821	0.00688946116	-0.00969153849
0.04602392164	0.00677562078	-0.00964155371
0.04604088558	0.00665937348	-0.00958898906
0.04605793929	0.00654038442	-0.00953359192
0.04607506124	0.00641865496	-0.00947526884
0.04609222901	0.00629418977	-0.00941392469
0.04610941934	0.00616699669	-0.00934946343
0.04612660823	0.00603708650	-0.00928178885
0.04614377091	0.00590447342	-0.00921080432
0.04616088187	0.00576917545	-0.00913641260
0.04617791494	0.00563121410	-0.00905851689
0.04619484335	0.00549061453	-0.00897702088
0.04621165484	0.00534727567	-0.00889174189
0.04622831362	0.00520129018	-0.00880260281
0.04624476363	0.00505294338	-0.00870967719
0.04626103481	0.00490174029	-0.00861251296
0.04627702711	0.00474838523	-0.00851144475
0.04629278198	0.00459224744	-0.00840592599
0.04630820405	0.00443403176	-0.00829629752
0.04632331146	0.00427331436	-0.00818215578
0.04633805729	0.00411033407	-0.00806351724
0.04635240260	0.00394527224	-0.00794038974
0.04636633011	0.00377807251	-0.00781261401
0.04637981005	0.00360882520	-0.00768012487
0.04639281458	0.00343760891	-0.00754285077
0.04640531415	0.00326453958	-0.00740075343
0.04641727924	0.00308975533	-0.00725382289
0.04642868741	0.00291331181	-0.00710198943
0.04643951649	0.00273527105	-0.00694518590
0.04644973945	0.00255579836	-0.00678343258
0.04645933432	0.00237500621	-0.00661671987
0.04646828137	0.00219299490	-0.00644503664
0.04647656173	0.00200987809	-0.00626838840
0.04648415820	0.00182577017	-0.00608678597
0.04649106052	0.00164063769	-0.00590010168
0.04649724306	0.00145491846	-0.00570864069
0.04650270027	0.00126856927	-0.00551232554
0.04650742541	0.00108156443	-0.00531105322
0.04651140326	0.00089429668	-0.00510511948
0.04651463056	0.00070678393	-0.00489452025
0.04651710495	0.00051898651	-0.00467916236
0.04651881979	0.00033136943	-0.00445945824
0.04651977804	0.00014370589	-0.00423517912
0.04651997956	-0.00004360711	-0.00400668744
0.04651942838	-0.00023061537	-0.00377395060
0.04651812976	-0.00041713734	-0.00353714167
0.04651609146	-0.00060302180	-0.00329643955
0.04651332116	-0.00078826040	-0.00305186850
0.04650983260	-0.00097255935	-0.00280377354
0.04650563354	-0.00115604894	-0.00255205281
0.04650074511	-0.00133832136	-0.00229719775
0.04649517394	-0.00151960534	-0.00203901785
0.04648894736	-0.00169946273	-0.00177805254
0.04648207514	-0.00187805497	-0.00151421918
0.04647458214	-0.00205514341	-0.00124785026
0.04646648957	-0.00223063835	-0.00097915949
0.04645781188	-0.00240460299	-0.00070815812
0.04644858401	-0.00257671179	-0.00043532896
0.04643882204	-0.00274703622	-0.00016072954
0.04642854685	-0.00291555102	0.00011551707
0.04641779430	-0.00308200787	0.00039298716
0.04640658339	-0.00324644702	0.00067157195
0.04639494015	-0.00340880164	0.00095105426
0.04638288868	-0.00356903871	0.00123126685
0.04637046146	-0.00372702346	0.00151189759
0.04635768279	-0.00388273698	0.00179275877
0.04634457856	-0.00403614146	0.00207364619
0.04633117544	-0.00418719271	0.00235434403
0.04631750013	-0.00433584840	0.00263464009
0.04630357903	-0.00448207193	0.00291432391
0.04628943814	-0.00462583145	0.00319318794
0.04627509868	-0.00476714189	0.00347109912
0.04626059451	-0.00490589397	0.00374775064
0.04624594683	-0.00504210292	0.00402297894
0.04623117687	-0.00517577869	0.00429662896
0.04621630466	-0.00530693732	0.00456858623
0.04620136771	-0.00543544125	0.00483847754
0.04618636703	-0.00556146567	0.00510639943
0.04617134721	-0.00568481286	0.00537190475
0.04615630404	-0.00580568665	0.00563513771
0.04614128032	-0.00592390498	0.00589568879
0.04612628272	-0.00603957307	0.00615353373
0.04611132618	-0.00615272279	0.00640859376
0.04609643573	-0.00626330690	0.00666066436
0.04608162676	-0.00637134799	0.00690962758
0.04606691224	-0.00647688174	0.00715539746
0.04605230719	-0.00657992419	0.00739786832
0.04603782567	-0.00668049454	0.00763694162
0.04602348073	-0.00677861502	0.00787252601
0.04600928081	-0.00687433480	0.00810458881
0.04599524234	-0.00696764537	0.00833300846
0.04598137766	-0.00705856275	0.00855768304
0.04596768896	-0.00714716528	0.00877862583
0.04595418473	-0.00723348504	0.00899580929
0.04594088467	-0.00731748012	0.00920904985
0.04592777694	-0.00739930438	0.00941851861
0.04591488758	-0.00747887013	0.00962398143
0.04590221096	-0.00755628405	0.00982551462
0.04588974719	-0.00763161209	0.01002317525
0.04587751638	-0.00770479663	0.01021678569
0.04586551132	-0.00777594184	0.01040643452
0.04585373586	-0.00784508174	0.01059211970
0.04584219311	-0.00791225193	0.01077384396
0.04583088544	-0.00797748957	0.01095161457
0.04581981462	-0.00804083257	0.01112544345
0.04580898180	-0.00810231981	0.01129534672
0.04579838754	-0.00816199107	0.01146134448
0.04578803175	-0.00821988737	0.01162346040
0.04577791390	-0.00827604970	0.01178172196
0.04576802531	-0.00833056177	0.01193626350
0.04575837966	-0.00838338185	0.01208697122
0.04574897143	-0.00843457251	0.01223390034
0.04573978098	-0.00848426989	0.01237730686
0.04573083782	-0.00853234270	0.01251690112
0.04572210792	-0.00857900037	0.01265305805
0.04571361763	-0.00862412679	0.01278552356
0.04570533151	-0.00866793352	0.01291470314
0.04569728203	-0.00871027068	0.01304028185
0.04568944262	-0.00875129896	0.01316253600
0.04568180876	-0.00879106070	0.01328156584
0.04567439492	-0.00882949876	0.01339723560
0.04566718491	-0.00886671427	0.01350971980
0.04566017562	-0.00890273902	0.01361907779
0.04565336128	-0.00893761736	0.01372540261
0.04564674306	-0.00897135709	0.01382870915
0.04564031869	-0.00900398300	0.01392903418
0.04563408064	-0.00903554558	0.01402647306
0.04562802523	-0.00906607486	0.01412108662
0.04562214860	-0.00909560099	0.01421293542
0.04561644691	-0.00912415316	0.01430208008
0.04561091622	-0.00915176056	0.01438858073
0.04560554851	-0.00917847182	0.01447255115
0.04560034584	-0.00920428485	0.01455399150
0.04559530525	-0.00922922202	0.01463294252
0.04559042012	-0.00925332335	0.01470948721
0.04558568643	-0.00927661535	0.01478368326
0.04558109481	-0.00929915029	0.01485565864
0.04557664339	-0.00932094295	0.01492546587
0.04557234300	-0.00934194589	0.01499298521
0.04556817855	-0.00936223818	0.01505838003
0.04556416500	-0.00938175183	0.01512145489
0.04556006645	-0.00940163525	0.01518584361
0.04555739270	-0.00941458285	0.01525204985
0.04555618107	-0.00942044405	0.01531929741
0.04555644850	-0.00941915072	0.01538679786
0.04555819124	-0.00941071788	0.01545375983
0.04556138494	-0.00939524359	0.01551939825
0.04556598511	-0.00937290783	0.01558294357
0.04557192795	-0.00934397043	0.01564365078
0.04557913158	-0.00930876816	0.01570080814
0.04558749757	-0.00926771091	0.01575374553
0.04559691273	-0.00922127699	0.01580184232
0.04560725117	-0.00917000769	0.01584453460
0.04561837645	-0.00911450110	0.01588132186
0.04563014394	-0.00905540523	0.01591177279
0.04594434762	0.01032400220	-0.00946566732
0.04595835612	0.01026146202	-0.00961198801
0.04596644185	0.01022518084	-0.00967054160
0.04597359037	0.01019299214	-0.00971486011
0.04598044728	0.01016201593	-0.00975164091
0.04598708303	0.01013194424	-0.00978368599
0.04599362464	0.01010220733	-0.00981231005
0.04600023206	0.01007207774	-0.00983814904
0.04600675342	0.01004224776	-0.00986198201
0.04601336691	0.01001190120	-0.00988394645
0.04602010078	0.00998090296	-0.00990426262
0.04602684050	0.00994977654	-0.00992330676
0.04603368923	0.00991804194	-0.00994108920
0.04604072066	0.00988534983	-0.00995760767
0.04604784451	0.00985211225	-0.00997308697
0.04605507560	0.00981825401	-0.00998758459
0.04606245508	0.00978357462	-0.01000109786
0.04606999012	0.00974803111	-0.01001365894
0.04607768726	0.00971158262	-0.01002529225
0.04608555243	0.00967419026	-0.01003601480
0.04609359665	0.00963578992	-0.01004582802
0.04610181276	0.00959640350	-0.01005475879
0.04611020113	0.00955601653	-0.01006281916
0.04611879530	0.00951445323	-0.01006995815
0.04612757783	0.00947178249	-0.01007620643
0.04613655421	0.00942796189	-0.01008155494
0.04614573040	0.00938294550	-0.01008599201
0.04615510990	0.00933669805	-0.01008950549
0.04616469618	0.00928918332	-0.01009208303
0.04617450792	0.00924028778	-0.01009367906
0.04618460484	0.00918968856	-0.01009415670
0.04619483980	0.00913810022	-0.01009378021
0.04620530094	0.00908505722	-0.01009238034
0.04621610305	0.00902994566	-0.01008969527
0.04622700838	0.00897395099	-0.01008617314
0.04623825273	0.00891583335	-0.01008132575
0.04624965970	0.00885647096	-0.01007547951
0.04626138911	0.00879499731	-0.01006827506
0.04627327086	0.00873226798	-0.01006003996
0.04628550479	0.00866718793	-0.01005031100
0.04629791353	0.00860065710	-0.01003942837
0.04631056815	0.00853225516	-0.01002721262
0.04632350092	0.00846175883	-0.01001354184
0.04633669694	0.00838919641	-0.00999839256
0.04635010614	0.00831479168	-0.00998183669
0.04636376535	0.00823828637	-0.00996374057
0.04637767022	0.00815964492	-0.00994405577
0.04639181585	0.00807883172	-0.00992273250
0.04640619683	0.00799581113	-0.00989971981
0.04642080703	0.00791054833	-0.00987496367
0.04643563973	0.00782300854	-0.00984840902
0.04645072874	0.00773291019	-0.00981987374
0.04646600042	0.00764060894	-0.00978947482
0.04648146093	0.00754598499	-0.00975711898
0.04649714743	0.00744871673	-0.00972259753
0.04651301847	0.00734896001	-0.00968591761
0.04652903925	0.00724683422	-0.00964709009
0.04654526397	0.00714188367	-0.00960581695
0.04656160670	0.00703454912	-0.00956225091
0.04657808771	0.00692458265	-0.00951620663
0.04659472611	0.00681172512	-0.00946745823
0.04661143093	0.00669646225	-0.00941618198
0.04662823050	0.00657846640	-0.00936213390
0.04664510400	0.00645773741	-0.00930522207
0.04666202972	0.00633427837	-0.00924535289
0.04667898511	0.00620809544	-0.00918243184
0.04669594688	0.00607919770	-0.00911636423
0.04671289098	0.00594759755	-0.00904705487
0.04672979257	0.00581331111	-0.00897440799
0.04674662619	0.00567635794	-0.00889832818
0.04676336574	0.00553676121	-0.00881872052
0.04677999918	0.00539442089	-0.00873540717
0.04679649161	0.00524942595	-0.00864831126
0.04681278832	0.00510205348	-0.00855750073
0.04682891828	0.00495181914	-0.00846253946
0.04684478385	0.00479940896	-0.00836374538
0.04686042520	0.00464420610	-0.00826059194
0.04687574909	0.00448689732	-0.00815340301
0.04689077291	0.00432706779	-0.00804178936
0.04690545060	0.00416494948	-0.00792576389
0.04691974373	0.00400071850	-0.00780533169
0.04693363505	0.00383431887	-0.00768033777
0.04694709504	0.00366583789	-0.00755071723
0.04696009602	0.00349535149	-0.00741639916
0.04697260857	0.00332297217	-0.00727734467
0.04698460325	0.00314883431	-0.00713354229
0.04699605750	0.00297299174	-0.00698492337
0.04700694900	0.00279550461	-0.00683142176
0.04701725055	0.00261653417	-0.00667305532
0.04702693991	0.00243619020	-0.00650981354
0.04703599697	0.00225457068	-0.00634168465
0.04704440242	0.00207178683	-0.00616867299
0.04705213855	0.00188795070	-0.00599078819
0.04705919453	0.00170302960	-0.00580790698
0.04706554406	0.00151745257	-0.00562032168
0.04707118084	0.00133117796	-0.00542795826
0.04707609744	0.00114418105	-0.00523071775
0.04708027764	0.00095684737	-0.00502888407
0.04708371734	0.00076919553	-0.00482245425
0.04708641334	0.00058118751	-0.00461133944
0.04708835770	0.00039328049	-0.00439593644
0.04708955267	0.00020525339	-0.00417602717
0.04708999675	0.00001749707	-0.00395196081
0.04708969303	-0.00017003171	-0.00372370809
0.04708864557	-0.00035715311	-0.00349143693
0.04708686093	-0.00054371665	-0.00325532148
0.04708434581	-0.00072971222	-0.00301538742
0.04708111247	-0.00091484896	-0.00277196876
0.04707716796	-0.00109925267	-0.00252497065
0.04707253172	-0.00128252003	-0.00227486808
0.04706720988	-0.00146487343	-0.00202148157
0.04706122800	-0.00164587935	-0.00176533248
0.04705459534	-0.00182569366	-0.00150634559
0.04704733540	-0.00200407884	-0.00124484382
0.04703946838	-0.00218094341	-0.00098103682
0.04703100818	-0.00235634671	-0.00071493952
0.04702198823	-0.00252996498	-0.00044701997
0.04701242415	-0.00270186517	-0.00017733839
0.04700233616	-0.00287201933	0.00009398264
0.04699175895	-0.00304017937	0.00036653141
0.04698071113	-0.00320638133	0.00064019819
0.04696921814	-0.00337055590	0.00091476940
0.04695730361	-0.00353266717	0.00119007954
0.04694499934	-0.00369257869	0.00146582376
0.04693232932	-0.00385026818	0.00174181645
0.04691931915	-0.00400569477	0.00201785626
0.04690599523	-0.00415881131	0.00229373071
0.04689238408	-0.00430957251	0.00256923082
0.04687851195	-0.00445793874	0.00284414930
0.04686440477	-0.00460387503	0.00311828166
0.04685008389	-0.00474739290	0.00339149515
0.04683558297	-0.00488838094	0.00366349013
0.04682092344	-0.00502685074	0.00393410437
0.04680612678	-0.00516280888	0.00420318407
0.04679121330	-0.00529626832	0.00447061489
0.04677622043	-0.00542708963	0.00473603345
0.04676115000	-0.00555544335	0.00499952824
0.04674604640	-0.00568113067	0.00526066520
0.04673090639	-0.00580435076	0.00551957890
0.04671577267	-0.00592492057	0.00577587186
0.04670065266	-0.00604294147	0.00602951668
0.04668556183	-0.00615844274	0.00628043424
0.04667052553	-0.00627137521	0.00652842459
0.04665555974	-0.00638175883	0.00677337094
0.04664067800	-0.00648962676	0.00701518751
0.04662589591	-0.00659499285	0.00725376979
0.04661122807	-0.00669787415	0.00748902031
0.04659668810	-0.00679829083	0.00772084863
0.04658228508	-0.00689629006	0.00794922107
0.04656803591	-0.00699186179	0.00817401860
0.04655395352	-0.00708502021	0.00839514103
0.04654004079	-0.00717584165	0.00861259921
0.04652630674	-0.00726435692	0.00882636519
0.04651277151	-0.00735052289	0.00903626078
0.04649942403	-0.00743449157	0.00924244927
0.04648629065	-0.00751617468	0.00944470431
0.04647336643	-0.00759567722	0.00964309810
0.04646065201	-0.00767306426	0.00983768492
0.04644816782	-0.00774827763	0.01002829315
0.04643590730	-0.00782142017	0.01021500726
0.04642387473	-0.00789252525	0.01039782491
0.04641207367	-0.00796162784	0.01057674847
0.04640050689	-0.00802876457	0.01075178480
0.04638917658	-0.00809397286	0.01092294529
0.04637808427	-0.00815729116	0.01109024551
0.04636723091	-0.00821875887	0.01125370498
0.04635661676	-0.00827841668	0.01141334667
0.04634624164	-0.00833630530	0.01156919737
0.04633609718	-0.00839250844	0.01172138700
0.04632619728	-0.00844698443	0.01186980657
0.04631653675	-0.00849979547	0.01201450960
0.04630709629	-0.00855107790	0.01215574349
0.04629790544	-0.00860070064	0.01229323003
0.04628893059	-0.00864887303	0.01242733102
0.04628019815	-0.00869547922	0.01255780264
0.04627167299	-0.00874073100	0.01268503637
0.04626338759	-0.00878447888	0.01280872991
0.04625531567	-0.00882688348	0.01292915016
0.04624745281	-0.00886798787	0.01304639498
0.04623981352	-0.00890773515	0.01316033464
0.04623238182	-0.00894622666	0.01327113820
0.04622515466	-0.00898349466	0.01337886399
0.04621812635	-0.00901958407	0.01348360290
0.04621129809	-0.00905450321	0.01358537050
0.04620466770	-0.00908827724	0.01368420334
0.04619822769	-0.00912095710	0.01378019445
0.04619197442	-0.00915257335	0.01387340367
0.04618590406	-0.00918315667	0.01396389057
0.04618001279	-0.00921273679	0.01405171477
0.04617429666	-0.00924134340	0.01413693543
0.04616874765	-0.00926902584	0.01421966348
0.04616336780	-0.00929578256	0.01429990033
0.04615815416	-0.00932163638	0.01437768638
0.04615310009	-0.00934662785	0.01445310278
0.04614820156	-0.00937078398	0.01452620629
0.04614344914	-0.00939415781	0.01459712151
0.04613884090	-0.00941676486	0.01466590034
0.04613438768	-0.00943855780	0.01473242844
0.04613007436	-0.00945961624	0.01479686424
0.04612591602	-0.00947987190	0.01485902017
0.04612170887	-0.00950031952	0.01492196783
0.04611889292	-0.00951398004	0.01498680358
0.04611750726	-0.00952069454	0.01505276727
0.04611757117	-0.00952038495	0.01511908555
0.04611908377	-0.00951305484	0.01518498088
0.04612202400	-0.00949878950	0.01524968072
0.04612635107	-0.00947775484	0.01531242650
0.04613200518	-0.00945019564	0.01537248260
0.04613890870	-0.00941643268	0.01542914491
0.04614696754	-0.00937685913	0.01548174912
0.04615607294	-0.00933193608	0.01552967849
0.04616610336	-0.00928218725	0.01557237109
0.04617692663	-0.00922819303	0.01560932640
0.04618840215	-0.00917058378	0.01564011113
0.04654024964	0.01031668857	-0.00928394009
0.04655373304	0.01025567358	-0.00942786643
0.04656155024	0.01022012425	-0.00948548454
0.04656847298	0.01018853398	-0.00952910252
0.04657511966	0.01015810654	-0.00956531257
0.04658155752	0.01012854377	-0.00959686595
0.04658790828	0.01009929214	-0.00962505659
0.04659432542	0.01006964442	-0.00965051389
0.04660066315	0.01004027359	-0.00967399668
0.04660709254	0.01001038587	-0.00969564597
0.04661364074	0.00997984954	-0.00971567880
0.04662019789	0.00994917328	-0.00973446004
0.04662686306	0.00991788997	-0.00975200337
0.04663370709	0.00988565947	-0.00976830923
0.04664064340	0.00985288197	-0.00978359475
0.04664768629	0.00981948387	-0.00979791672
0.04665487539	0.00978526968	-0.00981127395
0.04666221766	0.00975019707	-0.00982369817
0.04666971950	0.00971422576	-0.00983521351
0.04667738671	0.00967731730	-0.00984583677
0.04668522999	0.00963940876	-0.00985556972
0.04669324256	0.00960052078	-0.00986443837
0.04670142491	0.00956063864	-0.00987245444
0.04670980938	0.00951959073	-0.00987956920
0.04671837934	0.00947744333	-0.00988581194
0.04672714018	0.00943415447	-0.00989117393
0.04673609775	0.00938967876	-0.00989564389
0.04674525555	0.00934398112	-0.00989920995
0.04675461705	0.00929702555	-0.00990186009
0.04676420034	0.00924870083	-0.00990355035
0.04677406295	0.00919869206	-0.00990414915
0.04678406358	0.00914769342	-0.00990390908
0.04679428709	0.00909525128	-0.00990266793
0.04680484401	0.00904076752	-0.00990017429
0.04681550584	0.00898539440	-0.00989685663
0.04682649952	0.00892792487	-0.00989224719
0.04683765550	0.00886921232	-0.00988665771
0.04684912768	0.00880841278	-0.00987974355
0.04686075254	0.00874635761	-0.00987181760
0.04687272251	0.00868198044	-0.00986243568
0.04688486707	0.00861615576	-0.00985192253
0.04689725471	0.00854847357	-0.00984010583
0.04690991668	0.00847871554	-0.00982686789
0.04692283876	0.00840690802	-0.00981218518
0.04693597288	0.00833326766	-0.00979612563
0.04694935463	0.00825754197	-0.00977856037
0.04696297996	0.00817969518	-0.00975944195
0.04697684428	0.00809969143	-0.00973872156
0.04699094250	0.00801749478	-0.00971634925
0.04700526884	0.00793307013	-0.00969227207
0.04701981693	0.00784638236	-0.00966643600
0.04703461948	0.00775715605	-0.00963866517
0.04704960562	0.00766573614	-0.00960907012
0.04706478136	0.00757200472	-0.00957756021
0.04708018264	0.00747564733	-0.00954393406
0.04709576956	0.00737681434	-0.00950819661
0.04711150862	0.00727562065	-0.00947035675
0.04712745219	0.00717162113	-0.00943012716
0.04714351740	0.00706524361	-0.00938765215
0.04715972383	0.00695624529	-0.00934275246
0.04717609001	0.00684437227	-0.00929520949
0.04719252805	0.00673009628	-0.00924518989
0.04720906535	0.00661309677	-0.00919245801
0.04722568177	0.00649337214	-0.00913692349
0.04724235629	0.00637092394	-0.00907849423
0.04725906709	0.00624575675	-0.00901707726
0.04727579158	0.00611787796	-0.00895257935
0.04729250638	0.00598729825	-0.00888490682
0.04730918738	0.00585403193	-0.00881396533
0.04732580977	0.00571809667	-0.00873966088
0.04734234814	0.00557951368	-0.00866189992
0.04735879067	0.00543818406	-0.00858050938
0.04737510336	0.00529419316	-0.00849541266
0.04739123287	0.00514780996	-0.00840667233
0.04740720716	0.00499856073	-0.00831386774
0.04742293107	0.00484711345	-0.00821730078
0.04743844346	0.00469286507	-0.00811646422
0.04745365326	0.00453648454	-0.00801166567
0.04746857715	0.00437756596	-0.00790252976
0.04748316989	0.00421633459	-0.00778906600
0.04749739365	0.00405296139	-0.00767127688
0.04751123123	0.00388739080	-0.00754901161
0.04752465338	0.00371970715	-0.00742220559
0.04753763262	0.00354998380	-0.00729078858
0.04755013972	0.00337832989	-0.00715472117
0.04756214534	0.00320487611	-0.00701399047
0.04757362686	0.00302967453	-0.00686852889
0.04758456185	0.00285278348	-0.00671827129
0.04759492302	0.00267436021	-0.00656323326
0.04760468791	0.00249451187	-0.00640340342
0.04761383607	0.00231333416	-0.00623876939
0.04762234782	0.00213093588	-0.00606933444
0.04763020501	0.00194742677	-0.00589510704
0.04763739628	0.00176277497	-0.00571596821
0.04764389475	0.00157740076	-0.00553219790
0.04764969343	0.00139126406	-0.00534372536
0.04765478426	0.00120434112	-0.00515045553
0.04765915012	0.00101701029	-0.00495266095
0.04766278608	0.00082929085	-0.00475033964
0.04766568820	0.00064114646	-0.00454340698
0.04766784731	0.00045302641	-0.00433224461
0.04766926500	0.00026471534	-0.00411664477
0.04766993846	0.00007659794	-0.00389694379
0.04766986991	-0.00011136652	-0.00367311559
0.04766906228	-0.00029899991	-0.00344532311
0.04766752097	-0.00048615263	-0.00321373582
0.04766525174	-0.00067281275	-0.00297838077
0.04766226544	-0.00085869252	-0.00273958124
0.04765856843	-0.00104391321	-0.00249724912
0.04765417850	-0.00122807618	-0.00225184342
0.04764910133	-0.00141139743	-0.00200319531
0.04764336074	-0.00159344827	-0.00175180855
0.04763696547	-0.00177437903	-0.00149761502
0.04762993771	-0.00195395342	-0.00124092837
0.04762229669	-0.00213207834	-0.00098195417
0.04761405570	-0.00230880926	-0.00072071090
0.04760524673	-0.00248382443	-0.00045765219
0.04759588491	-0.00265718633	-0.00019284077
0.04758598981	-0.00282886439	0.00007360131
0.04757559492	-0.00299861094	0.00034127406
0.04756471848	-0.00316645791	0.00061006693
0.04755338529	-0.00333233360	0.00087976994
0.04754161851	-0.00349619934	0.00115021936
0.04752944921	-0.00365791714	0.00142111746
0.04751690108	-0.00381746145	0.00169228079
0.04750399938	-0.00397478847	0.00196351089
0.04749077020	-0.00412984820	0.00223459856
0.04747723983	-0.00428259251	0.00250533809
0.04746343433	-0.00443297884	0.00277552532
0.04744937956	-0.00458096927	0.00304495883
0.04743509690	-0.00472657191	0.00331350629
0.04742061978	-0.00486967346	0.00358087511
0.04740596982	-0.00501028193	0.00384690443
0.04739116870	-0.00514840062	0.00411144176
0.04737623694	-0.00528403948	0.00437437296
0.04736121186	-0.00541705740	0.00463534433
0.04734609603	-0.00554762024	0.00489443658
0.04733093363	-0.00567552836	0.00515122848
0.04731572229	-0.00580097618	0.00540584526
0.04730050457	-0.00592377986	0.00565790128
0.04728528859	-0.00604403698	0.00590736613
0.04727009031	-0.00616177425	0.00615416042
0.04725493536	-0.00627694068	0.00639808871
0.04723984022	-0.00638955368	0.00663903541
0.04722481899	-0.00649964394	0.00687691497
0.04720988776	-0.00660722313	0.00711162408
0.04719506166	-0.00671230626	0.00734306635
0.04718035483	-0.00681491147	0.00757115231
0.04716577693	-0.00691508396	0.00779584732
0.04715134532	-0.00701281220	0.00801703487
0.04713707343	-0.00710810863	0.00823461649
0.04712296483	-0.00720104756	0.00844860071
0.04710902903	-0.00729165851	0.00865895925
0.04709528656	-0.00737989730	0.00886551912
0.04708172712	-0.00746591395	0.00906843609
0.04706837730	-0.00754961975	0.00926749141
0.04705523285	-0.00763111798	0.00946275329
0.04704229490	-0.00771047279	0.00965427333
0.04702958418	-0.00778762557	0.00984188576
0.04701709474	-0.00786267780	0.01002567109
0.04700483130	-0.00793566218	0.01020562669
0.04699279782	-0.00800661308	0.01038175460
0.04698099748	-0.00807556659	0.01055406125
0.04696943286	-0.00814255962	0.01072255756
0.04695810586	-0.00820763021	0.01088725859
0.04694701780	-0.00827081737	0.01104818322
0.04693616927	-0.00833216146	0.01120535381
0.04692556044	-0.00839170291	0.01135879644
0.04691518328	-0.00844952531	0.01150863674
0.04690505183	-0.00850558718	0.01165477039
0.04689516127	-0.00855995031	0.01179724926
0.04688549263	-0.00861275107	0.01193631235
0.04687607546	-0.00866385881	0.01207169261
0.04686687660	-0.00871348252	0.01220373902
0.04685792247	-0.00876150681	0.01233221776
0.04684917832	-0.00880814345	0.01245750665
0.04684067654	-0.00885324353	0.01257931570
0.04683239124	-0.00889696749	0.01269790261
0.04682431805	-0.00893935900	0.01281336291
0.04681647153	-0.00898036155	0.01292557273
0.04680883590	-0.00902007659	0.01303469579
0.04680140821	-0.00905853681	0.01314078942
0.04679418283	-0.00909578766	0.01324394239
0.04678716101	-0.00913183796	0.01334417093
0.04678034062	-0.00916671325	0.01344151133
0.04677371426	-0.00920046488	0.01353605435
0.04676727834	-0.00923312389	0.01362785884
0.04676102903	-0.00926472147	0.01371698337
0.04675496256	-0.00929528785	0.01380348658
0.04674907499	-0.00932485323	0.01388742667
0.04674335829	-0.00935346758	0.01396891177
0.04673781448	-0.00938112989	0.01404794448
0.04673244062	-0.00940786342	0.01412456485
0.04672723008	-0.00943370919	0.01419885221
0.04672217882	-0.00945869475	0.01427086238
0.04671727737	-0.00948287377	0.01434071668
0.04671252373	-0.00950626249	0.01440846638
0.04670792874	-0.00952881383	0.01447400235
0.04670347728	-0.00955060783	0.01453747825
0.04669918449	-0.00957157606	0.01459871411
0.04669488152	-0.00959254606	0.01466023209
0.04669193532	-0.00960687652	0.01472370395
0.04669038659	-0.00961440068	0.01478838554
0.04669025678	-0.00961503101	0.01485351852
0.04669154771	-0.00960876018	0.01491833927
0.04669424148	-0.00959566114	0.01498208782
0.04669830084	-0.00957588630	0.01504401679
0.04670366991	-0.00954966581	0.01510340010
0.04671027518	-0.00951730492	0.01515954155
0.04671802689	-0.00947918054	0.01521178293
0.04672682066	-0.00943573692	0.01525951175
0.04673653933	-0.00938748059	0.01530216845
0.04674705499	-0.00933497456	0.01533925290
0.04675823115	-0.00927883183	0.01537033033
0.04713637452	0.01030653662	-0.00910781893
0.04714935663	0.01024698345	-0.00924940351
0.04715691622	0.01021213749	-0.00930610519
0.04716362192	0.01018112308	-0.00934903637
0.04717006621	0.01015122424	-0.00938468618
0.04717631331	0.01012215206	-0.00941575649
0.04718247992	0.01009336856	-0.00944352094
0.04718871329	0.01006418593	-0.00946860226
0.04719487351	0.01003525856	-0.00949173996
0.04720112480	0.01000581419	-0.00951307813
0.04720749329	0.00997572439	-0.00953283068
0.04721387357	0.00994548352	-0.00955135163
0.04722036082	0.00991463688	-0.00956865774
0.04722702312	0.00988285319	-0.00958475197
0.04723377745	0.00985052119	-0.00959984413
0.04724063761	0.00981756883	-0.00961399036
0.04724764175	0.00978380546	-0.00962719082
0.04725479666	0.00974918935	-0.00963947681
0.04726210857	0.00971368076	-0.00965087215
0.04726958317	0.00967724171	-0.00966139347
0.04727723084	0.00963981037	-0.00967104284
0.04728504519	0.00960140621	-0.00967984542
0.04729302679	0.00956201425	-0.00968781263
0.04730120683	0.00952146691	-0.00969489785
0.04730956945	0.00947982796	-0.00970112911
0.04731811996	0.00943705588	-0.00970649794
0.04732686408	0.00939310577	-0.00971099345
0.04733580532	0.00934794279	-0.00971460406
0.04734494713	0.00930153113	-0.00971731804
0.04735430701	0.00925376181	-0.00971909297
0.04736394043	0.00920432763	-0.00971980228
0.04737371167	0.00915390315	-0.00971968753
0.04738370243	0.00910204617	-0.00971859319
0.04739401914	0.00904817385	-0.00971627770
0.04740444221	0.00899340643	-0.00971315094
0.04741519000	0.00893656853	-0.00970876448
0.04742609959	0.00887848958	-0.00970341621
0.04743731916	0.00881834739	-0.00969677541
0.04744869152	0.00875694996	-0.00968914112
0.04746040197	0.00869325857	-0.00968008717
0.04747228655	0.00862812318	-0.00966992372
0.04748441130	0.00856114379	-0.00965848516
0.04749680644	0.00849210682	-0.00964565787
0.04750945842	0.00842103679	-0.00963141824
0.04752232108	0.00834814347	-0.00961583046
0.04753542882	0.00827317999	-0.00959877023
0.04754877785	0.00819611035	-0.00958019102
0.04756236389	0.00811689847	-0.00956004499
0.04757618215	0.00803550819	-0.00953828318
0.04759022716	0.00795190410	-0.00951485362
0.04760449291	0.00786605077	-0.00948970335
0.04761901104	0.00777767880	-0.00946266245
0.04763371331	0.00768712275	-0.00943383536
0.04764860560	0.00759426657	-0.00940313398
0.04766372266	0.00749880273	-0.00937036387
0.04767902610	0.00740087631	-0.00933552793
0.04769448364	0.00730059793	-0.00929863320
0.04771014592	0.00719753267	-0.00925940253
0.04772593295	0.00709209589	-0.00921797232
0.04774186369	0.00698404977	-0.00917416910
0.04775795610	0.00687314552	-0.00912778118
0.04777412527	0.00675984135	-0.00907896617
0.04779039765	0.00664382360	-0.00902749637
0.04780675381	0.00652508932	-0.00897328288
0.04782317338	0.00640363861	-0.00891623515
0.04783963524	0.00627947453	-0.00885626164
0.04785611745	0.00615260290	-0.00879327065
0.04787259734	0.00602303275	-0.00872716989
0.04788905146	0.00589077668	-0.00865786648
0.04790545568	0.00575585056	-0.00858526781
0.04792178523	0.00561827377	-0.00850928168
0.04793802854	0.00547794853	-0.00842973957
0.04795415245	0.00533495671	-0.00834656520
0.04797010499	0.00518955948	-0.00825981615
0.04798591315	0.00504129344	-0.00816908643
0.04800148421	0.00489080908	-0.00807466280
0.04801685573	0.00473751684	-0.00797605644
0.04803193885	0.00458206837	-0.00787355954
0.04804674948	0.00442406651	-0.00776680997
0.04806124329	0.00426373003	-0.00765581405
0.04807538304	0.00410122491	-0.00754057189
0.04808915157	0.00393649608	-0.00742093670
0.04810251997	0.00376962503	-0.00729684424
0.04811546097	0.00360068262	-0.00716822494
0.04812794557	0.00342977480	-0.00703503896
0.04813994458	0.00325702868	-0.00689727208
0.04815143535	0.00308249467	-0.00675485776
0.04816239540	0.00290622935	-0.00660773189
0.04817279740	0.00272838613	-0.00645590790
0.04818261870	0.00254906957	-0.00629937363
0.04819183861	0.00236837322	-0.00613811616
0.04820043713	0.00218640352	-0.00597213776
0.04820839571	0.00200326800	-0.00580144583
0.04821570256	0.00181893562	-0.00562592546
0.04822233029	0.00163381810	-0.00544584487
0.04822827130	0.00144787687	-0.00526113646
0.04823351691	0.00126108922	-0.00507170889
0.04823804926	0.00107382640	-0.00487782383
0.04824186265	0.00088610836	-0.00467948032
0.04824495243	0.00069790042	-0.00447659769
0.04824730835	0.00050964407	-0.00426954318
0.04824893134	0.00032112960	-0.00405811882
0.04824981742	0.00013273555	-0.00384264871
0.04824996799	-0.00005557632	-0.00362310979
0.04824938491	-0.00024362965	-0.00339966019
0.04824807251	-0.00043127571	-0.00317246494
0.04824603566	-0.00061850085	-0.00294155232
0.04824328391	-0.00080502044	-0.00270723540
0.04823982292	-0.00099095134	-0.00246943238
0.04823566896	-0.00117589964	-0.00222858707
0.04823082724	-0.00136007505	-0.00198454065
0.04822531996	-0.00154305379	-0.00173778014
0.04821915534	-0.00172498078	-0.00148824408
0.04821235431	-0.00190562105	-0.00123623722
0.04820493518	-0.00208488002	-0.00098196121
0.04819691062	-0.00226280938	-0.00072543778
0.04818831126	-0.00243908955	-0.00046710680
0.04817915173	-0.00261377868	-0.00020703329
0.04816945092	-0.00278684372	0.00005466129
0.04815924121	-0.00295803756	0.00031758818
0.04814854040	-0.00312738820	0.00058163615
0.04813737269	-0.00329482170	0.00084659875
0.04812576074	-0.00346029673	0.00111231399
0.04811373491	-0.00362367398	0.00137849105
0.04810131853	-0.00378492477	0.00164494861
0.04808853651	-0.00394400254	0.00191149104
0.04807541462	-0.00410085462	0.00217791241
0.04806197888	-0.00425543019	0.00244401018
0.04804825514	-0.00440768393	0.00270958329
0.04803426911	-0.00455757511	0.00297443332
0.04802004220	-0.00470510861	0.00323842843
0.04800560756	-0.00485016937	0.00350128283
0.04799098694	-0.00499276202	0.00376283709
0.04797620216	-0.00513288672	0.00402294004
0.04796127393	-0.00527055052	0.00428147782
0.04794623938	-0.00540561087	0.00453810603
0.04793110180	-0.00553822897	0.00479289806
0.04791590505	-0.00566820459	0.00504544497
0.04790064763	-0.00579572742	0.00529586321
0.04788537188	-0.00592061311	0.00554377846
0.04787008658	-0.00604295547	0.00578915752
0.04785480810	-0.00616277876	0.00603192081
0.04783956228	-0.00628003033	0.00627187729
0.04782436608	-0.00639472512	0.00650891253
0.04780923408	-0.00650689145	0.00674294129
0.04779418283	-0.00661653895	0.00697386146
0.04777922790	-0.00672368063	0.00720157773
0.04776438393	-0.00682833273	0.00742600160
0.04774966111	-0.00693053850	0.00764709757
0.04773507717	-0.00703028504	0.00786475158
0.04772064604	-0.00712758313	0.00807886685
0.04770637190	-0.00722250510	0.00828944972
0.04769226474	-0.00731507921	0.00849647160
0.04767834539	-0.00740526036	0.00869976456
0.04766460433	-0.00749319651	0.00889947719
0.04765106830	-0.00757879869	0.00909539800
0.04763773373	-0.00766216843	0.00928759145
0.04762460223	-0.00774336893	0.00947610658
0.04761169475	-0.00782234130	0.00966078324
0.04759900594	-0.00789918560	0.00984169815
0.04758654094	-0.00797393389	0.01001884842
0.04757430406	-0.00804661998	0.01019223579
0.04756229889	-0.00811727937	0.01036186630
0.04755052835	-0.00818594854	0.01052775043
0.04753899472	-0.00825266508	0.01068990270
0.04752769963	-0.00831746764	0.01084834146
0.04751664402	-0.00838039621	0.01100308843
0.04750582838	-0.00844149097	0.01115416903
0.04749524502	-0.00850083530	0.01130170478
0.04748490807	-0.00855838801	0.01144559582
0.04747481310	-0.00861421044	0.01158589243
0.04746494146	-0.00866843885	0.01172282558
0.04745532267	-0.00872094320	0.01185613887
0.04744592407	-0.00877193191	0.01198616903
0.04743677201	-0.00882129024	0.01211269176
0.04742783218	-0.00886922966	0.01223607183
0.04741913685	-0.00891560207	0.01235603099
0.04741066050	-0.00896056753	0.01247281816
0.04740239886	-0.00900417029	0.01258652658
0.04739436648	-0.00904635431	0.01269703800
0.04738654782	-0.00908722103	0.01280451099
0.04737894001	-0.00912680357	0.01290900195
0.04737153750	-0.00916514782	0.01301059756
0.04736434158	-0.00920226313	0.01310931465
0.04735735018	-0.00923817537	0.01320518930
0.04735055599	-0.00927293627	0.01329831004
0.04734395546	-0.00930657732	0.01338873475
0.04733754480	-0.00933913015	0.01347652104
0.04733132027	-0.00937062548	0.01356172660
0.04732527794	-0.00940109398	0.01364440868
0.04731940981	-0.00943058618	0.01372467269
0.04731371785	-0.00945910162	0.01380252237
0.04730819915	-0.00948666397	0.01387799742
0.04730284710	-0.00951331469	0.01395117538
0.04729765765	-0.00953908178	0.01402211121
0.04729262131	-0.00956401953	0.01409092300
0.04728773603	-0.00958814481	0.01415766144
0.04728301260	-0.00961141091	0.01422222235
0.04727843595	-0.00963389817	0.01428475481
0.04727402122	-0.00965553821	0.01434508613
0.04726963637	-0.00967698182	0.01440521149
0.04726657381	-0.00969192965	0.01446735083
0.04726487565	-0.00970020772	0.01453077562
0.04726456532	-0.00970171968	0.01459474227
0.04726564711	-0.00969644796	0.01465850082
0.04726810608	-0.00968445389	0.01472130377
0.04727190837	-0.00966587706	0.01478241480
0.04727700178	-0.00964093372	0.01484111745
0.04728331679	-0.00960991430	0.01489672348
0.04729076783	-0.00957318015	0.01494858096
0.04729925476	-0.00953115937	0.01499608192
0.04730866472	-0.00948434196	0.01503866943
0.04731887402	-0.00943327416	0.01507584421
0.04732975024	-0.00937855223	0.01510717042
0.04772238573	0.01029399340	-0.00894001412
0.04773489735	0.01023581824	-0.00907934838
0.04774221402	0.01020163716	-0.00913516809
0.04774871461	0.01017116776	-0.00917743781
0.04775496736	0.01014176968	-0.00921254743
0.04776103372	0.01011316260	-0.00924315162
0.04776702566	0.01008482323	-0.00927050446
0.04777308461	0.01005608210	-0.00929522212
0.04777907618	0.01002757594	-0.00931802588
0.04778515816	0.00999855288	-0.00933906253
0.04779135571	0.00996888759	-0.00935854292
0.04779756761	0.00993906086	-0.00937681092
0.04780388537	0.00990862974	-0.00939388611
0.04781037451	0.00987727135	-0.00940977366
0.04781695532	0.00984536359	-0.00942467664
0.04782364114	0.00981283587	-0.00943865047
0.04783046873	0.00977950210	-0.00945169657
0.04783744470	0.00974532117	-0.00946384582
0.04784457514	0.00971025382	-0.00947512175
0.04785186563	0.00967426254	-0.00948554081
0.04785932624	0.00963728654	-0.00949510533
0.04786695093	0.00959934416	-0.00950383968
0.04787474037	0.00956042023	-0.00951175501
0.04788272463	0.00952035094	-0.00951880667
0.04789088860	0.00947919772	-0.00952502147
0.04789923748	0.00943691948	-0.00953039124
0.04790777690	0.00939347180	-0.00953490542
0.04791651035	0.00934882003	-0.00953855271
0.04792544126	0.00930292860	-0.00954132164
0.04793458658	0.00925569063	-0.00954317125
0.04794399982	0.00920680623	-0.00954397963
0.04795355053	0.00915693135	-0.00954397810
0.04796331741	0.00910563469	-0.00954301733
0.04797340303	0.00905234788	-0.00954086494
0.04798359618	0.00899816078	-0.00953791353
0.04799410716	0.00894192810	-0.00953373264
0.04800477927	0.00888445651	-0.00952860732
0.04801575527	0.00882494451	-0.00952221980
0.04802688398	0.00876417796	-0.00951485624
0.04803834392	0.00870114437	-0.00950610724
0.04804997735	0.00863667046	-0.00949626940
0.04806184798	0.00857036570	-0.00948518340
0.04807398504	0.00850202105	-0.00947273939
0.04808637563	0.00843165931	-0.00945891371
0.04809897537	0.00835948371	-0.00944376711
0.04811181754	0.00828525274	-0.00942717953
0.04812489860	0.00820893021	-0.00940910533
0.04813821452	0.00813047985	-0.00938949760
0.04815176081	0.00804986527	-0.00936830828
0.04816553229	0.00796705082	-0.00934548641
0.04817952328	0.00788200081	-0.00932097998
0.04819376438	0.00779445152	-0.00929462465
0.04820818987	0.00770472771	-0.00926651921
0.04822280549	0.00761271510	-0.00923657798
0.04823764485	0.00751811277	-0.00920461295
0.04825267098	0.00742106081	-0.00917062520
0.04826785276	0.00732166576	-0.00913462006
0.04828323916	0.00721950248	-0.00909632991
0.04829875297	0.00711497446	-0.00905588378
0.04831441252	0.00700784863	-0.00901311365
0.04833023521	0.00689788114	-0.00896781431
0.04834613898	0.00678551732	-0.00892013498
0.04836214941	0.00667045013	-0.00886985539
0.04837824765	0.00655267532	-0.00881688808
0.04839441404	0.00643219168	-0.00876114394
0.04841062805	0.00630900085	-0.00870253287
0.04842686843	0.00618310719	-0.00864096458
0.04844311313	0.00605451818	-0.00857634818
0.04845933936	0.00592324483	-0.00850859217
0.04847552362	0.00578930134	-0.00843760526
0.04849164178	0.00565270537	-0.00836329659
0.04850768247	0.00551336024	-0.00828550194
0.04852361340	0.00537134458	-0.00820414538
0.04853938390	0.00522691212	-0.00811927984
0.04855502001	0.00507960937	-0.00803051312
0.04857043142	0.00493007017	-0.00793811789
0.04858565439	0.00477771786	-0.00784162254
0.04860060222	0.00462318762	-0.00774130495
0.04861529012	0.00446609069	-0.00763681538
0.04862967463	0.00430663969	-0.00752815724
0.04864371911	0.00414499588	-0.00741532845
0.04865740648	0.00398110466	-0.00729818600
0.04867070816	0.00381504489	-0.00717666603
0.04868359713	0.00364688508	-0.00705069966
0.04869604462	0.00347672812	-0.00692024666
0.04870802165	0.00330469777	-0.00678529164
0.04871950557	0.00313084287	-0.00664576907
0.04873047388	0.00295521837	-0.00650161582
0.04874089926	0.00277797401	-0.00635284336
0.04875075894	0.00259921194	-0.00619943881
0.04876003204	0.00241902361	-0.00604138878
0.04876869830	0.00223751328	-0.00587869462
0.04877673885	0.00205478633	-0.00571136277
0.04878414148	0.00187081257	-0.00553928213
0.04879087844	0.00168599547	-0.00536270999
0.04879694156	0.00150029794	-0.00518158167
0.04880232163	0.00131369828	-0.00499580931
0.04880700012	0.00112656090	-0.00480564449
0.04881097064	0.00093890639	-0.00461108710
0.04881422792	0.00075070167	-0.00441206022
0.04881676073	0.00056238069	-0.00420891761
0.04881856941	0.00037373918	-0.00400147043
0.04881964891	0.00018514972	-0.00379003134
0.04881999988	-0.00000342357	-0.00357458004
0.04881962321	-0.00019180604	-0.00335527019
0.04881852224	-0.00037984988	-0.00313226258
0.04881670102	-0.00056753981	-0.00290558664
0.04881416790	-0.00075459428	-0.00267554582
0.04881092790	-0.00094112591	-0.00244206421
0.04880699586	-0.00112674550	-0.00220557131
0.04880237655	-0.00131165663	-0.00196591767
0.04879709067	-0.00149544047	-0.00172357454
0.04879114593	-0.00167823671	-0.00147848666
0.04878456211	-0.00185981176	-0.00123095037
0.04877735659	-0.00204006972	-0.00098116356
0.04876954151	-0.00221905867	-0.00072915099
0.04876114614	-0.00239646129	-0.00047533955
0.04875218467	-0.00257233160	-0.00021979632
0.04874267535	-0.00274663420	0.00003735787
0.04873264945	-0.00291912275	0.00029574484
0.04872212437	-0.00308982146	0.00055525283
0.04871112370	-0.00325865437	0.00081567873
0.04869966958	-0.00342557767	0.00107686233
0.04868779172	-0.00359045088	0.00133851933
0.04867551306	-0.00375324244	0.00160047049
0.04866285813	-0.00391390321	0.00186252293
0.04864985239	-0.00407237802	0.00212447386
0.04863652154	-0.00422861359	0.00238612380
0.04862289121	-0.00438256203	0.00264727468
0.04860898694	-0.00453418001	0.00290773100
0.04859483013	-0.00468346934	0.00316736143
0.04858045360	-0.00483031344	0.00342588667
0.04856587921	-0.00497471374	0.00368314868
0.04855112887	-0.00511666746	0.00393899765
0.04853622342	-0.00525617888	0.00419332002
0.04852119976	-0.00539310428	0.00444578022
0.04850606184	-0.00552760030	0.00469644482
0.04849085316	-0.00565946639	0.00494491653
0.04847557303	-0.00578888758	0.00519130358
0.04846026351	-0.00591567922	0.00543524236
0.04844493397	-0.00603993152	0.00567669714
0.04842960114	-0.00616166642	0.00591558822
0.04841429105	-0.00628082973	0.00615172870
0.04839902103	-0.00639743413	0.00638500536
0.04838380611	-0.00651150566	0.00661533328
0.04836866322	-0.00662305203	0.00684261153
0.04835360834	-0.00673208440	0.00706674586
0.04833865653	-0.00683861720	0.00728764873
0.04832381846	-0.00694269182	0.00750528389
0.04830911219	-0.00704429413	0.00771953959
0.04829455208	-0.00714343332	0.00793032069
0.04828014287	-0.00724017983	0.00813763152
0.04826589499	-0.00733456072	0.00834144324
0.04825182951	-0.00742653010	0.00854159266
0.04823793765	-0.00751623384	0.00873822169
0.04822424626	-0.00760358286	0.00893112567
0.04821075240	-0.00768867696	0.00912036556
0.04819745812	-0.00777157841	0.00930598800
0.04818438454	-0.00785222813	0.00948783816
0.04817152691	-0.00793072478	0.00966598919
0.04815889069	-0.00800709981	0.00984043801
0.04814648059	-0.00808138645	0.01001118604
0.04813430051	-0.00815361972	0.01017823898
0.04812235373	-0.00822383560	0.01034160688
0.04811064283	-0.00829207128	0.01050130380
0.04809916978	-0.00835836504	0.01065734755
0.04808793583	-0.00842275655	0.01080975928
0.04807694173	-0.00848528571	0.01095856377
0.04806618016	-0.00854603563	0.01110387867
0.04805566532	-0.00860496545	0.01124560832
0.04804539310	-0.00866213612	0.01138380149
0.04803534525	-0.00871768359	0.01151868160
0.04802555114	-0.00877147863	0.01165000225
0.04801597868	-0.00882372888	0.01177808862
0.04800665410	-0.00887432038	0.01190272540
0.04799754357	-0.00892346410	0.01202426504
0.04798867916	-0.00897101292	0.01214244032
0.04798003576	-0.00901712639	0.01225749188
0.04797160919	-0.00906184922	0.01236951083
0.04796341398	-0.00910512598	0.01247838413
0.04795543483	-0.00914705800	0.01258426557
0.04794766897	-0.00918767874	0.01268721058
0.04794011091	-0.00922703453	0.01278730390
0.04793276197	-0.00926513520	0.01288456291
0.04792562015	-0.00930200696	0.01297902344
0.04791867825	-0.00933770181	0.01307077193
0.04791193273	-0.00937225170	0.01315986534
0.04790537987	-0.00940568866	0.01324636035
0.04789901595	-0.00943804383	0.01333031372
0.04789283707	-0.00946934833	0.01341178179
0.04788683525	-0.00949965315	0.01349086742
0.04788101244	-0.00952895840	0.01356757538
0.04787536573	-0.00955728813	0.01364194502
0.04786988855	-0.00958468417	0.01371405220
0.04786457684	-0.00961117496	0.01378395102
0.04785942113	-0.00963681528	0.01385175654
0.04785441931	-0.00966162265	0.01391751887
0.04784958210	-0.00968555073	0.01398113848
0.04784489451	-0.00970868012	0.01404276011
0.04784037161	-0.00973094260	0.01410221793
0.04783591904	-0.00975280728	0.01416101069
0.04783275495	-0.00976831378	0.01422187130
0.04783092269	-0.00977728158	0.01428408624
0.04783044743	-0.00977960628	0.01434692609
0.04783133571	-0.00977526084	0.01440965412
0.04783357531	-0.00976429583	0.01447153490
0.04783713549	-0.00974683888	0.01453184292
0.04784196754	-0.00972309325	0.01458987113
0.04784800568	-0.00969333548	0.01464493921
0.04785516827	-0.00965791227	0.01469640154
0.04786335928	-0.00961723651	0.01474365475
0.04787246995	-0.00957178253	0.01478614486
0.04788238067	-0.00952208074	0.01482337371
0.04789296298	-0.00946871145	0.01485490482
0.04831879237	0.01027882793	-0.00877443410
0.04833084668	0.01022199876	-0.00891153008
0.04833792612	0.01018846887	-0.00896647133
0.04834422601	0.01015853391	-0.00900808179
0.04835029111	0.01012962733	-0.00904265245
0.04835618016	0.01010147713	-0.00907279127
0.04836200059	0.01007357431	-0.00909973284
0.04836788814	0.01004526737	-0.00912408661
0.04837371384	0.01001717571	-0.00914655609
0.04837962919	0.00998856744	-0.00916729049
0.04838565842	0.00995932023	-0.00918649761
0.04839170440	0.00992990159	-0.00920451144
0.04839785506	0.00989988009	-0.00922135420
0.04840417340	0.00986894107	-0.00923703318
0.04841058295	0.00983745182	-0.00925174487
0.04841709663	0.00980534315	-0.00926554401
0.04842374979	0.00977243349	-0.00927843318
0.04843054891	0.00973868229	-0.00929044285
0.04843749992	0.00970405080	-0.00930159625
0.04844460827	0.00966850195	-0.00931190965
0.04845188375	0.00963197599	-0.00932138562
0.04845932065	0.00959449017	-0.00933004778
0.04846691973	0.00955602910	-0.00933790699
0.04847470999	0.00951643271	-0.00934492050
0.04848267701	0.00947576013	-0.00935111396
0.04849082591	0.00943397067	-0.00935647948
0.04849916221	0.00939102042	-0.00936100683
0.04850768938	0.00934687494	-0.00936468496
0.04851641082	0.00930149884	-0.00936750269
0.04852534298	0.00925478736	-0.00936942044
0.04853453738	0.00920644779	-0.00937032081
0.04854386875	0.00915711781	-0.00937042526
0.04855341287	0.00910637681	-0.00936959044
0.04856326850	0.00905367065	-0.00936759282
0.04857323266	0.00900005940	-0.00936480837
0.04858350771	0.00894442726	-0.00936082396
0.04859394305	0.00888755863	-0.00935591226
0.04860467617	0.00882867230	-0.00934976799
0.04861556170	0.00876853239	-0.00934266492
0.04862677157	0.00870615221	-0.00933420982
0.04863815410	0.00864233564	-0.00932468626
0.04864977072	0.00857670149	-0.00931394096
0.04866164969	0.00850904517	-0.00930186771
0.04867377871	0.00843938780	-0.00928844287
0.04868611517	0.00836792623	-0.00927372385
0.04869869123	0.00829442421	-0.00925759471
0.04871150358	0.00821884537	-0.00924001069
0.04872454847	0.00814115328	-0.00922092578
0.04873782165	0.00806131134	-0.00920029283
0.04875131826	0.00797928367	-0.00917806184
0.04876503289	0.00789503434	-0.00915418179
0.04877899516	0.00780830526	-0.00912849371
0.04879314179	0.00771941154	-0.00910109099
0.04880747836	0.00762824068	-0.00907189026
0.04882203740	0.00753449828	-0.00904070981
0.04883678330	0.00743831953	-0.00900754895
0.04885168608	0.00733980700	-0.00897241141
0.04886679306	0.00723854515	-0.00893503876
0.04888202975	0.00713492587	-0.00889555301
0.04889741388	0.00702872077	-0.00885379139
0.04891296227	0.00691969086	-0.00880955501
0.04892859568	0.00680826885	-0.00876298501
0.04894433879	0.00669415422	-0.00871386833
0.04896017339	0.00657734151	-0.00866211896
0.04897608044	0.00645782821	-0.00860764920
0.04899204004	0.00633561459	-0.00855037041
0.04900803159	0.00621070361	-0.00849019367
0.04902403369	0.00608310128	-0.00842702952
0.04904002416	0.00595281705	-0.00836078781
0.04905598015	0.00581986352	-0.00829137862
0.04907187816	0.00568425667	-0.00821871239
0.04908770704	0.00554590097	-0.00814262909
0.04910343532	0.00540487186	-0.00806305321
0.04911901367	0.00526141578	-0.00798003326
0.04913446717	0.00511508907	-0.00789319035
0.04914970790	0.00496650914	-0.00780278363
0.04916477087	0.00481511213	-0.00770835814
0.04917957157	0.00466151699	-0.00761017803
0.04919412446	0.00450534329	-0.00750790553
0.04920838699	0.00434679761	-0.00740154130
0.04922232316	0.00418603659	-0.00729108121
0.04923591597	0.00402300613	-0.00717638593
0.04924913719	0.00385778250	-0.00705739202
0.04926196009	0.00369043194	-0.00693403130
0.04927435617	0.00352105439	-0.00680626322
0.04928629667	0.00334977026	-0.00667407129
0.04929775899	0.00317662690	-0.00653739098
0.04930872064	0.00300167767	-0.00639616015
0.04931915436	0.00282506871	-0.00625038841
0.04932903731	0.00264689977	-0.00610006222
0.04933834844	0.00246726029	-0.00594516775
0.04934706729	0.00228625234	-0.00578570550
0.04935517472	0.00210397922	-0.00562168095
0.04936265815	0.00192041159	-0.00545298676
0.04936948952	0.00173594474	-0.00527986962
0.04937566016	0.00155054304	-0.00510226770
0.04938116034	0.00136418583	-0.00492009651
0.04938597096	0.00117723068	-0.00473359785
0.04939008500	0.00098969882	-0.00454277247
0.04939349657	0.00080155880	-0.00434754703
0.04939619358	0.00061323697	-0.00414826226
0.04939817578	0.00042453454	-0.00394473812
0.04939943714	0.00023581806	-0.00373727618
0.04939997759	0.00004705402	-0.00352585879
0.04939979710	-0.00014158470	-0.00331063524
0.04939889809	-0.00032995124	-0.00309176221
0.04939728379	-0.00051802871	-0.00286927020
0.04939496143	-0.00070553873	-0.00264345328
0.04939193541	-0.00089258969	-0.00241424123
0.04938821921	-0.00107879719	-0.00218204962
0.04938381716	-0.00126435875	-0.00194673801
0.04937874850	-0.00144886055	-0.00170876235
0.04937302046	-0.00163243711	-0.00146807329
0.04936665166	-0.00181485634	-0.00122495900
0.04935965863	-0.00199602106	-0.00097961365
0.04935205294	-0.00217597582	-0.00073206483
0.04934386257	-0.00235440571	-0.00048272680
0.04933510123	-0.00253136067	-0.00023166857
0.04932578653	-0.00270680305	0.00002098970
0.04931594866	-0.00288048736	0.00027488021
0.04930560461	-0.00305243417	0.00052989072
0.04929477732	-0.00322256556	0.00078582150
0.04928348847	-0.00339083533	0.00104251408
0.04927176702	-0.00355710198	0.00129969060
0.04925963555	-0.00372133114	0.00155717394
0.04924711821	-0.00388347119	0.00181477395
0.04923424006	-0.00404346460	0.00207229098
0.04922102651	-0.00420125568	0.00232952859
0.04920750293	-0.00435679412	0.00258629172
0.04919369464	-0.00451003406	0.00284238776
0.04917962300	-0.00466097433	0.00309768598
0.04916532049	-0.00480949696	0.00335191344
0.04915080901	-0.00495560027	0.00360491356
0.04913611053	-0.00509927860	0.00385653789
0.04912124599	-0.00524053357	0.00410667328
0.04910625202	-0.00537922041	0.00435499278
0.04909113318	-0.00551549121	0.00460155644
0.04907593257	-0.00564914526	0.00484597832
0.04906065027	-0.00578036292	0.00508835876
0.04904532800	-0.00590895941	0.00532834462
0.04902997570	-0.00603502138	0.00556589777
0.04901461042	-0.00615856847	0.00580093845
0.04899925830	-0.00627954508	0.00603328386
0.04898393703	-0.00639796164	0.00626282200
0.04896866204	-0.00651384200	0.00648946831
0.04895345060	-0.00662719201	0.00671312305
0.04893831907	-0.00673802100	0.00693369308
0.04892328286	-0.00684634165	0.00715109183
0.04890835312	-0.00695219353	0.00736528233
0.04889354819	-0.00705556131	0.00757615516
0.04887888281	-0.00715645268	0.00778361677
0.04886436228	-0.00725493616	0.00798766961
0.04884999740	-0.00735103765	0.00818828459
0.04883580945	-0.00744471054	0.00838530320
0.04882179041	-0.00753609855	0.00857886084
0.04880796715	-0.00762511261	0.00876875953
0.04879433735	-0.00771185076	0.00895505684
0.04878090352	-0.00779637429	0.00913779713
0.04876768687	-0.00787862406	0.00931683070
0.04875468324	-0.00795869726	0.00949222730
0.04874189843	-0.00803662475	0.00966398362
0.04872933747	-0.00811243921	0.00983210083
0.04871700460	-0.00818617513	0.00999658426
0.04870490340	-0.00825786803	0.01015744359
0.04869303680	-0.00832755470	0.01031469239
0.04868140703	-0.00839527304	0.01046834798
0.04867001565	-0.00846106237	0.01061843094
0.04865886371	-0.00852496232	0.01076496543
0.04864794420	-0.00858705567	0.01090806534
0.04863727139	-0.00864730199	0.01104763906
0.04862684148	-0.00870576175	0.01118373392
0.04861663664	-0.00876257051	0.01131656595
0.04860668607	-0.00881760000	0.01144589850
0.04859695823	-0.00887105689	0.01157204549
0.04858747923	-0.00892282816	0.01169480034
0.04857821574	-0.00897312404	0.01181450349
0.04856919960	-0.00902179859	0.01193089848
0.04856040614	-0.00906901070	0.01204421785
0.04855183127	-0.00911480554	0.01215455060
0.04854348946	-0.00915912830	0.01226178880
0.04853536567	-0.00920208014	0.01236608151
0.04852745723	-0.00924369488	0.01246748324
0.04851975873	-0.00928401920	0.01256607682
0.04851227152	-0.00932306343	0.01266188014
0.04850499367	-0.00936085410	0.01275492878
0.04849791806	-0.00939744347	0.01284530711
0.04849104122	-0.00943286388	0.01293307118
0.04848435947	-0.00946714777	0.01301827674
0.04847786911	-0.00950032668	0.01310097964
0.04847156628	-0.00953243212	0.01318123532
0.04846544306	-0.00956351553	0.01325914412
0.04845950133	-0.00959357757	0.01333471179
0.04845373823	-0.00962264266	0.01340797735
0.04844814720	-0.00965075298	0.01347901498
0.04844272420	-0.00967793738	0.01354787794
0.04843745979	-0.00970425108	0.01361467831
0.04843235180	-0.00972971218	0.01367946559
0.04842741085	-0.00975427486	0.01374214482
0.04842262207	-0.00977801985	0.01380285645
0.04841800044	-0.00980087922	0.01386144136
0.04841349101	-0.00982313028	0.01391891440
0.04841023591	-0.00983915949	0.01397850520
0.04840827955	-0.00984878020	0.01403951512
0.04840764870	-0.00985188039	0.01410122886
0.04840835202	-0.00984842397	0.01416292289
0.04841037986	-0.00983845117	0.01422387391
0.04841370448	-0.00982207812	0.01428336732
0.04841828052	-0.00979949548	0.01434070561
0.04842404586	-0.00977096629	0.01439521654
0.04843092274	-0.00973682300	0.01444626102
0.04843881913	-0.00969746363	0.01449324061
0.04844763036	-0.00965334722	0.01453560451
0.04845724088	-0.00960498860	0.01457285604
0.04846752624	-0.00955295243	0.01460455847
0.04890498710	0.01026173165	-0.00861662253
0.04891661210	0.01020617268	-0.00875156901
0.04892346780	0.01017325899	-0.00880566554
0.04892957802	0.01014383038	-0.00884664169
0.04893546553	0.01011538991	-0.00888069328
0.04894118662	0.01008767330	-0.00891038361
0.04894684439	0.01006018508	-0.00893692853
0.04895256932	0.01003229071	-0.00896093090
0.04895823747	0.01000459315	-0.00898307744
0.04896399446	0.00997637941	-0.00900351946
0.04896986365	0.00994753004	-0.00902246183
0.04897575174	0.00991849994	-0.00904022926
0.04898174332	0.00988886858	-0.00905684633
0.04898789899	0.00985832909	-0.00907232231
0.04899414536	0.00982723870	-0.00908684749
0.04900049490	0.00979552958	-0.00910047596
0.04900698169	0.00976302441	-0.00911321137
0.04901361204	0.00972968320	-0.00912508376
0.04902039174	0.00969546767	-0.00913611610
0.04902732614	0.00966034117	-0.00914632445
0.04903442473	0.00962424496	-0.00915571164
0.04904168215	0.00958719523	-0.00916430055
0.04904909918	0.00954917640	-0.00917210178
0.04905670385	0.00951003196	-0.00917907435
0.04906448238	0.00946981885	-0.00918524283
0.04907243981	0.00942849678	-0.00919059959
0.04908058155	0.00938602231	-0.00919513469
0.04908891104	0.00934236120	-0.00919883735
0.04909743168	0.00929747829	-0.00920169664
0.04910615938	0.00925127079	-0.00920367427
0.04911514386	0.00920345280	-0.00920465706
0.04912426468	0.00915464471	-0.00920485729
0.04913359486	0.00910443605	-0.00920413718
0.04914322959	0.00905228617	-0.00920228144
0.04915297362	0.00899922690	-0.00919965060
0.04916302183	0.00894417043	-0.00919584763
0.04917322939	0.00888788004	-0.00919113371
0.04918372875	0.00882959376	-0.00918521520
0.04919438009	0.00877005514	-0.00917835434
0.04920534908	0.00870830192	-0.00917017296
0.04921648975	0.00864511636	-0.00916094251
0.04922786137	0.00858012613	-0.00915051536
0.04923949129	0.00851313088	-0.00913878872
0.04925136778	0.00844415016	-0.00912573894
0.04926344989	0.00837337475	-0.00911142037
0.04927576870	0.00830057340	-0.00909572090
0.04928832114	0.00822570963	-0.00907859663
0.04930110369	0.00814874683	-0.00906000238
0.04931411236	0.00806964823	-0.00903989190
0.04932734253	0.00798837776	-0.00901821609
0.04934078909	0.00790489925	-0.00899492485
0.04935448069	0.00781895999	-0.00896986428
0.04936835638	0.00773086594	-0.00894312273
0.04938242160	0.00764050632	-0.00891461904
0.04939670780	0.00754759292	-0.00888417735
0.04941118068	0.00745225630	-0.00885179539
0.04942581135	0.00735459530	-0.00881747540
0.04944064554	0.00725420351	-0.00878096758
0.04945561135	0.00715146180	-0.00874238738
0.04947072592	0.00704614628	-0.00870157701
0.04948600552	0.00693802258	-0.00865834344
0.04950137359	0.00682751146	-0.00861282039
0.04951685396	0.00671431861	-0.00856480152
0.04953242901	0.00659843743	-0.00851420219
0.04954808028	0.00647986422	-0.00846093610
0.04956378851	0.00635859799	-0.00840491596
0.04957953368	0.00623464037	-0.00834605423
0.04959529499	0.00610799601	-0.00828426278
0.04961105089	0.00597867290	-0.00821945280
0.04962677914	0.00584668216	-0.00815153565
0.04964245682	0.00571203821	-0.00808042305
0.04965807301	0.00557464662	-0.00800595895
0.04967359703	0.00543457985	-0.00792806824
0.04968898084	0.00529207741	-0.00784679536
0.04970424858	0.00514670504	-0.00776177390
0.04971931469	0.00499906454	-0.00767325044
0.04973421294	0.00484860430	-0.00758078561
0.04974886091	0.00469592779	-0.00748463077
0.04976327243	0.00454066259	-0.00738445937
0.04977740579	0.00438300953	-0.00728026958
0.04979122563	0.00422312089	-0.00717205536
0.04980471505	0.00406094309	-0.00705968090
0.04981784618	0.00389654995	-0.00694308316
0.04983059260	0.00373000558	-0.00682219466
0.04984292607	0.00356140710	-0.00669697461
0.04985481811	0.00339087179	-0.00656740550
0.04986624618	0.00321844559	-0.00643342379
0.04987718783	0.00304418037	-0.00629496829
0.04988761591	0.00286821883	-0.00615204690
0.04989750752	0.00269065848	-0.00600464549
0.04990684153	0.00251158685	-0.00585274985
0.04991559731	0.00233110391	-0.00569635967
0.04992375549	0.00214931100	-0.00553547961
0.04993130318	0.00196617962	-0.00537000580
0.04993821212	0.00178209719	-0.00520017510
0.04994447313	0.00159702952	-0.00502592829
0.04995007608	0.00141095694	-0.00484718407
0.04995500135	0.00122423045	-0.00466417508
0.04995924135	0.00103687190	-0.00447690288
0.04996278967	0.00084885139	-0.00428529747
0.04996563342	0.00066058796	-0.00408968736
0.04996777183	0.00047188806	-0.00388990076
0.04996919799	0.00028311243	-0.00368622883
0.04996991115	0.00009422981	-0.00347865640
0.04996991048	-0.00009458865	-0.00326732861
0.04996919751	-0.00028319706	-0.00305239829
0.04996777477	-0.00047157698	-0.00283389687
0.04996564841	-0.00065945319	-0.00261210966
0.04996282227	-0.00084692998	-0.00238697166
0.04995930858	-0.00103362771	-0.00215888543
0.04995511124	-0.00121973804	-0.00192771885
0.04995024815	-0.00140485211	-0.00169391353
0.04994472608	-0.00158909947	-0.00145742560
0.04993856257	-0.00177224957	-0.00121853548
0.04993177331	-0.00195420412	-0.00097743384
0.04992436937	-0.00213500424	-0.00073415084
0.04991637749	-0.00231433751	-0.00048908887
0.04990781091	-0.00249225001	-0.00024231863
0.04989868666	-0.00266870194	0.00000604041
0.04988903385	-0.00284344882	0.00025563019
0.04987886908	-0.00301650773	0.00050633818
0.04986821470	-0.00318779897	0.00075796782
0.04985709188	-0.00335727412	0.00101036240
0.04984552889	-0.00352479080	0.00126325013
0.04983354791	-0.00369031201	0.00151645597
0.04982117271	-0.00385378386	0.00176979243
0.04980842798	-0.00401514660	0.00202306285
0.04979533880	-0.00417434236	0.00227607375
0.04978193025	-0.00433131853	0.00252863295
0.04976822744	-0.00448602694	0.00278055063
0.04975425163	-0.00463846359	0.00303169672
0.04974003497	-0.00478850930	0.00328180429
0.04972559934	-0.00493615948	0.00353071821
0.04971096675	-0.00508140577	0.00377829141
0.04969615821	-0.00522424725	0.00402441117
0.04968121002	-0.00536453832	0.00426875870
0.04966612730	-0.00550242664	0.00451138801
0.04965095275	-0.00563771155	0.00475192387
0.04963568711	-0.00577056884	0.00499045930
0.04962037179	-0.00590081379	0.00522665101
0.04960501719	-0.00602852962	0.00546045871
0.04958964066	-0.00615373379	0.00569180263
0.04957426839	-0.00627636944	0.00592050388
0.04955891839	-0.00639644491	0.00614645164
0.04954360644	-0.00651398194	0.00636956176
0.04952835009	-0.00662898464	0.00658973568
0.04951316601	-0.00674146065	0.00680688131
0.04949806996	-0.00685142100	0.00702091305
0.04948307349	-0.00695890350	0.00723179329
0.04946819517	-0.00706389172	0.00743941483
0.04945345009	-0.00716639198	0.00764368567
0.04943884404	-0.00726647093	0.00784460650
0.04942438816	-0.00736415335	0.00804214805
0.04941010393	-0.00745939206	0.00823615621
0.04939598397	-0.00755232862	0.00842676029
0.04938205521	-0.00764287404	0.00861376861
0.04936831586	-0.00773112469	0.00879723561
0.04935476885	-0.00781714087	0.00897720346
0.04934143550	-0.00790086344	0.00915352734
0.04932831214	-0.00798238819	0.00932627379
0.04931540491	-0.00806174538	0.00949543933
0.04930271913	-0.00813896717	0.00966102487
0.04929025934	-0.00821408754	0.00982303543
0.04927802943	-0.00828714158	0.00998148030
0.04926603259	-0.00835816566	0.01013637265
0.04925427134	-0.00842719733	0.01028772929
0.04924274751	-0.00849427558	0.01043557028
0.04923146241	-0.00855943976	0.01057991921
0.04922040936	-0.00862277229	0.01072088641
0.04920960266	-0.00868423317	0.01085838408
0.04919903881	-0.00874388244	0.01099245820
0.04918870039	-0.00880185515	0.01112331784
0.04917861638	-0.00885802409	0.01125073549
0.04916875586	-0.00891259485	0.01137501450
0.04915914472	-0.00896545541	0.01149595646
0.04914975020	-0.00901681512	0.01161389055
0.04914060384	-0.00906652934	0.01172857035
0.04913168142	-0.00911475620	0.01184022083
0.04912297896	-0.00916154123	0.01194892896
0.04911451084	-0.00920683036	0.01205459160
0.04910626230	-0.00925072448	0.01215735336
0.04909823073	-0.00929325773	0.01225726788
0.04909041085	-0.00933447708	0.01235441615
0.04908280400	-0.00937439337	0.01244881653
0.04907540832	-0.00941303342	0.01254050434
0.04906821681	-0.00945044970	0.01262956201
0.04906122603	-0.00948667490	0.01271604471
0.04905443234	-0.00952174183	0.01280000730
0.04904783210	-0.00955568240	0.01288150475
0.04904142148	-0.00958852851	0.01296059163
0.04903519260	-0.00962033193	0.01303736589
0.04902914732	-0.00965109387	0.01311183421
0.04902328277	-0.00968083914	0.01318403524
0.04901759246	-0.00970961017	0.01325404161
0.04901207235	-0.00973743622	0.01332190573
0.04900671304	-0.00976437285	0.01338773688
0.04900151232	-0.00979043873	0.01345158400
0.04899648070	-0.00981558858	0.01351335634
0.04899160341	-0.00983990321	0.01357319035
0.04898689534	-0.00986331509	0.01363093318
0.04898234108	-0.00988590727	0.01368714463
0.04897900791	-0.00990240800	0.01374551835
0.04897694114	-0.00991262509	0.01380536995
0.04897616897	-0.00991643954	0.01386599774
0.04897670193	-0.00991380694	0.01392669091
0.04897853275	-0.00990475795	0.01398673788
0.04898163644	-0.00988939794	0.01404543466
0.04898597079	-0.00986790582	0.01410209309
0.04899147712	-0.00984053198	0.01415604889
0.04899808130	-0.00980759545	0.01420666948
0.04900569514	-0.00976948023	0.01425336139
0.04901421785	-0.00972663091	0.01429557719
0.04902353781	-0.00967954756	0.01433282195
0.04903353440	-0.00962878000	0.01436465899
0.04950149517	0.01024228859	-0.00846084959
0.04951270275	0.01018797163	-0.00859365924
0.04951933993	0.01015566209	-0.00864691503
0.04952526455	0.01012673055	-0.00868725951
0.04953097807	0.01009874803	-0.00872079372
0.04953653438	0.01007145779	-0.00875003676
0.04954203246	0.01004437749	-0.00877618582
0.04954759762	0.01001688926	-0.00879983708
0.04955311084	0.00998957989	-0.00882166083
0.04955871203	0.00996175496	-0.00884181027
0.04956442369	0.00993329778	-0.00886048731
0.04957015625	0.00990465089	-0.00887800767
0.04957599103	0.00987540447	-0.00889439814
0.04958198634	0.00984525929	-0.00890966980
0.04958807174	0.00981456271	-0.00892400701
0.04959425929	0.00978324822	-0.00893746315
0.04960058181	0.00975114269	-0.00895004288
0.04960704546	0.00971820666	-0.00896177585
0.04961365590	0.00968440234	-0.00897268472
0.04962041833	0.00964969348	-0.00898278538
0.04962734201	0.00961402233	-0.00899208086
0.04963442184	0.00957740406	-0.00900059335
0.04964165870	0.00953982292	-0.00900833320
0.04964907962	0.00950112586	-0.00901526110
0.04965667147	0.00946136770	-0.00902140063
0.04966443918	0.00942050855	-0.00902674437
0.04967238806	0.00937850544	-0.00903128268
0.04968052153	0.00933532433	-0.00903500504
0.04968884296	0.00929093027	-0.00903790077
0.04969736776	0.00924522242	-0.00903993282
0.04970614387	0.00919792159	-0.00904099209
0.04971505555	0.00914963122	-0.00904128202
0.04972417316	0.00909995075	-0.00904067019
0.04973358836	0.00904835281	-0.00903894929
0.04974311345	0.00899584152	-0.00903646493
0.04975293602	0.00894135655	-0.00903283566
0.04976291685	0.00888564046	-0.00902831157
0.04977318350	0.00882795017	-0.00902261024
0.04978360152	0.00876900903	-0.00901598283
0.04979433046	0.00870787882	-0.00900806569
0.04980522997	0.00864532056	-0.00899911861
0.04981635719	0.00858097062	-0.00898899940
0.04982773854	0.00851463283	-0.00897760858
0.04983936286	0.00844632520	-0.00896492254
0.04985119083	0.00837623260	-0.00895099265
0.04986325247	0.00830412869	-0.00893571054
0.04987554492	0.00822997685	-0.00891903315
0.04988806489	0.00815374035	-0.00890091613
0.04990080862	0.00807538227	-0.00888131409
0.04991377177	0.00799486634	-0.00886017884
0.04992694948	0.00791215621	-0.00883746119
0.04994036946	0.00782700443	-0.00881301213
0.04995397301	0.00773970802	-0.00878691520
0.04996776546	0.00765015786	-0.00875909138
0.04998177717	0.00755807190	-0.00872937049
0.04999597515	0.00746357615	-0.00869774876
0.05001033155	0.00736676576	-0.00866422703
0.05002489054	0.00726724337	-0.00862856383
0.05003958277	0.00716537901	-0.00859086835
0.05005442477	0.00706095323	-0.00855098759
0.05006943231	0.00695373625	-0.00850873427
0.05008453142	0.00684413708	-0.00846423493
0.05009974510	0.00673186755	-0.00841728978
0.05011505632	0.00661691997	-0.00836781555
0.05013044720	0.00649928947	-0.00831572729
0.05014589906	0.00637897386	-0.00826093911
0.05016139248	0.00625597351	-0.00820336480
0.05017690727	0.00613029172	-0.00814291757
0.05019242249	0.00600193510	-0.00807950994
0.05020791648	0.00587091331	-0.00801305459
0.05022336693	0.00573723927	-0.00794346447
0.05023876311	0.00560081970	-0.00787058743
0.05025407516	0.00546172411	-0.00779434882
0.05026925630	0.00532018523	-0.00771478918
0.05028432978	0.00517577811	-0.00763155419
0.05029921234	0.00502908917	-0.00754487834
0.05031393653	0.00487957891	-0.00745433737
0.05032842210	0.00472783558	-0.00736017033
0.05034268215	0.00457349468	-0.00726206156
0.05035667589	0.00441675141	-0.00716000686
0.05037036860	0.00425775376	-0.00705399840
0.05038374349	0.00409644870	-0.00694390378
0.05039677308	0.00393290766	-0.00682966042
0.05040943125	0.00376719268	-0.00671120155
0.05042169011	0.00359939812	-0.00658848617
0.05043352141	0.00342963820	-0.00646149583
0.05044490275	0.00325795747	-0.00633016799
0.05045581173	0.00308440636	-0.00619444239
0.05046622134	0.00290912422	-0.00605432531
0.05047610869	0.00273220632	-0.00590980208
0.05048545256	0.00255373832	-0.00576085814
0.05049423222	0.00237381815	-0.00560749243
0.05050242812	0.00219254520	-0.00544970881
0.05051002707	0.00200989183	-0.00528740681
0.05051700066	0.00182623766	-0.00512081374
0.05052333930	0.00164154994	-0.00494987297
0.05052903242	0.00145580997	-0.00477450625
0.05053405999	0.00126936225	-0.00459493737
0.05053841390	0.00108222921	-0.00441116865
0.05054208721	0.00089438251	-0.00422313333
0.05054506636	0.00070623388	-0.00403114811
0.05054735003	0.00051759500	-0.00383504913
0.05054893052	0.00032882078	-0.00363511745
0.05054980646	0.00013988220	-0.00343134027
0.05054997620	-0.00004905136	-0.00322385874
0.05054944050	-0.00023783500	-0.00301282186
0.05054820117	-0.00042644879	-0.00279826199
0.05054626338	-0.00061462069	-0.00258045585
0.05054363038	-0.00080245094	-0.00235934353
0.05054031323	-0.00098956473	-0.00213531485
0.05053631542	-0.00117614787	-0.00190824578
0.05053165355	-0.00136179658	-0.00167856394
0.05052633391	-0.00154663548	-0.00144623071
0.05052037304	-0.00173043563	-0.00121151899
0.05051378581	-0.00191309769	-0.00097461592
0.05050658276	-0.00209465945	-0.00073555417
0.05049878944	-0.00227481105	-0.00049472447
0.05049041862	-0.00245359479	-0.00025219916
0.05048148674	-0.00263096879	-0.00000809695
0.05047202188	-0.00280668970	0.00023723365
0.05046204022	-0.00298077118	0.00048367985
0.05045156350	-0.00315313186	0.00073104829
0.05044061239	-0.00332372114	0.00097918401
0.05042921446	-0.00349239590	0.00122782121
0.05041739150	-0.00365911661	0.00147678692
0.05040516686	-0.00382382717	0.00172589632
0.05039256484	-0.00398646573	0.00197495575
0.05037961017	-0.00414697229	0.00222377465
0.05036632764	-0.00430529209	0.00247216372
0.05035274209	-0.00446137471	0.00271993595
0.05033887469	-0.00461521340	0.00296696195
0.05032475719	-0.00476668788	0.00321298073
0.05031041146	-0.00491579073	0.00345783863
0.05029585950	-0.00506251098	0.00370138999
0.05028112233	-0.00520684522	0.00394352259
0.05026623592	-0.00534864716	0.00418392563
0.05025120593	-0.00548806002	0.00442264731
0.05023607456	-0.00562488337	0.00465932288
0.05022084325	-0.00575928841	0.00489403831
0.05020555299	-0.00589109060	0.00512645995
0.05019021466	-0.00602036980	0.00535654546
0.05017484582	-0.00614714133	0.00558421513
0.05015947274	-0.00627134713	0.00580929390
0.05014411365	-0.00639299351	0.00603167217
0.05012878466	-0.00651210016	0.00625126623
0.05011350358	-0.00662866951	0.00646797870
0.05009828735	-0.00674270753	0.00668171858
0.05008315204	-0.00685422365	0.00689240123
0.05006810955	-0.00696325395	0.00709998849
0.05005317869	-0.00706978099	0.00730437532
0.05003837482	-0.00717380970	0.00750547129
0.05002370421	-0.00727540492	0.00770327538
0.05000917834	-0.00737459030	0.00789775819
0.04999481878	-0.00747131818	0.00808876989
0.04998061886	-0.00756572788	0.00827643394
0.04996660546	-0.00765773063	0.00846056479
0.04995277737	-0.00774742106	0.00864121382
0.04993913788	-0.00783485850	0.00881842112
0.04992570836	-0.00791998388	0.00899204662
0.04991248568	-0.00800289154	0.00916215376
0.04989947625	-0.00808361118	0.00932873889
0.04988668569	-0.00816217440	0.00949180267
0.04987411881	-0.00823861472	0.00965134984
0.04986177979	-0.00831296677	0.00980738932
0.04984967207	-0.00838526651	0.00995993386
0.04983779846	-0.00845555114	0.01010899981
0.04982616102	-0.00852385932	0.01025460670
0.04981476133	-0.00859023010	0.01039677758
0.04980359305	-0.00865474548	0.01053561929
0.04979267045	-0.00871736597	0.01067104776
0.04978199034	-0.00877815115	0.01080310761
0.04977153574	-0.00883723544	0.01093200117
0.04976133536	-0.00889449286	0.01105750979
0.04975135892	-0.00895012771	0.01117992655
0.04974163205	-0.00900402914	0.01129906095
0.04973212262	-0.00905640543	0.01141523120
0.04972286181	-0.00910711336	0.01152820065
0.04971382588	-0.00915631021	0.01163818689
0.04970501095	-0.00920404184	0.01174527491
0.04969643129	-0.00925025496	0.01184936620
0.04968807244	-0.00929505013	0.01195060103
0.04967993188	-0.00933846179	0.01204903217
0.04967200441	-0.00938053718	0.01214473882
0.04966429139	-0.00942128762	0.01223773975
0.04965679102	-0.00946074024	0.01232807005
0.04964949641	-0.00949894765	0.01241581023
0.04964240418	-0.00953594290	0.01250101456
0.04963551075	-0.00957175913	0.01258373704
0.04962881249	-0.00960642862	0.01266403176
0.04962230563	-0.00963998360	0.01274195243
0.04961598236	-0.00967247615	0.01281759467
0.04960984447	-0.00970390806	0.01289096601
0.04960388913	-0.00973430445	0.01296210476
0.04959810989	-0.00976370805	0.01303108198
0.04959250275	-0.00979214844	0.01309794928
0.04958705834	-0.00981968152	0.01316281318
0.04958177442	-0.00984632647	0.01322572202
0.04957666137	-0.00987203865	0.01328658919
0.04957170456	-0.00989689884	0.01334554722
0.04956691874	-0.00992084004	0.01340244933
0.04956232923	-0.00994374280	0.01345741246
0.04955892745	-0.00996068321	0.01351457884
0.04955675945	-0.00997146392	0.01357327826
0.04955585471	-0.00997595932	0.01363282252
0.04955622553	-0.00997411707	0.01369251351
0.04955786687	-0.00996595862	0.01375165141
0.04956075640	-0.00995157901	0.01380954289
0.04956485493	-0.00993114574	0.01386550921
0.04957010709	-0.00990489693	0.01391889423
0.04957644235	-0.00987313853	0.01396907206
0.04958377624	-0.00983624086	0.01401545439
0.04959201184	-0.00979463435	0.01405749746
0.04960104140	-0.00974880463	0.01409470833
0.04961074817	-0.00969928689	0.01412665075
0.05009799721	0.01022093811	-0.00830975748
0.05010880604	0.01016781476	-0.00844048040
0.05011523353	0.01013608742	-0.00849291426
0.05012097969	0.01010763549	-0.00853264085
0.05012652571	0.01008009524	-0.00856566855
0.05013192323	0.01005321705	-0.00859447347
0.05013726728	0.01002653128	-0.00862023454
0.05014267823	0.00999943600	-0.00864354125
0.05014804178	0.00997250249	-0.00866504818
0.05015349238	0.00994505414	-0.00868491012
0.05015905170	0.00991697696	-0.00870332609
0.05016463377	0.00988870159	-0.00872060320
0.05017031675	0.00985982848	-0.00873677029
0.05017615675	0.00983006579	-0.00875184013
0.05018208618	0.00979975136	-0.00876599139
0.05018811668	0.00976881998	-0.00877927678
0.05019427990	0.00973710253	-0.00879170189
0.05020058181	0.00970456008	-0.00880329598
0.05020702794	0.00967115531	-0.00881408139
0.05021362341	0.00963685237	-0.00882407386
0.05022037718	0.00960159444	-0.00883327659
0.05022728446	0.00956539575	-0.00884171113
0.05023434618	0.00952824034	-0.00884938756
0.05024158842	0.00948997855	-0.00885626820
0.05024899866	0.00945066314	-0.00886237563
0.05025658174	0.00941025463	-0.00886770266
0.05026434287	0.00936871047	-0.00887223996
0.05027228543	0.00932599685	-0.00887597722
0.05028041278	0.00928207902	-0.00887890401
0.05028873983	0.00923685804	-0.00888098448
0.05029731281	0.00919006118	-0.00888211338
0.05030602050	0.00914227553	-0.00888248579
0.05031493067	0.00909311014	-0.00888197437
0.05032413163	0.00904205042	-0.00888037939
0.05033344289	0.00899007378	-0.00887803234
0.05034304508	0.00893614640	-0.00887456651
0.05035280430	0.00888099086	-0.00887022151
0.05036284345	0.00882388233	-0.00886472556
0.05037303323	0.00876552469	-0.00885831933
0.05038352732	0.00870500288	-0.00885065294
0.05039419071	0.00864305747	-0.00884197515
0.05040507853	0.00857933322	-0.00883214892
0.05041621632	0.00851363802	-0.00882107794
0.05042759344	0.00844598841	-0.00880873864
0.05043917211	0.00837656352	-0.00879517960
0.05045098135	0.00830514182	-0.00878029601
0.05046301850	0.00823168656	-0.00876404559
0.05047528048	0.00815616087	-0.00874638482
0.05048776376	0.00807852773	-0.00872726914
0.05050046423	0.00799875068	-0.00870665123
0.05051337729	0.00791679320	-0.00868448280
0.05052652974	0.00783241296	-0.00866061950
0.05053986505	0.00774589834	-0.00863514032
0.05055338840	0.00765714188	-0.00860796830
0.05056712915	0.00756586743	-0.00857893868
0.05058105551	0.00747219667	-0.00854804626
0.05059514068	0.00737622122	-0.00851529061
0.05060942729	0.00727755243	-0.00848043819
0.05062384844	0.00717654991	-0.00844359227
0.05063842012	0.00707299851	-0.00840460444
0.05065315754	0.00696667292	-0.00836329289
0.05066798927	0.00685797080	-0.00831977739
0.05068293751	0.00674660993	-0.00827386440
0.05069798577	0.00663258160	-0.00822547197
0.05071311674	0.00651587986	-0.00817451651
0.05072831232	0.00639650135	-0.00812091345
0.05074355365	0.00627444524	-0.00806457791
0.05075882113	0.00614971358	-0.00800542442
0.05077409440	0.00602231165	-0.00794336679
0.05078935239	0.00589224775	-0.00787831896
0.05080457337	0.00575953335	-0.00781019516
0.05081974681	0.00562407630	-0.00773884694
0.05083484362	0.00548594333	-0.00766420015
0.05084981829	0.00534536059	-0.00758629164
0.05086469315	0.00520191221	-0.00750477865
0.05087938726	0.00505616970	-0.00741988423
0.05089393195	0.00490760537	-0.00733119849
0.05090824907	0.00475679271	-0.00723894886
0.05092235108	0.00460337493	-0.00714283005
0.05093619805	0.00444754185	-0.00704283564
0.05094975592	0.00428943728	-0.00693895616
0.05096300802	0.00412900875	-0.00683106248
0.05097592728	0.00396632544	-0.00671909250
0.05098848790	0.00380144736	-0.00660298017
0.05100066230	0.00363446626	-0.00648268430
0.05101242256	0.00346549338	-0.00635818562
0.05102374639	0.00329457197	-0.00622942253
0.05103461149	0.00312175108	-0.00609633571
0.05104499102	0.00294716680	-0.00595892993
0.05105486211	0.00277091227	-0.00581719001
0.05106420352	0.00259307134	-0.00567110109
0.05107299442	0.00241373996	-0.00552066141
0.05108121515	0.00223301564	-0.00536587408
0.05108885226	0.00205087163	-0.00520664189
0.05109587725	0.00186767990	-0.00504318310
0.05110228012	0.00168340910	-0.00487544349
0.05110804997	0.00149804156	-0.00470334774
0.05111316639	0.00131191537	-0.00452711127
0.05111762078	0.00112505352	-0.00434673705
0.05112140576	0.00093742924	-0.00416216144
0.05112450713	0.00074944707	-0.00397368985
0.05112692309	0.00056092379	-0.00378116597
0.05112864521	0.00037220860	-0.00358486126
0.05112967153	0.00018327462	-0.00338476512
0.05112999968	-0.00000571049	-0.00318101486
0.05112962967	-0.00019460286	-0.00297375585
0.05112856265	-0.00038338110	-0.00276302127
0.05112680287	-0.00057177636	-0.00254907964
0.05112435305	-0.00075988495	-0.00233187583
0.05112122312	-0.00094733683	-0.00211178753
0.05111741617	-0.00113431214	-0.00188869832
0.05111294759	-0.00132041215	-0.00166302249
0.05110782325	-0.00150575667	-0.00143472633
0.05110205866	-0.00169011842	-0.00120407553
0.05109566795	-0.00187339713	-0.00097125384
0.05108866113	-0.00205562732	-0.00073629619
0.05108106263	-0.00223650179	-0.00049958222
0.05107288476	-0.00241605919	-0.00026118570
0.05106414337	-0.00259425564	-0.00002122458
0.05105486554	-0.00277084901	0.00021996180
0.05104506704	-0.00294584971	0.00046226048
0.05103476902	-0.00311917477	0.00070548124
0.05102399164	-0.00329077156	0.00094947083
0.05101276179	-0.00346049632	0.00119396925
0.05100110085	-0.00362830711	0.00143880559
0.05098903174	-0.00379414577	0.00168379763
0.05097657839	-0.00395794844	0.00192875464
0.05096376514	-0.00411965318	0.00217348896
0.05095061649	-0.00427920314	0.00241781408
0.05093715698	-0.00443654581	0.00266154576
0.05092340768	-0.00459167180	0.00290455531
0.05090939992	-0.00474445986	0.00314658749
0.05089515552	-0.00489489988	0.00338749013
0.05088069643	-0.00504297837	0.00362711897
0.05086604369	-0.00518868957	0.00386536234
0.05085123288	-0.00533188662	0.00410191711
0.05083627015	-0.00547270839	0.00433682606
0.05082119721	-0.00561095482	0.00456973444
0.05080601613	-0.00574679258	0.00480072159
0.05079076746	-0.00588003748	0.00502946310
0.05077546249	-0.00601076607	0.00525591475
0.05076011901	-0.00613899161	0.00547999693
0.05074476326	-0.00626465498	0.00570153828
0.05072941371	-0.00638776053	0.00592043045
0.05071408673	-0.00650832598	0.00613659016
0.05069880035	-0.00662635215	0.00634992123
0.05068357177	-0.00674184343	0.00656033372
0.05066841729	-0.00685480773	0.00676774397
0.05065334917	-0.00696527944	0.00697211331
0.05063838637	-0.00707324014	0.00717333881
0.05062354452	-0.00717869352	0.00737133155
0.05060883033	-0.00728170258	0.00756608895
0.05059425556	-0.00738228993	0.00775758148
0.05057984188	-0.00748040746	0.00794566344
0.05056558326	-0.00757619229	0.00813045272
0.05055150652	-0.00766955593	0.00831176961
0.05053761098	-0.00776059127	0.00848966263
0.05052390028	-0.00784935668	0.00866416990
0.05051039582	-0.00793579323	0.00883515587
0.05049709496	-0.00801999383	0.00900268106
0.05048400437	-0.00810198760	0.00916674164
0.05047112993	-0.00818180564	0.00932733806
0.05045847673	-0.00825948098	0.00948447478
0.05044604918	-0.00833504781	0.00963816037
0.05043385100	-0.00840854171	0.00978840720
0.05042188521	-0.00847999949	0.00993523116
0.05041015416	-0.00854945951	0.01007865130
0.05039865962	-0.00861696052	0.01021869011
0.05038739559	-0.00868258405	0.01035545113
0.05037637631	-0.00874629118	0.01048885381
0.05036559890	-0.00880814100	0.01061894151
0.05035504678	-0.00886826723	0.01074591007
0.05034474839	-0.00892654520	0.01086954930
0.05033467410	-0.00898317781	0.01099014246
0.05032484926	-0.00903805547	0.01110750663
0.05031524237	-0.00909138523	0.01122194950
0.05030588421	-0.00914302543	0.01133324374
0.05029675156	-0.00919313238	0.01144159987
0.05028784063	-0.00924175224	0.01154710098
0.05027916556	-0.00928883255	0.01164965297
0.05027071220	-0.00933447347	0.01174939195
0.05026247809	-0.00937870972	0.01184636985
0.05025445816	-0.00942158878	0.01194066410
0.05024665376	-0.00946312243	0.01203229392
0.05023906314	-0.00950333807	0.01212129409
0.05023167955	-0.00954228847	0.01220774330
0.05022449966	-0.00958000698	0.01229169495
0.05021751993	-0.00961652705	0.01237320219
0.05021073678	-0.00965188129	0.01245231826
0.05020414648	-0.00968610224	0.01252909602
0.05019774128	-0.00971924227	0.01260362883
0.05019152295	-0.00975130370	0.01267592504
0.05018548866	-0.00978231199	0.01274602260
0.05017963203	-0.00981231008	0.01281399108
0.05017394907	-0.00984132789	0.01287988128
0.05016843049	-0.00986942157	0.01294379707
0.05016307401	-0.00989661081	0.01300578621
0.05015788986	-0.00992285165	0.01306576601
0.05015286357	-0.00994822478	0.01312386524
0.05014800970	-0.00997266379	0.01317994294
0.05014339464	-0.00999584282	0.01323369294
0.05013993443	-0.01001318506	0.01328968313
0.05013767578	-0.01002448840	0.01334725710
0.05013664927	-0.01002962115	0.01340573983
0.05013686883	-0.01002852350	0.01346444567
0.05013833150	-0.01002120825	0.01352268635
0.05014101742	-0.01000776062	0.01357977904
0.05014489025	-0.00998833730	0.01363505439
0.05014989781	-0.00996316467	0.01368786435
0.05015597297	-0.00993253618	0.01373758976
0.05016303491	-0.00989680903	0.01378364765
0.05017099040	-0.00985640006	0.01382549802
0.05017973550	-0.00981178094	0.01386265021
0.05018915719	-0.00976347277	0.01389466866
0.05068417768	0.01019824166	-0.00816567092
0.05069461196	0.01014624651	-0.00829439114
0.05070084160	0.01011507097	-0.00834603534
0.05070641907	0.01008707417	-0.00838516804
0.05071180657	0.01005995397	-0.00841770851
0.05071705365	0.01003346746	-0.00844609176
0.05072225163	0.01000715693	-0.00847147921
0.05072751625	0.00998043559	-0.00849445378
0.05073273767	0.00995385996	-0.00851565520
0.05073804520	0.00992677032	-0.00853523962
0.05074345973	0.00989905525	-0.00855340328
0.05074889863	0.00987113406	-0.00857044519
0.05075443715	0.00984261699	-0.00858639605
0.05076012933	0.00981321918	-0.00860127014
0.05076591020	0.00978326945	-0.00861524081
0.05077179107	0.00975270380	-0.00862836014
0.05077780242	0.00972135695	-0.00864063454
0.05078395011	0.00968919046	-0.00865209288
0.05079023952	0.00965616744	-0.00866275725
0.05079667566	0.00962225244	-0.00867264318
0.05080326723	0.00958738955	-0.00868175405
0.05081000973	0.00955159206	-0.00869011080
0.05081690414	0.00951484387	-0.00869772327
0.05082397563	0.00947699851	-0.00870455527
0.05083121226	0.00943810679	-0.00871062848
0.05083861878	0.00939812961	-0.00871593592
0.05084620031	0.00935702487	-0.00872046853
0.05085396018	0.00931475895	-0.00872421622
0.05086190172	0.00927129730	-0.00872716877
0.05087003940	0.00922654279	-0.00872929148
0.05087841781	0.00918022882	-0.00873048269
0.05088693000	0.00913292699	-0.00873092969
0.05089564129	0.00908425546	-0.00873050988
0.05090463684	0.00903371176	-0.00872903060
0.05091374294	0.00898224801	-0.00872681018
0.05092313363	0.00892885553	-0.00872349567
0.05093268009	0.00887423794	-0.00871931691
0.05094250075	0.00881768774	-0.00871401207
0.05095247120	0.00875989033	-0.00870781202
0.05096273956	0.00869995266	-0.00870037976
0.05097317590	0.00863859590	-0.00869195374
0.05098383339	0.00857547278	-0.00868240178
0.05099473675	0.00851039503	-0.00867163050
0.05100587585	0.00844337783	-0.00865961640
0.05101721435	0.00837459490	-0.00864640546
0.05102878031	0.00830382922	-0.00863189621
0.05104057127	0.00823104397	-0.00861604711
0.05105258432	0.00815620217	-0.00859881543
0.05106481616	0.00807926668	-0.00858015742
0.05107726290	0.00800020091	-0.00856002657
0.05108992017	0.00791896817	-0.00853837546
0.05110281389	0.00783533102	-0.00851506408
0.05111588961	0.00774956965	-0.00849016725
0.05112915235	0.00766157816	-0.00846360989
0.05114263051	0.00757108607	-0.00843523235
0.05115629347	0.00747821093	-0.00840502814
0.05117011536	0.00738304101	-0.00837299565
0.05118413738	0.00728519599	-0.00833890875
0.05119829496	0.00718502559	-0.00830286524
0.05121260354	0.00708231875	-0.00826472100
0.05122707782	0.00697685443	-0.00822429938
0.05124164879	0.00686901953	-0.00818171386
0.05125633786	0.00675853752	-0.00813677674
0.05127112907	0.00664539872	-0.00808940737
0.05128600564	0.00652959616	-0.00803952342
0.05130095000	0.00641112542	-0.00798704163
0.05131594386	0.00628998455	-0.00793187839
0.05133096817	0.00616617443	-0.00787394948
0.05134600310	0.00603969911	-0.00781316997
0.05136102817	0.00591056559	-0.00774945503
0.05137602218	0.00577878402	-0.00768272009
0.05139097481	0.00564426333	-0.00761282021
0.05140585770	0.00550706763	-0.00753968174
0.05142062656	0.00536741686	-0.00746333816
0.05143530286	0.00522490377	-0.00738345751
0.05144980786	0.00508008576	-0.00730025220
0.05146417174	0.00493244638	-0.00721332582
0.05147831837	0.00478254510	-0.00712289498
0.05149225960	0.00463003251	-0.00702866410
0.05150595636	0.00447509329	-0.00693062476
0.05151937521	0.00431786732	-0.00682876597
0.05153249963	0.00415830271	-0.00672296169
0.05154530295	0.00399646647	-0.00661315032
0.05155775967	0.00383241676	-0.00649926649
0.05156984258	0.00366624282	-0.00638126892
0.05158152406	0.00349805308	-0.00625913754
0.05159278197	0.00332788958	-0.00613281170
0.05160359412	0.00315580005	-0.00600223298
0.05161393385	0.00298191751	-0.00586740474
0.05162377838	0.00280633308	-0.00572831137
0.05163310645	0.00262912887	-0.00558493774
0.05164189718	0.00245039899	-0.00543728146
0.05165013083	0.00227023914	-0.00528534494
0.05165779372	0.00208862341	-0.00512903405
0.05166485732	0.00190591652	-0.00496855856
0.05167131130	0.00172208841	-0.00480386656
0.05167714441	0.00153712241	-0.00463488545
0.05168233598	0.00135135046	-0.00446182278
0.05168687696	0.00116479613	-0.00428468219
0.05169075955	0.00097743409	-0.00410340290
0.05169396903	0.00078966198	-0.00391827979
0.05169650314	0.00060130150	-0.00372916356
0.05169835280	0.00041269630	-0.00353631668
0.05169951551	0.00022382158	-0.00333973061
0.05169998826	0.00003484330	-0.00313953902
0.05169977035	-0.00015409568	-0.00293588385
0.05169886236	-0.00034297262	-0.00272879902
0.05169726767	-0.00053152176	-0.00251854536
0.05169498851	-0.00071983565	-0.00230507213
0.05169203377	-0.00090754894	-0.00208874567
0.05168840618	-0.00109483629	-0.00186945662
0.05168412000	-0.00128130392	-0.00164760673
0.05167918067	-0.00146706706	-0.00142316686
0.05167360280	-0.00165190011	-0.00119639587
0.05166739976	-0.00183570193	-0.00096747429
0.05166058112	-0.00201850396	-0.00073643911
0.05165317021	-0.00220000165	-0.00050365954
0.05164517891	-0.00238023019	-0.00026921059
0.05163662250	-0.00255914384	-0.00003320945
0.05162752714	-0.00273650174	0.00020401319
0.05161790817	-0.00291231121	0.00044234429
0.05160778616	-0.00308648784	0.00068159662
0.05159718082	-0.00325897711	0.00092161863
0.05158611834	-0.00342963471	0.00116215581
0.05157461971	-0.00359841650	0.00140303925
0.05156270745	-0.00376526236	0.00164408925
0.05155040506	-0.00393010663	0.00188511790
0.05153773655	-0.00409288551	0.00212594031
0.05152472606	-0.00425354026	0.00236637268
0.05151139788	-0.00441201643	0.00260623340
0.05149777292	-0.00456830213	0.00284539456
0.05148388210	-0.00472227529	0.00308360634
0.05146974715	-0.00487392326	0.00332071804
0.05145538998	-0.00502323021	0.00355658681
0.05144083159	-0.00517018814	0.00379110151
0.05142610716	-0.00531464976	0.00402396633
0.05141122331	-0.00545674977	0.00425521895
0.05139622120	-0.00559628859	0.00448451414
0.05138110351	-0.00573342850	0.00471192503
0.05136591032	-0.00586798576	0.00493713594
0.05135065330	-0.00600003380	0.00516010096
0.05133535040	-0.00612958392	0.00538074060
0.05132002783	-0.00625657602	0.00559888707
0.05130470425	-0.00638101262	0.00581443316
0.05128939624	-0.00650290960	0.00602729611
0.05127412203	-0.00662226625	0.00623738087
0.05125889900	-0.00673908550	0.00644459855
0.05124374369	-0.00685337380	0.00664886645
0.05122866864	-0.00696516396	0.00685014545
0.05121369295	-0.00707443666	0.00704833464
0.05119883248	-0.00718119441	0.00724334654
0.05118409433	-0.00728549847	0.00743517714
0.05116949050	-0.00738737043	0.00762379679
0.05115504273	-0.00748676185	0.00780906373
0.05114074561	-0.00758380764	0.00799109060
0.05112662585	-0.00767841968	0.00816970324
0.05111268325	-0.00777068919	0.00834494748
0.05109892182	-0.00786067356	0.00851685957
0.05108536290	-0.00794831409	0.00868530826
0.05107200435	-0.00803370226	0.00885035130
0.05105885306	-0.00811686666	0.00901198475
0.05104591515	-0.00819783790	0.00917020884
0.05103319595	-0.00827664853	0.00932502777
0.05102070010	-0.00835333233	0.00947644979
0.05100843154	-0.00842792450	0.00962448690
0.05099639354	-0.00850046151	0.00976915458
0.05098458864	-0.00857098137	0.00991047141
0.05097301884	-0.00863952258	0.01004845937
0.05096167845	-0.00870616616	0.01018321888
0.05095058168	-0.00877087375	0.01031467269
0.05093972589	-0.00883370399	0.01044286296
0.05092909496	-0.00889478984	0.01056797945
0.05091871700	-0.00895400799	0.01068981992
0.05090856302	-0.00901155986	0.01080865836
0.05089865810	-0.00906733717	0.01092431896
0.05088897135	-0.00912154564	0.01103709952
0.05087953315	-0.00917404524	0.01114678148
0.05087032078	-0.00922499125	0.01125356868
0.05086133057	-0.00927443007	0.01135754242
0.05085257648	-0.00932231010	0.01145861272
0.05084404467	-0.00936873107	0.01155691178
0.05083573277	-0.00941372794	0.01165249071
0.05082763581	-0.00945734838	0.01174542529
0.05081975513	-0.00949960464	0.01183573510
0.05081208906	-0.00954052437	0.01192345466
0.05080463095	-0.00958016042	0.01200866090
0.05079737753	-0.00961854645	0.01209140641
0.05079032531	-0.00965571618	0.01217174350
0.05078347076	-0.00969170252	0.01224972462
0.05077681018	-0.00972653832	0.01232540179
0.05077033593	-0.00976027612	0.01239886625
0.05076404969	-0.00979291882	0.01247012710
0.05075794868	-0.00982449216	0.01253922193
0.05075202657	-0.00985503928	0.01260621888
0.05074627940	-0.00988459041	0.01267116800
0.05074069795	-0.00991320187	0.01273417063
0.05073527993	-0.00994089386	0.01279527397
0.05073003538	-0.00996762308	0.01285439902
0.05072495002	-0.00999347013	0.01291167099
0.05072003823	-0.01001836922	0.01296695437
0.05071540673	-0.01004178867	0.01301954585
0.05071189835	-0.01005949131	0.01307441015
0.05070956029	-0.01007127080	0.01313090406
0.05070842411	-0.01007698984	0.01318836523
0.05070850519	-0.01007658181	0.01324611998
0.05070980244	-0.01007005145	0.01330349120
0.05071229830	-0.01005747487	0.01335980625
0.05071595909	-0.01003899863	0.01341440489
0.05072073558	-0.01001483810	0.01346664700
0.05072656388	-0.00998527500	0.01351592010
0.05073336656	-0.00995065413	0.01356164650
0.05074105396	-0.00991137947	0.01360329010
0.05074952573	-0.00986790950	0.01364036267
0.05075867248	-0.00982075193	0.01367242956
0.05128057332	0.01017355395	-0.00802335888
0.05129064319	0.01012266373	-0.00815008923
0.05129667952	0.01009203006	-0.00820094808
0.05130209184	0.01006448074	-0.00823948986
0.05130732399	0.01003777389	-0.00827154518
0.05131242346	0.01001167310	-0.00829950840
0.05131747802	0.00998573233	-0.00832452345
0.05132259890	0.00995937963	-0.00834716666
0.05132768056	0.00993315703	-0.00836806321
0.05133284733	0.00990642138	-0.00838737044
0.05133811936	0.00987906375	-0.00840528179
0.05134341728	0.00985149239	-0.00842208841
0.05134881347	0.00982332709	-0.00843782272
0.05135435996	0.00979428984	-0.00845250042
0.05135999437	0.00976470065	-0.00846628972
0.05136572762	0.00973449670	-0.00847924203
0.05137158912	0.00970351645	-0.00849136456
0.05137758455	0.00967172195	-0.00850268579
0.05138371920	0.00963907678	-0.00851322752
0.05138999795	0.00960554585	-0.00852300512
0.05139642926	0.00957107412	-0.00853202211
0.05140300887	0.00953567403	-0.00854029883
0.05140973782	0.00949932929	-0.00854784491
0.05141664043	0.00946189658	-0.00855462558
0.05142370528	0.00942342483	-0.00856066164
0.05143093704	0.00938387529	-0.00856594634
0.05143834072	0.00934320631	-0.00857047086
0.05144591964	0.00930138446	-0.00857422535
0.05145367708	0.00925837541	-0.00857719979
0.05146162706	0.00921408379	-0.00857936057
0.05146981260	0.00916824904	-0.00858060952
0.05147813088	0.00912142756	-0.00858112641
0.05148664486	0.00907324646	-0.00858079324
0.05149543657	0.00902321518	-0.00857942416
0.05150433897	0.00897226101	-0.00857732482
0.05151351963	0.00891939993	-0.00857415554
0.05152285468	0.00886531702	-0.00857013677
0.05153245822	0.00880932175	-0.00856501627
0.05154221057	0.00875208142	-0.00855901547
0.05155225446	0.00869272458	-0.00855180980
0.05156246485	0.00863195334	-0.00854362779
0.05157289306	0.00856942832	-0.00853434194
0.05158356299	0.00850496500	-0.00852386173
0.05159446496	0.00843857722	-0.00851216373
0.05160556408	0.00837043342	-0.00849929144
0.05161688746	0.00830032102	-0.00848514660
0.05162843280	0.00822820313	-0.00846968844
0.05164019740	0.00815404269	-0.00845287499
0.05165217815	0.00807780244	-0.00843466327
0.05166437137	0.00799944567	-0.00841500761
0.05167677292	0.00791893557	-0.00839386143
0.05168940786	0.00783603948	-0.00837108895
0.05170222375	0.00775102957	-0.00834676095
0.05171522548	0.00766380151	-0.00832080425
0.05172844049	0.00757409037	-0.00829306408
0.05174183927	0.00748200968	-0.00826353279
0.05175539691	0.00738764443	-0.00823220760
0.05176915320	0.00729062251	-0.00819886963
0.05178304583	0.00719128391	-0.00816361138
0.05179708969	0.00708942164	-0.00812629291
0.05181129901	0.00698481886	-0.00808674258
0.05182560712	0.00687785191	-0.00804506785
0.05184003466	0.00676824986	-0.00800108667
0.05185456620	0.00665600213	-0.00795471968
0.05186918547	0.00654110075	-0.00790588583
0.05188387544	0.00642354028	-0.00785450313
0.05189861834	0.00630331769	-0.00780048924
0.05191339568	0.00618043272	-0.00774376120
0.05192818819	0.00605488824	-0.00768423532
0.05194297590	0.00592669000	-0.00762182800
0.05195773820	0.00579584685	-0.00755645588
0.05197246494	0.00566226885	-0.00748797744
0.05198712851	0.00552601753	-0.00741631957
0.05200168580	0.00538730671	-0.00734151252
0.05201615745	0.00524573772	-0.00726323482
0.05203046690	0.00510185402	-0.00718168863
0.05204464320	0.00495515029	-0.00709649061
0.05205861224	0.00480617220	-0.00700784694
0.05207238526	0.00465457764	-0.00691547148
0.05208592404	0.00450054626	-0.00681935392
0.05209919581	0.00434421409	-0.00671948182
0.05211218418	0.00418552980	-0.00661573220
0.05212486288	0.00402455832	-0.00650804393
0.05213720677	0.00386135598	-0.00639635236
0.05214918900	0.00369600959	-0.00628061614
0.05216078227	0.00352862481	-0.00616081448
0.05217196460	0.00335924248	-0.00603688766
0.05218271395	0.00318790910	-0.00590877815
0.05219300388	0.00301475464	-0.00577648799
0.05220281169	0.00283986823	-0.00564000118
0.05221211614	0.00266333031	-0.00549930231
0.05222089636	0.00248523313	-0.00535438842
0.05222913251	0.00230567064	-0.00520526127
0.05223681077	0.00212461781	-0.00505182969
0.05224390259	0.00194243209	-0.00489429528
0.05225039733	0.00175908478	-0.00473260831
0.05225628345	0.00157456017	-0.00456669886
0.05226154004	0.00138918413	-0.00439676687
0.05226615767	0.00120298074	-0.00422281658
0.05227012812	0.00101592616	-0.00404479000
0.05227343623	0.00082841114	-0.00386297179
0.05227607927	0.00064026226	-0.00367721943
0.05227804760	0.00045181765	-0.00348778667
0.05227933820	0.00026305452	-0.00329466690
0.05227994743	0.00007413713	-0.00309799029
0.05227987397	-0.00011479268	-0.00289789542
0.05227911782	-0.00030371084	-0.00269441686
0.05227768154	-0.00049235475	-0.00248780797
0.05227556689	-0.00068081320	-0.00227802226
0.05227278179	-0.00086872560	-0.00206541497
0.05226932860	-0.00105626115	-0.00184988357
0.05226522050	-0.00124303111	-0.00163181760
0.05226046251	-0.00142914614	-0.00141119229
0.05225506836	-0.00161438238	-0.00118825985
0.05224905072	-0.00179863792	-0.00096319761
0.05224241868	-0.00198194115	-0.00073604451
0.05223519452	-0.00216399026	-0.00050715955
0.05222738968	-0.00234481703	-0.00027661894
0.05221901891	-0.00252437391	-0.00004453903
0.05221010744	-0.00270242143	0.00018875793
0.05220067018	-0.00287896389	0.00042315890
0.05219072715	-0.00305391550	0.00065847963
0.05218029754	-0.00322721990	0.00089457027
0.05216940692	-0.00339873237	0.00113118170
0.05215807583	-0.00356840659	0.00136814703
0.05214632638	-0.00373618061	0.00160528908
0.05213418166	-0.00390198700	0.00184242276
0.05212166530	-0.00406576024	0.00207936591
0.05210880111	-0.00422743974	0.00231593744
0.05209561307	-0.00438696918	0.00255195839
0.05208212194	-0.00454433427	0.00278730164
0.05206835819	-0.00469941218	0.00302172270
0.05205434346	-0.00485218782	0.00325507239
0.05204009956	-0.00500264306	0.00348720927
0.05202564744	-0.00515076774	0.00371802281
0.05201102187	-0.00529641425	0.00394722433
0.05199622987	-0.00543971312	0.00417484666
0.05198131209	-0.00558046537	0.00440055384
0.05196627171	-0.00571882892	0.00462441304
0.05195114838	-0.00585462058	0.00484611713
0.05193595408	-0.00598791068	0.00506561858
0.05192070690	-0.00611870861	0.00528283811
0.05190543299	-0.00624695336	0.00549761138
0.05189015115	-0.00637264569	0.00570983241
0.05187487819	-0.00649579966	0.00591941894
0.05185963245	-0.00661641308	0.00612627708
0.05184443151	-0.00673448744	0.00633031900
0.05182929209	-0.00685002782	0.00653146295
0.05181422700	-0.00696306543	0.00672966943
0.05179925544	-0.00707358012	0.00692483949
0.05178439346	-0.00718157324	0.00711688712
0.05176964854	-0.00728710434	0.00730580693
0.05175503292	-0.00739019400	0.00749156919
0.05174056834	-0.00749079351	0.00767403598
0.05172625001	-0.00758903553	0.00785331485
0.05171210449	-0.00768483239	0.00802923706
0.05169813207	-0.00777827362	0.00820184584
0.05168433706	-0.00786941563	0.00837117566
0.05167074078	-0.00795819999	0.00853709942
0.05165734152	-0.00804471675	0.00869967222
0.05164414640	-0.00812899397	0.00885889000
0.05163116176	-0.00821106176	0.00901475279
0.05161839315	-0.00829095223	0.00916726454
0.05160584542	-0.00836869873	0.00931643320
0.05159352274	-0.00844433606	0.00946227041
0.05158142857	-0.00851790037	0.00960479123
0.05156956568	-0.00858942932	0.00974401380
0.05155793627	-0.00865896113	0.00987995960
0.05154653496	-0.00872657629	0.01001272600
0.05153537588	-0.00879223707	0.01014223896
0.05152445667	-0.00885600160	0.01026853949
0.05151376166	-0.00891800201	0.01039181139
0.05150331858	-0.00897811644	0.01051186015
0.05149309914	-0.00903654475	0.01062895074
0.05148312808	-0.00909318001	0.01074291427
0.05147337517	-0.00914822652	0.01085403891
0.05146387036	-0.00920154594	0.01096211458
0.05145459142	-0.00925329246	0.01106733864
0.05144553481	-0.00930351270	0.01116979062
0.05143671431	-0.00935215596	0.01126938454
0.05142811639	-0.00939932147	0.01136624880
0.05141973878	-0.00944504443	0.01146043365
0.05141157658	-0.00948937266	0.01155201331
0.05140363117	-0.00953231887	0.01164100765
0.05139590090	-0.00957391096	0.01172745093
0.05138837926	-0.00961420185	0.01181141837
0.05138106303	-0.00965322547	0.01189296172
0.05137394878	-0.00969101580	0.01197213251
0.05136703302	-0.00972760602	0.01204898234
0.05136031211	-0.00976302926	0.01212356246
0.05135377847	-0.00979733825	0.01219596198
0.05134743376	-0.00983053641	0.01226619074
0.05134127520	-0.00986264977	0.01233428595
0.05133529655	-0.00989372166	0.01240031436
0.05132949385	-0.00992378258	0.01246432524
0.05132385800	-0.00995288900	0.01252641748
0.05131838666	-0.00998106159	0.01258663773
0.05131308972	-0.01000825778	0.01264491053
0.05130795305	-0.01003455798	0.01270135762
0.05130299084	-0.01005989715	0.01275584881
0.05129835071	-0.01008353187	0.01280729494
0.05129480202	-0.01010156849	0.01286104364
0.05129239238	-0.01011379672	0.01291646474
0.05129115422	-0.01012007403	0.01297290850
0.05129110426	-0.01012032725	0.01302971315
0.05129224317	-0.01011455343	0.01308621272
0.05129455557	-0.01010281986	0.01314174479
0.05129801033	-0.01008526333	0.01319565831
0.05130256110	-0.01006208850	0.01324732119
0.05130814711	-0.01003356565	0.01329612773
0.05131469429	-0.01000002749	0.01334150572
0.05132211645	-0.00996186542	0.01338292314
0.05133031682	-0.00991952496	0.01341989441
0.05133918956	-0.00987350068	0.01345198607
0.05186659544	0.01014784593	-0.00788758675
0.05187632284	0.01009800119	-0.00801240781
0.05188217671	0.01006788161	-0.00806251243
0.05188743288	0.01004075738	-0.00810048648
0.05189251797	0.01001444352	-0.00813207537
0.05189747757	0.00998870971	-0.00815963458
0.05190239609	0.00996312099	-0.00818429126
0.05190738057	0.00993711941	-0.00820661530
0.05191232951	0.00991123327	-0.00822721814
0.05191736255	0.00988483513	-0.00824625808
0.05192249913	0.00985781841	-0.00826392588
0.05192766296	0.00983058086	-0.00828050528
0.05193292372	0.00980275135	-0.00829603025
0.05193833154	0.00977405835	-0.00831051782
0.05194382648	0.00974481351	-0.00832413132
0.05194941912	0.00971495513	-0.00833692154
0.05195513781	0.00968432525	-0.00834889641
0.05196098810	0.00965288639	-0.00836008404
0.05196697516	0.00962060251	-0.00837050596
0.05197310376	0.00958743892	-0.00838017734
0.05197938214	0.00955334143	-0.00838910187
0.05198580627	0.00951832161	-0.00839729933
0.05199237724	0.00948236306	-0.00840477910
0.05199911853	0.00944532541	-0.00841150778
0.05200601925	0.00940725581	-0.00841750535
0.05201308398	0.00936811588	-0.00842276524
0.05202031763	0.00932786439	-0.00842727889
0.05202772348	0.00928646808	-0.00843103664
0.05203530479	0.00924389285	-0.00843402870
0.05204307516	0.00920004500	-0.00843622247
0.05205107610	0.00915466969	-0.00843752302
0.05205920868	0.00910830895	-0.00843810314
0.05206753362	0.00906059835	-0.00843784910
0.05207613006	0.00901105863	-0.00843658142
0.05208483717	0.00896059356	-0.00843459394
0.05209381648	0.00890824251	-0.00843155936
0.05210294873	0.00885467297	-0.00842768937
0.05211234397	0.00879921053	-0.00842274068
0.05212188696	0.00874250534	-0.00841692594
0.05213171533	0.00868370640	-0.00840993218
0.05214170869	0.00862349783	-0.00840197870
0.05215191657	0.00856154765	-0.00839294234
0.05216236210	0.00849767496	-0.00838273530
0.05217303606	0.00843189235	-0.00837133420
0.05218390487	0.00836436323	-0.00835878027
0.05219499476	0.00829487925	-0.00834497823
0.05220630360	0.00822340348	-0.00832988803
0.05221782885	0.00814989877	-0.00831346846
0.05222956759	0.00807432779	-0.00829567727
0.05224151634	0.00799665372	-0.00827646958
0.05225367117	0.00791683962	-0.00825579960
0.05226605632	0.00783465740	-0.00823353555
0.05227862125	0.00775037164	-0.00820974443
0.05229137071	0.00766387950	-0.00818435484
0.05230433124	0.00757492133	-0.00815721664
0.05231747441	0.00748360687	-0.00812832107
0.05233077616	0.00739001801	-0.00809766432
0.05234427496	0.00729379044	-0.00806503427
0.05235791064	0.00719525495	-0.00803051851
0.05237169758	0.00709420840	-0.00799398105
0.05238564953	0.00699043798	-0.00795525492
0.05239970206	0.00688431001	-0.00791444200
0.05241387508	0.00677555891	-0.00787136557
0.05242815365	0.00666417324	-0.00782594747
0.05244252198	0.00655014411	-0.00777810790
0.05245696356	0.00643346514	-0.00772776608
0.05247146114	0.00631413227	-0.00767484090
0.05248599671	0.00619214421	-0.00761925060
0.05250055153	0.00606750269	-0.00756091269
0.05251510618	0.00594021232	-0.00749974477
0.05252964056	0.00581028075	-0.00743566461
0.05254414469	0.00567761908	-0.00736853397
0.05255859169	0.00554228647	-0.00729828024
0.05257293960	0.00540449091	-0.00722493070
0.05258720822	0.00526384192	-0.00714817372
0.05260132311	0.00512086973	-0.00706820194
0.05261531225	0.00497507962	-0.00698464425
0.05262910346	0.00482700414	-0.00689769713
0.05264270739	0.00467630818	-0.00680708331
0.05265608667	0.00452316661	-0.00671279071
0.05266920916	0.00436771179	-0.00661480561
0.05268205863	0.00420989298	-0.00651300789
0.05269460919	0.00404977314	-0.00640733692
0.05270683606	0.00388740686	-0.00629772876
0.05271871275	0.00372287867	-0.00618414199
0.05273021231	0.00355629161	-0.00606655521
0.05274131291	0.00338768540	-0.00594490957
0.05275199269	0.00321710535	-0.00581914841
0.05276222543	0.00304467857	-0.00568927256
0.05277198854	0.00287049229	-0.00555526565
0.05278126082	0.00269462535	-0.00541711208
0.05279002144	0.00251716827	-0.00527480832
0.05279825053	0.00233821331	-0.00512835555
0.05280593408	0.00215773629	-0.00497766538
0.05281304363	0.00197608774	-0.00482293178
0.05281956824	0.00179324024	-0.00466410707
0.05282549614	0.00160917902	-0.00450112383
0.05283080622	0.00142422411	-0.00433417487
0.05283548869	0.00123840009	-0.00416326499
0.05283953501	0.00105168455	-0.00398833881
0.05284292958	0.00086446161	-0.00380967140
0.05284566929	0.00067656251	-0.00362712660
0.05284774398	0.00048832008	-0.00344094995
0.05284915015	0.00029971347	-0.00325113665
0.05284988363	0.00011090526	-0.00305781355
0.05284994249	-0.00007796374	-0.00286111604
0.05284932621	-0.00026686818	-0.00266107932
0.05284803663	-0.00045554853	-0.00245794969
0.05284607505	-0.00064409000	-0.00225168460
0.05284344849	-0.00083213662	-0.00204262886
0.05284015898	-0.00101985239	-0.00183068630
0.05283621868	-0.00120685345	-0.00161623498
0.05283163224	-0.00139324613	-0.00139925417
0.05282641256	-0.00157880827	-0.00117998980
0.05282057164	-0.00176343730	-0.00095861614
0.05281411812	-0.00194715869	-0.00073517392
0.05280707331	-0.00212967337	-0.00051001253
0.05279944823	-0.00231100987	-0.00028320920
0.05279125710	-0.00249111897	-0.00005487946
0.05278252426	-0.00266976261	0.00017466240
0.05277326425	-0.00284694223	0.00040530344
0.05276349653	-0.00302257080	0.00063686222
0.05275323981	-0.00319659025	0.00086919058
0.05274251902	-0.00336885552	0.00110204451
0.05273135430	-0.00353931829	0.00133525909
0.05271976733	-0.00370791488	0.00156865955
0.05270778082	-0.00387457627	0.00180206351
0.05269541800	-0.00403923530	0.00203529146
0.05268270235	-0.00420182970	0.00226816490
0.05266965755	-0.00436230142	0.00250050741
0.05265630417	-0.00452063389	0.00273219269
0.05264267226	-0.00467670367	0.00296298133
0.05262878332	-0.00483049335	0.00319272563
0.05261465907	-0.00498198266	0.00342128550
0.05260032037	-0.00513115939	0.00364855108
0.05258580158	-0.00527787575	0.00387424042
0.05257111009	-0.00542225824	0.00409838187
0.05255628598	-0.00556410858	0.00432064821
0.05254133297	-0.00570358045	0.00454110109
0.05252629019	-0.00584049135	0.00475944142
0.05251116993	-0.00597490861	0.00497562025
0.05249599039	-0.00610683985	0.00518955849
0.05248077762	-0.00623622322	0.00540109513
0.05246555056	-0.00636305783	0.00561012536
0.05245032614	-0.00648735601	0.00581656744
0.05243512286	-0.00660911422	0.00602032860
0.05241995842	-0.00672833260	0.00622132206
0.05240484969	-0.00684501489	0.00641946699
0.05238980973	-0.00695919081	0.00661472354
0.05237485780	-0.00707083946	0.00680699469
0.05236001011	-0.00717996110	0.00699619578
0.05234527449	-0.00728661364	0.00718232016
0.05233066337	-0.00739081669	0.00736533807
0.05231619849	-0.00749252134	0.00754511519
0.05230187560	-0.00759185806	0.00772175434
0.05228772114	-0.00768873966	0.00789509186
0.05227373582	-0.00778325404	0.00806516857
0.05225992425	-0.00787545665	0.00823201726
0.05224630767	-0.00796528938	0.00839551477
0.05223288479	-0.00805284087	0.00855571371
0.05221966295	-0.00813813868	0.00871260990
0.05220664867	-0.00822121247	0.00886620320
0.05219384770	-0.00830209388	0.00901649732
0.05218126508	-0.00838081586	0.00916349993
0.05216890518	-0.00845741286	0.00930722234
0.05215677166	-0.00853192066	0.00944767923
0.05214486746	-0.00860437663	0.00958488829
0.05213319500	-0.00867481871	0.00971887055
0.05212174917	-0.00874332682	0.00984972050
0.05211054403	-0.00880986385	0.00997736713
0.05209957746	-0.00887448749	0.01010185033
0.05208883423	-0.00893732895	0.01022334831
0.05207834171	-0.00899826788	0.01034167382
0.05206807226	-0.00905750250	0.01045708336
0.05205805029	-0.00911492729	0.01056941449
0.05204824623	-0.00917074503	0.01067894633
0.05203868956	-0.00922481916	0.01078547678
0.05202935858	-0.00927730269	0.01088919710
0.05202024984	-0.00932824244	0.01099018511
0.05201137695	-0.00937758860	0.01108835862
0.05200272668	-0.00942543990	0.01118384239
0.05199429684	-0.00947183174	0.01127668592
0.05198608264	-0.00951681207	0.01136696187
0.05197808544	-0.00956039403	0.01145469042
0.05197030366	-0.00960260575	0.01153990556
0.05196273091	-0.00964350020	0.01162268087
0.05195536403	-0.00968311153	0.01170306734
0.05194819962	-0.00972147398	0.01178111569
0.05194123426	-0.00975862097	0.01185687676
0.05193446435	-0.00979458588	0.01193040101
0.05192788241	-0.00982942158	0.01200177558
0.05192149003	-0.00986313202	0.01207101094
0.05191528446	-0.00989574348	0.01213814397
0.05190925954	-0.00992729944	0.01220324008
0.05190341134	-0.00995783065	0.01226634781
0.05189773085	-0.00998739371	0.01232756372
0.05189221570	-0.01001600969	0.01238693389
0.05188687561	-0.01004363679	0.01244438621
0.05188169664	-0.01007035520	0.01250003916
0.05187669276	-0.01009610064	0.01255376752
0.05187205141	-0.01011992006	0.01260412035
0.05186847106	-0.01013825480	0.01265680177
0.05186599957	-0.01015089105	0.01271119415
0.05186467012	-0.01015768148	0.01276665978
0.05186450062	-0.01015854694	0.01282254838
0.05186549333	-0.01015347732	0.01287820472
0.05186763490	-0.01014253174	0.01293297626
0.05187089655	-0.01012583781	0.01298622086
0.05187523461	-0.01010359017	0.01303731429
0.05188059127	-0.01007604833	0.01308565750
0.05188689558	-0.01004353359	0.01313068374
0.05189406469	-0.01000642546	0.01317186509
0.05190200518	-0.00996515719	0.01320871876
0.05191061468	-0.00992021087	0.01324081266
0.05246278155	0.01012034842	-0.00775342600
0.05247217559	0.01007152865	-0.00787635033
0.05247785109	0.01004191442	-0.00792570507
0.05248295435	0.01001520857	-0.00796311445
0.05248789526	0.00998928180	-0.00799423913
0.05249271761	0.00996390977	-0.00802139608
0.05249750254	0.00993866828	-0.00804569580
0.05250235299	0.00991301316	-0.00806770165
0.05250717141	0.00988745926	-0.00808801162
0.05251207289	0.00986139448	-0.00810678482
0.05251707617	0.00983471458	-0.00812420934
0.05252210793	0.00980780702	-0.00814056169
0.05252723527	0.00978030956	-0.00815587729
0.05253250645	0.00975195704	-0.00817017439
0.05253786389	0.00972305290	-0.00818361163
0.05254331783	0.00969353657	-0.00819623916
0.05254889562	0.00966325356	-0.00820806557
0.05255460267	0.00963216686	-0.00821911862
0.05256044402	0.00960024085	-0.00822941953
0.05256642435	0.00956744121	-0.00823898333
0.05257255165	0.00953371456	-0.00824781384
0.05257882214	0.00949907168	-0.00825593026
0.05258523693	0.00946349602	-0.00826334178
0.05259181872	0.00942685014	-0.00827001630
0.05259855711	0.00938917943	-0.00827597301
0.05260545658	0.00935044588	-0.00828120552
0.05261252195	0.00931060866	-0.00828570550
0.05261975648	0.00926963473	-0.00828946352
0.05262716338	0.00922749017	-0.00829246996
0.05263475582	0.00918408296	-0.00829469323
0.05264257387	0.00913916388	-0.00829604156
0.05265052238	0.00909326084	-0.00829668097
0.05265865991	0.00904601772	-0.00829650185
0.05266706272	0.00899696639	-0.00829533091
0.05267557607	0.00894698752	-0.00829345057
0.05268435558	0.00889514346	-0.00829054552
0.05269328651	0.00884208443	-0.00828681896
0.05270247492	0.00878715184	-0.00828203630
0.05271180992	0.00873097902	-0.00827640167
0.05272142417	0.00867273507	-0.00826961335
0.05273120179	0.00861308643	-0.00826188172
0.05274119057	0.00855170843	-0.00825308784
0.05275141290	0.00848842372	-0.00824314651
0.05276185996	0.00842324366	-0.00823203446
0.05277249950	0.00835632672	-0.00821979069
0.05278335686	0.00828746877	-0.00820632286
0.05279443006	0.00821663278	-0.00819159162
0.05280571675	0.00814378158	-0.00817555647
0.05281721416	0.00806887775	-0.00815817593
0.05282891901	0.00799188438	-0.00813940587
0.05284082758	0.00791276441	-0.00811920130
0.05285296330	0.00783129428	-0.00809743431
0.05286527748	0.00774773110	-0.00807416828
0.05287777475	0.00766197350	-0.00804933355
0.05289048073	0.00757376707	-0.00802278446
0.05290336805	0.00748321780	-0.00799451120
0.05291641352	0.00739040457	-0.00796450902
0.05292965428	0.00729497074	-0.00793257231
0.05294303225	0.00719723808	-0.00789878399
0.05295656133	0.00709700724	-0.00786301186
0.05297025480	0.00699406940	-0.00782509356
0.05298405039	0.00688878105	-0.00778512555
0.05299796733	0.00678088186	-0.00774293630
0.05301199113	0.00667035957	-0.00769844887
0.05302610649	0.00655720444	-0.00765158467
0.05304029740	0.00644140914	-0.00760226415
0.05305454710	0.00632296865	-0.00755040740
0.05306883809	0.00620188064	-0.00749593387
0.05308315216	0.00607814580	-0.00743876226
0.05309747040	0.00595176759	-0.00737881136
0.05311177321	0.00582275251	-0.00731600007
0.05312605080	0.00569101273	-0.00725019336
0.05314027701	0.00555660505	-0.00718131916
0.05315441099	0.00541973178	-0.00710940190
0.05316847176	0.00528001051	-0.00703413951
0.05318238696	0.00513795844	-0.00695571544
0.05319618350	0.00499309136	-0.00687377046
0.05320979114	0.00484592890	-0.00678849172
0.05322321995	0.00469614285	-0.00669961052
0.05323643341	0.00454390339	-0.00660711316
0.05324940000	0.00438933931	-0.00651098469
0.05326210366	0.00423240045	-0.00641110778
0.05327451893	0.00407314783	-0.00630742233
0.05328662136	0.00391163439	-0.00619986510
0.05329838485	0.00374794238	-0.00608839467
0.05330978279	0.00358217230	-0.00597298903
0.05332079357	0.00341436277	-0.00585359023
0.05333139548	0.00324455796	-0.00573014247
0.05334156255	0.00307288213	-0.00560264542
0.05335127233	0.00289942068	-0.00547108239
0.05336050372	0.00272425088	-0.00533543757
0.05336923589	0.00254746152	-0.00519570695
0.05337744899	0.00236914323	-0.00505189112
0.05338512888	0.00218927266	-0.00490390441
0.05339224718	0.00200819351	-0.00475193339
0.05339879272	0.00182587960	-0.00459593239
0.05340475348	0.00164231712	-0.00443583639
0.05341010822	0.00145782030	-0.00427183130
0.05341484683	0.00127241423	-0.00410392246
0.05341896044	0.00108607789	-0.00393205702
0.05342243311	0.00089918881	-0.00375650073
0.05342526135	0.00071158288	-0.00357712356
0.05342743449	0.00052358761	-0.00339416312
0.05342894863	0.00033518407	-0.00320761630
0.05342979906	0.00014653316	-0.00301760674
0.05342998331	-0.00004222535	-0.00282426671
0.05342950036	-0.00023106488	-0.00262763196
0.05342835135	-0.00041972898	-0.00242794193
0.05342653715	-0.00060829933	-0.00222515785
0.05342406394	-0.00079642461	-0.00201961439
0.05342093340	-0.00098426364	-0.00181122148
0.05341715674	-0.00117143751	-0.00160034602
0.05341273823	-0.00135804824	-0.00138697115
0.05340768998	-0.00154387547	-0.00117133665
0.05340202333	-0.00172881597	-0.00095361378
0.05339574649	-0.00191289236	-0.00073384494
0.05338887981	-0.00209580838	-0.00051237014
0.05338143391	-0.00227758939	-0.00028926755
0.05337342249	-0.00245818453	-0.00006465185
0.05336486903	-0.00263735721	0.00016117047
0.05335578767	-0.00281510612	0.00038808661
0.05334619731	-0.00299134302	0.00061591795
0.05333611621	-0.00316600820	0.00084451801
0.05332556864	-0.00333895636	0.00107364782
0.05331457434	-0.00351013721	0.00130314441
0.05330315457	-0.00367948546	0.00153283545
0.05329133162	-0.00384693053	0.00176254124
0.05327912834	-0.00401240371	0.00199208491
0.05326656785	-0.00417584113	0.00222129054
0.05325367352	-0.00433718307	0.00244998425
0.05324046572	-0.00449641075	0.00267804059
0.05322697405	-0.00465340019	0.00290522513
0.05321321987	-0.00480813171	0.00313139167
0.05319922477	-0.00496058302	0.00335640155
0.05318500952	-0.00511073986	0.00358014556
0.05317060802	-0.00525845436	0.00380234836
0.05315602803	-0.00540384903	0.00402303402
0.05314130904	-0.00554672638	0.00424188384
0.05312645525	-0.00568723589	0.00445895417
0.05311150529	-0.00582519579	0.00467395381
0.05309647170	-0.00596067051	0.00488683242
0.05308137278	-0.00609366588	0.00509751122
0.05306623445	-0.00622411932	0.00530583241
0.05305107573	-0.00635202830	0.00551169239
0.05303591372	-0.00647740350	0.00571500996
0.05302076698	-0.00660024003	0.00591569350
0.05300565334	-0.00672053671	0.00611365725
0.05299058980	-0.00683829603	0.00630882134
0.05297558961	-0.00695354623	0.00650114560
0.05296067210	-0.00706626566	0.00669053488
0.05294585361	-0.00717645356	0.00687690591
0.05293114228	-0.00728416618	0.00706025083
0.05291655071	-0.00738942222	0.00724053985
0.05290210062	-0.00749217260	0.00741764220
0.05288778831	-0.00759254557	0.00759165611
0.05287364003	-0.00769045448	0.00776242286
0.05285965691	-0.00778598560	0.00792998095
0.05284584384	-0.00787919341	0.00809436156
0.05283222197	-0.00797002018	0.00825544535
0.05281879042	-0.00805855310	0.00841328253
0.05280555670	-0.00814481928	0.00856786881
0.05279252753	-0.00822884787	0.00871920390
0.05277970881	-0.00831067009	0.00886729126
0.05276710581	-0.00839031850	0.00901213832
0.05275472304	-0.00846782716	0.00915375603
0.05274256436	-0.00854323151	0.00929215871
0.05273063289	-0.00861656861	0.00942736364
0.05271893122	-0.00868787610	0.00955939139
0.05270745454	-0.00875723334	0.00968833364
0.05269621682	-0.00882460386	0.00981412231
0.05268521616	-0.00889004488	0.00993679622
0.05267443778	-0.00895368664	0.01005652812
0.05266390866	-0.00901541037	0.01017313781
0.05265360184	-0.00907541256	0.01028687352
0.05264354138	-0.00913358917	0.01039757914
0.05263369835	-0.00919014134	0.01050552492
0.05262410178	-0.00924493436	0.01061051652
0.05261473048	-0.00929812004	0.01071273926
0.05260558110	-0.00934974532	0.01081226930
0.05259666706	-0.00939976136	0.01090902809
0.05258797546	-0.00944826633	0.01100313686
0.05257950416	-0.00949529579	0.01109464435
0.05257124850	-0.00954089782	0.01118362170
0.05256320982	-0.00958508598	0.01127008937
0.05255538660	-0.00962788863	0.01135408107
0.05254777257	-0.00966935874	0.01143566878
0.05254036461	-0.00970953069	0.01151490271
0.05253315942	-0.00974843894	0.01159183280
0.05252615359	-0.00978611717	0.01166650912
0.05251934358	-0.00982259896	0.01173898137
0.05251272200	-0.00985793729	0.01180933474
0.05250629041	-0.00989213664	0.01187758030
0.05250004607	-0.00992522355	0.01194375459
0.05249398289	-0.00995724160	0.01200792170
0.05248809698	-0.00998822181	0.01207012944
0.05248237944	-0.01001822084	0.01213047209
0.05247682787	-0.01004726016	0.01218899517
0.05247145180	-0.01007529878	0.01224562983
0.05246623751	-0.01010241660	0.01230049132
0.05246119872	-0.01012855020	0.01235345927
0.05245656288	-0.01015253223	0.01240273161
0.05245295774	-0.01017114176	0.01245435603
0.05245043136	-0.01018416174	0.01250772727
0.05244901757	-0.01019144034	0.01256221962
0.05244873534	-0.01019289268	0.01261719419
0.05244958847	-0.01018850183	0.01267200646
0.05245156549	-0.01017831898	0.01272601380
0.05245463991	-0.01016246289	0.01277858304
0.05245877063	-0.01014111846	0.01282909783
0.05246390272	-0.01011453468	0.01287696595
0.05246996829	-0.01008302176	0.01292162619
0.05247688773	-0.01004694751	0.01296255493
0.05248457098	-0.01000673319	0.01299927234
0.05249291903	-0.00996284858	0.01303134793
0.05305883017	0.01009161239	-0.00762315099
0.05306790535	0.01004378027	-0.00774422406
0.05307340953	0.01001465432	-0.00779284631
0.05307836565	0.00998835319	-0.00782970392
0.05308316769	0.00996280121	-0.00786037473
0.05308785770	0.00993777968	-0.00788713826
0.05309251371	0.00991287485	-0.00791108869
0.05309723478	0.00988755577	-0.00793278293
0.05310192708	0.00986232428	-0.00795280605
0.05310670138	0.00983658316	-0.00797131779
0.05311157577	0.00981023036	-0.00798850361
0.05311647975	0.00978364343	-0.00800463312
0.05312147794	0.00975646870	-0.00801974306
0.05312661683	0.00972844717	-0.00803385280
0.05313184109	0.00969987436	-0.00804711651
0.05313716063	0.00967069077	-0.00805958369
0.05314260184	0.00964074529	-0.00807126356
0.05314817000	0.00961000135	-0.00808218351
0.05315387002	0.00957842376	-0.00809236450
0.05315970649	0.00954597852	-0.00810182138
0.05316568717	0.00951261308	-0.00811055808
0.05317180850	0.00947833742	-0.00811859329
0.05317807164	0.00944313487	-0.00812593600
0.05318449850	0.00940687083	-0.00813255532
0.05319107916	0.00936958899	-0.00813846970
0.05319781802	0.00933125170	-0.00814367293
0.05320471980	0.00929181852	-0.00814815693
0.05321178770	0.00925125663	-0.00815191242
0.05321902493	0.00920953230	-0.00815493002
0.05322644425	0.00916655512	-0.00815717905
0.05323408431	0.00912208130	-0.00815857076
0.05324185361	0.00907662512	-0.00815926474
0.05324980860	0.00902983855	-0.00815915534
0.05325802282	0.00898126411	-0.00815807511
0.05326634734	0.00893176026	-0.00815629564
0.05327493211	0.00888041149	-0.00815351302
0.05328366673	0.00882785138	-0.00814992239
0.05329265343	0.00877343662	-0.00814529743
0.05330178549	0.00871778431	-0.00813983421
0.05331119079	0.00866008297	-0.00813324168
0.05332075777	0.00860098196	-0.00812572175
0.05333053257	0.00854016369	-0.00811715952
0.05334053683	0.00847745423	-0.00810747228
0.05335076216	0.00841286377	-0.00809663684
0.05336117755	0.00834654605	-0.00808469012
0.05337180747	0.00827830097	-0.00807154258
0.05338265013	0.00820809147	-0.00805715555
0.05339370329	0.00813588032	-0.00804148923
0.05340496438	0.00806163005	-0.00802450284
0.05341643029	0.00798530367	-0.00800615304
0.05342809749	0.00790686404	-0.00798639558
0.05343998863	0.00782609194	-0.00796510625
0.05345205680	0.00774323732	-0.00794234502
0.05346430650	0.00765820023	-0.00791804388
0.05347676250	0.00757073131	-0.00789206147
0.05348939841	0.00748093297	-0.00786438702
0.05350219187	0.00738888119	-0.00783501485
0.05351517875	0.00729422674	-0.00780374562
0.05352830300	0.00719728270	-0.00777065779
0.05354157802	0.00709785343	-0.00773562283
0.05355501664	0.00699573392	-0.00769848275
0.05356855870	0.00689127121	-0.00765932891
0.05358222274	0.00678421007	-0.00761799474
0.05359599472	0.00667453746	-0.00757440447
0.05360985981	0.00656224281	-0.00752848071
0.05362380247	0.00644731791	-0.00748014510
0.05363780643	0.00632975683	-0.00742931891
0.05365185468	0.00620955627	-0.00737592277
0.05366592951	0.00608671589	-0.00731987655
0.05368001248	0.00596123809	-0.00726110019
0.05369408454	0.00583312826	-0.00719951373
0.05370813606	0.00570229963	-0.00713498519
0.05372214154	0.00556880676	-0.00706744307
0.05373606126	0.00543284644	-0.00699690912
0.05374991346	0.00529404413	-0.00692309039
0.05376362782	0.00515290443	-0.00684616164
0.05377723019	0.00500895331	-0.00676577498
0.05379065225	0.00486269790	-0.00668210869
0.05380390350	0.00471381672	-0.00659490229
0.05381694824	0.00456247542	-0.00650414055
0.05382975560	0.00440879934	-0.00640980738
0.05384230968	0.00425273891	-0.00631178816
0.05385458542	0.00409435330	-0.00621002330
0.05386655876	0.00393369385	-0.00610445028
0.05387820395	0.00377084063	-0.00599502768
0.05388949476	0.00360589167	-0.00588173295
0.05390040977	0.00343888457	-0.00576450903
0.05391092746	0.00326986239	-0.00564330094
0.05392102215	0.00309894664	-0.00551810729
0.05393067152	0.00292622096	-0.00538891108
0.05393985457	0.00275176109	-0.00525569635
0.05394855054	0.00257565419	-0.00511845859
0.05395673959	0.00239798926	-0.00497719789
0.05396440749	0.00221874381	-0.00483183117
0.05397152598	0.00203825486	-0.00468253796
0.05397808367	0.00185649749	-0.00452927449
0.05398406835	0.00167345879	-0.00437197803
0.05398945866	0.00148944735	-0.00421082794
0.05399424422	0.00130448873	-0.00404583005
0.05399841587	0.00111856331	-0.00387693390
0.05400195735	0.00093204215	-0.00370439638
0.05400486482	0.00074476567	-0.00352809328
0.05400712720	0.00055705619	-0.00334825461
0.05400874017	0.00036889661	-0.00316487889
0.05400969857	0.00018044620	-0.00297808664
0.05400999938	-0.00000815633	-0.00278800715
0.05400964115	-0.00019688320	-0.00259467666
0.05400862435	-0.00038548102	-0.00239832805
0.05400694948	-0.00057402806	-0.00219892611
0.05400462189	-0.00076217755	-0.00199679580
0.05400164295	-0.00095008330	-0.00179185284
0.05399802299	-0.00113737128	-0.00158445345
0.05399376589	-0.00132413935	-0.00137458439
0.05398888302	-0.00151016892	-0.00116247954
0.05398338510	-0.00169535620	-0.00094830725
0.05397727993	-0.00187972106	-0.00073211145
0.05397058694	-0.00206297005	-0.00051422317
0.05396331635	-0.00224512546	-0.00029472139
0.05395548137	-0.00242613489	-0.00007371995
0.05394710463	-0.00260576328	0.00014848218
0.05393819989	-0.00278400663	0.00037177238
0.05392878552	-0.00296077563	0.00059597479
0.05391887932	-0.00313600900	0.00082094459
0.05390850493	-0.00330956125	0.00104644766
0.05389768169	-0.00348138027	0.00127232299
0.05388643042	-0.00365139922	0.00149840062
0.05387477302	-0.00381954607	0.00172450347
0.05386273194	-0.00398575067	0.00195045724
0.05385032994	-0.00414994761	0.00217608857
0.05383759006	-0.00431207563	0.00240122604
0.05382453249	-0.00447211382	0.00262574508
0.05381118635	-0.00462993774	0.00284941607
0.05379757285	-0.00478552559	0.00307209431
0.05378371343	-0.00493885308	0.00329364255
0.05376962876	-0.00508990405	0.00351395225
0.05375535226	-0.00523853063	0.00373275448
0.05374089202	-0.00538485140	0.00395006922
0.05372628696	-0.00552866979	0.00416558600
0.05371154171	-0.00567013112	0.00437935616
0.05369669437	-0.00580905446	0.00459109604
0.05368175773	-0.00594550140	0.00480075408
0.05366675014	-0.00607947608	0.00500825178
0.05365169738	-0.00621091522	0.00521343450
0.05363661854	-0.00633981477	0.00541619980
0.05362153082	-0.00646618380	0.00561646707
0.05360645285	-0.00659001613	0.00581414580
0.05359140255	-0.00671130935	0.00600915124
0.05357639700	-0.00683006473	0.00620140446
0.05356144967	-0.00694630906	0.00639086504
0.05354657988	-0.00706002003	0.00657743964
0.05353180409	-0.00717119590	0.00676104634
0.05351713074	-0.00727989131	0.00694167614
0.05350257257	-0.00738612406	0.00711929926
0.05348815123	-0.00748984496	0.00729378831
0.05347386357	-0.00759118006	0.00746523717
0.05345973563	-0.00769004330	0.00763349188
0.05344576893	-0.00778651933	0.00779858870
0.05343196863	-0.00788066169	0.00796055731
0.05341835574	-0.00797241303	0.00811928202
0.05340492980	-0.00806185917	0.00827481075
0.05339169845	-0.00814902671	0.00842713912
0.05337866859	-0.00823394436	0.00857626667
0.05336584630	-0.00831664290	0.00872219669
0.05335323698	-0.00839715451	0.00886493632
0.05334084534	-0.00847551287	0.00900449620
0.05332867539	-0.00855175310	0.00914089030
0.05331673043	-0.00862591193	0.00927413550
0.05330501319	-0.00869802673	0.00940425191
0.05329351917	-0.00876817625	0.00953132855
0.05328226221	-0.00883632470	0.00965530012
0.05327124066	-0.00890252880	0.00977620442
0.05326044015	-0.00896691780	0.00989420897
0.05324988728	-0.00902937455	0.01000914029
0.05323955574	-0.00909009375	0.01012123872
0.05322946924	-0.00914897286	0.01023035415
0.05321959952	-0.00920621135	0.01033674837
0.05320997511	-0.00926167637	0.01044023445
0.05320057533	-0.00931551848	0.01054099199
0.05319139694	-0.00936778475	0.01063909558
0.05318245319	-0.00941842729	0.01073447011
0.05317373145	-0.00946754367	0.01082723346
0.05316522968	-0.00951516965	0.01091743360
0.05315694331	-0.00956135337	0.01100514021
0.05314887368	-0.00960610879	0.01109037400
0.05314101932	-0.00964946451	0.01117316840
0.05313337409	-0.00969147346	0.01125359386
0.05312593493	-0.00973217026	0.01133169981
0.05311869857	-0.00977158955	0.01140753543
0.05311166168	-0.00980976522	0.01148115006
0.05310482075	-0.00984673107	0.01155259263
0.05309816852	-0.00988254016	0.01162194645
0.05309170646	-0.00991719747	0.01168922318
0.05308543187	-0.00995072979	0.01175445898
0.05307933874	-0.00998318080	0.01181771668
0.05307342322	-0.01001458174	0.01187904340
0.05306767651	-0.01004498929	0.01193853120
0.05306209621	-0.01007442533	0.01199622505
0.05305669165	-0.01010284966	0.01205205919
0.05305144930	-0.01013034190	0.01210614580
0.05304638265	-0.01015683947	0.01215836913
0.05304175851	-0.01018096040	0.01220659250
0.05303813549	-0.01019981784	0.01225718860
0.05303556178	-0.01021319180	0.01230956424
0.05303407174	-0.01022092631	0.01236310536
0.05303368532	-0.01022293114	0.01241718425
0.05303440770	-0.01021918293	0.01247116687
0.05303622920	-0.01020972537	0.01252442034
0.05303912545	-0.01019466879	0.01257632030
0.05304305782	-0.01017418879	0.01262625827
0.05304797408	-0.01014852432	0.01267364878
0.05305380933	-0.01011797488	0.01271793621
0.05306048705	-0.01008289711	0.01275860134
0.05306792042	-0.01004370065	0.01279516740
0.05307601370	-0.01000084343	0.01282720569
0.05364445163	0.01006226663	-0.00749877429
0.05365322688	0.01001537046	-0.00761807132
0.05365856925	0.00998670846	-0.00766599034
0.05366338617	0.00996079239	-0.00770231806
0.05366805668	0.00993559724	-0.00773255274
0.05367262122	0.00991090970	-0.00775893807
0.05367715493	0.00988632585	-0.00778255262
0.05368175318	0.00986132727	-0.00780394698
0.05368632569	0.00983640351	-0.00782369400
0.05369097914	0.00981097138	-0.00784195390
0.05369573099	0.00978493096	-0.00785890962
0.05370051343	0.00975865039	-0.00787482423
0.05370538872	0.00973178413	-0.00788973569
0.05371040170	0.00970407900	-0.00790366439
0.05371549915	0.00967582303	-0.00791676026
0.05372069067	0.00964695775	-0.00792907221
0.05372600174	0.00961733524	-0.00794061002
0.05373143751	0.00958691937	-0.00795140072
0.05373700279	0.00955567531	-0.00796146502
0.05374270207	0.00952356943	-0.00797081759
0.05374854288	0.00949054994	-0.00797946248
0.05375452189	0.00945662608	-0.00798741788
0.05376064027	0.00942178105	-0.00799469257
0.05376691921	0.00938588295	-0.00800125684
0.05377334923	0.00934897387	-0.00800712842
0.05377993466	0.00931101651	-0.00801230128
0.05378668011	0.00927197081	-0.00801676754
0.05379358876	0.00923180415	-0.00802051811
0.05380066377	0.00919048299	-0.00802354380
0.05380791752	0.00914791845	-0.00802581481
0.05381538736	0.00910387189	-0.00802724522
0.05382298517	0.00905884472	-0.00802798861
0.05383076543	0.00901249650	-0.00802794299
0.05383879913	0.00896437994	-0.00802694644
0.05384694280	0.00891533239	-0.00802526041
0.05385534106	0.00886445937	-0.00802259164
0.05386388755	0.00881237867	-0.00801912777
0.05387268094	0.00875846150	-0.00801465019
0.05388161841	0.00870330956	-0.00800934745
0.05389082334	0.00864612978	-0.00800293848
0.05390018825	0.00858755536	-0.00799561731
0.05390975769	0.00852727541	-0.00798727280
0.05391955263	0.00846511928	-0.00797782456
0.05392956504	0.00840109604	-0.00796724954
0.05393976509	0.00833535495	-0.00795558269
0.05395017647	0.00826769975	-0.00794273708
0.05396079749	0.00819809336	-0.00792867473
0.05397162608	0.00812649850	-0.00791335648
0.05398265982	0.00805287767	-0.00789674225
0.05399389576	0.00797719381	-0.00787878941
0.05400533054	0.00789940971	-0.00785945444
0.05401698609	0.00781931029	-0.00783861661
0.05402881717	0.00773713870	-0.00781633270
0.05404082816	0.00765279636	-0.00779253630
0.05405304300	0.00756603873	-0.00776709004
0.05406543625	0.00747696482	-0.00773998229
0.05407798633	0.00738564786	-0.00771120652
0.05409072790	0.00729174570	-0.00768056930
0.05410360682	0.00719556316	-0.00764814492
0.05411663603	0.00709690810	-0.00761380829
0.05412982793	0.00699557923	-0.00757740555
0.05414312434	0.00689191456	-0.00753902332
0.05415654317	0.00678566374	-0.00749849969
0.05417007078	0.00667681301	-0.00745576000
0.05418369280	0.00656535102	-0.00741072802
0.05419739414	0.00645126875	-0.00736332653
0.05421115897	0.00633455940	-0.00731347794
0.05422497077	0.00621521879	-0.00726110400
0.05423881228	0.00609324560	-0.00720612573
0.05425266557	0.00596864126	-0.00714846415
0.05426651203	0.00584141010	-0.00708804041
0.05428034222	0.00571146640	-0.00702472541
0.05429413129	0.00557886257	-0.00695844823
0.05430784058	0.00544379022	-0.00688922813
0.05432148758	0.00530588227	-0.00681678075
0.05433500393	0.00516563136	-0.00674127272
0.05434841450	0.00502257319	-0.00666236680
0.05436165276	0.00487720300	-0.00658023302
0.05437472771	0.00472920572	-0.00649461861
0.05438760443	0.00457874271	-0.00640550695
0.05440025267	0.00442593605	-0.00631288090
0.05441265669	0.00427073675	-0.00621662841
0.05442479185	0.00411320222	-0.00611669041
0.05443663443	0.00395338230	-0.00601300505
0.05444815908	0.00379135502	-0.00590553096
0.05445933991	0.00362721604	-0.00579424513
0.05447015573	0.00346100201	-0.00567909130
0.05448058521	0.00329275494	-0.00556001531
0.05449060293	0.00312259376	-0.00543701480
0.05450018676	0.00295060040	-0.00531007250
0.05450931580	0.00277684918	-0.00517917230
0.05451796937	0.00260142568	-0.00504430928
0.05452612769	0.00242441738	-0.00490548302
0.05453377642	0.00224580261	-0.00476261290
0.05454088748	0.00206591202	-0.00461587187
0.05454744929	0.00188472186	-0.00446521791
0.05455344945	0.00170222011	-0.00431059048
0.05455886656	0.00151870997	-0.00415216277
0.05456368998	0.00133421744	-0.00398994109
0.05456791028	0.00114872422	-0.00382387718
0.05457151098	0.00096259518	-0.00365421965
0.05457448789	0.00077567506	-0.00348084969
0.05457682956	0.00058828118	-0.00330399021
0.05457853132	0.00040039822	-0.00312364123
0.05457958756	0.00021218384	-0.00293992032
0.05457999482	0.00002377571	-0.00275295394
0.05457975121	-0.00016479726	-0.00256277880
0.05457885662	-0.00035328465	-0.00236962155
0.05457731117	-0.00054176143	-0.00217345031
0.05457511949	-0.00072988531	-0.00197458092
0.05457228265	-0.00091780528	-0.00177293446
0.05456881013	-0.00110515205	-0.00156885710
0.05456470549	-0.00129201951	-0.00136233896
0.05455997940	-0.00147819082	-0.00115360837
0.05455464199	-0.00166356170	-0.00094283085
0.05454870066	-0.00184814941	-0.00073005176
0.05454217400	-0.00203166325	-0.00051559362
0.05453507184	-0.00221412264	-0.00029953616
0.05452740692	-0.00239547370	-0.00008199234
0.05451920109	-0.00257548293	0.00013674595
0.05451046773	-0.00275414381	0.00035656633
0.05450122470	-0.00293136602	0.00057729558
0.05449148935	-0.00310708683	0.00079879050
0.05448128472	-0.00328116066	0.00102082157
0.05447062975	-0.00345353368	0.00124322970
0.05445954486	-0.00362413761	0.00146584718
0.05444805154	-0.00379289911	0.00168849947
0.05443617186	-0.00395974667	0.00191101475
0.05442392823	-0.00412461350	0.00213322209
0.05441134335	-0.00428743687	0.00235495245
0.05439843721	-0.00444819389	0.00257608215
0.05438523848	-0.00460675974	0.00279638614
0.05437176820	-0.00476311063	0.00301572117
0.05435804764	-0.00491722043	0.00323395139
0.05434409736	-0.00506907115	0.00345096894
0.05432995031	-0.00521851500	0.00366651093
0.05431561488	-0.00536566683	0.00388059359
0.05430112938	-0.00551033099	0.00409291421
0.05428649888	-0.00565264884	0.00430351946
0.05427176094	-0.00579244033	0.00451213282
0.05425692854	-0.00592976435	0.00471870163
0.05424202008	-0.00606462341	0.00492314770
0.05422706119	-0.00619695366	0.00512531938
0.05421207098	-0.00632674958	0.00532511538
0.05419706673	-0.00645401874	0.00552245566
0.05418206714	-0.00657875375	0.00571725079
0.05416709015	-0.00670095104	0.00590941702
0.05415215295	-0.00682061073	0.00609887633
0.05413726914	-0.00693775827	0.00628558808
0.05412245807	-0.00705237070	0.00646946065
0.05410773625	-0.00716444537	0.00665041341
0.05409311240	-0.00727403541	0.00682843634
0.05407859938	-0.00738115774	0.00700349967
0.05406421876	-0.00748576312	0.00717547922
0.05404996789	-0.00758797544	0.00734446479
0.05403587258	-0.00768770928	0.00751030688
0.05402193473	-0.00778504771	0.00767303972
0.05400815972	-0.00788004336	0.00783269153
0.05399456846	-0.00797263929	0.00798915007
0.05398116080	-0.00806291997	0.00814246115
0.05396794457	-0.00815091154	0.00829262029
0.05395492678	-0.00823664228	0.00843962690
0.05394211368	-0.00832014255	0.00858348406
0.05392951081	-0.00840144414	0.00872419866
0.05391712303	-0.00848058040	0.00886178108
0.05390495450	-0.00855758611	0.00899624493
0.05389300867	-0.00863249770	0.00912760670
0.05388128842	-0.00870535226	0.00925588612
0.05386978952	-0.00877622794	0.00938116965
0.05385852569	-0.00884508961	0.00950339462
0.05384749550	-0.00891199353	0.00962259786
0.05383668500	-0.00897706791	0.00973894196
0.05382612037	-0.00904019724	0.00985225976
0.05381577597	-0.00910157440	0.00996278418
0.05380567513	-0.00916109837	0.01007037072
0.05379579025	-0.00921896691	0.01017527323
0.05378614938	-0.00927504905	0.01027731171
0.05377673233	-0.00932949407	0.01037666042
0.05376753598	-0.00938234913	0.01047339239
0.05375857334	-0.00943356730	0.01056743580
0.05374983213	-0.00948324557	0.01065890531
0.05374131034	-0.00953141980	0.01074784819
0.05373300353	-0.00957813821	0.01083433273
0.05372491303	-0.00962341517	0.01091837985
0.05371703741	-0.00966727944	0.01100002272
0.05370937065	-0.00970978395	0.01107933029
0.05370190975	-0.00975096348	0.01115635130
0.05369465150	-0.00979085288	0.01123113420
0.05368759262	-0.00982948620	0.01130372759
0.05368072964	-0.00986689746	0.01137417968
0.05367405540	-0.00990313974	0.01144257200
0.05366757133	-0.00993821852	0.01150891674
0.05366127476	-0.00997216083	0.01157324971
0.05365515974	-0.01000501040	0.01163563255
0.05364922248	-0.01003679867	0.01169611166
0.05364345427	-0.01006758236	0.01175477703
0.05363785271	-0.01009738367	0.01181167313
0.05363242693	-0.01012616323	0.01186673705
0.05362716362	-0.01015400032	0.01192007808
0.05362207600	-0.01018083325	0.01197158482
0.05361746881	-0.01020506924	0.01201880724
0.05361383442	-0.01022414587	0.01206842013
0.05361122104	-0.01023784055	0.01211984183
0.05360966346	-0.01024599352	0.01217246947
0.05360918251	-0.01024850968	0.01222568604
0.05360978460	-0.01024535968	0.01227886762
0.05361146169	-0.01023658026	0.01233139070
0.05361419138	-0.01022227383	0.01238263951
0.05361793734	-0.01020260730	0.01243201320
0.05362264989	-0.01017781014	0.01247893290
0.05362826689	-0.01014817177	0.01252284852
0.05363471479	-0.01011403823	0.01256324520
0.05364190982	-0.01007580818	0.01259964932
0.05364975939	-0.01003392829	0.01263163407
0.05424017724	0.01003138940	-0.00737578483
0.05424866028	0.00998541222	-0.00749331764
0.05425384437	0.00995720698	-0.00754053764
0.05425852488	0.00993167044	-0.00757633847
0.05426306638	0.00990682729	-0.00760613928
0.05426750775	0.00988246944	-0.00763214827
0.05427192129	0.00985820263	-0.00765542843
0.05427639883	0.00983352074	-0.00767652407
0.05428085350	0.00980890124	-0.00769599600
0.05428538802	0.00978377471	-0.00771400481
0.05429001925	0.00975804332	-0.00773073094
0.05429468198	0.00973206599	-0.00774643108
0.05429943618	0.00970550516	-0.00776114430
0.05430432508	0.00967811334	-0.00777489196
0.05430929750	0.00965017124	-0.00778781987
0.05431436276	0.00962162139	-0.00779997634
0.05431954543	0.00959231900	-0.00781137168
0.05432485056	0.00956222837	-0.00782203256
0.05433028284	0.00953131507	-0.00783197945
0.05433584664	0.00949954578	-0.00784122682
0.05434154932	0.00946686948	-0.00784977882
0.05434738771	0.00943329469	-0.00785765319
0.05435336304	0.00939880451	-0.00786485850
0.05435949578	0.00936326967	-0.00787136615
0.05436577687	0.00932673071	-0.00787719320
0.05437221055	0.00928915064	-0.00788233378
0.05437880136	0.00925048983	-0.00788678021
0.05438555244	0.00921071583	-0.00789052360
0.05439246689	0.00916979530	-0.00789355493
0.05439955673	0.00912764086	-0.00789584527
0.05440685802	0.00908401896	-0.00789731141
0.05441428596	0.00903941833	-0.00789810115
0.05442189310	0.00899350604	-0.00789811606
0.05442974794	0.00894584478	-0.00789719955
0.05443771231	0.00889725120	-0.00789560326
0.05444592565	0.00884685145	-0.00789304426
0.05445428555	0.00879524786	-0.00788970293
0.05446288718	0.00874182587	-0.00788536813
0.05447163153	0.00868717207	-0.00788022115
0.05448063758	0.00863051150	-0.00787399059
0.05448980183	0.00857246149	-0.00786686284
0.05449916730	0.00851271773	-0.00785873041
0.05450875427	0.00845111279	-0.00784951520
0.05451855509	0.00838765466	-0.00783919426
0.05452854106	0.00832248822	-0.00782780068
0.05453873508	0.00825542097	-0.00781525007
0.05454913561	0.00818641583	-0.00780150509
0.05455974071	0.00811543550	-0.00778652726
0.05457054810	0.00804244243	-0.00777027716
0.05458155499	0.00796739951	-0.00775271287
0.05459275820	0.00789026947	-0.00773379161
0.05460417894	0.00781084133	-0.00771339600
0.05461577359	0.00772935154	-0.00769157979
0.05462754641	0.00764570290	-0.00766827808
0.05463952056	0.00755965560	-0.00764335745
0.05465167149	0.00747130533	-0.00761680541
0.05466397839	0.00738072264	-0.00758861466
0.05467647474	0.00728757234	-0.00755859746
0.05468910826	0.00719215113	-0.00752682413
0.05470189145	0.00709427038	-0.00749317293
0.05471483626	0.00699373239	-0.00745749402
0.05472788650	0.00689086637	-0.00741986945
0.05474105940	0.00678542676	-0.00738014183
0.05475434176	0.00667739910	-0.00733823765
0.05476771964	0.00656677129	-0.00729408179
0.05478117838	0.00645353353	-0.00724759818
0.05479470262	0.00633767821	-0.00719871035
0.05480827628	0.00621920024	-0.00714734119
0.05482188256	0.00609809741	-0.00709341282
0.05483550402	0.00597437018	-0.00703684739
0.05484912251	0.00584802186	-0.00697756712
0.05486272877	0.00571896777	-0.00691544575
0.05487629857	0.00558725825	-0.00685041295
0.05488979432	0.00545307979	-0.00678248559
0.05490323279	0.00531607270	-0.00671138766
0.05491654753	0.00517671785	-0.00663727799
0.05492976243	0.00503456054	-0.00655982964
0.05494281277	0.00489008430	-0.00647920470
0.05495570705	0.00474298041	-0.00639515790
0.05496841112	0.00459340604	-0.00630767129
0.05498089537	0.00444148003	-0.00621672678
0.05499314422	0.00428715399	-0.00612221479
0.05500513344	0.00413048363	-0.00602407680
0.05501683970	0.00397151731	-0.00592225166
0.05502823800	0.00381033104	-0.00581669805
0.05503930285	0.00364701822	-0.00570739252
0.05505001326	0.00348161450	-0.00559427965
0.05506034814	0.00331416092	-0.00547730609
0.05507028234	0.00314477384	-0.00535646852
0.05507979392	0.00297353353	-0.00523174946
0.05508886210	0.00280051291	-0.00510313266
0.05509746632	0.00262579600	-0.00497061279
0.05510558685	0.00244946881	-0.00483418898
0.05511320931	0.00227151044	-0.00469378298
0.05512030578	0.00209224529	-0.00454956138
0.05512686452	0.00191165073	-0.00440148387
0.05513287299	0.00172971566	-0.00424949201
0.05513830975	0.00154673790	-0.00409375301
0.05514316394	0.00136274391	-0.00393427362
0.05514742590	0.00117771668	-0.00377100774
0.05515107892	0.00099201493	-0.00360419591
0.05515411852	0.00080548770	-0.00343372459
0.05515653291	0.00061844733	-0.00325980974
0.05515831707	0.00043088023	-0.00308245281
0.05515946500	0.00024294245	-0.00290176852
0.05515997281	0.00005477062	-0.00271788055
0.05515983819	-0.00013360525	-0.00253082600
0.05515906051	-0.00032193772	-0.00234082551
0.05515763950	-0.00051029853	-0.00214785035
0.05515557911	-0.00069834985	-0.00195220748
0.05515288012	-0.00088623590	-0.00175382314
0.05514955122	-0.00107359216	-0.00155303374
0.05514559564	-0.00126050859	-0.00134983259
0.05514102335	-0.00144677015	-0.00114444256
0.05513584395	-0.00163227213	-0.00093702643
0.05513006444	-0.00181702918	-0.00072763087
0.05512370258	-0.00200075345	-0.00051657010
0.05511676783	-0.00218346150	-0.00030392450
0.05510927246	-0.00236509806	-0.00008980614
0.05510123755	-0.00254543121	0.00012550000
0.05509267611	-0.00272445198	0.00034188186
0.05508360550	-0.00290206911	0.00055916884
0.05507404262	-0.00307821849	0.00077721935
0.05506400992	-0.00325275446	0.00099580843
0.05505352593	-0.00342562157	0.00121477886
0.05504261066	-0.00359675015	0.00143396522
0.05503128519	-0.00376606561	0.00165319548
0.05501957121	-0.00393349515	0.00187230030
0.05500749076	-0.00409897064	0.00209111115
0.05499506621	-0.00426242796	0.00230946138
0.05498231733	-0.00442384229	0.00252722821
0.05496927232	-0.00458308851	0.00274419110
0.05495595204	-0.00474014088	0.00296020828
0.05494237758	-0.00489497147	0.00317514527
0.05492856937	-0.00504756054	0.00338889497
0.05491455987	-0.00519776046	0.00360120040
0.05490035774	-0.00534568233	0.00381207418
0.05488600071	-0.00549113154	0.00402122120
0.05487149422	-0.00563424551	0.00422868365
0.05485687527	-0.00577484511	0.00443419197
0.05484215705	-0.00591298659	0.00463769251
0.05482735796	-0.00604867090	0.00483910738
0.05481250344	-0.00618183360	0.00503828791
0.05479761263	-0.00631246778	0.00523513396
0.05478270288	-0.00644057953	0.00542956607
0.05476779290	-0.00656616032	0.00562149590
0.05475290066	-0.00668920542	0.00581084070
0.05473804342	-0.00680971385	0.00599752337
0.05472323490	-0.00692770971	0.00618150309
0.05470849444	-0.00704316946	0.00636268993
0.05469383861	-0.00715608957	0.00654100455
0.05467927636	-0.00726652165	0.00671643596
0.05466482067	-0.00737448176	0.00688895439
0.05465049302	-0.00747992066	0.00705843881
0.05463629120	-0.00758296007	0.00722497509
0.05462224083	-0.00768351524	0.00738841809
0.05460834413	-0.00778166767	0.00754880003
0.05459460670	-0.00787746906	0.00770614776
0.05458104931	-0.00797086294	0.00786035241
0.05456767217	-0.00806193241	0.00801145771
0.05455448321	-0.00815070315	0.00815945911
0.05454148959	-0.00823720301	0.00830435589
0.05452869768	-0.00832146195	0.00844615093
0.05451611318	-0.00840351138	0.00858485091
0.05450374107	-0.00848338429	0.00872046590
0.05449158566	-0.00856111515	0.00885300919
0.05447965052	-0.00863674006	0.00898249692
0.05446793870	-0.00871029586	0.00910894837
0.05445644622	-0.00878186003	0.00923244756
0.05444518666	-0.00885139815	0.00935293437
0.05443415881	-0.00891896601	0.00947044465
0.05442334914	-0.00898469075	0.00958513622
0.05441278341	-0.00904845851	0.00969684805
0.05440243664	-0.00911046032	0.00980580581
0.05439233177	-0.00917059672	0.00991187048
0.05438244187	-0.00922906366	0.01001528816
0.05437279448	-0.00928573211	0.01011588558
0.05436336991	-0.00934075005	0.01021383177
0.05435416516	-0.00939416468	0.01030919828
0.05434519303	-0.00944593007	0.01040191643
0.05433644151	-0.00949614256	0.01049209778
0.05432790871	-0.00954483816	0.01057978887
0.05431959027	-0.00959206511	0.01066505664
0.05431148751	-0.00963783816	0.01074792220
0.05430359904	-0.00968218629	0.01082841843
0.05429591897	-0.00972516235	0.01090661286
0.05428844437	-0.00976680130	0.01098255349
0.05428117207	-0.00980713814	0.01105628805
0.05427409884	-0.00984620714	0.01112786442
0.05426722127	-0.00988404245	0.01119733012
0.05426053231	-0.00992069720	0.01126476489
0.05425403333	-0.00995617735	0.01133018144
0.05424772168	-0.00999051013	0.01139361523
0.05424159151	-0.01002373935	0.01145512670
0.05423563905	-0.01005589662	0.01151476158
0.05422985572	-0.01008703864	0.01157260782
0.05422423912	-0.01011718796	0.01162870933
0.05421879816	-0.01014630604	0.01168300604
0.05421351975	-0.01017447180	0.01173560439
0.05420841686	-0.01020162448	0.01178639718
0.05420383193	-0.01022595735	0.01183263064
0.05420019173	-0.01024523384	0.01188127022
0.05419754441	-0.01025922899	0.01193174567
0.05419592516	-0.01026777950	0.01198346520
0.05419535555	-0.01027078562	0.01203582245
0.05419584317	-0.01026821226	0.01208820358
0.05419738153	-0.01026008946	0.01213999447
0.05419995011	-0.01024651198	0.01219058792
0.05420351479	-0.01022763825	0.01223939077
0.05420802838	-0.01020368851	0.01228583085
0.05421343144	-0.01017494235	0.01232936369
0.05421965329	-0.01014173541	0.01236947890
0.05422661319	-0.01010445556	0.01240570618
0.05423422162	-0.01006353843	0.01243762079
0.05482545307	0.01000012979	-0.00725830472
0.05483366110	0.00995502439	-0.00737414499
0.05483869561	0.00992725358	-0.00742069394
0.05484324700	0.00990207848	-0.00745598883
0.05484766627	0.00987757079	-0.00748537280
0.05485199083	0.00985352739	-0.00751102012
0.05485629033	0.00982956313	-0.00753397883
0.05486065325	0.00980518357	-0.00755478710
0.05486499595	0.00978085471	-0.00757399436
0.05486941743	0.00975602021	-0.00759176145
0.05487393399	0.00973058420	-0.00760826639
0.05487848282	0.00970489686	-0.00762375985
0.05488312178	0.00967862818	-0.00763828190
0.05488789257	0.00965153612	-0.00765185478
0.05489274594	0.00962389441	-0.00766462044
0.05489769091	0.00959564654	-0.00767662657
0.05490275125	0.00956665070	-0.00768788400
0.05490793185	0.00953687160	-0.00769841904
0.05491323732	0.00950627516	-0.00770825190
0.05491867193	0.00947482841	-0.00771739689
0.05492424284	0.00944248104	-0.00772585827
0.05492994708	0.00940924089	-0.00773365330
0.05493578587	0.00937509096	-0.00774079038
0.05494177904	0.00933990449	-0.00774724194
0.05494791792	0.00930372055	-0.00775302443
0.05495420668	0.00926650249	-0.00775813211
0.05496064975	0.00922821102	-0.00776255752
0.05496725024	0.00918881388	-0.00776629192
0.05497401123	0.00914827795	-0.00776932647
0.05498094436	0.00910651729	-0.00777163305
0.05498808450	0.00906330312	-0.00777313101
0.05499534994	0.00901911222	-0.00777396273
0.05500279145	0.00897361873	-0.00777403311
0.05501047514	0.00892639485	-0.00777319056
0.05501826785	0.00887823758	-0.00777167757
0.05502630415	0.00882829268	-0.00776922083
0.05503448534	0.00877714778	-0.00776599397
0.05504290329	0.00872420183	-0.00776179285
0.05505146255	0.00867002714	-0.00775679197
0.05506027801	0.00861386588	-0.00775072896
0.05506924988	0.00855632036	-0.00774378310
0.05507841972	0.00849709252	-0.00773585031
0.05508780719	0.00843601799	-0.00772685465
0.05509740496	0.00837310375	-0.00771677326
0.05510718542	0.00830849051	-0.00770563752
0.05511717075	0.00824198938	-0.00769336541
0.05512735948	0.00817356326	-0.00767992021
0.05513774984	0.00810317485	-0.00766526408
0.05514833966	0.00803078657	-0.00764935824
0.05515912631	0.00795636127	-0.00763216144
0.05517010677	0.00787986163	-0.00761363160
0.05518130156	0.00780108056	-0.00759365451
0.05519266861	0.00772024819	-0.00757228109
0.05520421205	0.00763726862	-0.00754944788
0.05521595428	0.00755190655	-0.00752502514
0.05522787163	0.00746425452	-0.00749899962
0.05523994398	0.00737438055	-0.00747136332
0.05525220372	0.00728195606	-0.00744193384
0.05526460032	0.00718727010	-0.00741077781
0.05527714585	0.00709013731	-0.00737777663
0.05528985186	0.00699036348	-0.00734278425
0.05530266399	0.00688826944	-0.00730587848
0.05531559887	0.00678361420	-0.00726690618
0.05532864371	0.00667638264	-0.00722579492
0.05534178497	0.00656656200	-0.00718247068
0.05535500840	0.00645414172	-0.00713685846
0.05536829906	0.00633911341	-0.00708888289
0.05538164133	0.00622147120	-0.00703846795
0.05539501884	0.00610121199	-0.00698553682
0.05540841458	0.00597833534	-0.00693001271
0.05542181088	0.00585284364	-0.00687181891
0.05543519862	0.00572465319	-0.00681083182
0.05544855420	0.00559381238	-0.00674698170
0.05546184102	0.00546050283	-0.00668028323
0.05547507515	0.00532437194	-0.00661046823
0.05548819200	0.00518588936	-0.00653768824
0.05550121453	0.00504460955	-0.00646162604
0.05551407975	0.00490100491	-0.00638243628
0.05552679565	0.00475477279	-0.00629988075
0.05553932888	0.00460606637	-0.00621394029
0.05555165040	0.00445500144	-0.00612459593
0.05556374482	0.00430153018	-0.00603174047
0.05557558831	0.00414570671	-0.00593531589
0.05558715789	0.00398757797	-0.00583526173
0.05559842895	0.00382721810	-0.00573153675
0.05560937637	0.00366471830	-0.00562411711
0.05561997938	0.00350011334	-0.00551294819
0.05563021711	0.00333344329	-0.00539797740
0.05564006471	0.00316482212	-0.00527920059
0.05564950042	0.00299432850	-0.00515660004
0.05565850361	0.00282203402	-0.00503015941
0.05566705384	0.00264802122	-0.00489987302
0.05567513146	0.00247237470	-0.00476573955
0.05568272204	0.00229507436	-0.00462768301
0.05568979788	0.00211643854	-0.00448586400
0.05569634708	0.00193644576	-0.00434024384
0.05570235699	0.00175508575	-0.00419076603
0.05570780617	0.00157265122	-0.00403759221
0.05571268356	0.00138916902	-0.00388072952
0.05571697930	0.00120462341	-0.00372013389
0.05572067651	0.00101936721	-0.00355603827
0.05572377041	0.00083325355	-0.00338833402
0.05572624894	0.00064659000	-0.00321723062
0.05572810677	0.00045936461	-0.00304273082
0.05572933753	0.00027173187	-0.00286494665
0.05572993695	0.00008382741	-0.00268399915
0.05572990237	-0.00010431775	-0.00249992578
0.05572923261	-0.00029245905	-0.00231294149
0.05572792712	-0.00048066514	-0.00212302049
0.05572598919	-0.00066860251	-0.00193046137
0.05572341932	-0.00085641083	-0.00173519521
0.05572022548	-0.00104373019	-0.00153754916
0.05571641058	-0.00123064682	-0.00133751952
0.05571198399	-0.00141694744	-0.00113532402
0.05570695475	-0.00160252695	-0.00093112278
0.05570132952	-0.00178739757	-0.00072496366
0.05569512526	-0.00197127420	-0.00051715307
0.05568835110	-0.00215417071	-0.00030777194
0.05568101886	-0.00233603052	-0.00009693147
0.05567314889	-0.00251662331	0.00011508994
0.05566475383	-0.00269593780	0.00032818055
0.05565585057	-0.00287388186	0.00054217227
0.05564645560	-0.00305039007	0.00075692509
0.05563659076	-0.00322531681	0.00097221836
0.05562627422	-0.00339860508	0.00118789669
0.05561552559	-0.00357018395	0.00140379688
0.05560436554	-0.00373997766	0.00161974929
0.05559281538	-0.00390791223	0.00183558694
0.05558089681	-0.00407391830	0.00205114365
0.05556863185	-0.00423793046	0.00226625505
0.05555604005	-0.00439992207	0.00248079926
0.05554314915	-0.00455976778	0.00269456003
0.05552997983	-0.00471744003	0.00290739701
0.05551655299	-0.00487290921	0.00311917712
0.05550288890	-0.00502615393	0.00332979395
0.05548901958	-0.00517702675	0.00353899613
0.05547495389	-0.00532563523	0.00374679298
0.05546072899	-0.00547178581	0.00395289655
0.05544635065	-0.00561561211	0.00415734485
0.05543185535	-0.00575693600	0.00435987494
0.05541725643	-0.00589581117	0.00456043223
0.05540257228	-0.00603223710	0.00475893920
0.05538782816	-0.00616614886	0.00495524999
0.05537304319	-0.00629753823	0.00514926557
0.05535823476	-0.00642640989	0.00534090708
0.05534342158	-0.00655275422	0.00553008723
0.05532862165	-0.00667656545	0.00571672424
0.05531385225	-0.00679784153	0.00590074189
0.05529912722	-0.00691660530	0.00608209921
0.05528446585	-0.00703283268	0.00626070792
0.05526988476	-0.00714651931	0.00643648988
0.05525539311	-0.00725771536	0.00660943321
0.05524100397	-0.00736643608	0.00677950818
0.05522673870	-0.00747263225	0.00694659675
0.05521259555	-0.00757642349	0.00711078107
0.05519859987	-0.00767772572	0.00727192012
0.05518475421	-0.00777661895	0.00743004426
0.05517106439	-0.00787315398	0.00758517906
0.05515755100	-0.00796727480	0.00773721882
0.05514421457	-0.00805906320	0.00788620532
0.05513106315	-0.00814854443	0.00803213395
0.05511810401	-0.00823574592	0.00817500387
0.05510534364	-0.00832069723	0.00831481780
0.05509278786	-0.00840342942	0.00845158218
0.05508044177	-0.00848397513	0.00858530682
0.05506830981	-0.00856236852	0.00871600470
0.05505639568	-0.00863864539	0.00884369161
0.05504470255	-0.00871284231	0.00896838645
0.05503322669	-0.00878503613	0.00909017090
0.05502198156	-0.00885519311	0.00920898723
0.05501096612	-0.00892336857	0.00932487041
0.05500016727	-0.00898968857	0.00943797371
0.05498961032	-0.00905404092	0.00954814189
0.05497927096	-0.00911661478	0.00965559378
0.05496917173	-0.00917731224	0.00976019552
0.05495928634	-0.00923632744	0.00986218588
0.05494964185	-0.00929353328	0.00996139795
0.05494021906	-0.00934907641	0.01005799582
0.05493101505	-0.00940300407	0.01015204962
0.05492204243	-0.00945527133	0.01024349361
0.05491328948	-0.00950597384	0.01033243644
0.05490475436	-0.00955514776	0.01041892396
0.05489643284	-0.00960284132	0.01050302179
0.05488832621	-0.00964906966	0.01058475122
0.05488043314	-0.00969386192	0.01066414487
0.05487274784	-0.00973727089	0.01074126889
0.05486526745	-0.00977933168	0.01081617059
0.05485798884	-0.00982007943	0.01088889701
0.05485090885	-0.00985954857	0.01095949535
0.05484402412	-0.00989777342	0.01102801241
0.05483732769	-0.00993480709	0.01109452630
0.05483082088	-0.00997065601	0.01115905017
0.05482450108	-0.01000534762	0.01122161914
0.05481836252	-0.01003892576	0.01128229252
0.05481240147	-0.01007142221	0.01134111539
0.05480660946	-0.01010289362	0.01139817376
0.05480098409	-0.01013336286	0.01145351103
0.05479553407	-0.01016279222	0.01150706975
0.05479024653	-0.01019126022	0.01155895367
0.05478513417	-0.01021870706	0.01160905958
0.05478057557	-0.01024311673	0.01165434944
0.05477693484	-0.01026256839	0.01170205858
0.05477426004	-0.01027683497	0.01175162767
0.05477258664	-0.01028575000	0.01180247554
0.05477193688	-0.01028920943	0.01185400606
0.05477231941	-0.01028717290	0.01190561508
0.05477372914	-0.01027966418	0.01195669752
0.05477614732	-0.01026677088	0.01200665450
0.05477954187	-0.01024864346	0.01205490031
0.05478386790	-0.01022549351	0.01210086931
0.05478906855	-0.01019759128	0.01214402256
0.05479507584	-0.01016526262	0.01218385414
0.05480181188	-0.01012888516	0.01221989704
0.05480919010	-0.01008888402	0.01225172870
0.05542080250	0.00996748464	-0.00714207622
0.05542874242	0.00992323607	-0.00725623512
0.05543363054	0.00989589336	-0.00730211705
0.05543805535	0.00987107485	-0.00733690892
0.05544235468	0.00984689839	-0.00736587827
0.05544656451	0.00982316568	-0.00739116575
0.05545075193	0.00979950053	-0.00741380453
0.05545500216	0.00977541996	-0.00743432661
0.05545923470	0.00975137871	-0.00745327028
0.05546354491	0.00972683328	-0.00747079648
0.05546794855	0.00970168973	-0.00748708083
0.05547238519	0.00967628966	-0.00750236813
0.05547691058	0.00965031048	-0.00751669938
0.05548156495	0.00962351549	-0.00753009763
0.05548630093	0.00959617158	-0.00754270107
0.05549112726	0.00956822318	-0.00755455679
0.05549606689	0.00953953141	-0.00756567608
0.05550112460	0.00951006139	-0.00757608491
0.05550630489	0.00947977940	-0.00758580324
0.05551161194	0.00944865279	-0.00759484520
0.05551705272	0.00941663196	-0.00760321515
0.05552262442	0.00938372410	-0.00761092989
0.05552832830	0.00934991211	-0.00761799766
0.05553418352	0.00931507169	-0.00762439189
0.05554018182	0.00927924048	-0.00763012840
0.05554632726	0.00924238213	-0.00763520164
0.05555262422	0.00920445776	-0.00763960431
0.05555907573	0.00916543528	-0.00764332784
0.05556568485	0.00912528176	-0.00764636358
0.05557246288	0.00908391268	-0.00764868417
0.05557944349	0.00904110399	-0.00765021146
0.05558654802	0.00899732070	-0.00765108259
0.05559382545	0.00895224394	-0.00765120568
0.05560133962	0.00890545522	-0.00765043399
0.05560896222	0.00885773226	-0.00764900114
0.05561682306	0.00880824007	-0.00764664319
0.05562482706	0.00875755188	-0.00764352720
0.05563306286	0.00870507993	-0.00763945582
0.05564143853	0.00865138244	-0.00763459697
0.05565006490	0.00859571849	-0.00762869707
0.05565884583	0.00853867558	-0.00762192850
0.05566782147	0.00847996185	-0.00761419050
0.05567701084	0.00841941591	-0.00760540921
0.05568640695	0.00835704376	-0.00759556191
0.05569598324	0.00829298205	-0.00758467827
0.05570576114	0.00822704542	-0.00757267864
0.05571573932	0.00815919676	-0.00755952689
0.05572591612	0.00808939877	-0.00754518579
0.05573628950	0.00801761388	-0.00752961722
0.05574685699	0.00794380489	-0.00751278059
0.05575761569	0.00786793444	-0.00749463449
0.05576858549	0.00778979928	-0.00747506784
0.05577972578	0.00770962334	-0.00745412879
0.05579104061	0.00762731199	-0.00743175530
0.05580255161	0.00754263439	-0.00740782123
0.05581423596	0.00745568000	-0.00738231261
0.05582607425	0.00736651436	-0.00735522075
0.05583809775	0.00727481540	-0.00732636849
0.05585025768	0.00718086464	-0.00729581887
0.05586256567	0.00708447998	-0.00726345637
0.05587503289	0.00698547064	-0.00722913864
0.05588760676	0.00688414921	-0.00719293939
0.05590030334	0.00678027922	-0.00715470963
0.05591311021	0.00667384493	-0.00711437800
0.05592601424	0.00656483290	-0.00707187156
0.05593900159	0.00645323187	-0.00702711641
0.05595205773	0.00633903272	-0.00698003824
0.05596516746	0.00622222876	-0.00693056210
0.05597831487	0.00610281608	-0.00687861227
0.05599148338	0.00598079337	-0.00682411300
0.05600465575	0.00585616208	-0.00676698862
0.05601782303	0.00572883954	-0.00670711818
0.05603096224	0.00559887221	-0.00664443251
0.05604403775	0.00546643696	-0.00657894421
0.05605706497	0.00533118814	-0.00651039272
0.05606998111	0.00519358439	-0.00643892254
0.05608280823	0.00505318920	-0.00636422590
0.05609548505	0.00491046405	-0.00628645027
0.05610801908	0.00476511225	-0.00620536432
0.05612037773	0.00461728307	-0.00612094773
0.05613253257	0.00446708931	-0.00603318072
0.05614446838	0.00431448373	-0.00594195839
0.05615616175	0.00415951887	-0.00584722328
0.05616759005	0.00400224034	-0.00574891559
0.05617872907	0.00384272039	-0.00564699420
0.05618955406	0.00368104809	-0.00554143489
0.05620004449	0.00351725734	-0.00543218386
0.05621017971	0.00335138729	-0.00531918928
0.05621993519	0.00318354952	-0.00520244617
0.05622928936	0.00301382114	-0.00508193664
0.05623822177	0.00284227245	-0.00495764426
0.05624671210	0.00266898453	-0.00482956298
0.05625474079	0.00249404058	-0.00469769112
0.05626229340	0.00231742129	-0.00456195484
0.05626934246	0.00213943904	-0.00442250896
0.05627587593	0.00196007344	-0.00427931635
0.05628188108	0.00177931509	-0.00413232245
0.05628733648	0.00159745160	-0.00398168344
0.05629223091	0.00141451025	-0.00382740685
0.05629655431	0.00123047651	-0.00366945056
0.05630028967	0.00104569736	-0.00350804016
0.05630343194	0.00086002997	-0.00334307176
0.05630596882	0.00067377718	-0.00317474851
0.05630789466	0.00048692864	-0.00300307442
0.05630920278	0.00029963729	-0.00282815886
0.05630988854	0.00011203773	-0.00265012031
0.05630994893	-0.00007583803	-0.00246899656
0.05630938232	-0.00026374830	-0.00228499698
0.05630818781	-0.00045175867	-0.00209809863
0.05630636810	-0.00063954000	-0.00190859192
0.05630392344	-0.00082722743	-0.00171641258
0.05630086109	-0.00101446568	-0.00152187878
0.05629718367	-0.00120133730	-0.00132498963
0.05629289991	-0.00138763079	-0.00112595785
0.05628801838	-0.00157324071	-0.00092494093
0.05628254538	-0.00175817689	-0.00072198785
0.05627649710	-0.00194215700	-0.00051739737
0.05626988233	-0.00212519232	-0.00031125091
0.05626271246	-0.00230722497	-0.00010365875
0.05625500711	-0.00248802628	0.00010510710
0.05624677860	-0.00266758270	0.00031493530
0.05623804331	-0.00284580130	0.00052566024
0.05622881731	-0.00302261541	0.00073714351
0.05621912190	-0.00319787949	0.00094916869
0.05620897483	-0.00337153504	0.00116158225
0.05619839533	-0.00354350994	0.00137422315
0.05618740366	-0.00371372730	0.00158692417
0.05617602074	-0.00388211204	0.00179952069
0.05616426791	-0.00404859358	0.00201184884
0.05615216686	-0.00421310532	0.00222374651
0.05613973691	-0.00437561882	0.00243509278
0.05612700532	-0.00453600857	0.00264567559
0.05611399256	-0.00469424526	0.00285535606
0.05610071936	-0.00485029762	0.00306400247
0.05608720582	-0.00500414265	0.00327150918
0.05607348345	-0.00515563321	0.00347763033
0.05605956135	-0.00530487331	0.00368237203
0.05604547608	-0.00545167052	0.00388545334
0.05603123372	-0.00559615469	0.00408690830
0.05601687022	-0.00573814872	0.00428648041
0.05600239904	-0.00587770382	0.00448411421
0.05598783854	-0.00601481801	0.00467973259
0.05597321378	-0.00614942592	0.00487319245
0.05595854386	-0.00628151803	0.00506439588
0.05594384619	-0.00641109768	0.00525326464
0.05592913945	-0.00653815419	0.00543971248
0.05591444165	-0.00666268075	0.00562365861
0.05589977008	-0.00678467429	0.00580502768
0.05588513867	-0.00690415642	0.00598377863
0.05587056666	-0.00702110253	0.00615982475
0.05585607069	-0.00713550748	0.00633308915
0.05584166011	-0.00724741999	0.00650355907
0.05582734806	-0.00735685452	0.00667120486
0.05581315578	-0.00746376191	0.00683591137
0.05579908194	-0.00756825967	0.00699775717
0.05578515164	-0.00767026444	0.00715660526
0.05577136772	-0.00776985472	0.00731248422
0.05575773620	-0.00786708041	0.00746541835
0.05574427748	-0.00796188600	0.00761530504
0.05573099240	-0.00805435197	0.00776218423
0.05571788913	-0.00814450311	0.00790605121
0.05570497502	-0.00823236648	0.00804690505
0.05569225668	-0.00831797123	0.00818474829
0.05567974004	-0.00840134805	0.00831958716
0.05566743031	-0.00848252926	0.00845143121
0.05565533204	-0.00856154868	0.00858029313
0.05564344905	-0.00863844184	0.00870618834
0.05563178463	-0.00871324501	0.00882913538
0.05562033531	-0.00878603440	0.00894921367
0.05560911438	-0.00885677696	0.00906636777
0.05559812099	-0.00892552756	0.00918063179
0.05558734246	-0.00899241112	0.00929215458
0.05557680367	-0.00905731716	0.00940078651
0.05556648093	-0.00912043292	0.00950673976
0.05555639641	-0.00918166206	0.00960988548
0.05554652447	-0.00924119688	0.00971045529
0.05553689163	-0.00929891222	0.00980828845
0.05552747921	-0.00935495338	0.00990354424
0.05551828438	-0.00940936763	0.00999629140
0.05550931953	-0.00946211102	0.01008646705
0.05550057326	-0.00951327852	0.01017417698
0.05549204376	-0.00956290641	0.01025946634
0.05548372693	-0.00961104290	0.01034239949
0.05547562404	-0.00965770350	0.01042299786
0.05546773379	-0.00970291752	0.01050129380
0.05546005053	-0.00974673765	0.01057735212
0.05545257145	-0.00978919915	0.01065121943
0.05544529347	-0.00983033730	0.01072294208
0.05543821349	-0.00987018667	0.01079256659
0.05543132819	-0.00990878172	0.01086013910
0.05542463074	-0.00994617554	0.01092573605
0.05541812239	-0.00998237502	0.01098937104
0.05541180056	-0.01001740779	0.01105107884
0.05540565957	-0.01005131771	0.01111091765
0.05539969572	-0.01008413674	0.01116893190
0.05539390069	-0.01011592141	0.01122520569
0.05538827206	-0.01014669494	0.01127978191
0.05538281834	-0.01017642043	0.01133260565
0.05537752687	-0.01020517602	0.01138377806
0.05537241009	-0.01023290285	0.01143319977
0.05536788231	-0.01025737335	0.01147755736
0.05536424585	-0.01027698311	0.01152434557
0.05536154859	-0.01029150319	0.01157301583
0.05535982622	-0.01030076410	0.01162299754
0.05535910158	-0.01030465778	0.01167370471
0.05535938431	-0.01030313877	0.01172454284
0.05536067065	-0.01029622480	0.01177491590
0.05536294351	-0.01028399657	0.01182423331
0.05536617280	-0.01026659679	0.01187191687
0.05537031588	-0.01024422858	0.01191740753
0.05537531835	-0.01021715311	0.01196017197
0.05538111491	-0.01018568659	0.01199970880
0.05538763046	-0.01015019664	0.01203555449
0.05539478131	-0.01011109802	0.01206728878
0.05601594682	0.00993407278	-0.00702907221
0.05602362988	0.00989065189	-0.00714158992
0.05602837721	0.00986372381	-0.00718682042
0.05603268009	0.00983925110	-0.00722112090
0.05603686376	0.00981539607	-0.00724968504
0.05604096287	0.00979196508	-0.00727462075
0.05604504205	0.00976859059	-0.00729694668
0.05604918341	0.00974480064	-0.00731718875
0.05605330943	0.00972103914	-0.00733587448
0.05605751204	0.00969677495	-0.00735316484
0.05606180643	0.00967191601	-0.00736923308
0.05606613447	0.00964679564	-0.00738431836
0.05607054989	0.00962109843	-0.00739846254
0.05607509152	0.00959459279	-0.00741168939
0.05607971377	0.00956753907	-0.00742413351
0.05608442512	0.00953988256	-0.00743584143
0.05608924772	0.00951148725	-0.00744682482
0.05609418627	0.00948231862	-0.00745710934
0.05609924514	0.00945234333	-0.00746671469
0.05610442844	0.00942152902	-0.00747565485
0.05610974294	0.00938982682	-0.00748393423
0.05611518599	0.00935724325	-0.00749156923
0.05612075889	0.00932376114	-0.00749856791
0.05612648016	0.00928925857	-0.00750490466
0.05613234190	0.00925377180	-0.00751059472
0.05613834812	0.00921726480	-0.00751563267
0.05614450308	0.00917969903	-0.00752001140
0.05615080979	0.00914104261	-0.00752372252
0.05615727126	0.00910126280	-0.00752675752
0.05616389847	0.00906027644	-0.00752908981
0.05617072394	0.00901786408	-0.00753064361
0.05617767191	0.00897447933	-0.00753155105
0.05618478968	0.00892981011	-0.00753172335
0.05619213887	0.00888344691	-0.00753101838
0.05619959585	0.00883614885	-0.00752966133
0.05620728584	0.00878709953	-0.00752739718
0.05621511725	0.00873685827	-0.00752438674
0.05622317563	0.00868485014	-0.00752043913
0.05623137238	0.00863161981	-0.00751571602
0.05623981447	0.00857644264	-0.00750997220
0.05624840924	0.00851989189	-0.00750337350
0.05625719549	0.00846168164	-0.00749582231
0.05626619162	0.00840165342	-0.00748724678
0.05627539099	0.00833981230	-0.00747762431
0.05628476799	0.00827629098	-0.00746698300
0.05629434339	0.00821090753	-0.00745524541
0.05630411596	0.00814362487	-0.00744237600
0.05631408414	0.00807440569	-0.00742833815
0.05632424603	0.00800321241	-0.00741309436
0.05633459928	0.00793000783	-0.00739660470
0.05634514115	0.00785475454	-0.00737882841
0.05635589087	0.00777725302	-0.00735965737
0.05636680928	0.00769772120	-0.00733913715
0.05637790030	0.00761606573	-0.00731720708
0.05638918488	0.00753206005	-0.00729374442
0.05640064096	0.00744579068	-0.00726873458
0.05641224984	0.00735732074	-0.00724216821
0.05642404171	0.00726633450	-0.00721387315
0.05643596945	0.00717310619	-0.00718390906
0.05644804429	0.00707745689	-0.00715216335
0.05646027700	0.00697919914	-0.00711849724
0.05647261677	0.00687863758	-0.00708298055
0.05648507906	0.00677554011	-0.00704546826
0.05649765183	0.00666989042	-0.00700589007
0.05651032232	0.00656167442	-0.00696417407
0.05652307710	0.00645088018	-0.00692024743
0.05653590205	0.00633749787	-0.00687403691
0.05654878237	0.00622152007	-0.00682546859
0.05656170257	0.00610294207	-0.00677446781
0.05657464650	0.00598176172	-0.00672095984
0.05658759736	0.00585797961	-0.00666487006
0.05660054635	0.00573151404	-0.00660608004
0.05661347106	0.00560240966	-0.00654452120
0.05662633684	0.00547083872	-0.00648020416
0.05663915845	0.00533646232	-0.00641287569
0.05665187485	0.00519972848	-0.00634267358
0.05666450724	0.00506020944	-0.00626929910
0.05667699598	0.00491835609	-0.00619289293
0.05668934815	0.00477387755	-0.00611323028
0.05670153188	0.00462691931	-0.00603028979
0.05671351934	0.00447759130	-0.00594405091
0.05672529550	0.00432584684	-0.00585441099
0.05673683733	0.00417173697	-0.00576131307
0.05674812259	0.00401530599	-0.00566469806
0.05675912745	0.00385662436	-0.00556452494
0.05676982752	0.00369577908	-0.00546076919
0.05678020255	0.00353280323	-0.00535337776
0.05679023209	0.00336773508	-0.00524229958
0.05679989193	0.00320068387	-0.00512752891
0.05680916072	0.00303172524	-0.00500904771
0.05681801818	0.00286092822	-0.00488683946
0.05682644414	0.00268837250	-0.00476089780
0.05683441915	0.00251413990	-0.00463122065
0.05684192876	0.00233821189	-0.00449773630
0.05684894575	0.00216089507	-0.00436059403
0.05685545798	0.00198217012	-0.00421975819
0.05686145261	0.00180202845	-0.00407517605
0.05686690831	0.00162075275	-0.00392699862
0.05687181367	0.00143837067	-0.00377523377
0.05687615849	0.00125486889	-0.00361984124
0.05687992563	0.00107058867	-0.00346103958
0.05688310982	0.00088539113	-0.00329872944
0.05688569852	0.00069957446	-0.00313310789
0.05688768582	0.00051312988	-0.00296418013
0.05688906475	0.00032620881	-0.00279205299
0.05688983032	0.00013894480	-0.00261684247
0.05688997922	-0.00004862916	-0.00243858664
0.05688950935	-0.00023627422	-0.00225748953
0.05688841955	-0.00042405304	-0.00207353089
0.05688671194	-0.00061164070	-0.00188699328
0.05688438653	-0.00079916799	-0.00169781685
0.05688144991	-0.00098628418	-0.00150631113
0.05687790442	-0.00117306825	-0.00131247793
0.05687375823	-0.00135931047	-0.00111652508
0.05686901941	-0.00154490512	-0.00091860757
0.05686369391	-0.00172985971	-0.00071877538
0.05685779724	-0.00191389470	-0.00051731992
0.05685133782	-0.00209701880	-0.00031432303
0.05684432663	-0.00227917297	-0.00010989410
0.05683678263	-0.00246013016	0.00009570107
0.05682871776	-0.00263987468	0.00030235155
0.05682014795	-0.00281831283	0.00050989414
0.05681108886	-0.00299537678	0.00071819201
0.05680156124	-0.00317092110	0.00092703285
0.05679158246	-0.00334488590	0.00113626493
0.05678117134	-0.00351719792	0.00134572935
0.05677034776	-0.00368777921	0.00155526125
0.05675913225	-0.00385655366	0.00176469830
0.05674754579	-0.00402344957	0.00197387891
0.05673560974	-0.00418839920	0.00218264318
0.05672334315	-0.00435137240	0.00239087115
0.05671077286	-0.00451224355	0.00259835481
0.05669791910	-0.00467098165	0.00280495675
0.05668480240	-0.00482755389	0.00301054660
0.05667144269	-0.00498193574	0.00321501948
0.05665787099	-0.00513398036	0.00341813484
0.05664409661	-0.00528378833	0.00361989580
0.05663015548	-0.00543116840	0.00382002816
0.05661605402	-0.00557624672	0.00401856217
0.05660182758	-0.00571884728	0.00421524754
0.05658748976	-0.00585901888	0.00441002805
0.05657305889	-0.00599675815	0.00460282700
0.05655855978	-0.00613199929	0.00479350394
0.05654401151	-0.00626473160	0.00498196210
0.05652943148	-0.00639495708	0.00516812383
0.05651483835	-0.00652266406	0.00535190395
0.05650025009	-0.00664784474	0.00553322259
0.05648568399	-0.00677049510	0.00571200532
0.05647115407	-0.00689063550	0.00588821096
0.05645667949	-0.00700824089	0.00606175437
0.05644227689	-0.00712330538	0.00623255984
0.05642795579	-0.00723587625	0.00640061382
0.05641372940	-0.00734596725	0.00656588673
0.05639961881	-0.00745352927	0.00672826622
0.05638562309	-0.00755867774	0.00688782745
0.05637176706	-0.00766133006	0.00704443725
0.05635805387	-0.00776156324	0.00719812252
0.05634448969	-0.00785942629	0.00734890637
0.05633109474	-0.00795486423	0.00749668915
0.05631787017	-0.00804795623	0.00764150901
0.05630482420	-0.00813872669	0.00778336122
0.05629196429	-0.00822720223	0.00792224470
0.05627929714	-0.00831341163	0.00805816185
0.05626682878	-0.00839738525	0.00819111870
0.05625456452	-0.00847915506	0.00832112456
0.05624250901	-0.00855875457	0.00844819181
0.05623066620	-0.00863621900	0.00857233555
0.05621903946	-0.00871158439	0.00869357395
0.05620762556	-0.00878492624	0.00881198426
0.05619643765	-0.00885621224	0.00892751323
0.05618547506	-0.00892549676	0.00904019415
0.05617472550	-0.00899290361	0.00915017163
0.05616421339	-0.00905832401	0.00925730141
0.05615391572	-0.00912194328	0.00936178929
0.05614385423	-0.00918366663	0.00946351118
0.05613400393	-0.00924368449	0.00956269188
0.05612439083	-0.00930187367	0.00965917654
0.05611499674	-0.00935837811	0.00975311984
0.05610581893	-0.00941324506	0.00984458914
0.05609686955	-0.00946643155	0.00993352432
0.05608813750	-0.00951803190	0.01002002839
0.05607962106	-0.00956808245	0.01010414585
0.05607131620	-0.00961663140	0.01018593983
0.05606322419	-0.00966369461	0.01026543189
0.05605534376	-0.00970930154	0.01034265408
0.05604766939	-0.00975350479	0.01041766994
0.05604019832	-0.00979633973	0.01049052539
0.05603292755	-0.00983784177	0.01056126613
0.05602585399	-0.00987804560	0.01062993798
0.05601897439	-0.00991698583	0.01069658644
0.05601228204	-0.00995471548	0.01076128637
0.05600577814	-0.00999124191	0.01082405175
0.05599946013	-0.01002659293	0.01088491702
0.05599332241	-0.01006081239	0.01094393930
0.05598736133	-0.01009393239	0.01100116239
0.05598156870	-0.01012600939	0.01105666855
0.05597594209	-0.01015706687	0.01111050016
0.05597048981	-0.01018706880	0.01116260476
0.05596519942	-0.01021609287	0.01121308095
0.05596008310	-0.01024408122	0.01126183304
0.05595558979	-0.01026859637	0.01130528571
0.05595196199	-0.01028834530	0.01135117837
0.05594924739	-0.01030309741	0.01139897296
0.05594748181	-0.01031268048	0.01144810914
0.05594668863	-0.01031698266	0.01149801083
0.05594687836	-0.01031595372	0.01154809299
0.05594804850	-0.01030960569	0.01159776843
0.05595018352	-0.01029801264	0.01164645477
0.05595325519	-0.01028130991	0.01169358121
0.05595722303	-0.01025969251	0.01173859522
0.05596203500	-0.01023341287	0.01178096905
0.05596762834	-0.01020277794	0.01182020593
0.05597393067	-0.01016814564	0.01185584582
0.05598086106	-0.01012992076	0.01188747088
0.05660062260	0.00990056165	-0.00692104702
0.05660806369	0.00985792705	-0.00703198998
0.05661267786	0.00983139390	-0.00707659510
0.05661686523	0.00980725095	-0.00711042373
0.05662093925	0.00978370267	-0.00713859862
0.05662493331	0.00976055983	-0.00716319635
0.05662890969	0.00973746308	-0.00718522159
0.05663294763	0.00971395092	-0.00720519439
0.05663697241	0.00969045699	-0.00722363205
0.05664107268	0.00966646188	-0.00724069547
0.05664526318	0.00964187531	-0.00725655564
0.05664948785	0.00961702273	-0.00727144638
0.05665379859	0.00959159556	-0.00728541030
0.05665823288	0.00956536708	-0.00729847186
0.05666274679	0.00953859139	-0.00731076225
0.05666734859	0.00951121466	-0.00732232744
0.05667205967	0.00948310353	-0.00733317949
0.05667688462	0.00945422391	-0.00734334373
0.05668182772	0.00942454275	-0.00735283961
0.05668689299	0.00939402804	-0.00736168097
0.05669208702	0.00936263152	-0.00736987227
0.05669740733	0.00933035916	-0.00737742952
0.05670285522	0.00929719367	-0.00738436063
0.05670844862	0.00926301543	-0.00739064085
0.05671417999	0.00922785937	-0.00739628492
0.05672005324	0.00919168977	-0.00740128752
0.05672607255	0.00915446845	-0.00740564173
0.05673224092	0.00911616369	-0.00740933931
0.05673856129	0.00907674297	-0.00741237190
0.05674504433	0.00903612441	-0.00741471362
0.05675172150	0.00899409291	-0.00741629093
0.05675851975	0.00895109132	-0.00741723129
0.05676548481	0.00890681395	-0.00741744878
0.05677267620	0.00886085985	-0.00741680563
0.05677997467	0.00881397051	-0.00741551913
0.05678750117	0.00876534714	-0.00741334260
0.05679516735	0.00871553589	-0.00741043103
0.05680305586	0.00866397400	-0.00740659960
0.05681108123	0.00861119328	-0.00740200413
0.05681934681	0.00855648458	-0.00739640726
0.05682776320	0.00850040763	-0.00738996866
0.05683636792	0.00844268215	-0.00738259374
0.05684517882	0.00838315247	-0.00737421249
0.05685418952	0.00832182275	-0.00736480246
0.05686337538	0.00825882199	-0.00735439026
0.05687275649	0.00819397150	-0.00734290055
0.05688233174	0.00812723422	-0.00733029836
0.05689209966	0.00805857287	-0.00731654765
0.05690205846	0.00798794987	-0.00730161149
0.05691220592	0.00791532799	-0.00728545059
0.05692253944	0.00784066983	-0.00726802483
0.05693307764	0.00776377939	-0.00724922887
0.05694378271	0.00768486895	-0.00722910587
0.05695465847	0.00760384632	-0.00720759644
0.05696572517	0.00752048906	-0.00718458109
0.05697696154	0.00743488089	-0.00716004460
0.05698834948	0.00734708267	-0.00713397707
0.05699991821	0.00725678468	-0.00710621102
0.05701162216	0.00716425423	-0.00707680297
0.05702347218	0.00706931545	-0.00704564311
0.05703547867	0.00697178402	-0.00701259598
0.05704759247	0.00687195707	-0.00697772781
0.05705982848	0.00676960665	-0.00694089733
0.05707217502	0.00666471590	-0.00690203520
0.05708461972	0.00655727014	-0.00686107057
0.05709714948	0.00644725684	-0.00681793161
0.05710975060	0.00633466549	-0.00677254608
0.05712240865	0.00621948797	-0.00672484108
0.05713510854	0.00610171883	-0.00667474295
0.05714783452	0.00598135515	-0.00662217798
0.05716057022	0.00585839670	-0.00656707250
0.05717330698	0.00573276273	-0.00650931050
0.05718602297	0.00560449616	-0.00644882399
0.05719868441	0.00547376487	-0.00638562176
0.05721130548	0.00534023643	-0.00631945745
0.05722382681	0.00520434869	-0.00625046262
0.05723626877	0.00506568229	-0.00617834703
0.05724857331	0.00492467803	-0.00610324499
0.05726074707	0.00478105059	-0.00602493790
0.05727275892	0.00463494187	-0.00594340345
0.05728458157	0.00448645906	-0.00585862039
0.05729620017	0.00433555605	-0.00577048817
0.05730759211	0.00418228244	-0.00567895039
0.05731873549	0.00402668131	-0.00558394858
0.05732960684	0.00386882142	-0.00548544187
0.05734018218	0.00370878781	-0.00538340546
0.05735044148	0.00354661279	-0.00527778704
0.05736036452	0.00338233376	-0.00516853626
0.05736992742	0.00321605780	-0.00505564670
0.05737910904	0.00304785913	-0.00493910014
0.05738788927	0.00287780555	-0.00481888004
0.05739624811	0.00270597544	-0.00469497973
0.05740416623	0.00253244934	-0.00456739680
0.05741162917	0.00235720943	-0.00443606149
0.05741860998	0.00218055682	-0.00430111793
0.05742509644	0.00200247317	-0.00416253184
0.05743107565	0.00182295071	-0.00402025221
0.05743652634	0.00164226740	-0.00387442519
0.05744143698	0.00146045123	-0.00372505898
0.05744579723	0.00127749005	-0.00357211505
0.05744958988	0.00109371965	-0.00341580534
0.05745280942	0.00090900489	-0.00325603471
0.05745544313	0.00072363954	-0.00309299457
0.05745748488	0.00053761627	-0.00292669118
0.05745892741	0.00035108504	-0.00275722899
0.05745976545	0.00016417840	-0.00258472163
0.05745999537	-0.00002306975	-0.00240920742
0.05745961470	-0.00021042333	-0.00223088535
0.05745862200	-0.00039794216	-0.00204973765
0.05745701887	-0.00058530545	-0.00186603952
0.05745480509	-0.00077263981	-0.00167973519
0.05745198665	-0.00095959890	-0.00149112607
0.05744856562	-0.00114625830	-0.00130021644
0.05744454964	-0.00133241004	-0.00110720954
0.05743994632	-0.00151794814	-0.00091225792
0.05743476131	-0.00170287791	-0.00071541250
0.05742900942	-0.00188692253	-0.00051695775
0.05742269877	-0.00207008832	-0.00031697582
0.05741583995	-0.00225231510	-0.00011557523
0.05740845124	-0.00243337747	0.00008698406
0.05740054429	-0.00261325769	0.00029059157
0.05739213457	-0.00279186139	0.00049508646
0.05738323735	-0.00296911964	0.00070033337
0.05737387284	-0.00314488717	0.00090612391
0.05736405806	-0.00331910279	0.00111230812
0.05735381143	-0.00349169219	0.00131872915
0.05734315246	-0.00366257648	0.00152522439
0.05733210130	-0.00383167856	0.00173163373
0.05732067858	-0.00399892571	0.00193779774
0.05730890532	-0.00416424913	0.00214355870
0.05729680035	-0.00432761709	0.00234879754
0.05728439004	-0.00448890389	0.00255331015
0.05727169441	-0.00464807696	0.00275696051
0.05725873378	-0.00480510205	0.00295961958
0.05724552790	-0.00495995314	0.00316118326
0.05723210733	-0.00511248381	0.00336141601
0.05721848152	-0.00526279133	0.00356031817
0.05720468583	-0.00541068562	0.00375762195
0.05719072695	-0.00555628931	0.00395335405
0.05717663969	-0.00569942750	0.00414727008
0.05716243773	-0.00584014666	0.00433931312
0.05714813934	-0.00597844212	0.00452940689
0.05713376913	-0.00611424774	0.00471741348
0.05711934609	-0.00624755167	0.00490323722
0.05710488763	-0.00637835467	0.00508680105
0.05709041235	-0.00650664413	0.00526802079
0.05707593819	-0.00663241133	0.00544681752
0.05706148241	-0.00675565134	0.00562311764
0.05704705910	-0.00687638338	0.00579687992
0.05703268732	-0.00699458194	0.00596802071
0.05701838371	-0.00711024045	0.00613646542
0.05700415794	-0.00722340485	0.00630219978
0.05699002326	-0.00733408816	0.00646519428
0.05697600059	-0.00744224138	0.00662533924
0.05696208940	-0.00754797794	0.00678270661
0.05694831423	-0.00765121597	0.00693716686
0.05693467849	-0.00775203105	0.00708874530
0.05692118849	-0.00785047136	0.00723746391
0.05690786428	-0.00794648243	0.00738322587
0.05689470726	-0.00804014217	0.00752606764
0.05688172572	-0.00813147458	0.00766598444
0.05686892722	-0.00822050591	0.00780297510
0.05685631852	-0.00830726457	0.00793704188
0.05684390573	-0.00839178057	0.00806819062
0.05683169427	-0.00847408557	0.00819643037
0.05681968887	-0.00855421278	0.00832177326
0.05680789358	-0.00863219713	0.00844423408
0.05679631186	-0.00870807439	0.00856383064
0.05678494071	-0.00878191942	0.00868063813
0.05677379313	-0.00885370058	0.00879460540
0.05676286859	-0.00892347180	0.00890576492
0.05675215522	-0.00899135576	0.00901425733
0.05674167698	-0.00905724535	0.00911994338
0.05673141148	-0.00912132399	0.00922302288
0.05672138006	-0.00918349844	0.00932337623
0.05671155838	-0.00924395725	0.00942122179
0.05670197193	-0.00930257919	0.00951641024
0.05669260298	-0.00935950681	0.00960909190
0.05668344890	-0.00941478736	0.00969933285
0.05667452163	-0.00946837885	0.00978707555
0.05666581034	-0.00952037489	0.00987242039
0.05665731338	-0.00957081191	0.00995541125
0.05664902682	-0.00961973806	0.01003611005
0.05664095191	-0.00966716955	0.01011453849
0.05663308741	-0.00971313598	0.01019072836
0.05662542794	-0.00975768983	0.01026474193
0.05661797077	-0.00980086658	0.01033662451
0.05661071296	-0.00984270175	0.01040642112
0.05660365149	-0.00988323014	0.01047417697
0.05659678314	-0.00992248648	0.01053993691
0.05659010132	-0.00996052371	0.01060377429
0.05658360717	-0.00999734964	0.01066570348
0.05657729816	-0.01003299224	0.01072575857
0.05657116878	-0.01006749535	0.01078399565
0.05656521543	-0.01010089120	0.01084045791
0.05655943003	-0.01013323613	0.01089522588
0.05655381016	-0.01016455390	0.01094834144
0.05654836394	-0.01019480928	0.01099975442
0.05654307913	-0.01022407956	0.01104956102
0.05653796764	-0.01025230782	0.01109766903
0.05653351137	-0.01027685227	0.01114025822
0.05652989599	-0.01029672079	0.01118529485
0.05652716894	-0.01031168134	0.01123225092
0.05652536611	-0.01032155926	0.01128057590
0.05652451135	-0.01032623922	0.01132970323
0.05652461596	-0.01032566659	0.01137905694
0.05652567856	-0.01031984804	0.01142805839
0.05652768508	-0.01030885152	0.01147613310
0.05653060903	-0.01029280539	0.01152271743
0.05653441192	-0.01027189703	0.01156726522
0.05653904394	-0.01024637061	0.01160925419
0.05654444474	-0.01021652431	0.01164819205
0.05655054447	-0.01018270689	0.01168362231
0.05655726489	-0.01014531363	0.01171512956
0.05719533702	0.00986585134	-0.00681408989
0.05720254197	0.00982399065	-0.00692346819
0.05720702571	0.00979784720	-0.00696745165
0.05721109977	0.00977403004	-0.00700081113
0.05721506612	0.00975078503	-0.00702859886
0.05721895692	0.00972792727	-0.00705286034
0.05722283223	0.00970510545	-0.00707458638
0.05722676843	0.00968186837	-0.00709429109
0.05723069353	0.00965863954	-0.00711248175
0.05723469305	0.00963491111	-0.00712931910
0.05723878120	0.00961059453	-0.00714497188
0.05724290401	0.00958600755	-0.00715966868
0.05724711155	0.00956084827	-0.00717345281
0.05725143999	0.00953489478	-0.00718634937
0.05725584707	0.00950839503	-0.00719848622
0.05726034077	0.00948129605	-0.00720990878
0.05726494180	0.00945346713	-0.00722062946
0.05726965462	0.00942487454	-0.00723067326
0.05727448342	0.00939548558	-0.00724005942
0.05727943213	0.00936526852	-0.00724880158
0.05728450717	0.00933417579	-0.00725690429
0.05728970621	0.00930221274	-0.00726438316
0.05729503056	0.00926936204	-0.00727124593
0.05730049759	0.00923550627	-0.00727746874
0.05730610006	0.00920067910	-0.00728306579
0.05731184183	0.00916484510	-0.00728803189
0.05731772700	0.00912796644	-0.00729236031
0.05732375850	0.00909001160	-0.00729604293
0.05732993927	0.00905094822	-0.00729907156
0.05733627963	0.00901069575	-0.00730142102
0.05734281003	0.00896904333	-0.00730301992
0.05734946005	0.00892642325	-0.00730399119
0.05735627387	0.00888253610	-0.00730425172
0.05736330900	0.00883698936	-0.00730366796
0.05737045044	0.00879050716	-0.00730244953
0.05737781496	0.00874230809	-0.00730035788
0.05738531737	0.00869292531	-0.00729754231
0.05739303750	0.00864180807	-0.00729382393
0.05740089294	0.00858947552	-0.00728935286
0.05740898349	0.00853523373	-0.00728389938
0.05741722294	0.00847962914	-0.00727761721
0.05742564755	0.00842238706	-0.00727041464
0.05743427462	0.00836335453	-0.00726222351
0.05744309806	0.00830253486	-0.00725302149
0.05745209413	0.00824005339	-0.00724283379
0.05746128229	0.00817573465	-0.00723158709
0.05747066151	0.00810954161	-0.00721924697
0.05748023044	0.00804143699	-0.00720577799
0.05748998738	0.00797138325	-0.00719114378
0.05749993024	0.00789934315	-0.00717530568
0.05751005655	0.00782527927	-0.00715822420
0.05752038432	0.00774899911	-0.00713979670
0.05753087708	0.00767070937	-0.00712006403
0.05754153853	0.00759031905	-0.00709896806
0.05755238827	0.00750760977	-0.00707639246
0.05756340575	0.00742266249	-0.00705232143
0.05757457350	0.00733553583	-0.00702674453
0.05758591977	0.00724592603	-0.00699949886
0.05759740050	0.00715409362	-0.00697063789
0.05760902617	0.00705986568	-0.00694005453
0.05762080684	0.00696306105	-0.00690761659
0.05763269492	0.00686396944	-0.00687338680
0.05764470481	0.00676236701	-0.00683722756
0.05765682517	0.00665823638	-0.00679907052
0.05766904396	0.00655156231	-0.00675884582
0.05768134848	0.00644233165	-0.00671648265
0.05769372538	0.00633053325	-0.00667190978
0.05770616064	0.00621615833	-0.00662505533
0.05771863954	0.00609920072	-0.00657584661
0.05773114675	0.00597965673	-0.00652421092
0.05774366629	0.00585752536	-0.00647007556
0.05775618965	0.00573272681	-0.00641332689
0.05776869556	0.00560530229	-0.00635389752
0.05778115113	0.00547541539	-0.00629179448
0.05779356996	0.00534274006	-0.00622677811
0.05780589431	0.00520770419	-0.00615897395
0.05781814376	0.00506989665	-0.00608810001
0.05783026181	0.00492974834	-0.00601428449
0.05784225469	0.00478697941	-0.00593731478
0.05785409198	0.00464172827	-0.00585716769
0.05786574696	0.00449409938	-0.00577382129
0.05787720496	0.00434404721	-0.00568717715
0.05788844377	0.00419161998	-0.00559717936
0.05789944184	0.00403685956	-0.00550377013
0.05791017610	0.00387983303	-0.00540690874
0.05792062293	0.00372062353	-0.00530657012
0.05793076255	0.00355926257	-0.00520270271
0.05794057501	0.00339578677	-0.00509525689
0.05795003671	0.00323030104	-0.00498422555
0.05795912678	0.00306287819	-0.00486959038
0.05796782527	0.00289358487	-0.00475133477
0.05797611236	0.00272249811	-0.00462945177
0.05798396886	0.00254969720	-0.00450393866
0.05799138032	0.00237516506	-0.00437472760
0.05799832007	0.00219919733	-0.00424195768
0.05800477583	0.00202177667	-0.00410559599
0.05801073464	0.00184289610	-0.00396559319
0.05801617533	0.00166282889	-0.00382209068
0.05802108626	0.00148160341	-0.00367509697
0.05802545697	0.00129920862	-0.00352457523
0.05802927020	0.00111597488	-0.00337073095
0.05803252022	0.00093177078	-0.00321347310
0.05803519417	0.00074688567	-0.00305298752
0.05803728566	0.00056131367	-0.00288928153
0.05803878722	0.00037520326	-0.00272245722
0.05803969329	0.00018868598	-0.00255262591
0.05803999997	0.00000179662	-0.00237982613
0.05803970442	-0.00018523149	-0.00220425195
0.05803880492	-0.00037245540	-0.00202588799
0.05803730261	-0.00055955843	-0.00184500225
0.05803519703	-0.00074666305	-0.00166154290
0.05803249360	-0.00093342733	-0.00147580343
0.05802919413	-0.00111992350	-0.00128779045
0.05802530574	-0.00130594535	-0.00109770275
0.05802083562	-0.00149138668	-0.00090569045
0.05801578909	-0.00167625067	-0.00071180532
0.05801018032	-0.00186026321	-0.00051632504
0.05800401711	-0.00204342829	-0.00031933207
0.05799730966	-0.00222568463	-0.00012093399
0.05799007564	-0.00240680851	0.00007861497
0.05798232634	-0.00258678019	0.00027920480
0.05797407683	-0.00276550467	0.00048067697
0.05796534196	-0.00294291198	0.00068289766
0.05795614144	-0.00311885704	0.00088566231
0.05794649190	-0.00329327742	0.00108882272
0.05793641140	-0.00346609780	0.00129222410
0.05792591904	-0.00363723837	0.00149570606
0.05791503463	-0.00380662112	0.00169911072
0.05790377841	-0.00397417236	0.00190228081
0.05789217107	-0.00413982226	0.00210506073
0.05788023121	-0.00430353755	0.00230733237
0.05786798472	-0.00446519251	0.00250889544
0.05785545142	-0.00462475305	0.00270961533
0.05784265140	-0.00478218351	0.00290936434
0.05782960422	-0.00493745645	0.00310803914
0.05781633994	-0.00509042587	0.00330540917
0.05780286820	-0.00524118578	0.00350147206
0.05778922373	-0.00538954735	0.00369596630
0.05777541349	-0.00553562969	0.00388891520
0.05776147173	-0.00567925905	0.00408008012
0.05774741221	-0.00582047964	0.00426940352
0.05773325313	-0.00595928549	0.00445680955
0.05771901885	-0.00609561016	0.00464216282
0.05770472831	-0.00622944068	0.00482536872
0.05769039886	-0.00636077661	0.00500635085
0.05767604905	-0.00648960443	0.00518502601
0.05766169678	-0.00661591452	0.00536131621
0.05764735926	-0.00673970105	0.00553514871
0.05763305062	-0.00686098214	0.00570648225
0.05761878985	-0.00697973185	0.00587523463
0.05760459351	-0.00709594293	0.00604133240
0.05759047146	-0.00720966001	0.00620476059
0.05757643694	-0.00732089538	0.00636548979
0.05756251072	-0.00742960020	0.00652341291
0.05754869264	-0.00753588587	0.00667859880
0.05753500693	-0.00763967129	0.00683092148
0.05752145725	-0.00774103064	0.00698040472
0.05750805008	-0.00784001121	0.00712706944
0.05749480524	-0.00793655911	0.00727082154
0.05748172439	-0.00803075098	0.00741169586
0.05746881589	-0.00812261042	0.00754968758
0.05745608735	-0.00821216331	0.00768479544
0.05744354562	-0.00829943770	0.00781702156
0.05743119689	-0.00838446325	0.00794637159
0.05741904664	-0.00846727130	0.00807285436
0.05740709969	-0.00854789477	0.00819648172
0.05739536018	-0.00862636830	0.00831726816
0.05738383166	-0.00870272739	0.00843523115
0.05737251136	-0.00877704623	0.00855044387
0.05736141210	-0.00884929389	0.00866285718
0.05735053352	-0.00891952383	0.00877250279
0.05733986411	-0.00898785757	0.00887951741
0.05732942742	-0.00905418971	0.00898376672
0.05731920166	-0.00911870172	0.00908544467
0.05730920776	-0.00918130195	0.00918443602
0.05729942202	-0.00924217702	0.00928095284
0.05728986940	-0.00930120767	0.00937485118
0.05728053266	-0.00935853505	0.00946627713
0.05727140925	-0.00941420639	0.00955529551
0.05726251090	-0.00946818068	0.00964185125
0.05725382705	-0.00952055082	0.00972604221
0.05724535611	-0.00957135330	0.00980791162
0.05723709425	-0.00962063623	0.00988752027
0.05722904271	-0.00966841614	0.00996488994
0.05722120028	-0.00971472275	0.01004005213
0.05721356170	-0.00975960845	0.01011306792
0.05720612431	-0.00980310878	0.01018398196
0.05719888520	-0.00984525938	0.01025283865
0.05719184140	-0.00988609514	0.01031968256
0.05718498976	-0.00992565090	0.01038455788
0.05717832380	-0.00996397952	0.01044753653
0.05717184459	-0.01000108923	0.01050863318
0.05716554965	-0.01003700816	0.01056788160
0.05715943356	-0.01007178013	0.01062533686
0.05715349275	-0.01010543749	0.01068104157
0.05714771927	-0.01013803643	0.01073507452
0.05714211071	-0.01016960098	0.01078747712
0.05713667497	-0.01020009676	0.01083820139
0.05713140005	-0.01022960057	0.01088734123
0.05712629759	-0.01025805653	0.01093480776
0.05712188185	-0.01028261708	0.01097654374
0.05711828270	-0.01030259102	0.01102073311
0.05711554725	-0.01031774504	0.01106685779
0.05711371146	-0.01032790218	0.01111437699
0.05711279954	-0.01033294384	0.01116273361
0.05711282355	-0.01033281116	0.01121136070
0.05711378315	-0.01032750569	0.01125968816
0.05711566569	-0.01031708937	0.01130714940
0.05711844632	-0.01030168382	0.01135318796
0.05712208851	-0.01028146896	0.01139726410
0.05712654459	-0.01025668088	0.01143886106
0.05713175658	-0.01022760919	0.01147749116
0.05713765712	-0.01019459360	0.01151270148
0.05714417056	-0.01015802005	0.01154407923
0.05777957826	0.00983119709	-0.00671179172
0.05778656059	0.00979007229	-0.00681966846
0.05779092090	0.00976430038	-0.00686305505
0.05779488757	0.00974079418	-0.00689596403
0.05779875179	0.00971783884	-0.00692337983
0.05780254457	0.00969525356	-0.00694731823
0.05780632386	0.00967269467	-0.00696875671
0.05781016338	0.00964972074	-0.00698820365
0.05781399370	0.00962674568	-0.00700615679
0.05781789736	0.00960327259	-0.00702277667
0.05782188814	0.00957921458	-0.00703822982
0.05782591398	0.00955488210	-0.00705273991
0.05783002325	0.00952997958	-0.00706635087
0.05783425091	0.00950428967	-0.00707908838
0.05783855620	0.00947805449	-0.00709107716
0.05784294688	0.00945122191	-0.00710236207
0.05784744300	0.00942366372	-0.00711295588
0.05785204891	0.00939534655	-0.00712288327
0.05785676871	0.00936623801	-0.00713216323
0.05786160625	0.00933630668	-0.00714080925
0.05786656777	0.00930550560	-0.00714882595
0.05787165109	0.00927383957	-0.00715622855
0.05787685753	0.00924129120	-0.00716302466
0.05788220390	0.00920774519	-0.00716919123
0.05788768330	0.00917323398	-0.00717474194
0.05789329951	0.00913772247	-0.00717967177
0.05789905653	0.00910117314	-0.00718397410
0.05790495727	0.00906355466	-0.00718764100
0.05791100462	0.00902483484	-0.00719066439
0.05791720862	0.00898493437	-0.00719301976
0.05792359872	0.00894364645	-0.00719463775
0.05793010700	0.00890139333	-0.00719563705
0.05793677618	0.00885788160	-0.00719593717
0.05794366184	0.00881272671	-0.00719540854
0.05795065303	0.00876663635	-0.00719425358
0.05795786256	0.00871884556	-0.00719224136
0.05796520821	0.00866987524	-0.00718951589
0.05797276716	0.00861918600	-0.00718590380
0.05798045988	0.00856728500	-0.00718154989
0.05798838281	0.00851349276	-0.00717623162
0.05799645275	0.00845834312	-0.00717009712
0.05800470479	0.00840156667	-0.00716305741
0.05801315569	0.00834301308	-0.00715504604
0.05802179963	0.00828268483	-0.00714604085
0.05803061372	0.00822070379	-0.00713606568
0.05803961683	0.00815689756	-0.00712504917
0.05804880801	0.00809122914	-0.00711295741
0.05805818598	0.00802366129	-0.00709975550
0.05806774918	0.00795415647	-0.00708540766
0.05807749561	0.00788267745	-0.00706987580
0.05808742292	0.00780918683	-0.00705312101
0.05809754856	0.00773349542	-0.00703504325
0.05810783730	0.00765580462	-0.00701568119
0.05811829274	0.00757602460	-0.00699497789
0.05812893386	0.00749394080	-0.00697281998
0.05813974080	0.00740963159	-0.00694919117
0.05815069667	0.00732315351	-0.00692408051
0.05816182879	0.00723420841	-0.00689732940
0.05817309456	0.00714305041	-0.00686898848
0.05818450410	0.00704950943	-0.00683895323
0.05819606711	0.00695340728	-0.00680709455
0.05820773754	0.00685502665	-0.00677347191
0.05821952928	0.00675414763	-0.00673795113
0.05823143132	0.00665075234	-0.00670046485
0.05824343195	0.00654482501	-0.00666094416
0.05825551883	0.00643635192	-0.00661931922
0.05826767895	0.00632532135	-0.00657551977
0.05827989865	0.00621172386	-0.00652947488
0.05829216361	0.00609555262	-0.00648111284
0.05830445886	0.00597680325	-0.00643036189
0.05831676881	0.00585547399	-0.00637715030
0.05832908510	0.00573148596	-0.00632136664
0.05834138697	0.00560487877	-0.00626294410
0.05835364242	0.00547581194	-0.00620188812
0.05836586445	0.00534396549	-0.00613796534
0.05837799691	0.00520975784	-0.00607129566
0.05839005861	0.00507278573	-0.00600160488
0.05840199455	0.00493347062	-0.00592901546
0.05841381056	0.00479153791	-0.00585332046
0.05842547690	0.00464712265	-0.00577449586
0.05843696740	0.00450032675	-0.00569251916
0.05844826758	0.00435110525	-0.00560729388
0.05845935560	0.00419950503	-0.00551876464
0.05847021027	0.00404556682	-0.00542687430
0.05848080889	0.00388935613	-0.00533158227
0.05849112822	0.00373095428	-0.00523286328
0.05850114871	0.00357039206	-0.00513066648
0.05851085066	0.00340770531	-0.00502494294
0.05852021079	0.00324299689	-0.00491568493
0.05852920846	0.00307633829	-0.00480287404
0.05853782391	0.00290779503	-0.00468649363
0.05854603750	0.00273744290	-0.00456653650
0.05855383018	0.00256535997	-0.00444299963
0.05856118753	0.00239152988	-0.00431581698
0.05856808318	0.00221624303	-0.00418512295
0.05857450477	0.00203948307	-0.00405088588
0.05858043933	0.00186124374	-0.00391305799
0.05858586578	0.00168179386	-0.00377177626
0.05859077242	0.00150116211	-0.00362704946
0.05859514865	0.00131933854	-0.00347884236
0.05859897721	0.00113664831	-0.00332735436
0.05860225218	0.00095296357	-0.00317249829
0.05860496055	0.00076856940	-0.00301445477
0.05860709576	0.00058346133	-0.00285323206
0.05860865010	0.00039778641	-0.00268893004
0.05860961776	0.00021167517	-0.00252165783
0.05860999460	0.00002516327	-0.00235145415
0.05860977744	-0.00016151864	-0.00217850841
0.05860896433	-0.00034842496	-0.00200280745
0.05860755595	-0.00053524297	-0.00182461247
0.05860555165	-0.00072209121	-0.00164387533
0.05860295631	-0.00090863199	-0.00146088203
0.05859977149	-0.00109493437	-0.00127564137
0.05859600385	-0.00128079383	-0.00108834786
0.05859166015	-0.00146610402	-0.00089914935
0.05858674544	-0.00165086606	-0.00070809836
0.05858127327	-0.00183480852	-0.00051546615
0.05857525114	-0.00201793317	-0.00032133541
0.05856868889	-0.00220017771	-0.00012581282
0.05856160359	-0.00238132007	0.00007085282
0.05855400622	-0.00256133862	0.00026855200
0.05854591143	-0.00274013780	0.00046712841
0.05853733371	-0.00291764667	0.00066644970
0.05852829225	-0.00309372038	0.00086631497
0.05851880335	-0.00326829532	0.00106657772
0.05850888468	-0.00344129528	0.00126708513
0.05849855498	-0.00361263960	0.00146767898
0.05848783369	-0.00378224941	0.00166820348
0.05847674071	-0.00395005013	0.00186850347
0.05846529640	-0.00411597100	0.00206842538
0.05845351909	-0.00427997728	0.00226785205
0.05844143427	-0.00444194330	0.00246658683
0.05842906150	-0.00460183352	0.00266449646
0.05841642067	-0.00475961096	0.00286145456
0.05840353113	-0.00491524687	0.00305735857
0.05839042248	-0.00506859569	0.00325198261
0.05837710448	-0.00521974832	0.00344532186
0.05836361130	-0.00536851716	0.00363712072
0.05834995010	-0.00551501798	0.00382739936
0.05833615461	-0.00565907815	0.00401592459
0.05832223863	-0.00580073975	0.00420263830
0.05830822028	-0.00593999559	0.00438746508
0.05829412370	-0.00607677895	0.00457027195
0.05827996772	-0.00621107582	0.00475096535
0.05826576966	-0.00634288463	0.00492946948
0.05825154799	-0.00647219101	0.00510570211
0.05823732054	-0.00659898449	0.00527958618
0.05822310449	-0.00672325841	0.00545104974
0.05820891398	-0.00684502981	0.00562005153
0.05819476789	-0.00696427239	0.00578651074
0.05818068276	-0.00708097826	0.00595035501
0.05816666854	-0.00719519079	0.00611156875
0.05815273851	-0.00730692160	0.00627012262
0.05813891326	-0.00741612199	0.00642591202
0.05812519294	-0.00752290142	0.00657900286
0.05811160153	-0.00762717957	0.00672927253
0.05809814289	-0.00772902923	0.00687674338
0.05808482363	-0.00782849689	0.00702143529
0.05807166337	-0.00792552919	0.00716325675
0.05805866401	-0.00802020157	0.00730224110
0.05804583395	-0.00811253725	0.00743838347
0.05803318086	-0.00820256174	0.00757168252
0.05802071165	-0.00829030275	0.00770214024
0.05800843256	-0.00837578961	0.00782976210
0.05799634916	-0.00845905335	0.00795455671
0.05798446635	-0.00854012661	0.00807653569
0.05797278832	-0.00861904374	0.00819571321
0.05796131871	-0.00869583998	0.00831210644
0.05795005497	-0.00877058887	0.00842578665
0.05793900974	-0.00884326015	0.00853670660
0.05792818282	-0.00891390685	0.00864489726
0.05791756306	-0.00898264934	0.00875049166
0.05790717357	-0.00904938390	0.00885336010
0.05789699316	-0.00911429006	0.00895369099
0.05788704236	-0.00917727773	0.00905137321
0.05787729808	-0.00923853164	0.00914661288
0.05786778478	-0.00929793444	0.00923927112
0.05785848566	-0.00935562593	0.00932949002
0.05784939829	-0.00941165328	0.00941733319
0.05784053414	-0.00946597645	0.00950274791
0.05783188295	-0.00951868762	0.00958582960
0.05782344318	-0.00956982333	0.00966662091
0.05781521110	-0.00961943165	0.00974518152
0.05780718792	-0.00966752941	0.00982153328
0.05779937248	-0.00971414646	0.00989570745
0.05779175962	-0.00975933503	0.00996776393
0.05778434673	-0.00980313077	0.01003774676
0.05777713097	-0.00984556939	0.01010569973
0.05777010942	-0.00988668587	0.01017166679
0.05776327897	-0.00992651514	0.01023569154
0.05775663324	-0.00996510997	0.01029784448
0.05775017328	-0.01000247899	0.01035814060
0.05774389662	-0.01003865048	0.01041661334
0.05773779792	-0.01007366823	0.01047331681
0.05773187366	-0.01010756468	0.01052829303
0.05772611602	-0.01014039589	0.01058161917
0.05772052260	-0.01017218611	0.01063333618
0.05771510110	-0.01020290179	0.01068339814
0.05770983974	-0.01023261927	0.01073189673
0.05770474988	-0.01026128363	0.01077874626
0.05770037643	-0.01028584756	0.01081966802
0.05769679640	-0.01030591019	0.01086304748
0.05769405657	-0.01032123717	0.01090837607
0.05769219288	-0.01033164947	0.01095512235
0.05769122987	-0.01033702551	0.01100273826
0.05769118023	-0.01033730251	0.01105066554
0.05769204464	-0.01033247723	0.01109834230
0.05769381167	-0.01032260602	0.01114520957
0.05769645807	-0.01030780416	0.01119071786
0.05769994909	-0.01028824451	0.01123433365
0.05770423910	-0.01026415556	0.01127554557
0.05770927234	-0.01023581877	0.01131387045
0.05771498380	-0.01020356530	0.01134885897
0.05772130030	-0.01016777219	0.01138010091
0.05837384084	0.00979544821	-0.00661045310
0.05838060578	0.00975504836	-0.00671683763
0.05838484512	0.00972964337	-0.00675963081
0.05838870638	0.00970644465	-0.00679209182
0.05839247027	0.00968377593	-0.00681913768
0.05839616667	0.00966146044	-0.00684275465
0.05839985150	0.00963916204	-0.00686390697
0.05840359587	0.00961644888	-0.00688309729
0.05840733286	0.00959372544	-0.00690081396
0.05841114211	0.00957050560	-0.00691721721
0.05841503694	0.00954670411	-0.00693247142
0.05841896719	0.00952262422	-0.00694679543
0.05842297956	0.00949797659	-0.00696023373
0.05842710781	0.00947254838	-0.00697281251
0.05843131269	0.00944657598	-0.00698465347
0.05843560172	0.00942000806	-0.00699580092
0.05843999428	0.00939271889	-0.00700626791
0.05844449464	0.00936467543	-0.00701607882
0.05844910680	0.00933584565	-0.00702525242
0.05845383453	0.00930619840	-0.00703380204
0.05845868391	0.00927568733	-0.00704173234
0.05846365289	0.00924431670	-0.00704905819
0.05846874279	0.00921206908	-0.00705578704
0.05847396991	0.00917883125	-0.00706189665
0.05847932763	0.00914463447	-0.00706740021
0.05848481967	0.00910944391	-0.00707229281
0.05849044995	0.00907322239	-0.00707656801
0.05849622133	0.00903593877	-0.00708021799
0.05850213667	0.00899756106	-0.00708323485
0.05850820572	0.00895801114	-0.00708559469
0.05851445696	0.00891708622	-0.00708723014
0.05852082491	0.00887519867	-0.00708825577
0.05852735086	0.00883206099	-0.00708859366
0.05853408853	0.00878729648	-0.00708811807
0.05854093088	0.00874159667	-0.00708702447
0.05854798685	0.00869421279	-0.00708508931
0.05855517716	0.00864565366	-0.00708245148
0.05856257638	0.00859539109	-0.00707894297
0.05857010776	0.00854392044	-0.00707470344
0.05857786451	0.00849057648	-0.00706951729
0.05858576634	0.00843588063	-0.00706352727
0.05859384719	0.00837956869	-0.00705664704
0.05860212330	0.00832149291	-0.00704881182
0.05861058912	0.00826165499	-0.00703999960
0.05861922259	0.00820017338	-0.00703023295
0.05862804197	0.00813687870	-0.00701944236
0.05863704640	0.00807173400	-0.00700759448
0.05864623470	0.00800470207	-0.00699465493
0.05865560540	0.00793574539	-0.00698058848
0.05866515661	0.00786482676	-0.00696535763
0.05867488609	0.00779190877	-0.00694892408
0.05868481075	0.00771680553	-0.00693119026
0.05869489656	0.00763971324	-0.00691219276
0.05870514702	0.00756054318	-0.00689187584
0.05871558050	0.00747908461	-0.00687012899
0.05872617782	0.00739541335	-0.00684693546
0.05873692266	0.00730958387	-0.00682228381
0.05874784145	0.00722130359	-0.00679601967
0.05875889296	0.00713082030	-0.00676819093
0.05877008698	0.00703796674	-0.00673869557
0.05878143290	0.00694256766	-0.00670740750
0.05879288613	0.00684489885	-0.00667438306
0.05880446008	0.00674474426	-0.00663949145
0.05881614404	0.00664208553	-0.00660266622
0.05882792666	0.00653690640	-0.00656383945
0.05883979591	0.00642919259	-0.00652294225
0.05885173915	0.00631893181	-0.00647990532
0.05886374308	0.00620611401	-0.00643465868
0.05887579373	0.00609073172	-0.00638713161
0.05888787652	0.00597277986	-0.00633725328
0.05889997623	0.00585225595	-0.00628495288
0.05891208466	0.00572908204	-0.00623012121
0.05892418156	0.00560329617	-0.00617269205
0.05893623576	0.00547505385	-0.00611266927
0.05894825973	0.00534404110	-0.00604982569
0.05896019886	0.00521066701	-0.00598427574
0.05897207122	0.00507453609	-0.00591575283
0.05898382326	0.00493606053	-0.00584437384
0.05899546046	0.00479497087	-0.00576993739
0.05900695373	0.00465139889	-0.00569241867
0.05901827746	0.00450544401	-0.00561179463
0.05902941735	0.00435706179	-0.00552797072
0.05904035195	0.00420629782	-0.00544089210
0.05905106042	0.00405319175	-0.00535050224
0.05906152044	0.00389780752	-0.00525676077
0.05907170913	0.00374022465	-0.00515964220
0.05908160722	0.00358047324	-0.00505909637
0.05909119523	0.00341858836	-0.00495507506
0.05910045023	0.00325467086	-0.00484756994
0.05910935180	0.00308879094	-0.00473656253
0.05911788040	0.00292101299	-0.00462203615
0.05912601656	0.00275141158	-0.00450398338
0.05913374140	0.00258006359	-0.00438240090
0.05914104053	0.00240695336	-0.00425722445
0.05914788789	0.00223236614	-0.00412858385
0.05915427107	0.00205628649	-0.00399644865
0.05916017708	0.00187870895	-0.00386077263
0.05916558499	0.00169989786	-0.00372168841
0.05917048300	0.00151988224	-0.00357920506
0.05917486044	0.00133865321	-0.00343328884
0.05917870002	0.00115653076	-0.00328413328
0.05918199566	0.00097339056	-0.00313165492
0.05918473425	0.00078951347	-0.00297602928
0.05918690903	0.00060489640	-0.00281726555
0.05918851210	0.00041968494	-0.00265546141
0.05918953742	0.00023400866	-0.00249072385
0.05918998062	0.00004790400	-0.00232309172
0.05918983819	-0.00013840102	-0.00215274989
0.05918910797	-0.00032495820	-0.00197968735
0.05918779021	-0.00051145878	-0.00180415862
0.05918588406	-0.00069801741	-0.00162611914
0.05918339389	-0.00088430065	-0.00144584760
0.05918032104	-0.00107037439	-0.00126335487
0.05917667170	-0.00125603589	-0.00107883129
0.05917245224	-0.00144117862	-0.00089242244
0.05916766743	-0.00162580173	-0.00070418154
0.05916233021	-0.00180963644	-0.00051437358
0.05915644781	-0.00199268237	-0.00032308139
0.05915002970	-0.00217487623	-0.00013041078
0.05914309237	-0.00235599761	0.00006339480
0.05913564650	-0.00253602308	0.00025822637
0.05912770631	-0.00271485653	0.00045392983
0.05911928595	-0.00289242608	0.00065037428
0.05911040410	-0.00306858717	0.00084736246
0.05910107670	-0.00324327507	0.00104474955
0.05909132106	-0.00341641267	0.00124238471
0.05908115555	-0.00358791851	0.00144011186
0.05907059923	-0.00375771295	0.00163777731
0.05905967167	-0.00392572053	0.00183522798
0.05904839289	-0.00409186960	0.00203231234
0.05903678098	-0.00425612400	0.00222891417
0.05902486096	-0.00441835814	0.00242484042
0.05901265217	-0.00457853509	0.00261995921
0.05900017427	-0.00473661658	0.00281414546
0.05898744641	-0.00489257258	0.00300729741
0.05897449771	-0.00504625802	0.00319919379
0.05896133804	-0.00519776072	0.00338982742
0.05894800099	-0.00534689437	0.00357894849
0.05893449394	-0.00549377138	0.00376657415
0.05892085006	-0.00563822034	0.00395247654
0.05890708318	-0.00578028119	0.00413659706
0.05889321136	-0.00591994556	0.00431886076
0.05887925846	-0.00605714649	0.00449913700
0.05886524322	-0.00619186896	0.00467733330
0.05885118290	-0.00632411028	0.00485337446
0.05883709589	-0.00645385527	0.00502717924
0.05882299992	-0.00658109262	0.00519867147
0.05880891214	-0.00670581488	0.00536778004
0.05879484669	-0.00682803802	0.00553446368
0.05878082232	-0.00694773540	0.00569864298
0.05876685553	-0.00706489852	0.00586024665
0.05875295637	-0.00717956949	0.00601925847
0.05873913812	-0.00729175927	0.00617564926
0.05872542117	-0.00740141935	0.00632931678
0.05871180602	-0.00750865723	0.00648032416
0.05869831634	-0.00761339337	0.00662855204
0.05868495621	-0.00771569923	0.00677402139
0.05867173235	-0.00781562046	0.00691675112
0.05865866416	-0.00791310426	0.00705665224
0.05864575376	-0.00800822486	0.00719375661
0.05863300961	-0.00810100512	0.00732805933
0.05862043941	-0.00819147018	0.00745955898
0.05860805012	-0.00827964740	0.00758825743
0.05859584805	-0.00836556580	0.00771415997
0.05858383882	-0.00844925610	0.00783727502
0.05857202740	-0.00853075063	0.00795761393
0.05856041805	-0.00861008348	0.00807519060
0.05854901450	-0.00868728963	0.00819002186
0.05853781437	-0.00876244194	0.00830217716
0.05852683016	-0.00883551084	0.00841161107
0.05851606178	-0.00890654891	0.00851835384
0.05850549847	-0.00897567536	0.00862253494
0.05849516290	-0.00904278817	0.00872402912
0.05848503444	-0.00910806490	0.00882301942
0.05847513326	-0.00917141703	0.00891939869
0.05846543685	-0.00923302737	0.00901336727
0.05845596916	-0.00929278050	0.00910479122
0.05844671387	-0.00935081485	0.00919380870
0.05843766860	-0.00940717751	0.00928048214
0.05842884463	-0.00946182940	0.00936476108
0.05842023195	-0.00951486201	0.00944673859
0.05841182908	-0.00956631190	0.00952645672
0.05840363240	-0.00961622707	0.00960397405
0.05839564308	-0.00966462464	0.00967931253
0.05838786000	-0.00971153460	0.00975250310
0.05838027813	-0.00975700902	0.00982360456
0.05837289491	-0.00980108363	0.00989266033
0.05836570753	-0.00984379419	0.00995971358
0.05835871314	-0.00988517580	0.01002480767
0.05835190867	-0.00992526344	0.01008798558
0.05834528787	-0.00996410976	0.01014931643
0.05833885173	-0.01000172382	0.01020881552
0.05833259779	-0.01003813403	0.01026651594
0.05832652083	-0.01007338413	0.01032247086
0.05832061736	-0.01010750665	0.01037672172
0.05831487969	-0.01014055749	0.01042934410
0.05830930543	-0.01017256113	0.01048037845
0.05830390208	-0.01020348483	0.01052978091
0.05829865807	-0.01023340448	0.01057764096
0.05829358450	-0.01026226614	0.01062387600
0.05828925627	-0.01028682182	0.01066399309
0.05828569862	-0.01030696060	0.01070657087
0.05828295791	-0.01032244723	0.01075111015
0.05828107007	-0.01033310079	0.01079708877
0.05828005988	-0.01033879685	0.01084396765
0.05827994066	-0.01033946889	0.01089119718
0.05828071397	-0.01033510906	0.01093822365
0.05828236963	-0.01032576828	0.01098449571
0.05828488586	-0.01031155564	0.01102947087
0.05828822969	-0.01029263716	0.01107262182
0.05829235744	-0.01026923385	0.01111344267
0.05829721551	-0.01024161918	0.01115145483
0.05830274121	-0.01021011591	0.01118621264
0.05830886379	-0.01017509233	0.01121730860
0.05896786993	0.00975926311	-0.00651179596
0.05897442626	0.00971956517	-0.00661672330
0.05897854909	0.00969451637	-0.00665893677
0.05898230866	0.00967161647	-0.00669096008
0.05898597569	0.00964922649	-0.00671764436
0.05898957899	0.00962717357	-0.00674094712
0.05899317249	0.00960512881	-0.00676181966
0.05899682485	0.00958266964	-0.00678075894
0.05900047152	0.00956019144	-0.00679824428
0.05900418937	0.00953721849	-0.00681443554
0.05900799131	0.00951366711	-0.00682949498
0.05901182897	0.00948983361	-0.00684363676
0.05901574744	0.00946543471	-0.00685690591
0.05901977936	0.00944026187	-0.00686932910
0.05902388689	0.00941454599	-0.00688102508
0.05902807735	0.00938823650	-0.00689203763
0.05903236948	0.00936121005	-0.00690238010
0.05903676744	0.00933343398	-0.00691207656
0.05904127516	0.00930487654	-0.00692114552
0.05904589632	0.00927550688	-0.00692960019
0.05905063684	0.00924527925	-0.00693744526
0.05905549480	0.00921419740	-0.00694469527
0.05906047154	0.00918224382	-0.00695135751
0.05906558283	0.00914930734	-0.00695741050
0.05907082235	0.00911541806	-0.00696286697
0.05907619374	0.00908054145	-0.00696772214
0.05908170085	0.00904464065	-0.00697196970
0.05908734650	0.00900768470	-0.00697560198
0.05909313350	0.00896964178	-0.00697861122
0.05909907132	0.00893043497	-0.00698097411
0.05910518754	0.00888986534	-0.00698262521
0.05911141899	0.00884833573	-0.00698367514
0.05911780558	0.00880556434	-0.00698404841
0.05912439927	0.00876118208	-0.00698362300
0.05913109673	0.00871586483	-0.00698258771
0.05913800325	0.00866887952	-0.00698072606
0.05914504231	0.00862072328	-0.00697817202
0.05915228599	0.00857087874	-0.00697476276
0.05915966023	0.00851982988	-0.00697063299
0.05916725511	0.00846692522	-0.00696557378
0.05917499314	0.00841267421	-0.00695972272
0.05918290714	0.00835681771	-0.00695299599
0.05919101288	0.00829921043	-0.00694533045
0.05919930504	0.00823985332	-0.00693670423
0.05920776236	0.00817886156	-0.00692713867
0.05921640253	0.00811606870	-0.00691656607
0.05922522477	0.00805143782	-0.00690495359
0.05923422799	0.00798493174	-0.00689226737
0.05924341079	0.00791651301	-0.00687847273
0.05925277139	0.00784614443	-0.00686353273
0.05926230767	0.00777378861	-0.00684740963
0.05927203600	0.00769926282	-0.00683000830
0.05928192352	0.00762275828	-0.00681136332
0.05929197363	0.00754418735	-0.00679142008
0.05930220410	0.00746334298	-0.00677007087
0.05931259642	0.00738029852	-0.00674729847
0.05932313479	0.00729510647	-0.00672309102
0.05933384479	0.00720747965	-0.00669729817
0.05934468654	0.00711765972	-0.00666996523
0.05935566949	0.00702548215	-0.00664099256
0.05936680271	0.00693077458	-0.00661025700
0.05937804303	0.00683380609	-0.00657781188
0.05938940340	0.00673436440	-0.00654352964
0.05940087342	0.00663243070	-0.00650734477
0.05941244204	0.00652798824	-0.00646919026
0.05942409758	0.00642102224	-0.00642899818
0.05943582772	0.00631151984	-0.00638670015
0.05944761952	0.00619947044	-0.00634222715
0.05945945935	0.00608486593	-0.00629550938
0.05947133301	0.00596770059	-0.00624647695
0.05948322564	0.00584797125	-0.00619505997
0.05949512917	0.00572560085	-0.00614115135
0.05950702386	0.00560062592	-0.00608468547
0.05951887938	0.00547319813	-0.00602566474
0.05953070764	0.00534300931	-0.00596386789
0.05954245554	0.00521045950	-0.00589940416
0.05955414044	0.00507516078	-0.00583201424
0.05956571021	0.00493751633	-0.00576180971
0.05957716996	0.00479726172	-0.00568859451
0.05958849127	0.00465452555	-0.00561234312
0.05959964906	0.00450940483	-0.00553303197
0.05961062921	0.00436185565	-0.00545056839
0.05962141067	0.00421192238	-0.00536489804
0.05963197292	0.00405964357	-0.00527596506
0.05964229403	0.00390508169	-0.00518372923
0.05965235149	0.00374831452	-0.00508816488
0.05966212628	0.00358937148	-0.00498922258
0.05967159918	0.00342828692	-0.00488685474
0.05968074758	0.00326515974	-0.00478105252
0.05968955131	0.00310005886	-0.00467179735
0.05969799102	0.00293304762	-0.00455907253
0.05970604745	0.00276419940	-0.00444287043
0.05971370187	0.00259358991	-0.00432318747
0.05972093996	0.00242120419	-0.00419996108
0.05972773595	0.00224732245	-0.00407331671
0.05973407742	0.00207193021	-0.00394322508
0.05973995136	0.00189502269	-0.00380964142
0.05974533699	0.00171685994	-0.00367269424
0.05975022244	0.00153747129	-0.00353239283
0.05975459699	0.00135684889	-0.00338870492
0.05975844335	0.00117530771	-0.00324181839
0.05976175527	0.00099272680	-0.00309165331
0.05976451957	0.00080938295	-0.00293838033
0.05976672931	0.00062527435	-0.00278200950
0.05976837642	0.00044054519	-0.00262263640
0.05976945465	0.00025532408	-0.00246036592
0.05976995942	0.00006964822	-0.00229523706
0.05976988694	-0.00011625697	-0.00212743032
0.05976923481	-0.00030244075	-0.00195693667
0.05976800291	-0.00048859827	-0.00178400430
0.05976619020	-0.00067484039	-0.00160859197
0.05976380057	-0.00086083784	-0.00143097137
0.05976083514	-0.00104665347	-0.00125115533
0.05975729967	-0.00123208625	-0.00106933017
0.05975320014	-0.00141702955	-0.00088563924
0.05974854107	-0.00160148058	-0.00070013642
0.05974333483	-0.00178517323	-0.00051308064
0.05973758836	-0.00196810500	-0.00032455485
0.05973131080	-0.00215021170	-0.00013466396
0.05972451807	-0.00233127458	0.00005635372
0.05971722055	-0.00251126845	0.00024838978
0.05970943208	-0.00269009672	0.00044129224
0.05970116643	-0.00286768662	0.00063493168
0.05969244182	-0.00304389391	0.00082911432
0.05968327382	-0.00321865279	0.00102369701
0.05967367941	-0.00339188533	0.00121853085
0.05966367656	-0.00356350933	0.00141346185
0.05965328401	-0.00373344440	0.00160833837
0.05964252096	-0.00390161428	0.00180300936
0.05963140709	-0.00406794646	0.00199732529
0.05961996026	-0.00423240347	0.00219117091
0.05960820503	-0.00439485979	0.00238435661
0.05959616053	-0.00455527718	0.00257675190
0.05958384615	-0.00471361617	0.00276823297
0.05957128088	-0.00486984547	0.00295869888
0.05955849332	-0.00502382055	0.00314793281
0.05954549347	-0.00517562623	0.00333592533
0.05953231433	-0.00532507749	0.00352243225
0.05951896347	-0.00547228352	0.00370746784
0.05950547352	-0.00561707409	0.00389080939
0.05949185834	-0.00575948709	0.00407239784
0.05947813587	-0.00589951302	0.00425215872
0.05946432971	-0.00603708471	0.00442996369
0.05945045852	-0.00617218617	0.00460572127
0.05943653947	-0.00630481366	0.00477935692
0.05942259085	-0.00643495119	0.00495079035
0.05940863032	-0.00656258669	0.00511994627
0.05939467492	-0.00668771193	0.00528675438
0.05938073883	-0.00681034186	0.00545117346
0.05936684066	-0.00693044951	0.00561312541
0.05935299683	-0.00704802581	0.00577253999
0.05933921748	-0.00716311165	0.00592940044
0.05932551590	-0.00727571734	0.00608367768
0.05931191228	-0.00738579457	0.00623527182
0.05929840742	-0.00749344895	0.00638424326
0.05928502469	-0.00759860172	0.00653047582
0.05927176836	-0.00770132300	0.00667398913
0.05925864526	-0.00780165765	0.00681480119
0.05924567457	-0.00789955344	0.00695282541
0.05923285863	-0.00799508340	0.00708809226
0.05922020591	-0.00808827004	0.00722059681
0.05920772415	-0.00817913814	0.00735033757
0.05919542037	-0.00826771473	0.00747731628
0.05918330092	-0.00835402851	0.00760153808
0.05917137147	-0.00843810990	0.00772301118
0.05915963704	-0.00851999094	0.00784174669
0.05914810197	-0.00859970544	0.00795775825
0.05913677004	-0.00867728814	0.00807106236
0.05912563907	-0.00875281122	0.00818172670
0.05911472139	-0.00882624579	0.00828970759
0.05910401705	-0.00889764400	0.00839503461
0.05909351563	-0.00896712387	0.00849783375
0.05908323936	-0.00903458507	0.00859798407
0.05907316820	-0.00910020323	0.00869566343
0.05906332191	-0.00916389135	0.00879076850
0.05905367858	-0.00922583035	0.00888349406
0.05904426167	-0.00928590672	0.00897371088
0.05903505528	-0.00934425750	0.00906155336
0.05902605713	-0.00940092971	0.00914708279
0.05901727827	-0.00945588522	0.00923025087
0.05900870897	-0.00950921480	0.00931114841
0.05900034778	-0.00956095505	0.00938981686
0.05899219119	-0.00961115387	0.00946631375
0.05898424035	-0.00965982869	0.00954066109
0.05897649417	-0.00970700959	0.00961288956
0.05896894773	-0.00975274849	0.00968305683
0.05896159852	-0.00979708118	0.00975120574
0.05895444380	-0.00984004349	0.00981737887
0.05894748075	-0.00988167058	0.00988161897
0.05894070635	-0.00992199750	0.00994396845
0.05893411448	-0.00996107679	0.01000449509
0.05892770606	-0.00999891789	0.01006321444
0.05892147868	-0.01003554933	0.01012015929
0.05891542719	-0.01007101480	0.01017538188
0.05890954815	-0.01010534692	0.01022892308
0.05890383401	-0.01013860140	0.01028085693
0.05889828238	-0.01017080294	0.01033122342
0.05889290056	-0.01020191963	0.01037998061
0.05888767720	-0.01023202685	0.01042721589
0.05888262314	-0.01026107169	0.01047284961
0.05887834206	-0.01028560821	0.01051218533
0.05887480940	-0.01030580992	0.01055398339
0.05887207114	-0.01032144076	0.01059775377
0.05887016309	-0.01033231811	0.01064298329
0.05886911027	-0.01033831492	0.01068914168
0.05886892653	-0.01033936115	0.01073568778
0.05886961428	-0.01033544457	0.01078207586
0.05887116448	-0.01032661093	0.01082776208
0.05887355676	-0.01031296341	0.01087221081
0.05887675981	-0.01029466144	0.01091490092
0.05888073185	-0.01027191887	0.01095533192
0.05888542133	-0.01024500145	0.01099302978
0.05889076780	-0.01021422383	0.01102755253
0.05889670281	-0.01017994586	0.01105849543
0.05955142758	0.00972332625	-0.00641736215
0.05955778705	0.00968429664	-0.00652089061
0.05956179952	0.00965958785	-0.00656254738
0.05956546265	0.00963697353	-0.00659415028
0.05956903774	0.00961485013	-0.00662048716
0.05957255258	0.00959304848	-0.00664348799
0.05957605928	0.00957124657	-0.00666409162
0.05957962415	0.00954903066	-0.00668278954
0.05958318488	0.00952678748	-0.00670005244
0.05958681575	0.00950405117	-0.00671603979
0.05959052925	0.00948073959	-0.00673091178
0.05959427872	0.00945714245	-0.00674487819
0.05959810775	0.00943298218	-0.00675798446
0.05960204789	0.00940805439	-0.00677025774
0.05960606265	0.00938258471	-0.00678181398
0.05961015913	0.00935652333	-0.00679269646
0.05961435549	0.00932974919	-0.00680291877
0.05961865579	0.00930222992	-0.00681250469
0.05962306388	0.00927393412	-0.00682147252
0.05962758335	0.00924483117	-0.00682983531
0.05963222000	0.00921487591	-0.00683759780
0.05963697200	0.00918407161	-0.00684477418
0.05964184069	0.00915240070	-0.00685137164
0.05964684139	0.00911975395	-0.00685736937
0.05965196803	0.00908616036	-0.00686277970
0.05965722418	0.00905158569	-0.00686759795
0.05966261361	0.00901599339	-0.00687181795
0.05966813912	0.00897935267	-0.00687543216
0.05967380346	0.00894163190	-0.00687843295
0.05967961586	0.00890275527	-0.00688079760
0.05968560300	0.00886252754	-0.00688246245
0.05969170392	0.00882134250	-0.00688353442
0.05969795723	0.00877892377	-0.00688394032
0.05970441321	0.00873490949	-0.00688356161
0.05971097205	0.00868996070	-0.00688258083
0.05971773557	0.00864335921	-0.00688078817
0.05972462988	0.00859559106	-0.00687831297
0.05973172469	0.00854614919	-0.00687499725
0.05973894847	0.00849550677	-0.00687097111
0.05974638836	0.00844302537	-0.00686603186
0.05975396950	0.00838920309	-0.00686031227
0.05976172369	0.00833378557	-0.00685373089
0.05976966620	0.00827662991	-0.00684622612
0.05977779194	0.00821773635	-0.00683777623
0.05978608042	0.00815721694	-0.00682840142
0.05979454878	0.00809490802	-0.00681803569
0.05980319631	0.00803077272	-0.00680664669
0.05981202201	0.00796477392	-0.00679420107
0.05982102455	0.00789687420	-0.00678066465
0.05983020225	0.00782703639	-0.00676600103
0.05983955309	0.00775522312	-0.00675017304
0.05984909294	0.00768125470	-0.00673308782
0.05985879004	0.00760531757	-0.00671477808
0.05986864769	0.00752732516	-0.00669519028
0.05987868310	0.00744707392	-0.00667421935
0.05988887837	0.00736463489	-0.00665184767
0.05989921824	0.00728005867	-0.00662806297
0.05990972744	0.00719306323	-0.00660271871
0.05992036737	0.00710388443	-0.00657585775
0.05993114718	0.00701236034	-0.00654738275
0.05994207562	0.00691832132	-0.00651717329
0.05995311089	0.00682203014	-0.00648527991
0.05996426546	0.00672327806	-0.00645157810
0.05997552925	0.00662204588	-0.00641600323
0.05998689150	0.00651831639	-0.00637848921
0.05999834083	0.00641207434	-0.00633896898
0.06000986526	0.00630330635	-0.00629737509
0.06002145217	0.00619200128	-0.00625363942
0.06003308827	0.00607815043	-0.00620769304
0.06004475970	0.00596174748	-0.00615946699
0.06005645195	0.00584278863	-0.00610889224
0.06006815710	0.00572119766	-0.00605586373
0.06007985588	0.00559700970	-0.00600031641
0.06009151872	0.00547037273	-0.00594225135
0.06010315706	0.00534098414	-0.00588145283
0.06011471922	0.00520923539	-0.00581802527
0.06012622187	0.00507474573	-0.00575171619
0.06013761424	0.00493790981	-0.00568263225
0.06014890111	0.00479846797	-0.00561058237
0.06016005470	0.00465654583	-0.00553554039
0.06017105041	0.00451223806	-0.00545748229
0.06018187433	0.00436550130	-0.00537631715
0.06019250577	0.00421637874	-0.00529199118
0.06020292454	0.00406490792	-0.00520444909
0.06021310909	0.00391114989	-0.00511365087
0.06022303726	0.00375518079	-0.00501957071
0.06023269029	0.00359702940	-0.00492215982
0.06024204919	0.00343672938	-0.00482137127
0.06025109169	0.00327437777	-0.00471719572
0.06025979785	0.00311004230	-0.00460961452
0.06026814854	0.00294378529	-0.00449861100
0.06027612468	0.00277567897	-0.00438417732
0.06028370772	0.00260579797	-0.00426630965
0.06029088340	0.00243412799	-0.00414494703
0.06029762624	0.00226094444	-0.00402021079
0.06030392383	0.00208623370	-0.00389207275
0.06030976315	0.00190999171	-0.00376048953
0.06031512358	0.00173247438	-0.00362558573
0.06031999321	0.00155371132	-0.00348737086
0.06032436125	0.00137369569	-0.00334581404
0.06032821046	0.00119273761	-0.00320109782
0.06033153443	0.00101071942	-0.00305314558
0.06033431991	0.00082791394	-0.00290212338
0.06033655982	0.00064432063	-0.00274804205
0.06033824595	0.00046008231	-0.00259099518
0.06033937185	0.00027532663	-0.00243108570
0.06033993274	0.00009009154	-0.00226835270
0.06033992458	-0.00009540007	-0.00210297253
0.06033934479	-0.00028119505	-0.00193493806
0.06033819286	-0.00046699229	-0.00176449142
0.06033646760	-0.00065289905	-0.00159159455
0.06033417246	-0.00083859007	-0.00141651248
0.06033130835	-0.00102412533	-0.00123925985
0.06032788062	-0.00120930543	-0.00106001917
0.06032389492	-0.00139402370	-0.00087893167
0.06031935549	-0.00157827551	-0.00069605181
0.06031427418	-0.00176179733	-0.00051163278
0.06030865767	-0.00194458467	-0.00032575763
0.06030251479	-0.00212657248	-0.00013853034
0.06029586091	-0.00230754365	0.00004981562
0.06028870613	-0.00248747133	0.00023917240
0.06028106391	-0.00266625850	0.00042939011
0.06027294768	-0.00284383159	0.00062034072
0.06026437520	-0.00302004665	0.00081183378
0.06025536173	-0.00319483693	0.00100372775
0.06024592387	-0.00336812372	0.00119587560
0.06023607926	-0.00353982416	0.00138812533
0.06022584628	-0.00370985716	0.00158032730
0.06021524380	-0.00387814572	0.00177233240
0.06020429118	-0.00404461658	0.00196399302
0.06019300603	-0.00420923098	0.00215519484
0.06018141249	-0.00437186354	0.00234575156
0.06016952943	-0.00453247480	0.00253553402
0.06015737604	-0.00469102413	0.00272441968
0.06014497108	-0.00484747908	0.00291230835
0.06013234271	-0.00500169569	0.00309898746
0.06011950100	-0.00515375589	0.00328444552
0.06010647838	-0.00530347596	0.00346844363
0.06009328260	-0.00545096198	0.00365099340
0.06007994575	-0.00559604492	0.00383187698
0.06006648171	-0.00573876073	0.00401103495
0.06005290832	-0.00587909881	0.00418839328
0.06003924891	-0.00601699183	0.00436382583
0.06002552201	-0.00615242290	0.00453724212
0.06001174474	-0.00628538727	0.00470856821
0.05999793526	-0.00641586821	0.00487772476
0.05998411114	-0.00654385291	0.00504463731
0.05997028935	-0.00666933243	0.00520923637
0.05995648404	-0.00679232076	0.00537148074
0.05994271370	-0.00691279061	0.00553129362
0.05992899467	-0.00703073238	0.00568860576
0.05991533717	-0.00714618580	0.00584339990
0.05990175446	-0.00725916058	0.00599564708
0.05988826654	-0.00736960861	0.00614524959
0.05987487449	-0.00747763365	0.00629226534
0.05986160137	-0.00758315773	0.00643658109
0.05984845165	-0.00768624971	0.00657821528
0.05983543225	-0.00778695365	0.00671718499
0.05982256212	-0.00788521790	0.00685340596
0.05980984379	-0.00798111435	0.00698690732
0.05979728575	-0.00807466513	0.00711768412
0.05978489578	-0.00816589472	0.00724573480
0.05977268092	-0.00825482982	0.00737106099
0.05976064757	-0.00834149881	0.00749366769
0.05974880143	-0.00842593183	0.00761356291
0.05973714759	-0.00850816065	0.00773075753
0.05972569043	-0.00858821881	0.00784526493
0.05971443380	-0.00866614078	0.00795710133
0.05970337569	-0.00874199811	0.00806633271
0.05969252826	-0.00881576256	0.00817291705
0.05968189169	-0.00888748586	0.00827688327
0.05967145589	-0.00895728487	0.00837835410
0.05966124266	-0.00902506091	0.00847721265
0.05965123253	-0.00909098771	0.00857363188
0.05964144486	-0.00915497977	0.00866751207
0.05963185832	-0.00921721612	0.00875904274
0.05962249587	-0.00927758513	0.00884809909
0.05961334204	-0.00933622248	0.00893481198
0.05960439465	-0.00939317512	0.00901924161
0.05959566450	-0.00944840584	0.00910134170
0.05958714213	-0.00950200468	0.00918120093
0.05957882615	-0.00955400828	0.00925886017
0.05957071313	-0.00960446444	0.00933437596
0.05956280421	-0.00965339087	0.00940777034
0.05955509831	-0.00970081775	0.00947907373
0.05954759064	-0.00974679683	0.00954834276
0.05954027873	-0.00979136397	0.00961561969
0.05953315990	-0.00983455502	0.00968094652
0.05952623136	-0.00987640522	0.00974436545
0.05951949016	-0.00991694967	0.00980591831
0.05951293027	-0.00995624078	0.00986567162
0.05950655258	-0.00999428836	0.00992364117
0.05950035471	-0.01003112106	0.00997985943
0.05949433158	-0.01006678251	0.01003437775
0.05948847981	-0.01010130538	0.01008723649
0.05948279196	-0.01013474523	0.01013850820
0.05947726566	-0.01016712693	0.01018823243
0.05947190801	-0.01019841937	0.01023636903
0.05946670790	-0.01022869745	0.01028300343
0.05946167588	-0.01025790923	0.01032805876
0.05945744274	-0.01028241716	0.01036664855
0.05945393694	-0.01030266869	0.01040770114
0.05945120403	-0.01031842717	0.01045073522
0.05944927968	-0.01032950846	0.01049524626
0.05944818910	-0.01033578311	0.01054071240
0.05944794660	-0.01033717782	0.01058660059
0.05944855536	-0.01033367629	0.01063237285
0.05945000739	-0.01032531943	0.01067749252
0.05945228365	-0.01031220486	0.01072143063
0.05945535436	-0.01029448581	0.01076367203
0.05945917951	-0.01027236932	0.01080372150
0.05946370952	-0.01024611388	0.01084110948
0.05946888602	-0.01021602639	0.01087539763
0.05947464279	-0.01018245867	0.01090618396
0.06014498715	0.00968642971	-0.00632374042
0.06015115419	0.00964805936	-0.00642587822
0.06015505841	0.00962368679	-0.00646698136
0.06015862680	0.00960135520	-0.00649816613
0.06016211149	0.00957949589	-0.00652415740
0.06016553930	0.00955794332	-0.00654685780
0.06016896054	0.00953638230	-0.00656719381
0.06017243925	0.00951440772	-0.00658565143
0.06017591531	0.00949239782	-0.00660269288
0.06017946045	0.00946989650	-0.00661847714
0.06018308678	0.00944682306	-0.00663316237
0.06018674927	0.00942346075	-0.00664695401
0.06019049005	0.00939953764	-0.00665989794
0.06019433963	0.00937485339	-0.00667202168
0.06019826283	0.00934962849	-0.00668343848
0.06020226653	0.00932381385	-0.00669419113
0.06020636832	0.00929729064	-0.00670429343
0.06021057218	0.00927002686	-0.00671376886
0.06021488184	0.00924199137	-0.00672263551
0.06021930086	0.00921315384	-0.00673090630
0.06022383485	0.00918346968	-0.00673858597
0.06022848212	0.00915294167	-0.00674568843
0.06023324402	0.00912155221	-0.00675222070
0.06023813537	0.00908919396	-0.00675816268
0.06024315038	0.00905589487	-0.00676352628
0.06024829255	0.00902162096	-0.00676830692
0.06025356558	0.00898633600	-0.00677249857
0.06025897221	0.00895000938	-0.00677609383
0.06026451517	0.00891260965	-0.00677908519
0.06027020343	0.00887406210	-0.00678145049
0.06027606283	0.00883417513	-0.00678312782
0.06028203450	0.00879333363	-0.00678422052
0.06028815583	0.00875126654	-0.00678465762
0.06029447544	0.00870761914	-0.00678432397
0.06030089697	0.00866303785	-0.00678339605
0.06030751883	0.00861681916	-0.00678167049
0.06031426970	0.00856943819	-0.00677927219
0.06032121698	0.00852039803	-0.00677604786
0.06032829162	0.00847016119	-0.00677212311
0.06033557787	0.00841810214	-0.00676730136
0.06034300344	0.00836470777	-0.00676171067
0.06035059911	0.00830972846	-0.00675527193
0.06035837971	0.00825302365	-0.00674792501
0.06036634035	0.00819459288	-0.00673964835
0.06037446128	0.00813454516	-0.00673046104
0.06038275912	0.00807271956	-0.00672029874
0.06039123321	0.00800907928	-0.00670912958
0.06039988263	0.00794358724	-0.00669692072
0.06040870614	0.00787620607	-0.00668363848
0.06041770215	0.00780689864	-0.00666924700
0.06042686874	0.00773562761	-0.00665370966
0.06043622127	0.00766221628	-0.00663693581
0.06044572906	0.00758684640	-0.00661895638
0.06045539533	0.00750943247	-0.00659971888
0.06046523673	0.00742977438	-0.00657912080
0.06047523596	0.00734794088	-0.00655714414
0.06048537826	0.00726398077	-0.00653377627
0.06049568756	0.00717761705	-0.00650887434
0.06050612652	0.00708907988	-0.00648247889
0.06051670396	0.00699820992	-0.00645449480
0.06052742834	0.00690484021	-0.00642480432
0.06053825917	0.00680922729	-0.00639345532
0.06054920851	0.00671116595	-0.00636032625
0.06056026654	0.00661063661	-0.00632535338
0.06057142281	0.00650762160	-0.00628847149
0.06058266624	0.00640210521	-0.00624961445
0.06059398516	0.00629407358	-0.00620871568
0.06060536727	0.00618351503	-0.00616570796
0.06061679963	0.00607042032	-0.00612052328
0.06062826870	0.00595478252	-0.00607309353
0.06063976033	0.00583659720	-0.00602335059
0.06065126673	0.00571578902	-0.00597119137
0.06066276910	0.00559239171	-0.00591655141
0.06067423864	0.00546654963	-0.00585943048
0.06068568631	0.00533796567	-0.00579961833
0.06069706182	0.00520702281	-0.00573721464
0.06070838118	0.00507334743	-0.00567197365
0.06071959498	0.00493732573	-0.00560399721
0.06073070765	0.00479870279	-0.00553309916
0.06074169203	0.00465760127	-0.00545925271
0.06075252405	0.00451411357	-0.00538243339
0.06076318998	0.00436819689	-0.00530255207
0.06077366947	0.00421989322	-0.00521955544
0.06078394272	0.00406923914	-0.00513338883
0.06079398851	0.00391629430	-0.00504401245
0.06080378505	0.00376113322	-0.00495140034
0.06081331384	0.00360378405	-0.00485550437
0.06082255615	0.00344427980	-0.00475627825
0.06083149002	0.00328271566	-0.00465371218
0.06084009576	0.00311915819	-0.00454778745
0.06084835447	0.00295366869	-0.00443848740
0.06085624726	0.00278631830	-0.00432580399
0.06086375577	0.00261718053	-0.00420973318
0.06087086578	0.00244624176	-0.00409021556
0.06087755217	0.00227377265	-0.00396736847
0.06088380249	0.00209976045	-0.00384116479
0.06088960377	0.00192420177	-0.00371156248
0.06089493553	0.00174734844	-0.00357868236
0.06089978585	0.00156923036	-0.00344253415
0.06090414387	0.00138984166	-0.00330308828
0.06090799241	0.00120948768	-0.00316052211
0.06091132493	0.00102805396	-0.00301476226
0.06091412813	0.00084580944	-0.00286597028
0.06091639481	0.00066275477	-0.00271415776
0.06091811659	0.00047903144	-0.00255941634
0.06091928687	0.00029476612	-0.00240184701
0.06091990069	0.00010999750	-0.00224148892
0.06091995377	-0.00007505406	-0.00207851439
0.06091944332	-0.00026043303	-0.00191291807
0.06091836853	-0.00044584204	-0.00174493621
0.06091672802	-0.00063138480	-0.00157453377
0.06091452483	-0.00081674005	-0.00140196930
0.06091175967	-0.00100196491	-0.00122725917
0.06090843751	-0.00118686168	-0.00105058214
0.06090456363	-0.00137132364	-0.00087207735
0.06090014207	-0.00155534435	-0.00069179977
0.06089518414	-0.00173866287	-0.00050999698
0.06088969626	-0.00192127279	-0.00032675206
0.06088368694	-0.00210310820	-0.00014216810
0.06087717105	-0.00228395368	0.00004352621
0.06087015841	-0.00246378074	0.00023022364
0.06086266209	-0.00264249197	0.00041777631
0.06085469519	-0.00282001301	0.00060605763
0.06084627502	-0.00299620029	0.00079488041
0.06083741651	-0.00317098608	0.00098410476
0.06082813591	-0.00334429098	0.00117358546
0.06081845051	-0.00351603148	0.00136317254
0.06080837834	-0.00368612581	0.00155271831
0.06079793794	-0.00385449632	0.00174207561
0.06078714835	-0.00402106897	0.00193109874
0.06077602691	-0.00418580378	0.00211967433
0.06076459735	-0.00434857556	0.00230761934
0.06075287829	-0.00450934363	0.00249480594
0.06074088868	-0.00466806626	0.00268111285
0.06072864707	-0.00482470987	0.00286644070
0.06071618115	-0.00497913108	0.00305058105
0.06070350107	-0.00513140900	0.00323352045
0.06069063868	-0.00528136122	0.00341502519
0.06067760191	-0.00542909074	0.00359510433
0.06066442230	-0.00557442977	0.00377354480
0.06065111373	-0.00571741232	0.00395028681
0.06063769391	-0.00585802675	0.00412525684
0.06062418592	-0.00599620559	0.00429833088
0.06061060816	-0.00613193106	0.00446941948
0.06059697766	-0.00626519743	0.00463844931
0.06058331245	-0.00639598726	0.00480534196
0.06056963000	-0.00652428703	0.00497002382
0.06055594720	-0.00665008709	0.00513242619
0.06054227817	-0.00677340047	0.00529250793
0.06052864125	-0.00689419961	0.00545019350
0.06051505270	-0.00701247440	0.00560541466
0.06050152280	-0.00712826340	0.00575815366
0.06048806478	-0.00724157574	0.00590838166
0.06047469843	-0.00735236353	0.00605600314
0.06046142512	-0.00746072869	0.00620107351
0.06044826759	-0.00756659406	0.00634348249
0.06043523048	-0.00767002721	0.00648324729
0.06042232078	-0.00777107144	0.00662038417
0.06040955723	-0.00786967568	0.00675481108
0.06039694253	-0.00796591066	0.00688655590
0.06038448520	-0.00805979820	0.00701561365
0.06037219303	-0.00815136242	0.00714198270
0.06036007308	-0.00824062971	0.00726566458
0.06034813178	-0.00832762814	0.00738666414
0.06033637489	-0.00841238757	0.00750498920
0.06032480753	-0.00849493948	0.00762065042
0.06031343412	-0.00857531715	0.00773366093
0.06030225858	-0.00865355480	0.00784403665
0.06029127906	-0.00872972331	0.00795184191
0.06028050756	-0.00880379513	0.00805703632
0.06026994435	-0.00887582152	0.00815964814
0.06025957972	-0.00894591821	0.00825979690
0.06024943500	-0.00901398815	0.00835736967
0.06023949129	-0.00908020315	0.00845253462
0.06022976755	-0.00914447924	0.00854519554
0.06022024303	-0.00920699352	0.00863553682
0.06021094019	-0.00926763627	0.00872343796
0.06020184398	-0.00932654178	0.00880902638
0.06019295230	-0.00938375690	0.00889236118
0.06018427575	-0.00943924536	0.00897339806
0.06017580510	-0.00949309647	0.00905222359
0.06016753903	-0.00954534690	0.00912887810
0.06015947418	-0.00959604433	0.00920341713
0.06015161167	-0.00964520674	0.00927586275
0.06014395048	-0.00969286441	0.00934624511
0.06013648590	-0.00973906891	0.00941461981
0.06012921552	-0.00978385614	0.00948102854
0.06012213670	-0.00982726201	0.00954551275
0.06011524671	-0.00986932179	0.00960811404
0.06010854265	-0.00991007064	0.00966887369
0.06010201860	-0.00994956081	0.00972785698
0.06009567540	-0.00998780249	0.00978507993
0.06008951069	-0.01002482445	0.00984057468
0.06008351949	-0.01006067023	0.00989439171
0.06007769846	-0.01009537257	0.00994657084
0.06007204030	-0.01012898682	0.00999718319
0.06006654264	-0.01016153804	0.01004626786
0.06006121239	-0.01019299594	0.01009378645
0.06005603865	-0.01022343491	0.01013982246
0.06005103172	-0.01025280398	0.01018430170
0.06004684876	-0.01027727365	0.01022215408
0.06004337236	-0.01029756455	0.01026246858
0.06004064761	-0.01031343950	0.01030477255
0.06003871002	-0.01032471302	0.01034857001
0.06003758493	-0.01033125337	0.01039334749
0.06003728707	-0.01033298415	0.01043858000
0.06003782036	-0.01032988513	0.01048373724
0.06003917780	-0.01032199252	0.01052828977
0.06004134161	-0.01030939853	0.01057171527
0.06004428352	-0.01029225032	0.01061350460
0.06004796524	-0.01027074828	0.01065316783
0.06005233909	-0.01024514373	0.01069023993
0.06005734874	-0.01021573602	0.01072428628
0.06006293015	-0.01018286901	0.01075490772
0.06072808094	0.00964988522	-0.00623408086
0.06073406627	0.00961214310	-0.00633488332
0.06073786790	0.00958809174	-0.00637545468
0.06074134637	0.00956603056	-0.00640623777
0.06074474521	0.00954442399	-0.00643189693
0.06074809031	0.00952310997	-0.00645430861
0.06075143028	0.00950177975	-0.00647438737
0.06075482704	0.00948003647	-0.00649261393
0.06075822250	0.00945825030	-0.00650944242
0.06076168602	0.00943597437	-0.00652503132
0.06076522932	0.00941312941	-0.00653953683
0.06076880895	0.00938999250	-0.00655316027
0.06077246563	0.00936629708	-0.00656594789
0.06077622891	0.00934184667	-0.00657792758
0.06078006481	0.00931685686	-0.00658921003
0.06078398004	0.00929127927	-0.00659983750
0.06078799164	0.00926499719	-0.00660982403
0.06079210348	0.00923797894	-0.00661919282
0.06079631923	0.00921019367	-0.00662796173
0.06080064238	0.00918161131	-0.00663614354
0.06080507839	0.00915218782	-0.00664374305
0.06080962568	0.00912192552	-0.00665077382
0.06081428559	0.00909080678	-0.00665724278
0.06081907252	0.00905872605	-0.00666313046
0.06082398091	0.00902571031	-0.00666844838
0.06082901419	0.00899172581	-0.00667319206
0.06083417599	0.00895673665	-0.00667735561
0.06083946902	0.00892071237	-0.00668093175
0.06084489597	0.00888362171	-0.00668391310
0.06085046555	0.00884539101	-0.00668627801
0.06085620281	0.00880583213	-0.00668796624
0.06086205089	0.00876532150	-0.00668907773
0.06086804599	0.00872359314	-0.00668954365
0.06087423517	0.00868029909	-0.00668925201
0.06088052531	0.00863607192	-0.00668837359
0.06088701163	0.00859022204	-0.00668671111
0.06089362521	0.00854321422	-0.00668438525
0.06090043128	0.00849456118	-0.00668124719
0.06090736313	0.00844471533	-0.00667741830
0.06091450227	0.00839306338	-0.00667270774
0.06092177886	0.00834008160	-0.00666723918
0.06092922269	0.00828552486	-0.00666093567
0.06093684817	0.00822925484	-0.00665373850
0.06094465062	0.00817127042	-0.00664562625
0.06095261097	0.00811167772	-0.00663661701
0.06096074535	0.00805031841	-0.00662664798
0.06096905316	0.00798715577	-0.00661568777
0.06097753353	0.00792215276	-0.00660370399
0.06098618533	0.00785527208	-0.00659066348
0.06099500702	0.00778647663	-0.00657653088
0.06100399679	0.00771572909	-0.00656127010
0.06101316954	0.00764285563	-0.00654479258
0.06102249559	0.00756803357	-0.00652712757
0.06103197806	0.00749117838	-0.00650822359
0.06104163311	0.00741209327	-0.00648798056
0.06105144400	0.00733084484	-0.00646638013
0.06106139641	0.00724748011	-0.00644340931
0.06107151355	0.00716172693	-0.00641892879
0.06108175924	0.00707381004	-0.00639297690
0.06109214200	0.00698357256	-0.00636546062
0.06110267003	0.00689085010	-0.00633626476
0.06111330407	0.00679589327	-0.00630543466
0.06112405578	0.00669850024	-0.00627285159
0.06113491559	0.00659865104	-0.00623845267
0.06114587335	0.00649632763	-0.00620217354
0.06115691826	0.00639151383	-0.00616394892
0.06116803895	0.00628419534	-0.00612371310
0.06117922342	0.00617435999	-0.00608139972
0.06119045906	0.00606199800	-0.00603694163
0.06120173265	0.00594710190	-0.00599027158
0.06121303037	0.00582966667	-0.00594132229
0.06122434454	0.00570961779	-0.00588999255
0.06123565684	0.00558698768	-0.00583621850
0.06124693919	0.00546191727	-0.00577999867
0.06125820207	0.00533411468	-0.00572112797
0.06126939655	0.00520395485	-0.00565970169
0.06128053802	0.00507107093	-0.00559548037
0.06129157832	0.00493584108	-0.00552856139
0.06130252158	0.00479801494	-0.00545876318
0.06131334126	0.00465771231	-0.00538605841
0.06132401375	0.00451502348	-0.00531042224
0.06133452552	0.00436990612	-0.00523176717
0.06134485658	0.00422240117	-0.00515004041
0.06135498744	0.00407254425	-0.00506518788
0.06136489724	0.00392039369	-0.00497716998
0.06137456456	0.00376602248	-0.00488596066
0.06138397113	0.00360945817	-0.00479151242
0.06139309848	0.00345073315	-0.00469377957
0.06140192496	0.00328994085	-0.00459275188
0.06141043115	0.00312714671	-0.00448841063
0.06141859833	0.00296241109	-0.00438073914
0.06142640784	0.00279580405	-0.00426972922
0.06143384148	0.00262739807	-0.00415537660
0.06144088513	0.00245718015	-0.00403762336
0.06144751396	0.00228541643	-0.00391658309
0.06145371555	0.00211209497	-0.00379222966
0.06145947694	0.00193721305	-0.00366452229
0.06146477783	0.00176101859	-0.00353357823
0.06146960627	0.00158354174	-0.00339940739
0.06147395139	0.00140477756	-0.00326198144
0.06147779607	0.00122502682	-0.00312147287
0.06148113363	0.00104417813	-0.00297781130
0.06148395075	0.00086249667	-0.00283115404
0.06148624010	0.00067998426	-0.00268151339
0.06148799321	0.00049678107	-0.00252897913
0.06148920330	0.00031301286	-0.00237365039
0.06148986527	0.00012871896	-0.00221556639
0.06148997461	-0.00005588266	-0.00205489562
0.06148952837	-0.00024083424	-0.00189163440
0.06148852542	-0.00042584198	-0.00172601338
0.06148696424	-0.00061100621	-0.00155800039
0.06148484747	-0.00079600954	-0.00138784781
0.06148217565	-0.00098090638	-0.00121557363
0.06147895338	-0.00116550065	-0.00104135305
0.06147518563	-0.00134968561	-0.00086532320
0.06147087621	-0.00153345313	-0.00068753951
0.06146603594	-0.00171654477	-0.00050824425
0.06146067100	-0.00189895230	-0.00032752049
0.06145478961	-0.00208060902	-0.00014547044
0.06144840614	-0.00226130113	0.00003768177
0.06144153014	-0.00244099863	0.00022182947
0.06143417433	-0.00261960375	0.00040682677
0.06142635151	-0.00279704140	0.00059254843
0.06141807852	-0.00297316840	0.00077881041
0.06140937000	-0.00314791613	0.00096547436
0.06140024186	-0.00332120453	0.00115239685
0.06139071105	-0.00349294950	0.00133942983
0.06138079527	-0.00366306868	0.00152642750
0.06137051272	-0.00383148377	0.00171324457
0.06135988214	-0.00399812006	0.00189973717
0.06134892061	-0.00416293642	0.00208579288
0.06133765146	-0.00432580783	0.00227123174
0.06132609306	-0.00448669252	0.00245592723
0.06131426414	-0.00464554770	0.00263975930
0.06130218302	-0.00480233875	0.00282262935
0.06128987694	-0.00495692286	0.00300433291
0.06127735611	-0.00510937646	0.00318485467
0.06126465185	-0.00525951842	0.00336396589
0.06125177220	-0.00540744882	0.00354167322
0.06123874818	-0.00555300106	0.00371776811
0.06122559368	-0.00569620734	0.00389219050
0.06121232628	-0.00583705503	0.00406486734
0.06119896878	-0.00597547652	0.00423567668
0.06118553946	-0.00611145323	0.00440453003
0.06117205525	-0.00624497850	0.00457135469
0.06115853406	-0.00637603420	0.00473607311
0.06114499324	-0.00650460616	0.00489861254
0.06113144959	-0.00663068407	0.00505890503
0.06111791719	-0.00675428005	0.00521690952
0.06110441423	-0.00687536629	0.00537255167
0.06109095688	-0.00699393218	0.00552576419
0.06107755548	-0.00711001521	0.00567652890
0.06106422322	-0.00722362392	0.00582481708
0.06105097968	-0.00733471067	0.00597053527
0.06103782647	-0.00744337561	0.00611373659
0.06102478603	-0.00754954235	0.00625431348
0.06101186317	-0.00765327725	0.00639228205
0.06099906494	-0.00775462288	0.00652765778
0.06098640985	-0.00785352870	0.00666036072
0.06097390078	-0.00795006439	0.00679041755
0.06096154624	-0.00804425140	0.00691782328
0.06094935403	-0.00813611355	0.00704257622
0.06093733124	-0.00822567692	0.00716467781
0.06092548434	-0.00831296930	0.00728413273
0.06091381909	-0.00839802024	0.00740094866
0.06090234065	-0.00848086099	0.00751513603
0.06089105351	-0.00856152453	0.00762670773
0.06087996160	-0.00864004489	0.00773567940
0.06086906326	-0.00871649226	0.00784211382
0.06085837031	-0.00879083973	0.00794597211
0.06084788313	-0.00886313818	0.00804728192
0.06083759232	-0.00893350217	0.00814615975
0.06082751880	-0.00900183627	0.00824249640
0.06081764420	-0.00906831040	0.00833645553
0.06080798710	-0.00913284208	0.00842794421
0.06079852729	-0.00919560653	0.00851714200
0.06078928675	-0.00925649587	0.00860393245
0.06078025086	-0.00931564305	0.00868843971
0.06077141757	-0.00937309481	0.00877072184
0.06076279728	-0.00942881578	0.00885073642
0.06075438100	-0.00948289457	0.00892856801
0.06074616745	-0.00953536784	0.00900425641
0.06073815337	-0.00958628316	0.00907785621
0.06073033986	-0.00963565879	0.00914938952
0.06072272591	-0.00968352506	0.00921888620
0.06071530693	-0.00972993339	0.00928640088
0.06070808056	-0.00977491970	0.00935197471
0.06070104420	-0.00981851993	0.00941564858
0.06069419517	-0.00986076939	0.00947746356
0.06068753061	-0.00990170330	0.00953746039
0.06068104472	-0.00994137373	0.00959570315
0.06067473829	-0.00997979124	0.00965220807
0.06066860900	-0.01001698468	0.00970700698
0.06066265194	-0.01005299753	0.00976014954
0.06065686382	-0.01008786257	0.00981167504
0.06065123746	-0.01012163496	0.00986165324
0.06064577051	-0.01015433991	0.00991012279
0.06064046970	-0.01018594793	0.00995704697
0.06063532432	-0.01021653289	0.01000250741
0.06063034443	-0.01024604481	0.01004643248
0.06062621195	-0.01027046859	0.01008358071
0.06062276624	-0.01029078778	0.01012318938
0.06062005195	-0.01030676487	0.01016479412
0.06061810437	-0.01031821314	0.01020790715
0.06061694895	-0.01032499881	0.01025202301
0.06061660079	-0.01032704260	0.01029662448
0.06061706446	-0.01032432061	0.01034118864
0.06061833389	-0.01031686466	0.01038519303
0.06062039247	-0.01030476186	0.01042812174
0.06062321333	-0.01028815366	0.01046947146
0.06062675979	-0.01026723414	0.01050875741
0.06063098596	-0.01024224785	0.01054551899
0.06063583747	-0.01021348691	0.01057932521
0.06064125231	-0.01018128766	0.01060977972
0.06132116739	0.00961245702	-0.00614514663
0.06132697496	0.00957533510	-0.00624462124
0.06133067590	0.00955160163	-0.00628466364
0.06133406600	0.00952980838	-0.00631504715
0.06133738039	0.00950845237	-0.00634037586
0.06134064407	0.00948737501	-0.00636250020
0.06134390401	0.00946627387	-0.00638232293
0.06134722002	0.00944476023	-0.00640031943
0.06135053603	0.00942319631	-0.00641693589
0.06135391907	0.00940114432	-0.00643233021
0.06135738050	0.00937852642	-0.00644665665
0.06136087837	0.00935561360	-0.00646011250
0.06136445206	0.00933214462	-0.00647274432
0.06136813016	0.00930792676	-0.00648458035
0.06137187988	0.00928317082	-0.00649572875
0.06137570774	0.00925782910	-0.00650623132
0.06137963024	0.00923178701	-0.00651610225
0.06138365118	0.00920501317	-0.00652536448
0.06138777415	0.00917747702	-0.00653403567
0.06139200255	0.00914914874	-0.00654212845
0.06139634172	0.00911998484	-0.00654964763
0.06140079016	0.00908998720	-0.00655660650
0.06140534925	0.00905913815	-0.00656301183
0.06141003291	0.00902733394	-0.00656884483
0.06141483584	0.00899460054	-0.00657411659
0.06141976140	0.00896090449	-0.00657882276
0.06142481316	0.00892621017	-0.00658295756
0.06142999378	0.00889048730	-0.00658651385
0.06143530590	0.00885370480	-0.00658948435
0.06144075802	0.00881579006	-0.00659184795
0.06144637437	0.00877655834	-0.00659354601
0.06145210008	0.00873637774	-0.00659467519
0.06145797016	0.00869498730	-0.00659516869
0.06146403017	0.00865204572	-0.00659491767
0.06147019014	0.00860817192	-0.00659408732
0.06147654219	0.00856269004	-0.00659248631
0.06148301971	0.00851605466	-0.00659023123
0.06148968586	0.00846778799	-0.00658717757
0.06149647615	0.00841833248	-0.00658344262
0.06150346947	0.00836708692	-0.00657884113
0.06151059831	0.00831451712	-0.00657349246
0.06151789157	0.00826038238	-0.00656732182
0.06152536319	0.00820454658	-0.00656027187
0.06153300871	0.00814700798	-0.00655232135
0.06154080973	0.00808786982	-0.00654348734
0.06154878187	0.00802697639	-0.00653370859
0.06155692462	0.00796429101	-0.00652295415
0.06156523717	0.00789977672	-0.00651119213
0.06157371844	0.00783339627	-0.00649838982
0.06158236701	0.00776511259	-0.00648451239
0.06159118112	0.00769488842	-0.00646952425
0.06160017524	0.00762255276	-0.00645333892
0.06160932065	0.00754827853	-0.00643598402
0.06161862042	0.00747198220	-0.00641740905
0.06162809017	0.00739347026	-0.00639751630
0.06163771371	0.00731280716	-0.00637628711
0.06164747722	0.00723003822	-0.00635370816
0.06165740312	0.00714489608	-0.00632964356
0.06166745641	0.00705760011	-0.00630412953
0.06167764533	0.00696799587	-0.00627707511
0.06168797778	0.00687592152	-0.00624836761
0.06169841574	0.00678162185	-0.00621804993
0.06170897045	0.00668489834	-0.00618600611
0.06171963263	0.00658573067	-0.00615217408
0.06173039237	0.00648410041	-0.00611649035
0.06174123918	0.00637999096	-0.00607889050
0.06175216197	0.00627338758	-0.00603930968
0.06176314906	0.00616427762	-0.00599768238
0.06177418812	0.00605265078	-0.00595394230
0.06178526628	0.00593849907	-0.00590802305
0.06179637002	0.00582181689	-0.00585985819
0.06180749182	0.00570253055	-0.00580934838
0.06181861378	0.00558067119	-0.00575643032
0.06182970853	0.00545637634	-0.00570110139
0.06184078613	0.00532935932	-0.00564316155
0.06185179896	0.00519998711	-0.00558270179
0.06186276177	0.00506789956	-0.00551948884
0.06187362769	0.00493346693	-0.00545361572
0.06188440055	0.00479644332	-0.00538490538
0.06189505437	0.00465694577	-0.00531332998
0.06190556607	0.00451506246	-0.00523886430
0.06191592227	0.00437075156	-0.00516142249
0.06192610336	0.00422405293	-0.00508095225
0.06193609016	0.00407500129	-0.00499740011
0.06194586219	0.00392365367	-0.00491072667
0.06195539835	0.00377008153	-0.00482090578
0.06196468066	0.00361431187	-0.00472789059
0.06197369089	0.00345637642	-0.00463163602
0.06198240771	0.00329636692	-0.00453213141
0.06199081194	0.00313434770	-0.00442935802
0.06199888510	0.00297037817	-0.00432329920
0.06200660873	0.00280452735	-0.00421394659
0.06201396483	0.00263686668	-0.00410129573
0.06202093934	0.00246738380	-0.00398529014
0.06202750778	0.00229634036	-0.00386603973
0.06203365773	0.00212372523	-0.00374351937
0.06203937627	0.00194953634	-0.00361768950
0.06204464329	0.00177401773	-0.00348866389
0.06204944684	0.00159719982	-0.00335645263
0.06205377600	0.00141907857	-0.00322102860
0.06205761374	0.00123995022	-0.00308255950
0.06206095328	0.00105970642	-0.00294097788
0.06206378128	0.00087860861	-0.00279643694
0.06206609030	0.00069665974	-0.00264894961
0.06206787176	0.00051399871	-0.00249860386
0.06206911876	0.00033075031	-0.00234549702
0.06206982604	0.00014695454	-0.00218966832
0.06206998887	-0.00003717304	-0.00203128250
0.06206960417	-0.00022167246	-0.00187033748
0.06206867050	-0.00040625351	-0.00170705848
0.06206718621	-0.00059101315	-0.00154141603
0.06206515356	-0.00077563787	-0.00137365653
0.06206257290	-0.00096017938	-0.00120379948
0.06205944851	-0.00114444327	-0.00103201658
0.06205578505	-0.00132832278	-0.00085844299
0.06205158609	-0.00151180812	-0.00068313456
0.06204686200	-0.00169464338	-0.00050632833
0.06204161871	-0.00187681851	-0.00032810732
0.06203586415	-0.00205826609	-0.00014857288
0.06202961221	-0.00223877394	0.00003205535
0.06202287218	-0.00241831059	0.00021367131
0.06201565645	-0.00259677792	0.00039613108
0.06200797746	-0.00277410019	0.00057931076
0.06199985166	-0.00295013457	0.00076302941
0.06199129336	-0.00312481164	0.00094715024
0.06198231814	-0.00329805069	0.00113153160
0.06197294262	-0.00346976705	0.00131602734
0.06196318414	-0.00363987783	0.00150049356
0.06195306062	-0.00380830410	0.00168478682
0.06194259043	-0.00397497052	0.00186876507
0.06193179045	-0.00413983481	0.00205231684
0.06192068355	-0.00430277221	0.00223526525
0.06190928789	-0.00446373983	0.00241748506
0.06189762193	-0.00462269389	0.00259885746
0.06188570381	-0.00477959874	0.00277928464
0.06187356029	-0.00493431220	0.00295856602
0.06186120163	-0.00508690801	0.00313668456
0.06184865859	-0.00523720639	0.00331341633
0.06183593935	-0.00538530449	0.00348876569
0.06182307442	-0.00553103696	0.00366252855
0.06181007763	-0.00567443418	0.00383464460
0.06179696645	-0.00581548256	0.00400504125
0.06178376341	-0.00595411442	0.00417359860
0.06177048664	-0.00609031034	0.00434022914
0.06175715297	-0.00622406278	0.00450486077
0.06174378016	-0.00635535297	0.00466741686
0.06173038547	-0.00648416606	0.00482782547
0.06171698557	-0.00661049111	0.00498601941
0.06170359449	-0.00673433937	0.00514195771
0.06169023029	-0.00685568277	0.00529556723
0.06167690903	-0.00697451024	0.00544678162
0.06166364107	-0.00709085818	0.00559558228
0.06165043957	-0.00720473458	0.00574194065
0.06163732390	-0.00731609205	0.00588576527
0.06162429590	-0.00742502896	0.00602710701
0.06161137771	-0.00753146974	0.00616586103
0.06159857427	-0.00763547952	0.00630204235
0.06158589271	-0.00773710015	0.00643566566
0.06157335130	-0.00783628165	0.00656665311
0.06156095306	-0.00793309260	0.00669503019
0.06154870652	-0.00802755414	0.00682079192
0.06153661949	-0.00811968977	0.00694393654
0.06152469906	-0.00820952527	0.00706446539
0.06151295172	-0.00829708812	0.00718238303
0.06150138326	-0.00838240762	0.00729769695
0.06148999887	-0.00846551472	0.00741041739
0.06147880306	-0.00854644217	0.00752055698
0.06146779983	-0.00862522373	0.00762813111
0.06145698766	-0.00870192895	0.00773320102
0.06144637820	-0.00877653158	0.00783572929
0.06143597193	-0.00884908205	0.00793574300
0.06142575977	-0.00891969379	0.00803335569
0.06141576222	-0.00898827297	0.00812846176
0.06140596143	-0.00905498763	0.00822122049
0.06139637560	-0.00911975676	0.00831154213
0.06138698506	-0.00918275370	0.00839960151
0.06137781132	-0.00924387240	0.00848528615
0.06136884016	-0.00930324447	0.00856871698
0.06136006960	-0.00936091653	0.00864995107
0.06135150983	-0.00941685410	0.00872894777
0.06134315211	-0.00947114509	0.00880578972
0.06133499520	-0.00952382614	0.00888051617
0.06132703591	-0.00957494472	0.00895318077
0.06131927534	-0.00962451931	0.00902380565
0.06131171250	-0.00967258035	0.00909242042
0.06130434290	-0.00971917906	0.00915907872
0.06129716423	-0.00976435137	0.00922382116
0.06129017394	-0.00980813326	0.00928668810
0.06128336941	-0.00985056009	0.00934772005
0.06127674781	-0.00989166707	0.00940695724
0.06127030346	-0.00993150614	0.00946446255
0.06126403710	-0.00997008819	0.00952025242
0.06125794643	-0.01000744218	0.00957435836
0.06125202665	-0.01004361148	0.00962682921
0.06124627449	-0.01007862893	0.00967770375
0.06124068291	-0.01011254946	0.00972705039
0.06123524957	-0.01014539847	0.00977490735
0.06122998101	-0.01017714721	0.00982123951
0.06122486675	-0.01020786909	0.00986612669
0.06121991657	-0.01023751506	0.00990949976
0.06121583642	-0.01026188437	0.00994595167
0.06121242357	-0.01028222255	0.00998486135
0.06120972215	-0.01029829183	0.01002577264
0.06120776725	-0.01030990439	0.01006820587
0.06120658436	-0.01031692451	0.01011166356
0.06120618893	-0.01031927017	0.01015563621
0.06120658614	-0.01031691394	0.01019960828
0.06120777079	-0.01030988336	0.01024306424
0.06120972740	-0.01029826060	0.01028549460
0.06121243047	-0.01028218148	0.01032640191
0.06121584488	-0.01026183395	0.01036530657
0.06121992647	-0.01023745587	0.01040175245
0.06122462278	-0.01020933228	0.01043531226
0.06122987382	-0.01017779210	0.01046559255
0.06191404705	0.00957461636	-0.00605877837
0.06191968432	0.00953809173	-0.00615695812
0.06192328833	0.00951466563	-0.00619648435
0.06192659322	0.00949313187	-0.00622647778
0.06192982609	0.00947201884	-0.00625148373
0.06193301109	0.00945117119	-0.00627332735
0.06193619363	0.00943029259	-0.00629289983
0.06193943153	0.00940900216	-0.00631067133
0.06194267063	0.00938765442	-0.00632708037
0.06194597572	0.00936582039	-0.00634228423
0.06194935784	0.00934342354	-0.00635643528
0.06195277645	0.00932072904	-0.00636972692
0.06195626968	0.00929748073	-0.00638220599
0.06195986516	0.00927348958	-0.00639390103
0.06196353127	0.00924896172	-0.00640491780
0.06196727434	0.00922385014	-0.00641529759
0.06197111035	0.00919804226	-0.00642505479
0.06197504303	0.00917150703	-0.00643421206
0.06197907589	0.00914421415	-0.00644278684
0.06198321224	0.00911613407	-0.00645079163
0.06198745731	0.00908722380	-0.00645823127
0.06199180969	0.00905748483	-0.00646511874
0.06199627075	0.00902689944	-0.00647146072
0.06200085401	0.00899536561	-0.00647723899
0.06200555438	0.00896290836	-0.00648246430
0.06201037516	0.00892949451	-0.00648713239
0.06201531986	0.00889508870	-0.00649123760
0.06202039108	0.00885966085	-0.00649477289
0.06202559144	0.00882318004	-0.00649773113
0.06203092920	0.00878557469	-0.00650009170
0.06203642785	0.00874666334	-0.00650179747
0.06204203437	0.00870680606	-0.00650294200
0.06204778266	0.00866574673	-0.00650346044
0.06205371685	0.00862315052	-0.00650324691
0.06205974997	0.00857962313	-0.00650246133
0.06206597116	0.00853450199	-0.00650091800
0.06207231606	0.00848823182	-0.00649872964
0.06207884577	0.00844034404	-0.00649575586
0.06208549801	0.00839127146	-0.00649211006
0.06209234911	0.00834042457	-0.00648761229
0.06209933383	0.00828825904	-0.00648237787
0.06210648014	0.00823453849	-0.00647633402
0.06211380161	0.00817912894	-0.00646942473
0.06212129394	0.00812202801	-0.00646162891
0.06212893938	0.00806333622	-0.00645296268
0.06213675310	0.00800290036	-0.00644336626
0.06214473462	0.00794068382	-0.00643280915
0.06215288319	0.00787664971	-0.00642125992
0.06216119783	0.00781076083	-0.00640868632
0.06216967716	0.00774298018	-0.00639505403
0.06217831953	0.00767327054	-0.00638032796
0.06218713895	0.00760146364	-0.00636442360
0.06219610766	0.00752772819	-0.00634736702
0.06220522864	0.00745198162	-0.00632910869
0.06221451703	0.00737403359	-0.00630955315
0.06222395716	0.00729394650	-0.00628868148
0.06223353565	0.00721176403	-0.00626648004
0.06224327422	0.00712722343	-0.00624281624
0.06225313897	0.00704053893	-0.00621772428
0.06226313785	0.00695155844	-0.00619111518
0.06227327852	0.00686012261	-0.00616287866
0.06228352411	0.00676647057	-0.00613305530
0.06229388549	0.00667040707	-0.00610153179
0.06230435362	0.00657191141	-0.00606824689
0.06231491887	0.00647096482	-0.00603313793
0.06232557102	0.00636755030	-0.00599614133
0.06233629926	0.00626165270	-0.00595719308
0.06234709219	0.00615325889	-0.00591622849
0.06235793781	0.00604235813	-0.00587318211
0.06236882353	0.00592894188	-0.00582798840
0.06237973617	0.00581300402	-0.00578058172
0.06239066831	0.00569447166	-0.00573086453
0.06240160250	0.00557337472	-0.00567877410
0.06241251207	0.00544984744	-0.00562430675
0.06242340663	0.00532360819	-0.00556726723
0.06243423985	0.00519501627	-0.00550774250
0.06244502590	0.00506371801	-0.00544550519
0.06245571912	0.00493007603	-0.00538064420
0.06246632304	0.00479384876	-0.00531298681
0.06247681228	0.00465515057	-0.00524250469
0.06248716423	0.00451406759	-0.00516917231
0.06249736569	0.00437055851	-0.00509290538
0.06250739740	0.00422466216	-0.00501365212
0.06251724052	0.00407641236	-0.00493135963
0.06252687490	0.00392586490	-0.00484598874
0.06253627982	0.00377308979	-0.00475751323
0.06254543752	0.00361811344	-0.00466588686
0.06255433004	0.00346096701	-0.00457106514
0.06256293639	0.00330174058	-0.00447303705
0.06257123761	0.00314049738	-0.00437178381
0.06257921547	0.00297729594	-0.00426728881
0.06258685171	0.00281220423	-0.00415954356
0.06259412853	0.00264529274	-0.00404854339
0.06260103195	0.00247654967	-0.00393423323
0.06260753782	0.00230623235	-0.00381671949
0.06261363377	0.00213433041	-0.00369597796
0.06261930690	0.00196084242	-0.00357197026
0.06262453731	0.00178600865	-0.00344480685
0.06262931304	0.00160985976	-0.00331449797
0.06263362317	0.00143239259	-0.00318101765
0.06263745076	0.00125389897	-0.00304452903
0.06264078892	0.00107427346	-0.00290496746
0.06264362432	0.00089377389	-0.00276248215
0.06264594943	0.00071240431	-0.00261708666
0.06264775558	0.00053030232	-0.00246886722
0.06264903575	0.00034759179	-0.00231791938
0.06264978453	0.00016431335	-0.00216428241
0.06264999702	-0.00001931983	-0.00200811743
0.06264967000	-0.00020334562	-0.00184942389
0.06264880175	-0.00038747732	-0.00168842175
0.06264739049	-0.00057180867	-0.00152508414
0.06264543813	-0.00075602991	-0.00135965168
0.06264294487	-0.00094019019	-0.00119214532
0.06263991464	-0.00112409672	-0.00102273339
0.06263635183	-0.00130764278	-0.00085154911
0.06263225978	-0.00149081696	-0.00067864870
0.06262764842	-0.00167336584	-0.00050426417
0.06262252346	-0.00185527767	-0.00032847849
0.06261689254	-0.00203648430	-0.00015139211
0.06261076910	-0.00221677519	0.00002677963
0.06260416217	-0.00239611747	0.00020593131
0.06259708379	-0.00257441272	0.00038592090
0.06258954611	-0.00275158455	0.00056662584
0.06258156517	-0.00292749057	0.00074786819
0.06257315495	-0.00310206055	0.00092951270
0.06256433072	-0.00327521322	0.00111141943
0.06255510877	-0.00344686339	0.00129344413
0.06254550611	-0.00361692765	0.00147544471
0.06253554032	-0.00378532651	0.00165727955
0.06252522949	-0.00395198403	0.00183880839
0.06251459021	-0.00411685687	0.00201992072
0.06250364498	-0.00427982052	0.00220044260
0.06249241170	-0.00444083106	0.00238025008
0.06248090858	-0.00459984377	0.00255922556
0.06246915354	-0.00475682200	0.00273727203
0.06245717291	-0.00491162422	0.00291419268
0.06244497696	-0.00506432157	0.00308996879
0.06243259591	-0.00521473562	0.00326438112
0.06242003807	-0.00536296069	0.00343743186
0.06240733341	-0.00550883266	0.00360892119
0.06239449574	-0.00565238018	0.00377878860
0.06238154238	-0.00579358874	0.00394696199
0.06236849559	-0.00593239057	0.00411332344
0.06235537335	-0.00606876551	0.00427778638
0.06234219236	-0.00620270516	0.00444027934
0.06232897028	-0.00633419011	0.00460072656
0.06231572420	-0.00646320491	0.00475905690
0.06230247068	-0.00658973799	0.00491520394
0.06228922373	-0.00671379976	0.00506912681
0.06227600121	-0.00683536193	0.00522075351
0.06226281908	-0.00695441299	0.00537001864
0.06224968775	-0.00707098827	0.00551690319
0.06223662030	-0.00718509525	0.00566137877
0.06222363588	-0.00729668678	0.00580335584
0.06221073657	-0.00740585951	0.00594288316
0.06219794420	-0.00751253866	0.00607985844
0.06218526383	-0.00761678820	0.00621429571
0.06217270265	-0.00771864921	0.00634620893
0.06216027868	-0.00781807233	0.00647552221
0.06214799510	-0.00791512505	0.00660225995
0.06213586044	-0.00800982819	0.00672641716
0.06212388248	-0.00810220496	0.00684799202
0.06211206835	-0.00819228082	0.00696698579
0.06210042452	-0.00828008298	0.00708340290
0.06208895683	-0.00836564046	0.00719725066
0.06207767046	-0.00844898395	0.00730853912
0.06206656999	-0.00853014594	0.00741728069
0.06205565941	-0.00860915995	0.00752349049
0.06204493739	-0.00868609488	0.00762722829
0.06203441538	-0.00876092512	0.00772845809
0.06202409397	-0.00883370067	0.00782720637
0.06201396437	-0.00890453383	0.00792358386
0.06200404669	-0.00897333236	0.00801748840
0.06199432357	-0.00904026243	0.00810907505
0.06198481284	-0.00910524446	0.00819825715
0.06197549536	-0.00916844994	0.00828520494
0.06196639218	-0.00922977464	0.00836980976
0.06195748945	-0.00928934880	0.00845218945
0.06194878528	-0.00934721894	0.00853240010
0.06194028964	-0.00940335147	0.00861040278
0.06193199403	-0.00945783355	0.00868627826
0.06192389725	-0.00951070185	0.00876006525
0.06191599620	-0.00956200367	0.00883181654
0.06190829195	-0.00961175776	0.00890155422
0.06190078355	-0.00965999461	0.00896930765
0.06189346660	-0.00970676526	0.00903512954
0.06188633884	-0.00975210565	0.00909905996
0.06187939778	-0.00979605178	0.00916113875
0.06187264082	-0.00983863902	0.00922140590
0.06186606521	-0.00987990262	0.00927990110
0.06185966534	-0.00991989434	0.00933668610
0.06185344194	-0.00995862540	0.00939177752
0.06184739273	-0.00999612485	0.00944520656
0.06184151299	-0.01003243595	0.00949702127
0.06183579950	-0.01006759159	0.00954725993
0.06183024534	-0.01010164647	0.00959598964
0.06182484818	-0.01013462614	0.00964324820
0.06181961440	-0.01016650263	0.00968900201
0.06181453370	-0.01019734881	0.00973332917
0.06180961564	-0.01022711663	0.00977616291
0.06180558877	-0.01025142416	0.00981194039
0.06180221036	-0.01027177177	0.00985017206
0.06179952403	-0.01028792155	0.00989040970
0.06179756463	-0.01029968474	0.00993218155
0.06179635767	-0.01030692383	0.00997499788
0.06179591889	-0.01030955422	0.01001835671
0.06179625403	-0.01030754517	0.01006174969
0.06179735871	-0.01030092016	0.01010466808
0.06179921851	-0.01028975662	0.01014660871
0.06180180921	-0.01027418503	0.01018707985
0.06180509719	-0.01025438741	0.01022560701
0.06180903997	-0.01023059521	0.01026173852
0.06181358688	-0.01020308666	0.01029505074
0.06181867989	-0.01017218348	0.01032515314
0.06249646988	0.00953727703	-0.00597598712
0.06250194613	0.00950132253	-0.00607292295
0.06250545820	0.00947819053	-0.00611195318
0.06250868213	0.00945690533	-0.00614157175
0.06251183751	0.00943602518	-0.00616626747
0.06251494768	0.00941539781	-0.00618784123
0.06251805657	0.00939473274	-0.00620717312
0.06252122011	0.00937365652	-0.00622472825
0.06252438595	0.00935251635	-0.00624093782
0.06252761679	0.00933089164	-0.00625595848
0.06253092332	0.00930870714	-0.00626994076
0.06253426639	0.00928622243	-0.00628307438
0.06253768289	0.00926318623	-0.00629540643
0.06254119960	0.00923941299	-0.00630696570
0.06254478596	0.00921510444	-0.00631785567
0.06254844813	0.00919021418	-0.00632811717
0.06255220162	0.00916463160	-0.00633776475
0.06255605006	0.00913832591	-0.00634682078
0.06255999690	0.00911126711	-0.00635530254
0.06256404538	0.00908342587	-0.00636322236
0.06256820060	0.00905475972	-0.00637058511
0.06257246125	0.00902526973	-0.00637740351
0.06257682868	0.00899493818	-0.00638368411
0.06258131602	0.00896366469	-0.00638940926
0.06258591841	0.00893147337	-0.00639458937
0.06259063908	0.00889833130	-0.00639922026
0.06259548145	0.00886420340	-0.00640329640
0.06260044811	0.00882905976	-0.00640681087
0.06260554164	0.00879286964	-0.00640975663
0.06261077006	0.00875556241	-0.00641211354
0.06261615616	0.00871695976	-0.00641382594
0.06262164869	0.00867741411	-0.00641498441
0.06262728050	0.00863667397	-0.00641552597
0.06263309433	0.00859441064	-0.00641534753
0.06263900608	0.00855121727	-0.00641460404
0.06264510206	0.00850644393	-0.00641311513
0.06265132002	0.00846052598	-0.00641098985
0.06265771917	0.00841300357	-0.00640809172
0.06266423924	0.00836430039	-0.00640453043
0.06267095418	0.00831383802	-0.00640013111
0.06267780088	0.00826206252	-0.00639500520
0.06268480646	0.00820874161	-0.00638908187
0.06269198409	0.00815374335	-0.00638230636
0.06269932968	0.00809706479	-0.00637465771
0.06270682605	0.00803880383	-0.00636615119
0.06271448793	0.00797880965	-0.00635672838
0.06272231491	0.00791704572	-0.00634635923
0.06273030629	0.00785347521	-0.00633501273
0.06273846114	0.00778806101	-0.00632265710
0.06274677816	0.00772076615	-0.00630925847
0.06275525579	0.00765155348	-0.00629478225
0.06276390761	0.00758025732	-0.00627914578
0.06277270677	0.00750704239	-0.00626237371
0.06278165613	0.00743182704	-0.00624441741
0.06279077041	0.00735442394	-0.00622518357
0.06280003442	0.00727489356	-0.00620465300
0.06280943521	0.00719327802	-0.00618281180
0.06281899381	0.00710931897	-0.00615953047
0.06282867737	0.00702322575	-0.00613484136
0.06283849359	0.00693484851	-0.00610865734
0.06284844986	0.00684403029	-0.00608087042
0.06285851043	0.00675100484	-0.00605151901
0.06286868581	0.00665557999	-0.00602049230
0.06287896719	0.00655773475	-0.00598772985
0.06288934520	0.00645744998	-0.00595316978
0.06289980987	0.00635470835	-0.00591674932
0.06291035067	0.00624949428	-0.00587840525
0.06292095647	0.00614179425	-0.00583807370
0.06293161556	0.00603159703	-0.00579569003
0.06294231564	0.00591889364	-0.00575118947
0.06295304384	0.00580367743	-0.00570450721
0.06296379286	0.00568587630	-0.00565554740
0.06297454564	0.00556551898	-0.00560424786
0.06298527620	0.00544273664	-0.00555060392
0.06299599373	0.00531725243	-0.00549442489
0.06300665312	0.00518941831	-0.00543579394
0.06301726798	0.00505888686	-0.00537448926
0.06302779381	0.00492601338	-0.00531059588
0.06303823388	0.00479056045	-0.00524394519
0.06304856336	0.00465263990	-0.00517450842
0.06305876009	0.00451233592	-0.00510225975
0.06306881106	0.00436960768	-0.00502711639
0.06307869734	0.00422449304	-0.00494902705
0.06308840042	0.00407702498	-0.00486793939
0.06309790047	0.00392725810	-0.00478381447
0.06310717712	0.00377526103	-0.00469662601
0.06311621287	0.00362105964	-0.00460632835
0.06312498999	0.00346468453	-0.00451287758
0.06313348780	0.00330622419	-0.00441626233
0.06314168761	0.00314574084	-0.00431646383
0.06314957140	0.00298329213	-0.00421346549
0.06315712112	0.00281894508	-0.00410725869
0.06316431917	0.00265276919	-0.00399783860
0.06317115165	0.00248475329	-0.00388515144
0.06317759475	0.00231515051	-0.00376930035
0.06318363612	0.00214395125	-0.00365026199
0.06318926293	0.00197115467	-0.00352799909
0.06319445545	0.00179699743	-0.00340261896
0.06319920177	0.00162151042	-0.00327413201
0.06320349094	0.00144469133	-0.00314251335
0.06320730612	0.00126682773	-0.00300792179
0.06321064036	0.00108781701	-0.00287029531
0.06321348031	0.00090791350	-0.00272977937
0.06321581838	0.00072712230	-0.00258638811
0.06321764582	0.00054557975	-0.00244020608
0.06321895550	0.00036340886	-0.00229132718
0.06321974190	0.00018065080	-0.00213979067
0.06321999995	-0.00000248351	-0.00198575424
0.06321972630	-0.00018602992	-0.00182921877
0.06321891899	-0.00036970510	-0.00167039923
0.06321757610	-0.00055359969	-0.00150927119
0.06321569924	-0.00073740759	-0.00134606980
0.06321328844	-0.00092117550	-0.00118081735
0.06321034734	-0.00110471218	-0.00101367895
0.06320688005	-0.00128791096	-0.00084478597
0.06320288971	-0.00147075895	-0.00067419497
0.06319838585	-0.00165300510	-0.00050213319
0.06319337395	-0.00183463605	-0.00032868349
0.06318786138	-0.00201558298	-0.00015394545
0.06318186115	-0.00219563697	0.00002186967
0.06317538205	-0.00237476378	0.00019865707
0.06316843580	-0.00255286478	0.00037627655
0.06316103426	-0.00272986294	0.00055460686
0.06315319306	-0.00290561634	0.00073347291
0.06314492590	-0.00308005401	0.00091274092
0.06313624774	-0.00325309413	0.00109227263
0.06312717454	-0.00342465106	0.00127192558
0.06311772300	-0.00359464092	0.00145155946
0.06310791039	-0.00376298370	0.00163103437
0.06309775448	-0.00392960292	0.00181021179
0.06308727165	-0.00409445423	0.00198898211
0.06307648398	-0.00425741339	0.00216717424
0.06306540912	-0.00441843552	0.00234466546
0.06305406508	-0.00457747501	0.00252133936
0.06304246953	-0.00473449428	0.00269709968
0.06303064836	-0.00488935246	0.00287175320
0.06301861188	-0.00504211822	0.00304527969
0.06300638980	-0.00519261441	0.00321746432
0.06299399049	-0.00534093268	0.00338830726
0.06298144344	-0.00548691011	0.00355761278
0.06296876241	-0.00563057371	0.00372532016
0.06295596459	-0.00577190808	0.00389135782
0.06294307195	-0.00591084542	0.00405560970
0.06293010232	-0.00604736484	0.00421799016
0.06291707231	-0.00618145714	0.00437842835
0.06290399939	-0.00631310232	0.00453684932
0.06289090055	-0.00644228436	0.00469318275
0.06287779223	-0.00656899111	0.00484736293
0.06286468836	-0.00669323217	0.00499934909
0.06285160667	-0.00681497905	0.00514907035
0.06283856297	-0.00693421981	0.00529646219
0.06282556770	-0.00705098882	0.00544150526
0.06281263389	-0.00716529301	0.00558417131
0.06279978047	-0.00727708551	0.00572437265
0.06278700972	-0.00738646130	0.00586215601
0.06277434317	-0.00749334639	0.00599742158
0.06276178599	-0.00759780361	0.00613018241
0.06274934542	-0.00769987335	0.00626045178
0.06273703925	-0.00779950680	0.00638815569
0.06272487080	-0.00789677042	0.00651331750
0.06271284856	-0.00799168474	0.00663593218
0.06270098034	-0.00808427267	0.00675599791
0.06268927324	-0.00817455938	0.00687351583
0.06267773374	-0.00826257181	0.00698849026
0.06266636770	-0.00834833871	0.00710092837
0.06265518033	-0.00843189052	0.00721083999
0.06264417621	-0.00851325949	0.00731823733
0.06263335937	-0.00859247891	0.00742313526
0.06262272863	-0.00866961701	0.00752559215
0.06261229525	-0.00874464883	0.00762557334
0.06260205993	-0.00881762397	0.00772310475
0.06259201417	-0.00888865359	0.00781829443
0.06258217766	-0.00895764701	0.00791104349
0.06257253353	-0.00902476855	0.00800150299
0.06256309926	-0.00908994009	0.00808958915
0.06255385621	-0.00915333125	0.00817546793
0.06254482498	-0.00921483957	0.00825903422
0.06253599209	-0.00927459400	0.00834040296
0.06252735572	-0.00933264091	0.00841962929
0.06251892564	-0.00938894757	0.00849667592
0.06251069357	-0.00944360045	0.00857162181
0.06250265835	-0.00949663619	0.00864450521
0.06249481698	-0.00954810196	0.00871537802
0.06248717048	-0.00959801674	0.00878426233
0.06247971793	-0.00964641108	0.00885118725
0.06247245506	-0.00969333582	0.00891620460
0.06246537961	-0.00973882691	0.00897935393
0.06245848917	-0.00978292037	0.00904067457
0.06245178117	-0.00982565156	0.00910020601
0.06244525290	-0.00986705578	0.00915798744
0.06243889888	-0.00990718458	0.00921407954
0.06243271978	-0.00994604951	0.00926849907
0.06242671335	-0.00998367970	0.00932127693
0.06242087495	-0.01002011831	0.00937246042
0.06241520140	-0.01005539826	0.00942208734
0.06240968592	-0.01008957401	0.00947022354
0.06240432619	-0.01012267125	0.00951690643
0.06239912839	-0.01015466276	0.00956210384
0.06239408246	-0.01018562091	0.00960589221
0.06238919769	-0.01021549858	0.00964820701
0.06238522377	-0.01023973901	0.00968334009
0.06238188040	-0.01026008763	0.00972092306
0.06237921068	-0.01027630651	0.00976051529
0.06237724919	-0.01028820604	0.00980165259
0.06237602144	-0.01029564712	0.00984385267
0.06237554342	-0.01029854278	0.00988662078
0.06237582137	-0.01029685916	0.00992945548
0.06237685166	-0.01029061596	0.00997185460
0.06237862087	-0.01027988614	0.01001332103
0.06238110596	-0.01026479512	0.01005336862
0.06238427473	-0.01024551933	0.01009152784
0.06238808626	-0.01022228413	0.01012735133
0.06239249161	-0.01019536126	0.01016041907
0.06239743457	-0.01016506560	0.01019034338
0.06308887382	0.00949915788	-0.00589380046
0.06309419240	0.00946376699	-0.00598949882
0.06309761413	0.00944092642	-0.00602803552
0.06310075843	0.00941988779	-0.00605728106
0.06310383752	0.00939923878	-0.00608166802
0.06310687398	0.00937883021	-0.00610297316
0.06310991027	0.00935837731	-0.00612206554
0.06311300050	0.00933751398	-0.00613940520
0.06311609408	0.00931658025	-0.00615541614
0.06311925167	0.00929516374	-0.00617025433
0.06312248362	0.00927319047	-0.00618406846
0.06312575211	0.00925091456	-0.00619704463
0.06312909285	0.00922808950	-0.00620923014
0.06313253178	0.00920453319	-0.00622065403
0.06313603936	0.00918044301	-0.00623141754
0.06313962161	0.00915577320	-0.00624156104
0.06314329356	0.00913041505	-0.00625109921
0.06314705875	0.00910433806	-0.00626005416
0.06315092055	0.00907751251	-0.00626844298
0.06315488217	0.00904990931	-0.00627627784
0.06315894855	0.00902148648	-0.00628356365
0.06316311847	0.00899224471	-0.00629031286
0.06316739330	0.00896216625	-0.00629653191
0.06317178577	0.00893115236	-0.00630220369
0.06317629122	0.00889922626	-0.00630733828
0.06318091282	0.00886635526	-0.00631193159
0.06318565393	0.00883250460	-0.00631597821
0.06319051710	0.00879764452	-0.00631947132
0.06319550486	0.00876174444	-0.00632240400
0.06320062503	0.00872473471	-0.00632475657
0.06320589971	0.00868644011	-0.00632647478
0.06321127934	0.00864720555	-0.00632764636
0.06321679578	0.00860678405	-0.00632821011
0.06322249041	0.00856485299	-0.00632806569
0.06322828190	0.00852199317	-0.00632736319
0.06323425382	0.00847756711	-0.00632592745
0.06324034599	0.00843200093	-0.00632386395
0.06324661573	0.00838484341	-0.00632104000
0.06325300478	0.00833650925	-0.00631756174
0.06325958474	0.00828643097	-0.00631325918
0.06326629459	0.00823504517	-0.00630824004
0.06327316061	0.00818212360	-0.00630243537
0.06328019558	0.00812753634	-0.00629579162
0.06328739559	0.00807127988	-0.00628828801
0.06329474407	0.00801344955	-0.00627993894
0.06330225529	0.00795389689	-0.00627068736
0.06330992888	0.00789258545	-0.00626050363
0.06331776423	0.00782947849	-0.00624935719
0.06332576044	0.00776453895	-0.00623721669
0.06333391630	0.00769772994	-0.00622404874
0.06334223031	0.00762901434	-0.00620981923
0.06335071565	0.00755822907	-0.00619444733
0.06335934633	0.00748553491	-0.00617795630
0.06336812516	0.00741085111	-0.00616029838
0.06337706637	0.00733399334	-0.00614138239
0.06338615529	0.00725502015	-0.00612118888
0.06339537936	0.00717397214	-0.00609970371
0.06340475896	0.00709059530	-0.00607680042
0.06341426224	0.00700509417	-0.00605250952
0.06342389667	0.00691732110	-0.00602674575
0.06343366939	0.00682712148	-0.00599940333
0.06344354574	0.00673472379	-0.00597051859
0.06345353585	0.00663993890	-0.00593998317
0.06346363117	0.00654274554	-0.00590773741
0.06347382256	0.00644312421	-0.00587372023
0.06348410032	0.00634105725	-0.00583786965
0.06349445417	0.00623652867	-0.00580012326
0.06350487327	0.00612952457	-0.00576041798
0.06351534617	0.00602003329	-0.00571868999
0.06352586088	0.00590804534	-0.00567487530
0.06353640481	0.00579355361	-0.00562890989
0.06354697080	0.00567648678	-0.00558069959
0.06355754219	0.00555687242	-0.00553018281
0.06356809364	0.00543483864	-0.00547735388
0.06357863396	0.00531011334	-0.00542202661
0.06358911922	0.00518304128	-0.00536428045
0.06359956250	0.00505328115	-0.00530389908
0.06360992043	0.00492118106	-0.00524096376
0.06362019604	0.00478650770	-0.00517530988
0.06363036504	0.00464937039	-0.00510690827
0.06364040572	0.00450985141	-0.00503573285
0.06365030525	0.00436791041	-0.00496170231
0.06366004505	0.00422358430	-0.00488476583
0.06366960691	0.00407690524	-0.00480487165
0.06367897135	0.00392792665	-0.00472198106
0.06368811834	0.00377671579	-0.00463606773
0.06369703063	0.00362329803	-0.00454708660
0.06370569074	0.00346770340	-0.00445499432
0.06371407831	0.00331001884	-0.00435977918
0.06372217491	0.00315030555	-0.00426142243
0.06372996272	0.00298862033	-0.00415990751
0.06373742393	0.00282502923	-0.00405522568
0.06374454113	0.00265960083	-0.00394737195
0.06375130052	0.00249232452	-0.00383629382
0.06375767862	0.00232344932	-0.00372209124
0.06376366313	0.00215296636	-0.00360474169
0.06376924127	0.00198087540	-0.00348420900
0.06377439354	0.00180740952	-0.00336059743
0.06377910800	0.00163259983	-0.00323391750
0.06378337376	0.00145644485	-0.00310414540
0.06378717407	0.00127922795	-0.00297143570
0.06379050189	0.00110084929	-0.00283572893
0.06379334391	0.00092155974	-0.00269716691
0.06379569247	0.00074136541	-0.00255576430
0.06379753875	0.00056040143	-0.00241160401
0.06379887552	0.00037878988	-0.00226477830
0.06379969717	0.00019657251	-0.00211532643
0.06379999847	0.00001395796	-0.00196340271
0.06379977594	-0.00016908759	-0.00180900937
0.06379902739	-0.00035228421	-0.00165235654
0.06379775078	-0.00053571948	-0.00149342212
0.06379594743	-0.00071909092	-0.00133243590
0.06379361721	-0.00090244281	-0.00116942144
0.06379076347	-0.00108558550	-0.00100454070
0.06378739005	-0.00126841239	-0.00083792322
0.06378349993	-0.00145090909	-0.00066962584
0.06377910219	-0.00163282698	-0.00049987112
0.06377420212	-0.00181415110	-0.00032874178
0.06376880683	-0.00199481200	-0.00015633654
0.06376292892	-0.00217460236	0.00001713735
0.06375657692	-0.00235348665	0.00019157576
0.06374976224	-0.00253136600	0.00036684032
0.06374249645	-0.00270816282	0.00054281105
0.06373479480	-0.00288373565	0.00071931568
0.06372667069	-0.00305801281	0.00089622193
0.06371813877	-0.00323091197	0.00107339319
0.06370921467	-0.00340234707	0.00125068879
0.06369991480	-0.00357223378	0.00142797018
0.06369025610	-0.00374049159	0.00160509920
0.06368025605	-0.00390704352	0.00178193903
0.06366993077	-0.00407184425	0.00195838101
0.06365930195	-0.00423476981	0.00213425682
0.06364838700	-0.00439577440	0.00230944502
0.06363720368	-0.00455481155	0.00248383033
0.06362576945	-0.00471184278	0.00265731734
0.06361410975	-0.00486672789	0.00282971630
0.06360223493	-0.00501953310	0.00300100553
0.06359017413	-0.00517008261	0.00317097458
0.06357793584	-0.00531846538	0.00333962165
0.06356554904	-0.00546451971	0.00350675500
0.06355302744	-0.00560827101	0.00367231380
0.06354038806	-0.00574970303	0.00383622694
0.06352765262	-0.00588874793	0.00399838023
0.06351483879	-0.00602538412	0.00415868896
0.06350196302	-0.00615960161	0.00431708287
0.06348904267	-0.00629137985	0.00447348787
0.06347609458	-0.00642070224	0.00462783443
0.06346313504	-0.00654755608	0.00478005754
0.06345017794	-0.00667195016	0.00493011658
0.06343724082	-0.00679385583	0.00507794176
0.06342433938	-0.00691326073	0.00522346942
0.06341148408	-0.00703019824	0.00536667991
0.06339868786	-0.00714467480	0.00550754512
0.06338596943	-0.00725664380	0.00564597915
0.06337333129	-0.00736619858	0.00578202681
0.06336079463	-0.00747326593	0.00591559068
0.06334836476	-0.00757790755	0.00604668288
0.06333604893	-0.00768016314	0.00617531602
0.06332386471	-0.00777998446	0.00630141794
0.06331181554	-0.00787743694	0.00642501099
0.06329990990	-0.00797254083	0.00654609015
0.06328815556	-0.00806531872	0.00666465353
0.06327655964	-0.00815579551	0.00678070221
0.06326512862	-0.00824399787	0.00689424038
0.06325386835	-0.00832995428	0.00700527505
0.06324278408	-0.00841369493	0.00711381589
0.06323188038	-0.00849525181	0.00721987486
0.06322116133	-0.00857465799	0.00732346661
0.06321062588	-0.00865198106	0.00742464813
0.06320028511	-0.00872719667	0.00752338606
0.06319013981	-0.00880035402	0.00761970579
0.06318018176	-0.00887156314	0.00771371272
0.06317043026	-0.00894073490	0.00780531117
0.06316086892	-0.00900803179	0.00789464827
0.06315151485	-0.00907337709	0.00798164306
0.06314234992	-0.00913693858	0.00806645729
0.06313339426	-0.00919861559	0.00814898934
0.06312463478	-0.00925853572	0.00822935129
0.06311606973	-0.00931674522	0.00830759736
0.06310770866	-0.00937321222	0.00838369183
0.06309954352	-0.00942802246	0.00845771192
0.06309157319	-0.00948121257	0.00852969538
0.06308379475	-0.00953282959	0.00859969326
0.06307620920	-0.00958289269	0.00866772764
0.06306881565	-0.00963143251	0.00873382736
0.06306160991	-0.00967849965	0.00879804336
0.06305458979	-0.00972413010	0.00886041470
0.06304775290	-0.00976835986	0.00892098020
0.06304109674	-0.00981122431	0.00897977884
0.06303461863	-0.00985275874	0.00903684931
0.06302831319	-0.00989301453	0.00909225122
0.06302218106	-0.00993200355	0.00914600148
0.06301622002	-0.00996975498	0.00919813069
0.06301042551	-0.01000631188	0.00924868540
0.06300479439	-0.01004170719	0.00929770294
0.06299932001	-0.01007599514	0.00934524794
0.06299400007	-0.01010920154	0.00939135738
0.06298884057	-0.01014129993	0.00943600049
0.06298383164	-0.01017236215	0.00947925212
0.06297898235	-0.01020234202	0.00952104990
0.06297506276	-0.01022650821	0.00955554542
0.06297175608	-0.01024685006	0.00959248571
0.06296910488	-0.01026312970	0.00963143765
0.06296714344	-0.01027515677	0.00967194459
0.06296589724	-0.01028279068	0.00971353160
0.06296538250	-0.01028594219	0.00975571113
0.06296560591	-0.01028457446	0.00979798865
0.06296656458	-0.01027870348	0.00983986850
0.06296824601	-0.01026839787	0.00988085968
0.06297062835	-0.01025377812	0.00992048160
0.06297368073	-0.01023501514	0.00995826973
0.06297736379	-0.01021232833	0.00999378105
0.06298163026	-0.01018598302	0.01002659920
0.06298642573	-0.01015628738	0.01005633944
0.06367083245	0.00946160636	-0.00581497813
0.06367600185	0.00942675387	-0.00590948732
0.06367933783	0.00940419234	-0.00594754965
0.06368240645	0.00938339006	-0.00597643663
0.06368541300	0.00936296274	-0.00600052674
0.06368837931	0.00934276412	-0.00602157362
0.06369134647	0.00932251493	-0.00604043568
0.06369436689	0.00930185605	-0.00605756810
0.06369739162	0.00928112065	-0.00607338799
0.06370047938	0.00925990422	-0.00608805062
0.06370364025	0.00923813398	-0.00610170294
0.06370683762	0.00921605884	-0.00611452759
0.06371010610	0.00919343684	-0.00612657205
0.06371347083	0.00917008917	-0.00613786558
0.06371690325	0.00914620908	-0.00614850729
0.06372040922	0.00912175140	-0.00615853709
0.06372400333	0.00909660924	-0.00616796981
0.06372768904	0.00907075240	-0.00617682731
0.06373146966	0.00904415139	-0.00618512645
0.06373534832	0.00901677739	-0.00619287932
0.06373932985	0.00898858886	-0.00620009080
0.06374341312	0.00895958615	-0.00620677310
0.06374759947	0.00892975149	-0.00621293256
0.06375190129	0.00889898766	-0.00621855259
0.06375631410	0.00886731708	-0.00622364295
0.06376084101	0.00883470730	-0.00622819964
0.06376548533	0.00880112382	-0.00623221735
0.06377024956	0.00876653703	-0.00623568937
0.06377513619	0.00873091655	-0.00623860889
0.06378015285	0.00869419362	-0.00624095667
0.06378532097	0.00865619599	-0.00624267978
0.06379059261	0.00861726140	-0.00624386327
0.06379599867	0.00857714721	-0.00624444763
0.06380157926	0.00853553656	-0.00624433512
0.06380725567	0.00849299850	-0.00624367123
0.06381310887	0.00844890739	-0.00624228573
0.06381908063	0.00840368061	-0.00624028073
0.06382522650	0.00835687513	-0.00623752713
0.06383149011	0.00830889708	-0.00623412770
0.06383794084	0.00825918941	-0.00622991709
0.06384451962	0.00820817973	-0.00622499951
0.06385125196	0.00815564363	-0.00621930775
0.06385815028	0.00810145311	-0.00621278947
0.06386521083	0.00804560413	-0.00620542400
0.06387241758	0.00798818959	-0.00619722497
0.06387978440	0.00792906328	-0.00618813660
0.06388731098	0.00786818884	-0.00617812967
0.06389499674	0.00780552958	-0.00616717402
0.06390284084	0.00774104854	-0.00615523874
0.06391084214	0.00767470888	-0.00614229089
0.06391899921	0.00760647355	-0.00612829681
0.06392732485	0.00753618192	-0.00611317741
0.06393579387	0.00746399103	-0.00609695464
0.06394440902	0.00738982101	-0.00607958160
0.06395318412	0.00731349036	-0.00606096909
0.06396210493	0.00723505586	-0.00604109745
0.06397115928	0.00715455662	-0.00601995231
0.06398036694	0.00707174279	-0.00599741008
0.06398969703	0.00698681433	-0.00597349958
0.06399915675	0.00689962572	-0.00594813729
0.06400875304	0.00681002458	-0.00592121953
0.06401845224	0.00671823438	-0.00589278070
0.06402826416	0.00662406889	-0.00586271474
0.06403818047	0.00652750655	-0.00583096276
0.06404819227	0.00642852759	-0.00579746443
0.06405829009	0.00632711398	-0.00576215854
0.06406846390	0.00622324941	-0.00572498346
0.06407870313	0.00611691956	-0.00568587686
0.06408899660	0.00600811238	-0.00564477570
0.06409933259	0.00589681794	-0.00560161676
0.06410969879	0.00578302868	-0.00555633679
0.06412008816	0.00566667400	-0.00550884320
0.06413048442	0.00554778041	-0.00545907495
0.06414086287	0.00542647309	-0.00540702549
0.06415123193	0.00530248449	-0.00535251286
0.06416154881	0.00517615249	-0.00529561303
0.06417182607	0.00504714162	-0.00523611487
0.06418202145	0.00491579316	-0.00517409609
0.06419213773	0.00478187769	-0.00510939587
0.06420215113	0.00464550217	-0.00504198470
0.06421204039	0.00450674705	-0.00497183625
0.06422179285	0.00436557247	-0.00489887060
0.06423139026	0.00422201440	-0.00482303743
0.06424081471	0.00407610423	-0.00474428552
0.06425004705	0.00392789429	-0.00466257638
0.06425906759	0.00377745052	-0.00457788365
0.06426785932	0.00362479779	-0.00449016283
0.06427640499	0.00346996562	-0.00439937114
0.06428468457	0.00331303944	-0.00430549656
0.06429267985	0.00315407952	-0.00420852033
0.06430037327	0.00299314182	-0.00410842595
0.06430774720	0.00283029148	-0.00400520456
0.06431478443	0.00266559620	-0.00389885102
0.06432147130	0.00249904590	-0.00378931407
0.06432778460	0.00233088567	-0.00367669061
0.06433371212	0.00216110734	-0.00356095893
0.06433924113	0.00198971124	-0.00344208388
0.06434435233	0.00181692702	-0.00332016683
0.06434903382	0.00164278600	-0.00319521844
0.06435327472	0.00146728750	-0.00306721585
0.06435705840	0.00129071084	-0.00293630968
0.06436037774	0.00111295884	-0.00280244284
0.06436321949	0.00093427907	-0.00266575368
0.06436557589	0.00075467857	-0.00252625737
0.06436743812	0.00057429129	-0.00238403526
0.06436879884	0.00039323846	-0.00223917804
0.06436965233	0.00021156235	-0.00209172494
0.06436999325	0.00002946939	-0.00194182708
0.06436981800	-0.00015307232	-0.00178948797
0.06436912418	-0.00033578608	-0.00163491311
0.06436790964	-0.00051875656	-0.00147808259
0.06436617542	-0.00070168479	-0.00131922113
0.06436392126	-0.00088461273	-0.00115835346
0.06436115023	-0.00106735228	-0.00099563854
0.06435786593	-0.00124979692	-0.00083120416
0.06435407115	-0.00143193085	-0.00066510740
0.06434977461	-0.00161350778	-0.00049756638
0.06434498138	-0.00179451124	-0.00032866366
0.06433969835	-0.00197487122	-0.00015849712
0.06433393769	-0.00215438193	0.00001272984
0.06432770772	-0.00233300663	0.00018491371
0.06432101955	-0.00251064625	0.00035791786
0.06431388446	-0.00268722269	0.00053162359
0.06430631734	-0.00286259494	0.00070586132
0.06429833131	-0.00303669067	0.00088050017
0.06428994072	-0.00320942709	0.00105540516
0.06428116091	-0.00338071773	0.00123043733
0.06427200796	-0.00355047788	0.00140545981
0.06426249852	-0.00371862659	0.00158033613
0.06425264978	-0.00388508638	0.00175493111
0.06424247762	-0.00404981103	0.00192913699
0.06423200334	-0.00421267688	0.00210278812
0.06422124413	-0.00437363725	0.00227576426
0.06421021749	-0.00453264486	0.00244795131
0.06419894069	-0.00468966040	0.00261925457
0.06418743873	-0.00484454432	0.00278948770
0.06417572195	-0.00499736053	0.00295862764
0.06416381901	-0.00514793452	0.00312646807
0.06415173847	-0.00529635270	0.00329300539
0.06413950879	-0.00544245457	0.00345805166
0.06412714366	-0.00558626401	0.00362154592
0.06411465995	-0.00572776394	0.00378341758
0.06410207908	-0.00586688653	0.00394355421
0.06408941857	-0.00600360955	0.00410187199
0.06407669475	-0.00613792223	0.00425830126
0.06406392482	-0.00626980351	0.00441276875
0.06405112548	-0.00639923626	0.00456520567
0.06403831290	-0.00652620727	0.00471554773
0.06402550088	-0.00665072454	0.00486375444
0.06401270680	-0.00677275927	0.00500975703
0.06399994623	-0.00689229875	0.00515349272
0.06398722964	-0.00700937537	0.00529494153
0.06397456990	-0.00712399512	0.00543407552
0.06396198549	-0.00723611167	0.00557081051
0.06394947909	-0.00734581675	0.00570518947
0.06393707161	-0.00745303794	0.00583711725
0.06392476842	-0.00755783584	0.00596660512
0.06391257684	-0.00766024949	0.00609366504
0.06390051417	-0.00776023121	0.00621822661
0.06388858400	-0.00785784545	0.00634031122
0.06387679475	-0.00795311215	0.00645991384
0.06386515420	-0.00804605365	0.00657703256
0.06385366944	-0.00813669456	0.00669166836
0.06384234697	-0.00822506129	0.00680382534
0.06383119263	-0.00831118206	0.00691351035
0.06382021167	-0.00839508683	0.00702073288
0.06380940869	-0.00847680734	0.00712550470
0.06379878778	-0.00855637643	0.00722784021
0.06378834802	-0.00863386107	0.00732779512
0.06377810033	-0.00870923751	0.00742533728
0.06376804557	-0.00878255456	0.00752049157
0.06375817579	-0.00885392114	0.00761336090
0.06374850991	-0.00892324964	0.00770385260
0.06373903200	-0.00899070074	0.00779211008
0.06372975881	-0.00905619911	0.00787805508
0.06372067269	-0.00911991074	0.00796184531
0.06371179335	-0.00918173665	0.00804338247
0.06370310804	-0.00924180317	0.00812277592
0.06369461509	-0.00930015640	0.00820007901
0.06368632383	-0.00935676532	0.00827525751
0.06367822643	-0.00941171495	0.00834838697
0.06367032183	-0.00946504191	0.00841950466
0.06366260715	-0.00951679307	0.00848866082
0.06365508341	-0.00956698785	0.00855587752
0.06364774971	-0.00961565689	0.00862118334
0.06364060196	-0.00966285063	0.00868462839
0.06363363803	-0.00970860503	0.00874625122
0.06362685555	-0.00975295609	0.00880609018
0.06362025208	-0.00979593921	0.00886418377
0.06361382499	-0.00983758966	0.00892057019
0.06360756899	-0.00987795864	0.00897530804
0.06360148469	-0.00991705832	0.00902841436
0.06359556988	-0.00995491793	0.00907991947
0.06358982010	-0.00999158044	0.00912986918
0.06358423225	-0.01002707878	0.00917830036
0.06357879979	-0.01006146696	0.00922527650
0.06357352043	-0.01009477090	0.00927083417
0.06356840003	-0.01012696487	0.00931494393
0.06356342890	-0.01015812019	0.00935767906
0.06355861587	-0.01018819161	0.00939897928
0.06355475000	-0.01021227949	0.00943286543
0.06355148025	-0.01023260757	0.00946919063
0.06354884867	-0.01024893813	0.00950752900
0.06354688925	-0.01026108020	0.00954743104
0.06354562739	-0.01026889183	0.00958842895
0.06354507950	-0.01027228169	0.00963004206
0.06354525271	-0.01027121015	0.00967178250
0.06354614476	-0.01026568974	0.00971316089
0.06354774405	-0.01025578500	0.00975369212
0.06355002982	-0.01024161171	0.00979290100
0.06355297246	-0.01022333562	0.00983032782
0.06355653406	-0.01020117042	0.00986553381
0.06356066894	-0.01017537537	0.00989810620
0.06356532440	-0.01014625222	0.00992766311
0.06426276804	0.00942332977	-0.00573669208
0.06426779125	0.00938900992	-0.00583001791
0.06427104294	0.00936672510	-0.00586760810
0.06427403707	0.00934615744	-0.00589613818
0.06427697217	0.00932595031	-0.00591993277
0.06427986933	0.00930596037	-0.00594072250
0.06428276835	0.00928591372	-0.00595935524
0.06428571992	0.00926545817	-0.00597628126
0.06428867670	0.00924492013	-0.00599191087
0.06429169555	0.00922390283	-0.00600639862
0.06429478623	0.00920233468	-0.00601988970
0.06429791337	0.00918045947	-0.00603256336
0.06430111048	0.00915803972	-0.00604446724
0.06430440190	0.00913489988	-0.00605563077
0.06430776006	0.00911122910	-0.00606615100
0.06431119065	0.00908698282	-0.00607606740
0.06431470782	0.00906205595	-0.00608539489
0.06431831496	0.00903641856	-0.00609415509
0.06432201531	0.00901004144	-0.00610236467
0.06432581193	0.00898289596	-0.00611003557
0.06432970954	0.00895494111	-0.00611717271
0.06433370708	0.00892617683	-0.00612378804
0.06433780591	0.00889658537	-0.00612988779
0.06434201803	0.00886607103	-0.00613545587
0.06434633916	0.00883465541	-0.00614050175
0.06435077236	0.00880230629	-0.00614502150
0.06435532087	0.00876898946	-0.00614900993
0.06435998714	0.00873467547	-0.00615246043
0.06436477364	0.00869933410	-0.00615536629
0.06436968779	0.00866289752	-0.00615770869
0.06437475039	0.00862519637	-0.00615943604
0.06437991507	0.00858656133	-0.00616063073
0.06438521177	0.00854675406	-0.00616123492
0.06439067939	0.00850546339	-0.00616115339
0.06439624177	0.00846324676	-0.00616052719
0.06440197733	0.00841949026	-0.00615919086
0.06440782974	0.00837460257	-0.00615724324
0.06441385284	0.00832814881	-0.00615455875
0.06441999207	0.00828052665	-0.00615123686
0.06442631467	0.00823118934	-0.00614711675
0.06443276348	0.00818055560	-0.00614229920
0.06443936324	0.00812840481	-0.00613671876
0.06444612602	0.00807461090	-0.00613032419
0.06445304821	0.00801916930	-0.00612309502
0.06446011434	0.00796217051	-0.00611504407
0.06446733788	0.00790347055	-0.00610611684
0.06447471854	0.00784303314	-0.00609628450
0.06448225581	0.00778082168	-0.00608551732
0.06448994890	0.00771679928	-0.00607378480
0.06449779673	0.00765092917	-0.00606105444
0.06450579793	0.00758317438	-0.00604729306
0.06451396493	0.00751337670	-0.00603242326
0.06452227335	0.00744168946	-0.00601646572
0.06453072586	0.00736803370	-0.00599937437
0.06453933584	0.00729223071	-0.00598106198
0.06454808954	0.00721433550	-0.00596150867
0.06455697515	0.00713438576	-0.00594069987
0.06456601181	0.00705213574	-0.00591851482
0.06457516961	0.00696778086	-0.00589498066
0.06458445551	0.00688117773	-0.00587001560
0.06459387620	0.00679217618	-0.00584351806
0.06460339906	0.00670099473	-0.00581552049
0.06461303355	0.00660745003	-0.00578591916
0.06462277156	0.00651152026	-0.00575465589
0.06463260442	0.00641318533	-0.00572167114
0.06464252290	0.00631242691	-0.00568690445
0.06465251723	0.00620922833	-0.00565029494
0.06466257707	0.00610357492	-0.00561178107
0.06467269152	0.00599545422	-0.00557130055
0.06468284913	0.00588485588	-0.00552879095
0.06469303787	0.00577177188	-0.00548418974
0.06470325082	0.00565613237	-0.00543740593
0.06471347208	0.00553796280	-0.00538837903
0.06472367754	0.00541738549	-0.00533710165
0.06473387529	0.00529413735	-0.00528339594
0.06474402363	0.00516854948	-0.00522733453
0.06475413465	0.00504029222	-0.00516871134
0.06476416714	0.00490970007	-0.00510760065
0.06477412365	0.00477654749	-0.00504384536
0.06478398092	0.00464093910	-0.00497741563
0.06479371813	0.00450295354	-0.00490828489
0.06480332279	0.00436255143	-0.00483637462
0.06481277698	0.00421976784	-0.00476163498
0.06482206308	0.00407463341	-0.00468401528
0.06483116230	0.00392719936	-0.00460347728
0.06484005525	0.00377753035	-0.00451999461
0.06484872517	0.00362565078	-0.00443352331
0.06485715508	0.00347158964	-0.00434402116
0.06486532524	0.00331543089	-0.00425147584
0.06487321770	0.00315723385	-0.00415586861
0.06488081511	0.00299705369	-0.00405718302
0.06488810008	0.00283495464	-0.00395541011
0.06489505559	0.00267100349	-0.00385054461
0.06490166808	0.00250519073	-0.00374253642
0.06490791469	0.00233775756	-0.00363147950
0.06491378325	0.00216869648	-0.00351735294
0.06491926111	0.00199800837	-0.00340012257
0.06492432917	0.00182591953	-0.00327988693
0.06492897559	0.00165246144	-0.00315665681
0.06493318949	0.00147763421	-0.00303041031
0.06493695437	0.00130171318	-0.00290129414
0.06494026306	0.00112460376	-0.00276925355
0.06494310235	0.00094655023	-0.00263442349
0.06494546444	0.00076756060	-0.00249681959
0.06494734043	0.00058776761	-0.00235652169
0.06494872296	0.00040729162	-0.00221361894
0.06494960619	0.00022617542	-0.00206815049
0.06494998467	0.00004462325	-0.00192026437
0.06494985468	-0.00013739490	-0.00176996527
0.06494921364	-0.00031960556	-0.00161745419
0.06494805929	-0.00050209054	-0.00146271333
0.06494639240	-0.00068455434	-0.00130596243
0.06494421258	-0.00086703666	-0.00114722732
0.06494152264	-0.00104935093	-0.00098666405
0.06493832595	-0.00123139075	-0.00082439863
0.06493462511	-0.00141313891	-0.00066048837
0.06493042849	-0.00159435149	-0.00049514701
0.06492574095	-0.00177501054	-0.00032845694
0.06492056914	-0.00195504545	-0.00016051518
0.06491492485	-0.00213425204	0.00000847863
0.06490881617	-0.00231259238	0.00017842166
0.06490225392	-0.00248996720	0.00034917900
0.06489524910	-0.00266629792	0.00052063322
0.06488781624	-0.00284144400	0.00069261738
0.06487996817	-0.00301533250	0.00086500206
0.06487171895	-0.00318788017	0.00103765385
0.06486308363	-0.00335900021	0.00121043551
0.06485407797	-0.00352860749	0.00138321185
0.06484471833	-0.00369662066	0.00155584807
0.06483502160	-0.00386296180	0.00172821062
0.06482500342	-0.00402758378	0.00190019267
0.06481468472	-0.00419036329	0.00207163121
0.06480408243	-0.00435125280	0.00224240720
0.06479321382	-0.00451020424	0.00241240767
0.06478209594	-0.00466717748	0.00258153874
0.06477075336	-0.00482203367	0.00274961733
0.06475919643	-0.00497483440	0.00291661912
0.06474745330	-0.00512540650	0.00308234184
0.06473553257	-0.00527383383	0.00324678015
0.06472346224	-0.00541995714	0.00340974985
0.06471125593	-0.00556379876	0.00357118989
0.06469893033	-0.00570534084	0.00373103018
0.06468650661	-0.00584451556	0.00388916004
0.06467400212	-0.00598130005	0.00404549656
0.06466143305	-0.00611568282	0.00419997068
0.06464881643	-0.00624764228	0.00435250993
0.06463616882	-0.00637716081	0.00450304628
0.06462350626	-0.00650422465	0.00465151615
0.06461084248	-0.00662884111	0.00479787917
0.06459819466	-0.00675098119	0.00494206764
0.06458557825	-0.00687063183	0.00508401958
0.06457300371	-0.00698782450	0.00522371477
0.06456048385	-0.00710256472	0.00536112539
0.06454803690	-0.00721480643	0.00549616898
0.06453566574	-0.00732463979	0.00562888671
0.06452339094	-0.00743199314	0.00575918565
0.06451121799	-0.00753692603	0.00588707624
0.06449915421	-0.00763947682	0.00601256985
0.06448721669	-0.00773959839	0.00613559775
0.06447540910	-0.00783735422	0.00625618043
0.06446373985	-0.00793276396	0.00637431285
0.06445221670	-0.00802584967	0.00648999306
0.06444084671	-0.00811663570	0.00660322197
0.06442963638	-0.00820514818	0.00671400357
0.06441859154	-0.00829141509	0.00682234457
0.06440771745	-0.00837546614	0.00692825428
0.06439701873	-0.00845733283	0.00703174427
0.06438649948	-0.00853704778	0.00713282871
0.06437615890	-0.00861467733	0.00723156204
0.06436600775	-0.00869019831	0.00732791328
0.06435604694	-0.00876365916	0.00742190684
0.06434626883	-0.00883516768	0.00751364318
0.06433669191	-0.00890463776	0.00760303254
0.06432730073	-0.00897222831	0.00769021473
0.06431811168	-0.00903786534	0.00777511407
0.06430910759	-0.00910171305	0.00785788437
0.06430030774	-0.00916367418	0.00793843053
0.06429169972	-0.00922387377	0.00801685927
0.06428328192	-0.00928235776	0.00809322308
0.06427506349	-0.00933909595	0.00816748914
0.06426703680	-0.00939417268	0.00823973140
0.06425920083	-0.00944762451	0.00830998666
0.06425155278	-0.00949949819	0.00837830434
0.06424409362	-0.00954981332	0.00844470648
0.06423682251	-0.00959860059	0.00850922141
0.06422973545	-0.00964591023	0.00857189842
0.06422283033	-0.00969177820	0.00863277557
0.06421610484	-0.00973624048	0.00869189072
0.06420955658	-0.00977933245	0.00874928190
0.06420318296	-0.00982108941	0.00880498683
0.06419697881	-0.00986156234	0.00885906311
0.06419094467	-0.00990076370	0.00891152788
0.06418507840	-0.00993872281	0.00896241118
0.06417937558	-0.00997548247	0.00901175811
0.06417383317	-0.01001107566	0.00905960509
0.06416844475	-0.01004555613	0.00910601446
0.06416320806	-0.01007894991	0.00915102240
0.06415812877	-0.01011123199	0.00919460072
0.06415319741	-0.01014247319	0.00923682123
0.06414842255	-0.01017262916	0.00927762563
0.06414461153	-0.01019663235	0.00931090867
0.06414138012	-0.01021693970	0.00934662431
0.06413876979	-0.01023331370	0.00938435382
0.06413681424	-0.01024556287	0.00942365485
0.06413553879	-0.01025354399	0.00946406663
0.06413495999	-0.01025716373	0.00950511538
0.06413508536	-0.01025637977	0.00954631983
0.06413591328	-0.01025120129	0.00958719691
0.06413743299	-0.01024168883	0.00962726736
0.06413962477	-0.01022795360	0.00966606139
0.06414246027	-0.01021015623	0.00970312418
0.06414590298	-0.01018850484	0.00973802121
0.06414990877	-0.01016325268	0.00977034333
0.06415442661	-0.01013469518	0.00979971161
0.06485447110	0.00938501348	-0.00566027502
0.06485935354	0.00935121157	-0.00575244360
0.06486252380	0.00932919645	-0.00578957199
0.06486544587	0.00930885771	-0.00581775296
0.06486831181	0.00928886555	-0.00584125842
0.06487114201	0.00926907945	-0.00586179657
0.06487397499	0.00924923075	-0.00588020491
0.06487685982	0.00922897394	-0.00589692891
0.06487975072	0.00920862892	-0.00591237229
0.06488270273	0.00918780641	-0.00592668884
0.06488572533	0.00916643599	-0.00594002204
0.06488878431	0.00914475645	-0.00595254785
0.06489191214	0.00912253470	-0.00596431403
0.06489513241	0.00909959832	-0.00597535021
0.06489841846	0.00907613251	-0.00598575140
0.06490177584	0.00905209329	-0.00599555663
0.06490521827	0.00902737732	-0.00600478094
0.06490874908	0.00900195495	-0.00601344569
0.06491237143	0.00897579720	-0.00602156738
0.06491608833	0.00894887571	-0.00602915780
0.06491990438	0.00892114988	-0.00603622189
0.06492381860	0.00889261934	-0.00604277135
0.06492783232	0.00886326632	-0.00604881231
0.06493195724	0.00883299661	-0.00605432918
0.06493618922	0.00880183101	-0.00605933113
0.06494053128	0.00876973756	-0.00606381431
0.06494498659	0.00873668228	-0.00606777362
0.06494955757	0.00870263591	-0.00607120256
0.06495424665	0.00866756840	-0.00607409454
0.06495906106	0.00863141278	-0.00607643113
0.06496402097	0.00859400253	-0.00607816201
0.06496908154	0.00855566151	-0.00607936704
0.06497427180	0.00851615551	-0.00607998999
0.06497962945	0.00847517888	-0.00607993805
0.06498508079	0.00843327785	-0.00607934800
0.06499070180	0.00838984983	-0.00607805898
0.06499643797	0.00834529514	-0.00607616671
0.06500234149	0.00829918675	-0.00607354895
0.06500835956	0.00825191414	-0.00607030204
0.06501455734	0.00820294055	-0.00606626950
0.06502087951	0.00815267610	-0.00606154884
0.06502735007	0.00810090386	-0.00605607626
0.06503398073	0.00804749960	-0.00604980164
0.06504076807	0.00799245827	-0.00604270465
0.06504769710	0.00793586803	-0.00603479737
0.06505478093	0.00787758709	-0.00602602653
0.06506201930	0.00781757922	-0.00601636368
0.06506941173	0.00775580795	-0.00600577949
0.06507695751	0.00769223643	-0.00599424389
0.06508465560	0.00762682800	-0.00598172481
0.06509250470	0.00755954571	-0.00596818950
0.06510051688	0.00749023376	-0.00595356221
0.06510866853	0.00741904189	-0.00593786243
0.06511696224	0.00734589200	-0.00592104487
0.06512541100	0.00727060810	-0.00590302421
0.06513400147	0.00719324349	-0.00588378038
0.06514272223	0.00711383449	-0.00586329861
0.06515159182	0.00703213932	-0.00584146084
0.06516058123	0.00694834904	-0.00581829267
0.06516969720	0.00686232230	-0.00579371394
0.06517894621	0.00677391109	-0.00576762508
0.06518829659	0.00668332912	-0.00574005674
0.06519775749	0.00659039586	-0.00571090738
0.06520732103	0.00649508923	-0.00568011956
0.06521697874	0.00639738886	-0.00564763448
0.06522672162	0.00629727610	-0.00561339241
0.06523654015	0.00619473398	-0.00557733324
0.06524642424	0.00608974747	-0.00553939617
0.06525636323	0.00598230371	-0.00549951966
0.06526634594	0.00587239197	-0.00545764202
0.06527636062	0.00576000378	-0.00541370148
0.06528640045	0.00564507003	-0.00536760857
0.06529644991	0.00552761515	-0.00531930335
0.06530648548	0.00540775866	-0.00526877761
0.06531651490	0.00528524185	-0.00521585750
0.06532649756	0.00516038924	-0.00516061245
0.06533644505	0.00503287679	-0.00510284123
0.06534631721	0.00490303244	-0.00504261486
0.06535611637	0.00477063441	-0.00497977980
0.06536581979	0.00463578505	-0.00491430591
0.06537540705	0.00449856128	-0.00484616644
0.06538486583	0.00435892416	-0.00477528420
0.06539417855	0.00421690792	-0.00470160980
0.06540332788	0.00407254244	-0.00462509312
0.06541229535	0.00392587789	-0.00454569615
0.06542106190	0.00377697769	-0.00446339250
0.06542961101	0.00362586577	-0.00437813877
0.06543792596	0.00347257061	-0.00428989326
0.06544598728	0.00331717477	-0.00419864339
0.06545377731	0.00315973664	-0.00410437045
0.06546127891	0.00300031059	-0.00400705803
0.06546847490	0.00283895999	-0.00390669708
0.06547534847	0.00267575077	-0.00380328219
0.06548188617	0.00251067395	-0.00369676443
0.06548806547	0.00234396692	-0.00358723491
0.06549387426	0.00217562286	-0.00347467346
0.06549929996	0.00200564321	-0.00335904688
0.06550432370	0.00183425094	-0.00324045100
0.06550893368	0.00166147773	-0.00311889671
0.06551311904	0.00148732445	-0.00299436302
0.06551686342	0.00131206253	-0.00286699289
0.06552015959	0.00113559993	-0.00273673381
0.06552299440	0.00095817772	-0.00260371746
0.06552536001	0.00077980482	-0.00246795990
0.06552724749	0.00060061281	-0.00232953951
0.06552864941	0.00042072117	-0.00218854391
0.06552955987	0.00024017318	-0.00204501223
0.06552997329	0.00005917096	-0.00189908944
0.06552988585	-0.00012231368	-0.00175078141
0.06552929481	-0.00030401045	-0.00160028475
0.06552819779	-0.00048599836	-0.00144758369
0.06552659533	-0.00066798531	-0.00129289316
0.06552448691	-0.00085000883	-0.00113624004
0.06552187509	-0.00103188384	-0.00097777752
0.06551876302	-0.00121350408	-0.00081762992
0.06551515314	-0.00139485101	-0.00065585473
0.06551105344	-0.00157568299	-0.00049266146
0.06550646863	-0.00175598066	-0.00032813231
0.06550140510	-0.00193567289	-0.00016236343
0.06549587429	-0.00211455705	0.00000444918
0.06548988405	-0.00229259405	0.00017220335
0.06548344492	-0.00246968450	0.00034076588
0.06547656764	-0.00264574933	0.00051002055
0.06546926639	-0.00282064850	0.00067980303
0.06546155373	-0.00299430848	0.00084998528
0.06545344342	-0.00316664562	0.00102043548
0.06544495021	-0.00333757278	0.00119101805
0.06543608958	-0.00350700449	0.00136159946
0.06542687759	-0.00367485901	0.00153204651
0.06541733083	-0.00384105799	0.00170222729
0.06540746472	-0.00400555347	0.00187203585
0.06539729980	-0.00416822247	0.00204131176
0.06538685277	-0.00432901666	0.00220993717
0.06537614066	-0.00448788723	0.00237780023
0.06536518030	-0.00464479326	0.00254480784
0.06535399584	-0.00479959661	0.00271078013
0.06534259762	-0.00495235662	0.00287569155
0.06533101329	-0.00510290143	0.00303934377
0.06531925151	-0.00525131246	0.00320172980
0.06530733980	-0.00539743165	0.00336266904
0.06529529169	-0.00554127989	0.00352210039
0.06528312374	-0.00568283856	0.00367995426
0.06527085683	-0.00582203987	0.00383612168
0.06525850813	-0.00595886033	0.00399052061
0.06524609371	-0.00609328776	0.00414308260
0.06523363043	-0.00622530009	0.00429373597
0.06522113469	-0.00635487919	0.00444241344
0.06520862240	-0.00648201083	0.00458905210
0.06519610720	-0.00660670159	0.00473361176
0.06518360610	-0.00672892234	0.00487602569
0.06517113441	-0.00684865967	0.00501623277
0.06515870258	-0.00696594414	0.00515421248
0.06514632333	-0.00708078081	0.00528993719
0.06513401468	-0.00719312394	0.00542332607
0.06512177964	-0.00730306212	0.00555441856
0.06510963851	-0.00741052446	0.00568312391
0.06509759685	-0.00751556945	0.00580945173
0.06508566200	-0.00761823483	0.00593341282
0.06507385081	-0.00771847401	0.00605494011
0.06506216704	-0.00781634953	0.00617405317
0.06505061908	-0.00791188076	0.00629074700
0.06503921465	-0.00800508948	0.00640501959
0.06502796081	-0.00809599978	0.00651687179
0.06501686403	-0.00818463753	0.00662630747
0.06500593015	-0.00827103048	0.00673333321
0.06499516442	-0.00835520808	0.00683795817
0.06498457147	-0.00843720160	0.00694019370
0.06497415541	-0.00851704343	0.00704005374
0.06496391556	-0.00859479929	0.00713759153
0.06495386251	-0.00867044661	0.00723277721
0.06494399726	-0.00874403342	0.00732563471
0.06493431239	-0.00881566645	0.00741626214
0.06492482604	-0.00888526106	0.00750457255
0.06491552318	-0.00895297438	0.00759070227
0.06490641987	-0.00901873378	0.00767457809
0.06489749941	-0.00908270168	0.00775635008
0.06488878064	-0.00914478249	0.00783592619
0.06488025150	-0.00920509998	0.00791341062
0.06487191044	-0.00926369993	0.00798885498
0.06486376641	-0.00932055297	0.00806222787
0.06485581198	-0.00937574273	0.00813360164
0.06484804618	-0.00942930574	0.00820301262
0.06484046628	-0.00948128858	0.00827050948
0.06483307323	-0.00953171106	0.00833611422
0.06482586620	-0.00958060390	0.00839985490
0.06481884129	-0.00962801712	0.00846178000
0.06481199644	-0.00967398666	0.00852192713
0.06480532937	-0.00971854849	0.00858033367
0.06479883773	-0.00976173799	0.00863703718
0.06479251897	-0.00980359042	0.00869207490
0.06478636802	-0.00984415659	0.00874550347
0.06478038539	-0.00988344923	0.00879734014
0.06477456896	-0.00992149769	0.00884761464
0.06476891439	-0.00995834469	0.00889637141
0.06476341869	-0.00999402319	0.00894364640
0.06475807555	-0.01002858668	0.00898950085
0.06475288273	-0.01006206132	0.00903397054
0.06474784575	-0.01009442279	0.00907702853
0.06474295530	-0.01012574139	0.00911874515
0.06473821977	-0.01015597369	0.00915906403
0.06473446369	-0.01017988759	0.00919176044
0.06473127122	-0.01020016793	0.00922688243
0.06472868332	-0.01021657748	0.00926401822
0.06472673332	-0.01022892434	0.00930273244
0.06472544645	-0.01023706413	0.00934257119
0.06472483938	-0.01024090166	0.00938306739
0.06472492001	-0.01024039206	0.00942374628
0.06472568728	-0.01023554129	0.00946413092
0.06472713124	-0.01022640607	0.00950374785
0.06472923317	-0.01021309322	0.00954213258
0.06473196591	-0.01019575843	0.00957883510
0.06473529427	-0.01017460443	0.00961342510
0.06473917564	-0.01014987867	0.00964549705
0.06474356060	-0.01012187043	0.00967467493
0.06543574829	0.00934734433	-0.00558693278
0.06544049741	0.00931403770	-0.00567798874
0.06544359031	0.00929228108	-0.00571467306
0.06544644385	0.00927216198	-0.00574251832
0.06544924396	0.00925237618	-0.00576574570
0.06545201040	0.00923278588	-0.00578604187
0.06545478045	0.00921312741	-0.00580423436
0.06545760168	0.00919306162	-0.00582076400
0.06546042976	0.00917290222	-0.00583602820
0.06546331803	0.00915226706	-0.00585018001
0.06546627569	0.00913108684	-0.00586336123
0.06546926964	0.00910959562	-0.00587574473
0.06547233135	0.00908756445	-0.00588737835
0.06547548371	0.00906482390	-0.00589829187
0.06547870093	0.00904155544	-0.00590857839
0.06548198840	0.00901771563	-0.00591827653
0.06548535946	0.00899320280	-0.00592740140
0.06548881736	0.00896798755	-0.00593597414
0.06549236520	0.00894204116	-0.00594401104
0.06549600593	0.00891533548	-0.00595152380
0.06549974406	0.00888783036	-0.00595851734
0.06550357864	0.00885952511	-0.00596500316
0.06550751103	0.00883040192	-0.00597098727
0.06551155259	0.00880036805	-0.00597645454
0.06551569934	0.00876944351	-0.00598141387
0.06551995426	0.00873759657	-0.00598586147
0.06552432044	0.00870479354	-0.00598979237
0.06552880029	0.00867100529	-0.00599320015
0.06553339619	0.00863620193	-0.00599607831
0.06553811518	0.00860031736	-0.00599840882
0.06554297686	0.00856318773	-0.00600014256
0.06554793781	0.00852513042	-0.00600135700
0.06555302620	0.00848591515	-0.00600199741
0.06555827862	0.00844524155	-0.00600197330
0.06556362367	0.00840364515	-0.00600141739
0.06556913503	0.00836053416	-0.00600017318
0.06557475992	0.00831630095	-0.00599833342
0.06558054895	0.00827052594	-0.00599577907
0.06558645099	0.00822359086	-0.00599260350
0.06559252923	0.00817496844	-0.00598865433
0.06559873009	0.00812506062	-0.00598402597
0.06560507687	0.00807365399	-0.00597865622
0.06561158097	0.00802062607	-0.00597249598
0.06561823908	0.00796597137	-0.00596552508
0.06562503673	0.00790977582	-0.00595775492
0.06563198665	0.00785189970	-0.00594913336
0.06563908861	0.00779230689	-0.00593963235
0.06564634219	0.00773096097	-0.00592922293
0.06565374671	0.00766782521	-0.00591787542
0.06566130119	0.00760286299	-0.00590555819
0.06566900440	0.00753603747	-0.00589223891
0.06567686806	0.00746719507	-0.00587784338
0.06568486928	0.00739648215	-0.00586238995
0.06569301059	0.00732382142	-0.00584583412
0.06570130460	0.00724903951	-0.00582809235
0.06570973838	0.00717218809	-0.00580914440
0.06571830083	0.00709330216	-0.00578897533
0.06572700997	0.00701214377	-0.00576746966
0.06573583762	0.00692889979	-0.00574465150
0.06574479032	0.00684343084	-0.00572044227
0.06575387434	0.00675559096	-0.00569474431
0.06576305892	0.00666558931	-0.00566758657
0.06577235293	0.00657324803	-0.00563886959
0.06578174866	0.00647854479	-0.00560853664
0.06579123788	0.00638145899	-0.00557652961
0.06580081179	0.00628197167	-0.00554278953
0.06581046110	0.00618006557	-0.00550725698
0.06582017595	0.00607572531	-0.00546987188
0.06582994594	0.00596893770	-0.00543057342
0.06583976013	0.00585969161	-0.00538930063
0.06584960704	0.00574797817	-0.00534599245
0.06585947994	0.00563372897	-0.00530056087
0.06586936367	0.00551696747	-0.00525294648
0.06587923528	0.00539781055	-0.00520314032
0.06588910217	0.00527600366	-0.00515097233
0.06589892477	0.00515186505	-0.00509650892
0.06590871422	0.00502507605	-0.00503955345
0.06591843135	0.00489595835	-0.00498017389
0.06592807827	0.00476429377	-0.00491822008
0.06593763273	0.00463018249	-0.00485366161
0.06594707471	0.00449369979	-0.00478647154
0.06595639207	0.00435480716	-0.00471657397
0.06596556751	0.00421353802	-0.00464391998
0.06597458403	0.00406992155	-0.00456845994
0.06598342345	0.00392400691	-0.00449015609
0.06599206702	0.00377585633	-0.00440898205
0.06600049847	0.00362549330	-0.00432489494
0.06600870130	0.00347294584	-0.00423785356
0.06601665636	0.00331829513	-0.00414784511
0.06602434622	0.00316159869	-0.00405485088
0.06603175396	0.00300291016	-0.00395885453
0.06603886262	0.00284229204	-0.00385984693
0.06604565558	0.00267980946	-0.00375782254
0.06605211951	0.00251545394	-0.00365273351
0.06605823220	0.00234945925	-0.00354466829
0.06606398160	0.00218181919	-0.00343360740
0.06606935523	0.00201253573	-0.00331951856
0.06607433441	0.00184182867	-0.00320249503
0.06607890739	0.00166972988	-0.00308254779
0.06608306336	0.00149624094	-0.00295965671
0.06608678609	0.00132162954	-0.00283396122
0.06609006830	0.00114580608	-0.00270541088
0.06609289691	0.00096900853	-0.00257413428
0.06609526404	0.00079124668	-0.00244014791
0.06609716075	0.00061265099	-0.00230352872
0.06609857953	0.00043334011	-0.00216436290
0.06609951444	0.00025335779	-0.00202268952
0.06609995980	0.00007290405	-0.00187865068
0.06609991169	-0.00010804754	-0.00173225330
0.06609936721	-0.00028922973	-0.00158368988
0.06609832391	-0.00047071887	-0.00143294650
0.06609678208	-0.00065222616	-0.00128023356
0.06609474109	-0.00083378701	-0.00112557889
0.06609220327	-0.00101521785	-0.00096913298
0.06608917156	-0.00119641252	-0.00081101851
0.06608564824	-0.00137735123	-0.00065129310
0.06608164099	-0.00155779457	-0.00049016228
0.06607715432	-0.00173772183	-0.00032770801
0.06607219442	-0.00191706138	-0.00016402561
0.06606677236	-0.00209561211	0.00000069237
0.06606089579	-0.00227333386	0.00016634444
0.06605457499	-0.00245012711	0.00033279902
0.06604782044	-0.00262591235	0.00049994109
0.06604064596	-0.00280055005	0.00066760879
0.06603306388	-0.00297396614	0.00083567543
0.06602508767	-0.00314607659	0.00100401071
0.06601673180	-0.00331679395	0.00117248064
0.06600801147	-0.00348603244	0.00134095327
0.06599894244	-0.00365370999	0.00150929700
0.06598954104	-0.00381974785	0.00167738144
0.06597982244	-0.00398409727	0.00184510153
0.06596980683	-0.00414663562	0.00201229929
0.06595951067	-0.00430731381	0.00217885802
0.06594895078	-0.00446608235	0.00234466697
0.06593814374	-0.00462289957	0.00250963379
0.06592711332	-0.00477762803	0.00267358166
0.06591586983	-0.00493032494	0.00283648392
0.06590444045	-0.00508081972	0.00299814595
0.06589283388	-0.00522919142	0.00315855924
0.06588107718	-0.00537528319	0.00331754663
0.06586918380	-0.00551911452	0.00347504697
0.06585717015	-0.00566066608	0.00363099118
0.06584505681	-0.00579987010	0.00378527191
0.06583286081	-0.00593670254	0.00393780797
0.06582059807	-0.00607115056	0.00408853149
0.06580828530	-0.00620319162	0.00423737157
0.06579593873	-0.00633280713	0.00438426164
0.06578357414	-0.00645998243	0.00452913947
0.06577120508	-0.00658472338	0.00467196499
0.06575884839	-0.00670700074	0.00481267246
0.06574651923	-0.00682680078	0.00495120153
0.06573422804	-0.00694415320	0.00508753146
0.06572198745	-0.00705906262	0.00522163478
0.06570981527	-0.00717148360	0.00535343220
0.06569771465	-0.00728150322	0.00548296157
0.06568570560	-0.00738905136	0.00561013416
0.06567379374	-0.00749418550	0.00573495884
0.06566198642	-0.00759694275	0.00585744585
0.06565030027	-0.00769727707	0.00597752969
0.06563873914	-0.00779525007	0.00609522909
0.06562731138	-0.00789088087	0.00621053906
0.06561602468	-0.00798419098	0.00632345755
0.06560488607	-0.00807520423	0.00643398536
0.06559390202	-0.00816394625	0.00654212624
0.06558307834	-0.00825044455	0.00664788666
0.06557242029	-0.00833472835	0.00675127559
0.06556193251	-0.00841682869	0.00685230421
0.06555161911	-0.00849677774	0.00695098625
0.06554147952	-0.00857464062	0.00704737379
0.06553152417	-0.00865039534	0.00714143803
0.06552175411	-0.00872408953	0.00723320245
0.06551216219	-0.00879582886	0.00732276291
0.06550276617	-0.00886553013	0.00741003515
0.06549355144	-0.00893334876	0.00749515216
0.06548453373	-0.00899921340	0.00757804310
0.06547569679	-0.00906328475	0.00765885447
0.06546705903	-0.00912546886	0.00773749713
0.06545860873	-0.00918588824	0.00781407285
0.06545034441	-0.00924458853	0.00788863244
0.06544227481	-0.00930154114	0.00796114580
0.06543439272	-0.00935682902	0.00803168379
0.06542669718	-0.00941048865	0.00810028230
0.06541918553	-0.00946256646	0.00816698924
0.06541185873	-0.00951308245	0.00823182657
0.06540471594	-0.00956206736	0.00829482213
0.06539775336	-0.00960957101	0.00835602360
0.06539096897	-0.00965562932	0.00841546816
0.06538436053	-0.00970027823	0.00847319271
0.06537792573	-0.00974355310	0.00852923437
0.06537166207	-0.00978548920	0.00858362995
0.06536556456	-0.00982613710	0.00863643513
0.06535963369	-0.00986550984	0.00868766727
0.06535386735	-0.00990363679	0.00873735582
0.06534826131	-0.00994056056	0.00878554456
0.06534281259	-0.00997631409	0.00883226902
0.06533751501	-0.01001095063	0.00887758935
0.06533236634	-0.01004449643	0.00892154099
0.06532737194	-0.01007692786	0.00896409813
0.06532252271	-0.01010831473	0.00900532972
0.06531782679	-0.01013861446	0.00904518122
0.06531412469	-0.01016243652	0.00907731663
0.06531097101	-0.01018268463	0.00911187020
0.06530840613	-0.01019912194	0.00914843682
0.06530646308	-0.01021155618	0.00918658777
0.06530516695	-0.01021984195	0.00922587577
0.06530453453	-0.01022388233	0.00926584021
0.06530457402	-0.01022363010	0.00930601253
0.06530528490	-0.01021908820	0.00934592177
0.06530665797	-0.01021030973	0.00938510000
0.06530867543	-0.01019739736	0.00942308792
0.06531131125	-0.01018050210	0.00945944013
0.06531453151	-0.01015982157	0.00949373045
0.06531829499	-0.01013559767	0.00952555686
0.06532255380	-0.01010811384	0.00955454622
0.06602699859	0.00930902018	-0.00551403676
0.06603161696	0.00927620406	-0.00560398501
0.06603463374	0.00925470403	-0.00564022716
0.06603741977	0.00923480317	-0.00566773811
0.06604015501	0.00921522254	-0.00569068855
0.06604285855	0.00919582701	-0.00571074371
0.06604556652	0.00917635785	-0.00572872119
0.06604832499	0.00915648221	-0.00574505718
0.06605109104	0.00913650767	-0.00576014287
0.06605391635	0.00911605914	-0.00577413052
0.06605680987	0.00909506840	-0.00578716029
0.06605973956	0.00907376486	-0.00579940194
0.06606273593	0.00905192367	-0.00581090341
0.06606582117	0.00902937835	-0.00582169461
0.06606897033	0.00900630666	-0.00583186676
0.06607218868	0.00898266573	-0.00584145806
0.06607548915	0.00895835552	-0.00585048371
0.06607887494	0.00893334691	-0.00585896459
0.06608234907	0.00890761141	-0.00586691683
0.06608591445	0.00888112108	-0.00587435199
0.06608957546	0.00885383623	-0.00588127500
0.06609333124	0.00882575583	-0.00588769714
0.06609718313	0.00879686210	-0.00589362432
0.06610114216	0.00876706366	-0.00589904187
0.06610520454	0.00873637982	-0.00590395839
0.06610937317	0.00870477906	-0.00590837021
0.06611365111	0.00867222794	-0.00591227241
0.06611804070	0.00863869751	-0.00591565869
0.06612254430	0.00860415803	-0.00591852265
0.06612716877	0.00856854423	-0.00592084664
0.06613193314	0.00853169496	-0.00592258271
0.06613679538	0.00849392114	-0.00592380600
0.06614178283	0.00845499642	-0.00592446325
0.06614693096	0.00841462562	-0.00592446624
0.06615217065	0.00837333373	-0.00592394373
0.06615757333	0.00833053963	-0.00592274348
0.06616308789	0.00828662780	-0.00592095534
0.06616876342	0.00824118609	-0.00591846341
0.06617455039	0.00819458852	-0.00591535813
0.06618051009	0.00814631723	-0.00591149117
0.06618659063	0.00809676607	-0.00590695390
0.06619281462	0.00804572510	-0.00590168566
0.06619919315	0.00799307362	-0.00589563840
0.06620572305	0.00793880564	-0.00588879209
0.06621239033	0.00788300496	-0.00588115746
0.06621920733	0.00782553388	-0.00587268351
0.06622617389	0.00776635637	-0.00586334254
0.06623328962	0.00770543612	-0.00585310599
0.06624055389	0.00764273646	-0.00584194458
0.06624796577	0.00757822087	-0.00582982708
0.06625552408	0.00751185257	-0.00581672159
0.06626324020	0.00744348022	-0.00580255544
0.06627109197	0.00737324684	-0.00578734588
0.06627908184	0.00730107595	-0.00577104918
0.06628722206	0.00722679676	-0.00575358354
0.06629550008	0.00715045933	-0.00573492859
0.06630390515	0.00707209738	-0.00571506919
0.06631245474	0.00699147672	-0.00569389243
0.06632112150	0.00690878012	-0.00567142095
0.06632991178	0.00682387013	-0.00564757774
0.06633883163	0.00673660284	-0.00562226701
0.06634785120	0.00664718292	-0.00559551605
0.06635697906	0.00655543513	-0.00556722747
0.06636620770	0.00646133693	-0.00553734522
0.06637552909	0.00636486746	-0.00550581191
0.06638493466	0.00626600751	-0.00547256928
0.06639441533	0.00616473948	-0.00543755862
0.06640396148	0.00606104771	-0.00540072058
0.06641356295	0.00595491865	-0.00536199506
0.06642320904	0.00584634079	-0.00532132181
0.06643288853	0.00573530488	-0.00527864048
0.06644259480	0.00562174321	-0.00523386451
0.06645231303	0.00550567828	-0.00518693500
0.06646202084	0.00538722436	-0.00513784230
0.06647172530	0.00526613103	-0.00508642005
0.06648138785	0.00514271033	-0.00503273171
0.06649101919	0.00501664893	-0.00497658519
0.06650058114	0.00488826232	-0.00491804543
0.06651007559	0.00475733591	-0.00485696562
0.06651948077	0.00462396772	-0.00479331509
0.06652877707	0.00448823142	-0.00472706674
0.06653795253	0.00435008894	-0.00465814594
0.06654699014	0.00420957288	-0.00458650422
0.06655587319	0.00406671175	-0.00451209247
0.06656458380	0.00392155370	-0.00443487318
0.06657310356	0.00377415981	-0.00435481997
0.06658141644	0.00362455312	-0.00427189049
0.06658950615	0.00347276119	-0.00418604405
0.06659735387	0.00331886386	-0.00409726761
0.06660494239	0.00316291778	-0.00400554250
0.06661225503	0.00300497585	-0.00391085244
0.06661927504	0.00284509974	-0.00381318821
0.06662598602	0.00268335377	-0.00371254416
0.06663237472	0.00251972995	-0.00360887351
0.06663841929	0.00235445847	-0.00350226210
0.06664410774	0.00218753377	-0.00339269113
0.06664942766	0.00201895829	-0.00328012920
0.06665436061	0.00184894874	-0.00316466707
0.06665889490	0.00167753714	-0.00304631580
0.06666301974	0.00150472576	-0.00292505611
0.06666671905	0.00133077862	-0.00280102393
0.06666998552	0.00115560849	-0.00267417089
0.06667280613	0.00097945028	-0.00254462253
0.06667517297	0.00080231465	-0.00241239572
0.06667707710	0.00062433092	-0.00227756603
0.06667851097	0.00044561690	-0.00214021825
0.06667946857	0.00026621680	-0.00200039133
0.06667994412	0.00008632858	-0.00185822459
0.06667993364	-0.00009407249	-0.00171372596
0.06667943407	-0.00027472218	-0.00156708387
0.06667844286	-0.00045569421	-0.00141828622
0.06667696011	-0.00063670307	-0.00126753894
0.06667498506	-0.00081778211	-0.00111487080
0.06667251983	-0.00099874921	-0.00096042958
0.06666956715	-0.00117949837	-0.00080433635
0.06666612916	-0.00136000857	-0.00064664887
0.06666221320	-0.00154004263	-0.00048756870
0.06665782362	-0.00171957850	-0.00032717755
0.06665296640	-0.00189854411	-0.00016556994
0.06664765226	-0.00207673985	-0.00000293496
0.06664188865	-0.00225412451	0.00016062654
0.06663568557	-0.00243059846	0.00032498462
0.06662905325	-0.00260608181	0.00049002545
0.06662200521	-0.00278043552	0.00065558962
0.06661455348	-0.00295358499	0.00082155180
0.06660671128	-0.00312544587	0.00098778316
0.06659849280	-0.00329593041	0.00115415136
0.06658991293	-0.00346495255	0.00132052600
0.06658098717	-0.00363242988	0.00148677704
0.06657173157	-0.00379828330	0.00165277563
0.06656216106	-0.00396246328	0.00181841763
0.06655229547	-0.00412484758	0.00198354744
0.06654215103	-0.00428538635	0.00214804954
0.06653174432	-0.00444402945	0.00231181428
0.06652109171	-0.00460073448	0.00247475006
0.06651021656	-0.00475536472	0.00263668308
0.06649912916	-0.00490797526	0.00279758560
0.06648785620	-0.00505839683	0.00295726669
0.06647640642	-0.00520670614	0.00311571634
0.06646480643	-0.00535274755	0.00327276077
0.06645306958	-0.00549653917	0.00342833884
0.06644121212	-0.00563806098	0.00358238195
0.06642925438	-0.00577724526	0.00373478439
0.06641721318	-0.00591406742	0.00388546580
0.06640510431	-0.00604851397	0.00403435890
0.06639294431	-0.00618056192	0.00418139356
0.06638074927	-0.00631019225	0.00432650393
0.06636853480	-0.00643738984	0.00446962843
0.06635631438	-0.00656215989	0.00461072716
0.06634410464	-0.00668447303	0.00474973536
0.06633192063	-0.00680431524	0.00488659342
0.06631977274	-0.00692171533	0.00502128041
0.06630767353	-0.00703667755	0.00515376901
0.06629564057	-0.00714915671	0.00528398147
0.06628367716	-0.00725923843	0.00541195406
0.06627180299	-0.00736685334	0.00553760006
0.06626002377	-0.00747205792	0.00566092761
0.06624834686	-0.00757488865	0.00578194641
0.06623678864	-0.00767530007	0.00590059249
0.06622535304	-0.00777335283	0.00601688379
0.06621404838	-0.00786906582	0.00613081529
0.06620288231	-0.00796246028	0.00624238493
0.06619186185	-0.00805355978	0.00635159344
0.06618099342	-0.00814238972	0.00645844449
0.06617028284	-0.00822897737	0.00656294439
0.06615973537	-0.00831335170	0.00666510198
0.06614935562	-0.00839554353	0.00676492823
0.06613914773	-0.00847558482	0.00686243668
0.06612911123	-0.00855354008	0.00695767825
0.06611925639	-0.00862938787	0.00705062520
0.06610958430	-0.00870317547	0.00714130055
0.06610008808	-0.00877500747	0.00722979797
0.06609078511	-0.00884480210	0.00731603581
0.06608166120	-0.00891271304	0.00740014380
0.06607273175	-0.00897867026	0.00748205341
0.06606398093	-0.00904283273	0.00756190762
0.06605542677	-0.00910510811	0.00763962016
0.06604705787	-0.00916561767	0.00771529041
0.06603887278	-0.00922440689	0.00778896839
0.06603088008	-0.00928144796	0.00786062525
0.06602307274	-0.00933682315	0.00793033040
0.06601544983	-0.00939056889	0.00799811928
0.06600800878	-0.00944273145	0.00806403906
0.06600075050	-0.00949333100	0.00812811166
0.06599367420	-0.00954239831	0.00819036466
0.06598677615	-0.00958998300	0.00825084501
0.06598005436	-0.00963612094	0.00830958940
0.06597350666	-0.00968084805	0.00836663431
0.06596713076	-0.00972419969	0.00842201639
0.06596092420	-0.00976621108	0.00847577199
0.06595488210	-0.00980693261	0.00852795592
0.06594900491	-0.00984637755	0.00857858558
0.06594329056	-0.00988457535	0.00862769016
0.06593773487	-0.00992156845	0.00867531277
0.06593233492	-0.00995738981	0.00872148852
0.06592708464	-0.00999209243	0.00876627654
0.06592198182	-0.01002570263	0.00880971186
0.06591703167	-0.01005819746	0.00885176981
0.06591222526	-0.01008964623	0.00889251797
0.06590757053	-0.01012000723	0.00893190358
0.06590392325	-0.01014373205	0.00896348344
0.06590080942	-0.01016394203	0.00899747341
0.06589826888	-0.01018040072	0.00903347501
0.06589633428	-0.01019291561	0.00907106613
0.06589503058	-0.01020134032	0.00910980605
0.06589437466	-0.01020557633	0.00914924060
0.06589437501	-0.01020557409	0.00918890743
0.06589503162	-0.01020133364	0.00922834149
0.06589633599	-0.01019290456	0.00926708044
0.06589827124	-0.01018038543	0.00930467012
0.06590081241	-0.01016392267	0.00934066981
0.06590392682	-0.01014370886	0.00937465745
0.06590757464	-0.01011998048	0.00940623457
0.06591170947	-0.01009301515	0.00943503095
0.06660783682	0.00927138467	-0.00544404132
0.06661233128	0.00923903792	-0.00553292424
0.06661527572	0.00921778397	-0.00556874106
0.06661799751	0.00919809263	-0.00559593044
0.06662067096	0.00917870907	-0.00561861446
0.06662331458	0.00915950074	-0.00563843773
0.06662596337	0.00914021361	-0.00565620834
0.06662866200	0.00912052083	-0.00567235798
0.06663136889	0.00910072416	-0.00568727189
0.06663413414	0.00908045522	-0.00570110153
0.06663696646	0.00905964686	-0.00571398548
0.06663983481	0.00903852402	-0.00572609057
0.06664276879	0.00901686578	-0.00573746480
0.06664578994	0.00899450848	-0.00574813818
0.06664887411	0.00897162635	-0.00575820016
0.06665202643	0.00894817704	-0.00576768852
0.06665525948	0.00892406209	-0.00577661853
0.06665857636	0.00889925262	-0.00578501085
0.06666198007	0.00887372039	-0.00579288144
0.06666547342	0.00884743767	-0.00580024173
0.06666906073	0.00882036518	-0.00580709666
0.06667274117	0.00879250161	-0.00581345727
0.06667651610	0.00876382915	-0.00581932942
0.06668039623	0.00873425779	-0.00582469882
0.06668437793	0.00870380611	-0.00582957386
0.06668846404	0.00867244283	-0.00583395090
0.06669265755	0.00864013476	-0.00583782515
0.06669696080	0.00860685309	-0.00584119038
0.06670137610	0.00857256827	-0.00584404028
0.06670591013	0.00853721580	-0.00584635758
0.06671058139	0.00850063707	-0.00584809542
0.06671534916	0.00846313692	-0.00584932676
0.06672023998	0.00842449270	-0.00584999973
0.06672528830	0.00838441420	-0.00585002823
0.06673042712	0.00834341635	-0.00584953731
0.06673572574	0.00830092822	-0.00584837875
0.06674113465	0.00825732678	-0.00584663967
0.06674670147	0.00821220693	-0.00584420711
0.06675237823	0.00816593538	-0.00584116878
0.06675822439	0.00811800323	-0.00583738016
0.06676418966	0.00806879662	-0.00583292976
0.06677029601	0.00801810895	-0.00582775840
0.06677655422	0.00796582118	-0.00582181898
0.06678296125	0.00791192688	-0.00581509164
0.06678950356	0.00785650780	-0.00580758647
0.06679619316	0.00779942817	-0.00579925354
0.06680302991	0.00774065209	-0.00579006552
0.06681001346	0.00768014330	-0.00577999421
0.06681714323	0.00761786525	-0.00576901071
0.06682441833	0.00755378148	-0.00575708419
0.06683183765	0.00748785529	-0.00574418315
0.06683941223	0.00741993749	-0.00573023638
0.06684712060	0.00735016789	-0.00571526009
0.06685496513	0.00727847080	-0.00569921128
0.06686295773	0.00720467790	-0.00568200982
0.06687108622	0.00712883773	-0.00566363521
0.06687934017	0.00705098279	-0.00564407216
0.06688773653	0.00697088248	-0.00562321013
0.06689624875	0.00688871566	-0.00560107045
0.06690488297	0.00680434673	-0.00557757757
0.06691364507	0.00671763373	-0.00555263747
0.06692250604	0.00662877705	-0.00552627591
0.06693147417	0.00653760399	-0.00549839744
0.06694054213	0.00644409179	-0.00546894668
0.06694970210	0.00634821935	-0.00543786692
0.06695894571	0.00624996721	-0.00540510058
0.06696826408	0.00614931750	-0.00537058966
0.06697764784	0.00604625425	-0.00533427548
0.06698708703	0.00594076358	-0.00529609864
0.06699657119	0.00583283365	-0.00525599958
0.06700608936	0.00572245483	-0.00521391864
0.06701563501	0.00560956009	-0.00516977061
0.06702519366	0.00549417101	-0.00512349714
0.06703474345	0.00537639939	-0.00507508789
0.06704429116	0.00525599875	-0.00502438003
0.06705379919	0.00513327522	-0.00497143426
0.06706327782	0.00500792055	-0.00491606277
0.06707268979	0.00488024433	-0.00485832769
0.06708203682	0.00475003538	-0.00479808536
0.06709129759	0.00461738971	-0.00473530488
0.06710045287	0.00448237941	-0.00466995902
0.06710949086	0.00434496684	-0.00460197434
0.06711839486	0.00420518386	-0.00453130283
0.06712714844	0.00406305829	-0.00445789588
0.06713573401	0.00391863737	-0.00438171621
0.06714413347	0.00377198104	-0.00430273746
0.06715233101	0.00362311194	-0.00422091779
0.06716031059	0.00347205719	-0.00413621700
0.06716805367	0.00331889532	-0.00404862182
0.06717554328	0.00316368219	-0.00395811364
0.06718276296	0.00300646997	-0.00386467621
0.06718969617	0.00284731956	-0.00376830027
0.06719632670	0.00268629447	-0.00366898006
0.06720264144	0.00252338722	-0.00356666980
0.06720861884	0.00235882454	-0.00346145286
0.06721424699	0.00219260148	-0.00335331110
0.06721951357	0.00202472097	-0.00324221394
0.06722440035	0.00185539671	-0.00312824978
0.06722889571	0.00168466087	-0.00301142974
0.06723298888	0.00151251641	-0.00289173534
0.06723666395	0.00133922379	-0.00276929923
0.06723991358	0.00116469807	-0.00264407493
0.06724272481	0.00098917122	-0.00251618514
0.06724508973	0.00081265470	-0.00238564706
0.06724699936	0.00063527677	-0.00225253494
0.06724844615	0.00045715441	-0.00211693224
0.06724942402	0.00027833225	-0.00197887781
0.06724992712	0.00009900627	-0.00183850827
0.06724995140	-0.00008084662	-0.00169583253
0.06724949366	-0.00026096513	-0.00155103514
0.06724855127	-0.00044142046	-0.00140410572
0.06724712412	-0.00062193024	-0.00125524594
0.06724521137	-0.00080252587	-0.00110448542
0.06724281492	-0.00098302667	-0.00095196941
0.06723993732	-0.00116332679	-0.00079781740
0.06723658056	-0.00134340403	-0.00064208726
0.06723275169	-0.00152302336	-0.00048497678
0.06722845489	-0.00170216150	-0.00032656743
0.06722369593	-0.00188074592	-0.00016695291
0.06721848521	-0.00205857851	-0.00000631905
0.06721283000	-0.00223561706	0.00015523396
0.06720674002	-0.00241176187	0.00031757775
0.06720022529	-0.00258693265	0.00048059963
0.06719329899	-0.00276099089	0.00064414253
0.06718597292	-0.00293386150	0.00080808243
0.06717826002	-0.00310545983	0.00097229196
0.06717017421	-0.00327569786	0.00113664029
0.06716173013	-0.00344448929	0.00130099858
0.06715294299	-0.00361175139	0.00146523827
0.06714382856	-0.00377740476	0.00162923198
0.06713440156	-0.00394139913	0.00179287645
0.06712468148	-0.00410361263	0.00195601841
0.06711468430	-0.00426399474	0.00211854344
0.06710442639	-0.00442249467	0.00228034296
0.06709392390	-0.00457906938	0.00244132612
0.06708319979	-0.00473358282	0.00260132198
0.06707226434	-0.00488608809	0.00276030180
0.06706114376	-0.00503641716	0.00291807816
0.06704984684	-0.00518464454	0.00307463967
0.06703839971	-0.00533061576	0.00322981577
0.06702681567	-0.00547434761	0.00338354531
0.06701511078	-0.00561581942	0.00353576022
0.06700330510	-0.00575496353	0.00368635630
0.06699141531	-0.00589175483	0.00383525403
0.06697945703	-0.00602617923	0.00398238668
0.06696744663	-0.00615821332	0.00412768489
0.06695540006	-0.00628783767	0.00427108347
0.06694333278	-0.00641503671	0.00441252151
0.06693125816	-0.00653981504	0.00455195927
0.06691919268	-0.00666214317	0.00468933288
0.06690715122	-0.00678200679	0.00482458352
0.06689514416	-0.00689943390	0.00495769003
0.06688318395	-0.00701442834	0.00508862526
0.06687128795	-0.00712694522	0.00521731291
0.06685945959	-0.00723706873	0.00534378779
0.06684771827	-0.00734473024	0.00546796507
0.06683606975	-0.00744998528	0.00558985220
0.06682452139	-0.00755286972	0.00570945838
0.06681308935	-0.00765333862	0.00582672111
0.06680177764	-0.00775145178	0.00594165753
0.06679059451	-0.00784722782	0.00605426266
0.06677954761	-0.00794068773	0.00616453441
0.06676864390	-0.00803185485	0.00627247342
0.06675788979	-0.00812075434	0.00637808329
0.06674729109	-0.00820741323	0.00648137020
0.06673685304	-0.00829186027	0.00658234284
0.06672658025	-0.00837412607	0.00668101202
0.06671647687	-0.00845424237	0.00677739105
0.06670654253	-0.00853227308	0.00687152978
0.06669678732	-0.00860819733	0.00696340146
0.06668721241	-0.00868206201	0.00705302867
0.06667781113	-0.00875397069	0.00714050300
0.06666860052	-0.00882384297	0.00722574527
0.06665956678	-0.00889183087	0.00730888213
0.06665072500	-0.00895786562	0.00738984722
0.06664205977	-0.00902210449	0.00746878020
0.06663358872	-0.00908445672	0.00754559748
0.06662530075	-0.00914504237	0.00762039619
0.06661719448	-0.00920390677	0.00769322559
0.06660927830	-0.00926102284	0.00776405803
0.06660154537	-0.00931647219	0.00783296151
0.06659399479	-0.00937029122	0.00789997106
0.06658662406	-0.00942252601	0.00796513314
0.06657943406	-0.00947319691	0.00802846961
0.06657242403	-0.00952233473	0.00809000782
0.06656559031	-0.00956998884	0.00814979399
0.06655893097	-0.00961619511	0.00820786438
0.06655244386	-0.00966098942	0.00826425502
0.06654612673	-0.00970440710	0.00831900215
0.06653997717	-0.00974648335	0.00837214168
0.06653399040	-0.00978726835	0.00842372753
0.06652816682	-0.00982677563	0.00847377720
0.06652250440	-0.00986503466	0.00852231958
0.06651699902	-0.00990208776	0.00856939718
0.06651164781	-0.00993796787	0.00861504469
0.06650644481	-0.00997272773	0.00865932023
0.06650138783	-0.01000639376	0.00870225848
0.06649648194	-0.01003894366	0.00874383584
0.06649171838	-0.01007044624	0.00878411857
0.06648710487	-0.01010086063	0.00882305560
0.06648351129	-0.01012448651	0.00885410397
0.06648043691	-0.01014465414	0.00888755412
0.06647792105	-0.01016112756	0.00892301388
0.06647599599	-0.01017371406	0.00896006752
0.06647468654	-0.01018226642	0.00899828061
0.06647400963	-0.01018668460	0.00903720514
0.06647397403	-0.01018691695	0.00907638476
0.06647458019	-0.01018296073	0.00911536011
0.06647582026	-0.01017486222	0.00915367426
0.06647767821	-0.01016271614	0.00919087801
0.06648013010	-0.01014666456	0.00922653516
0.06648314442	-0.01012689526	0.00926022768
0.06648668264	-0.01010363951	0.00929156055
0.06649069977	-0.01007716944	0.00932016643
0.06719864686	0.00923313384	-0.00537443972
0.06720301971	0.00920125221	-0.00546226165
0.06720589293	0.00918024269	-0.00549765483
0.06720855141	0.00916075966	-0.00552452390
0.06721116394	0.00914157215	-0.00554694249
0.06721374844	0.00912255014	-0.00556653475
0.06721633881	0.00910344426	-0.00558409924
0.06721897835	0.00908393360	-0.00560006318
0.06722162679	0.00906431417	-0.00561480589
0.06722433271	0.00904422422	-0.00562847806
0.06722710455	0.00902359764	-0.00564121664
0.06722991226	0.00900265499	-0.00565318560
0.06723278456	0.00898117922	-0.00566443296
0.06723574235	0.00895900944	-0.00567498883
0.06723876225	0.00893631640	-0.00568494092
0.06724184926	0.00891305830	-0.00569432658
0.06724501559	0.00888913821	-0.00570316115
0.06724826430	0.00886452751	-0.00571146507
0.06725159831	0.00883919819	-0.00571925411
0.06725502039	0.00881312273	-0.00572653960
0.06725853474	0.00878626228	-0.00573332646
0.06726214061	0.00875861521	-0.00573962555
0.06726583933	0.00873016375	-0.00574544260
0.06726964134	0.00870081918	-0.00575076377
0.06727354313	0.00867059942	-0.00575559717
0.06727754751	0.00863947339	-0.00575993926
0.06728165742	0.00860740816	-0.00576378531
0.06728587513	0.00857437508	-0.00576712920
0.06729020294	0.00854034474	-0.00576996472
0.06729464736	0.00850525345	-0.00577227494
0.06729922636	0.00846894512	-0.00577401411
0.06730390050	0.00843171854	-0.00577525303
0.06730869554	0.00839335476	-0.00577594118
0.06731364493	0.00835356846	-0.00577599457
0.06731868375	0.00831286466	-0.00577553460
0.06732387921	0.00827068246	-0.00577441699
0.06732918335	0.00822739144	-0.00577272619
0.06733464238	0.00818259348	-0.00577035213
0.06734020982	0.00813664807	-0.00576737985
0.06734594336	0.00808905512	-0.00576366856
0.06735179428	0.00804019323	-0.00575930398
0.06735778390	0.00798985905	-0.00575422836
0.06736392273	0.00793793518	-0.00574839557
0.06737020783	0.00788441480	-0.00574178588
0.06737662611	0.00782937761	-0.00573440879
0.06738318925	0.00777268978	-0.00572621541
0.06738989714	0.00771431549	-0.00571717878
0.06739674946	0.00765421860	-0.00570727105
0.06740374567	0.00759236263	-0.00569646371
0.06741088493	0.00752871121	-0.00568472631
0.06741816619	0.00746322773	-0.00567202777
0.06742560017	0.00739576510	-0.00565829829
0.06743316605	0.00732645999	-0.00564355310
0.06744086616	0.00725523749	-0.00562774991
0.06744871205	0.00718193172	-0.00561081021
0.06745669190	0.00710658973	-0.00559271339
0.06746479560	0.00702924281	-0.00557344403
0.06747303959	0.00694966391	-0.00555289395
0.06748139811	0.00686802805	-0.00553108315
0.06748987710	0.00678420145	-0.00550793753
0.06749848224	0.00669804411	-0.00548336485
0.06750718537	0.00660975216	-0.00545738934
0.06751599449	0.00651915542	-0.00542991746
0.06752490249	0.00642623093	-0.00540089453
0.06753390170	0.00633095736	-0.00537026450
0.06754298397	0.00623331499	-0.00533797047
0.06755214065	0.00613328572	-0.00530395512
0.06756136255	0.00603085325	-0.00526816048
0.06757063995	0.00592600341	-0.00523052782
0.06757996264	0.00581872401	-0.00519099828
0.06758931987	0.00570900507	-0.00514951286
0.06759870525	0.00559678022	-0.00510598773
0.06760810459	0.00548207015	-0.00506036506
0.06761749658	0.00536498422	-0.00501263386
0.06762688770	0.00524527984	-0.00496263477
0.06763624128	0.00512325731	-0.00491042578
0.06764556722	0.00499861341	-0.00485582331
0.06765482915	0.00487165192	-0.00479888673
0.06766402863	0.00474216500	-0.00473947548
0.06767314479	0.00461024668	-0.00467755846
0.06768215876	0.00447596752	-0.00461310830
0.06769105893	0.00433929031	-0.00454605277
0.06769982890	0.00420024613	-0.00447634429
0.06770845248	0.00405886219	-0.00440393477
0.06771691242	0.00391518477	-0.00432878715
0.06772519090	0.00376927273	-0.00425087510
0.06773327236	0.00362114830	-0.00417015730
0.06774114099	0.00347083815	-0.00408659402
0.06774877852	0.00331841957	-0.00400017179
0.06775616825	0.00316394757	-0.00391087205
0.06776329392	0.00300747364	-0.00381867861
0.06777013921	0.00284905789	-0.00372358215
0.06777668812	0.00268876308	-0.00362557678
0.06778292766	0.00252658217	-0.00352461776
0.06778883659	0.00236273851	-0.00342078601
0.06779440309	0.00219722772	-0.00331406402
0.06779961492	0.00203005323	-0.00320442205
0.06780445409	0.00186142575	-0.00309194616
0.06780890902	0.00169137760	-0.00297664756
0.06781296901	0.00151991241	-0.00285850851
0.06781661830	0.00134728712	-0.00273765844
0.06781984951	0.00117341903	-0.00261405276
0.06782264978	0.00099853722	-0.00248781132
0.06782501117	0.00082265393	-0.00235895168
0.06782692473	0.00064589633	-0.00222754678
0.06782838285	0.00046838059	-0.00209367873
0.06782937942	0.00029015175	-0.00195738630
0.06782990852	0.00011140381	-0.00181880346
0.06782996603	-0.00006788470	-0.00167794005
0.06782954862	-0.00024745541	-0.00153497682
0.06782865360	-0.00042737704	-0.00138990502
0.06782728066	-0.00060737038	-0.00124292217
0.06782542885	-0.00078746487	-0.00109405869
0.06782309990	-0.00096748127	-0.00094345731
0.06782029616	-0.00114731390	-0.00079123599
0.06781701948	-0.00132693942	-0.00063745265
0.06781327663	-0.00150612495	-0.00048230140
0.06780907162	-0.00168484598	-0.00032586342
0.06780441004	-0.00186302957	-0.00016823160
0.06779930195	-0.00204047910	-0.00000958855
0.06779375443	-0.00221715138	0.00014996621
0.06778777697	-0.00239294665	0.00031030586
0.06778137933	-0.00256778428	0.00047131888
0.06777457439	-0.00274152627	0.00063285051
0.06776737370	-0.00291409709	0.00079477803
0.06775978995	-0.00308541177	0.00095697551
0.06775183678	-0.00325538208	0.00111931368
0.06774352856	-0.00342392146	0.00128166518
0.06773488023	-0.00359094692	0.00144390296
0.06772590729	-0.00375637874	0.00160590113
0.06771662424	-0.00392016596	0.00176755729
0.06770705021	-0.00408218710	0.00192872047
0.06769720097	-0.00424239097	0.00208927737
0.06768709263	-0.00440072618	0.00224912048
0.06767674115	-0.00455714902	0.00240815968
0.06766616909	-0.00471152419	0.00256622688
0.06765538670	-0.00486390276	0.00272329239
0.06764441973	-0.00501411801	0.00287917224
0.06763327698	-0.00516224223	0.00303385371
0.06762198414	-0.00530812213	0.00318716939
0.06761055442	-0.00545177323	0.00333905818
0.06759900371	-0.00559317420	0.00348945251
0.06758735181	-0.00573225747	0.00363824969
0.06757561520	-0.00586899743	0.00378537105
0.06756380937	-0.00600337938	0.00393075042
0.06755195051	-0.00613537951	0.00407431917
0.06754005442	-0.00626497799	0.00421601283
0.06752813640	-0.00639215884	0.00435577110
0.06751620972	-0.00651692603	0.00449355443
0.06750429068	-0.00663924999	0.00462929986
0.06749239401	-0.00675911611	0.00476294929
0.06748053007	-0.00687655159	0.00489448141
0.06746871120	-0.00699155988	0.00502386921
0.06745695453	-0.00710409640	0.00515103785
0.06744526362	-0.00721424390	0.00527602067
0.06743365758	-0.00732193450	0.00539873473
0.06742214222	-0.00742722277	0.00551918679
0.06741072490	-0.00753014401	0.00563738559
0.06739942153	-0.00763065380	0.00575327003
0.06738823621	-0.00772881106	0.00586685653
0.06737717715	-0.00782463415	0.00597814010
0.06736625192	-0.00791814385	0.00608711861
0.06735546749	-0.00800936323	0.00619379268
0.06734483023	-0.00809831721	0.00629816578
0.06733434593	-0.00818503261	0.00640024401
0.06732401980	-0.00826953795	0.00650003587
0.06731385648	-0.00835186362	0.00659755201
0.06730386008	-0.00843204113	0.00669280555
0.06729403036	-0.00851013383	0.00678584526
0.06728437724	-0.00858612136	0.00687664537
0.06727490193	-0.00866005027	0.00696522803
0.06726559799	-0.00873202309	0.00705168278
0.06725648212	-0.00880196077	0.00713593284
0.06724754090	-0.00887001369	0.00721810186
0.06723878911	-0.00893611432	0.00729812559
0.06723021175	-0.00900041824	0.00737614044
0.06722182606	-0.00906283624	0.00745206543
0.06721362125	-0.00912348721	0.00752599548
0.06720559598	-0.00918241628	0.00759797911
0.06719775848	-0.00923959714	0.00766798983
0.06719010207	-0.00929511071	0.00773609427
0.06718262590	-0.00934899335	0.00780232702
0.06717532753	-0.00940129097	0.00786673386
0.06716820781	-0.00945202407	0.00792933659
0.06716126601	-0.00950122349	0.00799016231
0.06715449855	-0.00954893838	0.00804925653
0.06714790353	-0.00959520458	0.00810665507
0.06714147886	-0.00964005792	0.00816239354
0.06713522231	-0.00968353371	0.00821650773
0.06712913152	-0.00972566712	0.00826903313
0.06712320179	-0.00976650812	0.00832002281
0.06711743352	-0.00980607048	0.00836949430
0.06711182466	-0.00984438370	0.00841747626
0.06710637120	-0.00988148997	0.00846401054
0.06710107031	-0.00991742220	0.00850913145
0.06709591612	-0.00995223289	0.00855289611
0.06709090648	-0.00998594852	0.00859533885
0.06708604629	-0.01001854745	0.00863643709
0.06708132699	-0.01005009798	0.00867625581
0.06707675609	-0.01008056010	0.00871474560
0.06707321688	-0.01010408219	0.00874526743
0.06707018287	-0.01012420215	0.00877818216
0.06706769279	-0.01014068456	0.00881310389
0.06706577858	-0.01015333659	0.00884962319
0.06706446487	-0.01016201025	0.00888731190
0.06706376862	-0.01016660408	0.00892572817
0.06706369884	-0.01016706434	0.00896442158
0.06706425644	-0.01016338566	0.00900293851
0.06706543420	-0.01015561106	0.00904082737
0.06706721690	-0.01014383148	0.00907764395
0.06706958159	-0.01012818472	0.00911295662
0.06707249790	-0.01010885381	0.00914635135
0.06707592857	-0.01008606493	0.00917743664
0.06707983001	-0.01006008476	0.00920584803
0.06778923987	0.00919494741	-0.00530641855
0.06779349543	0.00916351885	-0.00539320204
0.06779629975	0.00914274795	-0.00542818054
0.06779889691	0.00912346849	-0.00545473606
0.06780145041	0.00910447266	-0.00547689480
0.06780397757	0.00908563292	-0.00549626089
0.06780651127	0.00906670445	-0.00551362357
0.06780909348	0.00904737207	-0.00552940564
0.06781168519	0.00902792621	-0.00554398073
0.06781433349	0.00900801159	-0.00555749865
0.06781704660	0.00898756310	-0.00557009484
0.06781979542	0.00896679705	-0.00558193044
0.06782260779	0.00894550013	-0.00559305349
0.06782550402	0.00892351417	-0.00560349421
0.06782846145	0.00890100655	-0.00561333857
0.06783148497	0.00887793596	-0.00562262355
0.06783458645	0.00885420699	-0.00563136455
0.06783776888	0.00882979128	-0.00563958176
0.06784103511	0.00880466103	-0.00564729079
0.06784438786	0.00877878894	-0.00565450285
0.06784783125	0.00875213656	-0.00566122287
0.06785136458	0.00872470198	-0.00566746149
0.06785498916	0.00869646744	-0.00567322437
0.06785871515	0.00866734551	-0.00567849806
0.06786253919	0.00863735343	-0.00568329043
0.06786646403	0.00860646035	-0.00568759799
0.06787049255	0.00857463358	-0.00569141614
0.06787462700	0.00854184463	-0.00569473882
0.06787886963	0.00850806424	-0.00569755991
0.06788322681	0.00847322950	-0.00569986284
0.06788771597	0.00843718676	-0.00570160290
0.06789229892	0.00840022897	-0.00570284882
0.06789700069	0.00836214074	-0.00570355140
0.06790185372	0.00832264151	-0.00570362867
0.06790679510	0.00828222670	-0.00570319852
0.06791189006	0.00824034513	-0.00570212047
0.06791709212	0.00819735925	-0.00570047640
0.06792244611	0.00815287765	-0.00569815903
0.06792790701	0.00810725286	-0.00569525083
0.06793353080	0.00805999337	-0.00569161458
0.06793927025	0.00801147040	-0.00568733334
0.06794514608	0.00796148380	-0.00568235075
0.06795116850	0.00790991778	-0.00567662158
0.06795733472	0.00785676512	-0.00567012629
0.06796363204	0.00780210353	-0.00566287377
0.06797007184	0.00774580108	-0.00565481615
0.06797665402	0.00768782204	-0.00564592681
0.06798337832	0.00762813037	-0.00563617829
0.06799024421	0.00756668967	-0.00562554240
0.06799725092	0.00750346368	-0.00561398911
0.06800439743	0.00743841584	-0.00560148772
0.06801169418	0.00737140115	-0.00558796982
0.06801912096	0.00730255323	-0.00557344968
0.06802668005	0.00723179790	-0.00555788569
0.06803438266	0.00715897169	-0.00554120095
0.06804221734	0.00708412018	-0.00552337473
0.06805017427	0.00700727351	-0.00550439147
0.06805826939	0.00692820809	-0.00548414528
0.06806647771	0.00684709518	-0.00546265491
0.06807480497	0.00676380281	-0.00543984765
0.06808325668	0.00667819285	-0.00541563297
0.06809180547	0.00659045735	-0.00539003366
0.06810045909	0.00650042854	-0.00536295804
0.06810921060	0.00640808329	-0.00533435206
0.06811805253	0.00631340005	-0.00530416035
0.06812697691	0.00621635887	-0.00527232667
0.06813597529	0.00611694137	-0.00523879439
0.06814503870	0.00601513102	-0.00520350618
0.06815415764	0.00591091331	-0.00516640402
0.06816332212	0.00580427576	-0.00512742970
0.06817252163	0.00569520800	-0.00508652490
0.06818174987	0.00558364436	-0.00504360710
0.06819099299	0.00546960465	-0.00499861899
0.06820023016	0.00535319587	-0.00495154897
0.06820946758	0.00523417921	-0.00490224102
0.06821866953	0.00511284931	-0.00485075057
0.06822784548	0.00498890783	-0.00479689807
0.06823695998	0.00486265291	-0.00474074029
0.06824601439	0.00473388001	-0.00468213965
0.06825498829	0.00460268118	-0.00462106487
0.06826386319	0.00446912552	-0.00455748847
0.06827262763	0.00433317623	-0.00449133936
0.06828126550	0.00419486366	-0.00442257041
0.06828976091	0.00405421441	-0.00435113401
0.06829809688	0.00391127384	-0.00427699336
0.06830625588	0.00376609975	-0.00420012217
0.06831422260	0.00361871399	-0.00412047960
0.06832198144	0.00346914278	-0.00403802638
0.06832951445	0.00331746220	-0.00395274887
0.06833680513	0.00316372646	-0.00386462856
0.06834383745	0.00300798638	-0.00377364932
0.06835059533	0.00285030130	-0.00367980176
0.06835706295	0.00269073321	-0.00358307992
0.06836322743	0.00252927556	-0.00348343998
0.06836906787	0.00236614838	-0.00338096059
0.06837457252	0.00220134785	-0.00327562480
0.06837972925	0.00203487786	-0.00316740368
0.06838452026	0.00186694624	-0.00305638104
0.06838893407	0.00169758544	-0.00294256815
0.06839296004	0.00152679974	-0.00282594802
0.06839658253	0.00135484261	-0.00270664696
0.06839979417	0.00118163360	-0.00258462217
0.06840258217	0.00100739889	-0.00245999079
0.06840493859	0.00083215151	-0.00233277069
0.06840685449	0.00065601757	-0.00220303352
0.06840832224	0.00047911244	-0.00207086013
0.06840933569	0.00030148153	-0.00193628917
0.06840988885	0.00012331693	-0.00179945205
0.06840997757	-0.00005540131	-0.00166035947
0.06840959836	-0.00023441763	-0.00151918853
0.06840874850	-0.00041379838	-0.00137593205
0.06840742748	-0.00059326739	-0.00123078350
0.06840563427	-0.00077285227	-0.00108377407
0.06840337040	-0.00095237516	-0.00093504404
0.06840063805	-0.00113173056	-0.00078470988
0.06839743896	-0.00131089404	-0.00063282954
0.06839377960	-0.00148963483	-0.00047959356
0.06838966383	-0.00166792725	-0.00032508282
0.06838509705	-0.00184569795	-0.00016938940
0.06838008903	-0.00202275179	-0.00001269280
0.06837464664	-0.00219904466	0.00014490814
0.06836877913	-0.00237447675	0.00030328812
0.06836249605	-0.00254896709	0.00046233675
0.06835580997	-0.00272237822	0.00062190152
0.06834873220	-0.00289463418	0.00078186101
0.06834127517	-0.00306564973	0.00094209069
0.06833345226	-0.00323533644	0.00110246280
0.06832527758	-0.00340360752	0.00126285146
0.06831676579	-0.00357037973	0.00142313110
0.06830793214	-0.00373557307	0.00158317724
0.06829879091	-0.00389913592	0.00174288839
0.06828936087	-0.00406094718	0.00190211578
0.06827965757	-0.00422095504	0.00206074723
0.06826969692	-0.00437910754	0.00221867626
0.06825949463	-0.00453536033	0.00237581351
0.06824907289	-0.00468957884	0.00253199365
0.06823844191	-0.00484181221	0.00268718607
0.06822762699	-0.00499189498	0.00284121016
0.06821663694	-0.00513989730	0.00299405192
0.06820549702	-0.00528566705	0.00314554702
0.06819422033	-0.00542921851	0.00329563443
0.06818282261	-0.00557052973	0.00344424705
0.06817132337	-0.00570953323	0.00359128369
0.06815973893	-0.00584620293	0.00373666649
0.06814808463	-0.00598052353	0.00388032984
0.06813637648	-0.00611247087	0.00402220583
0.06812463011	-0.00624202471	0.00416223069
0.06811286068	-0.00636916869	0.00430034474
0.06810108136	-0.00649390617	0.00443650861
0.06808930825	-0.00661620749	0.00457066021
0.06807755596	-0.00673605778	0.00470274219
0.06806583478	-0.00685348347	0.00483273305
0.06805415697	-0.00696848761	0.00496060597
0.06804253943	-0.00708102592	0.00508628748
0.06803098583	-0.00719117979	0.00520980955
0.06801951500	-0.00729888204	0.00533109102
0.06800813278	-0.00740418633	0.00545013805
0.06799684653	-0.00750712737	0.00556695888
0.06798567195	-0.00760766127	0.00568149381
0.06797461317	-0.00770584610	0.00579375853
0.06796367837	-0.00780169998	0.00590374806
0.06795287508	-0.00789524343	0.00601146026
0.06794221021	-0.00798649931	0.00611689568
0.06793169013	-0.00807549230	0.00622005772
0.06792132060	-0.00816224898	0.00632095233
0.06791110681	-0.00824679767	0.00641958789
0.06790105339	-0.00832916852	0.00651597488
0.06789116446	-0.00840939286	0.00661012622
0.06788143985	-0.00848753343	0.00670208965
0.06787188933	-0.00856357042	0.00679184032
0.06786251417	-0.00863755002	0.00687939998
0.06785330814	-0.00870957371	0.00696485619
0.06784428759	-0.00877956383	0.00704813449
0.06783543950	-0.00884766908	0.00712935560
0.06782677831	-0.00891382318	0.00720845733
0.06781828945	-0.00897818003	0.00728557294
0.06780998976	-0.00904065199	0.00736062397
0.06780186875	-0.00910135671	0.00743370321
0.06779392514	-0.00916033918	0.00750485844
0.06778616697	-0.00921757381	0.00757406429
0.06777858776	-0.00927314088	0.00764138605
0.06777118666	-0.00932707666	0.00770685792
0.06776396130	-0.00937942691	0.00777052499
0.06775691254	-0.00943021228	0.00783240899
0.06775003963	-0.00947946363	0.00789253679
0.06774333909	-0.00952722988	0.00795095320
0.06773680906	-0.00957354684	0.00800769361
0.06773044747	-0.00961845029	0.00806279322
0.06772425215	-0.00966197552	0.00811628739
0.06771822077	-0.00970415765	0.00816821119
0.06771234872	-0.00974504645	0.00821861685
0.06770663637	-0.00978465591	0.00826752196
0.06770108171	-0.00982301557	0.00831495490
0.06769568079	-0.00986016748	0.00836095693
0.06769043081	-0.00989614453	0.00840556194
0.06768532603	-0.00993099895	0.00844882613
0.06768036430	-0.00996475729	0.00849078343
0.06767555040	-0.00999739856	0.00853141228
0.06767087593	-0.01002899055	0.00857077642
0.06766634820	-0.01005949409	0.00860882801
0.06766286304	-0.01008290954	0.00863883722
0.06765986953	-0.01010297755	0.00867123006
0.06765740582	-0.01011946330	0.00870562675
0.06765550349	-0.01013217391	0.00874162402
0.06765418698	-0.01014096068	0.00877879984
0.06765347329	-0.01014572083	0.00881671836
0.06765337164	-0.01014639867	0.00885493501
0.06765388333	-0.01014298628	0.00889300174
0.06765500175	-0.01013552358	0.00893047226
0.06765671247	-0.01012409784	0.00896690724
0.06765899348	-0.01010884275	0.00900187954
0.06766181549	-0.01008993678	0.00903497913
0.06766514248	-0.01006760113	0.00906581794
0.06766893219	-0.01004209720	0.00909403442
0.06836944214	0.00915749865	-0.00524105913
0.06837358645	0.00912650405	-0.00532684343
0.06837632523	0.00910596220	-0.00536142287
0.06837886400	0.00908687835	-0.00538767664
0.06838136124	0.00906806679	-0.00540958529
0.06838383374	0.00904940238	-0.00542873368
0.06838631338	0.00903064461	-0.00544590212
0.06838884090	0.00901148382	-0.00546150911
0.06839137846	0.00899220511	-0.00547592281
0.06839397176	0.00897245935	-0.00548929223
0.06839662880	0.00895218239	-0.00550175129
0.06839932136	0.00893158650	-0.00551345846
0.06840207649	0.00891046195	-0.00552446180
0.06840491390	0.00888865315	-0.00553479157
0.06840781165	0.00886632426	-0.00554453215
0.06841077449	0.00884343447	-0.00555372011
0.06841381398	0.00881988981	-0.00556237090
0.06841693305	0.00879566215	-0.00557050452
0.06842013448	0.00877072391	-0.00557813639
0.06842342096	0.00874504800	-0.00558527761
0.06842679649	0.00871859636	-0.00559193310
0.06843026043	0.00869136682	-0.00559811333
0.06843381410	0.00866334160	-0.00560382385
0.06843746737	0.00863443453	-0.00560905161
0.06844121703	0.00860466221	-0.00561380424
0.06844506576	0.00857399400	-0.00561807833
0.06844901640	0.00854239744	-0.00562186934
0.06845307116	0.00850984419	-0.00562517130
0.06845723228	0.00847630515	-0.00562797820
0.06846150593	0.00844171816	-0.00563027378
0.06846590910	0.00840593188	-0.00563201432
0.06847040475	0.00836923370	-0.00563326661
0.06847501720	0.00833141165	-0.00563398270
0.06847977796	0.00829218970	-0.00563408252
0.06848462604	0.00825205409	-0.00563368064
0.06848962475	0.00821046297	-0.00563264019
0.06849472901	0.00816777192	-0.00563104061
0.06849998239	0.00812359602	-0.00562877726
0.06850534121	0.00807828110	-0.00562593019
0.06851085984	0.00803134386	-0.00562236558
0.06851649247	0.00798314848	-0.00561816395
0.06852225924	0.00793349788	-0.00561327025
0.06852817010	0.00788227779	-0.00560764015
0.06853422235	0.00782948061	-0.00560125424
0.06854040372	0.00777518218	-0.00559412086
0.06854672525	0.00771925238	-0.00558619312
0.06855318690	0.00766165556	-0.00557744473
0.06855978841	0.00760235577	-0.00556784856
0.06856652931	0.00754131673	-0.00555737679
0.06857340887	0.00747850224	-0.00554599976
0.06858042611	0.00741387585	-0.00553368713
0.06858759118	0.00734729451	-0.00552037181
0.06859488447	0.00727888893	-0.00550606718
0.06860230822	0.00720858568	-0.00549073229
0.06860987329	0.00713622356	-0.00547429174
0.06861756860	0.00706184676	-0.00545672471
0.06862538458	0.00698548432	-0.00543801552
0.06863333674	0.00690691595	-0.00541806045
0.06864140078	0.00682630936	-0.00539687707
0.06864958227	0.00674353429	-0.00537439401
0.06865788655	0.00665845441	-0.00535052235
0.06866628700	0.00657125786	-0.00532528353
0.06867479114	0.00648177920	-0.00529858763
0.06868339219	0.00638999512	-0.00527038122
0.06869208285	0.00629588388	-0.00524060959
0.06870085535	0.00619942532	-0.00520921713
0.06870970142	0.00610060081	-0.00517614785
0.06871861230	0.00599939355	-0.00514134508
0.06872757871	0.00589578876	-0.00510475143
0.06873659084	0.00578977366	-0.00506630935
0.06874563843	0.00568133756	-0.00502596118
0.06875471527	0.00557041540	-0.00498362564
0.06876380781	0.00545702621	-0.00493924591
0.06877289571	0.00534127469	-0.00489280985
0.06878198490	0.00522292568	-0.00484416460
0.06879104053	0.00510226840	-0.00479336317
0.06880007171	0.00497900922	-0.00474022986
0.06880904382	0.00485344084	-0.00468481896
0.06881795809	0.00472536188	-0.00462699574
0.06882679448	0.00459486255	-0.00456672875
0.06883553488	0.00446201051	-0.00450399042
0.06884416799	0.00432676938	-0.00443871075
0.06885267798	0.00418916882	-0.00437084306
0.06886104920	0.00404923481	-0.00430034019
0.06886926497	0.00390701189	-0.00422716560
0.06887730806	0.00376255682	-0.00415129303
0.06888516336	0.00361589106	-0.00407268210
0.06889281552	0.00346704047	-0.00399129402
0.06890024684	0.00331607992	-0.00390711496
0.06890744106	0.00316306287	-0.00382012647
0.06891438238	0.00300803950	-0.00373031248
0.06892105490	0.00285106841	-0.00363766355
0.06892744301	0.00269221088	-0.00354217364
0.06893353397	0.00253146080	-0.00344379983
0.06893930717	0.00236903501	-0.00334261857
0.06894475094	0.00220493025	-0.00323861349
0.06894985325	0.00203915085	-0.00313175640
0.06895459654	0.00187190185	-0.00302212900
0.06895896936	0.00170321585	-0.00290974260
0.06896296116	0.00153309772	-0.00279458091
0.06896655644	0.00136179766	-0.00267676729
0.06896974782	0.00118923729	-0.00255626063
0.06897252261	0.00101564007	-0.00243317548
0.06897487286	0.00084101976	-0.00230752999
0.06897678963	0.00066550143	-0.00217939464
0.06897826530	0.00048919969	-0.00204884901
0.06897929368	0.00031216030	-0.00191593164
0.06897986873	0.00013457349	-0.00178077151
0.06897998623	-0.00004357921	-0.00164338015
0.06897964262	-0.00022204498	-0.00150393114
0.06897883508	-0.00040088786	-0.00136241879
0.06897756296	-0.00057983468	-0.00121903272
0.06897582514	-0.00075891123	-0.00107380483
0.06897362298	-0.00093794103	-0.00092687308
0.06897095850	-0.00111681878	-0.00077835249
0.06896783330	-0.00129551898	-0.00062830102
0.06896425361	-0.00147381291	-0.00047690580
0.06896022313	-0.00165167379	-0.00032424743
0.06895574709	-0.00182902790	-0.00017041720
0.06895083496	-0.00200568152	-0.00001559163
0.06894549345	-0.00218158967	0.00014013111
0.06893973157	-0.00235665252	0.00029662717
0.06893355865	-0.00253078879	0.00045378726
0.06892698697	-0.00270386155	0.00061146103
0.06892002761	-0.00287579445	0.00076952829
0.06891269278	-0.00304650199	0.00092786589
0.06890499558	-0.00321589557	0.00108634750
0.06889694986	-0.00338388821	0.00124484867
0.06888857006	-0.00355039645	0.00140324524
0.06887987114	-0.00371534002	0.00156141415
0.06887086717	-0.00387866667	0.00171925472
0.06886157661	-0.00404025572	0.00187662031
0.06885201479	-0.00420005476	0.00203339983
0.06884219736	-0.00435801128	0.00218948781
0.06883213986	-0.00451408037	0.00234479561
0.06882186411	-0.00466812815	0.00249916053
0.06881138026	-0.00482020191	0.00265255112
0.06880071318	-0.00497013743	0.00280478997
0.06878987169	-0.00511800282	0.00295586190
0.06877888062	-0.00526364710	0.00310560550
0.06876775298	-0.00540708336	0.00325395980
0.06875650434	-0.00554828907	0.00340085820
0.06874515395	-0.00568719684	0.00354620093
0.06873371796	-0.00582378015	0.00368991090
0.06872221155	-0.00595802316	0.00383192306
0.06871065057	-0.00608990135	0.00397217021
0.06869905048	-0.00621939410	0.00411058922
0.06868742630	-0.00634648471	0.00424712103
0.06867579109	-0.00647117595	0.00438172645
0.06866416077	-0.00659343809	0.00451434423
0.06865254980	-0.00671325601	0.00464491771
0.06864096843	-0.00683065539	0.00477342526
0.06862942882	-0.00694563892	0.00489984021
0.06861794765	-0.00705816262	0.00502409041
0.06860652871	-0.00716830655	0.00514620654
0.06859519052	-0.00727600424	0.00526610914
0.06858393898	-0.00738130844	0.00538380378
0.06857278142	-0.00748425332	0.00549929827
0.06856173333	-0.00758479551	0.00561253419
0.06855079890	-0.00768299224	0.00572352658
0.06853998625	-0.00777886140	0.00583227046
0.06852930287	-0.00787242330	0.00593876367
0.06851875563	-0.00796370054	0.00604300671
0.06850835087	-0.00805271761	0.00614500288
0.06849809432	-0.00813950085	0.00624475804
0.06848799117	-0.00822407838	0.00634228044
0.06847804603	-0.00830648014	0.00643758037
0.06846826300	-0.00838673724	0.00653067056
0.06845864202	-0.00846491187	0.00662159780
0.06844919269	-0.00854098473	0.00671033810
0.06843991632	-0.00861500167	0.00679691282
0.06843080690	-0.00868706316	0.00688140765
0.06842188045	-0.00875709286	0.00696375030
0.06841312430	-0.00882523786	0.00704405875
0.06840455261	-0.00889143308	0.00712227273
0.06839615117	-0.00895583080	0.00719852250
0.06838793648	-0.00901834485	0.00727273200
0.06837989831	-0.00907909175	0.00734499201
0.06837203544	-0.00913811631	0.00741534958
0.06836435574	-0.00919539365	0.00748378040
0.06835685288	-0.00925100339	0.00755034851
0.06834952607	-0.00930498175	0.00761508769
0.06834237299	-0.00935737433	0.00767804240
0.06833539446	-0.00940820192	0.00773923429
0.06832858978	-0.00945749538	0.00779869002
0.06832195553	-0.00950530342	0.00785645370
0.06831548987	-0.00955166181	0.00791256035
0.06830919080	-0.00959660629	0.00796704473
0.06830305617	-0.00964017210	0.00801994182
0.06829708369	-0.00968239433	0.00807128627
0.06829126883	-0.00972332253	0.00812112950
0.06828561194	-0.00976297094	0.00816948916
0.06828011104	-0.00980136909	0.00821639337
0.06827476224	-0.00983855891	0.00826188281
0.06826956279	-0.00987457325	0.00830599098
0.06826450704	-0.00990946410	0.00834877317
0.06825959287	-0.00994325807	0.00839026298
0.06825482493	-0.00997593476	0.00843043977
0.06825019496	-0.01000756151	0.00846936609
0.06824571012	-0.01003809993	0.00850699560
0.06824227771	-0.01006140808	0.00853651411
0.06823932405	-0.01008142120	0.00856840681
0.06823688675	-0.01009790509	0.00860229979
0.06823499700	-0.01011066689	0.00863779569
0.06823367908	-0.01011955729	0.00867447834
0.06823294997	-0.01012447227	0.00871191769
0.06823281908	-0.01012535435	0.00874967479
0.06823328810	-0.01012219320	0.00878730696
0.06823435097	-0.01011502581	0.00882437301
0.06823599400	-0.01010393602	0.00886043838
0.06823819603	-0.01008905357	0.00889508022
0.06824092885	-0.01007055260	0.00892789240
0.06824415757	-0.01004864957	0.00895849021
0.06824784118	-0.01002360084	0.00898651494
0.06895961550	0.00911948627	-0.00517602343
0.06896365053	0.00908892211	-0.00526081212
0.06896632475	0.00906860796	-0.00529499389
0.06896880592	0.00904971876	-0.00532094696
0.06897124764	0.00903109066	-0.00534260635
0.06897366617	0.00901260091	-0.00536153778
0.06897609242	0.00899401326	-0.00537851260
0.06897856590	0.00897502349	-0.00539394505
0.06898104993	0.00895591145	-0.00540819787
0.06898358886	0.00893633411	-0.00542141923
0.06898619046	0.00891622825	-0.00543374155
0.06898882738	0.00889580217	-0.00544532066
0.06899152588	0.00887484965	-0.00545620459
0.06899430511	0.00885321767	-0.00546642368
0.06899714380	0.00883106721	-0.00547606071
0.06900004660	0.00880835795	-0.00548515186
0.06900302473	0.00878499735	-0.00549371263
0.06900608106	0.00876095750	-0.00550176279
0.06900921834	0.00873621107	-0.00550931760
0.06901243919	0.00871073114	-0.00551638805
0.06901574752	0.00868448006	-0.00552297906
0.06901914275	0.00865745538	-0.00552910089
0.06902262618	0.00862963936	-0.00553475904
0.06902620742	0.00860094702	-0.00553994079
0.06902988338	0.00857139436	-0.00554465358
0.06903365670	0.00854095094	-0.00554889404
0.06903753016	0.00850958453	-0.00555265773
0.06904150596	0.00847726695	-0.00555593878
0.06904558627	0.00844396925	-0.00555873122
0.06904977714	0.00840963001	-0.00556101915
0.06905409507	0.00837410020	-0.00556275983
0.06905850416	0.00833766169	-0.00556401812
0.06906302804	0.00830010590	-0.00556474728
0.06906769733	0.00826116130	-0.00556486915
0.06907245285	0.00822130505	-0.00556449504
0.06907735610	0.00818000450	-0.00556349159
0.06908236336	0.00813760849	-0.00556193588
0.06908751694	0.00809373848	-0.00555972587
0.06909277448	0.00804873369	-0.00555693919
0.06909818878	0.00800211894	-0.00555344540
0.06910371541	0.00795425147	-0.00554932253
0.06910937395	0.00790493721	-0.00554451682
0.06911517408	0.00785406342	-0.00553898479
0.06912111322	0.00780162213	-0.00553270720
0.06912717947	0.00774768733	-0.00552569185
0.06913338358	0.00769213066	-0.00551789280
0.06913972555	0.00763491660	-0.00550928409
0.06914620513	0.00757600929	-0.00549983893
0.06915282189	0.00751537255	-0.00548952985
0.06915957515	0.00745297026	-0.00547832756
0.06916646396	0.00738876605	-0.00546620210
0.06917349820	0.00732261885	-0.00545308768
0.06918065885	0.00725465648	-0.00543899678
0.06918794808	0.00718480625	-0.00542388912
0.06919537645	0.00711290920	-0.00540769079
0.06920293320	0.00703900818	-0.00539038088
0.06921060905	0.00696313112	-0.00537194360
0.06921841904	0.00688506102	-0.00535227736
0.06922633958	0.00680496207	-0.00533139858
0.06923437606	0.00672270570	-0.00530923721
0.06924253365	0.00663815737	-0.00528570593
0.06925078649	0.00655150136	-0.00526082485
0.06925914185	0.00646257456	-0.00523450580
0.06926759311	0.00637135347	-0.00520669597
0.06927613315	0.00627781616	-0.00517734127
0.06928475438	0.00618194225	-0.00514638676
0.06929344873	0.00608371290	-0.00511377706
0.06930220763	0.00598311105	-0.00507945618
0.06931102199	0.00588012166	-0.00504336735
0.06931988225	0.00577473163	-0.00500545368
0.06932877833	0.00566692997	-0.00496565814
0.06933770414	0.00555665225	-0.00492390069
0.06934664643	0.00544391669	-0.00488012505
0.06935558533	0.00532882576	-0.00483431850
0.06936452651	0.00521114790	-0.00478633132
0.06937343597	0.00509116699	-0.00473621414
0.06938232249	0.00496859401	-0.00468379506
0.06939115226	0.00484371635	-0.00462912595
0.06939992635	0.00471633572	-0.00457207488
0.06940862516	0.00458654050	-0.00451261023
0.06941723091	0.00445439698	-0.00445070438
0.06942573248	0.00431986917	-0.00438628840
0.06943411429	0.00418298603	-0.00431931604
0.06944236099	0.00404377298	-0.00424974062
0.06945045615	0.00390227369	-0.00417752583
0.06945838285	0.00375854392	-0.00410264547
0.06946612618	0.00361260479	-0.00402505963
0.06947367103	0.00346448172	-0.00394472996
0.06948099997	0.00331424845	-0.00386164249
0.06948809699	0.00316195768	-0.00377577881
0.06949494649	0.00300765894	-0.00368712291
0.06950153279	0.00285141010	-0.00359566532
0.06950784047	0.00269327175	-0.00350139991
0.06951385692	0.00253323820	-0.00340428466
0.06951956184	0.00237152315	-0.00330439385
0.06952494365	0.00220812388	-0.00320171169
0.06952999041	0.00204304515	-0.00309621071
0.06953468478	0.00187648924	-0.00298797052
0.06953901542	0.00170848888	-0.00287700249
0.06954297180	0.00153904955	-0.00276329101
0.06954653860	0.00136841816	-0.00264695653
0.06954970844	0.00119651841	-0.00252795960
0.06955246870	0.00102357105	-0.00240641223
0.06955481145	0.00084959054	-0.00228233284
0.06955672777	0.00067470094	-0.00215579071
0.06955821003	0.00049901607	-0.00202686421
0.06955925201	0.00032258205	-0.00189559175
0.06955984764	0.00014558724	-0.00176209992
0.06955999265	-0.00003198535	-0.00162640101
0.06955968335	-0.00020988565	-0.00148866519
0.06955891690	-0.00038817544	-0.00134888818
0.06955769247	-0.00056658448	-0.00120725584
0.06955600888	-0.00074513682	-0.00106380072
0.06955386731	-0.00092365734	-0.00091865849
0.06955126962	-0.00110204094	-0.00077194272
0.06954821731	-0.00128026109	-0.00062371139
0.06954471634	-0.00145809112	-0.00047414826
0.06954077027	-0.00163550316	-0.00032333361
0.06953638416	-0.00181242314	-0.00017135795
0.06953156719	-0.00198865877	-0.00001839486
0.06952632590	-0.00216416423	0.00013545816
0.06952066908	-0.00233883967	0.00029007873
0.06951460583	-0.00251260353	0.00044535865
0.06950814815	-0.00268531942	0.00060114971
0.06950130691	-0.00285691060	0.00075733295
0.06949409404	-0.00302729137	0.00091378658
0.06948652243	-0.00319637294	0.00107038573
0.06947860567	-0.00336406817	0.00122700737
0.06947035791	-0.00353029338	0.00138352872
0.06946179389	-0.00369496808	0.00153982812
0.06945292745	-0.00385803940	0.00169580575
0.06944377674	-0.00401938707	0.00185131709
0.06943435683	-0.00417895813	0.00200625210
0.06942468320	-0.00433669952	0.00216050633
0.06941477114	-0.00449256579	0.00231399188
0.06940464211	-0.00464642375	0.00246654863
0.06939430622	-0.00479831890	0.00261814437
0.06938378790	-0.00494808823	0.00276860479
0.06937309597	-0.00509579785	0.00291791360
0.06936225484	-0.00524129792	0.00306591227
0.06935127741	-0.00538460036	0.00321253991
0.06934017910	-0.00552568207	0.00335773042
0.06932897889	-0.00566447579	0.00350138544
0.06931769274	-0.00580095453	0.00364342865
0.06930633568	-0.00593510195	0.00378379557
0.06929492339	-0.00606689316	0.00392241969
0.06928347117	-0.00619630721	0.00405923855
0.06927199387	-0.00632332702	0.00419419367
0.06926050447	-0.00644795480	0.00432724607
0.06924901868	-0.00657016076	0.00445833534
0.06923755081	-0.00668992955	0.00458740550
0.06922611109	-0.00680728609	0.00471443478
0.06921471154	-0.00692223273	0.00483939670
0.06920336865	-0.00703472580	0.00496222040
0.06919208628	-0.00714484400	0.00508293528
0.06918088269	-0.00725252160	0.00520146358
0.06916976381	-0.00735781046	0.00531781028
0.06915873695	-0.00746074420	0.00543198275
0.06914781736	-0.00756127995	0.00554392389
0.06913700931	-0.00765947414	0.00565364805
0.06912632084	-0.00775534442	0.00576115027
0.06911575941	-0.00784891086	0.00586642837
0.06910533185	-0.00794019586	0.00596948280
0.06909504445	-0.00802922367	0.00607031679
0.06908490293	-0.00811602042	0.00616893606
0.06907491245	-0.00820061401	0.00626534874
0.06906507761	-0.00828303417	0.00635956497
0.06905540251	-0.00836331183	0.00645159729
0.06904588715	-0.00844150858	0.00654149152
0.06903654101	-0.00851760565	0.00662922452
0.06902736541	-0.00859164852	0.00671481726
0.06901835456	-0.00866373670	0.00679835361
0.06900952415	-0.00873379512	0.00687976342
0.06900086185	-0.00880196929	0.00695916193
0.06899238155	-0.00886819530	0.00703649078
0.06898406940	-0.00893262383	0.00711187728
0.06897594156	-0.00899517018	0.00718524773
0.06896798804	-0.00905594970	0.00725669089
0.06896020770	-0.00911500705	0.00732625313
0.06895260823	-0.00917231804	0.00739391117
0.06894518347	-0.00922796164	0.00745972780
0.06893793265	-0.00928197402	0.00752373641
0.06893085351	-0.00933440058	0.00758598080
0.06892394687	-0.00938526228	0.00764648257
0.06891721202	-0.00943458996	0.00770526812
0.06891064563	-0.00948243213	0.00776238094
0.06890424590	-0.00952882450	0.00781785561
0.06889801086	-0.00957380277	0.00787172649
0.06889193840	-0.00961740214	0.00792402816
0.06888602626	-0.00965965765	0.00797479488
0.06888027002	-0.00970061863	0.00802407726
0.06887466998	-0.00974029955	0.00807189299
0.06886922419	-0.00977872996	0.00811826993
0.06886392883	-0.00981595163	0.00816324819
0.06885878119	-0.00985199740	0.00820686089
0.06885377574	-0.00988691898	0.00824916241
0.06884891036	-0.00992074305	0.00829018601
0.06884418956	-0.00995344983	0.00832991195
0.06883960528	-0.00998510614	0.00836840164
0.06883516446	-0.01001567442	0.00840561019
0.06883178530	-0.01003887111	0.00843464228
0.06882887217	-0.01005882476	0.00846603865
0.06882646215	-0.01007530188	0.00849943122
0.06882458604	-0.01008810964	0.00853442848
0.06882326792	-0.01009709820	0.00857062013
0.06882252476	-0.01010216240	0.00860758185
0.06882236614	-0.01010324298	0.00864488030
0.06882279410	-0.01010032731	0.00868207819
0.06882380313	-0.01009344950	0.00871873940
0.06882538022	-0.01008269001	0.00875443412
0.06882750510	-0.01006817472	0.00878874387
0.06883015054	-0.01005007348	0.00882126638
0.06883328279	-0.01002859811	0.00885162037
0.06883686211	-0.01000399994	0.00887944995
0.06953941240	0.00908223665	-0.00511350462
0.06954334373	0.00905208503	-0.00519733500
0.06954595649	0.00903198959	-0.00523113397
0.06954838278	0.00901328753	-0.00525679758
0.06955077158	0.00899483590	-0.00527821700
0.06955313862	0.00897651424	-0.00529693955
0.06955551392	0.00895809038	-0.00531372795
0.06955793582	0.00893926529	-0.00532899233
0.06956036875	0.00892031384	-0.00534309024
0.06956285576	0.00890089877	-0.00535616900
0.06956540439	0.00888095780	-0.00536835961
0.06956798816	0.00886069541	-0.00537981537
0.06957063255	0.00883990876	-0.00539058429
0.06957335616	0.00881844727	-0.00540069673
0.06957613840	0.00879646890	-0.00541023398
0.06957898380	0.00877393378	-0.00541923183
0.06958190326	0.00875075074	-0.00542770582
0.06958489961	0.00872689211	-0.00543567551
0.06958797554	0.00870233076	-0.00544315600
0.06959113361	0.00867703997	-0.00545015818
0.06959437766	0.00865098246	-0.00545668695
0.06959770715	0.00862415555	-0.00546275240
0.06960112337	0.00859654148	-0.00546835994
0.06960463568	0.00856805646	-0.00547349721
0.06960824111	0.00853871589	-0.00547817143
0.06961194226	0.00850848954	-0.00548237931
0.06961574186	0.00847734541	-0.00548611647
0.06961964206	0.00844525545	-0.00548937712
0.06962364501	0.00841219088	-0.00549215539
0.06962775662	0.00837809097	-0.00549443568
0.06963199293	0.00834280891	-0.00549617618
0.06963631913	0.00830662132	-0.00549743992
0.06964075818	0.00826932282	-0.00549818136
0.06964533985	0.00823064619	-0.00549832408
0.06965000673	0.00819105994	-0.00549797633
0.06965481853	0.00815004022	-0.00549700810
0.06965973285	0.00810792940	-0.00549549422
0.06966479080	0.00806435504	-0.00549333509
0.06966995129	0.00801965009	-0.00549060611
0.06967526560	0.00797334709	-0.00548717999
0.06968069063	0.00792579668	-0.00548313243
0.06968624542	0.00787680765	-0.00547841087
0.06969193940	0.00782626873	-0.00547297269
0.06969777009	0.00777417161	-0.00546679876
0.06970372596	0.00772058850	-0.00545989640
0.06970981749	0.00766539275	-0.00545222057
0.06971604466	0.00760854894	-0.00544374563
0.06972240729	0.00755002132	-0.00543444511
0.06972890497	0.00748977379	-0.00542429189
0.06973553705	0.00742777033	-0.00541325701
0.06974230264	0.00736397466	-0.00540131089
0.06974921134	0.00729824756	-0.00538838896
0.06975624469	0.00723071415	-0.00537450290
0.06976340479	0.00716130241	-0.00535961303
0.06977070193	0.00708985555	-0.00534364686
0.06977812565	0.00701641511	-0.00532658340
0.06978566692	0.00694100801	-0.00530840678
0.06979334038	0.00686342037	-0.00528901742
0.06980112306	0.00678381302	-0.00526843067
0.06980902023	0.00670205902	-0.00524657774
0.06981703687	0.00661802556	-0.00522337281
0.06982514784	0.00653189321	-0.00519883476
0.06983336018	0.00644350108	-0.00517287708
0.06984166742	0.00635282552	-0.00514544755
0.06985006262	0.00625984442	-0.00511649269
0.06985853835	0.00616453721	-0.00508595818
0.06986708673	0.00606688482	-0.00505378927
0.06987569937	0.00596686997	-0.00501993056
0.06988436739	0.00586447735	-0.00498432595
0.06989308142	0.00575969359	-0.00494691913
0.06990183159	0.00565250740	-0.00490765370
0.06991061192	0.00554285496	-0.00486645083
0.06991940942	0.00543075373	-0.00482325469
0.06992820469	0.00531630405	-0.00477805209
0.06993700316	0.00519927779	-0.00473069626
0.06994577164	0.00507995374	-0.00468123561
0.06995451856	0.00495804730	-0.00462950183
0.06996321093	0.00483384076	-0.00457554452
0.06997184965	0.00470713883	-0.00451923440
0.06998041554	0.00457802813	-0.00446053973
0.06998889114	0.00444657361	-0.00439943279
0.06999726549	0.00431273967	-0.00433584574
0.07000552329	0.00417655464	-0.00426973269
0.07001364942	0.00403804337	-0.00420104747
0.07002162775	0.00389724872	-0.00412975398
0.07002944160	0.00375422550	-0.00405582607
0.07003707632	0.00360899446	-0.00397922429
0.07004451698	0.00346158067	-0.00389991073
0.07005174645	0.00331205673	-0.00381787127
0.07005874892	0.00316047463	-0.00373308754
0.07006550901	0.00300688331	-0.00364554363
0.07007201125	0.00285133993	-0.00355522999
0.07007824041	0.00269390438	-0.00346214044
0.07008418401	0.00253457141	-0.00336623381
0.07008982203	0.00237355170	-0.00326758233
0.07009514301	0.00221084304	-0.00316617075
0.07010013509	0.00204645061	-0.00306197227
0.07010478116	0.00188057404	-0.00295506455
0.07010906994	0.00171324618	-0.00284545899
0.07011299097	0.00154447308	-0.00273314062
0.07011652911	0.00137449852	-0.00261822715
0.07011967694	0.00120324817	-0.00250068067
0.07012242197	0.00103094017	-0.00238061079
0.07012475626	0.00085758967	-0.00225803617
0.07012667092	0.00068331973	-0.00213302496
0.07012815831	0.00050824341	-0.00200565436
0.07012921221	0.00033240718	-0.00187596265
0.07012982650	0.00015599758	-0.00174407413
0.07012999686	-0.00002100096	-0.00161000183
0.07012971953	-0.00019834102	-0.00147391264
0.07012899160	-0.00037608220	-0.00133580362
0.07012781211	-0.00055395712	-0.00119585704
0.07012617980	-0.00073198814	-0.00105410606
0.07012409570	-0.00091000148	-0.00091068417
0.07012156152	-0.00108789223	-0.00076570354
0.07011857866	-0.00126563290	-0.00061922216
0.07011515282	-0.00144299878	-0.00047142055
0.07011128744	-0.00161996099	-0.00032237870
0.07010698742	-0.00179644512	-0.00017218634
0.07010226166	-0.00197226028	-0.00002101425
0.07009711653	-0.00214735985	0.00013104074
0.07009156061	-0.00232164397	0.00028385764
0.07008560281	-0.00249503084	0.00043732931
0.07007925484	-0.00266738459	0.00059130959
0.07007252736	-0.00283862814	0.00074568072
0.07006543207	-0.00300867558	0.00090032222
0.07005798161	-0.00317743800	0.00105511061
0.07005018933	-0.00334482808	0.00120992421
0.07004206915	-0.00351076198	0.00136464162
0.07003363554	-0.00367515897	0.00151914250
0.07002490214	-0.00383796564	0.00167332787
0.07001588678	-0.00399906211	0.00182705522
0.07000660434	-0.00415839489	0.00198021555
0.06999707006	-0.00431591046	0.00213270539
0.06998729903	-0.00447156280	0.00228443756
0.06997731236	-0.00462521945	0.00243525442
0.06996712010	-0.00477692415	0.00258512300
0.06995674627	-0.00492651512	0.00273387203
0.06994619969	-0.00507405652	0.00288148413
0.06993550434	-0.00521939964	0.00302780353
0.06992467305	-0.00536255528	0.00317276943
0.06991372104	-0.00550349982	0.00331631622
0.06990266706	-0.00564216608	0.00345834688
0.06989152688	-0.00577852670	0.00359878586
0.06988031538	-0.00591256481	0.00373756921
0.06986904807	-0.00604425522	0.00387463110
0.06985774010	-0.00617357663	0.00400990969
0.06984640616	-0.00630051164	0.00414334711
0.06983505910	-0.00642506191	0.00427490455
0.06982371448	-0.00654719759	0.00440452240
0.06981238646	-0.00666690312	0.00453214536
0.06980108519	-0.00678420271	0.00465775153
0.06978982262	-0.00689909837	0.00478131460
0.06977861501	-0.00701154672	0.00490276495
0.06976746630	-0.00712162520	0.00502213077
0.06975639450	-0.00722926877	0.00513933591
0.06974540553	-0.00733452843	0.00525438481
0.06973450672	-0.00743743727	0.00536728443
0.06972371308	-0.00753795293	0.00547797889
0.06971302893	-0.00763613104	0.00558648192
0.06970246226	-0.00773198904	0.00569278857
0.06969202047	-0.00782554679	0.00579689665
0.06968171036	-0.00791682644	0.00589880655
0.06967153818	-0.00800585205	0.00599852142
0.06966150963	-0.00809264954	0.00609604689
0.06965162983	-0.00817724660	0.00619139096
0.06964190338	-0.00825967276	0.00628456359
0.06963233436	-0.00833995875	0.00637557717
0.06962292286	-0.00841816560	0.00646447660
0.06961367819	-0.00849427505	0.00655123954
0.06960460173	-0.00856833225	0.00663588660
0.06959568787	-0.00864043571	0.00671849989
0.06958695199	-0.00871051164	0.00679901128
0.06957838210	-0.00877870400	0.00687753346
0.06956999180	-0.00884495002	0.00695400982
0.06956176761	-0.00890939881	0.00702856492
0.06955372532	-0.00897196711	0.00710112724
0.06954585524	-0.00903276915	0.00717178366
0.06953815625	-0.00909184940	0.00724057989
0.06953063588	-0.00914918434	0.00730749361
0.06952328814	-0.00920485234	0.00737258644
0.06951611227	-0.00925888948	0.00743589136
0.06950910608	-0.00931134101	0.00749745158
0.06950227037	-0.00936222799	0.00755728862
0.06949560445	-0.00941158129	0.00761542866
0.06948910505	-0.00945944920	0.00767191455
0.06948277042	-0.00950586737	0.00772678047
0.06947659861	-0.00955087146	0.00778006041
0.06947058755	-0.00959449661	0.00783178855
0.06946473503	-0.00963677783	0.00788199876
0.06945903670	-0.00967776424	0.00793074089
0.06945349284	-0.00971747050	0.00797803267
0.06944810152	-0.00975592618	0.00802390169
0.06944285899	-0.00979317290	0.00806838754
0.06943776258	-0.00982924349	0.00811152294
0.06943280685	-0.00986418939	0.00815336143
0.06942798972	-0.00989803732	0.00819393593
0.06942331557	-0.00993076810	0.00823322756
0.06941877648	-0.00996244808	0.00827129663
0.06941437922	-0.00999304046	0.00830809961
0.06941105192	-0.01001612560	0.00833666590
0.06940817857	-0.01003601755	0.00836758646
0.06940579569	-0.01005248351	0.00840049879
0.06940393372	-0.01006533079	0.00843501701
0.06940261654	-0.01007440906	0.00847073644
0.06940186107	-0.01007961211	0.00850723828
0.06940167705	-0.01008087906	0.00854409460
0.06940206685	-0.01007819509	0.00858087328
0.06940302546	-0.01007159160	0.00861714313
0.06940454052	-0.01006114585	0.00865247892
0.06940659257	-0.01004698006	0.00868646637
0.06940915533	-0.01002925999	0.00871870701
0.06941219614	-0.01000819302	0.00874882284
0.06941567640	-0.00998402571	0.00877646078
0.07012918058	0.00904445306	-0.00505126843
0.07013300997	0.00901471088	-0.00513414363
0.07013556216	0.00899483299	-0.00516756101
0.07013793431	0.00897631723	-0.00519293608
0.07014027085	0.00895804140	-0.00521411627
0.07014258703	0.00893988726	-0.00523263056
0.07014491198	0.00892162670	-0.00524923310
0.07014728291	0.00890296584	-0.00526432989
0.07014966530	0.00888417459	-0.00527827333
0.07015210095	0.00886492145	-0.00529120989
0.07015459721	0.00884514504	-0.00530326913
0.07015712838	0.00882504607	-0.00531460186
0.07015971921	0.00880442504	-0.00532525604
0.07016238779	0.00878313378	-0.00533526208
0.07016511415	0.00876132727	-0.00534469975
0.07016790271	0.00873896612	-0.00535360450
0.07017076409	0.00871596048	-0.00536199187
0.07017370104	0.00869228292	-0.00536988121
0.07017671620	0.00866790652	-0.00537728748
0.07017981210	0.00864280476	-0.00538422145
0.07018299247	0.00861694073	-0.00539068802
0.07018625683	0.00859031150	-0.00539669710
0.07018960646	0.00856289934	-0.00540225400
0.07019305047	0.00853462160	-0.00540734674
0.07019658601	0.00850549311	-0.00541198231
0.07020021562	0.00847548383	-0.00541615749
0.07020394200	0.00844456200	-0.00541986797
0.07020776726	0.00841269973	-0.00542310805
0.07021169351	0.00837986836	-0.00542587193
0.07021572653	0.00834600789	-0.00542814432
0.07021988192	0.00831097366	-0.00542988433
0.07022412591	0.00827503713	-0.00543115322
0.07022848083	0.00823799611	-0.00543190656
0.07023297561	0.00819958761	-0.00543206970
0.07023755454	0.00816027161	-0.00543174788
0.07024227562	0.00811953293	-0.00543081436
0.07024709773	0.00807770759	-0.00542934177
0.07025206081	0.00803442917	-0.00542723292
0.07025712498	0.00799002442	-0.00542456102
0.07026234007	0.00794403351	-0.00542120187
0.07026766426	0.00789680056	-0.00541722886
0.07027311607	0.00784813720	-0.00541259068
0.07027870468	0.00779793363	-0.00540724548
0.07028442770	0.00774618117	-0.00540117430
0.07029027398	0.00769295030	-0.00539438396
0.07029625369	0.00763811607	-0.00538683031
0.07030236687	0.00758164315	-0.00537848804
0.07030861334	0.00752349589	-0.00536933099
0.07031499273	0.00746363831	-0.00535933238
0.07032150443	0.00740203446	-0.00534846360
0.07032814759	0.00733864817	-0.00533669544
0.07033493154	0.00727334207	-0.00532396454
0.07034183837	0.00720623856	-0.00531028176
0.07034887013	0.00713726634	-0.00529560806
0.07035603683	0.00706627074	-0.00527987233
0.07036332828	0.00699329204	-0.00526305352
0.07037073574	0.00691835614	-0.00524513567
0.07037827341	0.00684125225	-0.00522602119
0.07038591898	0.00676213790	-0.00520572439
0.07039367755	0.00668088775	-0.00518417770
0.07040155396	0.00659737069	-0.00516129681
0.07040952374	0.00651176367	-0.00513709940
0.07041759373	0.00642390798	-0.00511150057
0.07042575760	0.00633377982	-0.00508444871
0.07043400857	0.00624135692	-0.00505589095
0.07044233941	0.00614661849	-0.00502577359
0.07045074238	0.00604954529	-0.00499404247
0.07045920930	0.00595011978	-0.00496064283
0.07046773147	0.00584832643	-0.00492551919
0.07047629972	0.00574415157	-0.00488861586
0.07048490442	0.00563758365	-0.00484987705
0.07049353964	0.00552855944	-0.00480922511
0.07050219269	0.00541709565	-0.00476660471
0.07051084463	0.00530329051	-0.00472200216
0.07051950062	0.00518691932	-0.00467527362
0.07052812831	0.00506825579	-0.00462646532
0.07053673579	0.00494701975	-0.00457541249
0.07054529084	0.00482348842	-0.00452216252
0.07055379423	0.00469746947	-0.00446658872
0.07056222716	0.00456904779	-0.00440865925
0.07057057254	0.00443828703	-0.00434834633
0.07057881953	0.00430515197	-0.00428558314
0.07058695311	0.00416967029	-0.00422032423
0.07059495842	0.00403186630	-0.00415252385
0.07060281958	0.00389178207	-0.00408214617
0.07061052021	0.00374947144	-0.00400916510
0.07061804586	0.00360495483	-0.00393354163
0.07062538183	0.00345825694	-0.00385523828
0.07063251125	0.00330944926	-0.00377424079
0.07063941855	0.00315858308	-0.00369053086
0.07064608855	0.00300570671	-0.00360409265
0.07065250599	0.00285087665	-0.00351491657
0.07065865584	0.00269415210	-0.00342299636
0.07066452573	0.00253552823	-0.00332829169
0.07067009597	0.00237521272	-0.00323087280
0.07067535517	0.00221320387	-0.00313072495
0.07068029160	0.00204950726	-0.00302782201
0.07068488833	0.00188431992	-0.00292223972
0.07068913420	0.00171767479	-0.00281398951
0.07069301880	0.00154957849	-0.00270305702
0.07069652714	0.00138027168	-0.00258955727
0.07069965183	0.00120968200	-0.00247345387
0.07070238047	0.00103802499	-0.00235485405
0.07070470513	0.00086531644	-0.00223377672
0.07070661695	0.00069167847	-0.00211028889
0.07070810830	0.00051722335	-0.00198446661
0.07070917294	0.00034199787	-0.00185634802
0.07070980471	0.00016618680	-0.00172605517
0.07070999926	-0.00001022408	-0.00159360179
0.07070975276	-0.00018698995	-0.00145915156
0.07070906223	-0.00036416829	-0.00132270282
0.07070792660	-0.00054149454	-0.00118443431
0.07070634451	-0.00071898941	-0.00104437977
0.07070431686	-0.00089648046	-0.00090267052
0.07070184523	-0.00107386298	-0.00075941737
0.07069893088	-0.00125110854	-0.00061467825
0.07069557930	-0.00142799440	-0.00046863056
0.07069179379	-0.00160449065	-0.00032135391
0.07068757910	-0.00178052262	-0.00017293729
0.07068294386	-0.00195590078	-0.00002354869
0.07067789427	-0.00213057772	0.00012671572
0.07067243871	-0.00230445364	0.00027773634
0.07066658587	-0.00247744646	0.00042940711
0.07066034722	-0.00264942087	0.00058158389
0.07065373317	-0.00282029946	0.00073415011
0.07064675522	-0.00298999615	0.00088698661
0.07063942576	-0.00315842187	0.00103997127
0.07063175788	-0.00332548920	0.00119298381
0.07062376528	-0.00349111409	0.00134590416
0.07061546218	-0.00365521566	0.00149861331
0.07060686200	-0.00381773991	0.00165101312
0.07059798228	-0.00397856741	0.00180296308
0.07058883765	-0.00413764414	0.00195435523
0.07057944315	-0.00429491611	0.00210508710
0.07056981368	-0.00445033679	0.00225507219
0.07055996996	-0.00460377444	0.00240415535
0.07054992202	-0.00475527107	0.00255230289
0.07053969344	-0.00490466613	0.00269934649
0.07052929303	-0.00505202185	0.00284526777
0.07051874438	-0.00519719064	0.00298991365
0.07050806020	-0.00534018223	0.00313322347
0.07049725556	-0.00548097247	0.00327513208
0.07048634892	-0.00561949430	0.00341554383
0.07047535589	-0.00575571995	0.00355438390
0.07046429120	-0.00588963208	0.00369158887
0.07045317018	-0.00602120518	0.00382709363
0.07044200780	-0.00615041762	0.00396083694
0.07043081862	-0.00627725169	0.00409276152
0.07041961537	-0.00640170850	0.00422282876
0.07040841341	-0.00652375818	0.00435097984
0.07039722677	-0.00664338492	0.00447716013
0.07038606554	-0.00676061226	0.00460134762
0.07037494156	-0.00687544186	0.00472351615
0.07036387086	-0.00698783065	0.00484359735
0.07035285749	-0.00709785480	0.00496161823
0.07034191916	-0.00720544996	0.00507750421
0.07033106183	-0.00731066630	0.00519125919
0.07032029279	-0.00741353637	0.00530288976
0.07030962686	-0.00751401831	0.00541234122
0.07029906837	-0.00761216698	0.00551962671
0.07028862527	-0.00770799958	0.00562474129
0.07027830490	-0.00780153577	0.00572768274
0.07026811402	-0.00789279748	0.00582845141
0.07025805884	-0.00798180855	0.00592705037
0.07024814503	-0.00806859469	0.00602348517
0.07023837769	-0.00815318340	0.00611776364
0.07022876139	-0.00823560399	0.00620989562
0.07021930022	-0.00831588699	0.00629989331
0.07020999433	-0.00839409291	0.00638780071
0.07020085288	-0.00847020394	0.00647359628
0.07019187729	-0.00854426491	0.00655730025
0.07018306213	-0.00861637337	0.00663899301
0.07017442247	-0.00868645676	0.00671860844
0.07016594667	-0.00875465752	0.00679625666
0.07015764802	-0.00882091400	0.00687188283
0.07014951342	-0.00888537374	0.00694560877
0.07014155832	-0.00894795491	0.00701736512
0.07013377326	-0.00900877062	0.00708723690
0.07012615718	-0.00906786516	0.00715526915
0.07011871746	-0.00912521569	0.00722144052
0.07011144826	-0.00918089993	0.00728581143
0.07010434884	-0.00923495390	0.00734841452
0.07009741707	-0.00928742266	0.00740929235
0.07009065373	-0.00933832743	0.00746846639
0.07008405815	-0.00938769906	0.00752596259
0.07007762713	-0.00943558561	0.00758182315
0.07007135895	-0.00948202269	0.00763608189
0.07006525170	-0.00952704590	0.00768877240
0.07005930336	-0.00957069033	0.00773992846
0.07005351173	-0.00961299095	0.00778958357
0.07004787255	-0.00965399664	0.00783778683
0.07004238608	-0.00969372229	0.00788455598
0.07003705043	-0.00973219747	0.00792991837
0.07003186189	-0.00976946365	0.00797391303
0.07002681785	-0.00980555363	0.00801657233
0.07002191296	-0.00984051857	0.00805794895
0.07001714516	-0.00987438526	0.00809807547
0.07001251870	-0.00990713509	0.00813693386
0.07000802583	-0.00993883394	0.00817458333
0.07000367312	-0.00996944577	0.00821098171
0.07000039808	-0.00999241558	0.00823908609
0.06999756508	-0.01001224168	0.00826953430
0.06999521010	-0.01002869201	0.00830196938
0.06999336319	-0.01004157407	0.00833601105
0.06999204800	-0.01005073712	0.00837126020
0.06999128144	-0.01005607392	0.00840730357
0.06999107336	-0.01005752204	0.00844371859
0.06999142645	-0.01005506454	0.00848007832
0.06999233617	-0.01004873018	0.00851595647
0.06999379079	-0.01003859305	0.00855093242
0.06999577166	-0.01002477179	0.00858459609
0.06999825342	-0.01000742813	0.00861655281
0.07000120445	-0.00998676505	0.00864642792
0.07000458731	-0.00996302439	0.00867387116
0.07070858659	0.00900745153	-0.00499141565
0.07071231919	0.00897810198	-0.00507337116
0.07071481369	0.00895843314	-0.00510642110
0.07071713422	0.00894009661	-0.00513151831
0.07071942092	0.00892198995	-0.00515246813
0.07072168858	0.00890399711	-0.00517078186
0.07072396546	0.00888589386	-0.00518720540
0.07072628771	0.00886739121	-0.00520214076
0.07072862183	0.00884875437	-0.00521593542
0.07073100842	0.00882965733	-0.00522873500
0.07073345462	0.00881003957	-0.00524066768
0.07073593552	0.00879009820	-0.00525188187
0.07073847516	0.00876963693	-0.00526242551
0.07074109113	0.00874850989	-0.00527232900
0.07074376406	0.00872686920	-0.00528167070
0.07074649827	0.00870467592	-0.00529048570
0.07074930408	0.00868184150	-0.00529878955
0.07075218421	0.00865833872	-0.00530660142
0.07075514124	0.00863414086	-0.00531393611
0.07075817764	0.00860922160	-0.00532080427
0.07076129709	0.00858354438	-0.00532721080
0.07076449912	0.00855710605	-0.00533316544
0.07076778501	0.00852988888	-0.00533867344
0.07077116365	0.00850181135	-0.00534372312
0.07077463228	0.00847288771	-0.00534832130
0.07077819341	0.00844308814	-0.00535246479
0.07078184968	0.00841238109	-0.00535614938
0.07078560318	0.00838073880	-0.00535936943
0.07078945599	0.00834813278	-0.00536211923
0.07079341374	0.00831450369	-0.00536438378
0.07079749162	0.00827970896	-0.00536612305
0.07080165687	0.00824401511	-0.00536739661
0.07080593119	0.00820722298	-0.00536816114
0.07081034272	0.00816907364	-0.00536834362
0.07081483737	0.00813001893	-0.00536804646
0.07081947154	0.00808955195	-0.00536714600
0.07082420528	0.00804800265	-0.00536571282
0.07082907742	0.00800501038	-0.00536365200
0.07083404927	0.00796089594	-0.00536103467
0.07083916925	0.00791520684	-0.00535773956
0.07084439678	0.00786828094	-0.00535383791
0.07084974985	0.00781993261	-0.00534927954
0.07085523742	0.00777005341	-0.00534402337
0.07086085720	0.00771863436	-0.00533805060
0.07086659837	0.00766574428	-0.00533136758
0.07087247085	0.00761125983	-0.00532393101
0.07087847467	0.00755514579	-0.00531571587
0.07088460971	0.00749736661	-0.00530669635
0.07089087562	0.00743788640	-0.00529684594
0.07089727181	0.00737666932	-0.00528613641
0.07090379747	0.00731367928	-0.00527453888
0.07091046170	0.00724878068	-0.00526199114
0.07091724709	0.00718209336	-0.00524850330
0.07092415564	0.00711354668	-0.00523403692
0.07093119708	0.00704298801	-0.00521852220
0.07093836153	0.00697045643	-0.00520193803
0.07094564048	0.00689597686	-0.00518426840
0.07095304773	0.00681934149	-0.00516541759
0.07096056158	0.00674070468	-0.00514539894
0.07096818699	0.00665994264	-0.00512414605
0.07097592864	0.00657692589	-0.00510157604
0.07098376272	0.00649182790	-0.00507770545
0.07099169586	0.00640449206	-0.00505245093
0.07099972189	0.00631489444	-0.00502576146
0.07100783417	0.00622301260	-0.00499758474
0.07101602563	0.00612882559	-0.00496786765
0.07102428872	0.00603231396	-0.00493655666
0.07103261542	0.00593345997	-0.00490359758
0.07104099721	0.00583224784	-0.00486893552
0.07104942514	0.00572866366	-0.00483251541
0.07105788974	0.00562269560	-0.00479428206
0.07106638520	0.00551428102	-0.00475415891
0.07107489909	0.00540343591	-0.00471209113
0.07108341288	0.00529025650	-0.00466806457
0.07109193153	0.00517452134	-0.00462193819
0.07110042345	0.00505649934	-0.00457375615
0.07110889641	0.00493591450	-0.00452335704
0.07111731894	0.00481303926	-0.00447078615
0.07112569169	0.00468768409	-0.00441591930
0.07113399622	0.00455993225	-0.00435872453
0.07114221576	0.00442984612	-0.00429917403
0.07115033965	0.00429739086	-0.00423720194
0.07115835309	0.00416259354	-0.00417276322
0.07116624149	0.00402547796	-0.00410581258
0.07117398921	0.00388608540	-0.00403631441
0.07118158015	0.00374446882	-0.00396424269
0.07118900008	0.00360064830	-0.00388955884
0.07119623449	0.00345464818	-0.00381222579
0.07120326678	0.00330653891	-0.00373222916
0.07121008160	0.00315637110	-0.00364955072
0.07121666397	0.00300419247	-0.00356417468
0.07122299884	0.00285005887	-0.00347609143
0.07122907137	0.00269402884	-0.00338529465
0.07123486932	0.00253609794	-0.00329174479
0.07124037328	0.00237647102	-0.00319551022
0.07124557196	0.00221514682	-0.00309657665
0.07125045373	0.00205213134	-0.00299491863
0.07125500189	0.00188761907	-0.00289061003
0.07125920534	0.00172164307	-0.00278366233
0.07126305375	0.00155421049	-0.00267406176
0.07126653230	0.00138555900	-0.00256192076
0.07126963359	0.00121561811	-0.00244720439
0.07127234533	0.00104460087	-0.00233001762
0.07127465961	0.00087252370	-0.00221037956
0.07127656760	0.00069950776	-0.00208835616
0.07127806168	0.00052566461	-0.00196402236
0.07127913559	0.00035104131	-0.00183741617
0.07127978316	0.00017582092	-0.00170865748
0.07128000000	-0.00000000946	-0.00157776068
0.07127978220	-0.00017620756	-0.00144488638
0.07127912676	-0.00035282880	-0.00131003413
0.07127803246	-0.00052961135	-0.00117337930
0.07127649790	-0.00070657436	-0.00103495619
0.07127452382	-0.00088354665	-0.00089489403
0.07127211167	-0.00106042376	-0.00075330231
0.07126926262	-0.00123717633	-0.00061023892
0.07126598194	-0.00141358355	-0.00046587823
0.07126227281	-0.00158961454	-0.00032029954
0.07125813981	-0.00176519434	-0.00017359105
0.07125359133	-0.00194013480	-0.00002591814
0.07124863342	-0.00211438776	0.00012262369
0.07124327426	-0.00228785344	0.00027191618
0.07123752233	-0.00246044957	0.00042185430
0.07123138886	-0.00263204135	0.00057229585
0.07122488405	-0.00280255108	0.00072312542
0.07121801917	-0.00297189251	0.00087422511
0.07121080640	-0.00313997647	0.00102547414
0.07120325858	-0.00330671543	0.00117675352
0.07119538918	-0.00347202518	0.00132794450
0.07118721219	-0.00363582467	0.00147892936
0.07117874082	-0.00379805938	0.00162961076
0.07116999230	-0.00395861031	0.00177985010
0.07116098108	-0.00411742295	0.00192954044
0.07115172196	-0.00427444287	0.00207858025
0.07114222965	-0.00442962307	0.00222688374
0.07113252453	-0.00458283249	0.00237429809
0.07112261657	-0.00473411152	0.00252078897
0.07111252895	-0.00488330078	0.00266619089
0.07110227047	-0.00503046067	0.00281048450
0.07109186432	-0.00517544471	0.00295351932
0.07108132310	-0.00531826157	0.00309523480
0.07107066172	-0.00545888660	0.00323556629
0.07105989840	-0.00559725290	0.00337441940
0.07104904856	-0.00573333230	0.00351172004
0.07103812677	-0.00586710702	0.00364740534
0.07102714821	-0.00599855122	0.00378141082
0.07101612768	-0.00612764301	0.00391367585
0.07100507958	-0.00625436435	0.00404414374
0.07099401654	-0.00637871586	0.00417277605
0.07098295373	-0.00650066761	0.00429951473
0.07097190503	-0.00662020362	0.00442430578
0.07096088048	-0.00673734672	0.00454712711
0.07094989182	-0.00685209829	0.00466795271
0.07093895486	-0.00696441554	0.00478671538
0.07092807371	-0.00707437343	0.00490344102
0.07091726583	-0.00718190828	0.00501805655
0.07090653721	-0.00728706944	0.00513056539
0.07089589509	-0.00738988897	0.00524097374
0.07088535409	-0.00749032549	0.00534922805
0.07087491858	-0.00758843309	0.00545534087
0.07086459644	-0.00768422879	0.00555930729
0.07085439496	-0.00777773201	0.00566112508
0.07084432086	-0.00786896450	0.00576079453
0.07083438031	-0.00795794987	0.00585831865
0.07082457894	-0.00804471366	0.00595370287
0.07081492184	-0.00812928314	0.00604695493
0.07080541356	-0.00821168743	0.00613808450
0.07079605816	-0.00829195688	0.00622710361
0.07078685587	-0.00837015145	0.00631405542
0.07077781571	-0.00844625383	0.00639891911
0.07076893911	-0.00852030849	0.00648171460
0.07076022085	-0.00859241206	0.00656252060
0.07075167568	-0.00866249319	0.00664127290
0.07074329228	-0.00873069280	0.00671807920
0.07073508369	-0.00879695037	0.00679288633
0.07072703712	-0.00886141190	0.00686581349
0.07071916769	-0.00892399694	0.00693679337
0.07071146622	-0.00898481751	0.00700590922
0.07070393166	-0.00904391773	0.00707320547
0.07069657125	-0.00910127539	0.00713866162
0.07068937929	-0.00915696762	0.00720233703
0.07068235508	-0.00921103036	0.00726426393
0.07067549653	-0.00926350849	0.00732448433
0.07066880442	-0.00931442336	0.00738301960
0.07066227806	-0.00936380579	0.00743989546
0.07065591436	-0.00941170365	0.00749515355
0.07064971162	-0.00945815249	0.00754882727
0.07064366795	-0.00950318785	0.00760094987
0.07063778136	-0.00954684477	0.00765155474
0.07063204971	-0.00958915816	0.00770067500
0.07062646881	-0.00963017670	0.00774835904
0.07062103890	-0.00966991546	0.00779462464
0.07061575810	-0.00970840402	0.00783949886
0.07061062278	-0.00974568371	0.00788302024
0.07060563035	-0.00978178728	0.00792522079
0.07060077558	-0.00981676565	0.00796615237
0.07059605641	-0.00985064563	0.00800584724
0.07059147698	-0.00988340919	0.00804428818
0.07058702970	-0.00991512172	0.00808153333
0.07058272096	-0.00994574796	0.00811754182
0.07057949672	-0.00996860284	0.00814520368
0.07057670321	-0.00998836145	0.00817519891
0.07057437585	-0.01000479252	0.00820717583
0.07057254432	-0.01001770374	0.00824075955
0.07057123205	-0.01002694402	0.00827555632
0.07057045589	-0.01003240524	0.00831115818
0.07057022582	-0.01003402349	0.00834714774
0.07057054480	-0.01003177984	0.00838310305
0.07057140872	-0.01002570054	0.00841860257
0.07057280648	-0.01001585672	0.00845323009
0.07057472014	-0.01000236357	0.00848657965
0.07057712523	-0.00998537901	0.00851826025
0.07057999112	-0.00996510181	0.00854790046
0.07058328147	-0.00994176933	0.00857515278
0.07129796438	0.00896994288	-0.00493180754
0.07130160179	0.00894098325	-0.00501284606
0.07130403941	0.00892152247	-0.00504552962
0.07130630899	0.00890336446	-0.00507034977
0.07130854646	0.00888542641	-0.00509106985
0.07131076615	0.00886759441	-0.00510918358
0.07131299551	0.00884964808	-0.00512542861
0.07131526963	0.00883130328	-0.00514020296
0.07131755600	0.00881282057	-0.00515384923
0.07131989404	0.00879387936	-0.00516651217
0.07132229072	0.00877442000	-0.00517831858
0.07132472186	0.00875463604	-0.00518941453
0.07132721082	0.00873433436	-0.00519984787
0.07132977471	0.00871337136	-0.00520964902
0.07133239473	0.00869189636	-0.00521889495
0.07133507510	0.00866987085	-0.00522762036
0.07133782588	0.00864720755	-0.00523584085
0.07134064972	0.00862387948	-0.00524357536
0.07134354916	0.00859986011	-0.00525083855
0.07134652661	0.00857512332	-0.00525764097
0.07134958568	0.00854963289	-0.00526398750
0.07135272595	0.00852338546	-0.00526988773
0.07135594867	0.00849636332	-0.00527534681
0.07135926250	0.00846848603	-0.00528035340
0.07136266480	0.00843976731	-0.00528491410
0.07136615804	0.00841017753	-0.00528902582
0.07136974480	0.00837968535	-0.00529268440
0.07137342714	0.00834826318	-0.00529588427
0.07137720711	0.00831588267	-0.00529861982
0.07138109021	0.00828248513	-0.00530087631
0.07138509123	0.00824793009	-0.00530261458
0.07138917836	0.00821247913	-0.00530389256
0.07139337272	0.00817593615	-0.00530466796
0.07139770167	0.00813804622	-0.00530486942
0.07140211271	0.00809925311	-0.00530459654
0.07140666063	0.00805905815	-0.00530372873
0.07141130666	0.00801778526	-0.00530233450
0.07141608857	0.00797507950	-0.00530032120
0.07142096878	0.00793125582	-0.00529775789
0.07142599436	0.00788586895	-0.00529452622
0.07143112592	0.00783925059	-0.00529069530
0.07143638096	0.00779121780	-0.00528621607
0.07144176822	0.00774166353	-0.00528104821
0.07144728548	0.00769057848	-0.00527517306
0.07145292227	0.00763802982	-0.00526859652
0.07145868823	0.00758389583	-0.00526127614
0.07146458345	0.00752814139	-0.00525318720
0.07147060779	0.00747073105	-0.00524430418
0.07147676094	0.00741162903	-0.00523460092
0.07148304236	0.00735079959	-0.00522404951
0.07148945127	0.00728820671	-0.00521262141
0.07149599652	0.00722371658	-0.00520025555
0.07150266121	0.00715744649	-0.00518696132
0.07150944728	0.00708932644	-0.00517270085
0.07151636420	0.00701920587	-0.00515740566
0.07152340237	0.00694712262	-0.00514105458
0.07153055352	0.00687310070	-0.00512363154
0.07153783105	0.00679693522	-0.00510504267
0.07154521389	0.00671877740	-0.00508530036
0.07155270681	0.00663850501	-0.00506433937
0.07156031437	0.00655599018	-0.00504207823
0.07156801341	0.00647140294	-0.00501853239
0.07157581034	0.00638458877	-0.00499362001
0.07158369914	0.00629552360	-0.00496729064
0.07159167333	0.00620418485	-0.00493949258
0.07159972599	0.00611055139	-0.00491017329
0.07160784974	0.00601460358	-0.00487927982
0.07161603673	0.00591632348	-0.00484675860
0.07162427864	0.00581569508	-0.00481255532
0.07163256669	0.00571270423	-0.00477661550
0.07164089161	0.00560733882	-0.00473888456
0.07164924769	0.00549953679	-0.00469928704
0.07165762277	0.00538931346	-0.00465776859
0.07166599871	0.00527676304	-0.00461431464
0.07167438029	0.00516166734	-0.00456878687
0.07168273665	0.00504429049	-0.00452122745
0.07169107526	0.00492436065	-0.00447147827
0.07169936540	0.00480214549	-0.00441958258
0.07170760757	0.00467745829	-0.00436541864
0.07171578373	0.00455038069	-0.00430895441
0.07172387741	0.00442097382	-0.00425016205
0.07173187810	0.00428920321	-0.00418897665
0.07173977128	0.00415509533	-0.00412535360
0.07174754256	0.00401867347	-0.00405924803
0.07175517660	0.00387997815	-0.00399062459
0.07176265756	0.00373906145	-0.00391945731
0.07176997139	0.00359594312	-0.00384570805
0.07177710383	0.00345064713	-0.00376934016
0.07178403852	0.00330324291	-0.00369033913
0.07179076033	0.00315378038	-0.00360868680
0.07179725451	0.00300230670	-0.00352436745
0.07180350618	0.00284887706	-0.00343737145
0.07180950071	0.00269354935	-0.00334769240
0.07181522598	0.00253631954	-0.00325529154
0.07182066289	0.00237738961	-0.00316023539
0.07182580024	0.00221675879	-0.00306251013
0.07183062650	0.00205443346	-0.00296209094
0.07183512519	0.00189060563	-0.00285904989
0.07183928529	0.00172530843	-0.00275339848
0.07184309656	0.00155854956	-0.00264512351
0.07184654433	0.00139056370	-0.00253433490
0.07184962122	0.00122128222	-0.00242099912
0.07185231504	0.00105091570	-0.00230521890
0.07185461790	0.00087948117	-0.00218701358
0.07185652101	0.00070709884	-0.00206644803
0.07185801676	0.00053387953	-0.00194359610
0.07185909889	0.00035987061	-0.00181849564
0.07185976121	0.00018525339	-0.00169126444
0.07185999930	0.00001001627	-0.00156191750
0.07185980919	-0.00016560098	-0.00143061243
0.07185918782	-0.00034165178	-0.00129734994
0.07185813387	-0.00051787701	-0.00116230208
0.07185664587	-0.00069429428	-0.00102550366
0.07185472443	-0.00087073368	-0.00088708187
0.07185237088	-0.00104709100	-0.00074714489
0.07184958628	-0.00122333597	-0.00060575054
0.07184637569	-0.00139924971	-0.00046307020
0.07184274218	-0.00157480040	-0.00031918284
0.07183869017	-0.00174991280	-0.00017417590
0.07183422780	-0.00192440013	-0.00002821214
0.07182936099	-0.00209821351	0.00011861361
0.07182409769	-0.00227125320	0.00026618443
0.07181844622	-0.00244343673	0.00041439631
0.07181241752	-0.00261462985	0.00056310898
0.07180602163	-0.00278475458	0.00071220818
0.07179926958	-0.00295372451	0.00086157727
0.07179217330	-0.00312145039	0.00101109681
0.07178474544	-0.00328784456	0.00116064911
0.07177699921	-0.00345282272	0.00131011673
0.07176894836	-0.00361630363	0.00145938321
0.07176060591	-0.00377823228	0.00160835203
0.07175198879	-0.00393849009	0.00175688651
0.07174311124	-0.00409702210	0.00190488071
0.07173398784	-0.00425377346	0.00205223403
0.07172463310	-0.00440869668	0.00219886142
0.07171506707	-0.00456166144	0.00234461235
0.07170529965	-0.00471270649	0.00248945189
0.07169535361	-0.00486167363	0.00263321732
0.07168523775	-0.00500862147	0.00277588839
0.07167497486	-0.00515340461	0.00291731716
0.07166457743	-0.00529603070	0.00305744323
0.07165406020	-0.00543647463	0.00319620242
0.07164344114	-0.00557466961	0.00333350162
0.07163273550	-0.00571058712	0.00346926747
0.07162195768	-0.00584420892	0.00360343762
0.07161112269	-0.00597550891	0.00373594825
0.07160024517	-0.00610446489	0.00386673934
0.07158933936	-0.00623105851	0.00399575477
0.07157841777	-0.00635528991	0.00412295628
0.07156749540	-0.00647712913	0.00424828659
0.07155658598	-0.00659655998	0.00437169235
0.07154569947	-0.00671360464	0.00449315135
0.07153484751	-0.00682826418	0.00461263778
0.07152404570	-0.00694049611	0.00473008557
0.07151329823	-0.00705037418	0.00484551955
0.07150262228	-0.00715783537	0.00495886811
0.07149202384	-0.00726292825	0.00507013418
0.07148151015	-0.00736568435	0.00517932361
0.07147109560	-0.00746606280	0.00528638395
0.07146078460	-0.00756411693	0.00539132723
0.07145058496	-0.00765986355	0.00549414853
0.07144050392	-0.00775332188	0.00559484559
0.07143054815	-0.00784451344	0.00569341869
0.07142072378	-0.00793346167	0.00578987075
0.07141103642	-0.00802019188	0.00588420710
0.07140149111	-0.00810473116	0.00597643536
0.07139209239	-0.00818710843	0.00606656507
0.07138284430	-0.00826735384	0.00615460808
0.07137374715	-0.00834552681	0.00624060669
0.07136480979	-0.00842161051	0.00632454085
0.07135603371	-0.00849564908	0.00640643009
0.07134741384	-0.00856773820	0.00648635155
0.07133896465	-0.00863780774	0.00656424282
0.07133067513	-0.00870599713	0.00664020928
0.07132255803	-0.00877224691	0.00671419934
0.07131460092	-0.00883670160	0.00678632966
0.07130681860	-0.00889928209	0.00685653494
0.07129920210	-0.00896009932	0.00692489668
0.07129175044	-0.00901919722	0.00699145868
0.07128447070	-0.00907655425	0.00705620133
0.07127735732	-0.00913224690	0.00711918287
0.07127040963	-0.00918631104	0.00718043518
0.07126362560	-0.00923879138	0.00723999969
0.07125700597	-0.00928970937	0.00729789768
0.07125055009	-0.00933909584	0.00735415466
0.07124425493	-0.00938699844	0.00740881166
0.07123811881	-0.00943345264	0.00746190172
0.07123213989	-0.00947849393	0.00751345771
0.07122631621	-0.00952215730	0.00756351264
0.07122064566	-0.00956447762	0.00761209928
0.07121512414	-0.00960550331	0.00765926530
0.07120975185	-0.00964524967	0.00770502847
0.07120452695	-0.00968374625	0.00774941564
0.07119944588	-0.00972103426	0.00779246481
0.07119450607	-0.00975714638	0.00783420763
0.07118970239	-0.00979213328	0.00787469517
0.07118503280	-0.00982602182	0.00791395937
0.07118050134	-0.00985879450	0.00795198377
0.07117610054	-0.00989051627	0.00798882549
0.07117183664	-0.00992115259	0.00802444492
0.07116866354	-0.00994388911	0.00805166780
0.07116590999	-0.00996357646	0.00808121317
0.07116361089	-0.00997998419	0.00811273464
0.07116179554	-0.00999292028	0.00814586265
0.07116048713	-0.01000223331	0.00818020880
0.07115970245	-0.01000781431	0.00821537042
0.07115945158	-0.01000959797	0.00825093526
0.07115973773	-0.01000756341	0.00828648637
0.07116055725	-0.01000173446	0.00832160694
0.07116189959	-0.00999217930	0.00835588521
0.07116374754	-0.00997900977	0.00838891931
0.07116607749	-0.00996237999	0.00842032192
0.07116885976	-0.00994248460	0.00844972490
0.07117205912	-0.00991955648	0.00847678352
0.07188715100	0.00893258762	-0.00487346483
0.07189069642	0.00890400856	-0.00495360482
0.07189307891	0.00888475128	-0.00498592935
0.07189529904	0.00886676806	-0.00501047801
0.07189748872	0.00884899516	-0.00503097293
0.07189966184	0.00883132079	-0.00504889065
0.07190184503	0.00881352830	-0.00506496073
0.07190407238	0.00879533828	-0.00507957725
0.07190631232	0.00877700677	-0.00509307807
0.07190860317	0.00875821846	-0.00510560707
0.07191095169	0.00873891452	-0.00511728969
0.07191333442	0.00871928508	-0.00512826971
0.07191577408	0.00869914008	-0.00513859490
0.07191828729	0.00867833813	-0.00514829570
0.07192085583	0.00865702584	-0.00515744768
0.07192348381	0.00863516510	-0.00516608523
0.07192618103	0.00861266990	-0.00517422393
0.07192895007	0.00858951346	-0.00518188254
0.07193179343	0.00856566946	-0.00518907556
0.07193471350	0.00854111197	-0.00519581344
0.07193771378	0.00851580510	-0.00520210105
0.07194079389	0.00848974529	-0.00520794782
0.07194395508	0.00846291484	-0.00521335882
0.07194720579	0.00843523439	-0.00521832302
0.07195054348	0.00840671712	-0.00522284685
0.07195397058	0.00837733361	-0.00522692726
0.07195748961	0.00834705272	-0.00523056016
0.07196110261	0.00831584701	-0.00523374007
0.07196481160	0.00828368828	-0.00523646144
0.07196862195	0.00825051848	-0.00523870982
0.07197254804	0.00821619916	-0.00524044686
0.07197655903	0.00818098715	-0.00524172892
0.07198067544	0.00814468928	-0.00524251472
0.07198492389	0.00810705454	-0.00524273449
0.07198925339	0.00806851884	-0.00524248513
0.07199371721	0.00802859151	-0.00524164897
0.07199827773	0.00798759064	-0.00524029260
0.07200297163	0.00794516683	-0.00523832550
0.07200776246	0.00790162932	-0.00523581479
0.07201269597	0.00785653989	-0.00523264489
0.07201773391	0.00781022426	-0.00522888287
0.07202289331	0.00776250210	-0.00522448076
0.07202818269	0.00771326771	-0.00521939898
0.07203359992	0.00766251147	-0.00521361900
0.07203913485	0.00761029899	-0.00520714632
0.07204479686	0.00755651009	-0.00519993927
0.07205058607	0.00750110976	-0.00519197344
0.07205650235	0.00744406267	-0.00518322361
0.07206254544	0.00738533313	-0.00517366393
0.07206871480	0.00732488549	-0.00516326682
0.07207500970	0.00726268385	-0.00515200409
0.07208143876	0.00719859610	-0.00513981576
0.07208798556	0.00713273706	-0.00512671052
0.07209465200	0.00706503739	-0.00511265107
0.07210144728	0.00699534849	-0.00509757018
0.07210836207	0.00692370706	-0.00508144667
0.07211538833	0.00685013619	-0.00506426438
0.07212253910	0.00677443383	-0.00504593127
0.07212979387	0.00669674819	-0.00502645880
0.07213715728	0.00661695852	-0.00500578286
0.07214463375	0.00653493853	-0.00498382335
0.07215220073	0.00645085493	-0.00496059464
0.07215986445	0.00636455523	-0.00493601640
0.07216761901	0.00627601522	-0.00491003873
0.07217545809	0.00618521217	-0.00488261050
0.07218337492	0.00609212481	-0.00485367975
0.07219136229	0.00599673331	-0.00482319411
0.07219941252	0.00589901953	-0.00479110058
0.07220751747	0.00579896725	-0.00475734545
0.07221566852	0.00569656209	-0.00472187483
0.07222385663	0.00559179167	-0.00468463469
0.07223207614	0.00548459452	-0.00464555069
0.07224031515	0.00537498526	-0.00460456893
0.07224855597	0.00526305619	-0.00456167444
0.07225680312	0.00514859227	-0.00451673154
0.07226502650	0.00503185297	-0.00446978049
0.07227323329	0.00491257053	-0.00442066638
0.07228139347	0.00479100799	-0.00436943049
0.07228950744	0.00466698133	-0.00431595345
0.07229755749	0.00454057063	-0.00426020315
0.07230552748	0.00441183582	-0.00420215171
0.07231340706	0.00428074279	-0.00414173519
0.07232118195	0.00414731742	-0.00407890936
0.07232883800	0.00401158251	-0.00401362978
0.07233636011	0.00387357785	-0.00394586136
0.07234373272	0.00373335463	-0.00387557818
0.07235094198	0.00359093230	-0.00380274254
0.07235797384	0.00344633450	-0.00372731818
0.07236481220	0.00329962963	-0.00364929049
0.07237144214	0.00315086696	-0.00356864137
0.07237784911	0.00300009310	-0.00348535518
0.07238401845	0.00284736257	-0.00339942227
0.07238993570	0.00269273267	-0.00331083617
0.07239558889	0.00253619972	-0.00321955888
0.07240095919	0.00237796295	-0.00312565513
0.07240603551	0.00221802204	-0.00302911155
0.07241080642	0.00205638375	-0.00292990393
0.07241525565	0.00189323764	-0.00282810261
0.07241937229	0.00172861694	-0.00272371910
0.07242314616	0.00156252986	-0.00261674075
0.07242656277	0.00139520818	-0.00250727506
0.07242961472	0.00122658506	-0.00239528980
0.07243228996	0.00105686867	-0.00228088561
0.07243458061	0.00088607663	-0.00216408197
0.07243647793	0.00071432822	-0.00204494275
0.07243797433	0.00054173353	-0.00192354070
0.07243906353	0.00036834021	-0.00179991355
0.07243973935	0.00019432789	-0.00167417702
0.07243999733	0.00001968621	-0.00154634671
0.07243983343	-0.00015534752	-0.00141657729
0.07243924458	-0.00033082477	-0.00128487060
0.07243822933	-0.00050648907	-0.00115139547
0.07243678616	-0.00068235654	-0.00101618719
0.07243491556	-0.00085825853	-0.00087937096
0.07243261873	-0.00103409106	-0.00074105367
0.07242989665	-0.00120982302	-0.00060129307
0.07242675415	-0.00138523738	-0.00046025765
0.07242319421	-0.00156030146	-0.00031802600
0.07241922110	-0.00173493974	-0.00017468484
0.07241484272	-0.00190896679	-0.00003039438
0.07241006483	-0.00208233304	0.00011475122
0.07240489521	-0.00225493880	0.00026063634
0.07239934199	-0.00242670143	0.00040715798
0.07239341586	-0.00259748722	0.00055417776
0.07238712665	-0.00276721792	0.00070158255
0.07238048520	-0.00293580700	0.00084925695
0.07237350320	-0.00310316513	0.00099708282
0.07236619308	-0.00326920457	0.00114494375
0.07235856782	-0.00343384089	0.00129272356
0.07235064093	-0.00359699270	0.00144030708
0.07234242526	-0.00375860454	0.00158759857
0.07233393741	-0.00391855826	0.00173446320
0.07232519142	-0.00407679844	0.00188079603
0.07231620169	-0.00423326985	0.00202649741
0.07230698250	-0.00438792453	0.00217148296
0.07229755357	-0.00454063290	0.00231560443
0.07228792475	-0.00469143209	0.00245882630
0.07227811841	-0.00484016513	0.00260098856
0.07226814333	-0.00498688882	0.00274207007
0.07225802191	-0.00513145888	0.00288192540
0.07224776653	-0.00527388195	0.00302049428
0.07223739177	-0.00541413246	0.00315771300
0.07222691534	-0.00555214377	0.00329348971
0.07221635231	-0.00568788701	0.00342775177
0.07220571695	-0.00582134352	0.00356043733
0.07219502406	-0.00595248691	0.00369148323
0.07218428814	-0.00608129470	0.00382083004
0.07217352327	-0.00620774827	0.00394842220
0.07216274184	-0.00633184728	0.00407422165
0.07215195868	-0.00645356173	0.00419817185
0.07214118734	-0.00657287525	0.00432022006
0.07213043775	-0.00668980939	0.00444034401
0.07211972142	-0.00680436491	0.00455851803
0.07210905375	-0.00691649962	0.00467467720
0.07209843898	-0.00702628609	0.00478884529
0.07208789404	-0.00713366196	0.00490095214
0.07207742493	-0.00723867501	0.00501100019
0.07206703885	-0.00734135629	0.00511899495
0.07205674997	-0.00744166539	0.00522488508
0.07204656275	-0.00753965493	0.00532868204
0.07203648492	-0.00763534150	0.00543038093
0.07202652368	-0.00772874413	0.00552997950
0.07201668565	-0.00781988414	0.00562747797
0.07200697691	-0.00790878475	0.00572287919
0.07199740302	-0.00799547108	0.00581618841
0.07198796902	-0.00807997003	0.00590741311
0.07197867941	-0.00816231033	0.00599656270
0.07196953823	-0.00824252192	0.00608364887
0.07196054582	-0.00832066371	0.00616871310
0.07195171092	-0.00839671933	0.00625173603
0.07194303503	-0.00847073260	0.00633273688
0.07193451326	-0.00854279826	0.00641179121
0.07192615978	-0.00861284737	0.00648883840
0.07191796388	-0.00868101788	0.00656398153
0.07190993807	-0.00874725142	0.00663717058
0.07190207022	-0.00881169099	0.00670851971
0.07189437482	-0.00887425884	0.00677796558
0.07188684314	-0.00893506482	0.00684558801
0.07187947424	-0.00899415270	0.00691143015
0.07187227504	-0.00905150156	0.00697547327
0.07186524014	-0.00910718728	0.00703777453
0.07185836888	-0.00916124565	0.00709836546
0.07185165928	-0.00921372121	0.00715728691
0.07184511207	-0.00926463551	0.00721456009
0.07183872662	-0.00931401938	0.00727021028
0.07183249995	-0.00936192024	0.00732427794
0.07182643043	-0.00940837351	0.00737679574
0.07182051624	-0.00945341461	0.00742779618
0.07181475545	-0.00949707847	0.00747731191
0.07180914600	-0.00953939989	0.00752537534
0.07180368386	-0.00958042710	0.00757203343
0.07179836922	-0.00962017556	0.00761730398
0.07179320024	-0.00965867483	0.00766121358
0.07178817343	-0.00969596596	0.00770379973
0.07178328627	-0.00973208160	0.00774509373
0.07177853371	-0.00976707214	0.00778514588
0.07177391375	-0.00980096448	0.00782398779
0.07176943029	-0.00983374167	0.00786160375
0.07176507603	-0.00986546820	0.00789804988
0.07176085703	-0.00989611024	0.00793328778
0.07175773444	-0.00991872714	0.00796008267
0.07175502060	-0.00993834084	0.00798918900
0.07175274988	-0.00995472174	0.00802026552
0.07175095116	-0.00996767811	0.00805294790
0.07174964744	-0.00997705831	0.00808685295
0.07174885540	-0.00998275256	0.00812158318
0.07174858522	-0.00998469423	0.00815673140
0.07174884037	-0.00998286058	0.00819188554
0.07174961757	-0.00997727308	0.00822663343
0.07175090685	-0.00996799712	0.00826056771
0.07175269167	-0.00995514126	0.00829329051
0.07175494925	-0.00993885595	0.00832441819
0.07175765086	-0.00991933182	0.00835358581
0.07176076227	-0.00989679741	0.00838045141
0.07246599650	0.00889603573	-0.00481732133
0.07246945449	0.00886782191	-0.00489659576
0.07247178444	0.00884876035	-0.00492857441
0.07247395742	0.00883094539	-0.00495286151
0.07247610149	0.00881333153	-0.00497313951
0.07247823013	0.00879580905	-0.00499086838
0.07248036922	0.00877816485	-0.00500676990
0.07248255188	0.00876012404	-0.00502123435
0.07248474745	0.00874193837	-0.00503459502
0.07248699318	0.00872329754	-0.00504699495
0.07248929566	0.00870414355	-0.00505855826
0.07249163210	0.00868466323	-0.00506942655
0.07249402460	0.00866466945	-0.00507964751
0.07249648934	0.00864402296	-0.00508925156
0.07249900863	0.00862286774	-0.00509831298
0.07250158648	0.00860116611	-0.00510686581
0.07250423243	0.00857883324	-0.00511492564
0.07250694903	0.00855584257	-0.00512251105
0.07250973872	0.00853216797	-0.00512963638
0.07251260385	0.00850778368	-0.00513631199
0.07251554784	0.00848265415	-0.00514254273
0.07251857035	0.00845677562	-0.00514833788
0.07252167263	0.00843013041	-0.00515370245
0.07252486290	0.00840264018	-0.00515862568
0.07252813871	0.00837431761	-0.00516311385
0.07253150245	0.00834513346	-0.00516716394
0.07253495661	0.00831505682	-0.00517077195
0.07253850318	0.00828406036	-0.00517393246
0.07254214417	0.00825211605	-0.00517663999
0.07254588481	0.00821916645	-0.00517888036
0.07254973912	0.00818507504	-0.00518061602
0.07255367714	0.00815009411	-0.00518190180
0.07255771884	0.00811403330	-0.00518269740
0.07256189014	0.00807664532	-0.00518293455
0.07256614149	0.00803835863	-0.00518270759
0.07257052470	0.00799869016	-0.00518190166
0.07257500322	0.00795795244	-0.00518058147
0.07257961276	0.00791580137	-0.00517865857
0.07258431788	0.00787254076	-0.00517619821
0.07258916311	0.00782773911	-0.00517308747
0.07259411126	0.00778171641	-0.00516939148
0.07259917894	0.00773429485	-0.00516506329
0.07260437444	0.00768537002	-0.00516006403
0.07260969573	0.00763493200	-0.00515437532
0.07261513293	0.00758304490	-0.00514800224
0.07262069522	0.00752959003	-0.00514090391
0.07262638270	0.00747453250	-0.00513305619
0.07263219530	0.00741783706	-0.00512443415
0.07263813275	0.00735946814	-0.00511501226
0.07264419456	0.00729939018	-0.00510476324
0.07265038003	0.00723756739	-0.00509365922
0.07265669756	0.00717386927	-0.00508164128
0.07266313117	0.00710840831	-0.00506871745
0.07266968273	0.00704111580	-0.00505485096
0.07267636120	0.00697184503	-0.00503997581
0.07268315750	0.00690063159	-0.00502407077
0.07269006380	0.00682749768	-0.00500711964
0.07269709279	0.00675224402	-0.00498903209
0.07270422452	0.00667501592	-0.00496981871
0.07271146347	0.00659569404	-0.00494941648
0.07271881395	0.00651415362	-0.00492774659
0.07272625400	0.00643055819	-0.00490482244
0.07273378965	0.00634475719	-0.00488056508
0.07274141514	0.00625672630	-0.00485492516
0.07274912429	0.00616644267	-0.00482785210
0.07275691048	0.00607388487	-0.00479929451
0.07276476665	0.00597903290	-0.00476920057
0.07277268529	0.00588186844	-0.00473751783
0.07278065841	0.00578237507	-0.00470419316
0.07278867760	0.00568053818	-0.00466917322
0.07279673396	0.00557634515	-0.00463240455
0.07280482194	0.00546973507	-0.00459381383
0.07281292990	0.00536072191	-0.00455334763
0.07282104051	0.00524939613	-0.00451099060
0.07282915811	0.00513554571	-0.00446660959
0.07283725328	0.00501942568	-0.00442024303
0.07284533295	0.00490077218	-0.00437173906
0.07285336776	0.00477984379	-0.00432113712
0.07286135799	0.00465645913	-0.00426832009
0.07286928631	0.00453069676	-0.00421325579
0.07287713686	0.00440261546	-0.00415591632
0.07288489943	0.00427218148	-0.00409623866
0.07289255998	0.00413942013	-0.00403417895
0.07290010460	0.00400435374	-0.00396969319
0.07290751844	0.00386702141	-0.00390274649
0.07291478616	0.00372747350	-0.00383331304
0.07292189415	0.00358572915	-0.00376135552
0.07292882854	0.00344181167	-0.00368683807
0.07293557348	0.00329578850	-0.00360974600
0.07294211426	0.00314770828	-0.00353006124
0.07294843653	0.00299761707	-0.00344776825
0.07295452582	0.00284556881	-0.00336285734
0.07296036788	0.00269162017	-0.00327532200
0.07296595084	0.00253576785	-0.00318512495
0.07297125615	0.00237820840	-0.00309232920
0.07297627283	0.00221894197	-0.00299692185
0.07298098955	0.00205797565	-0.00289887923
0.07298539027	0.00189549666	-0.00279827005
0.07298946414	0.00173153834	-0.00269510583
0.07299320106	0.00156610936	-0.00258937443
0.07299658671	0.00139943873	-0.00248118103
0.07299961372	0.00123146132	-0.00237049469
0.07300227012	0.00106238297	-0.00225741398
0.07300454808	0.00089222189	-0.00214195857
0.07300643889	0.00072109643	-0.00202419134
0.07300793499	0.00054911600	-0.00190418403
0.07300903010	0.00037632849	-0.00178197419
0.07300971803	0.00020291191	-0.00165767559
0.07300999430	0.00002885710	-0.00153130438
0.07300985482	-0.00014560101	-0.00140301244
0.07300929648	-0.00032051202	-0.00127280267
0.07300831774	-0.00049562203	-0.00114084084
0.07300691701	-0.00067094572	-0.00100716265
0.07300509468	-0.00084631567	-0.00087189143
0.07300285183	-0.00102162813	-0.00073513281
0.07300018936	-0.00119685119	-0.00059694445
0.07299711192	-0.00137176964	-0.00045749209
0.07299362234	-0.00154634992	-0.00031685398
0.07298972478	-0.00172051631	-0.00017511609
0.07298542692	-0.00189408466	-0.00003243620
0.07298073438	-0.00206700476	0.00011109216
0.07297565475	-0.00223917700	0.00025535465
0.07297019597	-0.00241051855	0.00040024923
0.07296436853	-0.00258089625	0.00054563934
0.07295818204	-0.00275023162	0.00069141294
0.07295164713	-0.00291843800	0.00083745581
0.07294477532	-0.00308542601	0.00098365107
0.07293757878	-0.00325110783	0.00112988356
0.07293007027	-0.00341539894	0.00127603832
0.07292226311	-0.00357821783	0.00142200137
0.07291416992	-0.00373950858	0.00156767778
0.07290580705	-0.00389915347	0.00171293448
0.07289718833	-0.00405709670	0.00185766750
0.07288832794	-0.00421328262	0.00200177809
0.07287923999	-0.00436766289	0.00214518255
0.07286994386	-0.00452010860	0.00228773478
0.07286044934	-0.00467065539	0.00242939874
0.07285077843	-0.00481914742	0.00257001698
0.07284093987	-0.00496563981	0.00270956758
0.07283095571	-0.00510998934	0.00284790745
0.07282083821	-0.00525220171	0.00298497649
0.07281060177	-0.00539225089	0.00312071147
0.07280026388	-0.00553007040	0.00325502169
0.07278983943	-0.00566563106	0.00338783523
0.07277934253	-0.00579891379	0.00351909075
0.07276878783	-0.00592989194	0.00364872568
0.07275818964	-0.00605854279	0.00377668122
0.07274756190	-0.00618484743	0.00390290229
0.07273691689	-0.00630880507	0.00402735107
0.07272626926	-0.00643038569	0.00414997171
0.07271563241	-0.00654957276	0.00427071207
0.07270501621	-0.00666638720	0.00438954981
0.07269443205	-0.00678082949	0.00450645944
0.07268389514	-0.00689285774	0.00462137708
0.07267340976	-0.00700254337	0.00473432554
0.07266299260	-0.00710982467	0.00484523600
0.07265264965	-0.00721474867	0.00495411048
0.07264238810	-0.00731734594	0.00506095417
0.07263222190	-0.00741757655	0.00516571674
0.07262215553	-0.00751549239	0.00526840916
0.07261219668	-0.00761110988	0.00536902655
0.07260235247	-0.00770444784	0.00546756663
0.07259262947	-0.00779552739	0.00556402958
0.07258303373	-0.00788437157	0.00565841820
0.07257357077	-0.00797100530	0.00575073764
0.07256424560	-0.00805545530	0.00584099527
0.07255506270	-0.00813775010	0.00592920037
0.07254602608	-0.00821791948	0.00601536446
0.07253713616	-0.00829602182	0.00609952825
0.07252840152	-0.00837204119	0.00618167304
0.07251982369	-0.00844602110	0.00626181774
0.07251139795	-0.00851805540	0.00634003641
0.07250313818	-0.00858807629	0.00641627012
0.07249503397	-0.00865622028	0.00649061977
0.07248709757	-0.00872243005	0.00656303683
0.07247931717	-0.00878684715	0.00663363311
0.07247170694	-0.00884939511	0.00670234708
0.07246425838	-0.00891018277	0.00676925695
0.07245697060	-0.00896925369	0.00683440532
0.07244985036	-0.00902658758	0.00689777423
0.07244289240	-0.00908225970	0.00695941982
0.07243609609	-0.00913630580	0.00701937329
0.07242945949	-0.00918877021	0.00707767495
0.07242298332	-0.00923967461	0.00713434591
0.07241666696	-0.00928904980	0.00718941125
0.07241050749	-0.00933694299	0.00724291086
0.07240450332	-0.00938338953	0.00729487708
0.07239865265	-0.00942842478	0.00734534204
0.07239295361	-0.00947208361	0.00739433805
0.07238740414	-0.00951440077	0.00744189715
0.07238200030	-0.00955542427	0.00748806567
0.07237674224	-0.00959516973	0.00753286138
0.07237162818	-0.00963366672	0.00757631064
0.07236665467	-0.00967095613	0.00761845048
0.07236181922	-0.00970707057	0.00765931186
0.07235711688	-0.00974206017	0.00769894432
0.07235254567	-0.00977595186	0.00773737918
0.07234810938	-0.00980872923	0.00777460142
0.07234380084	-0.00984045629	0.00781066622
0.07233962597	-0.00987109993	0.00784553632
0.07233655241	-0.00989359821	0.00787192096
0.07233387731	-0.00991313739	0.00790060602
0.07233163453	-0.00992948875	0.00793125518
0.07232985256	-0.00994246087	0.00796350913
0.07232855417	-0.00995190192	0.00799698971
0.07232775596	-0.00995770142	0.00803130439
0.07232746818	-0.00995979148	0.00806605086
0.07232769453	-0.00995814765	0.00810082175
0.07232843209	-0.00995278916	0.00813520941
0.07232967140	-0.00994377873	0.00816881067
0.07233139660	-0.00993122181	0.00820123158
0.07233358565	-0.00991526537	0.00823209205
0.07233621071	-0.00989609619	0.00826103026
0.07233923856	-0.00987393867	0.00828770694
0.07305481517	0.00885901126	-0.00476137322
0.07305818712	0.00883116045	-0.00483978421
0.07306046522	0.00881229382	-0.00487141781
0.07306259160	0.00879464658	-0.00489544400
0.07306469060	0.00877719136	-0.00491550558
0.07306677525	0.00875982043	-0.00493304605
0.07306887071	0.00874232425	-0.00494877938
0.07307100916	0.00872443242	-0.00496309209
0.07307316081	0.00870639240	-0.00497631292
0.07307536187	0.00868789890	-0.00498858405
0.07307761877	0.00866889472	-0.00500002829
0.07307990936	0.00864956342	-0.00501078508
0.07308225516	0.00862972079	-0.00502090201
0.07308467188	0.00860922969	-0.00503040948
0.07308714237	0.00858823151	-0.00503938049
0.07308967054	0.00856668898	-0.00504784874
0.07309226569	0.00854451846	-0.00505582982
0.07309493032	0.00852169358	-0.00506334212
0.07309766681	0.00849818842	-0.00507039984
0.07310047748	0.00847397739	-0.00507701322
0.07310336567	0.00844902529	-0.00508318714
0.07310633107	0.00842332814	-0.00508893067
0.07310937493	0.00839686830	-0.00509424880
0.07311250525	0.00836956843	-0.00509913104
0.07311571970	0.00834144071	-0.00510358349
0.07311902060	0.00831245612	-0.00510760320
0.07312241041	0.00828258392	-0.00511118622
0.07312589108	0.00825179696	-0.00511432721
0.07312946460	0.00822006732	-0.00511702077
0.07313313608	0.00818733820	-0.00511925297
0.07313691917	0.00815347498	-0.00512098704
0.07314078477	0.00811872547	-0.00512227632
0.07314475233	0.00808290208	-0.00512308148
0.07314884706	0.00804576123	-0.00512333572
0.07315302083	0.00800772395	-0.00512313087
0.07315732403	0.00796831477	-0.00512235482
0.07316172115	0.00792784068	-0.00512107045
0.07316624693	0.00788596283	-0.00511919135
0.07317086695	0.00784297965	-0.00511678092
0.07317562451	0.00779846632	-0.00511372885
0.07318048351	0.00775273714	-0.00511009838
0.07318546010	0.00770561682	-0.00510584357
0.07319056235	0.00765700221	-0.00510092625
0.07319578833	0.00760688312	-0.00509532818
0.07320112846	0.00755532214	-0.00508905404
0.07320659167	0.00750220210	-0.00508206371
0.07321217808	0.00744748819	-0.00507433333
0.07321788765	0.00739114528	-0.00506583829
0.07322372012	0.00733313791	-0.00505655332
0.07322967504	0.00727343062	-0.00504645148
0.07323575174	0.00721198769	-0.00503550521
0.07324195840	0.00714868029	-0.00502365663
0.07324827949	0.00708361856	-0.00501091314
0.07325471683	0.00701673442	-0.00499723850
0.07326127914	0.00694788303	-0.00498256789
0.07326795760	0.00687709891	-0.00496688006
0.07327474459	0.00680440338	-0.00495015876
0.07328165245	0.00672959988	-0.00493231537
0.07328866175	0.00665283086	-0.00491335963
0.07329577688	0.00657397841	-0.00489322958
0.07330300198	0.00649291926	-0.00487184770
0.07331031569	0.00640981380	-0.00484922642
0.07331772385	0.00632451339	-0.00482528818
0.07332522084	0.00623699362	-0.00479998417
0.07333280061	0.00614723150	-0.00477326437
0.07334045669	0.00605520544	-0.00474507792
0.07334818217	0.00596089530	-0.00471537357
0.07335596969	0.00586428259	-0.00468409944
0.07336381146	0.00576535066	-0.00465120294
0.07337169921	0.00566408471	-0.00461663131
0.07337962423	0.00556047188	-0.00458033164
0.07338758107	0.00545445181	-0.00454223164
0.07339555831	0.00534603782	-0.00450227833
0.07340353901	0.00523531858	-0.00446045602
0.07341152733	0.00512208503	-0.00441663402
0.07341949454	0.00500658784	-0.00437084901
0.07342744727	0.00488856699	-0.00432295212
0.07343535686	0.00476827666	-0.00427298097
0.07344322349	0.00464553808	-0.00422082067
0.07345103013	0.00452042831	-0.00416643899
0.07345876127	0.00439300500	-0.00410980803
0.07346640681	0.00426323474	-0.00405086565
0.07347395296	0.00413114230	-0.00398956839
0.07348138603	0.00399674954	-0.00392587265
0.07348869143	0.00386009486	-0.00385974381
0.07349585406	0.00372122781	-0.00379115610
0.07350286051	0.00358016722	-0.00372007263
0.07350969712	0.00343693610	-0.00364645792
0.07351634827	0.00329160090	-0.00357029718
0.07352279950	0.00314420966	-0.00349157243
0.07352903662	0.00299480790	-0.00341026818
0.07353504537	0.00284344895	-0.00332637474
0.07354081169	0.00269018889	-0.00323988555
0.07354632383	0.00253502476	-0.00315076402
0.07355156355	0.00237815050	-0.00305907152
0.07355651993	0.00221956667	-0.00296479554
0.07356118177	0.00205928072	-0.00286791300
0.07356553323	0.00189747755	-0.00276849098
0.07356956356	0.00173419057	-0.00266654100
0.07357326276	0.00156942894	-0.00256205143
0.07357661664	0.00140341888	-0.00245512518
0.07357961786	0.00123609699	-0.00234573254
0.07358225457	0.00106766677	-0.00223397008
0.07358451897	0.00089814700	-0.00211985761
0.07358640240	0.00072765513	-0.00200345705
0.07358789731	0.00055629987	-0.00188483911
0.07358899744	0.00038412934	-0.00176404120
0.07358969659	0.00021131994	-0.00164117514
0.07358999026	0.00003786369	-0.00151625762
0.07358987432	-0.00013600686	-0.00138943776
0.07358934562	-0.00031033944	-0.00126071947
0.07358840254	-0.00048488274	-0.00113026551
0.07358704344	-0.00065964999	-0.00099811199
0.07358526858	-0.00083447503	-0.00086438036
0.07358307894	-0.00100925434	-0.00072917501
0.07358047533	-0.00118395521	-0.00059255351
0.07357746222	-0.00135836426	-0.00045467887
0.07357404234	-0.00153244709	-0.00031562896
0.07357021971	-0.00170612776	-0.00017548902
0.07356600179	-0.00187922342	-0.00003441445
0.07356139406	-0.00205168324	0.00010750190
0.07355640392	-0.00222340768	0.00025014693
0.07355103916	-0.00239431375	0.00039341961
0.07354531001	-0.00256426886	0.00053718513
0.07353922592	-0.00273319429	0.00068133258
0.07353279731	-0.00290100329	0.00082574890
0.07352603546	-0.00306760642	0.00097031849
0.07351895236	-0.00323291581	0.00111492740
0.07351156053	-0.00339684684	0.00125946191
0.07350387307	-0.00355931792	0.00140380923
0.07349590241	-0.00372027267	0.00154787523
0.07348766462	-0.00387959382	0.00169152861
0.07347917333	-0.00403722517	0.00183466634
0.07347044251	-0.00419311073	0.00197719060
0.07346148608	-0.00434720173	0.00211901836
0.07345232311	-0.00449936996	0.00226000566
0.07344296330	-0.00464964959	0.00240011594
0.07343342829	-0.00479788592	0.00253919432
0.07342372678	-0.00494413240	0.00267721809
0.07341388046	-0.00508824687	0.00281404650
0.07340390147	-0.00523023410	0.00294961961
0.07339380405	-0.00537006764	0.00308387467
0.07338360545	-0.00550768117	0.00321672218
0.07337332036	-0.00564304518	0.00334809087
0.07336296276	-0.00577614019	0.00347791994
0.07335254711	-0.00590693932	0.00360614744
0.07334208758	-0.00603541959	0.00373271513
0.07333159794	-0.00616156182	0.00385756848
0.07332109035	-0.00628536479	0.00398066987
0.07331057927	-0.00640679846	0.00410196415
0.07330007798	-0.00652584612	0.00422139978
0.07328959626	-0.00664252810	0.00433895436
0.07327914541	-0.00675684458	0.00445460256
0.07326874039	-0.00686875399	0.00456828156
0.07325838558	-0.00697832660	0.00468001321
0.07324809738	-0.00708550136	0.00478973003
0.07323788182	-0.00719032453	0.00489743362
0.07322774601	-0.00729282623	0.00500312884
0.07321770373	-0.00739296698	0.00510676638
0.07320775946	-0.00749079799	0.00520835672
0.07319792083	-0.00758633546	0.00530789498
0.07318819491	-0.00767959803	0.00540537890
0.07317858821	-0.00777060663	0.00550080859
0.07316910674	-0.00785938410	0.00559418681
0.07315975599	-0.00794595517	0.00568551860
0.07315054092	-0.00803034637	0.00577481122
0.07314146599	-0.00811258605	0.00586207382
0.07313253520	-0.00819270379	0.00594731778
0.07312374902	-0.00827075746	0.00603058302
0.07311511589	-0.00834673159	0.00611185150
0.07310663737	-0.00842066937	0.00619114181
0.07309830889	-0.00849266374	0.00626852655
0.07309014406	-0.00856264804	0.00634394844
0.07308213275	-0.00863075737	0.00641750624
0.07307428696	-0.00869693542	0.00648915287
0.07306659518	-0.00876132229	0.00655899780
0.07305907129	-0.00882384282	0.00662698133
0.07305170702	-0.00888460478	0.00669318007
0.07304450148	-0.00894365159	0.00675763605
0.07303746132	-0.00900096351	0.00682033207
0.07303058140	-0.00905661526	0.00688132329
0.07302386113	-0.00911064248	0.00694064054
0.07301729859	-0.00916308932	0.00699832361
0.07301089451	-0.00921397757	0.00705439352
0.07300464827	-0.00926333801	0.00710887514
0.07299855702	-0.00931121762	0.00716180780
0.07299261918	-0.00935765169	0.00721322349
0.07298683301	-0.00940267552	0.00726315399
0.07298119665	-0.00944632392	0.00731163126
0.07297570809	-0.00948863156	0.00735868700
0.07297036345	-0.00952964624	0.00740436686
0.07296516288	-0.00956938375	0.00744868862
0.07296010460	-0.00960787365	0.00749167841
0.07295518523	-0.00964515669	0.00753337277
0.07295040233	-0.00968126541	0.00757380232
0.07294575102	-0.00971624970	0.00761301588
0.07294122935	-0.00975013648	0.00765104444
0.07293684099	-0.00978290990	0.00768787369
0.07293257893	-0.00981463349	0.00772355785
0.07292844893	-0.00984527487	0.00775806079
0.07292542460	-0.00986765153	0.00778403820
0.07292278861	-0.00988711290	0.00781230467
0.07292057426	-0.00990343117	0.00784252880
0.07291880970	-0.00991641529	0.00787435623
0.07291751741	-0.00992591330	0.00790741383
0.07291671393	-0.00993181402	0.00794131402
0.07291640956	-0.00993404839	0.00797565936
0.07291660820	-0.00993259026	0.00801004717
0.07291730730	-0.00992745669	0.00804407429
0.07291849790	-0.00991870778	0.00807734178
0.07292016477	-0.00990644591	0.00810945961
0.07292228662	-0.00989081462	0.00814005123
0.07292483649	-0.00987199687	0.00816875799
0.07292778212	-0.00985021298	0.00819524331
0.07363330643	0.00882279913	-0.00470751345
0.07363659656	0.00879529688	-0.00478509242
0.07363882522	0.00877661780	-0.00481639351
0.07364090714	0.00875913209	-0.00484016825
0.07364296309	0.00874182971	-0.00486002128
0.07364500574	0.00872460487	-0.00487738016
0.07364705950	0.00870725143	-0.00489295141
0.07364915568	0.00868950328	-0.00490711786
0.07365126535	0.00867160380	-0.00492020391
0.07365342369	0.00865325247	-0.00493235089
0.07365563699	0.00863439287	-0.00494368035
0.07365788373	0.00861520545	-0.00495432965
0.07366018483	0.00859550877	-0.00496434628
0.07366255561	0.00857516771	-0.00497376062
0.07366497939	0.00855432119	-0.00498264446
0.07366746002	0.00853293235	-0.00499103113
0.07367000654	0.00851091866	-0.00499893626
0.07367262140	0.00848825397	-0.00500637803
0.07367530696	0.00846491254	-0.00501337051
0.07367806547	0.00844086894	-0.00501992386
0.07368090022	0.00841608831	-0.00502604290
0.07368381094	0.00839056647	-0.00503173661
0.07368679884	0.00836428581	-0.00503700988
0.07368987174	0.00833716996	-0.00504185250
0.07369302739	0.00830923064	-0.00504627041
0.07369626809	0.00828043899	-0.00505026070
0.07369959624	0.00825076449	-0.00505381950
0.07370301377	0.00822018011	-0.00505694154
0.07370652263	0.00818865810	-0.00505962148
0.07371012783	0.00815614223	-0.00506184564
0.07371384265	0.00812249971	-0.00506357797
0.07371763884	0.00808797406	-0.00506487045
0.07372153532	0.00805238035	-0.00506568462
0.07372555665	0.00801547856	-0.00506595511
0.07372965604	0.00797768263	-0.00506577135
0.07373388252	0.00793852431	-0.00506502384
0.07373820158	0.00789830533	-0.00506377375
0.07374264704	0.00785669187	-0.00506193657
0.07374718544	0.00781397721	-0.00505957397
0.07375185893	0.00776974290	-0.00505657814
0.07375663240	0.00772429784	-0.00505301050
0.07376152159	0.00767746912	-0.00504882607
0.07376653440	0.00762915481	-0.00504398735
0.07377166894	0.00757934446	-0.00503847625
0.07377691592	0.00752809923	-0.00503229706
0.07378228405	0.00747530337	-0.00502541039
0.07378777347	0.00742092219	-0.00501779267
0.07379338415	0.00736492067	-0.00500941954
0.07379911586	0.00730726342	-0.00500026604
0.07380496817	0.00724791512	-0.00499030552
0.07381094044	0.00718684012	-0.00497951074
0.07381704065	0.00712391117	-0.00496782481
0.07382325368	0.00705923618	-0.00495525452
0.07382958133	0.00699274767	-0.00494176414
0.07383603208	0.00692430260	-0.00492728998
0.07384259734	0.00685393445	-0.00491181080
0.07384926971	0.00678166373	-0.00489531029
0.07385606119	0.00670729648	-0.00487770144
0.07386295286	0.00663097239	-0.00485899321
0.07386994897	0.00655257495	-0.00483912464
0.07387705357	0.00647198232	-0.00481801946
0.07388424584	0.00638935187	-0.00479568917
0.07389153142	0.00630453684	-0.00477205754
0.07389890484	0.00621751268	-0.00474707629
0.07390636018	0.00612825630	-0.00472069591
0.07391389110	0.00603674599	-0.00469286610
0.07392149085	0.00594296143	-0.00466353612
0.07392915222	0.00584688398	-0.00463265463
0.07393686756	0.00574849682	-0.00460016961
0.07394462878	0.00564778491	-0.00456602881
0.07395242735	0.00554473521	-0.00453017987
0.07396025789	0.00543928785	-0.00449255148
0.07396810922	0.00533145558	-0.00445309112
0.07397596476	0.00522132531	-0.00441178274
0.07398382849	0.00510869087	-0.00436849805
0.07399167233	0.00499379870	-0.00432327202
0.07399950268	0.00487639249	-0.00427595865
0.07400729149	0.00475672222	-0.00422659387
0.07401503884	0.00463461161	-0.00417506488
0.07402272807	0.00451013630	-0.00412133943
0.07403034390	0.00438335283	-0.00406538960
0.07403787641	0.00425422814	-0.00400715412
0.07404531202	0.00412278648	-0.00394658990
0.07405263727	0.00398904925	-0.00388365375
0.07405983779	0.00385305421	-0.00381831127
0.07406689874	0.00371485011	-0.00375053679
0.07407380689	0.00357445551	-0.00368029378
0.07408054880	0.00343189309	-0.00360754716
0.07408710906	0.00328722841	-0.00353228204
0.07409347342	0.00314050888	-0.00345448053
0.07409962790	0.00299177954	-0.00337412719
0.07410555843	0.00284109311	-0.00329121233
0.07411125110	0.00268850511	-0.00320572933
0.07411669433	0.00253401293	-0.00311764229
0.07412187011	0.00237780798	-0.00302701099
0.07412676766	0.00221989122	-0.00293382332
0.07413137585	0.00206027044	-0.00283805673
0.07413567907	0.00189912830	-0.00273977676
0.07413966667	0.00173649830	-0.00263899495
0.07414332869	0.00157239005	-0.00253570013
0.07414665114	0.00140702710	-0.00242999304
0.07414962669	0.00124034768	-0.00232184516
0.07415224359	0.00107255309	-0.00221135113
0.07415449409	0.00090366260	-0.00209853091
0.07415636957	0.00073379282	-0.00198344548
0.07415786251	0.00056305176	-0.00186616459
0.07415896667	0.00039148779	-0.00174672547
0.07415967582	0.00021927572	-0.00162523811
0.07415998548	0.00004640870	-0.00150171967
0.07415989146	-0.00012688298	-0.00137631668
0.07415939059	-0.00030064531	-0.00124903398
0.07415848115	-0.00047462942	-0.00112003144
0.07415716147	-0.00064884722	-0.00098934558
0.07415543170	-0.00082313372	-0.00085709601
0.07415329272	-0.00099738565	-0.00072338597
0.07415074527	-0.00117156956	-0.00058827291
0.07414779363	-0.00134547380	-0.00045191722
0.07414444043	-0.00151906319	-0.00031439640
0.07414068958	-0.00169226160	-0.00017579502
0.07413654831	-0.00186488744	-0.00003626614
0.07413202197	-0.00203688928	0.00010409802
0.07412711782	-0.00220816767	0.00024518557
0.07412184343	-0.00237863949	0.00038689641
0.07411620886	-0.00254817268	0.00052909747
0.07411022335	-0.00271668832	0.00067167888
0.07410389713	-0.00288409958	0.00081452875
0.07409724129	-0.00305031698	0.00095753266
0.07409026758	-0.00321525261	0.00110057787
0.07408298835	-0.00337882179	0.00124355183
0.07407541646	-0.00354094281	0.00138634292
0.07406756417	-0.00370155890	0.00152885776
0.07405944726	-0.00386055324	0.00167096676
0.07405107917	-0.00401786923	0.00181256780
0.07404247369	-0.00417345057	0.00195356395
0.07403364454	-0.00432724810	0.00209387284
0.07402461047	-0.00447913430	0.00223335256
0.07401538114	-0.00462914191	0.00237196608
0.07400597780	-0.00477711735	0.00250956096
0.07399640913	-0.00492311248	0.00264611374
0.07398669645	-0.00506698615	0.00278148594
0.07397685181	-0.00520874228	0.00291561777
0.07396688928	-0.00534835399	0.00304844695
0.07395682586	-0.00548575512	0.00317988509
0.07394667609	-0.00562091587	0.00330986163
0.07393645378	-0.00575381639	0.00343831623
0.07392617323	-0.00588442957	0.00356518755
0.07391584845	-0.00601273217	0.00369041790
0.07390549305	-0.00613870480	0.00381395329
0.07389511909	-0.00626234578	0.00393575627
0.07388474085	-0.00638362508	0.00405577239
0.07387437145	-0.00650252584	0.00417395068
0.07386402062	-0.00661906779	0.00429026868
0.07385369952	-0.00673325087	0.00440470122
0.07384342295	-0.00684503377	0.00451718651
0.07383319530	-0.00695448569	0.00462774546
0.07382303276	-0.00706154620	0.00473631188
0.07381294131	-0.00716626085	0.00484288698
0.07380292807	-0.00726865930	0.00494747530
0.07379300660	-0.00736870252	0.00505002852
0.07378318140	-0.00746644104	0.00515055664
0.07377346004	-0.00756189088	0.00524905480
0.07376384952	-0.00765507050	0.00534552072
0.07375435631	-0.00774600063	0.00543995448
0.07374498637	-0.00783470394	0.00553235878
0.07373574514	-0.00792120497	0.00562273857
0.07372663758	-0.00800553006	0.00571110101
0.07371766810	-0.00808770737	0.00579745512
0.07370884067	-0.00816776633	0.00588181212
0.07370015584	-0.00824576430	0.00596421121
0.07369162190	-0.00832168622	0.00604463495
0.07368324043	-0.00839557500	0.00612310165
0.07367500702	-0.00846752270	0.00619968249
0.07366693500	-0.00853746374	0.00627432179
0.07365901453	-0.00860553187	0.00634711624
0.07365125735	-0.00867167175	0.00641802015
0.07364365226	-0.00873602210	0.00648714078
0.07363621283	-0.00879850898	0.00655442013
0.07362893101	-0.00885923917	0.00661993331
0.07362180595	-0.00891825590	0.00668372178
0.07361484416	-0.00897554002	0.00674576910
0.07360804064	-0.00903116567	0.00680612944
0.07360139479	-0.00908516839	0.00686483333
0.07359490478	-0.00913759219	0.00692192003
0.07358857128	-0.00918845893	0.00697741047
0.07358239370	-0.00923779936	0.00703132931
0.07357636926	-0.00928566028	0.00708371536
0.07357049640	-0.00933207689	0.00713460028
0.07356477342	-0.00937708442	0.00718401549
0.07355919847	-0.00942071762	0.00723199262
0.07355376959	-0.00946301110	0.00727856304
0.07354848297	-0.00950401243	0.00732377177
0.07354333874	-0.00954373758	0.00736763657
0.07353833514	-0.00958221609	0.00741018335
0.07353346884	-0.00961948855	0.00745144818
0.07352873745	-0.00965558748	0.00749146138
0.07352413617	-0.00969056248	0.00753027104
0.07351966306	-0.00972444051	0.00756790786
0.07351532172	-0.00975720621	0.00760435818
0.07351110523	-0.00978892268	0.00763967532
0.07350701923	-0.00981955820	0.00767382422
0.07350404265	-0.00984181456	0.00769941113
0.07350144475	-0.00986119770	0.00772727581
0.07349925833	-0.00987748069	0.00775709157
0.07349751115	-0.00989047289	0.00778850885
0.07349622548	-0.00990002224	0.00782115931
0.07349541773	-0.00990601696	0.00785466015
0.07349509827	-0.00990838688	0.00788861861
0.07349527118	-0.00990710426	0.00792263656
0.07349593424	-0.00990218411	0.00795631515
0.07349707896	-0.00989368403	0.00798925956
0.07349869071	-0.00988170351	0.00802108353
0.07350074891	-0.00986638277	0.00805141395
0.07350322743	-0.00984790118	0.00807989522
0.07350609490	-0.00982647510	0.00810619344
0.07422177200	0.00878613464	-0.00465381981
0.07422498156	0.00875897900	-0.00473056853
0.07422716141	0.00874048681	-0.00476153781
0.07422919938	0.00872316220	-0.00478506164
0.07423121277	0.00870601232	-0.00480470653
0.07423321385	0.00868893332	-0.00482188421
0.07423522634	0.00867172242	-0.00483729371
0.07423728070	0.00865411778	-0.00485131417
0.07423934879	0.00863635872	-0.00486426571
0.07424146483	0.00861814948	-0.00487628877
0.07424363494	0.00859943438	-0.00488750364
0.07424583823	0.00858039079	-0.00489804565
0.07424809504	0.00856084005	-0.00490796215
0.07425042030	0.00854064903	-0.00491728352
0.07425279780	0.00851995420	-0.00492608030
0.07425523129	0.00849871909	-0.00493438553
0.07425772960	0.00847686230	-0.00494221480
0.07426029513	0.00845435788	-0.00494958612
0.07426293018	0.00843118028	-0.00495651344
0.07426563698	0.00840730424	-0.00496300678
0.07426841873	0.00838269522	-0.00496907099
0.07427127520	0.00835734886	-0.00497471488
0.07427420760	0.00833124756	-0.00497994328
0.07427722354	0.00830431593	-0.00498474626
0.07428032087	0.00827656522	-0.00498912959
0.07428350183	0.00824796675	-0.00499309041
0.07428676880	0.00821849022	-0.00499662491
0.07429012367	0.00818810873	-0.00499972790
0.07429356837	0.00815679464	-0.00500239409
0.07429710778	0.00812449236	-0.00500461007
0.07430075485	0.00809107088	-0.00500634052
0.07430448214	0.00805676949	-0.00500763600
0.07430830806	0.00802140590	-0.00500845899
0.07431225653	0.00798474358	-0.00500874547
0.07431628206	0.00794718948	-0.00500858255
0.07432043237	0.00790828251	-0.00500786330
0.07432467392	0.00786831917	-0.00500664717
0.07432903962	0.00782697064	-0.00500485157
0.07433349695	0.00778452510	-0.00500253645
0.07433808694	0.00774057042	-0.00499959644
0.07434277546	0.00769541014	-0.00499609119
0.07434757784	0.00764887371	-0.00499197669
0.07435250178	0.00760086043	-0.00498721608
0.07435754547	0.00755135958	-0.00498179139
0.07436269990	0.00750043091	-0.00497570658
0.07436797355	0.00744796010	-0.00496892297
0.07437336659	0.00739391254	-0.00496141725
0.07437887898	0.00733825334	-0.00495316535
0.07438451054	0.00728094721	-0.00494414258
0.07439026085	0.00722195893	-0.00493432261
0.07439612931	0.00716125297	-0.00492367850
0.07440212367	0.00709870360	-0.00491215434
0.07440822927	0.00703441656	-0.00489975632
0.07441444784	0.00696832494	-0.00488644924
0.07442078764	0.00690028751	-0.00487217051
0.07442724031	0.00683033672	-0.00485689889
0.07443379865	0.00675849227	-0.00484061804
0.07444047434	0.00668456278	-0.00482324253
0.07444724897	0.00660868525	-0.00480478056
0.07445412666	0.00653074450	-0.00478517216
0.07446111133	0.00645062014	-0.00476434228
0.07446818269	0.00636846655	-0.00474230154
0.07447534625	0.00628413882	-0.00471897501
0.07448259664	0.00619761231	-0.00469431493
0.07448992806	0.00610886380	-0.00466827232
0.07449733434	0.00601787144	-0.00464079740
0.07450480883	0.00592461481	-0.00461183998
0.07451234451	0.00582907506	-0.00458134926
0.07451993386	0.00573123521	-0.00454927373
0.07452756898	0.00563108004	-0.00451556172
0.07453524149	0.00552859626	-0.00448016139
0.07454294609	0.00542372456	-0.00444300241
0.07455067184	0.00531647708	-0.00440403269
0.07455840252	0.00520693900	-0.00436323588
0.07456614193	0.00509490701	-0.00432048600
0.07457386265	0.00498062340	-0.00427581642
0.07458157081	0.00486383550	-0.00422908393
0.07458923901	0.00474478915	-0.00418032278
0.07459686722	0.00462331053	-0.00412942228
0.07460443911	0.00449947385	-0.00407635014
0.07461193969	0.00437333460	-0.00402107845
0.07461935917	0.00424486006	-0.00396354679
0.07462668421	0.00411407395	-0.00390371243
0.07463390155	0.00398099723	-0.00384153261
0.07464099708	0.00384566701	-0.00377697313
0.07464795618	0.00370813126	-0.00371000844
0.07465476584	0.00356840825	-0.00364060238
0.07466141278	0.00342652038	-0.00356872024
0.07466788186	0.00328253226	-0.00349434707
0.07467415902	0.00313649076	-0.00341746502
0.07468023048	0.00298844036	-0.00333805876
0.07468608235	0.00283843325	-0.00325611856
0.07469170092	0.00268652434	-0.00317163777
0.07469707473	0.00253271138	-0.00308458116
0.07470218604	0.00237718326	-0.00299500694
0.07470702417	0.00221994135	-0.00290290340
0.07471157812	0.00206099377	-0.00280824852
0.07471583246	0.00190052097	-0.00271110631
0.07471977664	0.00173855650	-0.00261148832
0.07472340080	0.00157511043	-0.00250938384
0.07472669109	0.00141040367	-0.00240489149
0.07472964023	0.00124437606	-0.00229798387
0.07473223657	0.00107722667	-0.00218875376
0.07473447239	0.00090897531	-0.00207722124
0.07473633914	0.00073973771	-0.00196344636
0.07473782932	0.00056962119	-0.00184749790
0.07473893670	0.00039867435	-0.00172941295
0.07473965506	0.00022707044	-0.00160929965
0.07473997991	0.00005480372	-0.00148717566
0.07473990701	-0.00011789781	-0.00136318487
0.07473943319	-0.00029107837	-0.00123733309
0.07473855663	-0.00046449156	-0.00110977733
0.07473727562	-0.00063814797	-0.00098055447
0.07473559021	-0.00081188378	-0.00084978233
0.07473350119	-0.00098559600	-0.00071756298
0.07473100922	-0.00115925042	-0.00058395372
0.07472811839	-0.00133263717	-0.00044911240
0.07472483126	-0.00150572026	-0.00031311612
0.07472115159	-0.00167842340	-0.00017604874
0.07471708643	-0.00185056625	-0.00003806104
0.07471264099	-0.00202209682	0.00010075538
0.07470782235	-0.00219291575	0.00024028988
0.07470263794	-0.00236293979	0.00038044329
0.07469709758	-0.00253203745	0.00052108423
0.07469121033	-0.00270012959	0.00066210391
0.07468498624	-0.00286712933	0.00080339158
0.07467843619	-0.00303294715	0.00094483402
0.07467157173	-0.00319749513	0.00108631968
0.07466440499	-0.00336068851	0.00122773717
0.07465694862	-0.00352244552	0.00136897606
0.07464921469	-0.00368270898	0.00150994373
0.07464121873	-0.00384136252	0.00165051225
0.07463297397	-0.00399834920	0.00179058046
0.07462449400	-0.00415361237	0.00193005229
0.07461579235	-0.00430710251	0.00206884605
0.07460688747	-0.00445869281	0.00220682184
0.07459778894	-0.00460841459	0.00234394219
0.07458851766	-0.00475611539	0.00248005708
0.07457908226	-0.00490184548	0.00261514236
0.07456950372	-0.00504546478	0.00274906172
0.07455979397	-0.00518697631	0.00288175559
0.07454996691	-0.00532635280	0.00301316214
0.07454003930	-0.00546352825	0.00314319411
0.07453002552	-0.00559847259	0.00327178159
0.07451993922	-0.00573116560	0.00339886476
0.07450979453	-0.00586157993	0.00352438287
0.07449960529	-0.00598969212	0.00364827880
0.07448938497	-0.00611548255	0.00377049906
0.07447914550	-0.00623894912	0.00389100641
0.07446890099	-0.00636006178	0.00400974707
0.07445866440	-0.00647880353	0.00412667065
0.07444844540	-0.00659519353	0.00424175462
0.07443825504	-0.00670923145	0.00435497401
0.07442810791	-0.00682087628	0.00446626801
0.07441800845	-0.00693019614	0.00457565664
0.07440797259	-0.00703713121	0.00468307497
0.07439800632	-0.00714172634	0.00478852382
0.07438811672	-0.00724401073	0.00489200744
0.07437831714	-0.00734394581	0.00499347846
0.07436861210	-0.00744158144	0.00509294642
0.07435900910	-0.00753693345	0.00519040648
0.07434951508	-0.00763002011	0.00528585635
0.07434013647	-0.00772086198	0.00537929608
0.07433087917	-0.00780948152	0.00547072829
0.07432174859	-0.00789590311	0.00556015787
0.07431274965	-0.00798015289	0.00564759186
0.07430388672	-0.00806225885	0.00573303914
0.07429516378	-0.00814225023	0.00581651081
0.07428658140	-0.00822018391	0.00589804533
0.07427814775	-0.00829604523	0.00597762587
0.07426986443	-0.00836987681	0.00605527042
0.07426172717	-0.00844176983	0.00613104882
0.07425374904	-0.00851165983	0.00620490690
0.07424592047	-0.00857967913	0.00627693936
0.07423825295	-0.00864577343	0.00634710185
0.07423073559	-0.00871008002	0.00641549945
0.07422338165	-0.00877252620	0.00648207583
0.07421618330	-0.00883321775	0.00654690463
0.07420913973	-0.00889219771	0.00661002675
0.07420225730	-0.00894944752	0.00667142646
0.07419553114	-0.00900504072	0.00673115700
0.07418896068	-0.00905901280	0.00678924856
0.07418254412	-0.00911140755	0.00684573989
0.07417628213	-0.00916224695	0.00690065183
0.07417017413	-0.00921156172	0.00695400884
0.07416421739	-0.00925939843	0.00700584919
0.07415841039	-0.00930579222	0.00705620420
0.07415275144	-0.00935077825	0.00710510497
0.07414723875	-0.00939439120	0.00715258279
0.07414187037	-0.00943666562	0.00719866867
0.07413664258	-0.00947764885	0.00724340703
0.07413155546	-0.00951735702	0.00728681562
0.07412660731	-0.00955581965	0.00732892010
0.07412179484	-0.00959307720	0.00736975610
0.07411711568	-0.00962916210	0.00740935360
0.07411256515	-0.00966412372	0.00744776000
0.07410814131	-0.00969798903	0.00748500572
0.07410384766	-0.00973074317	0.00752107770
0.07409967742	-0.00976244879	0.00755602840
0.07409563607	-0.00979307485	0.00758982379
0.07409270739	-0.00981520816	0.00761502292
0.07409014788	-0.00983451004	0.00764248823
0.07408798982	-0.00985075450	0.00767189770
0.07408626059	-0.00986375137	0.00770290654
0.07408498221	-0.00987334849	0.00773515119
0.07408417100	-0.00987943354	0.00776825362
0.07408383734	-0.00988193527	0.00780182573
0.07408398551	-0.00988082442	0.00783547393
0.07408461360	-0.00987611398	0.00786880370
0.07408571358	-0.00986785909	0.00790142430
0.07408727139	-0.00985615637	0.00793295328
0.07408926716	-0.00984114282	0.00796302099
0.07409167554	-0.00982299420	0.00799127491
0.07409446609	-0.00980192299	0.00801738379
0.07481006504	0.00874966107	-0.00460121349
0.07481319663	0.00872284417	-0.00467714803
0.07481532911	0.00870453500	-0.00470779191
0.07481732441	0.00868736830	-0.00473106967
0.07481929644	0.00867036797	-0.00475051044
0.07482125710	0.00865343205	-0.00476751040
0.07482322947	0.00863636106	-0.00478276125
0.07482524313	0.00861889728	-0.00479663852
0.07482727076	0.00860127612	-0.00480945812
0.07482934563	0.00858320643	-0.00482135963
0.07483147371	0.00856463326	-0.00483246210
0.07483363469	0.00854573101	-0.00484289885
0.07483584839	0.00852632369	-0.00485271712
0.07483812931	0.00850628011	-0.00486194725
0.07484046173	0.00848573438	-0.00487065861
0.07484284931	0.00846465041	-0.00487888391
0.07484530066	0.00844294789	-0.00488663874
0.07484781812	0.00842060107	-0.00489394091
0.07485040396	0.00839758457	-0.00490080424
0.07485306036	0.00837387333	-0.00490723867
0.07485579047	0.00834943310	-0.00491324903
0.07485859407	0.00832425935	-0.00491884397
0.07486147236	0.00829833451	-0.00492402828
0.07486443278	0.00827158412	-0.00492879228
0.07486747325	0.00824401900	-0.00493314158
0.07487059598	0.00821561064	-0.00493707338
0.07487380329	0.00818632892	-0.00494058393
0.07487709706	0.00815614710	-0.00494366810
0.07488047918	0.00812503768	-0.00494632069
0.07488395443	0.00809294563	-0.00494852849
0.07488753543	0.00805974174	-0.00495025691
0.07489119550	0.00802566113	-0.00495155518
0.07489495260	0.00799052410	-0.00495238664
0.07489882998	0.00795409753	-0.00495268861
0.07490278346	0.00791678157	-0.00495254593
0.07490685945	0.00787812210	-0.00495185417
0.07491102536	0.00783841053	-0.00495067113
0.07491531322	0.00779732291	-0.00494891605
0.07491969144	0.00775514244	-0.00494664724
0.07492419993	0.00771146317	-0.00494376170
0.07492880553	0.00766658342	-0.00494031736
0.07493352318	0.00762033494	-0.00493627113
0.07493836036	0.00757261821	-0.00493158679
0.07494331536	0.00752342228	-0.00492624652
0.07494837942	0.00747280552	-0.00492025392
0.07495356082	0.00742065499	-0.00491357100
0.07495885972	0.00736693619	-0.00490617472
0.07496427613	0.00731161433	-0.00489804129
0.07496980987	0.00725465426	-0.00488914630
0.07497546055	0.00719602083	-0.00487946370
0.07498122759	0.00713567861	-0.00486896687
0.07498711856	0.00707350340	-0.00485760084
0.07499311918	0.00700959880	-0.00484537124
0.07499923115	0.00694389849	-0.00483224336
0.07500546252	0.00687626298	-0.00481815571
0.07501180515	0.00680672373	-0.00480308702
0.07501825204	0.00673529964	-0.00478702094
0.07502481453	0.00666180186	-0.00476987359
0.07503147472	0.00658636476	-0.00475165242
0.07503823661	0.00650887449	-0.00473229845
0.07504510399	0.00642921204	-0.00471173778
0.07505205711	0.00634752892	-0.00468998020
0.07505910130	0.00626368199	-0.00466695205
0.07506623131	0.00617764654	-0.00464260607
0.07507344149	0.00608939922	-0.00461689379
0.07508072577	0.00599891809	-0.00458976598
0.07508807767	0.00590618256	-0.00456117294
0.07509549028	0.00581117364	-0.00453106442
0.07510295628	0.00571387418	-0.00449938945
0.07511046789	0.00561426877	-0.00446609685
0.07511801691	0.00551234392	-0.00443113534
0.07512559813	0.00540804082	-0.00439443553
0.07513320082	0.00530137105	-0.00435594578
0.07514080911	0.00519241812	-0.00431564941
0.07514842664	0.00508098148	-0.00427342274
0.07515602662	0.00496729939	-0.00422929754
0.07516361492	0.00485112274	-0.00418313334
0.07517116478	0.00473269332	-0.00413496280
0.07517867606	0.00461183971	-0.00408467721
0.07518613275	0.00448863477	-0.00403224430
0.07519352014	0.00436313294	-0.00397763616
0.07520082858	0.00423530180	-0.00392079318
0.07520804494	0.00410516459	-0.00386167304
0.07521515620	0.00397274185	-0.00380023333
0.07522214846	0.00383807005	-0.00373644012
0.07522900734	0.00370119639	-0.00367026793
0.07523572002	0.00356213889	-0.00360168098
0.07524227342	0.00342091962	-0.00353064492
0.07524865263	0.00327760234	-0.00345714474
0.07525484379	0.00313223331	-0.00338116266
0.07526083332	0.00298485654	-0.00330268343
0.07526660751	0.00283552363	-0.00322169730
0.07527215284	0.00268428897	-0.00313819758
0.07527745796	0.00253115060	-0.00305214969
0.07528250542	0.00237629499	-0.00296361033
0.07528728462	0.00221972388	-0.00287256818
0.07529178469	0.00206144573	-0.00277900172
0.07529599040	0.00190163881	-0.00268297349
0.07529989129	0.00174033673	-0.00258449503
0.07530347758	0.00157755002	-0.00248355610
0.07530673560	0.00141349697	-0.00238025323
0.07530965807	0.00124811901	-0.00227456014
0.07531223349	0.00108161304	-0.00216656777
0.07531445416	0.00091399937	-0.00205629632
0.07531631158	0.00074539287	-0.00194380494
0.07531779829	0.00057590020	-0.00182916149
0.07531890807	0.00040557016	-0.00171240285
0.07531963472	0.00023457447	-0.00159363542
0.07531997373	0.00006290846	-0.00147287729
0.07531992084	-0.00010920209	-0.00135026985
0.07531947284	-0.00028179972	-0.00122581978
0.07531862786	-0.00045464042	-0.00109968133
0.07531738412	-0.00062773350	-0.00097189170
0.07531574160	-0.00080091631	-0.00084256700
0.07531370099	-0.00097408612	-0.00071180813
0.07531126286	-0.00114720800	-0.00057967226
0.07530843117	-0.00132007382	-0.00044631472
0.07530520836	-0.00149264684	-0.00031181225
0.07530159807	-0.00166485058	-0.00017624800
0.07529760717	-0.00183650599	-0.00003977053
0.07529324074	-0.00200756048	0.00009752922
0.07528850568	-0.00217791483	0.00023554175
0.07528340927	-0.00234748567	0.00037416887
0.07527796111	-0.00251614205	0.00051328084
0.07527217011	-0.00268380467	0.00065276991
0.07526604611	-0.00285038657	0.00079252646
0.07525959979	-0.00301579825	0.00093243846
0.07525284252	-0.00317995175	0.00107239550
0.07524578620	-0.00334276226	0.00121228737
0.07523844328	-0.00350414795	0.00135200477
0.07523082565	-0.00366405128	0.00149145583
0.07522294857	-0.00382235630	0.00163051427
0.07521482509	-0.00397900575	0.00176907983
0.07520646859	-0.00413394268	0.00190705734
0.07519789243	-0.00428711721	0.00204436573
0.07518911475	-0.00443840322	0.00218086710
0.07518014505	-0.00458783065	0.00231652355
0.07517100388	-0.00473524818	0.00245118742
0.07516169984	-0.00488070452	0.00258483387
0.07515225356	-0.00502406062	0.00271732877
0.07514267684	-0.00516531863	0.00284861272
0.07513298344	-0.00530445094	0.00297862435
0.07512318987	-0.00544139170	0.00310727751
0.07511331034	-0.00557611057	0.00323450294
0.07510335835	-0.00570858697	0.00336024132
0.07509334786	-0.00583879336	0.00348443247
0.07508329254	-0.00596670604	0.00360701982
0.07507320572	-0.00609230516	0.00372795041
0.07506309921	-0.00621558824	0.00384718719
0.07505298694	-0.00633652520	0.00396467704
0.07504288173	-0.00645509892	0.00408037012
0.07503279315	-0.00657132799	0.00419424387
0.07502273217	-0.00668521183	0.00430627349
0.07501271317	-0.00679670972	0.00441639912
0.07500274062	-0.00690588873	0.00452463995
0.07499283022	-0.00701268965	0.00463093225
0.07498298795	-0.00711715662	0.00473527648
0.07497322083	-0.00721931842	0.00483767660
0.07496354204	-0.00731913691	0.00493808616
0.07495395610	-0.00741666130	0.00503651427
0.07494447044	-0.00751190724	0.00513295611
0.07493509195	-0.00760489282	0.00522740936
0.07492582699	-0.00769563841	0.00531987405
0.07491668142	-0.00778416630	0.00541035275
0.07490766062	-0.00787050067	0.00549885026
0.07489876945	-0.00795466751	0.00558537351
0.07489001228	-0.00803669460	0.00566993126
0.07488139305	-0.00811661102	0.00575253446
0.07487291239	-0.00819447315	0.00583322087
0.07486457832	-0.00827026676	0.00591197425
0.07485639247	-0.00834403415	0.00598881230
0.07484835072	-0.00841586567	0.00606380351
0.07484046587	-0.00848569789	0.00613689521
0.07483272860	-0.00855366182	0.00620818015
0.07482515019	-0.00861970410	0.00627761528
0.07481772001	-0.00868396064	0.00634530357
0.07481045106	-0.00874635997	0.00641119032
0.07480333569	-0.00880700687	0.00647534770
0.07479637313	-0.00886594419	0.00653781610
0.07478956962	-0.00892315394	0.00659858045
0.07478292040	-0.00897870910	0.00665769311
0.07477642492	-0.00903264506	0.00671518393
0.07477008142	-0.00908500544	0.00677109115
0.07476389057	-0.00913581230	0.00682543552
0.07475785180	-0.00918509633	0.00687824130
0.07475196242	-0.00923290390	0.00692954626
0.07474622096	-0.00927927006	0.00697938137
0.07474062574	-0.00932422991	0.00702777740
0.07473517502	-0.00936781804	0.00707476532
0.07472986687	-0.00941006895	0.00712037581
0.07472469763	-0.00945102976	0.00716465267
0.07471966739	-0.00949071675	0.00720761364
0.07471477445	-0.00952915942	0.00724928416
0.07471001558	-0.00956639807	0.00728969939
0.07470538845	-0.00960246509	0.00732888903
0.07470088846	-0.00963740959	0.00736689976
0.07469651370	-0.00967125854	0.00740376173
0.07469226755	-0.00970399757	0.00743946249
0.07468814338	-0.00973568890	0.00747405363
0.07468414653	-0.00976630215	0.00750750213
0.07468126506	-0.00978831187	0.00753232284
0.07467874353	-0.00980753100	0.00755939802
0.07467661375	-0.00982373448	0.00758841024
0.07467490269	-0.00983673263	0.00761901937
0.07467363212	-0.00984637326	0.00765086653
0.07467281825	-0.00985254353	0.00768357836
0.07467247150	-0.00985517121	0.00771677133
0.07467259631	-0.00985422554	0.00775005628
0.07467319106	-0.00984971759	0.00778304299
0.07467424816	-0.00984170013	0.00781534471
0.07467575410	-0.00983026701	0.00784658273
0.07467768969	-0.00981555206	0.00787639082
0.07468003036	-0.00979772758	0.00790441950
0.07468274652	-0.00977700224	0.00793034016
0.07538805047	0.00871400862	-0.00455054110
0.07539110786	0.00868751721	-0.00462569072
0.07539319516	0.00866938428	-0.00465602088
0.07539514970	0.00865236975	-0.00467906142
0.07539708220	0.00863551360	-0.00469830537
0.07539900424	0.00861871569	-0.00471513399
0.07540093823	0.00860177970	-0.00473023188
0.07540291298	0.00858445186	-0.00474397108
0.07540490190	0.00856696384	-0.00475666347
0.07540693738	0.00854902889	-0.00476844776
0.07540902523	0.00853059279	-0.00477944183
0.07541114573	0.00851182707	-0.00478977708
0.07541331814	0.00849255830	-0.00479950062
0.07541555662	0.00847265717	-0.00480864275
0.07541784588	0.00845225552	-0.00481727172
0.07542018949	0.00843131762	-0.00482541991
0.07542259586	0.00840976421	-0.00483310292
0.07542506728	0.00838756974	-0.00484033838
0.07542760598	0.00836470900	-0.00484713996
0.07543021409	0.00834115709	-0.00485351753
0.07543289472	0.00831688007	-0.00485947589
0.07543564766	0.00829187324	-0.00486502358
0.07543847411	0.00826611906	-0.00487016530
0.07544138132	0.00823954398	-0.00487489163
0.07544436729	0.00821215836	-0.00487920803
0.07544743419	0.00818393389	-0.00488311176
0.07545058432	0.00815484066	-0.00488659911
0.07545381952	0.00812485202	-0.00488966503
0.07545714164	0.00809394064	-0.00489230437
0.07546055537	0.00806205202	-0.00489450417
0.07546407302	0.00802905866	-0.00489623049
0.07546766864	0.00799519172	-0.00489753130
0.07547135972	0.00796027398	-0.00489837077
0.07547516894	0.00792407558	-0.00489868749
0.07547905330	0.00788699015	-0.00489856416
0.07548305800	0.00784857023	-0.00489789870
0.07548715135	0.00780910242	-0.00489674737
0.07549136455	0.00776826737	-0.00489503114
0.07549566686	0.00772634357	-0.00489280677
0.07550009717	0.00768293093	-0.00488997349
0.07550462320	0.00763832282	-0.00488658762
0.07550925952	0.00759235320	-0.00488260695
0.07551401345	0.00754492366	-0.00487799586
0.07551888333	0.00749602303	-0.00487273668
0.07552386065	0.00744570837	-0.00486683265
0.07552895349	0.00739386806	-0.00486024648
0.07553416203	0.00734046773	-0.00485295537
0.07553948628	0.00728547267	-0.00484493578
0.07554492610	0.00722884785	-0.00483616359
0.07555048110	0.00717055821	-0.00482661303
0.07555615075	0.00711056844	-0.00481625776
0.07556194242	0.00704875578	-0.00480504373
0.07556784221	0.00698522178	-0.00479297602
0.07557385179	0.00691990070	-0.00478002041
0.07557997898	0.00685265471	-0.00476611645
0.07558621589	0.00678351434	-0.00475124286
0.07559255568	0.00671249774	-0.00473538328
0.07559900940	0.00663941846	-0.00471845529
0.07560555960	0.00656440835	-0.00470046565
0.07561221017	0.00648735486	-0.00468135629
0.07561896480	0.00640814030	-0.00466105449
0.07562580424	0.00632691343	-0.00463956918
0.07563273364	0.00624353280	-0.00461682794
0.07563974789	0.00615797364	-0.00459278400
0.07564684144	0.00607021251	-0.00456738939
0.07565400836	0.00598022733	-0.00454059536
0.07566124230	0.00588799740	-0.00451235275
0.07566853650	0.00579350359	-0.00448261179
0.07567588376	0.00569672857	-0.00445132202
0.07568327648	0.00559765676	-0.00441843280
0.07569070661	0.00549627449	-0.00438389334
0.07569816901	0.00539252344	-0.00434763515
0.07570565316	0.00528641464	-0.00430960703
0.07571314354	0.00517803000	-0.00426979203
0.07572064363	0.00506717164	-0.00422806860
0.07572812722	0.00495407393	-0.00418446705
0.07573559997	0.00483849120	-0.00413884950
0.07574303570	0.00472066136	-0.00409124709
0.07575043418	0.00460041528	-0.00404155305
0.07575777972	0.00447782453	-0.00398973507
0.07576505785	0.00435294253	-0.00393576529
0.07577225907	0.00422573721	-0.00387958489
0.07577937047	0.00409623130	-0.00382115188
0.07578637923	0.00396444495	-0.00376042426
0.07579327166	0.00383041401	-0.00369736832
0.07580003362	0.00369418495	-0.00363195867
0.07580665248	0.00355577555	-0.00356415989
0.07581311534	0.00341520759	-0.00349393798
0.07581940752	0.00327254397	-0.00342127787
0.07582551534	0.00312783041	-0.00334616186
0.07583142542	0.00298111043	-0.00326857476
0.07583712423	0.00283243511	-0.00318850682
0.07584259843	0.00268185827	-0.00310595132
0.07584783679	0.00252937830	-0.00302087428
0.07585282212	0.00237517930	-0.00293333098
0.07585754392	0.00221926340	-0.00284331046
0.07586199143	0.00206163934	-0.00275079167
0.07586614961	0.00190248333	-0.00265583576
0.07587000812	0.00174182903	-0.00255845427
0.07587355724	0.00157968738	-0.00245863737
0.07587678345	0.00141627420	-0.00235647964
0.07587967954	0.00125153241	-0.00225195583
0.07588223408	0.00108565682	-0.00214515513
0.07588443944	0.00091866823	-0.00203609786
0.07588628716	0.00075068068	-0.00192484231
0.07588776982	0.00058180017	-0.00181145544
0.07588888123	0.00041207570	-0.00169597395
0.07588961518	0.00024167751	-0.00157850255
0.07588996716	0.00007060195	-0.00145905973
0.07588993289	-0.00010092732	-0.00133778451
0.07588950914	-0.00027295125	-0.00121468436
0.07588869397	-0.00044522814	-0.00108991093
0.07588748556	-0.00061776606	-0.00096350170
0.07588588381	-0.00079040352	-0.00083557113
0.07588388932	-0.00096303803	-0.00070621899
0.07588150259	-0.00113563400	-0.00057550233
0.07587872742	-0.00130798494	-0.00044357409
0.07587556617	-0.00148005343	-0.00031051060
0.07587202238	-0.00165176282	-0.00017639435
0.07586810270	-0.00182293527	-0.00004137179
0.07586381211	-0.00199351769	0.00009446679
0.07585915734	-0.00216341095	0.00023101304
0.07585414555	-0.00233253159	0.00036816964
0.07584878610	-0.00250074921	0.00050580847
0.07584308775	-0.00266798434	0.00064382278
0.07583706016	-0.00283414999	0.00078210403
0.07583071383	-0.00299915664	0.00092054133
0.07582405990	-0.00316291633	0.00105902540
0.07581711011	-0.00332534423	0.00119744715
0.07580987670	-0.00348635844	0.00133569834
0.07580237137	-0.00364590107	0.00147368788
0.07579460914	-0.00380385663	0.00161129105
0.07578660286	-0.00396016752	0.00174840847
0.07577836574	-0.00411477652	0.00188494580
0.07576991095	-0.00426763343	0.00202082263
0.07576125633	-0.00441861279	0.00215590295
0.07575241133	-0.00456774325	0.00229014847
0.07574339614	-0.00471487454	0.00242341376
0.07573421932	-0.00486005391	0.00255567338
0.07572490117	-0.00500314330	0.00268679524
0.07571545339	-0.00514414408	0.00281672016
0.07570588955	-0.00528302825	0.00294538719
0.07569622596	-0.00541973014	0.00307271123
0.07568647666	-0.00555421916	0.00319862368
0.07567665498	-0.00568647440	0.00332306568
0.07566677473	-0.00581646811	0.00344597763
0.07565684944	-0.00594417640	0.00356730348
0.07564689226	-0.00606957920	0.00368699075
0.07563691488	-0.00619267364	0.00380500261
0.07562693109	-0.00631342965	0.00392128657
0.07561695354	-0.00643182997	0.00403579332
0.07560699175	-0.00654789267	0.00414850029
0.07559705656	-0.00666161691	0.00425938281
0.07558716215	-0.00677296228	0.00436838196
0.07557731305	-0.00688199481	0.00447551612
0.07556752470	-0.00698865589	0.00458072272
0.07555780309	-0.00709298900	0.00468400187
0.07554815518	-0.00719502249	0.00478535727
0.07553859398	-0.00729471865	0.00488474335
0.07552912400	-0.00739212606	0.00498216880
0.07551975261	-0.00748726020	0.00507762881
0.07551048664	-0.00758013898	0.00517112106
0.07550133240	-0.00767078259	0.00526264556
0.07549229571	-0.00775921315	0.00535220480
0.07548338189	-0.00784545468	0.00543980350
0.07547459577	-0.00792953297	0.00552544851
0.07546594171	-0.00801147565	0.00560914846
0.07545742360	-0.00809131160	0.00569091416
0.07544904213	-0.00816909676	0.00577078272
0.07544080519	-0.00824481728	0.00584873842
0.07543271442	-0.00831851516	0.00592479869
0.07542476584	-0.00839027994	0.00599903076
0.07541697201	-0.00846004922	0.00607138338
0.07540932385	-0.00852795269	0.00614194741
0.07540183241	-0.00859393792	0.00621068106
0.07539448734	-0.00865813949	0.00627768530
0.07538730135	-0.00872048711	0.00634290693
0.07538026700	-0.00878108458	0.00640641678
0.07537338356	-0.00883997460	0.00646825470
0.07536665712	-0.00889713970	0.00652840629
0.07536008305	-0.00895265231	0.00658692302
0.07535366081	-0.00900654774	0.00664383444
0.07534738871	-0.00905886943	0.00669917830
0.07534126736	-0.00910963951	0.00675297528
0.07533529623	-0.00915888867	0.00680524940
0.07532947269	-0.00920666303	0.00685603797
0.07532379528	-0.00925299761	0.00690537164
0.07531826237	-0.00929792740	0.00695328085
0.07531287222	-0.00934148694	0.00699979625
0.07530762295	-0.00938371066	0.00704494821
0.07530251097	-0.00942464545	0.00708877995
0.07529753634	-0.00946430775	0.00713130918
0.07529269738	-0.00950272704	0.00717256112
0.07528799093	-0.00953994346	0.00721257051
0.07528341469	-0.00957598934	0.00725136673
0.07527896413	-0.00961091355	0.00728899583
0.07527463737	-0.00964474306	0.00732548766
0.07527043770	-0.00967746398	0.00736083035
0.07526635860	-0.00970913810	0.00739507466
0.07526240528	-0.00973973566	0.00742818854
0.07525956953	-0.00976162353	0.00745264615
0.07525708494	-0.00978075999	0.00747934666
0.07525498282	-0.00979692098	0.00750797703
0.07525328978	-0.00980991728	0.00753820160
0.07525202735	-0.00981959674	0.00756966601
0.07525121162	-0.00982584603	0.00760200137
0.07525085301	-0.00982859201	0.00763482858
0.07525095612	-0.00982780253	0.00766776277
0.07525151963	-0.00982348684	0.00770041781
0.07525253632	-0.00981569545	0.00773241086
0.07525399322	-0.00980451957	0.00776336683
0.07525587178	-0.00979009003	0.00779292278
0.07525814815	-0.00977257578	0.00782073220
0.07526079357	-0.00975218189	0.00784646905
0.07597601219	0.00867793013	-0.00449999660
0.07597899646	0.00865176263	-0.00457436261
0.07598103911	0.00863380542	-0.00460437957
0.07598295334	0.00861694276	-0.00462718327
0.07598484674	0.00860023056	-0.00464623074
0.07598673053	0.00858357052	-0.00466288829
0.07598862653	0.00856676941	-0.00467783346
0.07599056274	0.00854957743	-0.00469143480
0.07599251331	0.00853222252	-0.00470400017
0.07599450975	0.00851442230	-0.00471566742
0.07599655775	0.00849612328	-0.00472655324
0.07599863810	0.00847749412	-0.00473678713
0.07600076959	0.00845836398	-0.00474641607
0.07600296599	0.00843860537	-0.00475547031
0.07600521245	0.00841834789	-0.00476401698
0.07600751246	0.00839755618	-0.00477208815
0.07600987421	0.00837615203	-0.00477969941
0.07601229996	0.00835411006	-0.00478686821
0.07601479189	0.00833140525	-0.00479360809
0.07601735211	0.00830801288	-0.00479992883
0.07601998364	0.00828389929	-0.00480583522
0.07602268631	0.00825905961	-0.00481133565
0.07602546131	0.00823347635	-0.00481643478
0.07602831571	0.00820707684	-0.00482112341
0.07603124759	0.00817987103	-0.00482540689
0.07603425909	0.00815183078	-0.00482928249
0.07603735245	0.00812292636	-0.00483274658
0.07604052950	0.00809313127	-0.00483579416
0.07604379206	0.00806241832	-0.00483842017
0.07604714471	0.00803073356	-0.00484061185
0.07605059946	0.00799795114	-0.00484233593
0.07605413106	0.00796429836	-0.00484363915
0.07605775659	0.00792960040	-0.00484448646
0.07606149811	0.00789363067	-0.00484481774
0.07606531382	0.00785677632	-0.00484471356
0.07606924772	0.00781859653	-0.00484407418
0.07607326899	0.00777937308	-0.00484295431
0.07607740802	0.00773879123	-0.00484127666
0.07608163491	0.00769712478	-0.00483909643
0.07608598753	0.00765397948	-0.00483631509
0.07609043450	0.00760964376	-0.00483298736
0.07609499000	0.00756395376	-0.00482907188
0.07609966119	0.00751681223	-0.00482453365
0.07610444647	0.00746820775	-0.00481935512
0.07610933758	0.00741819609	-0.00481353922
0.07611434239	0.00736666694	-0.00480704932
0.07611946111	0.00731358605	-0.00479986285
0.07612469374	0.00725891883	-0.00479195657
0.07613004017	0.00720263032	-0.00478330660
0.07613550005	0.00714468561	-0.00477388745
0.07614107285	0.00708504946	-0.00476367310
0.07614676576	0.00702360056	-0.00475261037
0.07615256526	0.00696043846	-0.00474070383
0.07615847299	0.00689549796	-0.00472791972
0.07616449656	0.00682864290	-0.00471419863
0.07617062828	0.00675990288	-0.00469951928
0.07617686150	0.00668929529	-0.00468386529
0.07618320699	0.00661663611	-0.00466715571
0.07618964773	0.00654205468	-0.00464939660
0.07619618750	0.00646543972	-0.00463053083
0.07620282990	0.00638667487	-0.00461048677
0.07620955614	0.00630590615	-0.00458927259
0.07621637126	0.00622299383	-0.00456681707
0.07622327022	0.00613791305	-0.00454307390
0.07623024762	0.00605064027	-0.00451799563
0.07623729764	0.00596115331	-0.00449153401
0.07624441406	0.00586943135	-0.00446364038
0.07625159027	0.00577545512	-0.00443426549
0.07625881920	0.00567920713	-0.00440335937
0.07626609341	0.00558067163	-0.00437087190
0.07627340500	0.00547983476	-0.00433675279
0.07628074892	0.00537663869	-0.00430093447
0.07628811486	0.00527109393	-0.00426336615
0.07629548762	0.00516328078	-0.00422403062
0.07630287052	0.00505300403	-0.00418280847
0.07631023796	0.00494049419	-0.00413972855
0.07631759537	0.00482550900	-0.00409465554
0.07632491714	0.00470828251	-0.00404761908
0.07633220297	0.00458864791	-0.00399851434
0.07633943745	0.00446667545	-0.00394730899
0.07634660641	0.00434241757	-0.00389397518
0.07635370045	0.00421584250	-0.00383845489
0.07636070688	0.00408697252	-0.00378070650
0.07636761310	0.00395582735	-0.00372068838
0.07637440563	0.00382244226	-0.00365836705
0.07638107057	0.00368686301	-0.00359371720
0.07638759545	0.00354910710	-0.00352670380
0.07639396758	0.00340919603	-0.00345729319
0.07640017250	0.00326719187	-0.00338547023
0.07640619672	0.00312313978	-0.00331121730
0.07641202705	0.00297708282	-0.00323451929
0.07641765015	0.00282907152	-0.00315536645
0.07642305284	0.00267915917	-0.00307375201
0.07642822404	0.00252734448	-0.00298964260
0.07643314680	0.00237380920	-0.00290309211
0.07643781074	0.00221855584	-0.00281408991
0.07644220518	0.00206159343	-0.00272261544
0.07644631531	0.00190309613	-0.00262872846
0.07645013087	0.00174309764	-0.00253244051
0.07645364224	0.00158160930	-0.00243374218
0.07645683606	0.00141884447	-0.00233272609
0.07645970513	0.00125474755	-0.00222936802
0.07646223816	0.00108951129	-0.00212375545
0.07646442755	0.00092315694	-0.00201590879
0.07646626491	0.00075579772	-0.00190588547
0.07646774286	0.00058753897	-0.00179375156
0.07646885521	0.00041842989	-0.00167954359
0.07646959578	0.00024863925	-0.00156336458
0.07646996005	0.00007816439	-0.00144523344
0.07646994372	-0.00009277317	-0.00132528679
0.07646954356	-0.00026421276	-0.00120353293
0.07646875753	-0.00043591501	-0.00108012088
0.07646758381	-0.00060788678	-0.00095508843
0.07646602220	-0.00077996769	-0.00082854836
0.07646407320	-0.00095205554	-0.00070059937
0.07646173728	-0.00112411408	-0.00057129833
0.07645901806	-0.00129593848	-0.00044079581
0.07645591783	-0.00146749063	-0.00030916778
0.07645244001	-0.00163869373	-0.00017649601
0.07644859107	-0.00180937117	-0.00004292486
0.07644437586	-0.00197946932	0.00009145601
0.07643980099	-0.00214888921	0.00022653939
0.07643487342	-0.00231754728	0.00036222886
0.07642960235	-0.00248531368	0.00049839790
0.07642399636	-0.00265210878	0.00063494076
0.07641806492	-0.00281784558	0.00077174998
0.07641181835	-0.00298243455	0.00090871582
0.07640526762	-0.00314578775	0.00104573010
0.07639842423	-0.00330782031	0.00118268485
0.07639130024	-0.00346845030	0.00131947294
0.07638390718	-0.00362761949	0.00145600400
0.07637625982	-0.00378521285	0.00159215488
0.07636837081	-0.00394117246	0.00172782709
0.07636025317	-0.00409544083	0.00186292714
0.07635191990	-0.00424796744	0.00199737525
0.07634338855	-0.00439862752	0.00213103729
0.07633466849	-0.00454744843	0.00226387460
0.07632577956	-0.00469428097	0.00239574398
0.07631673031	-0.00483917094	0.00252661940
0.07630754067	-0.00498198128	0.00265637078
0.07629822223	-0.00512271255	0.00278493916
0.07628878842	-0.00526133641	0.00291226404
0.07627925532	-0.00539778737	0.00303826137
0.07626963677	-0.00553203460	0.00316286318
0.07625994597	-0.00566405684	0.00328601109
0.07625019658	-0.00579382618	0.00340764606
0.07624040193	-0.00592131851	0.00352771258
0.07623057506	-0.00604651355	0.00364615866
0.07622072752	-0.00616940806	0.00376294768
0.07621087293	-0.00628997199	0.00387802777
0.07620102379	-0.00640818794	0.00399135015
0.07619118955	-0.00652407344	0.00410289223
0.07618138094	-0.00663762744	0.00421262951
0.07617161195	-0.00674880979	0.00432050399
0.07616188712	-0.00685768552	0.00442653324
0.07615222167	-0.00696419662	0.00453065586
0.07614262158	-0.00706838590	0.00463287159
0.07613309377	-0.00717028128	0.00473318389
0.07612365103	-0.00726984550	0.00483154806
0.07611429792	-0.00736712650	0.00492797237
0.07610504170	-0.00746213959	0.00502245203
0.07609588917	-0.00755490250	0.00511498471
0.07608684656	-0.00764543526	0.00520557040
0.07607791966	-0.00773375980	0.00529421152
0.07606911374	-0.00781989997	0.00538091273
0.07606043360	-0.00790388138	0.00546568077
0.07605188356	-0.00798573150	0.00554852415
0.07604346749	-0.00806547903	0.00562945355
0.07603518612	-0.00814317943	0.00570850539
0.07602704723	-0.00821881926	0.00578566453
0.07601905245	-0.00829244022	0.00586094810
0.07601119794	-0.00836413102	0.00593442209
0.07600349602	-0.00843383028	0.00600603661
0.07599593784	-0.00850166639	0.00607588073
0.07598853426	-0.00856758786	0.00614391385
0.07598127515	-0.00863172792	0.00621023494
0.07597417299	-0.00869401744	0.00627479234
0.07596722051	-0.00875455928	0.00633765551
0.07596041701	-0.00881339593	0.00639886378
0.07595376846	-0.00887051049	0.00645840341
0.07594727035	-0.00892597482	0.00651632499
0.07594092216	-0.00897982413	0.00657265775
0.07593472222	-0.00903210171	0.00662743898
0.07592867116	-0.00908282974	0.00668068925
0.07592276843	-0.00913203889	0.00673243240
0.07591701146	-0.00917977507	0.00678270523
0.07591139883	-0.00922607322	0.00683153808
0.07590592894	-0.00927096825	0.00687896108
0.07590060006	-0.00931449463	0.00692500455
0.07589541036	-0.00935668671	0.00696969855
0.07589035630	-0.00939759119	0.00701308571
0.07588543794	-0.00943722462	0.00705518373
0.07588065361	-0.00947561646	0.00709601760
0.07587600021	-0.00951280671	0.00713562163
0.07587147547	-0.00954882765	0.00717402491
0.07586707494	-0.00958372786	0.00721127284
0.07586279676	-0.00961753435	0.00724739497
0.07585864413	-0.00965023368	0.00728238001
0.07585461067	-0.00968188721	0.00731627791
0.07585070143	-0.00971246582	0.00734905754
0.07584791150	-0.00973422939	0.00737315438
0.07584546406	-0.00975328053	0.00739948227
0.07584338994	-0.00976939618	0.00742773255
0.07584171538	-0.00978238762	0.00745757400
0.07584046165	-0.00979210277	0.00748865676
0.07583964472	-0.00979842789	0.00752061642
0.07583927502	-0.00980128892	0.00755307827
0.07583935728	-0.00980065237	0.00758566173
0.07583989045	-0.00979652571	0.00761798480
0.07584086772	-0.00978895723	0.00764966850
0.07584227661	-0.00977803554	0.00768034138
0.07584409919	-0.00976388850	0.00770964383
0.07584631233	-0.00974668175	0.00773723231
0.07584888810	-0.00972661677	0.00776278335
0.07655367902	0.00864267487	-0.00445129293
0.07655659367	0.00861681876	-0.00452490326
0.07655859370	0.00859903080	-0.00455461816
0.07656046941	0.00858231456	-0.00457719347
0.07656232545	0.00856574121	-0.00459605144
0.07656417267	0.00854921419	-0.00461254400
0.07656603232	0.00853254329	-0.00462734189
0.07656793166	0.00851548247	-0.00464081026
0.07656984552	0.00849825611	-0.00465325312
0.07657180461	0.00848058604	-0.00466480749
0.07657381444	0.00846241942	-0.00467558889
0.07657585636	0.00844392224	-0.00468572500
0.07657794866	0.00842492606	-0.00469526269
0.07658010476	0.00840530519	-0.00470423212
0.07658231021	0.00838518708	-0.00471269939
0.07658456846	0.00836453671	-0.00472069625
0.07658688746	0.00834327687	-0.00472823827
0.07658926945	0.00832138238	-0.00473534274
0.07659171657	0.00829882837	-0.00474202308
0.07659423089	0.00827559029	-0.00474828895
0.07659681536	0.00825163477	-0.00475414515
0.07659946985	0.00822695679	-0.00475959995
0.07660219553	0.00820153888	-0.00476465793
0.07660499931	0.00817530923	-0.00476931014
0.07660787933	0.00814827740	-0.00477356177
0.07661083770	0.00812041540	-0.00477741016
0.07661387663	0.00809169371	-0.00478085173
0.07661699792	0.00806208595	-0.00478388153
0.07662020336	0.00803156504	-0.00478649457
0.07662349743	0.00800007759	-0.00478867831
0.07662689184	0.00796749937	-0.00479040010
0.07663036206	0.00793405390	-0.00479170551
0.07663392469	0.00789956872	-0.00479256025
0.07663760128	0.00786382036	-0.00479290541
0.07664135111	0.00782718977	-0.00479281956
0.07664521708	0.00778924249	-0.00479220514
0.07664916919	0.00775025567	-0.00479111544
0.07665323704	0.00770991901	-0.00478947480
0.07665739155	0.00766850181	-0.00478733696
0.07666166962	0.00762561541	-0.00478460549
0.07666604071	0.00758154352	-0.00478133359
0.07667051864	0.00753612439	-0.00477748075
0.07667511041	0.00748926184	-0.00477301253
0.07667981448	0.00744094424	-0.00476791151
0.07668462282	0.00739122613	-0.00476218033
0.07668954311	0.00733999846	-0.00475578297
0.07669457557	0.00728722708	-0.00474869711
0.07669972023	0.00723287751	-0.00474089977
0.07670497697	0.00717691492	-0.00473236731
0.07671034548	0.00711930446	-0.00472307454
0.07671582525	0.00706001103	-0.00471299569
0.07672142330	0.00699891469	-0.00470207846
0.07672712647	0.00693611306	-0.00469032692
0.07673293633	0.00687154148	-0.00467770778
0.07673886033	0.00680506539	-0.00466416257
0.07674489098	0.00673671349	-0.00464967005
0.07675102178	0.00666650248	-0.00463421382
0.07675726323	0.00659425062	-0.00461771432
0.07676359875	0.00652008489	-0.00460017697
0.07677003201	0.00644389520	-0.00458154551
0.07677656650	0.00636556650	-0.00456174940
0.07678318391	0.00628524217	-0.00454079604
0.07678988911	0.00620278413	-0.00451861538
0.07679667719	0.00611816743	-0.00449516157
0.07680354285	0.00603136846	-0.00447038764
0.07681048040	0.00594236495	-0.00444424583
0.07681748374	0.00585113593	-0.00441668796
0.07682454639	0.00575766203	-0.00438766525
0.07683166143	0.00566192560	-0.00435712827
0.07683882155	0.00556391073	-0.00432502735
0.07684601901	0.00546360337	-0.00429131270
0.07685324883	0.00536094621	-0.00425591763
0.07686050090	0.00525594920	-0.00421879175
0.07686776034	0.00514869115	-0.00417991760
0.07687503032	0.00503897939	-0.00413917782
0.07688228580	0.00492704074	-0.00409659986
0.07688953201	0.00481263620	-0.00405205087
0.07689674389	0.00469599614	-0.00400555909
0.07690392106	0.00457695595	-0.00395702147
0.07691104840	0.00445558464	-0.00390640572
0.07691811198	0.00433193369	-0.00385368401
0.07692510255	0.00420597166	-0.00379879907
0.07693200762	0.00407772036	-0.00374170961
0.07693881477	0.00394719914	-0.00368237441
0.07694551077	0.00381444268	-0.00362076018
0.07695208190	0.00367949605	-0.00355684172
0.07695851589	0.00354237650	-0.00349058434
0.07696480023	0.00340310529	-0.00342195471
0.07697092067	0.00326174365	-0.00335093766
0.07697686392	0.00311833623	-0.00327751564
0.07698261695	0.00297292563	-0.00320167360
0.07698816662	0.00282556187	-0.00312340179
0.07699349992	0.00267629773	-0.00304269342
0.07699860588	0.00252513220	-0.00295951568
0.07700346781	0.00237224481	-0.00287392114
0.07700807542	0.00221763840	-0.00278589950
0.07701241816	0.00206132231	-0.00269543063
0.07701648140	0.00190346868	-0.00260257302
0.07702025497	0.00174411129	-0.00250733816
0.07702372934	0.00158326187	-0.00240971705
0.07702689131	0.00142113137	-0.00230980045
0.07702973372	0.00125766564	-0.00220756512
0.07703224539	0.00109305542	-0.00210309689
0.07703441876	0.00092732242	-0.00199641626
0.07703624549	0.00076057905	-0.00188757984
0.07703771826	0.00059293002	-0.00177665283
0.07703883088	0.00042442470	-0.00166367162
0.07703957721	0.00025523043	-0.00154873759
0.07703995273	0.00008534553	-0.00143187004
0.07703995310	-0.00008501056	-0.00131320331
0.07703957507	-0.00025587561	-0.00119274647
0.07703881658	-0.00042701251	-0.00107064604
0.07703767575	-0.00059842695	-0.00094694006
0.07703615231	-0.00076995965	-0.00082173976
0.07703424668	-0.00094150869	-0.00069514276
0.07703195927	-0.00111303718	-0.00056720576
0.07702929356	-0.00128434190	-0.00043807707
0.07702625174	-0.00145538409	-0.00030783228
0.07702283714	-0.00162608681	-0.00017655249
0.07701905607	-0.00179627464	-0.00004438005
0.07701491325	-0.00196589348	0.00008859599
0.07701041513	-0.00213484446	0.00022226954
0.07700556855	-0.00230304397	0.00035654504
0.07700038252	-0.00247036269	0.00049129748
0.07699486543	-0.00263672088	0.00062642211
0.07698902662	-0.00280203148	0.00076181251
0.07698287620	-0.00296620500	0.00089736002
0.07697642495	-0.00312915352	0.00103295756
0.07696968421	-0.00329079216	0.00116849822
0.07696266582	-0.00345103894	0.00130387593
0.07695538116	-0.00360983533	0.00143900104
0.07694784473	-0.00376706673	0.00157375189
0.07694006902	-0.00392267495	0.00170803088
0.07693206688	-0.00407660225	0.00184174531
0.07692385111	-0.00422879780	0.00197481602
0.07691543899	-0.00437913752	0.00210711068
0.07690683980	-0.00452764749	0.00223859032
0.07689807309	-0.00467417960	0.00236911384
0.07688914732	-0.00481877824	0.00249865465
0.07688008214	-0.00496130731	0.00262708465
0.07687088901	-0.00510176661	0.00275434504
0.07686158120	-0.00524012750	0.00288037579
0.07685217455	-0.00537632464	0.00300509385
0.07684268278	-0.00551032698	0.00312843185
0.07683311891	-0.00564211295	0.00325033189
0.07682349644	-0.00577165446	0.00337073547
0.07681382856	-0.00589892722	0.00348958760
0.07680412814	-0.00602391075	0.00360683677
0.07679440664	-0.00614660145	0.00372244654
0.07678467748	-0.00626696928	0.00383636565
0.07677495306	-0.00638499672	0.00394854585
0.07676524271	-0.00650070081	0.00405896452
0.07675555708	-0.00661408026	0.00416759733
0.07674590995	-0.00672509520	0.00427438714
0.07673630591	-0.00683380969	0.00437935077
0.07672675995	-0.00694016630	0.00448242792
0.07671727801	-0.00704420720	0.00458361802
0.07670786698	-0.00714595990	0.00468292428
0.07669853948	-0.00724538757	0.00478030281
0.07668930005	-0.00734253751	0.00487576150
0.07668015591	-0.00743742491	0.00496929559
0.07667111377	-0.00753006731	0.00506090275
0.07666217982	-0.00762048457	0.00515058291
0.07665335980	-0.00770869845	0.00523833846
0.07664465893	-0.00779473264	0.00532417398
0.07663608200	-0.00787861259	0.00540809610
0.07662763327	-0.00796036558	0.00549011324
0.07661931660	-0.00804002015	0.00557023593
0.07661113275	-0.00811763131	0.00564849997
0.07660308939	-0.00819318598	0.00572489072
0.07659518815	-0.00826672561	0.00579942507
0.07658742533	-0.00833833807	0.00587216777
0.07657981299	-0.00840796301	0.00594307030
0.07657234255	-0.00847572752	0.00601221994
0.07656502461	-0.00854158102	0.00607957727
0.07655784933	-0.00860565545	0.00614523936
0.07655082892	-0.00866788281	0.00620915598
0.07654395629	-0.00872836501	0.00627139530
0.07653723077	-0.00878714439	0.00633199616
0.07653065821	-0.00884420453	0.00639094542
0.07652423421	-0.00889961678	0.00644829284
0.07651795827	-0.00895341627	0.00650406735
0.07651182875	-0.00900564608	0.00655830580
0.07650584627	-0.00905632850	0.00661102865
0.07650001030	-0.00910549415	0.00666225954
0.07649431833	-0.00915318872	0.00671203481
0.07648876894	-0.00919944708	0.00676038449
0.07648336056	-0.00924430408	0.00680733841
0.07647809151	-0.00928779410	0.00685292657
0.07647295997	-0.00932995142	0.00689717874
0.07646796248	-0.00937082252	0.00694013699
0.07646309906	-0.00941042410	0.00698181898
0.07645836809	-0.00944878559	0.00702224950
0.07645376650	-0.00948594684	0.00706146245
0.07644929207	-0.00952194006	0.00709948662
0.07644494041	-0.00955681359	0.00713636678
0.07644070969	-0.00959059443	0.00717213223
0.07643660302	-0.00962326961	0.00720677220
0.07643261414	-0.00965490005	0.00724033586
0.07642874798	-0.00968545726	0.00727279299
0.07642600238	-0.00970709846	0.00729654354
0.07642359103	-0.00972606469	0.00732251346
0.07642154427	-0.00974213385	0.00735039825
0.07641988797	-0.00975511779	0.00737987100
0.07641864316	-0.00976486447	0.00741058616
0.07641782568	-0.00977125980	0.00744218363
0.07641744597	-0.00977422890	0.00747429296
0.07641750889	-0.00977373702	0.00750653770
0.07641801362	-0.00976978990	0.00753853980
0.07641895372	-0.00976243376	0.00756992406
0.07642031719	-0.00975175473	0.00760032255
0.07642208670	-0.00973787782	0.00762937886
0.07642423980	-0.00972096551	0.00765675233
0.07642674932	-0.00970121585	0.00768212203
0.07714132350	0.00860700924	-0.00440269420
0.07714416952	0.00858146314	-0.00447554989
0.07714612742	0.00856384403	-0.00450496315
0.07714796503	0.00854727396	-0.00452731038
0.07714978406	0.00853083930	-0.00454597911
0.07715159508	0.00851444521	-0.00456230691
0.07715341872	0.00849790447	-0.00457695771
0.07715528152	0.00848097478	-0.00459029327
0.07715715901	0.00846387700	-0.00460261378
0.07715908106	0.00844633710	-0.00461405540
0.07716105306	0.00842830295	-0.00462473250
0.07716305687	0.00840993782	-0.00463477095
0.07716511030	0.00839107572	-0.00464421748
0.07716722643	0.00837159271	-0.00465310220
0.07716939122	0.00835161410	-0.00466149014
0.07717160803	0.00833110524	-0.00466941276
0.07717388462	0.00830998990	-0.00467688560
0.07717622320	0.00828824308	-0.00468392579
0.07717862585	0.00826584010	-0.00469054661
0.07718109460	0.00824275655	-0.00469675765
0.07718363238	0.00821895936	-0.00470256368
0.07718623905	0.00819444336	-0.00470797284
0.07718891576	0.00816919110	-0.00471298967
0.07719166929	0.00814313163	-0.00471760544
0.07719449782	0.00811627412	-0.00472182520
0.07719740345	0.00808859074	-0.00472564633
0.07720038834	0.00806005216	-0.00472906532
0.07720345425	0.00803063213	-0.00473207728
0.07720660296	0.00800030371	-0.00473467726
0.07720983885	0.00796901404	-0.00473685297
0.07721317335	0.00793664047	-0.00473857236
0.07721658257	0.00790340283	-0.00473987984
0.07722008274	0.00786913098	-0.00474074188
0.07722369481	0.00783360453	-0.00474110076
0.07722737920	0.00779719831	-0.00474103306
0.07723117768	0.00775948414	-0.00474044342
0.07723506106	0.00772073463	-0.00473938369
0.07723905819	0.00768064383	-0.00473777982
0.07724314078	0.00763947660	-0.00473568413
0.07724734476	0.00759684985	-0.00473300225
0.07725164042	0.00755304258	-0.00472978591
0.07725604126	0.00750789514	-0.00472599541
0.07726055408	0.00746131244	-0.00472159687
0.07726517741	0.00741328261	-0.00471657300
0.07726990346	0.00736385899	-0.00471092616
0.07727473972	0.00731293378	-0.00470462093
0.07727968642	0.00726047295	-0.00469763525
0.07728474359	0.00720644211	-0.00468994638
0.07728991115	0.00715080654	-0.00468153096
0.07729518879	0.00709353152	-0.00467236405
0.07730057604	0.00703458203	-0.00466242016
0.07730607972	0.00697383953	-0.00465164785
0.07731168705	0.00691139969	-0.00464005070
0.07731739955	0.00684719843	-0.00462759586
0.07732322449	0.00678110275	-0.00461422585
0.07732915456	0.00671314049	-0.00459991943
0.07733518344	0.00664332763	-0.00458466021
0.07734132135	0.00657148474	-0.00456836998
0.07734755214	0.00649773642	-0.00455105356
0.07735387936	0.00642197380	-0.00453265553
0.07736030642	0.00634408310	-0.00451310643
0.07736681546	0.00626420510	-0.00449241293
0.07737341121	0.00618220336	-0.00447050611
0.07738008886	0.00609805286	-0.00444734060
0.07738684322	0.00601172991	-0.00442286990
0.07739366872	0.00592321212	-0.00439704672
0.07740055940	0.00583247844	-0.00436982339
0.07740750889	0.00573950935	-0.00434115161
0.07741451042	0.00564428708	-0.00431098243
0.07742155681	0.00554679554	-0.00427926668
0.07742864048	0.00544702054	-0.00424595507
0.07743575652	0.00534490520	-0.00421098175
0.07744289502	0.00524045901	-0.00417429676
0.07745004142	0.00513375925	-0.00413588240
0.07745719874	0.00502461578	-0.00409562331
0.07746434249	0.00491325177	-0.00405354562
0.07747147770	0.00479943147	-0.00400951886
0.07747857986	0.00468338158	-0.00396356991
0.07748564851	0.00456493969	-0.00391559752
0.07749266882	0.00444417356	-0.00386556940
0.07749962712	0.00432113376	-0.00381345777
0.07750651427	0.00419578914	-0.00375920610
0.07751331799	0.00406816105	-0.00370277346
0.07752002607	0.00393826848	-0.00364411897
0.07752662547	0.00380614552	-0.00358320959
0.07753310271	0.00367183658	-0.00352002021
0.07753944570	0.00353535866	-0.00345451648
0.07754564209	0.00339673274	-0.00338666543
0.07755167786	0.00325601926	-0.00331645181
0.07755753991	0.00311326234	-0.00324385817
0.07756321540	0.00296850414	-0.00316886953
0.07756869135	0.00282179415	-0.00309147614
0.07757395493	0.00267318465	-0.00301167118
0.07757899530	0.00252267493	-0.00292942240
0.07758379601	0.00237044228	-0.00284478108
0.07758834689	0.00221648990	-0.00275773720
0.07759263748	0.00206082740	-0.00266827113
0.07759665336	0.00190362495	-0.00257644001
0.07760038445	0.00174491637	-0.00248225537
0.07760382131	0.00158471377	-0.00238570855
0.07760695090	0.00142322575	-0.00228688852
0.07760976609	0.00126039955	-0.00218577295
0.07761225583	0.00109642394	-0.00208244608
0.07761441259	0.00093132104	-0.00197692847
0.07761622810	0.00076520249	-0.00186927594
0.07761769508	0.00059817235	-0.00175955282
0.07761880738	0.00043028016	-0.00164779532
0.07761955886	0.00026169183	-0.00153410324
0.07761994499	0.00009240665	-0.00141849623
0.07761996145	-0.00007735801	-0.00130110639
0.07761960497	-0.00024763841	-0.00118194352
0.07761887341	-0.00041819966	-0.00106115169
0.07761776488	-0.00058904631	-0.00093876917
0.07761627902	-0.00076002018	-0.00081490562
0.07761441620	-0.00093101963	-0.00068965761
0.07761217675	-0.00110200714	-0.00056308166
0.07760956403	-0.00127278111	-0.00043532386
0.07760658013	-0.00144330214	-0.00030645937
0.07760322828	-0.00161349318	-0.00017656865
0.07759951462	-0.00178317997	-0.00004579204
0.07759544377	-0.00195230795	0.00008578203
0.07759102203	-0.00212077841	0.00021804857
0.07758625608	-0.00228850765	0.00035091289
0.07758115476	-0.00245536691	0.00048425151
0.07757572630	-0.00262127632	0.00061796063
0.07756997986	-0.00278614883	0.00075193489
0.07756392538	-0.00294989496	0.00088606672
0.07755757345	-0.00311242681	0.00102025013
0.07755093522	-0.00327365952	0.00115437926
0.07754402235	-0.00343351107	0.00128834912
0.07753684603	-0.00359192263	0.00142207077
0.07752942053	-0.00374878006	0.00155542405
0.07752175817	-0.00390402489	0.00168831220
0.07751387159	-0.00405759914	0.00182064335
0.07750577344	-0.00420945169	0.00195233898
0.07749748071	-0.00435945913	0.00208326852
0.07748900260	-0.00450764633	0.00221339270
0.07748035834	-0.00465386622	0.00234257252
0.07747155635	-0.00479816181	0.00247078085
0.07746261594	-0.00494039797	0.00259789152
0.07745354847	-0.00508057377	0.00272384596
0.07744436704	-0.00521866022	0.00284858455
0.07743508728	-0.00535459219	0.00297202526
0.07742572274	-0.00548833838	0.00309410135
0.07741628629	-0.00561987696	0.00321475535
0.07740679126	-0.00574917962	0.00333392934
0.07739725070	-0.00587622193	0.00345156882
0.07738767732	-0.00600098320	0.00356762277
0.07737808245	-0.00612345947	0.00368205494
0.07736847937	-0.00624362073	0.00379481469
0.07735888031	-0.00636144935	0.00390585427
0.07734929454	-0.00647696185	0.00401515106
0.07733973257	-0.00659015673	0.00412268086
0.07733020803	-0.00670099440	0.00422838744
0.07732072551	-0.00680953796	0.00433228686
0.07731129976	-0.00691573054	0.00443431990
0.07730193674	-0.00701961368	0.00453448568
0.07729264327	-0.00712121450	0.00463278716
0.07728343179	-0.00722049657	0.00472918130
0.07727430684	-0.00731750662	0.00482367558
0.07726527556	-0.00741225963	0.00491626526
0.07725634461	-0.00750477300	0.00500694801
0.07724752013	-0.00759506642	0.00509572374
0.07723880780	-0.00768316148	0.00518259478
0.07723021280	-0.00776908169	0.00526756562
0.07722173988	-0.00785285235	0.00535064282
0.07721339327	-0.00793450055	0.00543183468
0.07720517682	-0.00801405469	0.00551115159
0.07719709131	-0.00809156929	0.00558862873
0.07718914427	-0.00816703168	0.00566425196
0.07718133738	-0.00824048300	0.00573803792
0.07717366704	-0.00831201033	0.00581005017
0.07716614509	-0.00838155430	0.00588024147
0.07715876315	-0.00844924075	0.00594869740
0.07715153164	-0.00851501997	0.00601537967
0.07714444096	-0.00857902263	0.00608038348
0.07713750305	-0.00864118182	0.00614366000
0.07713071102	-0.00870159855	0.00620527612
0.07712406422	-0.00876031496	0.00626527021
0.07711756838	-0.00881731517	0.00632362971
0.07711121921	-0.00887266996	0.00638040357
0.07710501622	-0.00892641438	0.00643562041
0.07709895782	-0.00897859135	0.00648931663
0.07709304462	-0.00902922319	0.00654151259
0.07708727608	-0.00907834052	0.00659223173
0.07708164975	-0.00912598881	0.00664150995
0.07707616425	-0.00917220284	0.00668937694
0.07707081802	-0.00921701738	0.00673586224
0.07706560942	-0.00926046675	0.00678099555
0.07706053665	-0.00930258515	0.00682480631
0.07705559632	-0.00934341884	0.00686733606
0.07705078844	-0.00938298464	0.00690860243
0.07704611139	-0.00942131198	0.00694862999
0.07704156218	-0.00945844052	0.00698745222
0.07703713859	-0.00949440244	0.00702509764
0.07703283634	-0.00952924582	0.00706161039
0.07702865360	-0.00956299765	0.00709701950
0.07702459341	-0.00959564541	0.00713131472
0.07702064960	-0.00962724960	0.00716454445
0.07701682699	-0.00965778234	0.00719667935
0.07701412580	-0.00967929891	0.00722008571
0.07701175071	-0.00969817776	0.00724569948
0.07700973160	-0.00971419781	0.00727322035
0.07700809396	-0.00972717146	0.00730232567
0.07700685857	-0.00973694682	0.00733267421
0.07700604114	-0.00974340943	0.00736391014
0.07700565211	-0.00974648362	0.00739566727
0.07700569643	-0.00974613342	0.00742757327
0.07700617355	-0.00974236291	0.00745925406
0.07700707737	-0.00973521624	0.00749033823
0.07700839636	-0.00972477708	0.00752046133
0.07701011377	-0.00971116766	0.00754927021
0.07701220781	-0.00969454733	0.00757642710
0.07701465207	-0.00967511071	0.00760161362
0.07772881325	0.00857155710	-0.00435503610
0.07773159275	0.00854631431	-0.00442715118
0.07773350973	0.00852886074	-0.00445626841
0.07773531029	0.00851243410	-0.00447839180
0.07773709334	0.00849613557	-0.00449687478
0.07773886911	0.00847987203	-0.00451304088
0.07774065770	0.00846345916	-0.00452754731
0.07774248493	0.00844665830	-0.00454075252
0.07774432699	0.00842968690	-0.00455295295
0.07774621296	0.00841227497	-0.00456428389
0.07774814811	0.00839437105	-0.00457485860
0.07775011479	0.00837613579	-0.00458480120
0.07775213034	0.00835740558	-0.00459415824
0.07775420751	0.00833805816	-0.00460295979
0.07775633266	0.00831821679	-0.00461126984
0.07775850907	0.00829784717	-0.00461911957
0.07776074432	0.00827687402	-0.00462652447
0.07776304055	0.00825527252	-0.00463350153
0.07776539984	0.00823301818	-0.00464006390
0.07776782417	0.00821008674	-0.00464622108
0.07777031639	0.00818644541	-0.00465197781
0.07777287641	0.00816208887	-0.00465734213
0.07777550537	0.00813699970	-0.00466231851
0.07777820987	0.00811110780	-0.00466689843
0.07778098818	0.00808442194	-0.00467108684
0.07778384234	0.00805691446	-0.00467488115
0.07778677449	0.00802855622	-0.00467827789
0.07778978636	0.00799932109	-0.00468127224
0.07779287971	0.00796918228	-0.00468385933
0.07779605882	0.00793808742	-0.00468602704
0.07779933484	0.00790591545	-0.00468774396
0.07780268453	0.00787288257	-0.00468905335
0.07780612371	0.00783882091	-0.00468992244
0.07780967281	0.00780351308	-0.00469029463
0.07781329331	0.00776732797	-0.00469024461
0.07781702590	0.00772984350	-0.00468967914
0.07782084217	0.00769132785	-0.00468864866
0.07782477025	0.00765147934	-0.00468708071
0.07782878259	0.00761055851	-0.00468502620
0.07783291422	0.00756818765	-0.00468239279
0.07783713622	0.00752464123	-0.00467923078
0.07784146174	0.00747976161	-0.00467550123
0.07784589745	0.00743345478	-0.00467117084
0.07785044192	0.00738570865	-0.00466622245
0.07785508758	0.00733657538	-0.00466065811
0.07785984174	0.00728594839	-0.00465444304
0.07786470463	0.00723379376	-0.00464755540
0.07786967633	0.00718007722	-0.00463997268
0.07787475673	0.00712476416	-0.00463167179
0.07787994556	0.00706781995	-0.00462262806
0.07788524237	0.00700920968	-0.00461281628
0.07789065383	0.00694881615	-0.00460218581
0.07789616747	0.00688673320	-0.00459073979
0.07790178479	0.00682289724	-0.00457844580
0.07790751287	0.00675717685	-0.00456524729
0.07791334459	0.00668959899	-0.00455112307
0.07791927380	0.00662017899	-0.00453605672
0.07792531045	0.00654873962	-0.00451997137
0.07793143880	0.00647540321	-0.00450287124
0.07793766230	0.00640006207	-0.00448470176
0.07794398427	0.00632260365	-0.00446539450
0.07795038727	0.00624316621	-0.00444495544
0.07795687591	0.00616161490	-0.00442331674
0.07796344549	0.00607792464	-0.00440043351
0.07797009091	0.00599207166	-0.00437625972
0.07797680674	0.00590403348	-0.00435074856
0.07798358711	0.00581378895	-0.00432385281
0.07799042579	0.00572131843	-0.00429552467
0.07799731616	0.00562660400	-0.00426571567
0.07800425115	0.00552962944	-0.00423437712
0.07801122335	0.00543038038	-0.00420146020
0.07801822791	0.00532880042	-0.00416689991
0.07802525511	0.00522489854	-0.00413064670
0.07803229070	0.00511875059	-0.00409268264
0.07803933757	0.00501016887	-0.00405289433
0.07804637176	0.00489937300	-0.00401130660
0.07805339811	0.00478613038	-0.00396779133
0.07806039262	0.00467066416	-0.00392237407
0.07806735479	0.00455281407	-0.00387495532
0.07807427005	0.00443264666	-0.00382550279
0.07808112497	0.00431021159	-0.00377398876
0.07808791055	0.00418547801	-0.00372035742
0.07809461471	0.00405846684	-0.00366456817
0.07810122543	0.00392919669	-0.00360658053
0.07810772988	0.00379770111	-0.00354636165
0.07811411479	0.00366402382	-0.00348388654
0.07812036824	0.00352818161	-0.00341912118
0.07812647808	0.00339019519	-0.00335203292
0.07813243048	0.00325012421	-0.00328260649
0.07813821254	0.00310801229	-0.00321082449
0.07814381159	0.00296390114	-0.00313667204
0.07814921483	0.00281783976	-0.00306013938
0.07815440961	0.00266987992	-0.00298121966
0.07815938519	0.00252002121	-0.00289988119
0.07816412539	0.00236843873	-0.00281617396
0.07816862013	0.00221513601	-0.00273008830
0.07817285906	0.00206012295	-0.00264160497
0.07817682796	0.00190356779	-0.00255077988
0.07818051685	0.00174550437	-0.00245762454
0.07818391636	0.00158594519	-0.00236213065
0.07818701363	0.00142509651	-0.00226438541
0.07818980155	0.00126290698	-0.00216436741
0.07819226919	0.00109956339	-0.00206215932
0.07819440907	0.00093508830	-0.00195778176
0.07819621300	0.00076959256	-0.00185128976
0.07819767371	0.00060317959	-0.00174274683
0.07819878511	0.00043589911	-0.00163218899
0.07819954106	0.00026791563	-0.00151971449
0.07819993704	0.00009922934	-0.00140534332
0.07819996872	-0.00006994438	-0.00128920540
0.07819963282	-0.00023964033	-0.00117131123
0.07819892715	-0.00040962580	-0.00105180248
0.07819784979	-0.00057990423	-0.00093071765
0.07819640031	-0.00075031854	-0.00080816488
0.07819457902	-0.00092076734	-0.00068423968
0.07819238617	-0.00109121254	-0.00055899842
0.07818982500	-0.00126145413	-0.00043258497
0.07818689753	-0.00143145206	-0.00030507413
0.07818360688	-0.00160112920	-0.00017654568
0.07817995903	-0.00177031244	-0.00004713803
0.07817595849	-0.00193894678	0.00008306104
0.07817161141	-0.00210693365	0.00021394758
0.07816692435	-0.00227418932	0.00034542779
0.07816190595	-0.00244058555	0.00047737965
0.07815656430	-0.00260604237	0.00060970033
0.07815090838	-0.00277047272	0.00074228550
0.07814494797	-0.00293378718	0.00087502865
0.07813869346	-0.00309589787	0.00100782486
0.07813215583	-0.00325671994	0.00114056932
0.07812534655	-0.00341617136	0.00127315807
0.07811827663	-0.00357419300	0.00140550289
0.07811096013	-0.00373067119	0.00153748506
0.07810340916	-0.00388554719	0.00166900870
0.07809563621	-0.00403876280	0.00179998273
0.07808765373	-0.00419026662	0.00193032924
0.07807947846	-0.00433993591	0.00205991941
0.07807111951	-0.00448779436	0.00218871366
0.07806259579	-0.00463369592	0.00231657506
0.07805391567	-0.00477768227	0.00244347597
0.07804509816	-0.00491961923	0.00256929209
0.07803615449	-0.00505950515	0.00269396506
0.07802709761	-0.00519731073	0.00281743572
0.07801794294	-0.00533297104	0.00293962301
0.07800870384	-0.00546645455	0.00306046077
0.07799939305	-0.00559773914	0.00317989203
0.07799002374	-0.00572679635	0.00329785938
0.07798060880	-0.00585360157	0.00341430883
0.07797116079	-0.00597813393	0.00352918983
0.07796169093	-0.00610038913	0.00364246634
0.07795221232	-0.00622033718	0.00375408830
0.07794273705	-0.00633796034	0.00386400846
0.07793327432	-0.00645327464	0.00397220419
0.07792383453	-0.00656627837	0.00407865148
0.07791443112	-0.00667693222	0.00418329490
0.07790506868	-0.00678529833	0.00428614983
0.07789576178	-0.00689132043	0.00438715809
0.07788651632	-0.00699503940	0.00448631851
0.07787733909	-0.00709648200	0.00458363381
0.07786824234	-0.00719561218	0.00467906173
0.07785923062	-0.00729247610	0.00477260941
0.07785031100	-0.00738708857	0.00486427212
0.07784149007	-0.00747946684	0.00495404751
0.07783277391	-0.00756963042	0.00504193547
0.07782416817	-0.00765760075	0.00512793829
0.07781567797	-0.00774340116	0.00521206038
0.07780730803	-0.00782705678	0.00529430821
0.07779906254	-0.00790859455	0.00537468996
0.07779094532	-0.00798804270	0.00545321589
0.07778295720	-0.00806545529	0.00552992059
0.07777510559	-0.00814082003	0.00560479039
0.07776739216	-0.00821417777	0.00567784168
0.07775981345	-0.00828561482	0.00574913687
0.07775238105	-0.00835507275	0.00581862998
0.07774508683	-0.00842267617	0.00588640492
0.07773794099	-0.00848837625	0.00595242448
0.07773093415	-0.00855230237	0.00601678206
0.07772407804	-0.00861438874	0.00607943019
0.07771736592	-0.00867473544	0.00614043452
0.07771079717	-0.00873338444	0.00619983294
0.07770437741	-0.00879032035	0.00625761345
0.07769810244	-0.00884561343	0.00631382422
0.07769197181	-0.00889929863	0.00636849358
0.07768598396	-0.00895141868	0.00642165746
0.07768013947	-0.00900199601	0.00647333614
0.07767443783	-0.00905106115	0.00652355288
0.07766887663	-0.00909865939	0.00657234310
0.07766345452	-0.00914482543	0.00661973620
0.07765816997	-0.00918959395	0.00666576142
0.07765302136	-0.00923299919	0.00671044815
0.07764800692	-0.00927507528	0.00675382556
0.07764312332	-0.00931586826	0.00679593461
0.07763837056	-0.00935539509	0.00683679292
0.07763374704	-0.00939368514	0.00687642484
0.07762924982	-0.00943077795	0.00691486347
0.07762487671	-0.00946670562	0.00695213702
0.07762062351	-0.00950151597	0.00698828904
0.07761648842	-0.00953523601	0.00702334828
0.07761247436	-0.00956785364	0.00705730502
0.07760857532	-0.00959942895	0.00709020689
0.07760479598	-0.00962993466	0.00712202538
0.07760213847	-0.00965132656	0.00714509553
0.07759979919	-0.00967011717	0.00717036110
0.07759780751	-0.00968608641	0.00719752586
0.07759618858	-0.00969904730	0.00722627134
0.07759496291	-0.00970884805	0.00725626052
0.07759414610	-0.00971537393	0.00728714180
0.07759374855	-0.00971854853	0.00731855313
0.07759377534	-0.00971833468	0.00735012624
0.07759422611	-0.00971473488	0.00738149097
0.07759509513	-0.00970779128	0.00741227959
0.07759637132	-0.00969758517	0.00744213113
0.07759803845	-0.00968423606	0.00747069562
0.07760007542	-0.00966790025	0.00749763815
0.07760245651	-0.00964876905	0.00752264285
0.07830602629	0.00853692837	-0.00430908844
0.07830874243	0.00851197738	-0.00438048898
0.07831062032	0.00849468337	-0.00440932060
0.07831238546	0.00847839510	-0.00443122803
0.07831413409	0.00846222795	-0.00444953181
0.07831587614	0.00844609046	-0.00446554189
0.07831763118	0.00842980108	-0.00447990904
0.07831942437	0.00841312467	-0.00449298847
0.07832123250	0.00839627539	-0.00450507304
0.07832308392	0.00837898715	-0.00451629720
0.07832498377	0.00836120910	-0.00452677311
0.07832691487	0.00834309940	-0.00453662320
0.07832889412	0.00832449670	-0.00454589390
0.07833093398	0.00830528040	-0.00455461518
0.07833302114	0.00828557177	-0.00456285006
0.07833515882	0.00826533682	-0.00457062943
0.07833735443	0.00824450122	-0.00457796877
0.07833961008	0.00822304033	-0.00458488489
0.07834192779	0.00820092980	-0.00459139083
0.07834430953	0.00817814555	-0.00459749600
0.07834675808	0.00815465503	-0.00460320513
0.07834927337	0.00813045282	-0.00460852614
0.07835185653	0.00810552150	-0.00461346344
0.07835451400	0.00807979179	-0.00461800874
0.07835724414	0.00805327208	-0.00462216684
0.07836004893	0.00802593490	-0.00462593520
0.07836293049	0.00799775125	-0.00462931041
0.07836589052	0.00796869515	-0.00463228771
0.07836893076	0.00793873993	-0.00463486227
0.07837205539	0.00790783372	-0.00463702219
0.07837527529	0.00787585696	-0.00463873662
0.07837856786	0.00784302238	-0.00464004777
0.07838194851	0.00780916430	-0.00464092355
0.07838543719	0.00777406821	-0.00464130847
0.07838899636	0.00773809727	-0.00464127540
0.07839266570	0.00770083530	-0.00464073310
0.07839641756	0.00766254620	-0.00463973072
0.07840027935	0.00762293242	-0.00463819727
0.07840422425	0.00758225030	-0.00463618235
0.07840828642	0.00754012736	-0.00463359554
0.07841243769	0.00749683369	-0.00463048576
0.07841669090	0.00745221360	-0.00462681485
0.07842105256	0.00740617409	-0.00462255001
0.07842552130	0.00735870289	-0.00461767422
0.07843008975	0.00730985102	-0.00461218928
0.07843476506	0.00725951306	-0.00460606095
0.07843954746	0.00720765522	-0.00459926764
0.07844443704	0.00715424333	-0.00459178709
0.07844943372	0.00709924289	-0.00458359643
0.07845453723	0.00704261937	-0.00457467126
0.07845974715	0.00698433798	-0.00456498662
0.07846506999	0.00692428279	-0.00455449267
0.07847049359	0.00686254586	-0.00454319211
0.07847601944	0.00679906413	-0.00453105295
0.07848165442	0.00673370766	-0.00451801954
0.07848739162	0.00666650258	-0.00450407069
0.07849322502	0.00659746359	-0.00448919001
0.07849916432	0.00652641560	-0.00447330189
0.07850519417	0.00645347874	-0.00445640997
0.07851131794	0.00637854645	-0.00443846053
0.07851753883	0.00630150739	-0.00441938608
0.07852383986	0.00622249739	-0.00439919197
0.07853022548	0.00614138313	-0.00437781141
0.07853669108	0.00605813947	-0.00435519995
0.07854323170	0.00597274258	-0.00433131202
0.07854984198	0.00588516989	-0.00430610125
0.07855651620	0.00579540015	-0.00427952090
0.07856324823	0.00570341361	-0.00425152362
0.07857003158	0.00560919223	-0.00422206141
0.07857685933	0.00551271964	-0.00419108604
0.07858372418	0.00541398130	-0.00415854916
0.07859062137	0.00531292129	-0.00412438657
0.07859754136	0.00520954812	-0.00408854912
0.07860447020	0.00510393623	-0.00405101867
0.07861141062	0.00499590028	-0.00401168370
0.07861833921	0.00488565648	-0.00397056779
0.07862526062	0.00477297529	-0.00392754507
0.07863215134	0.00465807643	-0.00388263982
0.07863901080	0.00454080166	-0.00383575423
0.07864582472	0.00442121642	-0.00378685603
0.07865257988	0.00429936947	-0.00373591752
0.07865926743	0.00417523025	-0.00368288362
0.07866587546	0.00404881928	-0.00362771405
0.07867239215	0.00392015480	-0.00357036867
0.07867880486	0.00378926983	-0.00351081487
0.07868510054	0.00365620748	-0.00344902773
0.07869126743	0.00352098427	-0.00338497358
0.07869729354	0.00338362069	-0.00331862008
0.07870316528	0.00324417564	-0.00324995192
0.07870886990	0.00310269223	-0.00317895178
0.07871439491	0.00295921176	-0.00310560486
0.07871972768	0.00281378275	-0.00302990138
0.07872485573	0.00266645649	-0.00295183449
0.07872976844	0.00251723283	-0.00287137302
0.07873444987	0.00236628479	-0.00278856575
0.07873889003	0.00221361623	-0.00270340330
0.07874307869	0.00205923731	-0.00261586683
0.07874700181	0.00190331438	-0.00252601109
0.07875064951	0.00174588135	-0.00243384754
0.07875401251	0.00158695106	-0.00233936823
0.07875707809	0.00142672755	-0.00224265870
0.07875983918	0.00126516077	-0.00214369837
0.07876228498	0.00110243565	-0.00204256842
0.07876440806	0.00093857515	-0.00193928954
0.07876620027	0.00077368934	-0.00183391599
0.07876765441	0.00060788107	-0.00172651049
0.07876876438	0.00044120017	-0.00161710887
0.07876952411	0.00027380982	-0.00150580791
0.07876992907	0.00010571110	-0.00139262791
0.07876997490	-0.00006288257	-0.00127769671
0.07876965833	-0.00023200459	-0.00116102545
0.07876897713	-0.00040142433	-0.00104275352
0.07876792935	-0.00057114420	-0.00092291962
0.07876651450	-0.00074100815	-0.00080163045
0.07876473280	-0.00091091508	-0.00067898048
0.07876258448	-0.00108082632	-0.00055502593
0.07876007263	-0.00125054340	-0.00042990856
0.07875719921	-0.00142002569	-0.00030370278
0.07875396724	-0.00158919595	-0.00017648775
0.07875038254	-0.00175788222	-0.00004839999
0.07874644952	-0.00192602907	0.00008047330
0.07874217420	-0.00209353808	0.00021002923
0.07873756301	-0.00226032547	0.00034017482
0.07873262440	-0.00242626355	0.00047078948
0.07872736632	-0.00259127225	0.00060177130
0.07872179760	-0.00275526450	0.00073301693
0.07871592784	-0.00291815095	0.00086442093
0.07870976726	-0.00307984376	0.00099587937
0.07870332666	-0.00324025809	0.00112728847
0.07869661733	-0.00339931190	0.00125854526
0.07868965012	-0.00355694582	0.00138956222
0.07868243886	-0.00371304658	0.00152022204
0.07867499550	-0.00386755524	0.00165042964
0.07866733233	-0.00402041337	0.00178009473
0.07865946166	-0.00417156932	0.00190913999
0.07865139995	-0.00432090101	0.00203743828
0.07864315625	-0.00446843097	0.00216494976
0.07863474915	-0.00461401418	0.00229153945
0.07862618696	-0.00475769101	0.00241717923
0.07861748840	-0.00489932824	0.00254174660
0.07860866460	-0.00503892350	0.00266518344
0.07859972833	-0.00517644723	0.00278743100
0.07859069482	-0.00531183465	0.00290840915
0.07858157727	-0.00544505406	0.00302805233
0.07857238827	-0.00557608305	0.00314630400
0.07856314082	-0.00570489303	0.00326310729
0.07855384767	-0.00583145919	0.00337840870
0.07854452124	-0.00595576054	0.00349215810
0.07853517262	-0.00607779243	0.00360431968
0.07852581477	-0.00619752487	0.00371484393
0.07851645963	-0.00631494006	0.00382368408
0.07850711631	-0.00643005354	0.00393081752
0.07849779512	-0.00654286340	0.00403622037
0.07848850930	-0.00665333061	0.00413983803
0.07847926348	-0.00676151639	0.00424168520
0.07847007199	-0.00686736502	0.00434170470
0.07846094072	-0.00697091679	0.00443989508
0.07845187642	-0.00707219807	0.00453625883
0.07844289117	-0.00717117323	0.00463075446
0.07843398948	-0.00726788783	0.00472338876
0.07842517839	-0.00736235655	0.00481415701
0.07841646442	-0.00745459648	0.00490305688
0.07840785359	-0.00754462696	0.00499008821
0.07839935148	-0.00763246927	0.00507525324
0.07839096321	-0.00771814660	0.00515855632
0.07838269342	-0.00780168390	0.00524000382
0.07837454631	-0.00788310796	0.00531960384
0.07836652564	-0.00796244684	0.00539736649
0.07835863228	-0.00803975417	0.00547332579
0.07835087353	-0.00811501801	0.00554746853
0.07834325107	-0.00818827895	0.00561981085
0.07833576154	-0.00825962252	0.00569041408
0.07832841633	-0.00832899124	0.00575923341
0.07832120750	-0.00839650850	0.00582635116
0.07831414507	-0.00846212632	0.00589173118
0.07830721989	-0.00852597286	0.00595546512
0.07830044343	-0.00858798336	0.00601750680
0.07829380914	-0.00864825704	0.00607792071
0.07828731642	-0.00870683569	0.00613674426
0.07828097077	-0.00876370440	0.00619396601
0.07827476811	-0.00881893291	0.00624963334
0.07826870798	-0.00887255609	0.00630377432
0.07826278886	-0.00892461649	0.00635642446
0.07825701134	-0.00897513659	0.00640760391
0.07825137489	-0.00902414689	0.00645733577
0.07824587718	-0.00907169249	0.00650565501
0.07824051685	-0.00911780798	0.00655259075
0.07823529243	-0.00916252798	0.00659817193
0.07823020229	-0.00920588665	0.00664242766
0.07822524472	-0.00924791803	0.00668538680
0.07822041644	-0.00928866797	0.00672708983
0.07821571742	-0.00932815354	0.00676755430
0.07821114610	-0.00936640407	0.00680680437
0.07820669958	-0.00940345897	0.00684487276
0.07820237571	-0.00943935025	0.00688178739
0.07819817035	-0.00947412551	0.00691759124
0.07819408172	-0.00950781174	0.00695231281
0.07819011267	-0.00954039726	0.00698594284
0.07818625730	-0.00957194177	0.00701852826
0.07818252016	-0.00960241854	0.00705004135
0.07817990490	-0.00962368797	0.00707278861
0.07817760033	-0.00964239110	0.00709771947
0.07817563540	-0.00965830889	0.00712454165
0.07817403487	-0.00967125493	0.00715294067
0.07817281904	-0.00968107763	0.00718258359
0.07817200334	-0.00968766197	0.00721312286
0.07817159816	-0.00969093087	0.00724420045
0.07817160868	-0.00969084604	0.00727545199
0.07817203475	-0.00968740848	0.00730651109
0.07817287095	-0.00968065844	0.00733701361
0.07817410662	-0.00967067495	0.00736660194
0.07817572607	-0.00965757491	0.00739492918
0.07817770879	-0.00964151172	0.00742166322
0.07818002977	-0.00962267348	0.00744649063
0.07889321920	0.00850190942	-0.00426321662
0.07889587282	0.00847724912	-0.00433390330
0.07889771204	0.00846011436	-0.00436244956
0.07889944212	0.00844396431	-0.00438414124
0.07890115666	0.00842792846	-0.00440226598
0.07890286530	0.00841191699	-0.00441812018
0.07890458708	0.00839575113	-0.00443234817
0.07890634652	0.00837919920	-0.00444530193
0.07890812100	0.00836247212	-0.00445727073
0.07890993816	0.00834530765	-0.00446838819
0.07891180300	0.00832765559	-0.00447876538
0.07891369880	0.00830967160	-0.00448852304
0.07891564204	0.00829119658	-0.00449770745
0.07891764486	0.00827211157	-0.00450634851
0.07891969432	0.00825253586	-0.00451450827
0.07892179357	0.00823243581	-0.00452221733
0.07892394984	0.00821173800	-0.00452949113
0.07892616520	0.00819041797	-0.00453634634
0.07892844164	0.00816845154	-0.00454279586
0.07893078108	0.00814581476	-0.00454884903
0.07893318626	0.00812247538	-0.00455451056
0.07893565713	0.00809842782	-0.00455978824
0.07893819481	0.00807365472	-0.00456468645
0.07894080559	0.00804808757	-0.00456919709
0.07894348787	0.00802173442	-0.00457332485
0.07894624363	0.00799456794	-0.00457706722
0.07894907493	0.00796655933	-0.00458042085
0.07895198346	0.00793768273	-0.00458338103
0.07895497093	0.00790791159	-0.00458594300
0.07895804143	0.00787719455	-0.00458809505
0.07896120558	0.00784541353	-0.00458980690
0.07896444138	0.00781277783	-0.00459111970
0.07896776387	0.00777912392	-0.00459200206
0.07897119249	0.00774424018	-0.00459239958
0.07897469071	0.00770848409	-0.00459238332
0.07897829719	0.00767144528	-0.00459186404
0.07898198501	0.00763338347	-0.00459088959
0.07898578091	0.00759400514	-0.00458939046
0.07898965877	0.00755356254	-0.00458741494
0.07899365189	0.00751168832	-0.00458487451
0.07899773284	0.00746864824	-0.00458181674
0.07900191415	0.00742428858	-0.00457820422
0.07900620218	0.00737851732	-0.00457400468
0.07901059560	0.00733132201	-0.00456920121
0.07901508727	0.00728275253	-0.00456379536
0.07901968415	0.00723270467	-0.00455775346
0.07902438649	0.00718114471	-0.00455105415
0.07902919439	0.00712803861	-0.00454367540
0.07903410777	0.00707335198	-0.00453559458
0.07903912641	0.00701705040	-0.00452678756
0.07904424988	0.00695909916	-0.00451722964
0.07904948454	0.00689938364	-0.00450687176
0.07905481855	0.00683799414	-0.00449571618
0.07906025337	0.00677486810	-0.00448373135
0.07906579570	0.00670987705	-0.00447086249
0.07907143881	0.00664304633	-0.00445708846
0.07907717684	0.00657438999	-0.00444239285
0.07908301923	0.00650373508	-0.00442670133
0.07908895101	0.00643119954	-0.00441001698
0.07909497548	0.00635667795	-0.00439228687
0.07910109572	0.00628006015	-0.00437344451
0.07910729518	0.00620147959	-0.00435349460
0.07911357818	0.00612080445	-0.00433237138
0.07911994022	0.00603800957	-0.00431003087
0.07912637642	0.00595307100	-0.00428642793
0.07913288154	0.00586596613	-0.00426151665
0.07913944997	0.00577667360	-0.00423525075
0.07914607572	0.00568517356	-0.00420758334
0.07915275239	0.00559144784	-0.00417846688
0.07915947322	0.00549547994	-0.00414785363
0.07916623104	0.00539725517	-0.00411569568
0.07917302115	0.00529671806	-0.00408192963
0.07917983421	0.00519387665	-0.00404650673
0.07918665654	0.00508880399	-0.00400940866
0.07919349077	0.00498131710	-0.00397052572
0.07920031397	0.00487162882	-0.00392988031
0.07920713061	0.00475951260	-0.00388734875
0.07921391771	0.00464518479	-0.00384295411
0.07922067461	0.00452848919	-0.00379660021
0.07922738729	0.00440949008	-0.00374825481
0.07923404279	0.00428823537	-0.00369789028
0.07924063236	0.00416469479	-0.00364545221
0.07924714430	0.00403888845	-0.00359090067
0.07925356696	0.00391083422	-0.00353419587
0.07925988791	0.00378056463	-0.00347530540
0.07926609430	0.00364812212	-0.00341420446
0.07927217454	0.00351352300	-0.00335085971
0.07927811682	0.00337678752	-0.00328523911
0.07928390773	0.00323797383	-0.00321732733
0.07928953474	0.00309712455	-0.00314710713
0.07929498551	0.00295428056	-0.00307456377
0.07930024758	0.00280948990	-0.00299968749
0.07930530864	0.00266280338	-0.00292247140
0.07931015819	0.00251422113	-0.00284288486
0.07931478053	0.00236391409	-0.00276097546
0.07931916577	0.00221188642	-0.00267673411
0.07932330379	0.00205814854	-0.00259014237
0.07932718074	0.00190286498	-0.00250125381
0.07933078684	0.00174606964	-0.00241007987
0.07933411289	0.00158777574	-0.00231661295
0.07933714633	0.00142818509	-0.00222093690
0.07933988014	0.00126724894	-0.00212303202
0.07934230361	0.00110515035	-0.00202297797
0.07934440938	0.00094191269	-0.00192079552
0.07934618937	0.00077764527	-0.00181653818
0.07934763641	0.00061245030	-0.00171026785
0.07934874446	0.00044637778	-0.00160202019
0.07934950743	0.00027958953	-0.00149189052
0.07934992083	0.00011208750	-0.00137989942
0.07934998030	-0.00005591683	-0.00126617269
0.07934968254	-0.00022445545	-0.00115072210
0.07934902529	-0.00039329986	-0.00103368476
0.07934800658	-0.00056245141	-0.00091509959
0.07934662585	-0.00073175510	-0.00079507180
0.07934488327	-0.00090111012	-0.00067369488
0.07934277899	-0.00107047724	-0.00055102485
0.07934031601	-0.00123965954	-0.00042720142
0.07933749619	-0.00140861579	-0.00030229858
0.07933432248	-0.00157726869	-0.00017639486
0.07933080053	-0.00174544739	-0.00004962491
0.07932693467	-0.00191309606	0.00007792466
0.07932273076	-0.00208011644	0.00020615201
0.07931819511	-0.00224642473	0.00033496498
0.07931333601	-0.00241189376	0.00046424440
0.07930816124	-0.00257644338	0.00059388929
0.07930267949	-0.00273998656	0.00072379731
0.07929690017	-0.00290243397	0.00085386402
0.07929083336	-0.00306369784	0.00098398653
0.07928448966	-0.00322369335	0.00111406207
0.07927788018	-0.00338233848	0.00124398868
0.07927101563	-0.00353957359	0.00137367952
0.07926390958	-0.00369528586	0.00150301868
0.07925657383	-0.00384941613	0.00163191190
0.07924902050	-0.00400190576	0.00176026967
0.07924126172	-0.00415270286	0.00188801529
0.07923331369	-0.00430168600	0.00201502325
0.07922518537	-0.00444887659	0.00214125347
0.07921689507	-0.00459413062	0.00226657291
0.07920845103	-0.00473748718	0.00239095302
0.07919987168	-0.00487881398	0.00251427305
0.07919116802	-0.00501810799	0.00263647512
0.07918235268	-0.00515533934	0.00275750090
0.07917344067	-0.00529044346	0.00287727121
0.07916444503	-0.00542338846	0.00299572107
0.07915537821	-0.00555415165	0.00311279438
0.07914625305	-0.00568270429	0.00322843480
0.07913708214	-0.00580902144	0.00334258930
0.07912787776	-0.00593308192	0.00345520823
0.07911865089	-0.00605488076	0.00356625596
0.07910941431	-0.00617438802	0.00367568355
0.07910017983	-0.00629158578	0.00378344473
0.07909095648	-0.00640648913	0.00388951686
0.07908175446	-0.00651909596	0.00399387623
0.07907258682	-0.00662936750	0.00409646906
0.07906345822	-0.00673736407	0.00419730936
0.07905438276	-0.00684303050	0.00429634097
0.07904536632	-0.00694640650	0.00439356213
0.07903641559	-0.00704751805	0.00448897515
0.07902754247	-0.00714632992	0.00458253927
0.07901875149	-0.00724288710	0.00467426094
0.07901004959	-0.00733720413	0.00476413548
0.07900144323	-0.00742929793	0.00485216052
0.07899293840	-0.00751918768	0.00493833589
0.07898454061	-0.00760689452	0.00502266379
0.07897625494	-0.00769244145	0.00510514850
0.07896808599	-0.00777585329	0.00518579630
0.07896003793	-0.00785715665	0.00526461516
0.07895211448	-0.00793637943	0.00534161510
0.07894431657	-0.00801357482	0.00541682955
0.07893665135	-0.00808873124	0.00549024576
0.07892912053	-0.00816188901	0.00556187961
0.07892172086	-0.00823313289	0.00563179137
0.07891446350	-0.00830240634	0.00569993738
0.07890734072	-0.00836983153	0.00576639841
0.07890036235	-0.00843536134	0.00583113931
0.07889351947	-0.00849912267	0.00589425004
0.07888682331	-0.00856105184	0.00595568569
0.07888026748	-0.00862124718	0.00601550956
0.07887385140	-0.00867975029	0.00607375862
0.07886758048	-0.00873654674	0.00613042196
0.07886145072	-0.00879170577	0.00618554620
0.07885546168	-0.00884526215	0.00623915914
0.07884961189	-0.00889725825	0.00629129584
0.07884390191	-0.00894771660	0.00634197639
0.07883833123	-0.00899666768	0.00639122365
0.07883289755	-0.00904415635	0.00643907220
0.07882759956	-0.00909021715	0.00648555085
0.07882243579	-0.00913488460	0.00653068826
0.07881740466	-0.00917819279	0.00657451324
0.07881250447	-0.00922017567	0.00661705437
0.07880773200	-0.00926087888	0.00665835160
0.07880308722	-0.00930031960	0.00669842247
0.07879856858	-0.00933852715	0.00673729091
0.07879417323	-0.00937554077	0.00677498926
0.07878989906	-0.00941139240	0.00681154517
0.07878574198	-0.00944612940	0.00684700105
0.07878170026	-0.00947977874	0.00688138514
0.07877777665	-0.00951232917	0.00691468863
0.07877396536	-0.00954383998	0.00694695776
0.07877027083	-0.00957428502	0.00697816560
0.07876769785	-0.00959542994	0.00700059174
0.07876542814	-0.00961404341	0.00702518945
0.07876349017	-0.00962990740	0.00705167034
0.07876190837	-0.00964283616	0.00707972396
0.07876070278	-0.00965267827	0.00710902138
0.07875988869	-0.00965931849	0.00713921914
0.07875947647	-0.00966267907	0.00716996319
0.07875947136	-0.00966272066	0.00720089308
0.07875987345	-0.00965944278	0.00723164619
0.07876067759	-0.00965288381	0.00726186197
0.07876187356	-0.00964312054	0.00729118615
0.07876344617	-0.00963026730	0.00731927496
0.07876537550	-0.00961447459	0.00734579906
0.07876763725	-0.00959592738	0.00737044749
0.07947014700	0.00846771134	-0.00421897648
0.07947274102	0.00844333079	-0.00428897422
0.07947454330	0.00842634960	-0.00431724510
0.07947623984	0.00841033294	-0.00433872856
0.07947792177	0.00839442385	-0.00435668051
0.07947959843	0.00837853409	-0.00437238428
0.07948128837	0.00836248757	-0.00438647796
0.07948301548	0.00834605593	-0.00439931043
0.07948475774	0.00832944697	-0.00441116751
0.07948654207	0.00831240217	-0.00442218199
0.07948837336	0.00829487191	-0.00443246388
0.07949023534	0.00827700949	-0.00444213234
0.07949214407	0.00825865797	-0.00445123346
0.07949411138	0.00823969995	-0.00445979709
0.07949612471	0.00822025284	-0.00446788432
0.07949818711	0.00820028331	-0.00447552550
0.07950030566	0.00817971884	-0.00448273604
0.07950248238	0.00815853512	-0.00448953243
0.07950471923	0.00813670814	-0.00449592748
0.07950701811	0.00811421411	-0.00450193043
0.07950938170	0.00809102103	-0.00450754598
0.07951180996	0.00806712318	-0.00451278182
0.07951430401	0.00804250325	-0.00451764226
0.07951686998	0.00801709350	-0.00452211941
0.07951950636	0.00799090162	-0.00452621783
0.07952221507	0.00796390044	-0.00452993507
0.07952499815	0.00793606134	-0.00453326781
0.07952785726	0.00790735857	-0.00453621141
0.07953079408	0.00787776573	-0.00453876116
0.07953381263	0.00784723192	-0.00454090554
0.07953692327	0.00781564049	-0.00454261482
0.07954010459	0.00778319745	-0.00454392913
0.07954337124	0.00774974136	-0.00454481776
0.07954674222	0.00771506332	-0.00454522733
0.07955018192	0.00767951539	-0.00454522719
0.07955372805	0.00764269281	-0.00454473002
0.07955735439	0.00760485124	-0.00454378241
0.07956108702	0.00756570105	-0.00454231625
0.07956490050	0.00752549057	-0.00454037863
0.07956882730	0.00748385739	-0.00453788281
0.07957284072	0.00744106310	-0.00453487509
0.07957695297	0.00739695585	-0.00453131876
0.07958117028	0.00735144459	-0.00452718205
0.07958549136	0.00730451670	-0.00452244819
0.07958990927	0.00725622098	-0.00451711847
0.07959443081	0.00720645434	-0.00451115977
0.07959905624	0.00715518317	-0.00450455096
0.07960378565	0.00710237355	-0.00449727022
0.07960861901	0.00704799118	-0.00448929517
0.07961355608	0.00699200175	-0.00448060192
0.07961859647	0.00693437067	-0.00447116602
0.07962374638	0.00687498454	-0.00446093915
0.07962899429	0.00681393197	-0.00444992319
0.07963434160	0.00675115090	-0.00443808697
0.07963979487	0.00668651428	-0.00442537658
0.07964534752	0.00662004667	-0.00441177090
0.07965099385	0.00655176153	-0.00439725353
0.07965674305	0.00648148794	-0.00438175134
0.07966258054	0.00640934176	-0.00436526691
0.07966850949	0.00633521865	-0.00434774804
0.07967453294	0.00625900960	-0.00432912921
0.07968063470	0.00618084577	-0.00430941448
0.07968681898	0.00610059679	-0.00428853913
0.07969308137	0.00601823745	-0.00426645958
0.07969941709	0.00593374376	-0.00424313112
0.07970582101	0.00584709300	-0.00421850830
0.07971228763	0.00575826376	-0.00419254528
0.07971881105	0.00566723606	-0.00416519561
0.07972538502	0.00557399163	-0.00413641220
0.07973200290	0.00547851384	-0.00410614774
0.07973865764	0.00538078786	-0.00407435480
0.07974534462	0.00528075864	-0.00404097073
0.07975205467	0.00517843379	-0.00400594717
0.07975877438	0.00507388504	-0.00396926560
0.07976550627	0.00496693168	-0.00393081812
0.07977222789	0.00485778326	-0.00389062595
0.07977894354	0.00474621617	-0.00384856756
0.07978563071	0.00463244349	-0.00380466483
0.07979228869	0.00451631098	-0.00375882316
0.07979890372	0.00439788183	-0.00371101035
0.07980546305	0.00427720314	-0.00366119881
0.07981195806	0.00415424489	-0.00360933481
0.07981837723	0.00402902680	-0.00355537873
0.07982470908	0.00390156643	-0.00349929113
0.07983094138	0.00377189577	-0.00344103981
0.07983706149	0.00364005668	-0.00338060007
0.07984305797	0.00350606526	-0.00331793887
0.07984891918	0.00336994150	-0.00325302450
0.07985463191	0.00323174284	-0.00318584160
0.07986018380	0.00309151144	-0.00311637299
0.07986556268	0.00294928778	-0.00304460400
0.07987075626	0.00280511943	-0.00297052490
0.07987575237	0.00265905674	-0.00289412877
0.07988054066	0.00251110010	-0.00281538545
0.07988510564	0.00236141845	-0.00273434141
0.07988943753	0.00221001626	-0.00265098783
0.07989352630	0.00205690419	-0.00256530666
0.07989735830	0.00190224499	-0.00247735034
0.07990092384	0.00174607259	-0.00238713029
0.07990421380	0.00158840053	-0.00229463924
0.07990721578	0.00142942850	-0.00219995943
0.07990992280	0.00126910900	-0.00210307197
0.07991232427	0.00110762329	-0.00200405512
0.07991441287	0.00094499510	-0.00190292968
0.07991618058	0.00078133302	-0.00179974842
0.07991762029	0.00061673866	-0.00169457251
0.07991872598	0.00045126216	-0.00158743742
0.07991949161	0.00028506403	-0.00147843705
0.07991991267	0.00011814705	-0.00136759227
0.07991998481	-0.00004927916	-0.00125502690
0.07991970473	-0.00021724527	-0.00114075331
0.07991907013	-0.00038552481	-0.00102490646
0.07991807901	-0.00055411811	-0.00090752541
0.07991673077	-0.00072287122	-0.00078871399
0.07991502550	-0.00089168358	-0.00066856474
0.07991296332	-0.00106051547	-0.00054713346
0.07991054710	-0.00122917141	-0.00042455789
0.07990777864	-0.00139760967	-0.00030091164
0.07990466080	-0.00156575284	-0.00017627259
0.07990119909	-0.00173343119	-0.00005077365
0.07989739773	-0.00190058850	0.00007549921
0.07989326247	-0.00206712667	0.00020244511
0.07988879947	-0.00223296188	0.00032997271
0.07988401687	-0.00239796748	0.00045796421
0.07987892233	-0.00256206325	0.00058631952
0.07987352434	-0.00272516219	0.00071493725
0.07986783220	-0.00288717504	0.00084371396
0.07986185579	-0.00304801408	0.00097254777
0.07985560555	-0.00320759452	0.00110133685
0.07984909241	-0.00336583436	0.00122998023
0.07984232693	-0.00352267371	0.00135839174
0.07983532247	-0.00367800021	0.00148645681
0.07982809065	-0.00383175448	0.00161408196
0.07982064344	-0.00398387769	0.00174117846
0.07981299278	-0.00413431772	0.00186767017
0.07980515464	-0.00428295378	0.00199343320
0.07979713790	-0.00442980621	0.00211842722
0.07978896056	-0.00457473198	0.00224252106
0.07978063083	-0.00471776895	0.00236568574
0.07977216683	-0.00485878575	0.00248780222
0.07976357946	-0.00499777869	0.00260881285
0.07975488120	-0.00513471764	0.00272865972
0.07974608684	-0.00526953821	0.00284726453
0.07973720929	-0.00540220833	0.00296456289
0.07972826083	-0.00553270507	0.00308049912
0.07971925416	-0.00566099956	0.00319501739
0.07971020173	-0.00578706669	0.00330806513
0.07970111566	-0.00591088515	0.00341959313
0.07969200682	-0.00603244964	0.00352956597
0.07968288784	-0.00615173027	0.00363793524
0.07967377038	-0.00626870902	0.00374465514
0.07966466342	-0.00638340054	0.00384970303
0.07965557701	-0.00649580253	0.00395305537
0.07964652407	-0.00660587649	0.00405465913
0.07963750923	-0.00671368187	0.00415452771
0.07962854640	-0.00681916402	0.00425260587
0.07961964144	-0.00692236208	0.00434889162
0.07961080098	-0.00702330169	0.00444338706
0.07960203676	-0.00712194797	0.00453605213
0.07959335330	-0.00721834540	0.00462689297
0.07958475747	-0.00731250835	0.00471590490
0.07957625567	-0.00740445359	0.00480308557
0.07956785383	-0.00749420017	0.00488843479
0.07955955743	-0.00758176904	0.00497195469
0.07955137148	-0.00766718308	0.00505364949
0.07954330055	-0.00775046693	0.00513352538
0.07953534877	-0.00783164705	0.00521159026
0.07952751986	-0.00791075119	0.00528785399
0.07951981475	-0.00798783212	0.00536234948
0.07951224050	-0.00806287858	0.00543506439
0.07950479880	-0.00813593064	0.00550601439
0.07949748653	-0.00820707233	0.00557525868
0.07949031463	-0.00827624798	0.00564275475
0.07948327557	-0.00834357863	0.00570858186
0.07947637899	-0.00840901793	0.00577270581
0.07946961619	-0.00847269162	0.00583521496
0.07946299817	-0.00853453704	0.00589606558
0.07945651870	-0.00859465163	0.00595531988
0.07945017722	-0.00865307685	0.00601301438
0.07944397904	-0.00870979871	0.00606913866
0.07943792025	-0.00876488596	0.00612373864
0.07943200043	-0.00881837326	0.00617684183
0.07942621814	-0.00887030283	0.00622848290
0.07942057391	-0.00892069724	0.00627868181
0.07941506728	-0.00896958693	0.00632746127
0.07940969596	-0.00901701656	0.00637485543
0.07940445868	-0.00906302059	0.00642089282
0.07939935398	-0.00910763345	0.00646560182
0.07939438033	-0.00915088915	0.00650901096
0.07938953603	-0.00919282157	0.00655114854
0.07938481793	-0.00923347614	0.00659205403
0.07938022600	-0.00927287014	0.00663174490
0.07937575869	-0.00931103287	0.00667024491
0.07937141319	-0.00934800340	0.00670758602
0.07936718744	-0.00938381363	0.00674379562
0.07936307742	-0.00941851065	0.00677891556
0.07935908140	-0.00945212145	0.00681297384
0.07935520207	-0.00948463516	0.00684596210
0.07935143375	-0.00951611068	0.00687792587
0.07934778075	-0.00954652240	0.00690883898
0.07934524863	-0.00956754514	0.00693095662
0.07934301270	-0.00958606991	0.00695523399
0.07934110098	-0.00960187975	0.00698138646
0.07933953758	-0.00961478949	0.00700910741
0.07933834225	-0.00962464795	0.00703807185
0.07933753018	-0.00963133971	0.00706794020
0.07933711169	-0.00963478639	0.00709836227
0.07933709211	-0.00963494765	0.00712898139
0.07933747168	-0.00963182158	0.00715943859
0.07933824558	-0.00962544481	0.00718937677
0.07933940396	-0.00961589199	0.00721844495
0.07934093212	-0.00960327499	0.00724630232
0.07934281071	-0.00958774155	0.00727262228
0.07934501607	-0.00956947360	0.00729709625
0.08010280579	0.00843315283	-0.00417479431
0.08010533955	0.00840905094	-0.00424410356
0.08010710427	0.00839222298	-0.00427209922
0.08010876667	0.00837633951	-0.00429337461
0.08011041535	0.00836055705	-0.00431115388
0.08011205939	0.00834478894	-0.00432670731
0.08011371683	0.00832886171	-0.00434066678
0.08011541093	0.00831255033	-0.00435337802
0.08011712026	0.00829605952	-0.00436512345
0.08011887103	0.00827913440	-0.00437603500
0.08012066803	0.00826172599	-0.00438622165
0.08012249540	0.00824398522	-0.00439580095
0.08012436882	0.00822575729	-0.00440481882
0.08012629981	0.00820692636	-0.00441330504
0.08012827614	0.00818760796	-0.00442131979
0.08013030082	0.00816776909	-0.00442889311
0.08013238074	0.00814733810	-0.00443604040
0.08013451790	0.00812629087	-0.00444277799
0.08013671420	0.00810460353	-0.00444911857
0.08013897153	0.00808225244	-0.00445507130
0.08014129249	0.00805920586	-0.00446064087
0.08014367709	0.00803545797	-0.00446583485
0.08014612640	0.00801099146	-0.00447065751
0.08014864645	0.00798573937	-0.00447510114
0.08015123576	0.00795970904	-0.00447917019
0.08015389623	0.00793287347	-0.00448286225
0.08015662985	0.00790520421	-0.00448617406
0.08015943826	0.00787667563	-0.00448910103
0.08016232313	0.00784726145	-0.00449163850
0.08016528837	0.00781691125	-0.00449377514
0.08016834412	0.00778550980	-0.00449548176
0.08017146951	0.00775325987	-0.00449679750
0.08017467886	0.00772000205	-0.00449769230
0.08017799067	0.00768553018	-0.00449811381
0.08018137028	0.00765019093	-0.00449812969
0.08018485445	0.00761358510	-0.00449765448
0.08018841766	0.00757596433	-0.00449673358
0.08019208531	0.00753704288	-0.00449530026
0.08019583266	0.00749706514	-0.00449340038
0.08019969135	0.00745567362	-0.00449094898
0.08020363538	0.00741312580	-0.00448799112
0.08020767667	0.00736927169	-0.00448449079
0.08021182130	0.00732402118	-0.00448041671
0.08021606804	0.00727736148	-0.00447575223
0.08022041012	0.00722934034	-0.00447049840
0.08022485421	0.00717985578	-0.00446462264
0.08022940055	0.00712887431	-0.00445810405
0.08023404926	0.00707636210	-0.00445092103
0.08023880031	0.00702228498	-0.00444305143
0.08024365348	0.00696660875	-0.00443447161
0.08024860840	0.00690929890	-0.00442515738
0.08025367112	0.00685024328	-0.00441506116
0.08025883042	0.00678952883	-0.00440418442
0.08026408766	0.00672709396	-0.00439249640
0.08026944926	0.00666281306	-0.00437994404
0.08027490878	0.00659670992	-0.00436650625
0.08028046068	0.00652879739	-0.00435216663
0.08028611391	0.00645890659	-0.00433685327
0.08029185426	0.00638715131	-0.00432056820
0.08029768480	0.00631342829	-0.00430326002
0.08030360850	0.00623762968	-0.00428486411
0.08030960955	0.00615988432	-0.00426538395
0.08031569206	0.00608006334	-0.00424475582
0.08032185170	0.00599814146	-0.00422293654
0.08032808380	0.00591409464	-0.00419988186
0.08033438331	0.00582790009	-0.00417554676
0.08034074486	0.00573953630	-0.00414988584
0.08034716268	0.00564898322	-0.00412285309
0.08035363062	0.00555622246	-0.00409440188
0.08036014217	0.00546123725	-0.00406448535
0.08036669043	0.00536401264	-0.00403305649
0.08037327083	0.00526449401	-0.00400005345
0.08037987440	0.00516268853	-0.00396542824
0.08038648800	0.00505866663	-0.00392916216
0.08039311403	0.00495224981	-0.00389114907
0.08039973054	0.00484364445	-0.00385140907
0.08040634165	0.00473262978	-0.00380982270
0.08041292533	0.00461941567	-0.00376641071
0.08041948084	0.00450384983	-0.00372108006
0.08042599465	0.00438599438	-0.00367379859
0.08043245425	0.00426589556	-0.00362453877
0.08043885114	0.00414352366	-0.00357324753
0.08044517400	0.00401889801	-0.00351988557
0.08045141154	0.00389203582	-0.00346441378
0.08045755172	0.00376296860	-0.00340680019
0.08046358210	0.00363173759	-0.00334702019
0.08046949141	0.00349835869	-0.00328504108
0.08047526819	0.00336285166	-0.00322083143
0.08048089944	0.00322527321	-0.00315437585
0.08048637296	0.00308566505	-0.00308565726
0.08049167677	0.00294406726	-0.00301466106
0.08049679876	0.00280052693	-0.00294137751
0.08050172692	0.00265509397	-0.00286579968
0.08050645102	0.00250776903	-0.00278789791
0.08051095581	0.00235871905	-0.00270771755
0.08051523163	0.00220794880	-0.00262525004
0.08051926855	0.00205546918	-0.00254047770
0.08052305312	0.00190144116	-0.00245345188
0.08052657573	0.00174589872	-0.00236418397
0.08052982739	0.00158885571	-0.00227266700
0.08053279583	0.00143050970	-0.00217898167
0.08053547412	0.00127081441	-0.00208310985
0.08053785181	0.00110994933	-0.00198512840
0.08053992162	0.00094793854	-0.00188505815
0.08054167561	0.00078488990	-0.00178295119
0.08054310672	0.00062090444	-0.00167886791
0.08054420896	0.00045603239	-0.00157284358
0.08054497632	0.00029043298	-0.00146497072
0.08054540433	0.00012410982	-0.00135527048
0.08054548861	-0.00004272938	-0.00124386470
0.08054522589	-0.00021011392	-0.00113076634
0.08054461381	-0.00037781937	-0.00101610822
0.08054365037	-0.00054584511	-0.00089992954
0.08054233490	-0.00071403817	-0.00078233277
0.08054066744	-0.00088229831	-0.00066340947
0.08053864807	-0.00105058526	-0.00054321525
0.08053627953	-0.00121870506	-0.00042188588
0.08053356356	-0.00138661543	-0.00029949456
0.08053050294	-0.00155423889	-0.00017611856
0.08052710302	-0.00172140683	-0.00005188900
0.08052336792	-0.00188806265	0.00007310871
0.08051930328	-0.00205410840	0.00019877472
0.08051491513	-0.00221946028	0.00032501849
0.08051021142	-0.00238399216	0.00045172356
0.08050519968	-0.00254762376	0.00057879076
0.08049988825	-0.00271026810	0.00070611964
0.08049428625	-0.00287183601	0.00083360779
0.08048840341	-0.00303223983	0.00096115426
0.08048224997	-0.00319139481	0.00108865825
0.08047583671	-0.00334921899	0.00121601972
0.08046917400	-0.00350565222	0.00134315319
0.08046227499	-0.00366058262	0.00146994542
0.08045515113	-0.00381395058	0.00159630374
0.08044781419	-0.00396569711	0.00172214017
0.08044027598	-0.00411576986	0.00184737915
0.08043255218	-0.00426404870	0.00197189837
0.08042465160	-0.00441055289	0.00209565730
0.08041659193	-0.00455514039	0.00221852660
0.08040838133	-0.00469784784	0.00234047690
0.08040003760	-0.00483854479	0.00246139084
0.08039157154	-0.00497722691	0.00258121102
0.08038299546	-0.00511386379	0.00269987992
0.08037432395	-0.00524839127	0.00281732016
0.08036556974	-0.00538077707	0.00293346790
0.08035674497	-0.00551099804	0.00304826792
0.08034786218	-0.00563902516	0.00316166486
0.08033893365	-0.00576483319	0.00327360665
0.08032997136	-0.00588840067	0.00338404450
0.08032098607	-0.00600972199	0.00349294321
0.08031199022	-0.00612876730	0.00360025488
0.08030299534	-0.00624551848	0.00370593419
0.08029401031	-0.00635998977	0.00380995852
0.08028504509	-0.00647217865	0.00391230449
0.08027611239	-0.00658204690	0.00401291980
0.08026721686	-0.00668965311	0.00411181725
0.08025837221	-0.00679494315	0.00420894255
0.08024958424	-0.00689795560	0.00430429345
0.08024085954	-0.00699871572	0.00439787183
0.08023220968	-0.00709718905	0.00448963837
0.08022363915	-0.00719341949	0.00457959887
0.08021515476	-0.00728742129	0.00466774868
0.08020676284	-0.00737921105	0.00475408544
0.08019846927	-0.00746880767	0.00483860894
0.08019027946	-0.00755623196	0.00492132125
0.08018219839	-0.00764150663	0.00500222655
0.08017423058	-0.00772465617	0.00508133093
0.08016638012	-0.00780570688	0.00515864219
0.08015865071	-0.00788468634	0.00523417007
0.08015104329	-0.00796164692	0.00530794694
0.08014356481	-0.00803657768	0.00537996088
0.08013621698	-0.00810951845	0.00545022733
0.08012899677	-0.00818055249	0.00551880447
0.08012191491	-0.00824962503	0.00558565088
0.08011496408	-0.00831685595	0.00565084434
0.08010815370	-0.00838219972	0.00571435161
0.08010147531	-0.00844578087	0.00577625942
0.08009493969	-0.00850753774	0.00583652526
0.08008854074	-0.00856756695	0.00589521021
0.08008227796	-0.00862590975	0.00595235037
0.08007615651	-0.00868255263	0.00600793581
0.08007017260	-0.00873756382	0.00606201173
0.08006432582	-0.00879097789	0.00611460536
0.08005861476	-0.00884283690	0.00616575098
0.08005303995	-0.00889316345	0.00621546844
0.08004760092	-0.00894198794	0.00626378027
0.08004229545	-0.00898935484	0.00631072019
0.08003712228	-0.00903529851	0.00635631647
0.08003207998	-0.00907985329	0.00640059721
0.08002716703	-0.00912305313	0.00644359065
0.08002238179	-0.00916493181	0.00648532482
0.08001772113	-0.00920553456	0.00652583869
0.08001318503	-0.00924487876	0.00656514969
0.08000877196	-0.00928299368	0.00660328139
0.08000447916	-0.00931991823	0.00664026538
0.08000030459	-0.00935568424	0.00667612877
0.07999624431	-0.00939033857	0.00671091288
0.07999229661	-0.00942390817	0.00674464545
0.07998846410	-0.00945638261	0.00677731856
0.07998474121	-0.00948782036	0.00680897705
0.07998113215	-0.00951819638	0.00683959552
0.07997864230	-0.00953909520	0.00686140623
0.07997644149	-0.00955752938	0.00688536463
0.07997455729	-0.00957328301	0.00691118982
0.07997301343	-0.00958617157	0.00693857903
0.07997182941	-0.00959604414	0.00696721114
0.07997102025	-0.00960278510	0.00699675047
0.07997059625	-0.00960631551	0.00702685070
0.07997056279	-0.00960659404	0.00705715893
0.07997092030	-0.00960361743	0.00708731982
0.07997166424	-0.00959742053	0.00711697977
0.07997278514	-0.00958807590	0.00714579103
0.07997426877	-0.00957569298	0.00717341582
0.07997609638	-0.00956041677	0.00719953028
0.07997824494	-0.00954242619	0.00722382822
