11052026PropPhi06_B1_2
3	0	0
215	80
0.03432956723	0.00658011303	-0.01638042668
0.03430869606	0.00668808257	-0.01615396760
0.03430171176	0.00672381172	-0.01605236088
0.03429722130	0.00674667958	-0.01597003417
0.03429383270	0.00676388296	-0.01589811064
0.03429134678	0.00677647476	-0.01583203302
0.03428949991	0.00678581385	-0.01577003955
0.03428797286	0.00679352569	-0.01571159689
0.03428705422	0.00679816053	-0.01565473953
0.03428640665	0.00680142580	-0.01559989939
0.03428597596	0.00680359656	-0.01554672627
0.03428599102	0.00680352070	-0.01549407757
0.03428626305	0.00680214968	-0.01544230668
0.03428665454	0.00680017603	-0.01539162683
0.03428734874	0.00679667494	-0.01534121632
0.03428832904	0.00679172771	-0.01529098533
0.03428952628	0.00678568061	-0.01524104153
0.03429093662	0.00677854995	-0.01519128368
0.03429255770	0.00677034416	-0.01514161915
0.03429438855	0.00676106413	-0.01509196349
0.03429641816	0.00675076109	-0.01504227669
0.03429867153	0.00673930303	-0.01499239787
0.03430115960	0.00672662800	-0.01494222561
0.03430382736	0.00671300995	-0.01489190090
0.03430671941	0.00669821450	-0.01484119946
0.03430983614	0.00668223150	-0.01479006807
0.03431317676	0.00666505623	-0.01473845692
0.03431674507	0.00664665944	-0.01468630338
0.03432054472	0.00662701168	-0.01463354255
0.03432454870	0.00660624180	-0.01458023013
0.03432864615	0.00658491664	-0.01452674821
0.03433313453	0.00656147449	-0.01447183976
0.03433785364	0.00653673322	-0.01441612318
0.03434258213	0.00651184508	-0.01436045287
0.03434779162	0.00648431066	-0.01430277402
0.03435303014	0.00645650013	-0.01424497823
0.03435864513	0.00642655263	-0.01418547715
0.03436433036	0.00639608263	-0.01412557026
0.03437041973	0.00636327912	-0.01406367724
0.03437652803	0.00633019703	-0.01400150196
0.03438299733	0.00629496374	-0.01393735566
0.03438969450	0.00625827341	-0.01387180827
0.03439655472	0.00622045798	-0.01380508956
0.03440360134	0.00618136624	-0.01373698904
0.03441092695	0.00614045440	-0.01366694667
0.03441845718	0.00609810457	-0.01359525823
0.03442619262	0.00605428241	-0.01352181969
0.03443413336	0.00600895445	-0.01344652537
0.03444227889	0.00596208845	-0.01336926768
0.03445062848	0.00591365126	-0.01328993971
0.03445918074	0.00586361124	-0.01320843272
0.03446785375	0.00581241187	-0.01312510650
0.03447676575	0.00575931398	-0.01303910518
0.03448588818	0.00570443601	-0.01295048616
0.03449512874	0.00564828890	-0.01285970320
0.03450453676	0.00559052921	-0.01276628367
0.03451415093	0.00553086425	-0.01266981200
0.03452384207	0.00547004595	-0.01257104971
0.03453373361	0.00540724671	-0.01246893196
0.03454375774	0.00534283400	-0.01236380778
0.03455384062	0.00527723152	-0.01225607268
0.03456410609	0.00520957234	-0.01214455194
0.03457446608	0.00514036663	-0.01202979834
0.03458491316	0.00506960113	-0.01191167847
0.03459543937	0.00499726410	-0.01179006062
0.03460603612	0.00492334620	-0.01166481425
0.03461669406	0.00484784140	-0.01153580960
0.03462740322	0.00477074627	-0.01140291848
0.03463815311	0.00469205956	-0.01126601481
0.03464893257	0.00461178336	-0.01112497408
0.03465972983	0.00452992297	-0.01097967370
0.03467050589	0.00444669490	-0.01083029373
0.03468125739	0.00436204768	-0.01067659296
0.03469201672	0.00427563443	-0.01051786167
0.03470267371	0.00418825875	-0.01035527777
0.03471332476	0.00409904359	-0.01018714370
0.03472384285	0.00400896638	-0.01001502179
0.03473431326	0.00391721286	-0.00983721093
0.03474464777	0.00382446404	-0.00965480850
0.03475485325	0.00373058304	-0.00946729918
0.03476492902	0.00363548957	-0.00927429986
0.03477484181	0.00353941389	-0.00907605334
0.03478457598	0.00344243340	-0.00887245124
0.03479411403	0.00334465282	-0.00866343358
0.03480344263	0.00324614467	-0.00844885529
0.03481255125	0.00314695876	-0.00822852084
0.03482142114	0.00304724527	-0.00800247851
0.03483003383	0.00294717107	-0.00777078196
0.03483838091	0.00284680343	-0.00753321599
0.03484645054	0.00274626265	-0.00728972505
0.03485423060	0.00264569141	-0.00704030124
0.03486171088	0.00254522851	-0.00678491712
0.03486888244	0.00244501762	-0.00652356520
0.03487572691	0.00234536700	-0.00625671243
0.03488225623	0.00224616877	-0.00598342795
0.03488845856	0.00214768091	-0.00570419274
0.03489432257	0.00205020153	-0.00541951809
0.03489985821	0.00195370699	-0.00512864121
0.03490506255	0.00185840857	-0.00483191862
0.03490993054	0.00176460295	-0.00452996410
0.03491447671	0.00167224111	-0.00422179581
0.03491869648	0.00158167958	-0.00390861809
0.03492260280	0.00149294592	-0.00358969057
0.03492620040	0.00140627159	-0.00326566401
0.03492949957	0.00132179181	-0.00293651124
0.03493251165	0.00123963859	-0.00260226940
0.03493524677	0.00116000311	-0.00226348797
0.03493771986	0.00108296121	-0.00191974610
0.03493994219	0.00100871893	-0.00157207418
0.03494193026	0.00093732794	-0.00121966351
0.03494369703	0.00086897167	-0.00086389351
0.03494525895	0.00080371079	-0.00050386199
0.03494663087	0.00074166366	-0.00014069045
0.03494782818	0.00068291982	0.00022582446
0.03494886646	0.00062754040	0.00059543886
0.03494976030	0.00057561151	0.00096730876
0.03495052403	0.00052720366	0.00134200401
0.03495117220	0.00048232324	0.00171873735
0.03495171774	0.00044102294	0.00209697666
0.03495217270	0.00040335735	0.00247705792
0.03495254918	0.00036929647	0.00285832844
0.03495285763	0.00033884693	0.00324048891
0.03495310758	0.00031200041	0.00362310275
0.03495330726	0.00028876594	0.00400615061
0.03495346427	0.00026909053	0.00438923111
0.03495358496	0.00025292773	0.00477200962
0.03495367453	0.00024023081	0.00515419417
0.03495373716	0.00023093813	0.00553549733
0.03495377601	0.00022498059	0.00591563685
0.03495379329	0.00022228014	0.00629433655
0.03495379038	0.00022273829	0.00667113485
0.03495376739	0.00022631667	0.00704608256
0.03495372426	0.00023288199	0.00741882332
0.03495366015	0.00024231366	0.00778901269
0.03495357363	0.00025448788	0.00815624112
0.03495346193	0.00026939354	0.00852081682
0.03495332379	0.00028675742	0.00888178371
0.03495315505	0.00030663667	0.00923971507
0.03495295435	0.00032871873	0.00959358566
0.03495271692	0.00035306320	0.00994392765
0.03495244057	0.00037943624	0.01029022338
0.03495212237	0.00040769547	0.01063216707
0.03495175848	0.00043778164	0.01096981874
0.03495134605	0.00046955636	0.01130302319
0.03495088257	0.00050287313	0.01163157558
0.03495036546	0.00053761334	0.01195535936
0.03494979242	0.00057365824	0.01227426937
0.03494916148	0.00061088931	0.01258821172
0.03494847151	0.00064916360	0.01289697336
0.03494772039	0.00068841394	0.01320060543
0.03494690689	0.00072854160	0.01349912603
0.03494603170	0.00076937778	0.01379228461
0.03494509472	0.00081081997	0.01407997973
0.03494409372	0.00085287062	0.01436252569
0.03494303324	0.00089526632	0.01463935552
0.03494190970	0.00093809419	0.01491097157
0.03494072700	0.00098115794	0.01517709497
0.03493948776	0.00102433833	0.01543753567
0.03493818965	0.00106769738	0.01569271806
0.03493683760	0.00111105929	0.01594240265
0.03493543364	0.00115436155	0.01618661140
0.03493398004	0.00119754444	0.01642537300
0.03493247925	0.00124055128	0.01665872251
0.03493093393	0.00128332724	0.01688670126
0.03492934690	0.00132582005	0.01710935637
0.03492772115	0.00136798005	0.01732674033
0.03492605973	0.00140976095	0.01753891051
0.03492436586	0.00145111799	0.01774592922
0.03492264574	0.00149194109	0.01794761121
0.03492089669	0.00153233436	0.01814439567
0.03491912349	0.00157222407	0.01833630617
0.03491733683	0.00161141633	0.01852289279
0.03491552618	0.00165018341	0.01870505442
0.03491370862	0.00168820154	0.01888206036
0.03491187404	0.00172572442	0.01905473635
0.03491004056	0.00176242507	0.01922229685
0.03490819412	0.00179862653	0.01938572749
0.03490634879	0.00183409052	0.01954456573
0.03490450791	0.00186879684	0.01969879528
0.03490266483	0.00190290866	0.01984897259
0.03490082848	0.00193629679	0.01999489885
0.03489900086	0.00196896246	0.02013666254
0.03489718524	0.00200088385	0.02027427328
0.03489538097	0.00203210753	0.02040793136
0.03489358899	0.00206264915	0.02053778229
0.03489181309	0.00209247540	0.02066383088
0.03489005483	0.00212159090	0.02078616704
0.03488831562	0.00215000171	0.02090488019
0.03488659682	0.00217771357	0.02102005973
0.03488489966	0.00220473341	0.02113179440
0.03488322788	0.00223102810	0.02124004442
0.03488157878	0.00225666470	0.02134504059
0.03487995259	0.00228166193	0.02144691235
0.03487835187	0.00230600196	0.02154568616
0.03487677742	0.00232969325	0.02164144728
0.03487523362	0.00235269084	0.02173411159
0.03487371981	0.00237502432	0.02182377358
0.03487222647	0.00239685107	0.02191093207
0.03487076163	0.00241806897	0.02199540672
0.03486931243	0.00243887780	0.02207786709
0.03486743601	0.00246555883	0.02217909239
0.03486632892	0.00248116537	0.02228261616
0.03486601908	0.00248551551	0.02238722467
0.03486651433	0.00247855853	0.02249169149
0.03486780214	0.00246037553	0.02259479184
0.03486985009	0.00243117847	0.02269531695
0.03487260703	0.00239130778	0.02279208826
0.03487600498	0.00234122849	0.02288397123
0.03487996155	0.00228152497	0.02296988860
0.03488438294	0.00221289421	0.02304883307
0.03488916721	0.00213613790	0.02311987909
0.03489420785	0.00205215316	0.02318219372
0.03489939735	0.00196192221	0.02323504636
0.03490463075	0.00186650100	0.02327781737
0.03490980894	0.00176700690	0.02331000530
0.03491513026	0.00684617255	-0.01602573026
0.03489473679	0.00694937004	-0.01580149029
0.03488799433	0.00698314051	-0.01570102734
0.03488370808	0.00700452074	-0.01561970672
0.03488050540	0.00702045178	-0.01554868742
0.03487819417	0.00703192514	-0.01548348183
0.03487651463	0.00704025053	-0.01542233636
0.03487515028	0.00704700594	-0.01536469654
0.03487439043	0.00705076535	-0.01530866389
0.03487389938	0.00705319376	-0.01525462808
0.03487362386	0.00705455591	-0.01520224039
0.03487379268	0.00705372129	-0.01515040335
0.03487421795	0.00705161842	-0.01509944426
0.03487476293	0.00704892267	-0.01504955823
0.03487561071	0.00704472695	-0.01499995812
0.03487674498	0.00703910927	-0.01495055396
0.03487809700	0.00703240709	-0.01490144413
0.03487966317	0.00702463500	-0.01485252880
0.03488144136	0.00701579993	-0.01480371677
0.03488343079	0.00700590156	-0.01475492501
0.03488562069	0.00699498884	-0.01470611297
0.03488803619	0.00698293138	-0.01465712543
0.03489068838	0.00696966743	-0.01460786395
0.03489352256	0.00695546428	-0.01455846075
0.03489658342	0.00694009119	-0.01450870057
0.03489987153	0.00692353717	-0.01445853117
0.03490338629	0.00690579654	-0.01440790349
0.03490713166	0.00688683957	-0.01435675643
0.03491111149	0.00686663632	-0.01430502666
0.03491529900	0.00684531198	-0.01425276566
0.03491958366	0.00682342120	-0.01420033533
0.03492426286	0.00679943113	-0.01414653725
0.03492917672	0.00677414303	-0.01409195921
0.03493410421	0.00674868603	-0.01403741285
0.03493951706	0.00672060620	-0.01398093936
0.03494496353	0.00669222863	-0.01392433928
0.03495079138	0.00666172515	-0.01386609741
0.03495669446	0.00663067965	-0.01380745031
0.03496300720	0.00659731213	-0.01374689014
0.03496934419	0.00656363975	-0.01368603906
0.03497604828	0.00652782095	-0.01362328507
0.03498298637	0.00649053655	-0.01355917003
0.03499009375	0.00645211125	-0.01349391090
0.03499739412	0.00641239461	-0.01342730459
0.03500498064	0.00637085007	-0.01335881485
0.03501277896	0.00632785190	-0.01328872190
0.03502078998	0.00628336449	-0.01321692422
0.03502901408	0.00623735303	-0.01314331864
0.03503745105	0.00618978383	-0.01306780014
0.03504610047	0.00614062229	-0.01299026439
0.03505496123	0.00608983524	-0.01291060522
0.03506395120	0.00603785774	-0.01282916351
0.03507318976	0.00598395857	-0.01274511929
0.03508264844	0.00592825256	-0.01265852531
0.03509223447	0.00587124179	-0.01256981242
0.03510199793	0.00581258473	-0.01247852634
0.03511197819	0.00575198986	-0.01238426737
0.03512204501	0.00569019808	-0.01228776097
0.03513232350	0.00562638834	-0.01218798626
0.03514274531	0.00556092187	-0.01208527470
0.03515323593	0.00549421545	-0.01198000172
0.03516392118	0.00542540756	-0.01187104080
0.03517471194	0.00535500139	-0.01175891862
0.03518560093	0.00528298092	-0.01164350475
0.03519658029	0.00520933162	-0.01152467038
0.03520764150	0.00513404129	-0.01140228787
0.03521877526	0.00505710090	-0.01127623028
0.03522997159	0.00497850396	-0.01114637214
0.03524121997	0.00489824610	-0.01101259008
0.03525250916	0.00481632620	-0.01087476219
0.03526382726	0.00473274626	-0.01073276840
0.03527513444	0.00464771880	-0.01058677844
0.03528642739	0.00456118869	-0.01043655817
0.03529773947	0.00447280544	-0.01028142436
0.03530895736	0.00438336976	-0.01012250417
0.03532018050	0.00429199832	-0.00995816580
0.03533127776	0.00419966806	-0.00978990606
0.03534233734	0.00410555612	-0.00961608882
0.03535326781	0.00401034348	-0.00943776522
0.03536407625	0.00391388698	-0.00925443700
0.03537476184	0.00381610069	-0.00906573335
0.03538528978	0.00371721228	-0.00887188476
0.03539564354	0.00361729437	-0.00867278394
0.03540580460	0.00351644711	-0.00846837009
0.03541575872	0.00341473777	-0.00825850052
0.03542549451	0.00331221053	-0.00804298413
0.03543499178	0.00320901196	-0.00782186449
0.03544423056	0.00310530515	-0.00759519000
0.03545320144	0.00300115102	-0.00736275033
0.03546189124	0.00289666525	-0.00712448908
0.03547028633	0.00279198636	-0.00688039569
0.03547837502	0.00268724875	-0.00663044080
0.03548614685	0.00258259203	-0.00637461444
0.03549358111	0.00247832607	-0.00611336348
0.03550068977	0.00237432645	-0.00584578748
0.03550745865	0.00227085452	-0.00557234831
0.03551387416	0.00216821166	-0.00529353638
0.03551994597	0.00206635876	-0.00500861291
0.03552566920	0.00196550949	-0.00471792027
0.03553103669	0.00186596664	-0.00442204863
0.03553606301	0.00176766114	-0.00412004765
0.03554074095	0.00167096750	-0.00381307946
0.03554508335	0.00157589642	-0.00350042656
0.03554909330	0.00148268861	-0.00318271692
0.03555278042	0.00139147569	-0.00285992297
0.03555615539	0.00130238771	-0.00253207970
0.03555922746	0.00121562426	-0.00219971804
0.03556201166	0.00113124995	-0.00186243012
0.03556451841	0.00104949052	-0.00152121340
0.03556676493	0.00097037762	-0.00117528444
0.03556876358	0.00089412378	-0.00082598014
0.03557053193	0.00082076681	-0.00047242633
0.03557208491	0.00075045008	-0.00011571139
0.03557343898	0.00068325639	0.00024436121
0.03557461071	0.00061925190	0.00060755318
0.03557561567	0.00055854223	0.00097304445
0.03557646998	0.00050118222	0.00134138648
0.03557718951	0.00044719853	0.00171181210
0.03557778891	0.00039665662	0.00208380288
0.03557828240	0.00034960143	0.00245768277
0.03557868394	0.00030602103	0.00283281414
0.03557900619	0.00026593005	0.00320890319
0.03557926091	0.00022933220	0.00358552250
0.03557945884	0.00019623703	0.00396264996
0.03557960994	0.00016660385	0.00433989119
0.03557972300	0.00014039655	0.00471691668
0.03557980573	0.00011757766	0.00509343838
0.03557986477	0.00009809503	0.00546917228
0.03557990576	0.00008188913	0.00584383922
0.03557993330	0.00006889155	0.00621716576
0.03557995105	0.00005901912	0.00658869804
0.03557996166	0.00005223305	0.00695848110
0.03557996706	0.00004841340	0.00732616240
0.03557996836	0.00004745232	0.00769140138
0.03557996593	0.00004924064	0.00805379429
0.03557995939	0.00005375884	0.00841363705
0.03557994811	0.00006076772	0.00876999168
0.03557993054	0.00007030665	0.00912341342
0.03557990528	0.00008210030	0.00947289627
0.03557986997	0.00009619144	0.00981895593
0.03557982256	0.00011236708	0.01016108132
0.03557976069	0.00013049728	0.01049896963
0.03557968160	0.00015052251	0.01083267549
0.03557958275	0.00017231243	0.01116204255
0.03557946163	0.00019573024	0.01148686625
0.03557931573	0.00022066377	0.01180702857
0.03557914264	0.00024700038	0.01212242268
0.03557894012	0.00027462737	0.01243295285
0.03557870629	0.00030341173	0.01273840710
0.03557843898	0.00033328652	0.01303883216
0.03557813642	0.00036415504	0.01333424187
0.03557779778	0.00039586035	0.01362438755
0.03557742197	0.00042830560	0.01390916719
0.03557700708	0.00046148387	0.01418888534
0.03557655437	0.00049515558	0.01446298391
0.03557606141	0.00052939059	0.01473195258
0.03557552947	0.00056400619	0.01499551496
0.03557495929	0.00059889200	0.01525348314
0.03557434922	0.00063409574	0.01550627078
0.03557370141	0.00066945354	0.01575364058
0.03557301661	0.00070490398	0.01599561228
0.03557229576	0.00074038814	0.01623221237
0.03557153999	0.00077584990	0.01646347364
0.03557075060	0.00081123474	0.01668943514
0.03556992907	0.00084649050	0.01691014165
0.03556907700	0.00088156737	0.01712564336
0.03556819614	0.00091641873	0.01733599529
0.03556728835	0.00095099926	0.01754125745
0.03556635722	0.00098520760	0.01774124766
0.03556540131	0.00101913192	0.01793639612
0.03556442356	0.00105269992	0.01812672450
0.03556343031	0.00108573679	0.01831179151
0.03556241558	0.00111848031	0.01849247848
0.03556138963	0.00115063788	0.01866806792
0.03556034668	0.00118243142	0.01883936973
0.03555929773	0.00121356690	0.01900561314
0.03555823457	0.00124432881	0.01916776531
0.03555716595	0.00127449964	0.01932537157
0.03555609408	0.00130406047	0.01947841674
0.03555501515	0.00133315329	0.01962744685
0.03555393488	0.00136165871	0.01977226642
0.03555285474	0.00138957546	0.01991296263
0.03555177696	0.00141688226	0.02004954542
0.03555070134	0.00144361855	0.02018221181
0.03554962871	0.00146979533	0.02031110474
0.03554856168	0.00149538031	0.02043622920
0.03554750144	0.00152037548	0.02055767383
0.03554644907	0.00154478424	0.02067552688
0.03554540566	0.00156860969	0.02078987652
0.03554437219	0.00159185610	0.02090081035
0.03554335118	0.00161449273	0.02100829003
0.03554234112	0.00163657798	0.02111254277
0.03554134236	0.00165812635	0.02121369595
0.03554035673	0.00167911991	0.02131177597
0.03553938492	0.00169956454	0.02140686700
0.03553842986	0.00171941933	0.02149888725
0.03553749127	0.00173871042	0.02158793049
0.03553656324	0.00175757583	0.02167448661
0.03553565113	0.00177592197	0.02175837872
0.03553474695	0.00179392287	0.02184026365
0.03553357005	0.00181708536	0.02194062838
0.03553294464	0.00182927441	0.02204291232
0.03553288938	0.00183034768	0.02214591626
0.03553340590	0.00182029265	0.02224843258
0.03553447879	0.00179922672	0.02234925937
0.03553607620	0.00176739590	0.02244721453
0.03553815107	0.00172517199	0.02254114963
0.03554064306	0.00167304831	0.02262996336
0.03554348092	0.00161163408	0.02271261446
0.03554658526	0.00154164737	0.02278813393
0.03554987168	0.00146390687	0.02285563636
0.03555325400	0.00137932236	0.02291433035
0.03555664744	0.00128888420	0.02296352777
0.03555997181	0.00119365176	0.02300265182
0.03556315428	0.00109474104	0.02303124382
0.03544735053	0.00709280201	-0.01568171338
0.03542745937	0.00719149656	-0.01545981524
0.03542096366	0.00722342258	-0.01536053402
0.03541688275	0.00724340500	-0.01528024175
0.03541386588	0.00725814049	-0.01521014264
0.03541172786	0.00726856449	-0.01514581926
0.03541021322	0.00727593980	-0.01508552796
0.03540900902	0.00728179787	-0.01502869563
0.03540840420	0.00728473831	-0.01497348797
0.03540806567	0.00728638354	-0.01492025532
0.03540794120	0.00728698842	-0.01486865077
0.03540825878	0.00728544509	-0.01481761981
0.03540883193	0.00728265893	-0.01476746530
0.03540952508	0.00727928801	-0.01471836545
0.03541052059	0.00727444372	-0.01466956593
0.03541180250	0.00726820088	-0.01462097677
0.03541330264	0.00726088809	-0.01457268761
0.03541501769	0.00725251831	-0.01452460009
0.03541694572	0.00724309711	-0.01447662442
0.03541908617	0.00723262298	-0.01442867896
0.03542142851	0.00722114272	-0.01438072272
0.03542399792	0.00720852767	-0.01433260586
0.03542680562	0.00719471638	-0.01428423283
0.03542979735	0.00717996934	-0.01423572754
0.03543301777	0.00716405970	-0.01418688336
0.03543646764	0.00714697569	-0.01413764896
0.03544014650	0.00712871068	-0.01408797604
0.03544405852	0.00710923454	-0.01403780497
0.03544820769	0.00708851690	-0.01398707394
0.03545256753	0.00706667926	-0.01393583042
0.03545702821	0.00704426365	-0.01388441720
0.03546188610	0.00701976742	-0.01383169154
0.03546698211	0.00699397454	-0.01377821214
0.03547209627	0.00696799011	-0.01372475005
0.03547769888	0.00693940790	-0.01366943772
0.03548333987	0.00691050588	-0.01361398914
0.03548936620	0.00687949029	-0.01355695869
0.03549547277	0.00684791302	-0.01349952313
0.03550199345	0.00681402681	-0.01344024357
0.03550854387	0.00677980917	-0.01338066446
0.03551546652	0.00674345150	-0.01331924689
0.03552262873	0.00670562063	-0.01325650600
0.03552996615	0.00666663375	-0.01319264659
0.03553750271	0.00662634144	-0.01312747265
0.03554533179	0.00658421506	-0.01306047066
0.03555337932	0.00654062068	-0.01299190600
0.03556164647	0.00649552154	-0.01292167958
0.03557013390	0.00644888162	-0.01284969068
0.03557884168	0.00640066594	-0.01277583677
0.03558776966	0.00635083858	-0.01270001599
0.03559691701	0.00629936499	-0.01262212468
0.03560620167	0.00624667132	-0.01254248569
0.03561574366	0.00619203548	-0.01246031344
0.03562551470	0.00613556862	-0.01237565624
0.03563542189	0.00607776331	-0.01228892307
0.03564551582	0.00601828062	-0.01219967723
0.03565583636	0.00595683080	-0.01210753434
0.03566625271	0.00589414265	-0.01201318527
0.03567689110	0.00582940319	-0.01191565139
0.03568768292	0.00576296692	-0.01181524733
0.03569855327	0.00569524316	-0.01171232928
0.03570962934	0.00562537754	-0.01160581711
0.03572082136	0.00555386547	-0.01149621244
0.03573212217	0.00548068840	-0.01138338775
0.03574352403	0.00540582925	-0.01126721712
0.03575501850	0.00532927315	-0.01114757572
0.03576659631	0.00525100832	-0.01102433939
0.03577824752	0.00517102545	-0.01089738538
0.03578996157	0.00508931729	-0.01076659298
0.03580172717	0.00500587974	-0.01063184285
0.03581353230	0.00492071175	-0.01049301744
0.03582533650	0.00483402159	-0.01035027658
0.03583713644	0.00474575092	-0.01020339304
0.03584896628	0.00465554687	-0.01005170931
0.03586071011	0.00456420534	-0.00989630355
0.03587246985	0.00447083964	-0.00973560771
0.03588411092	0.00437642363	-0.00957105525
0.03589572394	0.00428012882	-0.00940107313
0.03590721474	0.00418263432	-0.00922666775
0.03591859053	0.00408379168	-0.00904735760
0.03592985037	0.00398351007	-0.00886278389
0.03594095805	0.00388201420	-0.00867316531
0.03595189628	0.00377937219	-0.00847839581
0.03596264559	0.00367567980	-0.00827841392
0.03597319090	0.00357099939	-0.00807307948
0.03598351999	0.00346536998	-0.00786220589
0.03599361137	0.00335893448	-0.00764583226
0.03600344369	0.00325185221	-0.00742400212
0.03601300658	0.00314417823	-0.00719651009
0.03602228560	0.00303602380	-0.00696329915
0.03603126569	0.00292752337	-0.00672435638
0.03603993377	0.00281880711	-0.00647965076
0.03604827794	0.00271001068	-0.00622917011
0.03605627526	0.00260144470	-0.00597334190
0.03606393766	0.00249297021	-0.00571129582
0.03607124874	0.00238485101	-0.00544347520
0.03607819273	0.00227739090	-0.00517035017
0.03608477892	0.00217053689	-0.00489120588
0.03609100056	0.00206450446	-0.00460637106
0.03609684837	0.00195960135	-0.00431641284
0.03610233686	0.00185574060	-0.00402041230
0.03610745624	0.00175331230	-0.00371949011
0.03611221906	0.00165231195	-0.00341295173
0.03611662674	0.00155298831	-0.00310140282
0.03612068809	0.00145546959	-0.00278481569
0.03612441302	0.00135988388	-0.00246322350
0.03612780971	0.00126643821	-0.00213713905
0.03613089309	0.00117518698	-0.00180616762
0.03613367256	0.00108637356	-0.00147127419
0.03613616578	0.00100001150	-0.00113170074
0.03613838433	0.00091633957	-0.00078874201
0.03614034655	0.00083537485	-0.00044155206
0.03614206720	0.00075728345	-0.00009118636
0.03614356350	0.00068214203	0.00026254454
0.03614485266	0.00061002141	0.00061940778
0.03614595095	0.00054104503	0.00097860703
0.03614687586	0.00047525348	0.00134067518
0.03614764426	0.00041269214	0.00170486510
0.03614827218	0.00035343821	0.00207067195
0.03614877560	0.00029752792	0.00243840748
0.03614917000	0.00024496610	0.00280744917
0.03614946987	0.00019577492	0.00317750869
0.03614968892	0.00014996926	0.00354816780
0.03614983999	0.00010755937	0.00391940160
0.03614993507	0.00006851607	0.00429082275
0.03614998511	0.00003281303	0.00466210701
0.03615000000	0.00000042152	0.00503297032
0.03614998861	-0.00002870162	0.00540313219
0.03614995876	-0.00005460686	0.00577231671
0.03614991724	-0.00007735343	0.00614025332
0.03614986983	-0.00009701009	0.00650649613
0.03614982146	-0.00011361582	0.00687108443
0.03614977594	-0.00012727789	0.00723366980
0.03614973624	-0.00013809208	0.00759391583
0.03614970455	-0.00014615377	0.00795142485
0.03614968258	-0.00015149008	0.00830648043
0.03614967066	-0.00015430826	0.00865816342
0.03614966948	-0.00015458534	0.00900701073
0.03614967808	-0.00015256168	0.00935203647
0.03614969618	-0.00014821005	0.00969373954
0.03614972219	-0.00014172368	0.01003161606
0.03614975453	-0.00013322073	0.01036536655
0.03614979156	-0.00012276081	0.01069504028
0.03614983122	-0.00011046652	0.01102048010
0.03614987129	-0.00009646536	0.01134148204
0.03614990956	-0.00008086331	0.01165792690
0.03614994376	-0.00006376709	0.01196970642
0.03614997164	-0.00004528378	0.01227672329
0.03614999098	-0.00002553688	0.01257876697
0.03614999971	-0.00000459299	0.01287587985
0.03614999579	0.00001745330	0.01316807176
0.03614997736	0.00004045634	0.01345509627
0.03614994277	0.00006432474	0.01373685108
0.03614989034	0.00008904290	0.01401363088
0.03614981900	0.00011439383	0.01428488717
0.03614972723	0.00014043126	0.01455109665
0.03614961433	0.00016698539	0.01481198590
0.03614947969	0.00019395432	0.01506736949
0.03614932218	0.00022137239	0.01531765007
0.03614914184	0.00024908714	0.01556259302
0.03614893843	0.00027703825	0.01580221599
0.03614871191	0.00030516768	0.01603654338
0.03614846236	0.00033341990	0.01626560587
0.03614819005	0.00036174084	0.01648944031
0.03614789536	0.00039007847	0.01670808930
0.03614757884	0.00041838298	0.01692160079
0.03614724114	0.00044660750	0.01713002761
0.03614688305	0.00047470627	0.01733342750
0.03614650615	0.00050258624	0.01753162177
0.03614610989	0.00053032055	0.01772503117
0.03614569568	0.00055783840	0.01791367569
0.03614526656	0.00058498299	0.01809712329
0.03614481990	0.00061195961	0.01827623685
0.03614436071	0.00063850515	0.01845031309
0.03614388642	0.00066481156	0.01862014521
0.03614340257	0.00069061600	0.01878497828
0.03614290533	0.00071616654	0.01894575991
0.03614239928	0.00074126541	0.01910204406
0.03614188574	0.00076589485	0.01925381673
0.03614136301	0.00079017688	0.01940161299
0.03614083427	0.00081400145	0.01954524108
0.03614030050	0.00083736493	0.01968478686
0.03613976309	0.00086024656	0.01982026068
0.03613922215	0.00088267904	0.01995185615
0.03613867836	0.00090466902	0.02007971359
0.03613813334	0.00092618518	0.02020383822
0.03613758792	0.00094722702	0.02032431745
0.03613704293	0.00096779546	0.02044123830
0.03613649916	0.00098789109	0.02055468773
0.03613595733	0.00100751570	0.02066475216
0.03613541903	0.00102664076	0.02077139481
0.03613488361	0.00104531650	0.02087483908
0.03613435144	0.00106355341	0.02097521027
0.03613382374	0.00108133352	0.02107253472
0.03613330106	0.00109866022	0.02116689552
0.03613278522	0.00111549645	0.02125821338
0.03613227617	0.00113186505	0.02134658123
0.03613177076	0.00114788569	0.02143247956
0.03613127220	0.00116347294	0.02151573522
0.03613077616	0.00117877642	0.02159699163
0.03613012550	0.00119855373	0.02169637769
0.03612982844	0.00120747528	0.02179732060
0.03612989652	0.00120543674	0.02189863690
0.03613032707	0.00119246193	0.02199913875
0.03613110342	0.00116870261	0.02209764786
0.03613219553	0.00113443665	0.02219300931
0.03613356139	0.00109006489	0.02228410505
0.03613514886	0.00103610652	0.02236986709
0.03613689798	0.00097319304	0.02244928993
0.03613874356	0.00090206103	0.02252144242
0.03614061809	0.00082354351	0.02258547864
0.03614245466	0.00073856034	0.02264064781
0.03614418981	0.00064810743	0.02268630314
0.03614576628	0.00055324511	0.02272190935
0.03614713539	0.00045508569	0.02274704900
0.03599132155	0.00732923412	-0.01533659804
0.03597198970	0.00742353398	-0.01511722802
0.03596575882	0.00745366301	-0.01501920079
0.03596189426	0.00747228619	-0.01493998991
0.03595907139	0.00748585899	-0.01487085490
0.03595711223	0.00749526384	-0.01480745116
0.03595576642	0.00750171722	-0.01474804691
0.03595472570	0.00750670365	-0.01469205217
0.03595427738	0.00750885064	-0.01463769613
0.03595409231	0.00750973676	-0.01458529125
0.03595411939	0.00750960711	-0.01453449284
0.03595458490	0.00750737800	-0.01448428868
0.03595530450	0.00750393084	-0.01443495796
0.03595614429	0.00749990584	-0.01438666258
0.03595728520	0.00749443402	-0.01433868039
0.03595871161	0.00748758702	-0.01429092159
0.03596035627	0.00747968427	-0.01424346735
0.03596221609	0.00747073716	-0.01419622081
0.03596428938	0.00746074991	-0.01414909366
0.03596657577	0.00744971993	-0.01410200565
0.03596906505	0.00743769180	-0.01405491546
0.03597178233	0.00742453879	-0.01400767853
0.03597473889	0.00741019985	-0.01396020216
0.03597788118	0.00739492838	-0.01391260220
0.03598125363	0.00737850168	-0.01386468047
0.03598485716	0.00736090724	-0.01381638659
0.03598869151	0.00734213750	-0.01376767303
0.03599276099	0.00732216199	-0.01371848159
0.03599706975	0.00730094992	-0.01366875200
0.03600159171	0.00727861896	-0.01361852783
0.03600621819	0.00725569787	-0.01356813314
0.03601124331	0.00723071610	-0.01351647983
0.03601650946	0.00720443932	-0.01346409807
0.03602179860	0.00717794719	-0.01341171912
0.03602757767	0.00714888434	-0.01335756504
0.03603340013	0.00711947857	-0.01330326484
0.03603961069	0.00708797298	-0.01324744130
0.03604590659	0.00705588535	-0.01319121238
0.03605261970	0.00702150358	-0.01313320707
0.03605936836	0.00698676275	-0.01307489337
0.03606649319	0.00694988985	-0.01301480433
0.03607386256	0.00691153675	-0.01295342883
0.03608141269	0.00687201266	-0.01289095969
0.03608916768	0.00683116945	-0.01282720793
0.03609722069	0.00678848721	-0.01276168246
0.03610549825	0.00674432326	-0.01269463406
0.03611400178	0.00669863980	-0.01262596606
0.03612273221	0.00665139965	-0.01255558021
0.03613168988	0.00660256664	-0.01248337645
0.03614087489	0.00655210365	-0.01240925542
0.03615028669	0.00649997478	-0.01233311596
0.03615984363	0.00644659668	-0.01225526316
0.03616966583	0.00639125761	-0.01217494543
0.03617972529	0.00633406488	-0.01209220679
0.03618992940	0.00627550076	-0.01200743458
0.03620032902	0.00621522958	-0.01192020959
0.03621096429	0.00615296391	-0.01183016260
0.03622170446	0.00608941920	-0.01173795029
0.03623267625	0.00602379212	-0.01164263593
0.03624381111	0.00595642984	-0.01154451754
0.03625503406	0.00588773346	-0.01144393225
0.03626647306	0.00581685758	-0.01133984602
0.03627803806	0.00574428885	-0.01123273565
0.03628972207	0.00567000636	-0.01112247656
0.03630151745	0.00559399058	-0.01100894574
0.03631341586	0.00551622412	-0.01089202125
0.03632540810	0.00543669260	-0.01077158172
0.03633748426	0.00535538399	-0.01064750719
0.03634963378	0.00527228831	-0.01051967964
0.03636184533	0.00518739859	-0.01038798239
0.03637410684	0.00510071090	-0.01025230045
0.03638637735	0.00501242889	-0.01011278387
0.03639865353	0.00492249133	-0.00996921239
0.03641097011	0.00483054402	-0.00982095426
0.03642320918	0.00473737614	-0.00966903878
0.03643547454	0.00464210028	-0.00951196173
0.03644762888	0.00454568468	-0.00935109330
0.03645976470	0.00444729783	-0.00918492372
0.03647178556	0.00434761525	-0.00901441468
0.03648369875	0.00424648389	-0.00883910158
0.03649550315	0.00414380859	-0.00865863781
0.03650716135	0.00403981070	-0.00847323038
0.03651865531	0.00393455394	-0.00828277458
0.03652996473	0.00382812972	-0.00808720850
0.03654107371	0.00372059568	-0.00788639462
0.03655196927	0.00361198591	-0.00768015105
0.03656262869	0.00350243960	-0.00746851262
0.03657302934	0.00339211214	-0.00725151811
0.03658315994	0.00328105303	-0.00702896734
0.03659300478	0.00316936917	-0.00680080287
0.03660254750	0.00305719091	-0.00656700959
0.03661177366	0.00294464420	-0.00632755505
0.03662066991	0.00283186073	-0.00608242503
0.03662921125	0.00271915117	-0.00583202765
0.03663740943	0.00260636337	-0.00557552330
0.03664524589	0.00249376289	-0.00531333678
0.03665270275	0.00238165510	-0.00504591796
0.03665978882	0.00226997434	-0.00477257648
0.03666649546	0.00215893732	-0.00449362743
0.03667281131	0.00204885585	-0.00420961490
0.03667875064	0.00193962655	-0.00391965209
0.03668430109	0.00183165332	-0.00362481780
0.03668947477	0.00172491762	-0.00332444109
0.03669427138	0.00161967528	-0.00301910516
0.03669869873	0.00151605120	-0.00270878245
0.03670276582	0.00141417155	-0.00239350451
0.03670647963	0.00131425004	-0.00207376586
0.03670985478	0.00121633152	-0.00174918547
0.03671289945	0.00112067564	-0.00142069533
0.03671563152	0.00102727902	-0.00108756364
0.03671806158	0.00093640487	-0.00075104219
0.03672020846	0.00084805091	-0.00041031417
0.03672208653	0.00076240449	-0.00006640147
0.03672371346	0.00067953657	0.00028087791
0.03672510685	0.00059952240	0.00063129654
0.03672628339	0.00052250223	0.00098408241
0.03672726160	0.00044850332	0.00133974903
0.03672805912	0.00037758884	0.00169756996
0.03672869307	0.00030984717	0.00205705420
0.03672918083	0.00024530643	0.00241850081
0.03672953918	0.00018398753	0.00278130288
0.03672978416	0.00012591993	0.00314517769
0.03672993113	0.00007112928	0.00350971649
0.03672999476	0.00001962665	0.00387489142
0.03672998886	-0.00002860592	0.00424032252
0.03672992629	-0.00007358527	0.00460569104
0.03672981893	-0.00011533159	0.00497071715
0.03672967766	-0.00015387922	0.00533512408
0.03672951234	-0.00018926974	0.00569863941
0.03672933179	-0.00022155339	0.00606099569
0.03672914384	-0.00025078497	0.00642175545
0.03672895546	-0.00027700333	0.00678095212
0.03672877234	-0.00030030339	0.00713824178
0.03672859931	-0.00032076911	0.00749329256
0.03672844034	-0.00033848243	0.00784571335
0.03672829908	-0.00035347747	0.00819577490
0.03672817712	-0.00036593063	0.00854257817
0.03672807711	-0.00037583440	0.00888664091
0.03672799897	-0.00038339534	0.00922699876
0.03672794426	-0.00038860092	0.00956413306
0.03672791213	-0.00039162509	0.00989754787
0.03672790200	-0.00039257449	0.01022694747
0.03672791338	-0.00039150858	0.01055237572
0.03672794488	-0.00038854228	0.01087367492
0.03672799480	-0.00038379395	0.01119064201
0.03672806144	-0.00037736334	0.01150315683
0.03672814288	-0.00036935129	0.01181110992
0.03672823711	-0.00035985926	0.01211440254
0.03672834189	-0.00034900141	0.01241282602
0.03672845540	-0.00033684381	0.01270641838
0.03672857554	-0.00032347886	0.01299518545
0.03672869986	-0.00030904109	0.01327888359
0.03672882641	-0.00029361648	0.01355741039
0.03672895376	-0.00027722885	0.01383105030
0.03672907924	-0.00026007324	0.01409926540
0.03672920203	-0.00024211136	0.01436251869
0.03672932000	-0.00022350034	0.01462054029
0.03672943163	-0.00020433381	0.01487314762
0.03672953616	-0.00018459023	0.01512073178
0.03672963203	-0.00016441089	0.01536306129
0.03672971829	-0.00014385494	0.01560015184
0.03672979412	-0.00012297948	0.01583202576
0.03672985882	-0.00010183934	0.01605871168
0.03672991181	-0.00008048813	0.01628024432
0.03672995265	-0.00005897759	0.01649666410
0.03672998100	-0.00003735750	0.01670801681
0.03672999666	-0.00001567489	0.01691435308
0.03672999951	0.00000602416	0.01711572844
0.03672998959	0.00002765467	0.01731196805
0.03672996695	0.00004927528	0.01750348264
0.03672993173	0.00007081668	0.01769029060
0.03672988443	0.00009213964	0.01787197003
0.03672982489	0.00011341790	0.01804936390
0.03672975404	0.00013441708	0.01822178457
0.03672967168	0.00015530000	0.01839000721
0.03672957912	0.00017583419	0.01855329421
0.03672947580	0.00019623234	0.01871257205
0.03672936301	0.00021631589	0.01886740424
0.03672924137	0.00023606824	0.01901777808
0.03672911070	0.00025559199	0.01916421684
0.03672897211	0.00027478620	0.01930653298
0.03672882618	0.00029364497	0.01944481095
0.03672867359	0.00031214804	0.01957906164
0.03672851464	0.00033032155	0.01970947496
0.03672834980	0.00034816791	0.01983618847
0.03672817985	0.00036565676	0.01995920778
0.03672800533	0.00038278520	0.02007861895
0.03672782676	0.00039955171	0.02019450775
0.03672764466	0.00041595443	0.02030695988
0.03672745951	0.00043199272	0.02041606050
0.03672727213	0.00044764022	0.02052177455
0.03672708248	0.00046293914	0.02062432133
0.03672689090	0.00047789612	0.02072382390
0.03672669806	0.00049249308	0.02082030861
0.03672650438	0.00050673105	0.02091385741
0.03672631073	0.00052057664	0.02100439373
0.03672611729	0.00053404945	0.02109200959
0.03672592294	0.00054725130	0.02117717525
0.03672572917	0.00056010466	0.02125972176
0.03672553436	0.00057273545	0.02134027808
0.03672527456	0.00058915906	0.02143854035
0.03672518260	0.00059486368	0.02153800254
0.03672526455	0.00058978250	0.02163749853
0.03672551501	0.00057397502	0.02173586182
0.03672591735	0.00054762637	0.02183193921
0.03672644460	0.00051104512	0.02192460426
0.03672706075	0.00046465978	0.02201277057
0.03672772260	0.00040901377	0.02209540446
0.03672838196	0.00034475913	0.02217153713
0.03672898804	0.00027264896	0.02224027599
0.03672949015	0.00019352858	0.02230081514
0.03672984026	0.00010832572	0.02235244482
0.03672999557	0.00001803959	0.02239455971
0.03672992081	-0.00007627080	0.02242666606
0.03672959022	-0.00017349911	0.02244838745
0.03652838390	0.00754765988	-0.01500261224
0.03650963819	0.00763782164	-0.01478585382
0.03650367700	0.00766626150	-0.01468910343
0.03650002940	0.00768360942	-0.01461098507
0.03649739962	0.00769609126	-0.01454282102
0.03649561682	0.00770454107	-0.01448033933
0.03649443622	0.00771013132	-0.01442182151
0.03649355508	0.00771430083	-0.01436666293
0.03649325799	0.00771570614	-0.01431315331
0.03649322073	0.00771588238	-0.01426157005
0.03649339347	0.00771506535	-0.01421157095
0.03649399996	0.00771219601	-0.01416218386
0.03649485857	0.00770813194	-0.01411366593
0.03649583750	0.00770349563	-0.01406616387
0.03649711561	0.00769743804	-0.01401898604
0.03649867769	0.00769002775	-0.01397204283
0.03650045759	0.00768157509	-0.01392540757
0.03650245246	0.00767208997	-0.01387898491
0.03650466083	0.00766157539	-0.01383268797
0.03650708254	0.00765002772	-0.01378643791
0.03650970769	0.00763748940	-0.01374019310
0.03651256125	0.00762383571	-0.01369381404
0.03651565454	0.00760900609	-0.01364721075
0.03651893485	0.00759324681	-0.01360049151
0.03652244625	0.00757633949	-0.01355346617
0.03652618980	0.00755827087	-0.01350608524
0.03653016546	0.00753903255	-0.01345830193
0.03653437762	0.00751859373	-0.01341005948
0.03653883060	0.00749692328	-0.01336129904
0.03654349881	0.00747413506	-0.01331206056
0.03654827504	0.00745074439	-0.01326265040
0.03655345018	0.00742531344	-0.01321203215
0.03655886864	0.00739858930	-0.01316070901
0.03656431502	0.00737162580	-0.01310937464
0.03657025131	0.00734211952	-0.01305633590
0.03657623603	0.00731224711	-0.01300314141
0.03658261043	0.00728028942	-0.01294847870
0.03658907512	0.00724772943	-0.01289341013
0.03659595881	0.00721289113	-0.01283662895
0.03660288387	0.00717766622	-0.01277953080
0.03661018785	0.00714031830	-0.01272071692
0.03661774058	0.00710148397	-0.01266065135
0.03662547912	0.00706146436	-0.01259951559
0.03663342758	0.00702011282	-0.01253712734
0.03664167856	0.00697691855	-0.01247301682
0.03665015945	0.00693222998	-0.01240742100
0.03665887190	0.00688600836	-0.01234024555
0.03666781707	0.00683821550	-0.01227139459
0.03667699555	0.00678881414	-0.01220077044
0.03668640768	0.00673776606	-0.01212827615
0.03669605316	0.00668503421	-0.01205381301
0.03670585106	0.00663102543	-0.01197766921
0.03671592108	0.00657503912	-0.01189912562
0.03672623560	0.00651717874	-0.01181822213
0.03673670266	0.00645791591	-0.01173532557
0.03674737312	0.00639691869	-0.01165003340
0.03675828723	0.00633390244	-0.01156199094
0.03676931480	0.00626956852	-0.01147182230
0.03678058248	0.00620312442	-0.01137863076
0.03679202202	0.00613490960	-0.01128269851
0.03680355871	0.00606531667	-0.01118434459
0.03681532062	0.00599351044	-0.01108257900
0.03682721786	0.00591996828	-0.01097785486
0.03683924356	0.00584466712	-0.01087005047
0.03685139022	0.00576758519	-0.01075904568
0.03686364958	0.00568870281	-0.01064472133
0.03687601253	0.00560800318	-0.01052695884
0.03688846922	0.00552547182	-0.01040564092
0.03690100910	0.00544109618	-0.01028065225
0.03691362082	0.00535486673	-0.01015187871
0.03692629229	0.00526677680	-0.01001920787
0.03693898224	0.00517702531	-0.00988278046
0.03695168732	0.00508554853	-0.00974238300
0.03696444259	0.00499199198	-0.00959740857
0.03697712879	0.00489713658	-0.00944883957
0.03698985094	0.00480009660	-0.00929523327
0.03700246978	0.00470183263	-0.00913789909
0.03701507911	0.00460151261	-0.00897538824
0.03702758076	0.00449980696	-0.00880861949
0.03703998204	0.00439655894	-0.00863714463
0.03705228159	0.00429166971	-0.00846062893
0.03706444101	0.00418535696	-0.00827926823
0.03707644162	0.00407768031	-0.00809295930
0.03708826237	0.00396872704	-0.00790163988
0.03709988664	0.00385855037	-0.00770517521
0.03711130074	0.00374717992	-0.00750338807
0.03712248084	0.00363475118	-0.00729630933
0.03713340318	0.00352141563	-0.00708397335
0.03714405561	0.00340721771	-0.00686618514
0.03715442131	0.00329226013	-0.00664288706
0.03716448267	0.00317666933	-0.00641406204
0.03717422398	0.00306056718	-0.00617967644
0.03718363059	0.00294408156	-0.00593971429
0.03719267558	0.00282752245	-0.00569456508
0.03720137044	0.00271072634	-0.00544341931
0.03720969460	0.00259395980	-0.00518668391
0.03721762822	0.00247752900	-0.00492478926
0.03722517955	0.00236135710	-0.00465706910
0.03723233815	0.00224566157	-0.00438382546
0.03723909067	0.00213075724	-0.00410558012
0.03724545102	0.00201652630	-0.00382147792
0.03725140438	0.00190338435	-0.00353255693
0.03725696234	0.00179130033	-0.00323816954
0.03726212284	0.00168053608	-0.00293887718
0.03726689266	0.00157121337	-0.00263465267
0.03727127976	0.00146345652	-0.00232552616
0.03727528987	0.00135748498	-0.00201197445
0.03727893710	0.00125333509	-0.00169363018
0.03728222837	0.00115128079	-0.00137139307
0.03728518151	0.00105130368	-0.00104455738
0.03728780602	0.00095368865	-0.00071433271
0.03729012097	0.00085841615	-0.00037993122
0.03729214012	0.00076569260	-0.00004234176
0.03729388135	0.00067558385	0.00029861010
0.03729536241	0.00058816926	0.00064270222
0.03729660015	0.00050360423	0.00098918645
0.03729761382	0.00042190415	0.00133855703
0.03729842154	0.00034314843	0.00169010794
0.03729904125	0.00026743565	0.00204336182
0.03729949139	0.00019478676	0.00239860502
0.03729978975	0.00012523748	0.00275524615
0.03729995362	0.00005882408	0.00311300803
0.03729999974	-0.00000441781	0.00347149129
0.03729994427	-0.00006447614	0.00383066514
0.03729980258	-0.00012135841	0.00419015702
0.03729958913	-0.00017507255	0.00454965371
0.03729931756	-0.00022563067	0.00490887960
0.03729900051	-0.00027305883	0.00526756178
0.03729864962	-0.00031739018	0.00562543135
0.03729827554	-0.00035866646	0.00598222412
0.03729788797	-0.00039692940	0.00633751118
0.03729749573	-0.00043221752	0.00669132016
0.03729710624	-0.00046461402	0.00704331186
0.03729672606	-0.00049419176	0.00739315915
0.03729636092	-0.00052102006	0.00774047766
0.03729601618	-0.00054513923	0.00808552545
0.03729569485	-0.00056669694	0.00842742393
0.03729540127	-0.00058569970	0.00876667174
0.03729513651	-0.00060232259	0.00910232648
0.03729490375	-0.00061656646	0.00943485192
0.03729470309	-0.00062858715	0.00976376051
0.03729453503	-0.00063848041	0.01008876051
0.03729440024	-0.00064630538	0.01040989049
0.03729429815	-0.00065216963	0.01072699249
0.03729422776	-0.00065618277	0.01103986468
0.03729418800	-0.00065843865	0.01134838613
0.03729417751	-0.00065903239	0.01165244645
0.03729419468	-0.00065806007	0.01195194571
0.03729423753	-0.00065562698	0.01224667736
0.03729430464	-0.00065179857	0.01253667521
0.03729439401	-0.00064666494	0.01282194134
0.03729450297	-0.00064035018	0.01310223520
0.03729462955	-0.00063293511	0.01337745449
0.03729477257	-0.00062445097	0.01364787343
0.03729492842	-0.00061507227	0.01391296523
0.03729509683	-0.00060477498	0.01417317899
0.03729527470	-0.00059370426	0.01442824883
0.03729546003	-0.00058194594	0.01467799524
0.03729565230	-0.00056949032	0.01492279765
0.03729584887	-0.00055646813	0.01516242811
0.03729604830	-0.00054293732	0.01539690047
0.03729624924	-0.00052895405	0.01562623514
0.03729645044	-0.00051457240	0.01585045880
0.03729665071	-0.00049984546	0.01606960418
0.03729684900	-0.00048482466	0.01628370965
0.03729704430	-0.00046955965	0.01649281893
0.03729723576	-0.00045409753	0.01669698057
0.03729742258	-0.00043848464	0.01689624798
0.03729760370	-0.00042279838	0.01709045042
0.03729777951	-0.00040699362	0.01727998839
0.03729794915	-0.00039113815	0.01746487885
0.03729811133	-0.00037535485	0.01764471043
0.03729826752	-0.00035949938	0.01782030565
0.03729841573	-0.00034377924	0.01799099317
0.03729855731	-0.00032805879	0.01815752965
0.03729869056	-0.00031254213	0.01831919547
0.03729881716	-0.00029704962	0.01847689528
0.03729893593	-0.00028174179	0.01863020271
0.03729904699	-0.00026663422	0.01877910637
0.03729915114	-0.00025164244	0.01892411741
0.03729924795	-0.00023685882	0.01906505275
0.03729933762	-0.00022229141	0.01920199551
0.03729942027	-0.00020796001	0.01933495709
0.03729949630	-0.00019384464	0.01946412366
0.03729956594	-0.00017994684	0.01958962999
0.03729962930	-0.00016629606	0.01971148211
0.03729968663	-0.00015289748	0.01982976479
0.03729973818	-0.00013975490	0.01994456252
0.03729978423	-0.00012687248	0.02005595970
0.03729982502	-0.00011425315	0.02016404026
0.03729986075	-0.00010192129	0.02026877093
0.03729989180	-0.00008984217	0.02037036675
0.03729991842	-0.00007801283	0.02046894851
0.03729994081	-0.00006645139	0.02056454263
0.03729995922	-0.00005515912	0.02065722990
0.03729997385	-0.00004416593	0.02074693657
0.03729998500	-0.00003345535	0.02083375367
0.03729999294	-0.00002294226	0.02091814092
0.03729999784	-0.00001269676	0.02099993378
0.03729999991	-0.00000261511	0.02107974632
0.03729999849	0.00001061547	0.02117678686
0.03729999764	0.00001327655	0.02127468903
0.03729999962	0.00000533696	0.02137230501
0.03729999770	-0.00001311024	0.02146849033
0.03729997652	-0.00004184876	0.02156211732
0.03729991304	-0.00008054162	0.02165208829
0.03729977784	-0.00012873510	0.02173734840
0.03729953692	-0.00018586398	0.02181689805
0.03729915373	-0.00025125818	0.02188980462
0.03729859148	-0.00032415057	0.02195521332
0.03729781545	-0.00040368595	0.02201235730
0.03729679539	-0.00048893109	0.02206056660
0.03729550766	-0.00057888572	0.02209927602
0.03729393719	-0.00067249424	0.02212803172
0.03729207911	-0.00076865820	0.02214649656
0.03707742152	0.00775623709	-0.01466829160
0.03705930009	0.00784236422	-0.01445430264
0.03705361958	0.00786915980	-0.01435889010
0.03705019486	0.00788526857	-0.01428190882
0.03704776218	0.00789669027	-0.01421475263
0.03704615789	0.00790421316	-0.01415322433
0.03704514341	0.00790896642	-0.01409562038
0.03704442236	0.00791234301	-0.01404132316
0.03704427558	0.00791303018	-0.01398868207
0.03704438481	0.00791251881	-0.01393794090
0.03704470160	0.00791103553	-0.01388876027
0.03704544641	0.00790754706	-0.01384020734
0.03704644090	0.00790288659	-0.01379251802
0.03704755579	0.00789765849	-0.01374582441
0.03704896725	0.00789103453	-0.01369946471
0.03705066054	0.00788308023	-0.01365334965
0.03705257080	0.00787409661	-0.01360754497
0.03705469544	0.00786409217	-0.01356195688
0.03705703323	0.00785306870	-0.01351649999
0.03705958419	0.00784102160	-0.01347109687
0.03706233876	0.00782799114	-0.01342570566
0.03706532171	0.00781385479	-0.01338019181
0.03706854433	0.00779855251	-0.01333446807
0.03707195496	0.00778232327	-0.01328863534
0.03707559713	0.00776495317	-0.01324251134
0.03707947207	0.00774642828	-0.01319604748
0.03708357991	0.00772673935	-0.01314919776
0.03708792518	0.00770585530	-0.01310190679
0.03709251228	0.00768374469	-0.01305411719
0.03709731624	0.00766051745	-0.01300586534
0.03710223167	0.00763667498	-0.01295744040
0.03710754527	0.00761081363	-0.01290785643
0.03711310394	0.00758366112	-0.01285759034
0.03711869570	0.00755624440	-0.01280729905
0.03712477598	0.00752631440	-0.01275537235
0.03713090989	0.00749599433	-0.01270328027
0.03713743402	0.00746360464	-0.01264977370
0.03714405342	0.00743059189	-0.01259586063
0.03715109246	0.00739531805	-0.01254029723
0.03715817886	0.00735962930	-0.01248440833
0.03716564592	0.00732182788	-0.01242686199
0.03717336537	0.00728253437	-0.01236809792
0.03718127533	0.00724204150	-0.01230828657
0.03718939981	0.00720020427	-0.01224725224
0.03719783055	0.00715652166	-0.01218454607
0.03720649602	0.00711133277	-0.01212039151
0.03721539809	0.00706459799	-0.01205469657
0.03722453815	0.00701627819	-0.01198736771
0.03723391700	0.00696633511	-0.01191830967
0.03724353522	0.00691472951	-0.01184742789
0.03725339275	0.00686142324	-0.01177462608
0.03726340965	0.00680681285	-0.01170017591
0.03727370476	0.00675020989	-0.01162339014
0.03728425091	0.00669171384	-0.01154430470
0.03729495712	0.00663178506	-0.01146326628
0.03730587407	0.00657009587	-0.01137988877
0.03731704190	0.00650636486	-0.01129383185
0.03732833151	0.00644127836	-0.01120568761
0.03733986893	0.00637405587	-0.01111459879
0.03735158648	0.00630502875	-0.01102083205
0.03736340999	0.00623458050	-0.01092468863
0.03737546710	0.00616188761	-0.01082522200
0.03738766841	0.00608741742	-0.01072286200
0.03740000719	0.00601114482	-0.01061748981
0.03741247607	0.00593304593	-0.01050898815
0.03742506691	0.00585309888	-0.01039724069
0.03743777069	0.00577128462	-0.01028213162
0.03745057760	0.00568758629	-0.01016354643
0.03746347714	0.00560198896	-0.01004137244
0.03747645799	0.00551448060	-0.00991549822
0.03748950801	0.00542505199	-0.00978581387
0.03750258581	0.00533389701	-0.00965245099
0.03751568800	0.00524094973	-0.00951520291
0.03752884975	0.00514585627	-0.00937348736
0.03754195098	0.00504938774	-0.00922824037
0.03755509743	0.00495066232	-0.00907808026
0.03756814849	0.00485063080	-0.00892425624
0.03758119876	0.00474846286	-0.00876538019
0.03759414882	0.00464482233	-0.00860232831
0.03760700588	0.00453954940	-0.00843466882
0.03761976835	0.00443254209	-0.00826207889
0.03763239698	0.00432401410	-0.00808474338
0.03764487251	0.00421402104	-0.00790256065
0.03765717322	0.00410264614	-0.00771546824
0.03766928180	0.00398993841	-0.00752333428
0.03768118389	0.00387592322	-0.00732598637
0.03769285466	0.00376073230	-0.00712345154
0.03770426931	0.00364451314	-0.00691575989
0.03771541484	0.00352730538	-0.00670272184
0.03772627338	0.00340920769	-0.00648427966
0.03773682613	0.00329034252	-0.00626041453
0.03774705619	0.00317082776	-0.00603109179
0.03775694765	0.00305078747	-0.00579629387
0.03776647180	0.00293053032	-0.00555639184
0.03777563976	0.00280988273	-0.00531060655
0.03778442905	0.00268911163	-0.00505932720
0.03779281794	0.00256852329	-0.00480296480
0.03780081408	0.00244803081	-0.00454087754
0.03780840522	0.00232785191	-0.00427335447
0.03781557609	0.00220830363	-0.00400089517
0.03782234013	0.00208925519	-0.00372267654
0.03782868010	0.00197113219	-0.00343969579
0.03783460696	0.00185389219	-0.00315132909
0.03784011686	0.00173780214	-0.00285811606
0.03784521546	0.00162298082	-0.00256003010
0.03784990960	0.00150955073	-0.00225710016
0.03785420364	0.00139773634	-0.00194978531
0.03785811106	0.00128756619	-0.00163773221
0.03786163741	0.00117932716	-0.00132180808
0.03786480026	0.00107298704	-0.00100133375
0.03786760791	0.00096885061	-0.00067747620
0.03787007941	0.00086688243	-0.00034947714
0.03787222783	0.00076730654	-0.00001829200
0.03787407099	0.00067018410	0.00031624583
0.03787562655	0.00057559840	0.00065391946
0.03787691138	0.00048371895	0.00099400494
0.03787794517	0.00039455021	0.00133697675
0.03787874629	0.00030818691	0.00168214968
0.03787933333	0.00022473726	0.00202906018
0.03787972547	0.00014421566	0.00237798155
0.03787994133	0.00006667196	0.00272833828
0.03787999919	-0.00000785104	0.00307985884
0.03787991698	-0.00007930814	0.00343215344
0.03787971210	-0.00014768612	0.00378518828
0.03787940124	-0.00021298242	0.00413859845
0.03787900034	-0.00027519630	0.00449207643
0.03787852455	-0.00033433204	0.00484535105
0.03787798809	-0.00039040756	0.00519815338
0.03787740427	-0.00044344783	0.00555021831
0.03787678539	-0.00049348625	0.00590128509
0.03787614293	-0.00054055195	0.00625093369
0.03787548740	-0.00058468283	0.00659918592
0.03787482786	-0.00062595070	0.00694570765
0.03787417259	-0.00066441758	0.00729017677
0.03787352906	-0.00070014060	0.00763221608
0.03787290414	-0.00073316561	0.00797207060
0.03787230249	-0.00076361273	0.00830888323
0.03787172990	-0.00079150153	0.00864313290
0.03787118890	-0.00081697687	0.00897390029
0.03787068408	-0.00084005208	0.00930163106
0.03787021667	-0.00086086545	0.00962584665
0.03786978843	-0.00087950216	0.00994625968
0.03786940119	-0.00089602076	0.01026290343
0.03786905532	-0.00091052157	0.01057561992
0.03786875065	-0.00092310564	0.01088420882
0.03786848695	-0.00093386093	0.01118854867
0.03786826353	-0.00094287692	0.01148852830
0.03786807938	-0.00095024428	0.01178404684
0.03786793300	-0.00095605970	0.01207490015
0.03786782348	-0.00096038780	0.01236111785
0.03786774910	-0.00096331633	0.01264269837
0.03786770727	-0.00096495916	0.01291940464
0.03786769624	-0.00096539203	0.01319113468
0.03786771507	-0.00096465316	0.01345815221
0.03786775976	-0.00096289721	0.01371994234
0.03786783043	-0.00096011369	0.01397693978
0.03786792350	-0.00095643613	0.01422888311
0.03786803672	-0.00095194281	0.01447559619
0.03786816977	-0.00094663522	0.01471744637
0.03786831932	-0.00094063387	0.01495420967
0.03786848363	-0.00093399547	0.01518589815
0.03786866102	-0.00092677516	0.01541253039
0.03786884987	-0.00091902624	0.01563413117
0.03786904859	-0.00091080123	0.01585073128
0.03786925565	-0.00090215116	0.01606236711
0.03786946959	-0.00089312551	0.01626908030
0.03786968904	-0.00088377139	0.01647091742
0.03786991269	-0.00087413530	0.01666792976
0.03787013873	-0.00086428736	0.01685995101
0.03787036771	-0.00085419539	0.01704737094
0.03787059796	-0.00084392564	0.01723020522
0.03787082697	-0.00083358526	0.01740805366
0.03787105722	-0.00082305815	0.01758171725
0.03787128466	-0.00081252596	0.01775054204
0.03787151159	-0.00080187914	0.01791526516
0.03787173422	-0.00079129452	0.01807518610
0.03787195566	-0.00078062425	0.01823118649
0.03787217293	-0.00077001147	0.01838285079
0.03787238577	-0.00075947081	0.01853016903
0.03787259558	-0.00074893524	0.01867363954
0.03787280072	-0.00073848890	0.01881308414
0.03787300106	-0.00072814187	0.01894858452
0.03787319633	-0.00071791356	0.01908015269
0.03787338687	-0.00070778996	0.01920797086
0.03787357269	-0.00069777637	0.01933217092
0.03787375333	-0.00068790141	0.01945275940
0.03787392879	-0.00067817247	0.01956981971
0.03787409906	-0.00066859557	0.01968343502
0.03787426416	-0.00065917709	0.01979368840
0.03787442410	-0.00064992222	0.01990066249
0.03787457864	-0.00064085343	0.02000432593
0.03787472835	-0.00063194328	0.02010488925
0.03787487335	-0.00062319231	0.02020247086
0.03787501345	-0.00061461874	0.02029709729
0.03787514871	-0.00060622603	0.02038884810
0.03787527884	-0.00059804086	0.02047765257
0.03787540417	-0.00059004976	0.02056360064
0.03787552590	-0.00058218374	0.02064714086
0.03787564314	-0.00057450575	0.02072811343
0.03787575724	-0.00056693336	0.02080711671
0.03787590704	-0.00055683527	0.02090280402
0.03787590255	-0.00055714086	0.02099902233
0.03787574356	-0.00056784654	0.02109464355
0.03787542321	-0.00058882667	0.02118854663
0.03787492844	-0.00061983500	0.02127963062
0.03787424098	-0.00066050758	0.02136682766
0.03787333863	-0.00071036701	0.02144911544
0.03787219697	-0.00076882800	0.02152552921
0.03787079130	-0.00083520426	0.02159517309
0.03786909867	-0.00090871657	0.02165723057
0.03786710002	-0.00098850187	0.02171097408
0.03786478222	-0.00107362349	0.02175577352
0.03786213993	-0.00116308214	0.02179110367
0.03785917718	-0.00125582772	0.02181655031
0.03785590860	-0.00135077167	0.02183181510
0.03762906319	0.00795142775	-0.01433982285
0.03761158565	0.00803369309	-0.01412870096
0.03760618899	0.00805891738	-0.01403465916
0.03760298713	0.00807384412	-0.01395883605
0.03760075039	0.00808425447	-0.01389270404
0.03759932221	0.00809089424	-0.01383214121
0.03759847060	0.00809485073	-0.01377546031
0.03759790620	0.00809747180	-0.01372203250
0.03759790521	0.00809747640	-0.01367026490
0.03759815613	0.00809631124	-0.01362036976
0.03759861197	0.00809419408	-0.01357201081
0.03759948926	0.00809011791	-0.01352429297
0.03760061342	0.00808489148	-0.01347743211
0.03760185800	0.00807910110	-0.01343154657
0.03760339599	0.00807193965	-0.01338600317
0.03760521316	0.00806346968	-0.01334071306
0.03760724610	0.00805398291	-0.01329573488
0.03760949249	0.00804348648	-0.01325097637
0.03761195129	0.00803198107	-0.01320635363
0.03761462273	0.00801946112	-0.01316179065
0.03761749762	0.00800596482	-0.01311724538
0.03762060042	0.00799137187	-0.01307258810
0.03762394239	0.00797562281	-0.01302773415
0.03762747303	0.00795894928	-0.01298277746
0.03763123522	0.00794114198	-0.01293754326
0.03763523036	0.00792218631	-0.01289198392
0.03763945874	0.00790207223	-0.01284605415
0.03764392500	0.00788076841	-0.01279969995
0.03764863363	0.00785824315	-0.01275286534
0.03765356032	0.00783460242	-0.01270558335
0.03765860181	0.00781033354	-0.01265812666
0.03766403976	0.00778406764	-0.01260955773
0.03766972404	0.00775651281	-0.01256032826
0.03767544666	0.00772866865	-0.01251106005
0.03768165518	0.00769834157	-0.01246022235
0.03768792254	0.00766760029	-0.01240920990
0.03769457972	0.00763480579	-0.01235683438
0.03770133702	0.00760136746	-0.01230405165
0.03770851353	0.00756568618	-0.01224967826
0.03771574342	0.00752956162	-0.01219497115
0.03772335470	0.00749133568	-0.01213866253
0.03773122142	0.00745161258	-0.01208116879
0.03773928290	0.00741067651	-0.01202264979
0.03774756301	0.00736838430	-0.01196293622
0.03775615227	0.00732424506	-0.01190159936
0.03776498048	0.00727858840	-0.01183884969
0.03777404971	0.00723137391	-0.01177459750
0.03778336153	0.00718256162	-0.01170875158
0.03779291697	0.00713211236	-0.01164121900
0.03780271682	0.00707998596	-0.01157190754
0.03781276121	0.00702614328	-0.01150072329
0.03782297150	0.00697097031	-0.01142792208
0.03783346519	0.00691379142	-0.01135284742
0.03784421566	0.00685470211	-0.01127553145
0.03785513321	0.00679415111	-0.01119630150
0.03786626812	0.00673181540	-0.01111478739
0.03787766027	0.00666741721	-0.01103066263
0.03788918209	0.00660162713	-0.01094448852
0.03790095850	0.00653367772	-0.01085544591
0.03791292262	0.00646389187	-0.01076378652
0.03792500108	0.00639264368	-0.01066979445
0.03793732057	0.00631912239	-0.01057256523
0.03794979250	0.00624378487	-0.01047250624
0.03796241028	0.00616660408	-0.01036950151
0.03797516668	0.00608755419	-0.01026343659
0.03798805365	0.00600661132	-0.01015419795
0.03800106229	0.00592375430	-0.01004167253
0.03801418286	0.00583896409	-0.00992574853
0.03802740491	0.00575222353	-0.00980631596
0.03804071715	0.00566351826	-0.00968326599
0.03805410742	0.00557283668	-0.00955649129
0.03806753436	0.00548036746	-0.00942611467
0.03808099451	0.00538604279	-0.00929193613
0.03809452298	0.00528951026	-0.00915339741
0.03810799940	0.00519152984	-0.00901138959
0.03812152963	0.00509122563	-0.00886459040
0.03813497243	0.00498953685	-0.00871419059
0.03814842265	0.00488563701	-0.00855886115
0.03816178009	0.00478018206	-0.00839943697
0.03817505179	0.00467300983	-0.00823550235
0.03818823589	0.00456401572	-0.00806674618
0.03820129247	0.00445340919	-0.00789334272
0.03821420177	0.00434124208	-0.00771519199
0.03822694144	0.00422759366	-0.00753223148
0.03823949359	0.00411250901	-0.00734433226
0.03825184319	0.00399600958	-0.00715132677
0.03826396456	0.00387822336	-0.00695323844
0.03827583193	0.00375929384	-0.00675009336
0.03828743154	0.00363925625	-0.00654170737
0.03829874451	0.00351820531	-0.00632802283
0.03830975098	0.00339625966	-0.00610901937
0.03832043293	0.00327353327	-0.00588466146
0.03833077324	0.00315014651	-0.00565493017
0.03834074159	0.00302640612	-0.00542017865
0.03835034865	0.00290212994	-0.00517965777
0.03835957017	0.00277758462	-0.00493373944
0.03836838267	0.00265307585	-0.00468281583
0.03837679309	0.00252850793	-0.00442626938
0.03838478749	0.00240409840	-0.00416437653
0.03839234878	0.00228016567	-0.00389761520
0.03839948979	0.00215656761	-0.00362519406
0.03840619103	0.00203373804	-0.00334807022
0.03841246272	0.00191162444	-0.00306564348
0.03841829925	0.00179049794	-0.00277843214
0.03842370512	0.00167047452	-0.00248641033
0.03842868597	0.00155167490	-0.00218960599
0.03843324477	0.00143432784	-0.00188846082
0.03843739425	0.00131845488	-0.00158263551
0.03844113852	0.00120435427	-0.00127296525
0.03844449475	0.00109198151	-0.00095879737
0.03844746995	0.00098165909	-0.00064125667
0.03845008299	0.00087333737	-0.00031961438
0.03845234606	0.00076725623	0.00000520721
0.03845427680	0.00066347270	0.00033336677
0.03845589257	0.00056207371	0.00066465259
0.03845721008	0.00046324161	0.00099836468
0.03845824921	0.00036697108	0.00133495778
0.03845902844	0.00027337099	0.00167376738
0.03845956672	0.00018255838	0.00201434364
0.03845988380	0.00009454195	0.00235694679
0.03845999886	0.00000938461	0.00270101720
0.03845993098	-0.00007286460	0.00304628897
0.03845969904	-0.00015215151	0.00339238191
0.03845932144	-0.00022846162	0.00373925922
0.03845881599	-0.00030178281	0.00408656368
0.03845819987	-0.00037210612	0.00443399358
0.03845748955	-0.00043942833	0.00478128224
0.03845670067	-0.00050375963	0.00512816486
0.03845584796	-0.00056511709	0.00547438019
0.03845494526	-0.00062352613	0.00581967104
0.03845400569	-0.00067900398	0.00616362648
0.03845304123	-0.00073158765	0.00650626254
0.03845206250	-0.00078133808	0.00684725036
0.03845107941	-0.00082830695	0.00718627311
0.03845010110	-0.00087253980	0.00752296091
0.03844913581	-0.00091408733	0.00785754582
0.03844818991	-0.00095304376	0.00818919266
0.03844727048	-0.00098944052	0.00851836057
0.03844638168	-0.00102339410	0.00884415384
0.03844552932	-0.00105492915	0.00916699992
0.03844471591	-0.00108416732	0.00948642966
0.03844394453	-0.00111118369	0.00980216028
0.03844321815	-0.00113603607	0.01011421987
0.03844253818	-0.00115881770	0.01042245064
0.03844190543	-0.00117962141	0.01072665407
0.03844132057	-0.00119852942	0.01102670834
0.03844078373	-0.00121562574	0.01132250173
0.03844029461	-0.00123099578	0.01161393261
0.03843985240	-0.00124472794	0.01190079953
0.03843945678	-0.00125688594	0.01218312802
0.03843910644	-0.00126755507	0.01246091302
0.03843879916	-0.00127683948	0.01273392126
0.03843853357	-0.00128481001	0.01300205125
0.03843830900	-0.00129151123	0.01326555617
0.03843812152	-0.00129707909	0.01352393355
0.03843797155	-0.00130151562	0.01377760352
0.03843785534	-0.00130494329	0.01402630943
0.03843777073	-0.00130743323	0.01426987881
0.03843771749	-0.00130899732	0.01450866672
0.03843769198	-0.00130974632	0.01474245351
0.03843769234	-0.00130973570	0.01497124954
0.03843771674	-0.00130901955	0.01519507165
0.03843776334	-0.00130765039	0.01541394285
0.03843783032	-0.00130568009	0.01562789205
0.03843791586	-0.00130315928	0.01583695372
0.03843801820	-0.00130013718	0.01604116760
0.03843813563	-0.00129666085	0.01624057825
0.03843826645	-0.00129277692	0.01643523495
0.03843840843	-0.00128854863	0.01662497605
0.03843856211	-0.00128395593	0.01681018035
0.03843872522	-0.00127906357	0.01699086234
0.03843889457	-0.00127396393	0.01716663343
0.03843907305	-0.00126856742	0.01733827247
0.03843925535	-0.00126303137	0.01750514358
0.03843944420	-0.00125727073	0.01766796379
0.03843963457	-0.00125143673	0.01782605241
0.03843983026	-0.00124541139	0.01798026733
0.03844002708	-0.00123932148	0.01813020433
0.03844022457	-0.00123318076	0.01827585489
0.03844042432	-0.00122693865	0.01841770418
0.03844062384	-0.00122067147	0.01855557916
0.03844082275	-0.00121439130	0.01868956008
0.03844102045	-0.00120811718	0.01881965963
0.03844121719	-0.00120184073	0.01894605592
0.03844141270	-0.00119557085	0.01906887790
0.03844160612	-0.00118933536	0.01918813269
0.03844179719	-0.00118314376	0.01930390232
0.03844198566	-0.00117700419	0.01941626862
0.03844217130	-0.00117092517	0.01952531330
0.03844235393	-0.00116491401	0.01963111769
0.03844253294	-0.00115899145	0.01973365242
0.03844270900	-0.00115313693	0.01983312332
0.03844288202	-0.00114735433	0.01992964642
0.03844305149	-0.00114166198	0.02002324836
0.03844321729	-0.00113606546	0.02011400748
0.03844337875	-0.00113058841	0.02020185614
0.03844353625	-0.00112522026	0.02028688314
0.03844369139	-0.00111990723	0.02036952551
0.03844384257	-0.00111470553	0.02044962842
0.03844399163	-0.00110955279	0.02052777404
0.03844419568	-0.00110246011	0.02062200725
0.03844410571	-0.00110559321	0.02071645523
0.03844372028	-0.00111891527	0.02081001067
0.03844303344	-0.00114226980	0.02090157671
0.03844203527	-0.00117538246	0.02099007982
0.03844071288	-0.00121786425	0.02107448239
0.03843905163	-0.00126921613	0.02115379487
0.03843703680	-0.00132883483	0.02122708741
0.03843465530	-0.00139602000	0.02129350070
0.03843189758	-0.00146998242	0.02135225611
0.03842875947	-0.00154985332	0.02140266480
0.03842524396	-0.00163469460	0.02144413576
0.03842136272	-0.00172350995	0.02147618279
0.03841713737	-0.00181525657	0.02149843016
0.03841260032	-0.00190885751	0.02151061705
0.03817373213	0.00813062575	-0.01402296825
0.03815689924	0.00820925942	-0.01381474458
0.03815178203	0.00823300845	-0.01372207624
0.03814879735	0.00824682730	-0.01364740764
0.03814675058	0.00825628976	-0.01358229455
0.03814549197	0.00826210280	-0.01352268930
0.03814479628	0.00826531408	-0.01346692177
0.03814438154	0.00826722791	-0.01341435382
0.03814451869	0.00826659508	-0.01336344730
0.03814490351	0.00826481920	-0.01331438542
0.03814549050	0.00826210957	-0.01326683522
0.03814649180	0.00825748531	-0.01321993725
0.03814773690	0.00825173128	-0.01317388879
0.03814910240	0.00824541606	-0.01312879550
0.03815075775	0.00823775353	-0.01308405114
0.03815268922	0.00822880338	-0.01303956735
0.03815483500	0.00821884824	-0.01299539619
0.03815719298	0.00820789400	-0.01295144693
0.03815976236	0.00819594025	-0.01290763714
0.03816254353	0.00818298061	-0.01286389220
0.03816552767	0.00816905120	-0.01282016995
0.03816873890	0.00815403400	-0.01277634518
0.03817218842	0.00813787019	-0.01273233576
0.03817582697	0.00812078416	-0.01268822908
0.03817969669	0.00810257124	-0.01264385750
0.03818379913	0.00808321620	-0.01259917425
0.03818813476	0.00806270822	-0.01255413480
0.03819270827	0.00804101580	-0.01250868646
0.03819752427	0.00801810700	-0.01246277458
0.03820255911	0.00799408389	-0.01241642908
0.03820771188	0.00796941987	-0.01236990720
0.03821325863	0.00794278070	-0.01232231688
0.03821905247	0.00791485492	-0.01227408617
0.03822488984	0.00788661503	-0.01222580387
0.03823120949	0.00785592269	-0.01217601397
0.03823759307	0.00782479241	-0.01212604044
0.03824436522	0.00779162558	-0.01207475216
0.03825124211	0.00775779462	-0.01202305599
0.03825853686	0.00772173928	-0.01196982532
0.03826589086	0.00768521284	-0.01191625322
0.03827362611	0.00764659693	-0.01186113233
0.03828161922	0.00760647945	-0.01180485709
0.03828981086	0.00756513611	-0.01174757747
0.03829822466	0.00752242566	-0.01168913018
0.03830694973	0.00747786748	-0.01162910550
0.03831591733	0.00743178170	-0.01156770175
0.03832512968	0.00738412722	-0.01150483141
0.03833458856	0.00733486333	-0.01144040549
0.03834429517	0.00728395002	-0.01137433331
0.03835425049	0.00723134632	-0.01130652491
0.03836445485	0.00717701219	-0.01123688865
0.03837483105	0.00712132305	-0.01116566545
0.03838549495	0.00706361644	-0.01109222793
0.03839642052	0.00700398393	-0.01101660466
0.03840751957	0.00694286254	-0.01093910475
0.03841884180	0.00687993420	-0.01085937309
0.03843042671	0.00681492499	-0.01077709637
0.03844214859	0.00674848958	-0.01069280677
0.03845413088	0.00667987411	-0.01060572128
0.03846630766	0.00660939295	-0.01051607750
0.03847860655	0.00653741067	-0.01042414336
0.03849115288	0.00646313003	-0.01032905432
0.03850385913	0.00638699714	-0.01023119647
0.03851671884	0.00630898324	-0.01013045663
0.03852972492	0.00622906075	-0.01002672309
0.03854286943	0.00614720394	-0.00991988502
0.03855614355	0.00606338970	-0.00980983203
0.03856953764	0.00597759701	-0.00969645498
0.03858304132	0.00588980667	-0.00957964645
0.03859664331	0.00580000218	-0.00945930017
0.03861033149	0.00570816978	-0.00933531131
0.03862406464	0.00561449291	-0.00920779440
0.03863783921	0.00551890217	-0.00907655584
0.03865169008	0.00542104733	-0.00894106031
0.03866549704	0.00532167630	-0.00880215614
0.03867936565	0.00521992081	-0.00865857777
0.03869315454	0.00511670713	-0.00851146030
0.03870695843	0.00501121436	-0.00835953116
0.03872067671	0.00490408962	-0.00820358593
0.03873431623	0.00479516906	-0.00804322436
0.03874787482	0.00468434597	-0.00787814663
0.03876131205	0.00457182545	-0.00770851696
0.03877460773	0.00445765580	-0.00753423707
0.03878773898	0.00434191260	-0.00735524454
0.03880068736	0.00422463727	-0.00717141333
0.03881343729	0.00410584774	-0.00698258069
0.03882596229	0.00398566832	-0.00678876667
0.03883823580	0.00386423859	-0.00658999370
0.03885024332	0.00374158981	-0.00638608293
0.03886196507	0.00361781299	-0.00617697694
0.03887338022	0.00349302309	-0.00596265402
0.03888446973	0.00336733037	-0.00574307798
0.03889521539	0.00324085165	-0.00551822869
0.03890558547	0.00311389129	-0.00528844229
0.03891559008	0.00298626000	-0.00505299862
0.03892520337	0.00285822364	-0.00481225316
0.03893440030	0.00273008671	-0.00456658008
0.03894318705	0.00260174602	-0.00431538534
0.03895154812	0.00247341856	-0.00405893338
0.03895946470	0.00234542328	-0.00379768141
0.03896694898	0.00221760846	-0.00353086894
0.03897397937	0.00209041437	-0.00325941450
0.03898056527	0.00196377976	-0.00298274088
0.03898669944	0.00183797907	-0.00270134591
0.03899238516	0.00171312563	-0.00241520461
0.03899762689	0.00158933852	-0.00212434407
0.03900242622	0.00146685001	-0.00182918931
0.03900679502	0.00134567554	-0.00152941478
0.03901073599	0.00122612308	-0.00122582471
0.03901426574	0.00110813747	-0.00091779227
0.03901739002	0.00099205656	-0.00060640145
0.03902012731	0.00087781834	-0.00029095225
0.03902248889	0.00076567665	0.00002766515
0.03902449202	0.00065568489	0.00034960163
0.03902615365	0.00054793338	0.00067465044
0.03902749020	0.00044261582	0.00100213487
0.03902852151	0.00033971846	0.00133249030
0.03902926601	0.00023936286	0.00166507244
0.03902974287	0.00014167404	0.00199944479
0.03902997211	0.00004665584	0.00233585474
0.03902997334	-0.00004561691	0.00267375824
0.03902976622	-0.00013508939	0.00301289487
0.03902937034	-0.00022169921	0.00335289387
0.03902880490	-0.00030543043	0.00369371548
0.03902808862	-0.00038626208	0.00403501014
0.03902723971	-0.00046417753	0.00437648185
0.03902627576	-0.00053916654	0.00471786841
0.03902521359	-0.00061123200	0.00505890917
0.03902406922	-0.00068038360	0.00539934674
0.03902285779	-0.00074663925	0.00573892759
0.03902159392	-0.00081000511	0.00607724981
0.03902029088	-0.00087051710	0.00641432383
0.03901896073	-0.00092822596	0.00674982621
0.03901761486	-0.00098317371	0.00708344544
0.03901626401	-0.00103539510	0.00741481899
0.03901491759	-0.00108494489	0.00774416629
0.03901358375	-0.00113189351	0.00807067401
0.03901227062	-0.00117628285	0.00839478185
0.03901098410	-0.00121820330	0.00871561772
0.03900973106	-0.00125768955	0.00903359113
0.03900851534	-0.00129484780	0.00934824251
0.03900734138	-0.00132974365	0.00965929382
0.03900621327	-0.00136243398	0.00996676815
0.03900513346	-0.00139300533	0.01027050816
0.03900410384	-0.00142154276	0.01057031728
0.03900312602	-0.00144812303	0.01086607355
0.03900220105	-0.00147282489	0.01115766490
0.03900132941	-0.00149572874	0.01144498915
0.03900051113	-0.00151691522	0.01172784769
0.03899974654	-0.00153644701	0.01200626218
0.03899903485	-0.00155440697	0.01228022428
0.03899837438	-0.00157089013	0.01254950471
0.03899776432	-0.00158596272	0.01281400261
0.03899720426	-0.00159967494	0.01307396088
0.03899669072	-0.00161214545	0.01332888959
0.03899622434	-0.00162338765	0.01357919443
0.03899580148	-0.00163351368	0.01382462380
0.03899542030	-0.00164258805	0.01406500895
0.03899508064	-0.00165063204	0.01430069283
0.03899477880	-0.00165774733	0.01453146029
0.03899451299	-0.00166398818	0.01475732015
0.03899428135	-0.00166940765	0.01497828762
0.03899408201	-0.00167405743	0.01519438404
0.03899391303	-0.00167798877	0.01540563660
0.03899377248	-0.00168125182	0.01561207798
0.03899365841	-0.00168389553	0.01581374604
0.03899356890	-0.00168596688	0.01601068354
0.03899350204	-0.00168751252	0.01620293782
0.03899345542	-0.00168858941	0.01639035196
0.03899342947	-0.00168918858	0.01657329384
0.03899342147	-0.00168937336	0.01675177690
0.03899342800	-0.00168922257	0.01692542425
0.03899345189	-0.00168867097	0.01709499255
0.03899348728	-0.00168785350	0.01725986418
0.03899353687	-0.00168670766	0.01742073603
0.03899359509	-0.00168536113	0.01757694741
0.03899366584	-0.00168372342	0.01772933233
0.03899374426	-0.00168190620	0.01787749809
0.03899382977	-0.00167992254	0.01802143763
0.03899392387	-0.00167773691	0.01816162291
0.03899402355	-0.00167541851	0.01829788614
0.03899412820	-0.00167298125	0.01843030618
0.03899423697	-0.00167044388	0.01855889636
0.03899435001	-0.00166780322	0.01868383072
0.03899446675	-0.00166507151	0.01880523529
0.03899458602	-0.00166227586	0.01892311782
0.03899470733	-0.00165942775	0.01903755895
0.03899483022	-0.00165653731	0.01914863918
0.03899495426	-0.00165361502	0.01925643889
0.03899507902	-0.00165067023	0.01936103808
0.03899520370	-0.00164772213	0.01946240939
0.03899532890	-0.00164475651	0.01956075395
0.03899545431	-0.00164178038	0.01965618535
0.03899557917	-0.00163881218	0.01974873042
0.03899570315	-0.00163585948	0.01983846624
0.03899582537	-0.00163294317	0.01992532829
0.03899594619	-0.00163005545	0.02000940419
0.03899606726	-0.00162715651	0.02009111938
0.03899618650	-0.00162429640	0.02017032407
0.03899630573	-0.00162143119	0.02024758420
0.03899648305	-0.00161716108	0.02034030044
0.03899624331	-0.00162293175	0.02043293526
0.03899558492	-0.00163867536	0.02052440259
0.03899450366	-0.00166420684	0.02061363006
0.03899299336	-0.00169922603	0.02069957156
0.03899104680	-0.00174332127	0.02078121951
0.03898865703	-0.00179597420	0.02085761665
0.03898581874	-0.00185656591	0.02092786731
0.03898253000	-0.00192438421	0.02099114786
0.03897879385	-0.00199863208	0.02104671639
0.03897461994	-0.00207843702	0.02109392141
0.03897002605	-0.00216286145	0.02113220948
0.03896503930	-0.00225091370	0.02116113172
0.03895969709	-0.00234155982	0.02118034903
0.03895404768	-0.00243373573	0.02118963612
0.03873049848	0.00830063778	-0.01370678637
0.03871432766	0.00837573484	-0.01350157895
0.03870949322	0.00839804945	-0.01341032929
0.03870672633	0.00841079289	-0.01333684786
0.03870486913	0.00841933525	-0.01327278075
0.03870377865	0.00842434678	-0.01321415583
0.03870323672	0.00842683616	-0.01315932150
0.03870296928	0.00842806437	-0.01310763169
0.03870324132	0.00842681502	-0.01305760196
0.03870375655	0.00842444828	-0.01300938793
0.03870447102	0.00842116517	-0.01296266017
0.03870559197	0.00841601155	-0.01291659402
0.03870695334	0.00840974809	-0.01287136897
0.03870843502	0.00840292557	-0.01282707854
0.03871020254	0.00839477928	-0.01278314274
0.03871224271	0.00838536610	-0.01273947379
0.03871449540	0.00837495946	-0.01269611746
0.03871695877	0.00836356403	-0.01265298459
0.03871963222	0.00835117841	-0.01260999422
0.03872251630	0.00833779537	-0.01256707314
0.03872560260	0.00832344901	-0.01252417913
0.03872891481	0.00830802367	-0.01248119144
0.03873246405	0.00829146121	-0.01243803038
0.03873620241	0.00827397867	-0.01239477706
0.03874017121	0.00825537612	-0.01235127079
0.03874437212	0.00823563773	-0.01230746567
0.03874880579	0.00821475196	-0.01226331793
0.03875347698	0.00819268711	-0.01221877617
0.03875839036	0.00816941105	-0.01217378707
0.03876352303	0.00814502192	-0.01212837756
0.03876877664	0.00811997892	-0.01208278993
0.03877442098	0.00809298324	-0.01203617628
0.03878031276	0.00806470347	-0.01198894175
0.03878625333	0.00803608442	-0.01194164309
0.03879267153	0.00800504436	-0.01189289695
0.03879915879	0.00797354230	-0.01184395856
0.03880603258	0.00794002114	-0.01179375241
0.03881301565	0.00790581536	-0.01174313775
0.03882041434	0.00786940472	-0.01169104328
0.03882787819	0.00783249485	-0.01163859999
0.03883572232	0.00779350832	-0.01158465935
0.03884382626	0.00775301629	-0.01152959446
0.03885213213	0.00771128580	-0.01147354568
0.03886066329	0.00766817765	-0.01141635564
0.03886950718	0.00762322189	-0.01135763319
0.03887859666	0.00757672894	-0.01129756480
0.03888793415	0.00752865707	-0.01123606515
0.03889752157	0.00747896487	-0.01117304743
0.03890736031	0.00742761160	-0.01110842321
0.03891745150	0.00737455551	-0.01104210478
0.03892779567	0.00731975574	-0.01097400276
0.03893831726	0.00726357685	-0.01090434356
0.03894913016	0.00720537021	-0.01083252824
0.03896020897	0.00714522339	-0.01075858198
0.03897146724	0.00708356131	-0.01068279610
0.03898295397	0.00702007123	-0.01060483028
0.03899470811	0.00695448341	-0.01052438413
0.03900660619	0.00688743594	-0.01044196142
0.03901876975	0.00681818941	-0.01035681452
0.03903113404	0.00674704940	-0.01026916726
0.03904362787	0.00667437056	-0.01017927185
0.03905637481	0.00659937018	-0.01008630282
0.03906928863	0.00652248312	-0.00999062551
0.03908236304	0.00644367903	-0.00989212952
0.03909559104	0.00636292865	-0.00979070586
0.03910896484	0.00628020452	-0.00968624641
0.03912247572	0.00619548172	-0.00957864349
0.03913611411	0.00610873736	-0.00946779057
0.03914986971	0.00601995029	-0.00935358286
0.03916373130	0.00592910203	-0.00923591664
0.03917768678	0.00583617672	-0.00911468960
0.03919169520	0.00574135243	-0.00899000820
0.03920575290	0.00564455838	-0.00886168521
0.03921989437	0.00554544727	-0.00872920791
0.03923400001	0.00544475374	-0.00859338270
0.03924817458	0.00534161888	-0.00845299984
0.03926227717	0.00523695442	-0.00830913979
0.03927640189	0.00512994683	-0.00816058560
0.03929044816	0.00502123326	-0.00800809422
0.03930442252	0.00491064870	-0.00785128072
0.03931832248	0.00479808477	-0.00768985650
0.03933210725	0.00468374198	-0.00752397598
0.03934575624	0.00456766524	-0.00735354267
0.03935924611	0.00444992647	-0.00717849431
0.03937255794	0.00433056364	-0.00699870790
0.03938567557	0.00420959140	-0.00681402546
0.03939857187	0.00408713034	-0.00662446390
0.03941121954	0.00396331611	-0.00643004211
0.03942360337	0.00383817626	-0.00623058664
0.03943570279	0.00371179818	-0.00602604042
0.03944749602	0.00358429320	-0.00581638053
0.03945896309	0.00345576794	-0.00560157026
0.03947008475	0.00332633575	-0.00538158846
0.03948082799	0.00319629802	-0.00515675452
0.03949120228	0.00306545956	-0.00492637718
0.03950118031	0.00293408486	-0.00469079572
0.03951073556	0.00280247669	-0.00445036664
0.03951987341	0.00267052536	-0.00420451939
0.03952857684	0.00253844691	-0.00395350662
0.03953682547	0.00240656017	-0.00369776511
0.03954463069	0.00227470510	-0.00343656518
0.03955196897	0.00214332696	-0.00317078708
0.03955884882	0.00201235683	-0.00289987668
0.03956526136	0.00188207167	-0.00262431153
0.03957120866	0.00175258235	-0.00234406766
0.03957669394	0.00162400632	-0.00205917145
0.03958171740	0.00149657874	-0.00177003141
0.03958628994	0.00137030964	-0.00147633580
0.03959041287	0.00124551546	-0.00117885806
0.03959410210	0.00112213157	-0.00087699731
0.03959736204	0.00100050947	-0.00057179676
0.03960021068	0.00088057615	-0.00026258534
0.03960265830	0.00076259800	0.00004977889
0.03960472163	0.00064662527	0.00036543889
0.03960641710	0.00053275145	0.00068419286
0.03960776069	0.00042118063	0.00100538740
0.03960877205	0.00031189154	0.00132943840
0.03960946942	0.00020501755	0.00165572188
0.03960987202	0.00010069113	0.00198381472
0.03960999999	-0.00000108814	0.00231395138
0.03960987318	-0.00010023423	0.00264560353
0.03960951166	-0.00019668676	0.00297851629
0.03960893563	-0.00029037552	0.00331232841
0.03960816486	-0.00038128300	0.00364699721
0.03960721882	-0.00046937972	0.00398218087
0.03960611661	-0.00055464167	0.00431758928
0.03960487678	-0.00063705183	0.00465296484
0.03960351722	-0.00071660598	0.00498805114
0.03960205506	-0.00079330663	0.00532259486
0.03960050664	-0.00086716440	0.00565634623
0.03959888796	-0.00093817487	0.00598891258
0.03959721347	-0.00100637257	0.00632029885
0.03959549656	-0.00107179841	0.00665018719
0.03959375006	-0.00113448505	0.00697827165
0.03959198622	-0.00119445686	0.00730419732
0.03959021554	-0.00125177208	0.00762817094
0.03958844798	-0.00130647855	0.00794940158
0.03958669260	-0.00135862763	0.00826830932
0.03958495716	-0.00140828498	0.00858404627
0.03958324944	-0.00145549440	0.00889700385
0.03958157473	-0.00150034724	0.00920673246
0.03957993885	-0.00154289999	0.00951295907
0.03957834700	-0.00158320836	0.00981570181
0.03957680276	-0.00162135231	0.01011480402
0.03957530915	-0.00165740935	0.01041007130
0.03957386883	-0.00169145083	0.01070138174
0.03957248380	-0.00172355032	0.01098862311
0.03957115546	-0.00175378327	0.01127169283
0.03956988478	-0.00178222282	0.01155039537
0.03956867284	-0.00180893046	0.01182474860
0.03956751943	-0.00183398651	0.01209474101
0.03956642362	-0.00185747726	0.01236014760
0.03956538529	-0.00187946442	0.01262086831
0.03956440430	-0.00190000330	0.01287713561
0.03956347793	-0.00191919611	0.01312847268
0.03956260699	-0.00193706685	0.01337527049
0.03956178822	-0.00195371774	0.01361728281
0.03956102026	-0.00196920694	0.01385434482
0.03956030298	-0.00198356450	0.01408678715
0.03955963292	-0.00199688340	0.01431439946
0.03955900844	-0.00200921663	0.01453718909
0.03955842780	-0.00202061624	0.01475516970
0.03955788921	-0.00203113304	0.01496836105
0.03955739076	-0.00204081762	0.01517678861
0.03955693049	-0.00204971963	0.01538048334
0.03955650639	-0.00205788771	0.01557948132
0.03955611650	-0.00206536869	0.01577382349
0.03955575873	-0.00207220922	0.01596355532
0.03955543076	-0.00207846027	0.01614852483
0.03955513279	-0.00208412339	0.01632908868
0.03955486178	-0.00208926045	0.01650525938
0.03955461447	-0.00209393751	0.01667667212
0.03955439324	-0.00209811232	0.01684406074
0.03955419222	-0.00210189865	0.01700682654
0.03955401370	-0.00210525532	0.01716564566
0.03955385219	-0.00210828775	0.01731987810
0.03955371118	-0.00211093149	0.01747033326
0.03955358557	-0.00211328391	0.01761663042
0.03955347473	-0.00211535744	0.01775876402
0.03955337984	-0.00211713088	0.01789719239
0.03955329761	-0.00211866663	0.01803175326
0.03955322722	-0.00211998038	0.01816252405
0.03955316769	-0.00212109068	0.01828951878
0.03955311895	-0.00212199931	0.01841290728
0.03955308019	-0.00212272168	0.01853281260
0.03955304999	-0.00212328428	0.01864924315
0.03955302765	-0.00212370047	0.01876227818
0.03955301251	-0.00212398234	0.01887199680
0.03955300393	-0.00212414229	0.01897847803
0.03955300128	-0.00212419159	0.01908180051
0.03955300362	-0.00212414804	0.01918193895
0.03955301138	-0.00212400351	0.01927908959
0.03955302402	-0.00212376799	0.01937336357
0.03955304056	-0.00212346008	0.01946478785
0.03955306046	-0.00212308926	0.01955343829
0.03955308276	-0.00212267391	0.01963925354
0.03955310771	-0.00212220887	0.01972231999
0.03955313675	-0.00212166764	0.01980305108
0.03955316749	-0.00212109444	0.01988130229
0.03955320136	-0.00212046279	0.01995762281
0.03955328371	-0.00211892607	0.02004871666
0.03955283781	-0.00212723318	0.02013944290
0.03955186274	-0.00214528641	0.02022873785
0.03955035678	-0.00217287337	0.02031555461
0.03954831805	-0.00220966955	0.02039887533
0.03954574545	-0.00225524214	0.02047772315
0.03954263983	-0.00230905512	0.02055117366
0.03953900537	-0.00237047561	0.02061836570
0.03953485102	-0.00243878138	0.02067851152
0.03953019200	-0.00251316936	0.02073090597
0.03952505115	-0.00259276517	0.02077493476
0.03951946019	-0.00267663346	0.02081008170
0.03951346063	-0.00276378896	0.02083593472
0.03950710446	-0.00285320818	0.02085219072
0.03950045440	-0.00294384145	0.02085865911
0.03928012684	0.00845600589	-0.01340238835
0.03926460723	0.00852777928	-0.01320019855
0.03926004721	0.00854874802	-0.01311035887
0.03925748988	0.00856048412	-0.01303805261
0.03925581427	0.00856816469	-0.01297501935
0.03925488384	0.00857242641	-0.01291736106
0.03925448752	0.00857424106	-0.01286344518
0.03925435931	0.00857482799	-0.01281261935
0.03925475785	0.00857300332	-0.01276344994
0.03925539506	0.00857008509	-0.01271606728
0.03925622853	0.00856626647	-0.01267014560
0.03925746033	0.00856061961	-0.01262489298
0.03925892902	0.00855388170	-0.01258047247
0.03926051788	0.00854658619	-0.01253696644
0.03926238832	0.00853798941	-0.01249381954
0.03926452767	0.00852814557	-0.01245094463
0.03926687757	0.00851731917	-0.01240838169
0.03926943641	0.00850551373	-0.01236604311
0.03927220378	0.00849272691	-0.01232384937
0.03927518039	0.00847895073	-0.01228172862
0.03927835822	0.00846421734	-0.01223963864
0.03928176053	0.00844841342	-0.01219746289
0.03928539830	0.00843148152	-0.01215512401
0.03928922504	0.00841363154	-0.01211269727
0.03929328118	0.00839466821	-0.01207002851
0.03929756851	0.00837457515	-0.01202707268
0.03930208784	0.00835334012	-0.01198378675
0.03930684398	0.00833093128	-0.01194012055
0.03931184167	0.00830731632	-0.01189602205
0.03931705876	0.00828258958	-0.01185151539
0.03932239958	0.00825719632	-0.01180682888
0.03932812730	0.00822987259	-0.01176115605
0.03933410242	0.00820126741	-0.01171488054
0.03934013141	0.00817229836	-0.01166852917
0.03934663269	0.00814093949	-0.01162078666
0.03935320794	0.00810909517	-0.01157284385
0.03936016704	0.00807524925	-0.01152367741
0.03936723970	0.00804069887	-0.01147410197
0.03937472504	0.00800396327	-0.01142309812
0.03938228121	0.00796670112	-0.01137173866
0.03939021602	0.00792737548	-0.01131893027
0.03939841204	0.00788654099	-0.01126502609
0.03940681295	0.00784445620	-0.01121015748
0.03941544176	0.00780098398	-0.01115417269
0.03942438408	0.00775566502	-0.01109669799
0.03943357452	0.00770880019	-0.01103790881
0.03944301562	0.00766034719	-0.01097772189
0.03945270943	0.00761026401	-0.01091605256
0.03946265751	0.00755850924	-0.01085281452
0.03947286115	0.00750504046	-0.01078792219
0.03948332104	0.00744981608	-0.01072128841
0.03949396337	0.00739318991	-0.01065312596
0.03950489983	0.00733452723	-0.01058286274
0.03951610568	0.00727391173	-0.01051052071
0.03952749639	0.00721175632	-0.01043637455
0.03953912008	0.00714775370	-0.01036009790
0.03955101511	0.00708163849	-0.01028140258
0.03956306045	0.00701403220	-0.01020076566
0.03957537549	0.00694421015	-0.01011747288
0.03958789674	0.00687246913	-0.01003173517
0.03960055436	0.00679915397	-0.00994378993
0.03961346981	0.00672349682	-0.00985284861
0.03962655839	0.00664592130	-0.00975925704
0.03963981394	0.00656639558	-0.00966290746
0.03965322958	0.00648488890	-0.00956369354
0.03966679762	0.00640137225	-0.00946150977
0.03968050945	0.00631581903	-0.00935625106
0.03969435560	0.00622820467	-0.00924781343
0.03970832584	0.00613850624	-0.00913609461
0.03972240901	0.00604670345	-0.00902099337
0.03973659305	0.00595277855	-0.00890240984
0.03975083738	0.00585690424	-0.00878044291
0.03976513824	0.00575900867	-0.00865491144
0.03977952956	0.00565874794	-0.00852532419
0.03979389271	0.00555684291	-0.00839244790
0.03980833131	0.00545244519	-0.00825512580
0.03982270534	0.00534645109	-0.00811438662
0.03983710797	0.00523805577	-0.00796906625
0.03985143897	0.00512788574	-0.00781988507
0.03986570452	0.00501577539	-0.00766647279
0.03987990182	0.00490161513	-0.00750855152
0.03989398984	0.00478560079	-0.00734626646
0.03990794764	0.00466777414	-0.00717952296
0.03992175151	0.00454820368	-0.00700825898
0.03993538209	0.00442692418	-0.00683235451
0.03994882272	0.00430394736	-0.00665165624
0.03996204571	0.00417939022	-0.00646617818
0.03997502312	0.00405338458	-0.00627593596
0.03998773912	0.00392595465	-0.00608076140
0.04000017238	0.00379718445	-0.00588059789
0.04001230033	0.00366718182	-0.00567542145
0.04002410212	0.00353604996	-0.00546519503
0.04003555760	0.00340389890	-0.00524989659
0.04004663262	0.00327102674	-0.00502982968
0.04005733597	0.00313723361	-0.00480433082
0.04006763905	0.00300278224	-0.00457372387
0.04007751402	0.00286797320	-0.00433834858
0.04008696543	0.00273269144	-0.00409765702
0.04009597490	0.00259715175	-0.00385189068
0.04010452057	0.00246167220	-0.00360146691
0.04011261303	0.00232608591	-0.00334568565
0.04012022698	0.00219084168	-0.00308539062
0.04012737000	0.00205586408	-0.00282004992
0.04013403169	0.00192143185	-0.00255012176
0.04014021294	0.00178765359	-0.00227558326
0.04014591572	0.00165464525	-0.00199646025
0.04015113890	0.00152264421	-0.00171314542
0.04015589239	0.00139165587	-0.00142534049
0.04016017613	0.00126200375	-0.00113378930
0.04016400524	0.00113361512	-0.00083791609
0.04016738287	0.00100685315	-0.00053872481
0.04017032635	0.00088163540	-0.00023557242
0.04017284498	0.00075823914	0.00007071400
0.04017495486	0.00063671194	0.00038026968
0.04017667178	0.00051715023	0.00069289756
0.04017801123	0.00039976718	0.00100796672
0.04017899252	0.00028453515	0.00132587416
0.04017963357	0.00017159806	0.00164601559
0.04017995355	0.00006109502	0.00196798076
0.04017997254	-0.00004697789	0.00229199166
0.04017971051	-0.00015252447	0.00261753518
0.04017918778	-0.00025547924	0.00294436187
0.04017842495	-0.00035576483	0.00327211972
0.04017744221	-0.00045336204	0.00360076323
0.04017625966	-0.00054823357	0.00392995820
0.04017489706	-0.00064034853	0.00425942030
0.04017337379	-0.00072968355	0.00458889646
0.04017170860	-0.00081622780	0.00491813451
0.04016991961	-0.00089997704	0.00524688516
0.04016802418	-0.00098093503	0.00557490244
0.04016603955	-0.00105908762	0.00590180279
0.04016398116	-0.00113446777	0.00622758587
0.04016186365	-0.00120710719	0.00655193946
0.04015970113	-0.00127702984	0.00687456318
0.04015750728	-0.00134425048	0.00719510969
0.04015529352	-0.00140883010	0.00751377345
0.04015307161	-0.00147079593	0.00782978564
0.04015085136	-0.00153020754	0.00814354724
0.04014864242	-0.00158710800	0.00845423426
0.04014645335	-0.00164154905	0.00876222052
0.04014429089	-0.00169360829	0.00906706642
0.04014216222	-0.00174333373	0.00936850397
0.04014007359	-0.00179077979	0.00966654660
0.04013802972	-0.00183602016	0.00996103847
0.04013603478	-0.00187912526	0.01025178752
0.04013409250	-0.00192016132	0.01053867206
0.04013220586	-0.00195919699	0.01082157984
0.04013037720	-0.00199630299	0.01110040806
0.04012860854	-0.00203154545	0.01137496441
0.04012690168	-0.00206498459	0.01164526314
0.04012525709	-0.00209669823	0.01191128982
0.04012367472	-0.00212676452	0.01217282381
0.04012215518	-0.00215524093	0.01242976599
0.04012069863	-0.00218218722	0.01268233871
0.04011930337	-0.00220769053	0.01293007820
0.04011797027	-0.00223178433	0.01317336102
0.04011669667	-0.00225456169	0.01341194643
0.04011548184	-0.00227607490	0.01364567360
0.04011432565	-0.00229636186	0.01387486109
0.04011322506	-0.00231550754	0.01409930348
0.04011217871	-0.00233356368	0.01431900672
0.04011118507	-0.00235058130	0.01453398308
0.04011024252	-0.00236661040	0.01474425081
0.04010934930	-0.00238170085	0.01494983382
0.04010850352	-0.00239590182	0.01515076144
0.04010770323	-0.00240926158	0.01534706809
0.04010694647	-0.00242182680	0.01553879298
0.04010623114	-0.00243364408	0.01572597982
0.04010555515	-0.00244475895	0.01590848159
0.04010491839	-0.00245518249	0.01608664388
0.04010431769	-0.00246497521	0.01626047837
0.04010375015	-0.00247419155	0.01642963229
0.04010321749	-0.00248281021	0.01659481686
0.04010271424	-0.00249092566	0.01675545225
0.04010224205	-0.00249851615	0.01691219403
0.04010179589	-0.00250566684	0.01706442280
0.04010137856	-0.00251233701	0.01721292352
0.04010098501	-0.00251861098	0.01735732747
0.04010061466	-0.00252450068	0.01749763056
0.04010026821	-0.00252999798	0.01763427763
0.04009994225	-0.00253515908	0.01776711193
0.04009963582	-0.00254000135	0.01789620948
0.04009934788	-0.00254454316	0.01802158499
0.04009907811	-0.00254879090	0.01814340410
0.04009882544	-0.00255276286	0.01826178694
0.04009858831	-0.00255648502	0.01837674260
0.04009836581	-0.00255997251	0.01848834893
0.04009815712	-0.00256323921	0.01859668372
0.04009796139	-0.00256629932	0.01870182459
0.04009777782	-0.00256916594	0.01880384888
0.04009760540	-0.00257185562	0.01890273332
0.04009744431	-0.00257436586	0.01899866930
0.04009729378	-0.00257670937	0.01909176551
0.04009715263	-0.00257890495	0.01918204912
0.04009702016	-0.00258096386	0.01926959469
0.04009689534	-0.00258290225	0.01935434407
0.04009677837	-0.00258471745	0.01943638237
0.04009667019	-0.00258639510	0.01951611113
0.04009656831	-0.00258797414	0.01959339109
0.04009647341	-0.00258944399	0.01966875486
0.04009640818	-0.00259045385	0.01975818746
0.04009571851	-0.00260110694	0.01984698639
0.04009440488	-0.00262127787	0.01993411057
0.04009246855	-0.00265072923	0.02001853854
0.04008991224	-0.00268911441	0.02009928046
0.04008674100	-0.00273598166	0.02017538971
0.04008296333	-0.00279077952	0.02024597398
0.04007859243	-0.00285286327	0.02031020572
0.04007364748	-0.00292150263	0.02036733189
0.04006815495	-0.00299589040	0.02041668272
0.04006214972	-0.00307515201	0.02045767963
0.04005567610	-0.00315835590	0.02048984197
0.04004878850	-0.00324452457	0.02051279265
0.04004155179	-0.00333264608	0.02052626261
0.04003404132	-0.00342168610	0.02053009392
0.03984182476	0.00860270886	-0.01309921170
0.03982696405	0.00867124756	-0.01290013381
0.03982267832	0.00869090855	-0.01281173988
0.03982032878	0.00870166741	-0.01274063436
0.03981883245	0.00870851207	-0.01267865612
0.03981805911	0.00871204732	-0.01262198211
0.03981780496	0.00871320884	-0.01256899994
0.03981781244	0.00871317463	-0.01251905220
0.03981833333	0.00871079395	-0.01247075503
0.03981908819	0.00870734264	-0.01242421479
0.03982003620	0.00870300622	-0.01237910959
0.03982137389	0.00869688343	-0.01233467937
0.03982294469	0.00868968791	-0.01229107150
0.03982463548	0.00868193578	-0.01224835776
0.03982660324	0.00867290463	-0.01220600670
0.03982883583	0.00866264604	-0.01216393192
0.03983127677	0.00865141554	-0.01212216788
0.03983392466	0.00863921559	-0.01208062854
0.03983677928	0.00862604292	-0.01203923583
0.03983984150	0.00861188882	-0.01199791929
0.03984310371	0.00859678351	-0.01195663674
0.03984658866	0.00858061607	-0.01191527576
0.03985030719	0.00856332978	-0.01187376128
0.03985421432	0.00854512734	-0.01183216296
0.03985834948	0.00852581824	-0.01179033297
0.03986271462	0.00850538556	-0.01174822714
0.03986731067	0.00848381638	-0.01170580318
0.03987214249	0.00846107873	-0.01166301213
0.03987721487	0.00843714018	-0.01161980325
0.03988250646	0.00841209120	-0.01157619798
0.03988792443	0.00838636301	-0.01153241119
0.03989372486	0.00835872698	-0.01148767647
0.03989977226	0.00832981233	-0.01144235673
0.03990587863	0.00830050908	-0.01139694980
0.03991245113	0.00826884786	-0.01135020637
0.03991910246	0.00823667767	-0.01130325494
0.03992613431	0.00820252393	-0.01125512274
0.03993328387	0.00816764591	-0.01120658123
0.03994084244	0.00813060300	-0.01115666132
0.03994847745	0.00809300618	-0.01110637941
0.03995648880	0.00805335974	-0.01105469578
0.03996476231	0.00801220156	-0.01100194421
0.03997324332	0.00796978156	-0.01094824739
0.03998195445	0.00792596482	-0.01089345904
0.03999097930	0.00788030293	-0.01083722242
0.04000025434	0.00783308705	-0.01077970223
0.04000978221	0.00778427437	-0.01072081729
0.04001956511	0.00773382234	-0.01066048502
0.04002960474	0.00768168893	-0.01059862125
0.04003990251	0.00762783111	-0.01053514253
0.04005045926	0.00757220660	-0.01046996385
0.04006120312	0.00751515830	-0.01040328486
0.04007224328	0.00745606586	-0.01033455952
0.04008355575	0.00739500904	-0.01026380678
0.04009505803	0.00733238851	-0.01019128514
0.04010679731	0.00726790270	-0.01011668188
0.04011881119	0.00720129078	-0.01003972075
0.04013098139	0.00713315728	-0.00996085288
0.04014342483	0.00706279288	-0.00987939656
0.04015607942	0.00699048539	-0.00979555020
0.04016887683	0.00691656953	-0.00970953682
0.04018193612	0.00684029312	-0.00962060393
0.04019517426	0.00676206817	-0.00952907835
0.04020858525	0.00668186145	-0.00943485498
0.04022216231	0.00659964083	-0.00933783012
0.04023589788	0.00651537579	-0.00923790088
0.04024978345	0.00642903823	-0.00913496473
0.04026380964	0.00634060194	-0.00902892026
0.04027796632	0.00625004236	-0.00891966773
0.04029224237	0.00615733745	-0.00880710836
0.04030662582	0.00606246772	-0.00869114474
0.04032107653	0.00596560036	-0.00857186844
0.04033559061	0.00586666264	-0.00844910434
0.04035020132	0.00576531466	-0.00832238225
0.04036479137	0.00566226257	-0.00819243020
0.04037946285	0.00555666988	-0.00805814332
0.04039407707	0.00544941627	-0.00792049978
0.04040872591	0.00533970697	-0.00777838729
0.04042330979	0.00522815700	-0.00763249047
0.04043783452	0.00511460061	-0.00748245346
0.04045229691	0.00499892732	-0.00732800898
0.04046665585	0.00488132814	-0.00716929327
0.04048089009	0.00476184182	-0.00700621353
0.04049497560	0.00464053351	-0.00683870810
0.04050889262	0.00451743499	-0.00666665994
0.04052262403	0.00439255524	-0.00648992048
0.04053614164	0.00426600766	-0.00630850093
0.04054941696	0.00413792024	-0.00612241387
0.04056243358	0.00400831410	-0.00593149639
0.04057516947	0.00387726999	-0.00573569243
0.04058760133	0.00374489232	-0.00553497711
0.04059970751	0.00361128096	-0.00532931312
0.04061146699	0.00347654263	-0.00511867769
0.04062284465	0.00334097178	-0.00490335888
0.04063384853	0.00320436484	-0.00468272069
0.04064444881	0.00306698236	-0.00445707191
0.04065461650	0.00292912221	-0.00422673586
0.04066435527	0.00279066488	-0.00399118709
0.04067364542	0.00265182360	-0.00375065615
0.04068246376	0.00251291507	-0.00350554131
0.04069081999	0.00237376674	-0.00325517195
0.04069868716	0.00223482969	-0.00300035569
0.04070607188	0.00209602289	-0.00274058282
0.04071296230	0.00195762624	-0.00247629246
0.04071935810	0.00181974615	-0.00220746291
0.04072526002	0.00168249714	-0.00193411955
0.04073066558	0.00154611831	-0.00165663950
0.04073558367	0.00141061100	-0.00137473788
0.04074001284	0.00127630469	-0.00108912924
0.04074396737	0.00114311968	-0.00079926285
0.04074744913	0.00101142922	-0.00050610373
0.04075047469	0.00088114269	-0.00020903673
0.04075305232	0.00075254701	0.00009114182
0.04075519740	0.00062568746	0.00039455943
0.04075692501	0.00050066322	0.00070102372
0.04075825004	0.00037769566	0.00100992615
0.04075919134	0.00025675161	0.00132164485
0.04075976644	0.00013798472	0.00163559519
0.04075999431	0.00002154022	0.00195137979
0.04075989484	-0.00009258871	0.00226920813
0.04075948801	-0.00020429642	0.00258858241
0.04075879426	-0.00031351251	0.00290925862
0.04075783448	-0.00042015286	0.00323089401
0.04075662913	-0.00052419645	0.00355344032
0.04075519877	-0.00062559850	0.00387657107
0.04075356375	-0.00072432155	0.00420000776
0.04075174412	-0.00082033606	0.00452350198
0.04074975938	-0.00091362482	0.00484680588
0.04074762850	-0.00100417706	0.00516967433
0.04074536978	-0.00109198988	0.00549186526
0.04074300157	-0.00117703986	0.00581300438
0.04074054021	-0.00125935817	0.00613308615
0.04073800149	-0.00133896765	0.00645180418
0.04073540073	-0.00141588386	0.00676886383
0.04073275298	-0.00149011239	0.00708392548
0.04073007049	-0.00156171641	0.00739717138
0.04072736679	-0.00163070373	0.00770785515
0.04072465238	-0.00169714121	0.00801635865
0.04072193881	-0.00176105062	0.00832188219
0.04071923535	-0.00182249077	0.00862478192
0.04071655019	-0.00188152616	0.00892462856
0.04071389190	-0.00193819662	0.00922115934
0.04071126778	-0.00199255509	0.00951438310
0.04070868369	-0.00204466916	0.00980414499
0.04070614500	-0.00209460235	0.01009025551
0.04070365652	-0.00214241585	0.01037259331
0.04070122230	-0.00218817348	0.01065104630
0.04069884566	-0.00223194130	0.01092551163
0.04069652971	-0.00227377870	0.01119580037
0.04069427707	-0.00231374452	0.01146192325
0.04069208892	-0.00235191398	0.01172386303
0.04068996619	-0.00238835744	0.01198140370
0.04068791036	-0.00242312824	0.01223444716
0.04068592187	-0.00245629015	0.01248320564
0.04068400022	-0.00248791603	0.01272722877
0.04068214638	-0.00251804809	0.01296687859
0.04068035840	-0.00254677066	0.01320192008
0.04067863631	-0.00257413045	0.01343219655
0.04067698001	-0.00260017260	0.01365801441
0.04067538702	-0.00262497441	0.01387917335
0.04067385635	-0.00264858641	0.01409567805
0.04067238678	-0.00267105857	0.01430753942
0.04067097696	-0.00269244001	0.01451477426
0.04066962534	-0.00271277993	0.01471740501
0.04066833021	-0.00273212694	0.01491545941
0.04066708977	-0.00275052894	0.01510897024
0.04066590214	-0.00276803238	0.01529797507
0.04066476529	-0.00278468378	0.01548251589
0.04066367750	-0.00280052356	0.01566245074
0.04066263833	-0.00281557174	0.01583811399
0.04066164454	-0.00282988749	0.01600951659
0.04066069387	-0.00284351437	0.01617631804
0.04065978713	-0.00285645074	0.01633920655
0.04065891958	-0.00286877294	0.01649762159
0.04065809206	-0.00288047746	0.01665219780
0.04065730037	-0.00289163049	0.01680233678
0.04065654629	-0.00290221360	0.01694879862
0.04065582511	-0.00291229884	0.01709122691
0.04065513637	-0.00292189775	0.01722961900
0.04065448013	-0.00293101445	0.01736440602
0.04065385305	-0.00293969938	0.01749543690
0.04065325404	-0.00294797149	0.01762278623
0.04065268203	-0.00295584907	0.01774646943
0.04065213647	-0.00296334284	0.01786664788
0.04065161602	-0.00297047387	0.01798343872
0.04065111902	-0.00297726766	0.01809685175
0.04065064439	-0.00298374107	0.01820696342
0.04065019114	-0.00298990970	0.01831385013
0.04064975824	-0.00299578951	0.01841758812
0.04064934472	-0.00300139533	0.01851825338
0.04064894954	-0.00300674264	0.01861582469
0.04064857260	-0.00301183424	0.01871048848
0.04064821286	-0.00301668546	0.01880235096
0.04064786899	-0.00302131533	0.01889143947
0.04064754010	-0.00302573685	0.01897782730
0.04064722521	-0.00302996409	0.01906145951
0.04064692440	-0.00303399681	0.01914241990
0.04064663794	-0.00303783211	0.01922109785
0.04064636335	-0.00304150397	0.01929735948
0.04064610034	-0.00304501676	0.01937172050
0.04064584119	-0.00304847397	0.01945940531
0.04064487233	-0.00306136460	0.01954620126
0.04064319624	-0.00308353684	0.01963109076
0.04064081765	-0.00311472961	0.01971307855
0.04063774419	-0.00315457563	0.01979120341
0.04063398720	-0.00320260581	0.01986454938
0.04062956283	-0.00325825477	0.01993225656
0.04062449308	-0.00332086761	0.01999353113
0.04061880700	-0.00338970764	0.02004765472
0.04061254173	-0.00346396512	0.02009399277
0.04060574347	-0.00354276692	0.02013200201
0.04059846820	-0.00362518682	0.02016123682
0.04059078217	-0.00371025648	0.02018135444
0.04058276193	-0.00379697696	0.02019211902
0.04057449417	-0.00388433046	0.02019340435
0.04040589478	0.00873837896	-0.01280279158
0.04039168527	0.00880382652	-0.01260685571
0.04038766747	0.00882223987	-0.01251991411
0.04038551939	0.00883206793	-0.01245001099
0.04038419612	0.00883811655	-0.01238908801
0.04038357354	0.00884096082	-0.01233339659
0.04038345513	0.00884150168	-0.01228134513
0.04038359191	0.00884087690	-0.01223227252
0.04038422846	0.00883796873	-0.01218484266
0.04038509425	0.00883401168	-0.01213913967
0.04038615001	0.00882918383	-0.01209484566
0.04038758655	0.00882261032	-0.01205123103
0.04038925226	0.00881498166	-0.01200842847
0.04039103772	0.00880679692	-0.01196649986
0.04039309531	0.00879735479	-0.01192493657
0.04039541346	0.00878670426	-0.01188365295
0.04039793755	0.00877509211	-0.01184267836
0.04040066643	0.00876251973	-0.01180192827
0.04040360004	0.00874898299	-0.01176132610
0.04040673941	0.00873447251	-0.01172080274
0.04041007732	0.00871901664	-0.01168031610
0.04041363600	0.00870250684	-0.01163975769
0.04041742613	0.00868488716	-0.01159905468
0.04042140426	0.00866635319	-0.01155827143
0.04042560882	0.00864671913	-0.01151726617
0.04043004184	0.00862596760	-0.01147599558
0.04043470442	0.00860408499	-0.01143441810
0.04043960145	0.00858103926	-0.01139248595
0.04044473774	0.00855679785	-0.01135014964
0.04045009276	0.00853144746	-0.01130742810
0.04045557661	0.00850540539	-0.01126452343
0.04046143801	0.00847747807	-0.01122070734
0.04046754562	0.00844827508	-0.01117632302
0.04047371712	0.00841865916	-0.01113184083
0.04048034802	0.00838671713	-0.01108607418
0.04048706242	0.00835424301	-0.01104009233
0.04049415351	0.00831980357	-0.01099297061
0.04050136620	0.00828462047	-0.01094543946
0.04050898366	0.00824729307	-0.01089657768
0.04051668297	0.00820938494	-0.01084734807
0.04052475572	0.00816944144	-0.01079676192
0.04053309116	0.00812798380	-0.01074513464
0.04054163634	0.00808525341	-0.01069258069
0.04055041341	0.00804111759	-0.01063895905
0.04055950388	0.00799513883	-0.01058392917
0.04056884612	0.00794759868	-0.01052764561
0.04057844288	0.00789845387	-0.01047002918
0.04058829648	0.00784766137	-0.01041099935
0.04059840872	0.00779517858	-0.01035047401
0.04060878117	0.00774096194	-0.01028837181
0.04061941479	0.00768496857	-0.01022460981
0.04063023971	0.00762753045	-0.01015937517
0.04064136247	0.00756804179	-0.01009214681
0.04065275981	0.00750657844	-0.01002294079
0.04066435144	0.00744352886	-0.00995200026
0.04067618347	0.00737859732	-0.00987902557
0.04068829269	0.00731152774	-0.00980375189
0.04070056376	0.00724290752	-0.00972660563
0.04071311089	0.00717204304	-0.00964693623
0.04072587352	0.00709921308	-0.00956493018
0.04073878491	0.00702474228	-0.00948079684
0.04075196146	0.00694789447	-0.00939381818
0.04076532200	0.00686906994	-0.00930430294
0.04077886065	0.00678823425	-0.00921214862
0.04079257075	0.00670535394	-0.00911725408
0.04080644485	0.00662039717	-0.00901951897
0.04082047454	0.00653333440	-0.00891884331
0.04083465056	0.00644413793	-0.00881512819
0.04084896283	0.00635278170	-0.00870827631
0.04086340035	0.00625924209	-0.00859819137
0.04087795119	0.00616349794	-0.00848477832
0.04089257574	0.00606571096	-0.00836812178
0.04090726999	0.00596580774	-0.00824805248
0.04092206643	0.00586345284	-0.00812412048
0.04093684936	0.00575933714	-0.00799701674
0.04095171906	0.00565263711	-0.00786568626
0.04096653855	0.00554421493	-0.00773105875
0.04098139812	0.00543328708	-0.00759207176
0.04099619913	0.00532045647	-0.00744937562
0.04101094695	0.00520555761	-0.00730262844
0.04102563803	0.00508847954	-0.00715157318
0.04104023124	0.00496940836	-0.00699633758
0.04105470511	0.00484837996	-0.00683683069
0.04106903533	0.00472545631	-0.00667299129
0.04108320178	0.00460066640	-0.00650470534
0.04109718694	0.00447401672	-0.00633182889
0.04111096218	0.00434561716	-0.00615437056
0.04112449859	0.00421559194	-0.00597234008
0.04113777918	0.00408395939	-0.00578557972
0.04115078131	0.00395079713	-0.00559403408
0.04116348102	0.00381620628	-0.00539767749
0.04117585595	0.00368028348	-0.00519647250
0.04118788430	0.00354313235	-0.00499039573
0.04119953010	0.00340504326	-0.00477972041
0.04121080058	0.00326581004	-0.00456383719
0.04122166491	0.00312569066	-0.00434304040
0.04123209302	0.00298497993	-0.00411763758
0.04124208768	0.00284355475	-0.00388712515
0.04125162802	0.00270162655	-0.00365172314
0.04126068962	0.00255951015	-0.00341181148
0.04126928123	0.00241702850	-0.00316674815
0.04127737445	0.00227463373	-0.00291730592
0.04128497489	0.00213224023	-0.00266299664
0.04129206932	0.00199012837	-0.00240424103
0.04129865625	0.00184840260	-0.00214101864
0.04130473520	0.00170717605	-0.00187335445
0.04131030242	0.00156668899	-0.00160161056
0.04131536571	0.00142693939	-0.00132551520
0.04131992234	0.00128826151	-0.00104575448
0.04132398564	0.00115056983	-0.00076180209
0.04132755624	0.00101424608	-0.00047458519
0.04133064989	0.00087919273	-0.00018351587
0.04133327381	0.00074570501	0.00011063950
0.04133544263	0.00061382632	0.00040800083
0.04133717062	0.00048365839	0.00070838033
0.04133847203	0.00035542978	0.00101119126
0.04133936516	0.00022910272	0.00131679332
0.04133986706	0.00010483959	0.00162462113
0.04133999642	-0.00001720886	0.00193428985
0.04133977282	-0.00013705174	0.00224599678
0.04133921615	-0.00025457476	0.00255925913
0.04133834684	-0.00036970290	0.00287383825
0.04133718595	-0.00048234583	0.00318940052
0.04133575410	-0.00059248059	0.00350589502
0.04133407217	-0.00070005541	0.00382300290
0.04133216099	-0.00080502662	0.00414045150
0.04133004113	-0.00090735888	0.00445799701
0.04132773273	-0.00100702888	0.00477539596
0.04132525548	-0.00110401968	0.00509240739
0.04132262848	-0.00119832205	0.00540879320
0.04131987110	-0.00128990391	0.00572418828
0.04131700045	-0.00137879443	0.00603858210
0.04131403335	-0.00146500810	0.00635167417
0.04131098625	-0.00154855256	0.00666317561
0.04130787546	-0.00162942476	0.00697275456
0.04130471398	-0.00170768949	0.00728058136
0.04130151705	-0.00178333667	0.00758593191
0.04129829576	-0.00185643936	0.00788916935
0.04129506353	-0.00192699976	0.00818951813
0.04129183024	-0.00199508276	0.00848731709
0.04128860555	-0.00206074058	0.00878214731
0.04128539937	-0.00212400539	0.00907375134
0.04128221999	-0.00218492847	0.00936213362
0.04127907444	-0.00224357155	0.00964714043
0.04127596926	-0.00229999159	0.00992858494
0.04127291037	-0.00235424494	0.01020634633
0.04126990288	-0.00240639074	0.01048031279
0.04126695111	-0.00245649058	0.01075038158
0.04126405932	-0.00250459746	0.01101636725
0.04126123094	-0.00255076875	0.01127827718
0.04125846792	-0.00259507707	0.01153609151
0.04125577224	-0.00263758547	0.01178959891
0.04125314627	-0.00267834336	0.01203870244
0.04125059078	-0.00271741796	0.01228360444
0.04124810659	-0.00275486894	0.01252386794
0.04124569474	-0.00279074635	0.01275984065
0.04124335414	-0.00282512636	0.01299129340
0.04124108567	-0.00285805047	0.01321807369
0.04123888921	-0.00288957035	0.01344047594
0.04123676302	-0.00291975614	0.01365830505
0.04123470651	-0.00294865717	0.01387156453
0.04123271887	-0.00297632235	0.01408026400
0.04123079908	-0.00300279997	0.01428441894
0.04122894587	-0.00302813849	0.01448405034
0.04122715779	-0.00305238599	0.01467918447
0.04122543325	-0.00307558996	0.01486985256
0.04122377052	-0.00309779661	0.01505609060
0.04122216773	-0.00311905234	0.01523793890
0.04122062363	-0.00313939290	0.01541526064
0.04121913741	-0.00315884646	0.01558837902
0.04121770589	-0.00317747093	0.01575730434
0.04121632757	-0.00319529992	0.01592170835
0.04121500223	-0.00321234982	0.01608225637
0.04121372615	-0.00322868034	0.01623840716
0.04121249916	-0.00324430470	0.01639077449
0.04121131820	-0.00325927170	0.01653878097
0.04121018383	-0.00327358342	0.01668316186
0.04120909189	-0.00328730062	0.01682357309
0.04120804208	-0.00330043454	0.01696001347
0.04120703371	-0.00331300060	0.01709290044
0.04120606367	-0.00332504393	0.01722208864
0.04120513076	-0.00333658498	0.01734765122
0.04120423392	-0.00334764203	0.01746960433
0.04120337234	-0.00335822983	0.01758810508
0.04120254446	-0.00336837202	0.01770326764
0.04120174854	-0.00337809373	0.01781510256
0.04120098337	-0.00338741341	0.01792368485
0.04120024779	-0.00339634835	0.01802908955
0.04119954061	-0.00340491611	0.01813139152
0.04119886069	-0.00341313320	0.01823066535
0.04119820703	-0.00342101416	0.01832689192
0.04119757918	-0.00342856674	0.01842025267
0.04119697584	-0.00343580872	0.01851085131
0.04119639557	-0.00344275935	0.01859871539
0.04119583729	-0.00344943329	0.01868391691
0.04119530010	-0.00345584279	0.01876640411
0.04119478396	-0.00346198992	0.01884625945
0.04119428835	-0.00346788230	0.01892386019
0.04119381088	-0.00347354941	0.01899907783
0.04119335012	-0.00347900932	0.01907241123
0.04119286332	-0.00348476848	0.01915830088
0.04119159346	-0.00349974687	0.01924306214
0.04118954550	-0.00352376803	0.01932570127
0.04118672795	-0.00355654901	0.01940524940
0.04118315345	-0.00359770371	0.01948077390
0.04117883963	-0.00364674746	0.01955138932
0.04117380999	-0.00370310283	0.01961626775
0.04116809495	-0.00376610645	0.01967464855
0.04116173278	-0.00383501690	0.01972584726
0.04115477050	-0.00390902352	0.01976926363
0.04114726466	-0.00398725606	0.01980438863
0.04113928180	-0.00406879498	0.01983081047
0.04113089872	-0.00415268233	0.01984821936
0.04112220231	-0.00423793314	0.01985641120
0.04111328911	-0.00432354699	0.01985528995
0.04096246449	0.00886141088	-0.01251817054
0.04094888422	0.00892395547	-0.01232534128
0.04094512252	0.00894119912	-0.01223982929
0.04094316559	0.00895015595	-0.01217110638
0.04094200584	0.00895545967	-0.01211121820
0.04094152489	0.00895765815	-0.01205648860
0.04094153336	0.00895761947	-0.01200534700
0.04094179074	0.00895644300	-0.01195712978
0.04094253434	0.00895304316	-0.01191054592
0.04094350248	0.00894861468	-0.01186565924
0.04094465744	0.00894332866	-0.01182215594
0.04094618422	0.00893633583	-0.01177933498
0.04094793622	0.00892830441	-0.01173731555
0.04094980765	0.00891971711	-0.01169615048
0.04095194631	0.00890989303	-0.01165535248
0.04095434113	0.00889887874	-0.01161483674
0.04095693940	0.00888691256	-0.01157462789
0.04095974017	0.00887399491	-0.01153464293
0.04096274354	0.00886012087	-0.01149480668
0.04096595067	0.00884528041	-0.01145505137
0.04096935474	0.00882950011	-0.01141533503
0.04097297745	0.00881267376	-0.01137555289
0.04097682930	0.00879474617	-0.01133563421
0.04098086837	0.00877590608	-0.01129563848
0.04098513205	0.00875597230	-0.01125542960
0.04098962248	0.00873492696	-0.01121496506
0.04099434089	0.00871275587	-0.01117420402
0.04099929219	0.00868942688	-0.01113309986
0.04100448122	0.00866490737	-0.01109160422
0.04100988825	0.00863928038	-0.01104973376
0.04101542632	0.00861294975	-0.01100767869
0.04102133671	0.00858475595	-0.01096474630
0.04102749226	0.00855528952	-0.01092126142
0.04103371640	0.00852538672	-0.01087766882
0.04104039279	0.00849318899	-0.01083284042
0.04104715711	0.00846043694	-0.01078779025
0.04105429388	0.00842573759	-0.01074163859
0.04106155584	0.00839027603	-0.01069507759
0.04106921792	0.00835269055	-0.01064723079
0.04107696694	0.00831449861	-0.01059901099
0.04108508608	0.00827428559	-0.01054947716
0.04109346801	0.00823255654	-0.01049892755
0.04110206150	0.00818954457	-0.01044746900
0.04111088825	0.00814511922	-0.01039496544
0.04112002759	0.00809885370	-0.01034109149
0.04112941981	0.00805102017	-0.01028599224
0.04113906778	0.00800157500	-0.01022959044
0.04114897389	0.00795047471	-0.01017180750
0.04115914006	0.00789767623	-0.01011256328
0.04116956795	0.00784313551	-0.01005177842
0.04118025866	0.00778680915	-0.00998937199
0.04119114435	0.00772901849	-0.00992551952
0.04120232881	0.00766917209	-0.00985972330
0.04121378952	0.00760734206	-0.00979199675
0.04122544844	0.00754390488	-0.00972256870
0.04123735055	0.00747857068	-0.00965115176
0.04124953179	0.00741108812	-0.00957749187
0.04126187984	0.00734202780	-0.00950199232
0.04127450607	0.00727071170	-0.00942403181
0.04128735148	0.00719740978	-0.00934378567
0.04130035103	0.00712243675	-0.00926145052
0.04131361826	0.00704507246	-0.00917634073
0.04132707399	0.00696570568	-0.00908874810
0.04134071240	0.00688430084	-0.00899857261
0.04135452699	0.00680082332	-0.00890571559
0.04136851038	0.00671524006	-0.00881007915
0.04138265428	0.00662752024	-0.00871156572
0.04139694954	0.00653763482	-0.00861007880
0.04141138615	0.00644555636	-0.00850552348
0.04142595321	0.00635125980	-0.00839780578
0.04144063883	0.00625472249	-0.00828683296
0.04145540403	0.00615610077	-0.00817268318
0.04147024464	0.00605532075	-0.00805519272
0.04148519230	0.00595205172	-0.00793393074
0.04150013315	0.00584696916	-0.00780955338
0.04151516541	0.00573926311	-0.00768105267
0.04153015411	0.00562977795	-0.00754931273
0.04154518771	0.00551774210	-0.00741331812
0.04156016877	0.00540374610	-0.00727368697
0.04157510217	0.00528762515	-0.00713009059
0.04158998398	0.00516926806	-0.00698228171
0.04160477319	0.00504885608	-0.00683038009
0.04161944812	0.00492642248	-0.00667429662
0.04163398425	0.00480202623	-0.00651397058
0.04164836117	0.00467569377	-0.00634929084
0.04166256096	0.00454742941	-0.00618011790
0.04167655469	0.00441733963	-0.00600645803
0.04169031307	0.00428554504	-0.00582831834
0.04170381860	0.00415206147	-0.00564554613
0.04171704811	0.00401696363	-0.00545808665
0.04172997708	0.00388034954	-0.00526591362
0.04174258251	0.00374231280	-0.00506898954
0.04175484190	0.00360295406	-0.00486729055
0.04176671859	0.00346255948	-0.00466107593
0.04177821900	0.00332092120	-0.00444976168
0.04178931137	0.00317829434	-0.00423362851
0.04179996477	0.00303497040	-0.00401296911
0.04181018105	0.00289082355	-0.00378730070
0.04181993827	0.00274606323	-0.00355683346
0.04182921095	0.00260100195	-0.00332192997
0.04183800688	0.00245545932	-0.00308197551
0.04184629637	0.00230988745	-0.00283770973
0.04185408404	0.00216419704	-0.00258866514
0.04186135542	0.00201866841	-0.00233524499
0.04186810787	0.00187340422	-0.00207743010
0.04187433977	0.00172851633	-0.00181524517
0.04188004615	0.00158424567	-0.00154903802
0.04188523377	0.00144058748	-0.00127854943
0.04188989864	0.00129787970	-0.00100443848
0.04189405315	0.00115603213	-0.00072620219
0.04189769678	0.00101543332	-0.00044473162
0.04190084437	0.00087598017	-0.00015946490
0.04190350216	0.00073797484	0.00012886018
0.04190568394	0.00060145926	0.00042035625
0.04190740320	0.00046653747	0.00071483992
0.04190867351	0.00033344417	0.00101174527
0.04190951253	0.00020213790	0.00131141437
0.04190993679	0.00007278874	0.00161330030
0.04190996463	-0.00005444769	0.00191703025
0.04190961525	-0.00017958222	0.00222278984
0.04190890834	-0.00030249280	0.00253011076
0.04190786425	-0.00042310021	0.00283875953
0.04190650409	-0.00054130843	0.00314841134
0.04190484852	-0.00065709254	0.00345901278
0.04190291866	-0.00077039436	0.00377025241
0.04190073566	-0.00088116446	0.00408186323
0.04189832052	-0.00098936212	0.00439360598
0.04189569389	-0.00109495837	0.00470524147
0.04189287604	-0.00119793048	0.00501653285
0.04188988675	-0.00129826332	0.00532724594
0.04188674630	-0.00139591690	0.00563702461
0.04188347243	-0.00149091826	0.00594585361
0.04188008289	-0.00158327413	0.00625343827
0.04187659516	-0.00167298481	0.00655949541
0.04187302666	-0.00176003933	0.00686370075
0.04186939105	-0.00184450352	0.00716621328
0.04186570519	-0.00192635111	0.00746633056
0.04186198068	-0.00200566037	0.00776439777
0.04185823270	-0.00208241575	0.00805966284
0.04185447169	-0.00215668726	0.00835244799
0.04185070868	-0.00222851587	0.00864234451
0.04184695489	-0.00229792663	0.00892910021
0.04184321954	-0.00236496908	0.00921271537
0.04183951076	-0.00242969943	0.00949303756
0.04183583627	-0.00249216851	0.00976988269
0.04183220304	-0.00255242809	0.01004313054
0.04182861721	-0.00261053289	0.01031266975
0.04182508414	-0.00266654024	0.01057839778
0.04182160918	-0.00272049726	0.01084013272
0.04181819660	-0.00277245977	0.01109787879
0.04181484911	-0.00282249785	0.01135161372
0.04181156977	-0.00287066779	0.01160113089
0.04180836186	-0.00291701535	0.01184633458
0.04180522650	-0.00296161063	0.01208741759
0.04180216587	-0.00300450136	0.01232395612
0.04179918110	-0.00304574446	0.01255628407
0.04179627201	-0.00308540861	0.01278417802
0.04179344035	-0.00312353060	0.01300748967
0.04179068604	-0.00316016778	0.01322650182
0.04178800812	-0.00319538378	0.01344102460
0.04178540648	-0.00322922673	0.01365106040
0.04178288073	-0.00326174456	0.01385661769
0.04178043025	-0.00329298470	0.01405771072
0.04177805410	-0.00332299493	0.01425435916
0.04177575115	-0.00335182275	0.01444658788
0.04177352004	-0.00337951526	0.01463442668
0.04177135930	-0.00340611839	0.01481791005
0.04176926721	-0.00343167841	0.01499707677
0.04176724310	-0.00345622685	0.01517179499
0.04176528579	-0.00347979922	0.01534237710
0.04176339220	-0.00350245224	0.01550883283
0.04176156175	-0.00352421061	0.01567084589
0.04175979307	-0.00354510689	0.01582905928
0.04175808365	-0.00356518587	0.01598295064
0.04175643224	-0.00358447580	0.01613311341
0.04175483708	-0.00360300990	0.01627899071
0.04175329741	-0.00362080868	0.01642129357
0.04175180976	-0.00363792276	0.01655969001
0.04175037401	-0.00365436318	0.01669418026
0.04174898871	-0.00367015555	0.01682516839
0.04174765104	-0.00368534021	0.01695251466
0.04174635974	-0.00369993902	0.01707629084
0.04174511378	-0.00371397031	0.01719651374
0.04174391211	-0.00372745250	0.01731333633
0.04174275292	-0.00374041158	0.01742686989
0.04174163448	-0.00375287235	0.01753712566
0.04174055544	-0.00376485480	0.01764417730
0.04173951451	-0.00377637773	0.01774809848
0.04173851033	-0.00378746024	0.01784896271
0.04173754163	-0.00379812038	0.01794684325
0.04173660747	-0.00380837190	0.01804172296
0.04173570704	-0.00381822707	0.01813377841
0.04173483877	-0.00382770590	0.01822311090
0.04173400114	-0.00383682792	0.01830974814
0.04173319289	-0.00384560929	0.01839376087
0.04173241325	-0.00385406073	0.01847510045
0.04173166203	-0.00386218643	0.01855384797
0.04173093784	-0.00387000351	0.01863036885
0.04173023848	-0.00387753745	0.01870453988
0.04172956128	-0.00388481862	0.01877684347
0.04172882687	-0.00389269934	0.01886093267
0.04172724816	-0.00390958581	0.01894367318
0.04172483288	-0.00393527904	0.01902409496
0.04172159343	-0.00396947629	0.01910125512
0.04171754743	-0.00401177470	0.01917424905
0.04171271854	-0.00406167601	0.01924222094
0.04170713722	-0.00411859258	0.01930437390
0.04170084165	-0.00418185434	0.01935997923
0.04169387853	-0.00425071675	0.01940838502
0.04168630383	-0.00432436968	0.01944902375
0.04167818329	-0.00440194701	0.01948141896
0.04166959278	-0.00448253694	0.01950519086
0.04166061828	-0.00456519273	0.01952006074
0.04165135556	-0.00464894399	0.01952585427
0.04164190951	-0.00473280804	0.01952250351
0.04153095159	0.00897664527	-0.01223539275
0.04151799830	0.00903636638	-0.01204573360
0.04151448914	0.00905247430	-0.01196167479
0.04151271939	0.00906058655	-0.01189414853
0.04151171910	0.00906516838	-0.01183530866
0.04151137547	0.00906674177	-0.01178155193
0.04151150632	0.00906614265	-0.01173132955
0.04151187979	0.00906443251	-0.01168397643
0.04151272561	0.00906055806	-0.01163824559
0.04151379118	0.00905567455	-0.01159418171
0.04151504033	0.00904994620	-0.01155147524
0.04151665208	0.00904254941	-0.01150945283
0.04151848493	0.00903413024	-0.01146822090
0.04152043685	0.00902515508	-0.01142782369
0.04152265084	0.00901496350	-0.01138779459
0.04152511641	0.00900359968	-0.01134804964
0.04152778276	0.00899129353	-0.01130860905
0.04153064912	0.00897804453	-0.01126939134
0.04153371578	0.00896384701	-0.01123032275
0.04153698402	0.00894869032	-0.01119133683
0.04154044740	0.00893259926	-0.01115239180
0.04154412707	0.00891547002	-0.01111338650
0.04154803335	0.00889724816	-0.01107425225
0.04155212586	0.00887811561	-0.01103504387
0.04155644092	0.00885789579	-0.01099563076
0.04156098079	0.00883657037	-0.01095597125
0.04156574681	0.00881412458	-0.01091602519
0.04157074390	0.00879052624	-0.01087574710
0.04157597691	0.00876574262	-0.01083508978
0.04158142695	0.00873985313	-0.01079406769
0.04158701007	0.00871324818	-0.01075285964
0.04159295984	0.00868480234	-0.01071080724
0.04159915345	0.00865508709	-0.01066821763
0.04160542020	0.00862491218	-0.01062551092
0.04161213156	0.00859247384	-0.01058161555
0.04161893511	0.00855945913	-0.01053749227
0.04162610642	0.00852451548	-0.01049230475
0.04163340633	0.00848879130	-0.01044670822
0.04164110118	0.00845096401	-0.01039986947
0.04164888791	0.00841250475	-0.01035265303
0.04165704094	0.00837203920	-0.01030416395
0.04166545649	0.00833005615	-0.01025468397
0.04167408512	0.00828678041	-0.01020431256
0.04168294801	0.00824208380	-0.01015291851
0.04169212221	0.00819555037	-0.01010019112
0.04170155003	0.00814744287	-0.01004626639
0.04171123439	0.00809771732	-0.00999106895
0.04172117779	0.00804632986	-0.00993452215
0.04173138223	0.00799323697	-0.00987654780
0.04174184947	0.00793839420	-0.00981706850
0.04175258072	0.00788175763	-0.00975600532
0.04176351026	0.00782363793	-0.00969352255
0.04177473897	0.00776345823	-0.00962914519
0.04178624510	0.00770128692	-0.00956288414
0.04179795295	0.00763748841	-0.00949495437
0.04180990631	0.00757177883	-0.00942508046
0.04182214017	0.00750391173	-0.00935301882
0.04183454543	0.00743444073	-0.00927915040
0.04184723042	0.00736270373	-0.00920288226
0.04186013779	0.00728896182	-0.00912437901
0.04187320425	0.00721351965	-0.00904382495
0.04188654035	0.00713567356	-0.00896056592
0.04190006895	0.00705580060	-0.00887487733
0.04191378435	0.00697386416	-0.00878666163
0.04192768015	0.00688982854	-0.00869582261
0.04194174909	0.00680365955	-0.00860226479
0.04195598298	0.00671532515	-0.00850589302
0.04197037277	0.00662479508	-0.00840661320
0.04198490855	0.00653204059	-0.00830433276
0.04199957948	0.00643703528	-0.00819896006
0.04201437379	0.00633975510	-0.00809040466
0.04202925314	0.00624035098	-0.00797873848
0.04204421321	0.00613874867	-0.00786380326
0.04205928470	0.00603462262	-0.00774518680
0.04207435583	0.00592863233	-0.00762351144
0.04208952251	0.00581998235	-0.00749781501
0.04210465209	0.00570949845	-0.00736893734
0.04211983097	0.00559642198	-0.00723590884
0.04213496310	0.00548133057	-0.00709931630
0.04215005286	0.00536406037	-0.00695884401
0.04216509595	0.00524450031	-0.00681425426
0.04218005153	0.00512282667	-0.00666565910
0.04219489776	0.00499907021	-0.00651297132
0.04220960997	0.00487328699	-0.00635613075
0.04222416748	0.00474550106	-0.00619502918
0.04223855203	0.00461571470	-0.00602953152
0.04225273441	0.00448403105	-0.00585964185
0.04226668506	0.00435056709	-0.00568536480
0.04228038599	0.00421533638	-0.00550655264
0.04229381356	0.00407841083	-0.00532315139
0.04230694273	0.00393988540	-0.00513513423
0.04231974993	0.00379985074	-0.00494246371
0.04233221203	0.00365840461	-0.00474511556
0.04234429181	0.00351582865	-0.00454333552
0.04235599480	0.00337191411	-0.00433656453
0.04236728847	0.00322691298	-0.00412506999
0.04237814109	0.00308111305	-0.00390913013
0.04238855359	0.00293438652	-0.00368828269
0.04239850307	0.00278694058	-0.00346272823
0.04240796305	0.00263908498	-0.00323281241
0.04241694034	0.00249063693	-0.00299794735
0.04242540410	0.00234204754	-0.00275884032
0.04243335794	0.00219322457	-0.00251504413
0.04244078620	0.00204444780	-0.00226694497
0.04244768514	0.00189581818	-0.00201452496
0.04245405200	0.00174744637	-0.00175780858
0.04245988065	0.00159957355	-0.00149712966
0.04246517675	0.00145219271	-0.00123224139
0.04246993516	0.00130564458	-0.00096377626
0.04247416724	0.00115983516	-0.00069125432
0.04247787133	0.00101515857	-0.00041553107
0.04248106137	0.00087150717	-0.00013607037
0.04248374258	0.00072918899	0.00014641820
0.04248592788	0.00058824481	0.00043204006
0.04248762991	0.00044878086	0.00072061615
0.04248886155	0.00031103722	0.00101160115
0.04248963975	0.00017496945	0.00130531970
0.04248998045	0.00004075461	0.00160124314
0.04248990159	-0.00009144727	0.00189901061
0.04248942188	-0.00022164824	0.00219879620
0.04248856077	-0.00034971911	0.00250014598
0.04248733843	-0.00047557661	0.00280283165
0.04248577592	-0.00059911943	0.00310653716
0.04248389387	-0.00072032057	0.00341120671
0.04248171353	-0.00083911576	0.00371653627
0.04247925629	-0.00095545010	0.00402226457
0.04247654347	-0.00106927768	0.00432815694
0.04247359613	-0.00118056409	0.00463397852
0.04247043506	-0.00128928100	0.00493949667
0.04246708063	-0.00139540760	0.00524448119
0.04246355390	-0.00149889640	0.00554858496
0.04245987316	-0.00159977216	0.00585178820
0.04245605705	-0.00169803415	0.00615380212
0.04245212395	-0.00179367563	0.00645434936
0.04244809237	-0.00188667812	0.00675311329
0.04244397653	-0.00197710800	0.00705024175
0.04243979488	-0.00206492391	0.00734505400
0.04243555942	-0.00215020849	0.00763787744
0.04243128710	-0.00223292969	0.00792798357
0.04242698884	-0.00231316185	0.00821567815
0.04242267706	-0.00239093526	0.00850056282
0.04241836420	-0.00246626818	0.00878239075
0.04241406042	-0.00253920828	0.00906115822
0.04240977494	-0.00260980637	0.00933671421
0.04240551663	-0.00267810737	0.00960887749
0.04240129354	-0.00274415858	0.00987752861
0.04239711285	-0.00280801039	0.01014255674
0.04239298091	-0.00286971597	0.01040385973
0.04238890425	-0.00292931678	0.01066125927
0.04238488794	-0.00298686701	0.01091475656
0.04238093551	-0.00304243417	0.01116432705
0.04237705113	-0.00309606812	0.01140976895
0.04237323902	-0.00314781108	0.01165098783
0.04236950067	-0.00319773562	0.01188816708
0.04236583971	-0.00324587828	0.01212089620
0.04236225733	-0.00329230222	0.01234949529
0.04235875436	-0.00333706899	0.01257374688
0.04235533348	-0.00338021095	0.01279350687
0.04235199463	-0.00342179060	0.01300904655
0.04234873774	-0.00346186537	0.01322018135
0.04234556321	-0.00350048226	0.01342691265
0.04234247114	-0.00353768817	0.01362924779
0.04233946133	-0.00357352968	0.01382719986
0.04233653325	-0.00360805385	0.01402078727
0.04233368610	-0.00364130762	0.01421003355
0.04233091885	-0.00367333766	0.01439496709
0.04232823029	-0.00370418961	0.01457562096
0.04232561895	-0.00373390957	0.01475203241
0.04232308477	-0.00376252516	0.01492407466
0.04232062622	-0.00379007868	0.01509204925
0.04231824038	-0.00381662568	0.01525596536
0.04231592764	-0.00384218266	0.01541551878
0.04231368549	-0.00386679716	0.01557133009
0.04231151272	-0.00389050011	0.01572289592
0.04230940698	-0.00391333374	0.01587078930
0.04230736793	-0.00393531685	0.01601447398
0.04230539339	-0.00395648704	0.01615463663
0.04230348073	-0.00397688553	0.01629095750
0.04230163001	-0.00399652327	0.01642343818
0.04229983900	-0.00401543529	0.01655246934
0.04229810524	-0.00403365755	0.01667791690
0.04229642740	-0.00405121325	0.01679985123
0.04229480456	-0.00406812080	0.01691828982
0.04229323539	-0.00408440210	0.01703338143
0.04229171787	-0.00410008534	0.01714523446
0.04229025029	-0.00411519509	0.01725386086
0.04228883117	-0.00412975277	0.01735933291
0.04228745912	-0.00414377866	0.01746172289
0.04228613262	-0.00415729333	0.01756110294
0.04228485026	-0.00417031632	0.01765754499
0.04228361120	-0.00418286072	0.01775103386
0.04228241423	-0.00419494302	0.01784174121
0.04228125754	-0.00420658538	0.01792976589
0.04228013953	-0.00421780761	0.01801513581
0.04227905877	-0.00422862735	0.01809792039
0.04227801464	-0.00423905391	0.01817807411
0.04227700680	-0.00424909357	0.01825567669
0.04227603291	-0.00425877228	0.01833108159
0.04227509103	-0.00426811184	0.01840417093
0.04227417715	-0.00427715402	0.01847541062
0.04227317447	-0.00428705262	0.01855764032
0.04227127537	-0.00430573787	0.01863831228
0.04226849065	-0.00433298956	0.01871648070
0.04226483675	-0.00436848649	0.01879122912
0.04226033635	-0.00441181042	0.01886168120
0.04225501901	-0.00446245094	0.01892701093
0.04224892191	-0.00451981162	0.01898645240
0.04224209063	-0.00458321710	0.01903930870
0.04223457979	-0.00465192112	0.01908496014
0.04222645361	-0.00472511541	0.01912287150
0.04221778629	-0.00480193926	0.01915259830
0.04220866212	-0.00488148977	0.01917379204
0.04219917527	-0.00496283254	0.01918620421
0.04218942933	-0.00504501270	0.01918968932
0.04217953641	-0.00512706620	0.01918420649
0.04209165642	0.00908053191	-0.01196427388
0.04207930402	0.00913760214	-0.01177773033
0.04207603447	0.00915264570	-0.01169509472
0.04207444107	0.00915996771	-0.01162873776
0.04207359037	0.00916387438	-0.01157092148
0.04207337484	0.00916486386	-0.01151811333
0.04207361925	0.00916374177	-0.01146878624
0.04207410016	0.00916153348	-0.01142227471
0.04207503984	0.00915721698	-0.01137737318
0.04207619456	0.00915190971	-0.01133410900
0.04207752966	0.00914576940	-0.01129217685
0.04207921823	0.00913799720	-0.01125092934
0.04208112380	0.00912921791	-0.01121046115
0.04208314801	0.00911988231	-0.01117080870
0.04208542917	0.00910934970	-0.01113152471
0.04208795726	0.00909766199	-0.01109252612
0.04209068341	0.00908504103	-0.01105382908
0.04209360702	0.00907148543	-0.01101535359
0.04209672854	0.00905698880	-0.01097702727
0.04210004935	0.00904153994	-0.01093878495
0.04210356340	0.00902516198	-0.01090058506
0.04210729128	0.00900775340	-0.01086232985
0.04211124310	0.00898926051	-0.01082395260
0.04211538003	0.00896985870	-0.01078550380
0.04211973732	0.00894937585	-0.01074685802
0.04212431730	0.00892779323	-0.01070797437
0.04212912145	0.00890509551	-0.01066881341
0.04213415468	0.00888125045	-0.01062933071
0.04213942184	0.00885622531	-0.01058948020
0.04214490485	0.00883009599	-0.01054927432
0.04215052273	0.00880323994	-0.01050888128
0.04215650145	0.00877456468	-0.01046767469
0.04216272244	0.00874462331	-0.01042594523
0.04216902084	0.00871419999	-0.01038409009
0.04217575602	0.00868154389	-0.01034109037
0.04218258733	0.00864829038	-0.01029785720
0.04218978148	0.00861312594	-0.01025359472
0.04219710731	0.00857716357	-0.01020892383
0.04220482265	0.00853911853	-0.01016305156
0.04221263445	0.00850041719	-0.01011679758
0.04222080844	0.00845972427	-0.01006930989
0.04222924434	0.00841751283	-0.01002085484
0.04223789447	0.00837399969	-0.00997152512
0.04224677949	0.00832905891	-0.00992119405
0.04225597418	0.00828228507	-0.00986956468
0.04226542282	0.00823393184	-0.00981676455
0.04227512840	0.00818395494	-0.00976272011
0.04228509349	0.00813231018	-0.00970735653
0.04229532016	0.00807895367	-0.00965059750
0.04230581027	0.00802384057	-0.00959236749
0.04231656510	0.00796692654	-0.00953258947
0.04232752106	0.00790851191	-0.00947141731
0.04233877610	0.00784803406	-0.00940839723
0.04235030921	0.00778555779	-0.00934353781
0.04236204704	0.00772143580	-0.00927704117
0.04237403216	0.00765539015	-0.00920864309
0.04238629863	0.00758717924	-0.00913810979
0.04239874052	0.00751734012	-0.00906580141
0.04241146312	0.00744522640	-0.00899115159
0.04242441072	0.00737109049	-0.00891431493
0.04243752182	0.00729522730	-0.00883546428
0.04245090389	0.00721694941	-0.00875397495
0.04246448186	0.00713662247	-0.00867010707
0.04247825016	0.00705420890	-0.00858376547
0.04249220248	0.00696967205	-0.00849485625
0.04250633167	0.00688297671	-0.00840328628
0.04252062963	0.00679408976	-0.00830896272
0.04253508742	0.00670297982	-0.00821179375
0.04254969522	0.00660961696	-0.00811168906
0.04256444230	0.00651397359	-0.00800855925
0.04257931694	0.00641602437	-0.00790231608
0.04259428152	0.00631591497	-0.00779302568
0.04260933156	0.00621357096	-0.00768053499
0.04262449678	0.00610867209	-0.00756444933
0.04263966760	0.00600186196	-0.00744535937
0.04265493751	0.00589235996	-0.00732234601
0.04267017634	0.00578097319	-0.00719620757
0.04268546832	0.00566695635	-0.00706601754
0.04270071893	0.00555087408	-0.00693233336
0.04271593204	0.00543256383	-0.00679485157
0.04273110297	0.00531191482	-0.00665334352
0.04274619114	0.00518909847	-0.00650791408
0.04276117460	0.00506414325	-0.00635847789
0.04277602856	0.00493710248	-0.00620497536
0.04279073211	0.00480799804	-0.00604730113
0.04280526670	0.00467683042	-0.00588532433
0.04281960292	0.00454369956	-0.00571904702
0.04283371099	0.00440871894	-0.00554847159
0.04284757250	0.00427190017	-0.00537345509
0.04286116340	0.00413331250	-0.00519394433
0.04287445822	0.00399304802	-0.00500991204
0.04288743289	0.00385119462	-0.00482132092
0.04290006373	0.00370784735	-0.00462814640
0.04291231307	0.00356328321	-0.00443062150
0.04292418557	0.00341729330	-0.00422821078
0.04293564805	0.00327012633	-0.00402116915
0.04294666812	0.00312206621	-0.00380976129
0.04295724580	0.00297298383	-0.00359354437
0.04296735734	0.00282308406	-0.00337270994
0.04297697542	0.00267267358	-0.00314758774
0.04298610583	0.00252156812	-0.00291761534
0.04299471679	0.00237021692	-0.00268346943
0.04300281089	0.00221852562	-0.00244472210
0.04301037142	0.00206677298	-0.00220174345
0.04301739359	0.00191505845	-0.00195451688
0.04302387358	0.00176349155	-0.00170306669
0.04302980416	0.00161231334	-0.00144771353
0.04303518995	0.00146151507	-0.00118822237
0.04304002471	0.00131143937	-0.00092520050
0.04304431880	0.00116198937	-0.00065818988
0.04304806952	0.00101356344	-0.00038801226
0.04305128984	0.00086605043	-0.00011415594
0.04305398403	0.00071976314	0.00016269628
0.04305616416	0.00057474153	0.00044264298
0.04305784201	0.00043109380	0.00072550924
0.04305902973	0.00028906451	0.00101076931
0.04305974357	0.00014860702	0.00129873126
0.04305999886	0.00000990446	0.00158888391
0.04305981307	-0.00012687932	0.00188087774
0.04305920440	-0.00026175707	0.00217487594
0.04305819198	-0.00039459325	0.00247043832
0.04305679573	-0.00052530091	0.00276734159
0.04305503663	-0.00065377397	0.00306527811
0.04305293516	-0.00077998331	0.00336418986
0.04305051264	-0.00090385910	0.00366377999
0.04304779059	-0.00102534139	0.00396379277
0.04304479057	-0.00114437948	0.00426399799
0.04304153396	-0.00126093387	0.00456416505
0.04303804195	-0.00137497107	0.00486406542
0.04303433538	-0.00148646496	0.00516347283
0.04303043600	-0.00159536122	0.00546204887
0.04302636259	-0.00170168223	0.00575976952
0.04302213450	-0.00180542037	0.00605635178
0.04301777098	-0.00190656243	0.00635152397
0.04301329146	-0.00200508302	0.00664497693
0.04300871068	-0.00210104860	0.00693684788
0.04300404853	-0.00219440428	0.00722647708
0.04299931739	-0.00228523617	0.00751417497
0.04299453582	-0.00237349740	0.00779923581
0.04298971519	-0.00245926579	0.00808194967
0.04298486919	-0.00254256189	0.00836192826
0.04298001145	-0.00262339771	0.00863893007
0.04297515299	-0.00270181895	0.00891294759
0.04297030406	-0.00277787138	0.00918383134
0.04296547462	-0.00285159440	0.00945140295
0.04296067375	-0.00292303109	0.00971554381
0.04295590964	-0.00299222776	0.00997614377
0.04295118962	-0.00305923364	0.01023310112
0.04294652131	-0.00312408499	0.01048624116
0.04294191061	-0.00318683434	0.01073556226
0.04293736183	-0.00324754667	0.01098103781
0.04293288024	-0.00330626595	0.01122247077
0.04292847099	-0.00336303109	0.01145976805
0.04292413593	-0.00341791667	0.01169310407
0.04291988015	-0.00347094916	0.01192208124
0.04291570491	-0.00352219707	0.01214700643
0.04291161204	-0.00357171551	0.01236766801
0.04290760518	-0.00361953278	0.01258392601
0.04290368431	-0.00366571582	0.01279604066
0.04289985025	-0.00371031648	0.01300383261
0.04289610395	-0.00375338061	0.01320730230
0.04289244599	-0.00379495414	0.01340645608
0.04288887664	-0.00383508281	0.01360130594
0.04288539580	-0.00387381301	0.01379186913
0.04288200303	-0.00391119110	0.01397816794
0.04287869765	-0.00394726330	0.01416022947
0.04287547876	-0.00398207497	0.01433808542
0.04287234515	-0.00401567200	0.01451177164
0.04286929740	-0.00404807856	0.01468116624
0.04286633365	-0.00407934297	0.01484656029
0.04286345119	-0.00410951967	0.01500796254
0.04286065144	-0.00413861792	0.01516508042
0.04285793069	-0.00416669858	0.01531851286
0.04285528914	-0.00419378025	0.01546777490
0.04285272332	-0.00421991759	0.01561341983
0.04285023436	-0.00424511660	0.01575493135
0.04284781869	-0.00426943016	0.01589297259
0.04284547451	-0.00429289108	0.01602723565
0.04284320216	-0.00431551028	0.01615772343
0.04284099856	-0.00433733126	0.01628481361
0.04283886169	-0.00435838605	0.01640837763
0.04283679019	-0.00437869911	0.01652848450
0.04283478323	-0.00439828898	0.01664515235
0.04283283921	-0.00441718070	0.01675852586
0.04283095595	-0.00443540447	0.01686871064
0.04282913176	-0.00445298467	0.01697571932
0.04282736508	-0.00446994409	0.01707962283
0.04282565438	-0.00448630436	0.01718049213
0.04282399805	-0.00450208741	0.01727839799
0.04282239452	-0.00451731416	0.01737341102
0.04282084307	-0.00453199718	0.01746551798
0.04281934211	-0.00454615680	0.01755488573
0.04281788958	-0.00455981711	0.01764161073
0.04281648382	-0.00457299824	0.01772572106
0.04281512326	-0.00458571918	0.01780728491
0.04281380742	-0.00459798808	0.01788625972
0.04281253581	-0.00460981314	0.01796272384
0.04281130516	-0.00462122824	0.01803701918
0.04281011379	-0.00463225189	0.01810903301
0.04280895636	-0.00464293606	0.01817921525
0.04280768077	-0.00465468226	0.01825959937
0.04280546676	-0.00467499902	0.01833823482
0.04280232828	-0.00470364684	0.01841419967
0.04279828582	-0.00474028806	0.01848660330
0.04279336686	-0.00478449085	0.01855459685
0.04278760653	-0.00483573443	0.01861738316
0.04278104823	-0.00489341522	0.01867422611
0.04277374426	-0.00495685406	0.01872445928
0.04276575635	-0.00502530431	0.01876749371
0.04275715609	-0.00509796068	0.01880282488
0.04274802506	-0.00517396887	0.01883003856
0.04273845481	-0.00525243564	0.01884881570
0.04272854654	-0.00533243944	0.01885893614
0.04271841037	-0.00541304126	0.01886028124
0.04270816435	-0.00549329573	0.01885283522
0.04266413169	0.00917722546	-0.01169527985
0.04265237371	0.00923171798	-0.01151189842
0.04264933886	0.00924572844	-0.01143070285
0.04264791705	0.00925228466	-0.01136552660
0.04264721126	0.00925553736	-0.01130874325
0.04264711911	0.00925596196	-0.01125689109
0.04264747230	0.00925433445	-0.01120846545
0.04264805589	0.00925164465	-0.01116280125
0.04264908449	0.00924690178	-0.01111873339
0.04265032338	0.00924118585	-0.01107627290
0.04265173937	0.00923464828	-0.01103511881
0.04265349955	0.00922651483	-0.01099464893
0.04265547251	0.00921738925	-0.01095494682
0.04265756362	0.00920770690	-0.01091604150
0.04265990637	0.00919684667	-0.01087750438
0.04266249128	0.00918484825	-0.01083925337
0.04266527138	0.00917192553	-0.01080130076
0.04266824626	0.00915807629	-0.01076356807
0.04267141649	0.00914329343	-0.01072598429
0.04267478357	0.00912756522	-0.01068848553
0.04267834183	0.00911091315	-0.01065103048
0.04268211127	0.00909323799	-0.01061352470
0.04268610182	0.00907448685	-0.01057590338
0.04269027617	0.00905482859	-0.01053821291
0.04269466849	0.00903409557	-0.01050033283
0.04269928118	0.00901226866	-0.01046222306
0.04270411585	0.00898933198	-0.01042384485
0.04270917739	0.00896525329	-0.01038515483
0.04271447066	0.00893999980	-0.01034610804
0.04271997836	0.00891364397	-0.01030671498
0.04272562256	0.00888655035	-0.01026713371
0.04273162145	0.00885765929	-0.01022676866
0.04273786079	0.00882750559	-0.01018589471
0.04274418166	0.00879684797	-0.01014488700
0.04275093108	0.00876398836	-0.01010277735
0.04275778040	0.00873051059	-0.01006042916
0.04276498729	0.00869514015	-0.01001708558
0.04277232871	0.00865895470	-0.00997333443
0.04278005382	0.00862070732	-0.00992842162
0.04278787979	0.00858177971	-0.00988312354
0.04279606342	0.00854087557	-0.00983662965
0.04280450804	0.00849845229	-0.00978919153
0.04281316773	0.00845471874	-0.00974089534
0.04282206263	0.00840955124	-0.00969161882
0.04283126515	0.00836255495	-0.00964107830
0.04284072161	0.00831397447	-0.00958939322
0.04285043504	0.00826376528	-0.00953649180
0.04286040807	0.00821188288	-0.00948230103
0.04287064284	0.00815828305	-0.00942674647
0.04288114128	0.00810292060	-0.00936975440
0.04289190476	0.00804575081	-0.00931124968
0.04290287186	0.00798706369	-0.00925137617
0.04291413747	0.00792631096	-0.00918970063
0.04292568136	0.00786355387	-0.00912622945
0.04293743260	0.00779913341	-0.00906115236
0.04294943247	0.00773277766	-0.00899421603
0.04296171403	0.00766424995	-0.00892519621
0.04297417469	0.00759407069	-0.00885443296
0.04298691652	0.00752160940	-0.00878138565
0.04299988553	0.00744710982	-0.00870619928
0.04301302205	0.00737085706	-0.00862903566
0.04302643034	0.00729218022	-0.00854929866
0.04304003750	0.00721143344	-0.00846723368
0.04305383806	0.00712857830	-0.00838274788
0.04306782581	0.00704357723	-0.00829574968
0.04308199370	0.00695639408	-0.00820614826
0.04309633376	0.00686699473	-0.00811385306
0.04311083711	0.00677534674	-0.00801877452
0.04312549407	0.00668141911	-0.00792082459
0.04314029397	0.00658518310	-0.00781991607
0.04315522520	0.00648661221	-0.00771596292
0.04317025087	0.00638584680	-0.00760902572
0.04318536637	0.00628281241	-0.00749895647
0.04320060034	0.00617719437	-0.00738537755
0.04321584562	0.00606962002	-0.00726884901
0.04323119307	0.00595932425	-0.00714849354
0.04324651524	0.00584709494	-0.00702506926
0.04326189401	0.00573220089	-0.00689769152
0.04327723655	0.00561519334	-0.00676688935
0.04329254623	0.00549591128	-0.00663237125
0.04330781795	0.00537424451	-0.00649391740
0.04332301150	0.00525035950	-0.00635162580
0.04333810481	0.00512428252	-0.00620541293
0.04335307304	0.00499606425	-0.00605521985
0.04336789509	0.00486572453	-0.00590094402
0.04338255212	0.00473326224	-0.00574245875
0.04339701461	0.00459877411	-0.00557976423
0.04341125260	0.00446237022	-0.00541286073
0.04342524729	0.00432406034	-0.00524161001
0.04343897429	0.00418391119	-0.00506595973
0.04345240774	0.00404201207	-0.00488588227
0.04346552314	0.00389844818	-0.00470134052
0.04347829631	0.00375331191	-0.00451230971
0.04349068923	0.00360687542	-0.00431901055
0.04350270567	0.00345893034	-0.00412093069
0.04351431192	0.00330972181	-0.00391831293
0.04352547498	0.00315952962	-0.00371140877
0.04353619401	0.00300822395	-0.00349979446
0.04354644444	0.00285600714	-0.00328365278
0.04355619823	0.00270318248	-0.00306329799
0.04356546015	0.00254956496	-0.00283819259
0.04357419758	0.00239560119	-0.00260898343
0.04358241209	0.00224119528	-0.00237526153
0.04359008600	0.00208662460	-0.00213738125
0.04359721351	0.00193198714	-0.00189532733
0.04360378974	0.00177739139	-0.00164912394
0.04360980644	0.00162307791	-0.00139907882
0.04361526718	0.00146903664	-0.00114496852
0.04362016468	0.00131561134	-0.00088737569
0.04362450827	0.00116270303	-0.00062586374
0.04362829424	0.00101071326	-0.00036122135
0.04363153460	0.00085952824	-0.00009296082
0.04363423266	0.00070946464	0.00017826136
0.04363639960	0.00056056188	0.00045253704
0.04363804634	0.00041293001	0.00072969539
0.04363918432	0.00026681740	0.00100922990
0.04363982898	0.00012217582	0.00129143241
0.04363999504	-0.00002080617	0.00157580894
0.04363969946	-0.00016196128	0.00186202118
0.04363895985	-0.00030130255	0.00215022159
0.04363779500	-0.00043868864	0.00243998365
0.04363622452	-0.00057402909	0.00273108901
0.04363426921	-0.00070721336	0.00302323841
0.04363194935	-0.00083821017	0.00331637168
0.04362928625	-0.00096694441	0.00361019916
0.04362630150	-0.00109335132	0.00390447066
0.04362301682	-0.00121737561	0.00419896046
0.04361945382	-0.00133897292	0.00449344228
0.04361563401	-0.00145810478	0.00478769173
0.04361157867	-0.00157473995	0.00508148653
0.04360731011	-0.00168881767	0.00537449700
0.04360284752	-0.00180035782	0.00566669502
0.04359821094	-0.00190934620	0.00595780345
0.04359342035	-0.00201576339	0.00624755636
0.04358849609	-0.00211957745	0.00653565205
0.04358345334	-0.00222085455	0.00682221741
0.04357831334	-0.00231952723	0.00710661359
0.04357308882	-0.00241568436	0.00738913436
0.04356779989	-0.00250926535	0.00766909665
0.04356245833	-0.00260035084	0.00794677510
0.04355707906	-0.00268895219	0.00822179157
0.04355167685	-0.00277507541	0.00849390989
0.04354626353	-0.00285876417	0.00876311897
0.04354085037	-0.00294005930	0.00902927091
0.04353544843	-0.00301899490	0.00929219036
0.04353006776	-0.00309560996	0.00955175966
0.04352471755	-0.00316994678	0.00980786941
0.04351940609	-0.00324205077	0.01006041847
0.04351414214	-0.00331195318	0.01030923584
0.04350893236	-0.00337970484	0.01055431717
0.04350378188	-0.00344536818	0.01079563391
0.04349869709	-0.00350898155	0.01103299383
0.04349368406	-0.00357058071	0.01126630530
0.04348874503	-0.00363024188	0.01149573387
0.04348388653	-0.00368798213	0.01172089490
0.04347910995	-0.00374387476	0.01194208216
0.04347441815	-0.00379796877	0.01215908992
0.04346981570	-0.00385028867	0.01237178240
0.04346530268	-0.00390090537	0.01258040887
0.04346088084	-0.00394986543	0.01278479524
0.04345655168	-0.00399721358	0.01298494111
0.04345231632	-0.00404299478	0.01318085187
0.04344817551	-0.00408725395	0.01337253848
0.04344412960	-0.00413003675	0.01356001706
0.04344017857	-0.00417138897	0.01374330873
0.04343632210	-0.00421135639	0.01392243931
0.04343255963	-0.00424998404	0.01409743922
0.04342889024	-0.00428731760	0.01426834292
0.04342531522	-0.00432337807	0.01443503343
0.04342183235	-0.00435821925	0.01459779139
0.04341843920	-0.00439189456	0.01475662518
0.04341513821	-0.00442440661	0.01491125381
0.04341192454	-0.00445582848	0.01506225465
0.04340879981	-0.00448616749	0.01520916114
0.04340575944	-0.00451548968	0.01535250686
0.04340280611	-0.00454378938	0.01549179545
0.04339993478	-0.00457113346	0.01562766653
0.04339714462	-0.00459754706	0.01575982404
0.04339443617	-0.00462304113	0.01588827218
0.04339180558	-0.00464766696	0.01601337568
0.04338925128	-0.00467145300	0.01613501149
0.04338677189	-0.00469442490	0.01625324725
0.04338436667	-0.00471660139	0.01636810172
0.04338203381	-0.00473801044	0.01647971550
0.04337977092	-0.00475868414	0.01658819139
0.04337757641	-0.00477864677	0.01669354273
0.04337544860	-0.00479792237	0.01679583906
0.04337338586	-0.00481653391	0.01689515000
0.04337138648	-0.00483450461	0.01699154498
0.04336944877	-0.00485185670	0.01708509328
0.04336757211	-0.00486860237	0.01717578353
0.04336575453	-0.00488476552	0.01726377779
0.04336399375	-0.00490037207	0.01734917015
0.04336228805	-0.00491544247	0.01743198885
0.04336063571	-0.00492999703	0.01751230080
0.04335903642	-0.00494404292	0.01759006641
0.04335748955	-0.00495759014	0.01766536261
0.04335599083	-0.00497067991	0.01773851978
0.04335453891	-0.00498332778	0.01780943033
0.04335312711	-0.00499559505	0.01787852823
0.04335157025	-0.00500908742	0.01795702411
0.04334904079	-0.00503093063	0.01803359139
0.04334555599	-0.00506086714	0.01810733237
0.04334114037	-0.00509854406	0.01817738253
0.04333582617	-0.00514351733	0.01824292057
0.04332965386	-0.00519525707	0.01830317813
0.04332267276	-0.00525315384	0.01835744874
0.04331494144	-0.00531652594	0.01840509613
0.04330652822	-0.00538462754	0.01844556168
0.04329751135	-0.00545665751	0.01847837097
0.04328797907	-0.00553176899	0.01850313933
0.04327802940	-0.00560907938	0.01851957639
0.04326776961	-0.00568768084	0.01852748942
0.04325731541	-0.00576665099	0.01852678567
0.04324678982	-0.00584506376	0.01851747337
0.04323844528	0.00926527118	-0.01143322655
0.04322726321	0.00931730193	-0.01125299169
0.04322445356	0.00933032767	-0.01117322511
0.04322319524	0.00933615516	-0.01110921833
0.04322262693	0.00933878587	-0.01105345749
0.04322265111	0.00933867393	-0.01100255057
0.04322310631	0.00933656687	-0.01095501543
0.04322378591	0.00933342017	-0.01091018832
0.04322489690	0.00932827359	-0.01086694280
0.04322621347	0.00932217084	-0.01082527491
0.04322770388	0.00931525725	-0.01078488808
0.04322952922	0.00930678264	-0.01074518408
0.04323156311	0.00929733030	-0.01070623613
0.04323371458	0.00928732059	-0.01066806643
0.04323611237	0.00927615154	-0.01063026413
0.04323874749	0.00926386073	-0.01059274812
0.04324157485	0.00925065427	-0.01055552715
0.04324459422	0.00923652917	-0.01051852420
0.04324780630	0.00922147767	-0.01048166963
0.04325121269	0.00920548753	-0.01044490083
0.04325480808	0.00918857868	-0.01040817673
0.04325861189	0.00917065413	-0.01037140609
0.04326263384	0.00915166176	-0.01033452594
0.04326683816	0.00913176412	-0.01029757880
0.04327125791	0.00911079792	-0.01026044897
0.04327589559	0.00908874366	-0.01022309714
0.04328075287	0.00906558496	-0.01018548526
0.04328583467	0.00904128957	-0.01014757099
0.04329114581	0.00901582469	-0.01010931041
0.04329666980	0.00898925941	-0.01007071226
0.04330233168	0.00896194571	-0.01003192502
0.04330834195	0.00893285605	-0.00999238229
0.04331459065	0.00890250734	-0.00995234401
0.04332092474	0.00887163344	-0.00991216451
0.04332767896	0.00883858790	-0.00987092363
0.04333453660	0.00880490418	-0.00982943963
0.04334174630	0.00876934593	-0.00978699258
0.04334909313	0.00873295626	-0.00974413907
0.04335681757	0.00869452528	-0.00970016179
0.04336464697	0.00865539097	-0.00965579625
0.04337282925	0.00861429526	-0.00961027118
0.04338127129	0.00857168021	-0.00956382416
0.04338992893	0.00852774690	-0.00951653524
0.04339882179	0.00848237393	-0.00946828638
0.04340801990	0.00843517682	-0.00941880655
0.04341747160	0.00838639136	-0.00936820750
0.04342717995	0.00833597277	-0.00931641920
0.04343714762	0.00828387631	-0.00926337041
0.04344737684	0.00823005746	-0.00920898847
0.04345786957	0.00817447075	-0.00915320146
0.04346862727	0.00811707112	-0.00909593604
0.04347959067	0.00805813843	-0.00903732666
0.04349085161	0.00799713862	-0.00897695958
0.04350239062	0.00793412946	-0.00891483913
0.04351413917	0.00786944043	-0.00885114337
0.04352613726	0.00780280563	-0.00878562934
0.04353841692	0.00773399328	-0.00871808187
0.04355087891	0.00766350744	-0.00864882201
0.04356362205	0.00759073340	-0.00857733362
0.04357659408	0.00751590637	-0.00850375259
0.04358973719	0.00743930184	-0.00842823036
0.04360315234	0.00736026534	-0.00835019792
0.04361676886	0.00727913968	-0.00826988673
0.04363058136	0.00719588565	-0.00818720622
0.04364458374	0.00711046486	-0.00810206708
0.04365876904	0.00702284030	-0.00801438070
0.04367312939	0.00693297695	-0.00792405876
0.04368765603	0.00684084139	-0.00783101391
0.04370233935	0.00674640165	-0.00773516028
0.04371716880	0.00664962794	-0.00763641281
0.04373213288	0.00655049266	-0.00753468761
0.04374719544	0.00644913102	-0.00743004001
0.04376235172	0.00634546859	-0.00732232694
0.04377762930	0.00623919647	-0.00721118702
0.04379292352	0.00613092569	-0.00709715120
0.04380832250	0.00601990698	-0.00697938205
0.04382370166	0.00590690889	-0.00685859942
0.04383914042	0.00579121466	-0.00673395864
0.04385454780	0.00567336208	-0.00660596170
0.04386992660	0.00555319188	-0.00647432857
0.04388527136	0.00543059459	-0.00633884791
0.04390054225	0.00530573184	-0.00619961121
0.04391571716	0.00517862781	-0.00605653678
0.04393077121	0.00504933070	-0.00590956638
0.04394568316	0.00491785842	-0.00575860020
0.04396043391	0.00478420845	-0.00560351565
0.04397499387	0.00464847441	-0.00544431114
0.04398933299	0.00451076305	-0.00528098502
0.04400343211	0.00437108253	-0.00511340365
0.04401726654	0.00422949718	-0.00494151551
0.04403081011	0.00408609359	-0.00476529274
0.04404403794	0.00394095442	-0.00458469849
0.04405692542	0.00379416953	-0.00439970783
0.04406943430	0.00364600612	-0.00421052980
0.04408156743	0.00349625693	-0.00401667420
0.04409329067	0.00334516340	-0.00381837229
0.04410457056	0.00319300102	-0.00361586304
0.04411540536	0.00303963982	-0.00340874101
0.04412576982	0.00288527952	-0.00319718063
0.04413563527	0.00273021971	-0.00298148142
0.04414500545	0.00257427541	-0.00276112982
0.04415384704	0.00241788990	-0.00253674408
0.04416216063	0.00226096637	-0.00230793345
0.04416992764	0.00210378042	-0.00207503726
0.04417714132	0.00194642875	-0.00183804151
0.04418379580	0.00178901885	-0.00159697031
0.04418988187	0.00163179046	-0.00135211902
0.04419540206	0.00147473266	-0.00110327537
0.04420034815	0.00131818959	-0.00085099829
0.04420472842	0.00116206092	-0.00059487188
0.04420853825	0.00100675031	-0.00033565299
0.04421178863	0.00085214218	-0.00007287702
0.04421448201	0.00069855619	0.00019282488
0.04421662866	0.00054603145	0.00046153808
0.04421823863	0.00039467973	0.00073309573
0.04421932266	0.00024475251	0.00100700987
0.04421989536	0.00009620058	0.00128355671
0.04421997084	-0.00005078277	0.00156225893
0.04421956550	-0.00019602722	0.00184278905
0.04421869637	-0.00033954576	0.00212528926
0.04421738181	-0.00048119183	0.00240934625
0.04421564111	-0.00062087170	0.00269474655
0.04421349480	-0.00075847078	0.00298119904
0.04421096293	-0.00089395557	0.00326864154
0.04420806675	-0.00102724608	0.00355679143
0.04420482783	-0.00115827308	0.00384540398
0.04420126797	-0.00128697695	0.00413425791
0.04419740896	-0.00141330873	0.00442313118
0.04419327255	-0.00153722527	0.00471180354
0.04418888034	-0.00165869050	0.00500005668
0.04418425516	-0.00177763772	0.00528756946
0.04417941653	-0.00189408421	0.00557430990
0.04417438508	-0.00200800960	0.00586000669
0.04416918147	-0.00211938866	0.00614439955
0.04416382681	-0.00222818337	0.00642719417
0.04415833670	-0.00233445924	0.00670850751
0.04415273362	-0.00243813737	0.00698772112
0.04414703060	-0.00253930873	0.00726511271
0.04414124922	-0.00263790024	0.00754002137
0.04413540158	-0.00273399472	0.00781270683
0.04412950381	-0.00282759500	0.00808280097
0.04412357172	-0.00291870152	0.00835007292
0.04411761792	-0.00300735581	0.00861450819
0.04411165465	-0.00309359400	0.00887596060
0.04410569398	-0.00317744522	0.00913425779
0.04409974695	-0.00325894448	0.00938928316
0.04409382367	-0.00333813030	0.00964092815
0.04408793340	-0.00341504440	0.00988909231
0.04408208594	-0.00348971337	0.01013360829
0.04407628874	-0.00356218627	0.01037446922
0.04407054772	-0.00363252299	0.01061164474
0.04406487036	-0.00370075672	0.01084494744
0.04405926364	-0.00376692019	0.01107428713
0.04405373018	-0.00383109088	0.01129982086
0.04404827796	-0.00389327734	0.01152117667
0.04404290848	-0.00395355697	0.01173863563
0.04403762563	-0.00401197314	0.01195199786
0.04403243493	-0.00406854689	0.01216113170
0.04402733655	-0.00412335253	0.01236627580
0.04402233317	-0.00417643177	0.01256726129
0.04401742687	-0.00422782824	0.01276408698
0.04401261931	-0.00427758594	0.01295675736
0.04400791174	-0.00432574899	0.01314528245
0.04400330496	-0.00437236234	0.01332967733
0.04399879939	-0.00441747121	0.01350996196
0.04399439510	-0.00446112090	0.01368616102
0.04399009188	-0.00450335613	0.01385830365
0.04398588914	-0.00454422234	0.01402642301
0.04398178883	-0.00458373766	0.01419040692
0.04397778846	-0.00462196086	0.01435052588
0.04397388586	-0.00465894433	0.01450678791
0.04397008454	-0.00469468478	0.01465892337
0.04396637853	-0.00472926625	0.01480748855
0.04396277087	-0.00476268592	0.01495203488
0.04395925593	-0.00479502009	0.01509307671
0.04395583791	-0.00482625259	0.01523013715
0.04395251037	-0.00485646293	0.01536383285
0.04394927343	-0.00488566932	0.01549387935
0.04394612788	-0.00491388283	0.01562028208
0.04394306908	-0.00494116176	0.01574339312
0.04394009595	-0.00496753137	0.01586309480
0.04393720709	-0.00499301843	0.01597945345
0.04393440190	-0.00501764189	0.01609248838
0.04393167831	-0.00504143241	0.01620233623
0.04392903381	-0.00506442383	0.01630909704
0.04392646685	-0.00508664034	0.01641278480
0.04392397569	-0.00510810721	0.01651346772
0.04392155862	-0.00512884863	0.01661121408
0.04391921381	-0.00514888906	0.01670609197
0.04391693946	-0.00516825197	0.01679816937
0.04391473509	-0.00518694923	0.01688743671
0.04391259832	-0.00520500805	0.01697405136
0.04391052668	-0.00522245603	0.01705810506
0.04390851841	-0.00523931398	0.01713962619
0.04390657164	-0.00525560342	0.01721868040
0.04390468623	-0.00527133069	0.01729523097
0.04390286139	-0.00528650755	0.01736935344
0.04390109192	-0.00530118181	0.01744136687
0.04389937676	-0.00531536639	0.01751116869
0.04389770794	-0.00532913100	0.01757917732
0.04389587120	-0.00534423909	0.01765578235
0.04389303551	-0.00536747931	0.01773029282
0.04388922145	-0.00539857763	0.01780183516
0.04388445750	-0.00543716744	0.01786957060
0.04387878042	-0.00548279392	0.01793270501
0.04387223571	-0.00553491947	0.01799049820
0.04386487812	-0.00559293014	0.01804227258
0.04385677197	-0.00565614291	0.01808742116
0.04384799146	-0.00572381387	0.01812541460
0.04383862077	-0.00579514704	0.01815580748
0.04382875395	-0.00586930384	0.01817824346
0.04381849454	-0.00594541301	0.01819245949
0.04380795497	-0.00602258096	0.01819828892
0.04379725553	-0.00609990228	0.01819566339
0.04378652319	-0.00617647041	0.01818461369
0.04380453730	0.00934380074	-0.01118243163
0.04379390222	0.00939352057	-0.01100526747
0.04379130440	0.00940562379	-0.01092689201
0.04379019883	0.00941076972	-0.01086402178
0.04378975836	0.00941281906	-0.01080925417
0.04378989008	0.00941220627	-0.01075926445
0.04379043900	0.00940965208	-0.01071259273
0.04379120655	0.00940607936	-0.01066857725
0.04379239231	0.00940055720	-0.01062612799
0.04379377907	0.00939409469	-0.01058522741
0.04379533645	0.00938683147	-0.01054558330
0.04379721977	0.00937804034	-0.01050661986
0.04379930746	0.00936828511	-0.01046840085
0.04380151211	0.00935797185	-0.01043094227
0.04380395783	0.00934651692	-0.01039384983
0.04380663612	0.00933395587	-0.01035704340
0.04380950370	0.00932048743	-0.01032052852
0.04381256049	0.00930610787	-0.01028422960
0.04381580732	0.00929080884	-0.01024807832
0.04381924588	0.00927457763	-0.01021201326
0.04382287120	0.00925743265	-0.01017599368
0.04382670215	0.00923927913	-0.01013993129
0.04383074822	0.00922006566	-0.01010376488
0.04383497511	0.00919994876	-0.01006753344
0.04383941484	0.00917876935	-0.01003112569
0.04384406994	0.00915650757	-0.00999450307
0.04384894222	0.00913314658	-0.00995762819
0.04385403653	0.00910865413	-0.00992045971
0.04385935770	0.00908299741	-0.00988295471
0.04386489000	0.00905624233	-0.00984512030
0.04387056138	0.00902872884	-0.00980709611
0.04387657481	0.00899946013	-0.00976834284
0.04388282450	0.00896893603	-0.00972910658
0.04388916314	0.00893786658	-0.00968972239
0.04389591350	0.00890465484	-0.00964931470
0.04390277049	0.00887078597	-0.00960865990
0.04390997393	0.00883506023	-0.00956707237
0.04391731681	0.00879848763	-0.00952507972
0.04392503113	0.00875989383	-0.00948199885
0.04393285415	0.00872057486	-0.00943852730
0.04394102512	0.00867930936	-0.00939393032
0.04394945439	0.00863652472	-0.00934843255
0.04395809951	0.00859241454	-0.00930210837
0.04396697955	0.00854685964	-0.00925484370
0.04397616224	0.00849948555	-0.00920637928
0.04398559786	0.00845051957	-0.00915681979
0.04399528951	0.00839991674	-0.00910609685
0.04400523989	0.00834763211	-0.00905414089
0.04401545129	0.00829362091	-0.00900088095
0.04402592571	0.00823783740	-0.00894624682
0.04403666466	0.00818023626	-0.00889016691
0.04404761102	0.00812108759	-0.00883276692
0.04405885357	0.00805987108	-0.00877365131
0.04407037360	0.00799664119	-0.00871282256
0.04408210494	0.00793171635	-0.00865044789
0.04409408631	0.00786483647	-0.00858629403
0.04410634873	0.00779577460	-0.00852015432
0.04411879624	0.00772501900	-0.00845233217
0.04413152446	0.00765197027	-0.00838233427
0.04414448280	0.00757685543	-0.00831028811
0.04415761531	0.00749994068	-0.00823633545
0.04417101969	0.00742058757	-0.00815993265
0.04418462743	0.00733912796	-0.00808129821
0.04419843325	0.00725552193	-0.00800034374
0.04421243113	0.00716973036	-0.00791698205
0.04422661422	0.00708171549	-0.00783112669
0.04424097475	0.00699144145	-0.00774269146
0.04425550404	0.00689887400	-0.00765159112
0.04427019260	0.00680398025	-0.00755774186
0.04428502997	0.00670672949	-0.00746106070
0.04430000474	0.00660709315	-0.00736146578
0.04431508157	0.00650520144	-0.00725900762
0.04433025552	0.00640098007	-0.00715354774
0.04434555309	0.00629412594	-0.00704474003
0.04436087216	0.00618523409	-0.00693308830
0.04437629812	0.00607357104	-0.00681779243
0.04439170931	0.00595988626	-0.00669953656
0.04440718264	0.00584347754	-0.00657751345
0.04442262904	0.00572486935	-0.00645219986
0.04443805077	0.00560390433	-0.00632332652
0.04445344200	0.00548047394	-0.00619069013
0.04446876334	0.00535473505	-0.00605437611
0.04448399266	0.00522670994	-0.00591430454
0.04449910509	0.00509644448	-0.00577041792
0.04451407926	0.00496395487	-0.00562261906
0.04452889586	0.00482923732	-0.00547078923
0.04454352530	0.00469238254	-0.00531492529
0.04455793747	0.00455349407	-0.00515502382
0.04457211291	0.00441257866	-0.00499095552
0.04458602668	0.00426969844	-0.00482266978
0.04459965236	0.00412493747	-0.00465013853
0.04461296476	0.00397837599	-0.00447332522
0.04462593890	0.00383010150	-0.00429220486
0.04463853638	0.00368037626	-0.00410697556
0.04465075920	0.00352899460	-0.00391716801
0.04466257284	0.00337619421	-0.00372300267
0.04467394352	0.00322224624	-0.00352470678
0.04468486860	0.00306702103	-0.00332189220
0.04469532229	0.00291071563	-0.00311472553
0.04470527536	0.00275362581	-0.00290349247
0.04471473058	0.00259556725	-0.00268770204
0.04472365405	0.00243697935	-0.00246794563
0.04473204541	0.00227776493	-0.00224384968
0.04473988533	0.00211819758	-0.00201573936
0.04474716612	0.00195837282	-0.00178360196
0.04475388103	0.00179839721	-0.00154746149
0.04476001996	0.00163850943	-0.00130760173
0.04476558446	0.00147869805	-0.00106382089
0.04477056543	0.00131930698	-0.00081665560
0.04477497018	0.00116023520	-0.00056570945
0.04477879321	0.00100188752	-0.00031170927
0.04478204456	0.00084414735	-0.00005421225
0.04478472584	0.00068733647	0.00020617440
0.04478684644	0.00053149395	0.00046952995
0.04478841560	0.00037673309	0.00073569133
0.04478944333	0.00022330782	0.00100418816
0.04478994346	0.00007116849	0.00127528187
0.04478992947	-0.00007948760	0.00154851099
0.04478941720	-0.00022848754	0.00182355832
0.04478842307	-0.00037584392	0.00210055636
0.04478696503	-0.00052140559	0.00237910439
0.04478506195	-0.00066507586	0.00265899363
0.04478273413	-0.00080673651	0.00293994073
0.04478000132	-0.00094635182	0.00322188170
0.04477688462	-0.00108383741	0.00350454067
0.04477340557	-0.00121911989	0.00378767816
0.04476958598	-0.00135213568	0.00407107721
0.04476544773	-0.00148283157	0.00435451989
0.04476101276	-0.00161116006	0.00463778999
0.04475630292	-0.00173708060	0.00492067307
0.04475134145	-0.00186052111	0.00520285620
0.04474614813	-0.00198149626	0.00548430383
0.04474074412	-0.00209997998	0.00576475031
0.04473515064	-0.00221594171	0.00604394086
0.04472938950	-0.00232933789	0.00632158829
0.04472347664	-0.00244023304	0.00659780024
0.04471743568	-0.00254853809	0.00687197779
0.04471127990	-0.00265434543	0.00714438346
0.04470503219	-0.00275757090	0.00741437756
0.04469870499	-0.00285829884	0.00768220572
0.04469231549	-0.00295652433	0.00794750952
0.04468588048	-0.00305224270	0.00821006322
0.04467941329	-0.00314549333	0.00846984921
0.04467292704	-0.00323630798	0.00872672304
0.04466643478	-0.00332471110	0.00898051534
0.04465994843	-0.00341073403	0.00923111060
0.04465347900	-0.00349441168	0.00947840117
0.04464703664	-0.00357578234	0.00972228734
0.04464063214	-0.00365486827	0.00996260537
0.04463427371	-0.00373171680	0.01019934602
0.04462796803	-0.00380638538	0.01043247735
0.04462172359	-0.00387890244	0.01066181662
0.04461554825	-0.00394929792	0.01088727509
0.04460944504	-0.00401765021	0.01110900175
0.04460342329	-0.00408396022	0.01132663685
0.04459748461	-0.00414830882	0.01154044937
0.04459163393	-0.00421073429	0.01175024512
0.04458587764	-0.00427125449	0.01195589640
0.04458021604	-0.00432994664	0.01215763177
0.04457465271	-0.00438684802	0.01235528744
0.04456919031	-0.00444200124	0.01254886146
0.04456383102	-0.00449544936	0.01273835756
0.04455857658	-0.00454723573	0.01292378487
0.04455342827	-0.00459740461	0.01310515748
0.04454838693	-0.00464600065	0.01328249434
0.04454345301	-0.00469306871	0.01345581901
0.04453862668	-0.00473865317	0.01362515948
0.04453390766	-0.00478279919	0.01379054767
0.04452929859	-0.00482552245	0.01395187603
0.04452479669	-0.00486688599	0.01410940532
0.04452040012	-0.00490694133	0.01426314326
0.04451611337	-0.00494567996	0.01441283111
0.04451192943	-0.00498319558	0.01455900496
0.04450785275	-0.00501947643	0.01470123349
0.04450387668	-0.00505460787	0.01484001261
0.04450000687	-0.00508856451	0.01497488411
0.04449623560	-0.00512143703	0.01510644261
0.04449256391	-0.00515323751	0.01523441479
0.04448899280	-0.00518397720	0.01535880725
0.04448551694	-0.00521372060	0.01547995991
0.04448213570	-0.00524249017	0.01559776030
0.04447884771	-0.00527031371	0.01571227344
0.04447565246	-0.00529721044	0.01582351920
0.04447254770	-0.00532321343	0.01593163036
0.04446953076	-0.00534835806	0.01603670434
0.04446660019	-0.00537266855	0.01613875575
0.04446375418	-0.00539617127	0.01623785148
0.04446099093	-0.00541889154	0.01633405854
0.04445830853	-0.00544085495	0.01642744371
0.04445570509	-0.00546208613	0.01651807369
0.04445318023	-0.00548259675	0.01660594065
0.04445073124	-0.00550241697	0.01669119740
0.04444835542	-0.00552157591	0.01677393345
0.04444605101	-0.00554009476	0.01685417729
0.04444381598	-0.00555799616	0.01693199333
0.04444165038	-0.00557528580	0.01700734761
0.04443955325	-0.00559197704	0.01708031428
0.04443751850	-0.00560812353	0.01715120155
0.04443554539	-0.00562373593	0.01721991167
0.04443362471	-0.00563889131	0.01728684813
0.04443151826	-0.00565546507	0.01736159924
0.04442839385	-0.00567995776	0.01743410580
0.04442427530	-0.00571208057	0.01750351774
0.04441919481	-0.00575145481	0.01756902127
0.04441319335	-0.00579761644	0.01762984841
0.04440632104	-0.00585002155	0.01768528604
0.04439863749	-0.00590805293	0.01773468418
0.04439021212	-0.00597102737	0.01777746370
0.04438112430	-0.00603820384	0.01781312304
0.04437146332	-0.00610879225	0.01784124412
0.04436132815	-0.00618196289	0.01786149726
0.04435082694	-0.00625685621	0.01787364501
0.04434007629	-0.00633259304	0.01787754494
0.04432920013	-0.00640828491	0.01787315133
0.04431832842	-0.00648304453	0.01786051569
0.04438214728	0.00941604499	-0.01093400840
0.04437204899	0.00946351778	-0.01075994107
0.04436965709	0.00947472583	-0.01068296549
0.04436869898	0.00947921149	-0.01062123726
0.04436838136	0.00948069803	-0.01056746722
0.04436861576	0.00947960103	-0.01051839782
0.04436925362	0.00947661505	-0.01047259184
0.04437010437	0.00947263100	-0.01042939024
0.04437136016	0.00946674696	-0.01038773843
0.04437281232	0.00945993800	-0.01034760620
0.04437443187	0.00945233813	-0.01030870579
0.04437636829	0.00944324295	-0.01027048309
0.04437850486	0.00943319704	-0.01023299296
0.04438075768	0.00942259240	-0.01019624555
0.04438324626	0.00941086349	-0.01015986259
0.04438596254	0.00939804390	-0.01012376495
0.04438886507	0.00938432510	-0.01008795516
0.04439195392	0.00936970263	-0.01005235906
0.04439523002	0.00935416758	-0.01001690963
0.04439869516	0.00933770678	-0.00998154668
0.04440234470	0.00932033718	-0.00994622979
0.04440619693	0.00930196616	-0.00991087358
0.04441026113	0.00928254308	-0.00987541853
0.04441450448	0.00926221852	-0.00983990027
0.04441895791	0.00924083752	-0.00980421181
0.04442362403	0.00921837990	-0.00976831533
0.04442850471	0.00919482839	-0.00973217414
0.04443360480	0.00917015075	-0.00969574782
0.04443892909	0.00914431417	-0.00965899448
0.04444446260	0.00911738141	-0.00962191968
0.04445013619	0.00908968055	-0.00958465457
0.04445614532	0.00906024521	-0.00954668594
0.04446238834	0.00902955832	-0.00950824657
0.04446872365	0.00899830634	-0.00946965303
0.04447546207	0.00896494139	-0.00943007265
0.04448231009	0.00893090078	-0.00939024158
0.04448949875	0.00889502111	-0.00934950725
0.04449682891	0.00885827956	-0.00930836940
0.04450452411	0.00881953706	-0.00926617786
0.04451233151	0.00878004805	-0.00922359370
0.04452048165	0.00873862766	-0.00917991735
0.04452888836	0.00869568867	-0.00913536099
0.04453751091	0.00865141732	-0.00908999358
0.04454636781	0.00860569664	-0.00904370494
0.04455552447	0.00855816216	-0.00899624713
0.04456493310	0.00850903273	-0.00894771806
0.04457459683	0.00845826327	-0.00889805099
0.04458451840	0.00840580862	-0.00884717799
0.04459470013	0.00835162380	-0.00879502979
0.04460514407	0.00829566287	-0.00874153786
0.04461585177	0.00823788022	-0.00868663232
0.04462676824	0.00817853632	-0.00863043050
0.04463797922	0.00811712457	-0.00857255446
0.04464946671	0.00805369618	-0.00851300488
0.04466116694	0.00798855856	-0.00845193863
0.04467311732	0.00792145751	-0.00838913180
0.04468534784	0.00785217092	-0.00832438600
0.04469776586	0.00778117130	-0.00825798765
0.04471046375	0.00770787464	-0.00818946551
0.04472339261	0.00763249979	-0.00811893900
0.04473649837	0.00755530369	-0.00804654062
0.04474987539	0.00747566402	-0.00797175124
0.04476345739	0.00739390169	-0.00789477690
0.04477723918	0.00730997613	-0.00781553133
0.04479121483	0.00722384756	-0.00773392948
0.04480537759	0.00713547752	-0.00764988701
0.04481971976	0.00704482938	-0.00756331980
0.04483423279	0.00695186809	-0.00747414471
0.04484890730	0.00685655995	-0.00738227998
0.04486373291	0.00675887338	-0.00728764467
0.04487869833	0.00665877890	-0.00719015892
0.04489376901	0.00655640175	-0.00708986866
0.04490893988	0.00645166789	-0.00698663992
0.04492423632	0.00634428018	-0.00688014137
0.04493955886	0.00623481751	-0.00677085063
0.04495499002	0.00612256256	-0.00665800371
0.04497041123	0.00600824550	-0.00654225029
0.04498589678	0.00589117905	-0.00642281936
0.04500135963	0.00577187418	-0.00630016333
0.04501680148	0.00565017566	-0.00617402343
0.04503221613	0.00552597596	-0.00604420415
0.04504756470	0.00539942724	-0.00591078510
0.04506282507	0.00527054998	-0.00577368817
0.04507797237	0.00513938777	-0.00563285656
0.04509298518	0.00500595521	-0.00548819574
0.04510784400	0.00487024739	-0.00533959076
0.04512251925	0.00473235211	-0.00518703702
0.04513698084	0.00459236979	-0.00503052946
0.04515120904	0.00445030590	-0.00486994307
0.04516517868	0.00430622045	-0.00470522812
0.04517886317	0.00416019501	-0.00453635643
0.04519223703	0.00401230754	-0.00436329180
0.04520527500	0.00386264319	-0.00418600922
0.04521793860	0.00371145917	-0.00400469628
0.04523022892	0.00355855188	-0.00381890398
0.04524211122	0.00340415511	-0.00362884233
0.04525355143	0.00324853546	-0.00343472726
0.04526454608	0.00309156406	-0.00323618746
0.04527506884	0.00293343516	-0.00303338198
0.04528509004	0.00277444047	-0.00282658313
0.04529461148	0.00261439688	-0.00261532192
0.04530359879	0.00245373938	-0.00240016362
0.04531205067	0.00229237086	-0.00218075147
0.04531994708	0.00213056260	-0.00195739688
0.04532727949	0.00196840902	-0.00173008839
0.04533404027	0.00180601581	-0.00149884997
0.04534021848	0.00164362033	-0.00126395407
0.04534581474	0.00148121094	-0.00102520921
0.04535081911	0.00131913076	-0.00078313022
0.04535523791	0.00115727865	-0.00053733972
0.04535906486	0.00099605974	-0.00028853522
0.04536230901	0.00083535709	-0.00003629520
0.04536497116	0.00067549394	0.00021879653
0.04536705983	0.00051650951	0.00047681332
0.04536858345	0.00035851848	0.00073759582
0.04536955131	0.00020177676	0.00100069085
0.04536997644	0.00004623471	0.00126634544
0.04536987168	-0.00010790686	0.00153411367
0.04536925230	-0.00026047281	0.00180368844
0.04536813406	-0.00041147497	0.00207519282
0.04536653448	-0.00056075808	0.00234823851
0.04536447201	-0.00070822263	0.00262262136
0.04536196662	-0.00085374704	0.00289806570
0.04535903775	-0.00099729337	0.00317450585
0.04535570632	-0.00113877304	0.00345167264
0.04535199376	-0.00127810880	0.00372933185
0.04534792184	-0.00141523322	0.00400727079
0.04534351248	-0.00155008905	0.00428527573
0.04533878775	-0.00168262462	0.00456313447
0.04533376969	-0.00181279511	0.00484063648
0.04532848188	-0.00194052336	0.00511747698
0.04532294432	-0.00206582134	0.00539361705
0.04531717862	-0.00218865759	0.00566879669
0.04531120651	-0.00230899645	0.00594276666
0.04530505043	-0.00242678914	0.00621524685
0.04529872662	-0.00254209887	0.00648633585
0.04529225974	-0.00265482726	0.00675545407
0.04528566331	-0.00276506753	0.00702284919
0.04527896144	-0.00287272536	0.00728790252
0.04527216688	-0.00297788610	0.00755084594
0.04526529784	-0.00308053754	0.00781133064
0.04525837201	-0.00318067017	0.00806913609
0.04525140341	-0.00327832114	0.00832424167
0.04524440603	-0.00337351794	0.00857650476
0.04523739381	-0.00346628059	0.00882575905
0.04523037955	-0.00355663682	0.00907189018
0.04522337514	-0.00364461807	0.00931479153
0.04521639156	-0.00373025923	0.00955436418
0.04520944060	-0.00381357851	0.00979044803
0.04520253117	-0.00389462141	0.01002303162
0.04519567071	-0.00397344295	0.01025208152
0.04518886873	-0.00405006707	0.01047741967
0.04518213393	-0.00412452105	0.01069895885
0.04517546974	-0.00419688385	0.01091684017
0.04516888682	-0.00426714937	0.01113071598
0.04516238694	-0.00433540146	0.01134084341
0.04515597601	-0.00440167360	0.01154703394
0.04514966131	-0.00446598071	0.01174916385
0.04514344328	-0.00452840249	0.01194745176
0.04513732640	-0.00458897213	0.01214173895
0.04513131391	-0.00464773116	0.01233202281
0.04512540851	-0.00470472177	0.01251830630
0.04511961246	-0.00475998649	0.01270059772
0.04511392750	-0.00481356892	0.01287891025
0.04510835490	-0.00486551313	0.01305326184
0.04510289554	-0.00491586351	0.01322367498
0.04509754994	-0.00496466408	0.01339017654
0.04509231819	-0.00501195977	0.01355279726
0.04508720355	-0.00505776395	0.01371143414
0.04508220304	-0.00510214359	0.01386633835
0.04507731512	-0.00514514930	0.01401751736
0.04507254528	-0.00518676793	0.01416472315
0.04506788552	-0.00522710192	0.01430847187
0.04506334164	-0.00526613140	0.01444834927
0.04505890606	-0.00530394992	0.01458483304
0.04505458584	-0.00534052383	0.01471748341
0.04505037203	-0.00537595389	0.01484687321
0.04504626656	-0.00541024665	0.01497274016
0.04504227068	-0.00544341361	0.01509509199
0.04503837838	-0.00547552490	0.01521425659
0.04503458950	-0.00550660046	0.01533012664
0.04503090267	-0.00553666907	0.01544276584
0.04502731753	-0.00556575024	0.01555219460
0.04502383163	-0.00559387930	0.01565854187
0.04502044216	-0.00562109308	0.01576190245
0.04501714778	-0.00564741582	0.01586229156
0.04501394661	-0.00567287496	0.01595977479
0.04501083679	-0.00569749693	0.01605441784
0.04500781633	-0.00572130838	0.01614628620
0.04500488324	-0.00574433502	0.01623544530
0.04500203726	-0.00576658845	0.01632188896
0.04499927533	-0.00578810154	0.01640576551
0.04499659459	-0.00580890486	0.01648716219
0.04499399322	-0.00582901997	0.01656610761
0.04499146910	-0.00584847059	0.01664266496
0.04498902242	-0.00586726189	0.01671680294
0.04498665206	-0.00588540875	0.01678859430
0.04498435109	-0.00590297018	0.01685833653
0.04498211906	-0.00591995480	0.01692593663
0.04497994558	-0.00593644638	0.01699178330
0.04497757339	-0.00595439266	0.01706465846
0.04497417016	-0.00598004333	0.01713514922
0.04496976292	-0.00601309596	0.01720242913
0.04496438750	-0.00605316089	0.01726570939
0.04495808888	-0.00609976595	0.01732424811
0.04495092147	-0.00615236206	0.01737735897
0.04494294943	-0.00621032980	0.01742441929
0.04493424682	-0.00627298677	0.01746487733
0.04492489761	-0.00633959576	0.01749825877
0.04491499562	-0.00640937346	0.01752417223
0.04490464408	-0.00648149981	0.01754231390
0.04489395506	-0.00655512767	0.01755247109
0.04488304859	-0.00662939284	0.01755452471
0.04487205147	-0.00670342428	0.01754845069
0.04486109586	-0.00677635432	0.01753432024
0.04495125272	0.00947989870	-0.01069647718
0.04494166201	0.00952526200	-0.01052542103
0.04493946297	0.00953563148	-0.01044980395
0.04493864201	0.00953949970	-0.01038918240
0.04493843807	0.00954046033	-0.01033637872
0.04493876686	0.00953891151	-0.01028820006
0.04493948596	0.00953552313	-0.01024323146
0.04494041243	0.00953115579	-0.01020081712
0.04494173124	0.00952493533	-0.01015993578
0.04494324197	0.00951780443	-0.01012054582
0.04494491692	0.00950989186	-0.01008236382
0.04494689996	0.00950051492	-0.01004485601
0.04494907903	0.00949019992	-0.01000806908
0.04495137360	0.00947932549	-0.00997200791
0.04495389871	0.00946734338	-0.00993630916
0.04495664678	0.00945428530	-0.00990089470
0.04495957806	0.00944033582	-0.00986576434
0.04496269278	0.00942548982	-0.00983084528
0.04496599197	0.00940973784	-0.00979607179
0.04496947748	0.00939306632	-0.00976138484
0.04497314501	0.00937549081	-0.00972674434
0.04497701228	0.00935692078	-0.00969206766
0.04498108837	0.00933730630	-0.00965729687
0.04498534185	0.00931679229	-0.00962246452
0.04498980263	0.00929522778	-0.00958746761
0.04499447335	0.00927259229	-0.00955226908
0.04499935598	0.00924886810	-0.00951683284
0.04500445533	0.00922402303	-0.00948111941
0.04500977615	0.00919802428	-0.00944508786
0.04501530421	0.00917093160	-0.00940874234
0.04502097313	0.00914306176	-0.00937220616
0.04502697112	0.00911347747	-0.00933499033
0.04503320054	0.00908264549	-0.00929731532
0.04503952529	0.00905122982	-0.00925948055
0.04504624464	0.00901772942	-0.00922069323
0.04505307628	0.00898353594	-0.00918165215
0.04506024272	0.00894752067	-0.00914173545
0.04506755244	0.00891062947	-0.00910141702
0.04507522078	0.00887175698	-0.00906007733
0.04508300448	0.00883211792	-0.00901834358
0.04509112567	0.00879056230	-0.00897554891
0.04509950151	0.00874748896	-0.00893189396
0.04510809294	0.00870307714	-0.00888744272
0.04511691790	0.00865721198	-0.00884208860
0.04512603955	0.00860953860	-0.00879559427
0.04513541198	0.00856026782	-0.00874805137
0.04514503835	0.00850935442	-0.00869939469
0.04515492140	0.00845675311	-0.00864955791
0.04516506349	0.00840241871	-0.00859847334
0.04517546670	0.00834630510	-0.00854607406
0.04518613262	0.00828836647	-0.00849229180
0.04519700832	0.00822885404	-0.00843723617
0.04520817656	0.00816727443	-0.00838054563
0.04521962007	0.00810367575	-0.00832221924
0.04523127735	0.00803835486	-0.00826240426
0.04524318458	0.00797106325	-0.00820088555
0.04525537071	0.00790158351	-0.00813747244
0.04526774634	0.00783037303	-0.00807243560
0.04528040064	0.00775686266	-0.00800532437
0.04529328639	0.00768126342	-0.00793625069
0.04530635132	0.00760382337	-0.00786533851
0.04531968656	0.00752393581	-0.00779209152
0.04533322798	0.00744191112	-0.00771670423
0.04534697047	0.00735770815	-0.00763909240
0.04536090819	0.00727128654	-0.00755917300
0.04537503448	0.00718260720	-0.00747686369
0.04538934174	0.00709163282	-0.00739208238
0.04540382154	0.00699832763	-0.00730474787
0.04541846456	0.00690265723	-0.00721478040
0.04543326056	0.00680458924	-0.00712210096
0.04544819834	0.00670409336	-0.00702663159
0.04546324416	0.00660129006	-0.00692841401
0.04547839280	0.00649610564	-0.00682731849
0.04549366853	0.00638824887	-0.00672302752
0.04550897454	0.00627828289	-0.00661599437
0.04552439051	0.00616550635	-0.00650548879
0.04553980095	0.00605063052	-0.00639212834
0.04555527756	0.00593298295	-0.00627517589
0.04557073531	0.00581306141	-0.00615506117
0.04558617540	0.00569071284	-0.00603153525
0.04560159127	0.00556583090	-0.00590440995
0.04561694456	0.00543856316	-0.00577375953
0.04563221317	0.00530892844	-0.00563950758
0.04564737232	0.00517696821	-0.00550159806
0.04566240051	0.00504269564	-0.00535993894
0.04567727811	0.00490610485	-0.00521441887
0.04569197559	0.00476728085	-0.00506503194
0.04570646292	0.00462632111	-0.00491177160
0.04572072012	0.00448323001	-0.00475451692
0.04573472190	0.00433806555	-0.00459321905
0.04574844149	0.00419090701	-0.00442784976
0.04576185321	0.00404183016	-0.00425837321
0.04577493153	0.00389091801	-0.00408476443
0.04578763802	0.00373842275	-0.00390720121
0.04579997290	0.00358414318	-0.00372525364
0.04581190125	0.00342830922	-0.00353912197
0.04582338881	0.00327118294	-0.00334901157
0.04583443131	0.00311263658	-0.00315456696
0.04584500200	0.00295286163	-0.00295594014
0.04585507085	0.00279214565	-0.00275339090
0.04586463871	0.00263030721	-0.00254647092
0.04587367087	0.00246777652	-0.00233572100
0.04588216514	0.00230445698	-0.00212080014
0.04589010086	0.00214061736	-0.00190200688
0.04589746874	0.00197635111	-0.00167933094
0.04590426031	0.00181176310	-0.00145279628
0.04591046392	0.00164708918	-0.00122266472
0.04591607925	0.00148231781	-0.00098875443
0.04592109567	0.00131779084	-0.00075155978
0.04592551852	0.00115340750	-0.00051072127
0.04592934080	0.00098957252	-0.00026690884
0.04593257063	0.00082616919	-0.00001972096
0.04593520806	0.00066352153	0.00023028063
0.04593726078	0.00050166910	0.00048316367
0.04593873643	0.00034072785	0.00073877240
0.04593964361	0.00018095506	0.00099666986
0.04593999459	0.00002230155	0.00125708956
0.04593980156	-0.00013502895	0.00151960029
0.04593907923	-0.00029085943	0.00178390451
0.04593784275	-0.00044520072	0.00205011647
0.04593610914	-0.00059789399	0.00231785967
0.04593389645	-0.00074883718	0.00258693438
0.04593122430	-0.00089790569	0.00285707225
0.04592811177	-0.00104505941	0.00312820610
0.04592457958	-0.00119020598	0.00340007316
0.04592064901	-0.00133326456	0.00367244425
0.04591634175	-0.00147416424	0.00394511087
0.04591167971	-0.00161284403	0.00421786327
0.04590668503	-0.00174924838	0.00449049319
0.04590137987	-0.00188332851	0.00476279391
0.04589578809	-0.00201500271	0.00503446844
0.04588992986	-0.00214428026	0.00530547475
0.04588382713	-0.00227112472	0.00557555835
0.04587750211	-0.00239549577	0.00584447531
0.04587097775	-0.00251733987	0.00611195235
0.04586427056	-0.00263671872	0.00637807958
0.04585740612	-0.00275352567	0.00664229586
0.04585039816	-0.00286785428	0.00690483490
0.04584327188	-0.00297960124	0.00716509802
0.04583604031	-0.00308885239	0.00742330414
0.04582872256	-0.00319558895	0.00767911374
0.04582133717	-0.00329979694	0.00793231127
0.04581389877	-0.00340151132	0.00818287340
0.04580642215	-0.00350075559	0.00843065931
0.04579892210	-0.00359754564	0.00867550569
0.04579141220	-0.00369190584	0.00891729942
0.04578390515	-0.00378386437	0.00915593488
0.04577641273	-0.00387345294	0.00939131403
0.04576894762	-0.00396068600	0.00962328030
0.04576151944	-0.00404560730	0.00985182021
0.04575413633	-0.00412826947	0.01007689897
0.04574680872	-0.00420869238	0.01029834306
0.04573954614	-0.00428690083	0.01051606677
0.04573235241	-0.00436297410	0.01073020379
0.04572523942	-0.00443689983	0.01094041804
0.04571820911	-0.00450876432	0.01114695542
0.04571126833	-0.00457859669	0.01134963287
0.04570442518	-0.00464640926	0.01154833050
0.04569768027	-0.00471228372	0.01174325754
0.04569103895	-0.00477624956	0.01193426011
0.04568450498	-0.00483834734	0.01212133504
0.04567808160	-0.00489861835	0.01230448459
0.04567177155	-0.00495710438	0.01248371628
0.04566557702	-0.00501384837	0.01265904247
0.04565949973	-0.00506889381	0.01283048018
0.04565354094	-0.00512228464	0.01299805089
0.04564770154	-0.00517406455	0.01316178046
0.04564198197	-0.00522427815	0.01332169850
0.04563638610	-0.00527293689	0.01347770635
0.04563091077	-0.00532011109	0.01363004607
0.04562555477	-0.00536585054	0.01377872489
0.04562032448	-0.00541013808	0.01392350500
0.04561521104	-0.00545308372	0.01406488359
0.04561022150	-0.00549466057	0.01420246265
0.04560534744	-0.00553496931	0.01433670250
0.04560059724	-0.00557396911	0.01446718096
0.04559596081	-0.00561176957	0.01459445009
0.04559144097	-0.00564837239	0.01471825812
0.04558703915	-0.00568378935	0.01483861384
0.04558274875	-0.00571809554	0.01495583367
0.04557857006	-0.00575130867	0.01506981519
0.04557450173	-0.00578345848	0.01518062084
0.04557054352	-0.00581456475	0.01528827152
0.04556669280	-0.00584466484	0.01539289252
0.04556294668	-0.00587379689	0.01549457612
0.04555930389	-0.00590198520	0.01559333811
0.04555576250	-0.00592925820	0.01568924282
0.04555232061	-0.00595564331	0.01578235469
0.04554897614	-0.00598116818	0.01587273797
0.04554572704	-0.00600585954	0.01596045683
0.04554257315	-0.00602972894	0.01604550668
0.04553951109	-0.00605281172	0.01612803153
0.04553653783	-0.00607513974	0.01620811647
0.04553365155	-0.00609673493	0.01628579017
0.04553084999	-0.00611762202	0.01636111466
0.04552813350	-0.00613780578	0.01643406114
0.04552550083	-0.00615730251	0.01650470102
0.04552294423	-0.00617617591	0.01657332153
0.04552046355	-0.00619443286	0.01663983419
0.04551804731	-0.00621216298	0.01670461362
0.04551542506	-0.00623134671	0.01677566106
0.04551176440	-0.00625802694	0.01684419859
0.04550709540	-0.00629188911	0.01690942269
0.04550145726	-0.00633253404	0.01697056866
0.04549489861	-0.00637948277	0.01702691962
0.04548747775	-0.00643218219	0.01707781491
0.04547926283	-0.00649001174	0.01712265782
0.04547033193	-0.00655229073	0.01716092262
0.04546077302	-0.00661828648	0.01719216068
0.04545068369	-0.00668722302	0.01721600577
0.04544017069	-0.00675829026	0.01723217832
0.04542934922	-0.00683065366	0.01724048873
0.04541834194	-0.00690346399	0.01724083956
0.04540727776	-0.00697586742	0.01723322671
0.04539629030	-0.00704701549	0.01721773941
0.04553170396	0.00953804666	-0.01046138475
0.04552260941	0.00958135858	-0.01029335546
0.04552059711	0.00959091440	-0.01021910155
0.04551990798	0.00959418455	-0.01015958910
0.04551981278	0.00959463621	-0.01010775359
0.04552023124	0.00959265074	-0.01006046664
0.04552102697	0.00958887396	-0.01001633582
0.04552202459	0.00958413677	-0.00997470921
0.04552340194	0.00957759240	-0.00993459797
0.04552496673	0.00957015175	-0.00989594984
0.04552669254	0.00956193842	-0.00985848585
0.04552871769	0.00955229113	-0.00982169186
0.04553093468	0.00954171825	-0.00978560689
0.04553326635	0.00953058524	-0.00975023088
0.04553582332	0.00951836090	-0.00971521489
0.04553859843	0.00950507511	-0.00968048184
0.04554155366	0.00949090568	-0.00964602898
0.04554468934	0.00947584681	-0.00961178488
0.04554800663	0.00945988856	-0.00957768508
0.04555150745	0.00944301695	-0.00954367171
0.04555518778	0.00942524620	-0.00950970507
0.04555906481	0.00940648782	-0.00947570514
0.04556314740	0.00938669263	-0.00944161561
0.04556740551	0.00936599996	-0.00940746605
0.04557186800	0.00934426277	-0.00937315738
0.04557653758	0.00932146030	-0.00933865322
0.04558141628	0.00929757443	-0.00930391815
0.04558650886	0.00927257300	-0.00926891360
0.04559182006	0.00924642327	-0.00923359955
0.04559733635	0.00921918204	-0.00919797886
0.04560299411	0.00919115490	-0.00916216733
0.04560897434	0.00916143328	-0.00912569925
0.04561518337	0.00913046802	-0.00908878329
0.04562149057	0.00909890093	-0.00905170244
0.04562818371	0.00906527725	-0.00901370220
0.04563499160	0.00903094356	-0.00897544554
0.04564212830	0.00899480542	-0.00893634012
0.04564940983	0.00895777775	-0.00889683504
0.04565704339	0.00891878855	-0.00885634020
0.04566479523	0.00887901327	-0.00881545032
0.04567287910	0.00883733642	-0.00877352998
0.04568121547	0.00879414312	-0.00873076878
0.04568976692	0.00874960563	-0.00868722593
0.04569855086	0.00870361127	-0.00864279839
0.04570762817	0.00865581462	-0.00859725902
0.04571695483	0.00860641858	-0.00855069346
0.04572653398	0.00855537786	-0.00850303805
0.04573636839	0.00850264701	-0.00845422799
0.04574646044	0.00844818070	-0.00840419720
0.04575681223	0.00839193268	-0.00835288033
0.04576742541	0.00833385693	-0.00830021071
0.04577824907	0.00827419555	-0.00824629056
0.04578936301	0.00821246830	-0.00819077414
0.04580075063	0.00814872022	-0.00813365902
0.04581235278	0.00808323778	-0.00807508322
0.04582420432	0.00801577810	-0.00801484013
0.04583633320	0.00794612853	-0.00795274651
0.04584865325	0.00787473142	-0.00788905793
0.04586125045	0.00780103247	-0.00782334360
0.04587407923	0.00772523492	-0.00775570827
0.04588708914	0.00764757806	-0.00768626772
0.04590036804	0.00756747077	-0.00761454768
0.04591385397	0.00748521297	-0.00754073156
0.04592754192	0.00740076302	-0.00746473713
0.04594142612	0.00731407999	-0.00738648337
0.04595550000	0.00722512421	-0.00730588990
0.04596975607	0.00713385778	-0.00722287662
0.04598418599	0.00704024426	-0.00713736428
0.04599878055	0.00694424855	-0.00704927505
0.04601352962	0.00684583758	-0.00695853185
0.04602842210	0.00674498029	-0.00686505861
0.04604342508	0.00664179243	-0.00676889299
0.04605853320	0.00653620068	-0.00666990944
0.04607376962	0.00642791982	-0.00656780382
0.04608904022	0.00631749725	-0.00646300594
0.04610442180	0.00620424777	-0.00635481815
0.04611980203	0.00608886367	-0.00624382709
0.04613524997	0.00597068755	-0.00612932837
0.04615068270	0.00585020392	-0.00601172984
0.04616610087	0.00572726205	-0.00589079216
0.04618149759	0.00560175686	-0.00576633429
0.04619683506	0.00547383138	-0.00563842533
0.04621209125	0.00534350284	-0.00550699058
0.04622724145	0.00521081068	-0.00537197479
0.04624226414	0.00507576670	-0.00523328840
0.04625713955	0.00493836416	-0.00509082360
0.04627183829	0.00479868538	-0.00494457324
0.04628633040	0.00465682487	-0.00479452941
0.04630059570	0.00451278606	-0.00464057515
0.04631460877	0.00436662503	-0.00448266254
0.04632834276	0.00421841881	-0.00432076332
0.04634177181	0.00406824108	-0.00415484208
0.04635487020	0.00391617274	-0.00398487391
0.04636759955	0.00376246088	-0.00381102716
0.04637995926	0.00360690712	-0.00363289047
0.04639191430	0.00344973734	-0.00345065466
0.04640343030	0.00329120899	-0.00326451492
0.04641450219	0.00313119576	-0.00307413114
0.04642510286	0.00296988628	-0.00287964853
0.04643520201	0.00280756381	-0.00268131476
0.04644479954	0.00264404904	-0.00247870159
0.04645386050	0.00247976697	-0.00227232611
0.04646238183	0.00231462187	-0.00206186264
0.04647034232	0.00214887977	-0.00184759724
0.04647773193	0.00198263320	-0.00162952078
0.04648454145	0.00181598628	-0.00140765722
0.04649075852	0.00164917313	-0.00118225805
0.04649638195	0.00148218256	-0.00095315084
0.04650140043	0.00131535467	-0.00072081004
0.04650581837	0.00114858956	-0.00048489356
0.04650962809	0.00098229088	-0.00024604446
0.04651283677	0.00081634265	-0.00000388067
0.04651544377	0.00065106915	0.00024105757
0.04651745595	0.00048651040	0.00048883260
0.04651888015	0.00032278353	0.00073929216
0.04651972434	0.00016014679	0.00099201516
0.04651999998	-0.00000144821	0.00124722196
0.04651971864	-0.00016179523	0.00150449577
0.04651889446	-0.00032071565	0.00176354840
0.04651754192	-0.00047821911	0.00202448559
0.04651567759	-0.00063414353	0.00228694237
0.04651331906	-0.00078838445	0.00255072344
0.04651048557	-0.00094081454	0.00281556768
0.04650719584	-0.00109139147	0.00308140646
0.04650347032	-0.00124001932	0.00334798341
0.04649933012	-0.00138661390	0.00361507434
0.04649479680	-0.00153110095	0.00388247492
0.04648989223	-0.00167341588	0.00414997942
0.04648463853	-0.00181349950	0.00441738351
0.04647905799	-0.00195129921	0.00468448427
0.04647317465	-0.00208672903	0.00495099246
0.04646700881	-0.00221979551	0.00521686312
0.04646058275	-0.00235045748	0.00548184721
0.04645391904	-0.00247867019	0.00574570617
0.04644704111	-0.00260437564	0.00600817345
0.04643996570	-0.00272763373	0.00626933101
0.04643271922	-0.00284833030	0.00652863584
0.04642531561	-0.00296655877	0.00678630810
0.04641778103	-0.00308220764	0.00704176884
0.04641012881	-0.00319536282	0.00729522434
0.04640237891	-0.00330599935	0.00754634432
0.04639455063	-0.00341409904	0.00779491821
0.04638665918	-0.00351969457	0.00804092008
0.04637872011	-0.00362280563	0.00828421103
0.04637074901	-0.00372344413	0.00852463076
0.04636276022	-0.00382163119	0.00876206743
0.04635476719	-0.00391739178	0.00899641654
0.04634678250	-0.00401075457	0.00922758097
0.04633881966	-0.00410173045	0.00945540772
0.04633088896	-0.00419036132	0.00967988134
0.04632299924	-0.00427669750	0.00990096585
0.04631516184	-0.00436075499	0.01011849225
0.04630738704	-0.00444255620	0.01033237635
0.04629967909	-0.00452218050	0.01054274460
0.04629205104	-0.00459960982	0.01074927241
0.04628450504	-0.00467493242	0.01095219464
0.04627704884	-0.00474817341	0.01115133370
0.04626969134	-0.00481934265	0.01134657347
0.04626243333	-0.00488852351	0.01153811399
0.04625528101	-0.00495574202	0.01172580623
0.04624823867	-0.00502103776	0.01190964644
0.04624131006	-0.00508445117	0.01208963627
0.04623449842	-0.00514602327	0.01226578251
0.04622780640	-0.00520579633	0.01243809670
0.04622123613	-0.00526381331	0.01260659498
0.04621478928	-0.00532011764	0.01277129789
0.04620846712	-0.00537475267	0.01293223027
0.04620227042	-0.00542776273	0.01308942065
0.04619620367	-0.00547915748	0.01324277467
0.04619026353	-0.00552901027	0.01339252539
0.04618444915	-0.00557737009	0.01353867986
0.04617876776	-0.00562421621	0.01368101031
0.04617320970	-0.00566966544	0.01381999523
0.04616778323	-0.00571368458	0.01395525262
0.04616247915	-0.00575638072	0.01408722573
0.04615730709	-0.00579770661	0.01421550966
0.04615225593	-0.00583777980	0.01434063600
0.04614732928	-0.00587659766	0.01446236335
0.04614252882	-0.00591417228	0.01458070151
0.04613784737	-0.00595058320	0.01469595563
0.04613328565	-0.00598584620	0.01480802806
0.04612884236	-0.00601999187	0.01491698003
0.04612451737	-0.00605304033	0.01502283287
0.04612030789	-0.00608503079	0.01512570825
0.04611621095	-0.00611600261	0.01522569597
0.04611222536	-0.00614598020	0.01532281238
0.04610834916	-0.00617499293	0.01541712051
0.04610458039	-0.00620306915	0.01550868358
0.04610091692	-0.00623023749	0.01559756456
0.04609735662	-0.00625652561	0.01568382640
0.04609389944	-0.00628194513	0.01576746605
0.04609054169	-0.00630653362	0.01584862321
0.04608728019	-0.00633032418	0.01592738083
0.04608411312	-0.00635333913	0.01600376768
0.04608103810	-0.00637560413	0.01607784456
0.04607805561	-0.00639712368	0.01614958516
0.04607516426	-0.00641791544	0.01621905953
0.04607235556	-0.00643804733	0.01628654475
0.04606962963	-0.00645752475	0.01635195681
0.04606697399	-0.00647644253	0.01641565646
0.04606411051	-0.00649677791	0.01648486497
0.04606020606	-0.00652440172	0.01655144745
0.04605529365	-0.00655898827	0.01661462327
0.04604941569	-0.00660012989	0.01667365176
0.04604262424	-0.00664734178	0.01672784087
0.04603498117	-0.00670006783	0.01677655526
0.04602655824	-0.00675768722	0.01681922382
0.04601743715	-0.00681952182	0.01685534629
0.04600770934	-0.00688484429	0.01688449917
0.04599747566	-0.00695288667	0.01690634067
0.04598684578	-0.00702284953	0.01692061472
0.04597593741	-0.00709391141	0.01692715396
0.04596487525	-0.00716523851	0.01692588173
0.04595378965	-0.00723599451	0.01691681295
0.04594281506	-0.00730535039	0.01690005394
0.04610338528	0.00958884590	-0.01023676025
0.04609475826	0.00963023163	-0.01007166538
0.04609292020	0.00963902523	-0.00999873090
0.04609235321	0.00964173612	-0.00994029073
0.04609235820	0.00964171228	-0.00988939099
0.04609285866	0.00963931949	-0.00984296525
0.04609372397	0.00963518088	-0.00979964316
0.04609478591	0.00963009928	-0.00975877701
0.04609621549	0.00962325398	-0.00971940848
0.04609782820	0.00961552575	-0.00968147574
0.04609959881	0.00960703332	-0.00964470415
0.04610166032	0.00959713581	-0.00960859797
0.04610390962	0.00958632453	-0.00957318922
0.04610627273	0.00957495248	-0.00953847334
0.04610885603	0.00956250466	-0.00950411485
0.04611165278	0.00954900925	-0.00947003771
0.04611462659	0.00953463761	-0.00943623684
0.04611777792	0.00951938336	-0.00940264215
0.04612110801	0.00950323606	-0.00936919040
0.04612461883	0.00948618139	-0.00933582483
0.04612830668	0.00946823228	-0.00930250612
0.04613218819	0.00944930222	-0.00926915675
0.04613627202	0.00942934272	-0.00923572188
0.04614052944	0.00940848783	-0.00920222841
0.04614498833	0.00938659426	-0.00916858087
0.04614965144	0.00936364098	-0.00913474356
0.04615452085	0.00933960949	-0.00910068170
0.04615960129	0.00931446771	-0.00906635757
0.04616489747	0.00928818291	-0.00903173207
0.04617039652	0.00926080909	-0.00899680682
0.04617603746	0.00923264127	-0.00896169073
0.04618199439	0.00920279818	-0.00892593969
0.04618817743	0.00917171554	-0.00888975142
0.04619446118	0.00914001404	-0.00885339374
0.04620112239	0.00910628300	-0.00881614769
0.04620790053	0.00907182608	-0.00877864301
0.04621500153	0.00903558152	-0.00874031478
0.04622224867	0.00899843476	-0.00870158914
0.04622984130	0.00895934560	-0.00866190332
0.04623755480	0.00891945210	-0.00862182192
0.04624559488	0.00887767166	-0.00858073873
0.04625388519	0.00883437631	-0.00853883314
0.04626238987	0.00878973173	-0.00849615996
0.04627112579	0.00874362727	-0.00845261946
0.04628015167	0.00869572662	-0.00840799399
0.04628942526	0.00864622513	-0.00836236369
0.04629894971	0.00859507741	-0.00831566632
0.04630872781	0.00854223793	-0.00826783859
0.04631876193	0.00848766125	-0.00821881590
0.04632905421	0.00843130097	-0.00816853441
0.04633960631	0.00837311094	-0.00811692898
0.04635036931	0.00831332453	-0.00806409500
0.04636142011	0.00825147411	-0.00800970145
0.04637274281	0.00818760184	-0.00795374454
0.04638428044	0.00812198422	-0.00789635379
0.04639606665	0.00805438386	-0.00783733048
0.04640812839	0.00798459262	-0.00777649838
0.04642038261	0.00791303853	-0.00771409905
0.04643291217	0.00783918154	-0.00764972019
0.04644567315	0.00776321748	-0.00758345995
0.04645861682	0.00768537724	-0.00751542651
0.04647182788	0.00760508470	-0.00744516617
0.04648524648	0.00752262981	-0.00737285204
0.04649886768	0.00743797043	-0.00729840381
0.04651268580	0.00735106518	-0.00722174236
0.04652669436	0.00726187388	-0.00714278919
0.04654088595	0.00717035806	-0.00706146608
0.04655525234	0.00707648072	-0.00697769566
0.04656978443	0.00698020615	-0.00689140193
0.04658447219	0.00688150064	-0.00680250962
0.04659930463	0.00678033245	-0.00671094449
0.04661424965	0.00667681281	-0.00661674048
0.04662930176	0.00657086887	-0.00651977594
0.04664448302	0.00646222130	-0.00641975924
0.04665970199	0.00635140224	-0.00631709838
0.04667503263	0.00623774230	-0.00621112615
0.04669036574	0.00612191534	-0.00610240039
0.04670576778	0.00600327876	-0.00599024727
0.04672115793	0.00588230415	-0.00587505431
0.04673653630	0.00575884316	-0.00575659117
0.04675189572	0.00563279206	-0.00563468346
0.04676719895	0.00550428948	-0.00550939556
0.04678242401	0.00537335122	-0.00538065441
0.04679754635	0.00524001481	-0.00524840552
0.04681254442	0.00510429084	-0.00511256171
0.04682739836	0.00496617181	-0.00497301850
0.04684207892	0.00482573747	-0.00482976765
0.04685655627	0.00468307957	-0.00468280001
0.04687081005	0.00453820069	-0.00453200238
0.04688481477	0.00439115515	-0.00437732775
0.04689854352	0.00424201786	-0.00421874790
0.04691197033	0.00409086055	-0.00405622782
0.04692506931	0.00393776214	-0.00388974274
0.04693780223	0.00378296472	-0.00371945222
0.04695016767	0.00362627296	-0.00354496228
0.04696213058	0.00346790876	-0.00336645496
0.04697365654	0.00330812500	-0.00318411596
0.04698473974	0.00314679709	-0.00299761959
0.04699535278	0.00298411081	-0.00280710472
0.04700546514	0.00282034511	-0.00261280773
0.04701507587	0.00265532316	-0.00241431920
0.04702414982	0.00248946449	-0.00221213400
0.04703268313	0.00232267458	-0.00200594086
0.04704065413	0.00215521661	-0.00179601413
0.04704805210	0.00198718228	-0.00158234580
0.04705486714	0.00181867500	-0.00136495981
0.04706108627	0.00164992704	-0.00114409798
0.04706670748	0.00148092780	-0.00091959670
0.04707171885	0.00131201526	-0.00069191170
0.04707612392	0.00114309075	-0.00046071722
0.04707991440	0.00097455630	-0.00022663107
0.04708309659	0.00080629713	0.00001071054
0.04708566918	0.00063863722	0.00025078762
0.04708763826	0.00047161720	0.00049365747
0.04708900995	0.00030535525	0.00073917116
0.04708979156	0.00014011014	0.00098692253
0.04708999380	-0.00002416539	0.00123711966
0.04708962765	-0.00018726310	0.00148935934
0.04708870668	-0.00034900306	0.00174336227
0.04708724475	-0.00050939351	0.00199922618
0.04708525794	-0.00066826962	0.00225659710
0.04708276339	-0.00082552475	0.00251528393
0.04707977997	-0.00098102913	0.00277503241
0.04707632599	-0.00113473828	0.00303577267
0.04707242166	-0.00128655308	0.00329725440
0.04706808786	-0.00143638626	0.00355925825
0.04706334599	-0.00158416048	0.00382158387
0.04705821782	-0.00172980789	0.00408402942
0.04705272548	-0.00187326588	0.00434639439
0.04704689126	-0.00201447833	0.00460847952
0.04704073937	-0.00215335546	0.00487000298
0.04703429018	-0.00228990109	0.00513091713
0.04702756623	-0.00242406973	0.00539097822
0.04702059041	-0.00255581257	0.00564995280
0.04701338652	-0.00268506755	0.00590758083
0.04700597153	-0.00281189266	0.00616393663
0.04699837255	-0.00293616709	0.00641849447
0.04699060369	-0.00305798377	0.00667146176
0.04698269200	-0.00317722397	0.00692227828
0.04697465104	-0.00329397330	0.00717113852
0.04696650151	-0.00340820123	0.00741772098
0.04695826343	-0.00351988570	0.00766181993
0.04694995255	-0.00362905717	0.00790340706
0.04694158506	-0.00373573174	0.00814234535
0.04693317731	-0.00383991767	0.00837847748
0.04692474432	-0.00394163301	0.00861169290
0.04691630025	-0.00404089977	0.00884188821
0.04690785837	-0.00413774372	0.00906896729
0.04689943300	-0.00423217248	0.00929278054
0.04689103505	-0.00432422621	0.00951331078
0.04688267398	-0.00441395294	0.00973052092
0.04687436199	-0.00450136517	0.00994424633
0.04686611006	-0.00458648313	0.01015440432
0.04685792285	-0.00466938601	0.01036111457
0.04684981450	-0.00475005069	0.01056406336
0.04684178733	-0.00482856702	0.01076347519
0.04683384996	-0.00490495642	0.01095917769
0.04682601203	-0.00497922659	0.01115105836
0.04681827453	-0.00505146218	0.01133930856
0.04681064442	-0.00512168614	0.01152378390
0.04680312653	-0.00518993711	0.01170448014
0.04679572509	-0.00525625468	0.01188139832
0.04678844380	-0.00532067918	0.01205454461
0.04678128574	-0.00538325222	0.01222392979
0.04677425347	-0.00544401620	0.01238956918
0.04676734903	-0.00550301413	0.01255148244
0.04676057406	-0.00556028895	0.01270969347
0.04675392966	-0.00561588473	0.01286422979
0.04674742088	-0.00566980961	0.01301500111
0.04674104427	-0.00572213950	0.01316223196
0.04673479928	-0.00577292266	0.01330592923
0.04672869397	-0.00582213533	0.01344587469
0.04672271795	-0.00586990015	0.01358252906
0.04671688059	-0.00591617849	0.01371552557
0.04671117200	-0.00596108295	0.01384529121
0.04670560298	-0.00600456082	0.01397143751
0.04670016143	-0.00604673650	0.01409447662
0.04669485177	-0.00608760362	0.01421417699
0.04668967585	-0.00612717460	0.01433054935
0.04668462600	-0.00616553288	0.01444388811
0.04667970335	-0.00620269254	0.01455410020
0.04667490664	-0.00623868496	0.01466124563
0.04667023584	-0.00627353063	0.01476534616
0.04666568804	-0.00630727041	0.01486651999
0.04666126017	-0.00633994472	0.01496485456
0.04665695116	-0.00637157814	0.01506036670
0.04665275902	-0.00640220087	0.01515311824
0.04664868172	-0.00643184215	0.01524317119
0.04664471710	-0.00646053147	0.01533058731
0.04664086295	-0.00648829739	0.01541542834
0.04663711933	-0.00651515160	0.01549769266
0.04663348228	-0.00654113373	0.01557751590
0.04662994847	-0.00656627795	0.01565497896
0.04662651606	-0.00659060695	0.01573011064
0.04662318260	-0.00661414727	0.01580297059
0.04661994868	-0.00663690326	0.01587353483
0.04661681278	-0.00665889380	0.01594187208
0.04661376572	-0.00668019053	0.01600824979
0.04661080789	-0.00670079754	0.01607258818
0.04660792590	-0.00672081421	0.01613523480
0.04660483978	-0.00674218134	0.01620266089
0.04660071443	-0.00677063620	0.01626735757
0.04659558559	-0.00680584332	0.01632856631
0.04658949861	-0.00684738777	0.01638556951
0.04658250861	-0.00689478005	0.01643769885
0.04657468059	-0.00694746199	0.01648434317
0.04656608948	-0.00700481336	0.01652495559
0.04655682005	-0.00706615930	0.01655905999
0.04654696661	-0.00713077830	0.01658625651
0.04653663267	-0.00719791080	0.01660622631
0.04652593019	-0.00726676819	0.01661873524
0.04651497877	-0.00733654210	0.01662363667
0.04650390448	-0.00740641397	0.01662087312
0.04649283851	-0.00747556469	0.01661047699
0.04648191555	-0.00754318414	0.01659257017
0.04668624533	0.00963448995	-0.01001457858
0.04667807391	0.00967400209	-0.00985242553
0.04667640400	0.00968205605	-0.00978081194
0.04667595399	0.00968422525	-0.00972344411
0.04667605440	0.00968374129	-0.00967347998
0.04667663239	0.00968095495	-0.00962791476
0.04667756294	0.00967646724	-0.00958540032
0.04667868490	0.00967105349	-0.00954529374
0.04668016255	0.00966391866	-0.00950666635
0.04668181901	0.00965591394	-0.00946944745
0.04668363024	0.00964715336	-0.00943336678
0.04668572396	0.00963701605	-0.00939794639
0.04668800140	0.00962597661	-0.00936321173
0.04669039171	0.00961437582	-0.00932915403
0.04669299709	0.00960171459	-0.00929545081
0.04669581119	0.00958801946	-0.00926202708
0.04669879924	0.00957345546	-0.00922887561
0.04670196181	0.00955801564	-0.00919592761
0.04670530022	0.00954168911	-0.00916312106
0.04670881650	0.00952446120	-0.00913040032
0.04671250723	0.00950634359	-0.00909772648
0.04671638850	0.00948725171	-0.00906502441
0.04672046877	0.00946713779	-0.00903224077
0.04672472060	0.00944613067	-0.00899939987
0.04672917090	0.00942409077	-0.00896640975
0.04673382244	0.00940099679	-0.00893323542
0.04673867736	0.00937682990	-0.00889984269
0.04674374035	0.00935155806	-0.00886619471
0.04674901607	0.00932514860	-0.00883225325
0.04675449233	0.00929765278	-0.00879801882
0.04676011072	0.00926935518	-0.00876359369
0.04676603854	0.00923940147	-0.00872855454
0.04677218964	0.00920821244	-0.00869308861
0.04677844378	0.00917638804	-0.00865744914
0.04678506683	0.00914256101	-0.00862095134
0.04679180878	0.00910799271	-0.00858419308
0.04679886751	0.00907165362	-0.00854663579
0.04680607347	0.00903440015	-0.00850868356
0.04681361827	0.00899522344	-0.00846979992
0.04682128630	0.00895522470	-0.00843052058
0.04682927529	0.00891335380	-0.00839026742
0.04683751204	0.00886996987	-0.00834921002
0.04684596224	0.00882523210	-0.00830739901
0.04685464224	0.00877903188	-0.00826473786
0.04686360856	0.00873104189	-0.00822101812
0.04687282075	0.00868145005	-0.00817631462
0.04688228194	0.00863021091	-0.00813056656
0.04689199492	0.00857727887	-0.00808371209
0.04690196207	0.00852260839	-0.00803568812
0.04691218556	0.00846615297	-0.00798643227
0.04692266706	0.00840786633	-0.00793588091
0.04693335959	0.00834797326	-0.00788412291
0.04694433720	0.00828601861	-0.00783084145
0.04695558465	0.00822204173	-0.00777603145
0.04696704716	0.00815630926	-0.00771981428
0.04697875715	0.00808858927	-0.00766199892
0.04699074058	0.00801867816	-0.00760241585
0.04700291750	0.00794698977	-0.00754129322
0.04701536769	0.00787299821	-0.00747823657
0.04702804881	0.00779689200	-0.00741333770
0.04704091389	0.00771889371	-0.00734669758
0.04705404447	0.00763844219	-0.00727788229
0.04706738279	0.00755581748	-0.00720705511
0.04708092398	0.00747097701	-0.00713413760
0.04709466245	0.00738387899	-0.00705905250
0.04710859180	0.00729448276	-0.00698172319
0.04712270474	0.00720274935	-0.00690207329
0.04713699312	0.00710864123	-0.00682002726
0.04715144794	0.00701212213	-0.00673551093
0.04716605930	0.00691315775	-0.00664845083
0.04718081632	0.00681171573	-0.00655877449
0.04719568772	0.00670790285	-0.00646651231
0.04721066786	0.00660164675	-0.00637154647
0.04722577774	0.00649267406	-0.00627359742
0.04724092861	0.00638150172	-0.00617305219
0.04725619157	0.00626747625	-0.00606927294
0.04727146058	0.00615125306	-0.00596278980
0.04728679952	0.00603220450	-0.00585295846
0.04730212966	0.00591078923	-0.00574014688
0.04731745064	0.00578686138	-0.00562413341
0.04733275497	0.00566031866	-0.00550475017
0.04734800600	0.00553129535	-0.00538205699
0.04736318187	0.00539980586	-0.00525598245
0.04737825815	0.00526588590	-0.00512647286
0.04739321332	0.00512954491	-0.00499344335
0.04740802746	0.00499077472	-0.00485679274
0.04742267147	0.00484965260	-0.00471651174
0.04743711570	0.00470626754	-0.00457259008
0.04745133963	0.00456062140	-0.00442491825
0.04746531775	0.00441276679	-0.00427345012
0.04747902311	0.00426277657	-0.00411815755
0.04749242967	0.00411072058	-0.00395900601
0.04750551143	0.00395667582	-0.00379597085
0.04751823036	0.00380087935	-0.00362920320
0.04753058423	0.00364313914	-0.00345832593
0.04754253803	0.00348367306	-0.00328351260
0.04755405734	0.00332272935	-0.00310493975
0.04756513564	0.00316018536	-0.00292229573
0.04757574531	0.00299622404	-0.00273571325
0.04758585568	0.00283111984	-0.00254541779
0.04759546491	0.00266469878	-0.00235101819
0.04760453781	0.00249737461	-0.00215298783
0.04761306970	0.00232905429	-0.00195102938
0.04762103851	0.00215999795	-0.00174540586
0.04762843289	0.00199029657	-0.00153611037
0.04763524229	0.00182005283	-0.00132316681
0.04764145316	0.00164949702	-0.00110680764
0.04764706271	0.00147861930	-0.00088687776
0.04765205847	0.00130775519	-0.00066381477
0.04765644309	0.00113680762	-0.00043730873
0.04766020775	0.00096617643	-0.00020795292
0.04766335788	0.00079574847	0.00002459875
0.04766589153	0.00062584697	0.00025984599
0.04766781404	0.00045651330	0.00049784120
0.04766913082	0.00028786659	0.00073843877
0.04766984854	0.00012016578	0.00098124707
0.04766997719	-0.00004663499	0.00122646228
0.04766952714	-0.00021232581	0.00147369450
0.04766851139	-0.00037672569	0.00172267310
0.04766694317	-0.00053984129	0.00197348809
0.04766483809	-0.00070150533	0.00222579627
0.04766221281	-0.00086160914	0.00247941070
0.04765908578	-0.00102002071	0.00273408390
0.04765547495	-0.00117669341	0.00298974483
0.04765140020	-0.00133152514	0.00324614921
0.04764688217	-0.00148442570	0.00350308245
0.04764194208	-0.00163531487	0.00376034820
0.04763660158	-0.00178412163	0.00401774850
0.04763088271	-0.00193078015	0.00427508663
0.04762480778	-0.00207523095	0.00453216705
0.04761840110	-0.00221738068	0.00478871520
0.04761168307	-0.00235723043	0.00504468094
0.04760467644	-0.00249473060	0.00529982579
0.04759740436	-0.00262982853	0.00555392140
0.04758989098	-0.00276245836	0.00580671416
0.04758215344	-0.00289267594	0.00605827104
0.04757421948	-0.00302035450	0.00630808327
0.04756610336	-0.00314558603	0.00655634593
0.04755783293	-0.00326824531	0.00680251721
0.04754942196	-0.00338841728	0.00704678012
0.04754089187	-0.00350606618	0.00728882190
0.04753226330	-0.00362116633	0.00752844159
0.04752355249	-0.00373374591	0.00776560865
0.04751477630	-0.00384381755	0.00800018802
0.04750595171	-0.00395138604	0.00823202536
0.04749709444	-0.00405646645	0.00846101144
0.04748821929	-0.00415907790	0.00868704407
0.04747934020	-0.00425924337	0.00891002814
0.04747047224	-0.00435696739	0.00912981748
0.04746162691	-0.00445228831	0.00934639326
0.04745281430	-0.00454525193	0.00955971738
0.04744404739	-0.00463586744	0.00976962955
0.04743533787	-0.00472415297	0.00997604862
0.04742669077	-0.00481018736	0.01017908766
0.04741812125	-0.00489394287	0.01037844370
0.04740963188	-0.00497551057	0.01057433110
0.04740123206	-0.00505490847	0.01076658267
0.04739293213	-0.00513214225	0.01095508950
0.04738473332	-0.00520729756	0.01114003445
0.04737664334	-0.00528039448	0.01132127774
0.04736866751	-0.00535147071	0.01149881467
0.04736081053	-0.00542056506	0.01167264575
0.04735307658	-0.00548771709	0.01184277650
0.04734546914	-0.00555296781	0.01200921700
0.04733799120	-0.00561635904	0.01217198180
0.04733064518	-0.00567793334	0.01233108970
0.04732343306	-0.00573773329	0.01248656370
0.04731635628	-0.00579580263	0.01263843034
0.04730942043	-0.00585214818	0.01278660331
0.04730262197	-0.00590684809	0.01293129879
0.04729596068	-0.00595994992	0.01307252353
0.04728944536	-0.00601142725	0.01321006862
0.04728306499	-0.00606140789	0.01334437739
0.04727682998	-0.00610984838	0.01347509798
0.04727072982	-0.00615686624	0.01360264145
0.04726477637	-0.00620240392	0.01372663541
0.04725895671	-0.00624659194	0.01384757293
0.04725327596	-0.00628942057	0.01396523213
0.04724773615	-0.00633090264	0.01407962463
0.04724232917	-0.00637112503	0.01419103430
0.04723705657	-0.00641010036	0.01429937255
0.04723191709	-0.00644786076	0.01440469818
0.04722691082	-0.00648442707	0.01450703334
0.04722203473	-0.00651984170	0.01460649281
0.04721728571	-0.00655414605	0.01470316169
0.04721266275	-0.00658736487	0.01479705730
0.04720816385	-0.00661952916	0.01488824024
0.04720378694	-0.00665066902	0.01497677131
0.04719952981	-0.00668081474	0.01506271108
0.04719539021	-0.00670999573	0.01514612008
0.04719136827	-0.00673822385	0.01522699808
0.04718745978	-0.00676554056	0.01530547666
0.04718366130	-0.00679198106	0.01538163470
0.04717997097	-0.00681756843	0.01545550103
0.04717638625	-0.00684233005	0.01552713416
0.04717290784	-0.00686627017	0.01559651234
0.04716953408	-0.00688940886	0.01566370297
0.04716625520	-0.00691182109	0.01572896404
0.04716307180	-0.00693350985	0.01579221988
0.04715996966	-0.00695457850	0.01585380511
0.04715667262	-0.00697689957	0.01591944624
0.04715234190	-0.00700610830	0.01598226306
0.04714701584	-0.00704186040	0.01604151910
0.04714074252	-0.00708373454	0.01609651964
0.04713357989	-0.00713123742	0.01614661985
0.04712559580	-0.00718380963	0.01619123235
0.04711686797	-0.00724083232	0.01622983410
0.04710748382	-0.00730163460	0.01626197253
0.04709754015	-0.00736550147	0.01628727084
0.04708714260	-0.00743168231	0.01630543243
0.04707640494	-0.00749939983	0.01631624438
0.04706544813	-0.00756785916	0.01631957993
0.04705439910	-0.00763625729	0.01631539997
0.04704338935	-0.00770379248	0.01630375351
0.04703255331	-0.00776967369	0.01628477708
0.04727016668	0.00967439106	-0.00979872108
0.04726243076	0.00971211300	-0.00963946268
0.04726091999	0.00971946203	-0.00956914712
0.04726057983	0.00972111590	-0.00951283207
0.04726076930	0.00972019471	-0.00946378627
0.04726141905	0.00971703500	-0.00941906515
0.04726240947	0.00971221659	-0.00937734264
0.04726358624	0.00970648835	-0.00933798089
0.04726510706	0.00969908007	-0.00930007966
0.04726680247	0.00969081445	-0.00926356013
0.04726864954	0.00968180099	-0.00922815640
0.04727077093	0.00967143816	-0.00919340744
0.04727307199	0.00966018448	-0.00915933261
0.04727548495	0.00964836893	-0.00912591931
0.04727810793	0.00963550781	-0.00909285735
0.04728093497	0.00962162606	-0.00906007283
0.04728393285	0.00960688263	-0.00902755650
0.04728710225	0.00959127004	-0.00899524091
0.04729044456	0.00957477695	-0.00896306520
0.04729396185	0.00955738837	-0.00893097483
0.04729765099	0.00953911480	-0.00889893128
0.04730152754	0.00951987356	-0.00886686177
0.04730559974	0.00949961754	-0.00883471434
0.04730984142	0.00947847060	-0.00880251092
0.04731427852	0.00945629673	-0.00877016287
0.04731891384	0.00943307440	-0.00873763588
0.04732374959	0.00940878445	-0.00870489638
0.04732879040	0.00938339489	-0.00867190834
0.04733404087	0.00935687312	-0.00863863438
0.04733948947	0.00932926777	-0.00860507397
0.04734508028	0.00930085334	-0.00857132316
0.04735097400	0.00927080153	-0.00853697825
0.04735708810	0.00923951875	-0.00850221661
0.04736330732	0.00920758488	-0.00846727778
0.04736988699	0.00917367464	-0.00843150921
0.04737658729	0.00913900854	-0.00839547871
0.04738359830	0.00910258822	-0.00835867262
0.04739075740	0.00906524205	-0.00832147427
0.04739824868	0.00902599147	-0.00828337200
0.04740586529	0.00898590208	-0.00824487429
0.04741379721	0.00894395517	-0.00820542956
0.04742197430	0.00890049739	-0.00816519816
0.04743036371	0.00885568169	-0.00812422682
0.04743898129	0.00880940144	-0.00808242207
0.04744788147	0.00876133805	-0.00803958413
0.04745702547	0.00871167224	-0.00799578288
0.04746641644	0.00866035855	-0.00795095891
0.04747605716	0.00860735132	-0.00790505178
0.04748595002	0.00855260493	-0.00785799982
0.04749609718	0.00849607280	-0.00780974210
0.04750650034	0.00843770856	-0.00776021644
0.04751711441	0.00837772869	-0.00770950559
0.04752801065	0.00831569019	-0.00765730618
0.04753917445	0.00825162968	-0.00760361194
0.04755055319	0.00818580427	-0.00754853661
0.04756217805	0.00811798737	-0.00749189643
0.04757407404	0.00804797980	-0.00743352831
0.04758616424	0.00797618163	-0.00737364774
0.04759852539	0.00790208080	-0.00731187717
0.04761111672	0.00782585873	-0.00724830245
0.04762389296	0.00774772992	-0.00718301773
0.04763693256	0.00766714785	-0.00711560789
0.04765017981	0.00758438291	-0.00704622689
0.04766362992	0.00749939219	-0.00697479815
0.04767727737	0.00741213349	-0.00690124620
0.04769111585	0.00732256575	-0.00682549622
0.04770513816	0.00723064955	-0.00674747363
0.04771933626	0.00713634687	-0.00666710466
0.04773370127	0.00703962096	-0.00658431689
0.04774822337	0.00694043697	-0.00649903861
0.04776289182	0.00683876197	-0.00641119906
0.04777767613	0.00673469845	-0.00632082534
0.04779257057	0.00662817457	-0.00622780328
0.04780759505	0.00651892289	-0.00613186482
0.04782266349	0.00640744542	-0.00603337717
0.04783784419	0.00629310443	-0.00593173036
0.04785303426	0.00617653720	-0.00582742829
0.04786829499	0.00605713088	-0.00571985468
0.04788354979	0.00593533147	-0.00560935898
0.04789879780	0.00581099558	-0.00549572783
0.04791403123	0.00568402243	-0.00537879956
0.04792921408	0.00555454206	-0.00525862974
0.04794432459	0.00542256759	-0.00513514852
0.04795933850	0.00528813302	-0.00500830304
0.04797423431	0.00515124670	-0.00487801066
0.04798899206	0.00501189992	-0.00474417334
0.04800358287	0.00487016753	-0.00460678089
0.04801797726	0.00472613587	-0.00446582198
0.04803215460	0.00457980619	-0.00432119063
0.04804608939	0.00443122948	-0.00417284164
0.04805975468	0.00428047665	-0.00402074696
0.04807312439	0.00412761574	-0.00386487253
0.04808617245	0.00397272192	-0.00370519388
0.04809886107	0.00381602727	-0.00354185417
0.04811118727	0.00365734326	-0.00337449229
0.04812311611	0.00349688373	-0.00320327378
0.04813461326	0.00333489230	-0.00302836654
0.04814567149	0.00317124849	-0.00284947223
0.04815626302	0.00300613238	-0.00266671779
0.04816635711	0.00283981394	-0.00248031832
0.04817595108	0.00267212226	-0.00228990006
0.04818500973	0.00250346514	-0.00209591593
0.04819352763	0.00233375124	-0.00189808192
0.04820148238	0.00216323758	-0.00169665027
0.04820886203	0.00199201441	-0.00149161511
0.04821565546	0.00182018378	-0.00128300033
0.04822184860	0.00164797387	-0.00107102944
0.04822743790	0.00147537576	-0.00085555549
0.04823241042	0.00130272223	-0.00063699874
0.04823676798	0.00112991809	-0.00041506433
0.04824050125	0.00095736058	-0.00019032214
0.04824361483	0.00078493848	0.00003755708
0.04824610620	0.00061297391	0.00026809185
0.04824797996	0.00044150904	0.00050132994
0.04824924083	0.00027066385	0.00073712893
0.04824989492	0.00010069715	0.00097511115
0.04824995147	-0.00006843529	0.00121546143
0.04824942028	-0.00023652227	0.00145780263
0.04824831378	-0.00040338198	0.00170187248
0.04824664462	-0.00056901933	0.00194775368
0.04824442789	-0.00073326496	0.00219511337
0.04824167979	-0.00089600831	0.00244376868
0.04823841837	-0.00105711542	0.00269347865
0.04823466115	-0.00121653749	0.00294417124
0.04823042772	-0.00137416971	0.00319560798
0.04822573843	-0.00152991918	0.00344757896
0.04822061431	-0.00168370297	0.00369989171
0.04821507683	-0.00183544713	0.00395235209
0.04820914795	-0.00198508279	0.00420476709
0.04820284993	-0.00213254734	0.00445694483
0.04819620713	-0.00227774416	0.00470861779
0.04818923997	-0.00242067164	0.00495973356
0.04818197135	-0.00256127633	0.00521005877
0.04817442463	-0.00269950202	0.00545937010
0.04816662424	-0.00283527933	0.00570742014
0.04815858747	-0.00296866188	0.00595426896
0.04815034258	-0.00309951756	0.00619942414
0.04814190401	-0.00322793715	0.00644306900
0.04813330027	-0.00335378965	0.00668467949
0.04812454535	-0.00347715906	0.00692442772
0.04811566129	-0.00359800481	0.00716200939
0.04810666929	-0.00371629784	0.00739722822
0.04809758606	-0.00383206410	0.00763005162
0.04808842902	-0.00394531293	0.00786034646
0.04807921580	-0.00405604583	0.00808796136
0.04806996269	-0.00416427504	0.00831278846
0.04806068513	-0.00427001696	0.00853472679
0.04805139767	-0.00437329189	0.00875368227
0.04804211606	-0.00447410147	0.00896951212
0.04803285236	-0.00457248229	0.00918219595
0.04802361725	-0.00466847795	0.00939169479
0.04801442445	-0.00476209462	0.00959785260
0.04800528626	-0.00485334841	0.00980058970
0.04799620814	-0.00494231766	0.01000001291
0.04798720617	-0.00502897050	0.01019582961
0.04797828313	-0.00511339886	0.01038824450
0.04796944921	-0.00519561766	0.01057709538
0.04796071539	-0.00527563072	0.01076227682
0.04795208313	-0.00535352442	0.01094396357
0.04794356083	-0.00542931622	0.01112202031
0.04793515431	-0.00550304294	0.01129644193
0.04792686872	-0.00557474256	0.01146722842
0.04791870866	-0.00564445396	0.01163438473
0.04791067805	-0.00571221752	0.01179792030
0.04790278024	-0.00577807452	0.01195784892
0.04789501804	-0.00584206704	0.01211418859
0.04788739377	-0.00590423730	0.01226696144
0.04787990919	-0.00596462874	0.01241619311
0.04787257039	-0.00602324699	0.01256180111
0.04786537377	-0.00608017216	0.01270399358
0.04785831944	-0.00613545113	0.01284277714
0.04785141686	-0.00618905521	0.01297795186
0.04784465449	-0.00624111665	0.01310994431
0.04783804367	-0.00629158786	0.01323841697
0.04783157337	-0.00634059057	0.01336376559
0.04782525640	-0.00638806311	0.01348563324
0.04781907910	-0.00643414129	0.01360449461
0.04781304726	-0.00647881250	0.01372013713
0.04780716309	-0.00652208996	0.01383257324
0.04780141807	-0.00656406358	0.01394207665
0.04779581412	-0.00660474470	0.01404856309
0.04779035003	-0.00664416616	0.01415209017
0.04778502600	-0.00668234917	0.01425268040
0.04777983888	-0.00671933752	0.01435044525
0.04777478551	-0.00675517351	0.01444546754
0.04776986499	-0.00678988206	0.01453776505
0.04776507528	-0.00682349495	0.01462739717
0.04776041430	-0.00685604305	0.01471442354
0.04775587977	-0.00688755741	0.01479890352
0.04775146942	-0.00691806823	0.01488089650
0.04774718344	-0.00694758759	0.01496040354
0.04774301741	-0.00697615859	0.01503755231
0.04773896775	-0.00700381738	0.01511241972
0.04773503263	-0.00703058742	0.01518503461
0.04773120941	-0.00705649686	0.01525545436
0.04772749889	-0.00708154996	0.01532365935
0.04772389928	-0.00710576790	0.01538971570
0.04772040025	-0.00712922855	0.01545387224
0.04771700263	-0.00715193399	0.01551605729
0.04771369146	-0.00717399105	0.01557659300
0.04771019987	-0.00719717502	0.01564048129
0.04770568344	-0.00722705108	0.01570146018
0.04770018292	-0.00726326712	0.01575881473
0.04769374889	-0.00730539640	0.01581187252
0.04768644183	-0.00735294267	0.01586001149
0.04767833207	-0.00740534610	0.01590266726
0.04766949975	-0.00746198991	0.01593933973
0.04766003452	-0.00752220777	0.01596959894
0.04765003516	-0.00758529167	0.01599309014
0.04763960899	-0.00765050031	0.01600953791
0.04762887110	-0.00771706792	0.01601874942
0.04761794330	-0.00778421327	0.01602061667
0.04760695287	-0.00785114886	0.01601511777
0.04759603116	-0.00791709022	0.01600231718
0.04758531190	-0.00798126505	0.01598236499
0.04784496270	0.00970834403	-0.00959262390
0.04783763557	0.00974438420	-0.00943616207
0.04783627265	0.00975107273	-0.00936709910
0.04783603373	0.00975224470	-0.00931179908
0.04783630478	0.00975091510	-0.00926363854
0.04783701969	0.00974740722	-0.00921973067
0.04783806396	0.00974228088	-0.00917877081
0.04783928972	0.00973626002	-0.00914012648
0.04784084847	0.00972859794	-0.00910292408
0.04784257772	0.00972009039	-0.00906707762
0.04784445564	0.00971084263	-0.00903232538
0.04784660002	0.00970027147	-0.00899822218
0.04784892019	0.00968882017	-0.00896478185
0.04785135123	0.00967680657	-0.00893198830
0.04785398742	0.00966376158	-0.00889954287
0.04785682317	0.00964970861	-0.00886737266
0.04785982670	0.00963480088	-0.00883546666
0.04786299880	0.00961903038	-0.00880375865
0.04786634094	0.00960238540	-0.00877218894
0.04786985522	0.00958485063	-0.00874070401
0.04787353875	0.00956643547	-0.00870926577
0.04787740661	0.00954705902	-0.00867780360
0.04788146684	0.00952667483	-0.00864626687
0.04788569444	0.00950540203	-0.00861467533
0.04789011445	0.00948310801	-0.00858294346
0.04789472969	0.00945977103	-0.00855103757
0.04789954240	0.00943537162	-0.00851892471
0.04790455718	0.00940987787	-0.00848656961
0.04790977858	0.00938325723	-0.00845393571
0.04791519566	0.00935555584	-0.00842102154
0.04792075489	0.00932703868	-0.00838791742
0.04792661067	0.00929690213	-0.00835423785
0.04793268392	0.00926553896	-0.00832015106
0.04793886411	0.00923351003	-0.00828588392
0.04794539654	0.00919952991	-0.00825081379
0.04795205106	0.00916478036	-0.00821548066
0.04795901036	0.00912829260	-0.00817939396
0.04796611838	0.00909086835	-0.00814291781
0.04797355208	0.00905155793	-0.00810556356
0.04798111290	0.00901139304	-0.00806781448
0.04798898348	0.00896938487	-0.00802914366
0.04799709654	0.00892586826	-0.00798970287
0.04800542067	0.00888099017	-0.00794953526
0.04801397121	0.00883464593	-0.00790855025
0.04802280057	0.00878652523	-0.00786655613
0.04803187162	0.00873680200	-0.00782361820
0.04804118746	0.00868543074	-0.00777967839
0.04805075089	0.00863236578	-0.00773467759
0.04806056429	0.00857756142	-0.00768855550
0.04807062983	0.00852097106	-0.00764125254
0.04808094921	0.00846254824	-0.00759270791
0.04809147916	0.00840250155	-0.00754299875
0.04810228825	0.00834039958	-0.00749183419
0.04811336248	0.00827627639	-0.00743920689
0.04812465127	0.00821038002	-0.00738522354
0.04813618466	0.00814248898	-0.00732970717
0.04814798670	0.00807240836	-0.00727250068
0.04815998337	0.00800052510	-0.00721380787
0.04817224853	0.00792634037	-0.00715326689
0.04818474289	0.00785002884	-0.00709095813
0.04819742282	0.00777179734	-0.00702696946
0.04821036378	0.00769111334	-0.00696090321
0.04822351204	0.00760823806	-0.00689290477
0.04823686288	0.00752312828	-0.00682289930
0.04825041087	0.00743574144	-0.00675081303
0.04826414977	0.00734603614	-0.00667657287
0.04827807248	0.00725397257	-0.00660010592
0.04829217104	0.00715951226	-0.00652134012
0.04830643670	0.00706261805	-0.00644020473
0.04832085973	0.00696325459	-0.00635662967
0.04833542953	0.00686138848	-0.00627054584
0.04835011639	0.00675711807	-0.00618197731
0.04836491446	0.00665037213	-0.00609081334
0.04837984262	0.00654088893	-0.00599679658
0.04839481740	0.00642915616	-0.00590027585
0.04840990438	0.00631455132	-0.00580066715
0.04842500373	0.00619769425	-0.00569845002
0.04844017424	0.00607798647	-0.00559303431
0.04845534141	0.00595586175	-0.00548475225
0.04847050391	0.00583117921	-0.00537339828
0.04848565369	0.00570383957	-0.00525881652
0.04850075537	0.00557396883	-0.00514105861
0.04851578731	0.00544157893	-0.00502005624
0.04853072544	0.00530670223	-0.00489575731
0.04854554831	0.00516934616	-0.00476808134
0.04856023594	0.00502950153	-0.00463693326
0.04857475967	0.00488724088	-0.00450230205
0.04858909023	0.00474264809	-0.00436417543
0.04860320691	0.00459572386	-0.00422245079
0.04861708424	0.00444651770	-0.00407708379
0.04863069532	0.00429509868	-0.00392804652
0.04864401405	0.00414153315	-0.00377530540
0.04865701434	0.00398589457	-0.00361883614
0.04866965867	0.00382841019	-0.00345877450
0.04868194336	0.00366889507	-0.00329477438
0.04869383358	0.00350755914	-0.00312699385
0.04870529513	0.00334464148	-0.00295559273
0.04871632014	0.00318002393	-0.00278028519
0.04872688072	0.00301388373	-0.00260119275
0.04873694610	0.00284648646	-0.00241852087
0.04874651283	0.00267766447	-0.00223191205
0.04875554575	0.00250781951	-0.00204180011
0.04876403875	0.00233686214	-0.00184791349
0.04877196915	0.00216504622	-0.00165049435
0.04877932449	0.00199246138	-0.00144953778
0.04878609308	0.00181920906	-0.00124506767
0.04879226045	0.00164551525	-0.00103729918
0.04879782233	0.00147137212	-0.00082609290
0.04880276536	0.00129710949	-0.00061185292
0.04880709059	0.00112263429	-0.00039429844
0.04881078825	0.00094834078	-0.00017397740
0.04881386215	0.00077411999	0.00004942368
0.04881630925	0.00060029253	0.00027544099
0.04881813347	0.00042690149	0.00050411799
0.04881933889	0.00025406760	0.00073531534
0.04881993105	0.00008204920	0.00096866841
0.04881991852	-0.00008919610	0.00120435150
0.04881931055	-0.00025945615	0.00144199951
0.04881811904	-0.00042854856	0.00168135800
0.04881635603	-0.00059647642	0.00192250293
0.04881403616	-0.00076306860	0.00216511119
0.04881117516	-0.00092821285	0.00240900381
0.04880779068	-0.00109177348	0.00265394602
0.04880389982	-0.00125369966	0.00289986488
0.04879952184	-0.00141388410	0.00314652752
0.04879467684	-0.00157223146	0.00339372846
0.04878938560	-0.00172865633	0.00364127898
0.04878366942	-0.00188308205	0.00388898861
0.04877755013	-0.00203543699	0.00413666793
0.04877104991	-0.00218565562	0.00438412855
0.04876419313	-0.00233363841	0.00463110972
0.04875700021	-0.00247938112	0.00487755692
0.04874949415	-0.00262282681	0.00512324174
0.04874169846	-0.00276391597	0.00536794562
0.04873363779	-0.00290257609	0.00561142714
0.04872532954	-0.00303885846	0.00585373993
0.04871680246	-0.00317262635	0.00609440705
0.04870807108	-0.00330396907	0.00633360085
0.04869916450	-0.00343275063	0.00657081411
0.04869009690	-0.00355905379	0.00680620872
0.04868089087	-0.00368283370	0.00703948846
0.04867156810	-0.00380405822	0.00727046155
0.04866214570	-0.00392275109	0.00749909351
0.04865264162	-0.00403891861	0.00772525316
0.04864307404	-0.00415255923	0.00794879195
0.04863345979	-0.00426368258	0.00816960340
0.04862381486	-0.00437230247	0.00838758775
0.04861415436	-0.00447843672	0.00860265199
0.04860449468	-0.00458208433	0.00881465654
0.04859484836	-0.00468328015	0.00902357966
0.04858522664	-0.00478206570	0.00922938161
0.04857564390	-0.00487844439	0.00943191037
0.04856611303	-0.00497243050	0.00963108774
0.04855663986	-0.00506410169	0.00982701470
0.04854724129	-0.00515342248	0.01001940841
0.04853792036	-0.00524048537	0.01020846449
0.04852868794	-0.00532530247	0.01039402552
0.04851955562	-0.00540787596	0.01057598937
0.04851052508	-0.00548829270	0.01075452317
0.04850160537	-0.00556656777	0.01092949584
0.04849280274	-0.00564273717	0.01110090189
0.04848412278	-0.00571683810	0.01126874089
0.04847557050	-0.00578890878	0.01143301724
0.04846715020	-0.00585898896	0.01159373977
0.04845886560	-0.00592711943	0.01175092159
0.04845071985	-0.00599334179	0.01190457997
0.04844271561	-0.00605769791	0.01205473623
0.04843485495	-0.00612023091	0.01220141513
0.04842714439	-0.00618094545	0.01234453780
0.04841958032	-0.00623992324	0.01248430480
0.04841216314	-0.00629721052	0.01262072264
0.04840490293	-0.00635277675	0.01275359985
0.04839778769	-0.00640675792	0.01288334715
0.04839082960	-0.00645910289	0.01300964062
0.04838401720	-0.00650993701	0.01313286148
0.04837736412	-0.00655919513	0.01325266741
0.04837085609	-0.00660701757	0.01336951572
0.04836449949	-0.00665338926	0.01348320265
0.04835829668	-0.00669832384	0.01359374139
0.04835223882	-0.00674191377	0.01370139603
0.04834632816	-0.00678416936	0.01380608636
0.04834056352	-0.00682512406	0.01390786887
0.04833494520	-0.00686479949	0.01400676638
0.04832946998	-0.00690324062	0.01410288720
0.04832413466	-0.00694049057	0.01419631202
0.04831893841	-0.00697657445	0.01428705899
0.04831387917	-0.00701152473	0.01437518637
0.04830895486	-0.00704537300	0.01446075266
0.04830416316	-0.00707815101	0.01454381609
0.04829950174	-0.00710988968	0.01462443491
0.04829497089	-0.00714060132	0.01470261140
0.04829056595	-0.00717033053	0.01477846951
0.04828628329	-0.00719911426	0.01485208427
0.04828212105	-0.00722697636	0.01492348450
0.04827807651	-0.00725394570	0.01499272651
0.04827415056	-0.00728002660	0.01505979268
0.04827034131	-0.00730524127	0.01512474784
0.04826663793	-0.00732967005	0.01518783221
0.04826304144	-0.00735331432	0.01524897782
0.04825953623	-0.00737628379	0.01530849504
0.04825586967	-0.00740023256	0.01537069461
0.04825118971	-0.00743068581	0.01542991007
0.04824553927	-0.00746728466	0.01548544717
0.04823897117	-0.00750959791	0.01553665480
0.04823154806	-0.00755712723	0.01558293260
0.04822334243	-0.00760931305	0.01562373799
0.04821443640	-0.00766554128	0.01565859258
0.04820492142	-0.00772515055	0.01568708772
0.04819489783	-0.00778744011	0.01570888934
0.04818447416	-0.00785167813	0.01572374183
0.04817376635	-0.00791711034	0.01573147105
0.04816289658	-0.00798296894	0.01573198640
0.04815199210	-0.00804848163	0.01572528183
0.04814118368	-0.00811288072	0.01571143594
0.04813060396	-0.00817541204	0.01569061106
0.04843070680	0.00973789705	-0.00938889041
0.04842377661	0.00977230060	-0.00923522359
0.04842255579	0.00977834806	-0.00916741122
0.04842241339	0.00977905321	-0.00911312380
0.04842276167	0.00977732848	-0.00906584628
0.04842353771	0.00977348432	-0.00902274918
0.04842463199	0.00976806107	-0.00898254940
0.04842590295	0.00976175822	-0.00894462014
0.04842749598	0.00975385221	-0.00890811380
0.04842925546	0.00974511240	-0.00887293769
0.04843116059	0.00973563987	-0.00883883437
0.04843332442	0.00972486945	-0.00880537397
0.04843566014	0.00971322946	-0.00877256514
0.04843810564	0.00970102684	-0.00874038854
0.04844075143	0.00968780679	-0.00870855661
0.04844359227	0.00967359129	-0.00867699752
0.04844659781	0.00965852790	-0.00864569859
0.04844976892	0.00964260813	-0.00861459484
0.04845310714	0.00962581990	-0.00858362772
0.04845661461	0.00960814761	-0.00855274476
0.04846028869	0.00958959957	-0.00852190827
0.04846414396	0.00957009664	-0.00849104977
0.04846818825	0.00954959304	-0.00846011992
0.04847239774	0.00952820326	-0.00842913640
0.04847679655	0.00950579803	-0.00839801671
0.04848138752	0.00948235541	-0.00836672779
0.04848617294	0.00945785563	-0.00833523727
0.04849115736	0.00943226687	-0.00830351068
0.04849634527	0.00940555665	-0.00827151225
0.04850172631	0.00937776868	-0.00823923961
0.04850724929	0.00934915857	-0.00820677762
0.04851306244	0.00931894697	-0.00817375827
0.04851909003	0.00928751327	-0.00814034104
0.04852522620	0.00925539964	-0.00810674066
0.04853170637	0.00922135982	-0.00807236322
0.04853830991	0.00918653749	-0.00803772203
0.04854521221	0.00914999296	-0.00800234870
0.04855226370	0.00911250182	-0.00796658893
0.04855963429	0.00907314268	-0.00792997623
0.04856713358	0.00903291403	-0.00789296966
0.04857493696	0.00899085643	-0.00785506599
0.04858298001	0.00894729309	-0.00781640885
0.04859123269	0.00890236516	-0.00777703794
0.04859970985	0.00885596987	-0.00773686548
0.04860846191	0.00880780508	-0.00769570755
0.04861745335	0.00875803804	-0.00765362510
0.04862668724	0.00870662325	-0.00761056135
0.04863616635	0.00865351504	-0.00756645850
0.04864589309	0.00859866766	-0.00752125761
0.04865586960	0.00854203449	-0.00747490044
0.04866609761	0.00848356901	-0.00742732755
0.04867653561	0.00842347205	-0.00737861070
0.04868724953	0.00836132366	-0.00732847109
0.04869822597	0.00829715536	-0.00727690038
0.04870941636	0.00823120632	-0.00722399851
0.04872084959	0.00816326008	-0.00716959509
0.04873254880	0.00809312596	-0.00711353882
0.04874444280	0.00802117797	-0.00705602225
0.04875660261	0.00794693038	-0.00699669874
0.04876899039	0.00787055120	-0.00693564340
0.04878156414	0.00779223971	-0.00687293812
0.04879439638	0.00771147726	-0.00680820208
0.04880743533	0.00762851602	-0.00674157243
0.04882067633	0.00754331247	-0.00667297603
0.04883411402	0.00745582377	-0.00660234082
0.04884774226	0.00736600818	-0.00652959537
0.04886155403	0.00727382554	-0.00645466849
0.04887554149	0.00717923700	-0.00637748978
0.04888969598	0.00708220498	-0.00629799011
0.04890400790	0.00698269373	-0.00621610107
0.04891846675	0.00688066936	-0.00613175515
0.04893304362	0.00677622621	-0.00604497354
0.04894773256	0.00666929362	-0.00595564887
0.04896255143	0.00655961565	-0.00586353415
0.04897741935	0.00644766576	-0.00576896049
0.04899239920	0.00633283666	-0.00567136897
0.04900739424	0.00621573086	-0.00557121569
0.04902246075	0.00609576427	-0.00546793569
0.04903752633	0.00597335849	-0.00536184469
0.04905258920	0.00584837520	-0.00525274465
0.04906764107	0.00572071669	-0.00514048534
0.04908264718	0.00559050495	-0.00502511462
0.04909758605	0.00545775081	-0.00490656571
0.04911243379	0.00532248506	-0.00478478732
0.04912716904	0.00518471425	-0.00465970104
0.04914177183	0.00504442878	-0.00453121472
0.04915621372	0.00490169897	-0.00439931656
0.04917046570	0.00475660622	-0.00426399345
0.04918450700	0.00460915081	-0.00412514603
0.04919831220	0.00445938079	-0.00398273083
0.04921185447	0.00430736346	-0.00383672011
0.04922510775	0.00415316353	-0.00368708078
0.04923804594	0.00399685282	-0.00353378877
0.04925063185	0.00383865371	-0.00337697273
0.04926286109	0.00367838508	-0.00321630106
0.04927469904	0.00351625285	-0.00305192463
0.04928611164	0.00335249157	-0.00288399553
0.04929709041	0.00318698556	-0.00271224001
0.04930760741	0.00301990923	-0.00253677436
0.04931763187	0.00285152367	-0.00235779475
0.04932715960	0.00268166470	-0.00217495940
0.04933615556	0.00251072786	-0.00198868369
0.04934461297	0.00233862579	-0.00179870809
0.04935250893	0.00216560906	-0.00160526501
0.04935983048	0.00199176672	-0.00140835049
0.04936656546	0.00181719963	-0.00120798841
0.04937269898	0.00164213150	-0.00100438578
0.04937822612	0.00146655569	-0.00079741057
0.04938313314	0.00129079881	-0.00058745112
0.04938742034	0.00111477018	-0.00037424026
0.04939107754	0.00093886068	-0.00015830465
0.04939410781	0.00076296389	0.00006065396
0.04939650760	0.00058739858	0.00028218890
0.04939828017	0.00041220883	0.00050633952
0.04939942901	0.00023751604	0.00073296945
0.04939995909	0.00006357783	0.00096172684
0.04939987832	-0.00010964615	0.00119277575
0.04939919542	-0.00028194311	0.00142576286
0.04939792175	-0.00045313022	0.00166044140
0.04939606878	-0.00062320862	0.00189688078
0.04939365067	-0.00079200569	0.00213476751
0.04939068269	-0.00095940762	0.00237392643
0.04938718206	-0.00112527712	0.00261412886
0.04938316547	-0.00128956135	0.00285530108
0.04937865185	-0.00145215072	0.00309721571
0.04937366099	-0.00161294761	0.00333967168
0.04936821343	-0.00177186425	0.00358248399
0.04936233025	-0.00192882142	0.00382546583
0.04935603314	-0.00208374482	0.00406843136
0.04934934419	-0.00223656619	0.00431119567
0.04934228770	-0.00238718329	0.00455350466
0.04933488408	-0.00253558924	0.00479530188
0.04932715639	-0.00268172376	0.00503636382
0.04931912826	-0.00282552430	0.00527647667
0.04931082450	-0.00296691535	0.00551540490
0.04930226263	-0.00310594578	0.00575319597
0.04929347176	-0.00324247471	0.00598938810
0.04928446654	-0.00337658975	0.00622414306
0.04927527657	-0.00350815041	0.00645697009
0.04926591621	-0.00363723800	0.00668802121
0.04925640854	-0.00376380367	0.00691700818
0.04924677568	-0.00388781235	0.00714374366
0.04923703514	-0.00400928560	0.00736819142
0.04922720532	-0.00412822676	0.00759022225
0.04921730493	-0.00424463138	0.00780969045
0.04920735129	-0.00435850655	0.00802649094
0.04919736090	-0.00446986360	0.00824052521
0.04918734941	-0.00457871792	0.00845170137
0.04917733377	-0.00468506601	0.00865988304
0.04916732700	-0.00478894101	0.00886504717
0.04915734086	-0.00489038236	0.00906715334
0.04914739035	-0.00498939088	0.00926605355
0.04913748891	-0.00508597908	0.00946167106
0.04912764274	-0.00518022381	0.00965410117
0.04911786951	-0.00527208635	0.00984307070
0.04910817252	-0.00536165946	0.01002876637
0.04909856326	-0.00544895268	0.01021103553
0.04908905390	-0.00553396667	0.01038977926
0.04907964636	-0.00561678851	0.01056515729
0.04907035030	-0.00569743115	0.01073704271
0.04906117239	-0.00577592970	0.01090542970
0.04905211864	-0.00585232065	0.01107031740
0.04904319443	-0.00592664153	0.01123170973
0.04903440446	-0.00599893151	0.01138961492
0.04902575280	-0.00606923081	0.01154404544
0.04901724293	-0.00613758063	0.01169501783
0.04900887783	-0.00620402242	0.01184255265
0.04900065986	-0.00626859901	0.01198667381
0.04899259598	-0.00633131420	0.01212730597
0.04898468257	-0.00639225105	0.01226464229
0.04897692034	-0.00645145522	0.01239868915
0.04896931990	-0.00650889458	0.01252926336
0.04896186888	-0.00656470832	0.01265676018
0.04895458024	-0.00661884229	0.01278086890
0.04894744212	-0.00667142490	0.01290195659
0.04894046892	-0.00672238808	0.01301969517
0.04893364584	-0.00677187604	0.01313452498
0.04892697979	-0.00681987158	0.01324625083
0.04892047327	-0.00686638878	0.01335488663
0.04891411717	-0.00691152234	0.01346068707
0.04890791405	-0.00695528167	0.01356357590
0.04890186278	-0.00699770083	0.01366360849
0.04889596373	-0.00703880181	0.01376080792
0.04889021362	-0.00707863070	0.01385527944
0.04888460922	-0.00711723134	0.01394710159
0.04887914978	-0.00715462906	0.01403629289
0.04887383324	-0.00719085699	0.01412291048
0.04886865748	-0.00722594739	0.01420701171
0.04886362018	-0.00725993268	0.01428865370
0.04885871898	-0.00729284444	0.01436789356
0.04885395418	-0.00732469529	0.01444473473
0.04884932099	-0.00735553116	0.01451929752
0.04884481567	-0.00738538977	0.01459165508
0.04884043637	-0.00741429535	0.01466183623
0.04883618030	-0.00744227743	0.01472989617
0.04883204842	-0.00746934050	0.01479581922
0.04882803871	-0.00749550770	0.01485966895
0.04882413994	-0.00752086159	0.01492167713
0.04882035328	-0.00754540294	0.01498177940
0.04881666258	-0.00756924399	0.01504027461
0.04881283445	-0.00759389181	0.01510079222
0.04880800693	-0.00762485799	0.01515825823
0.04880222498	-0.00766177765	0.01521199889
0.04879554342	-0.00770421588	0.01526138415
0.04878802688	-0.00775167295	0.01530583502
0.04877974969	-0.00780359023	0.01534483034
0.04877079566	-0.00785935687	0.01537791292
0.04876125773	-0.00791831705	0.01540469492
0.04875123739	-0.00797977776	0.01542486233
0.04874084404	-0.00804301701	0.01543817871
0.04873019403	-0.00810729237	0.01544448794
0.04871940961	-0.00817184971	0.01544371604
0.04870861754	-0.00823593211	0.01543587207
0.04869794766	-0.00829878870	0.01542104799
0.04868753118	-0.00835968347	0.01539941760
0.04900712168	0.00976232169	-0.00919442319
0.04900056336	0.00979518712	-0.00904345199
0.04899947425	0.00980063379	-0.00897684460
0.04899942054	0.00980090235	-0.00892353213
0.04899983929	0.00979880856	-0.00887710469
0.04900067055	0.00979465088	-0.00883478776
0.04900180949	0.00978895126	-0.00879531911
0.04900312052	0.00978238617	-0.00875807778
0.04900474324	0.00977425391	-0.00872224063
0.04900652851	0.00976529892	-0.00868770899
0.04900845652	0.00975561836	-0.00865422957
0.04901063580	0.00974466410	-0.00862138683
0.04901298322	0.00973285035	-0.00858918469
0.04901543931	0.00972047373	-0.00855760093
0.04901809100	0.00970709301	-0.00852635834
0.04902093338	0.00969272877	-0.00849538612
0.04902393745	0.00967752326	-0.00846467009
0.04902710418	0.00966146756	-0.00843414649
0.04903043515	0.00964454920	-0.00840375784
0.04903393253	0.00962675234	-0.00837345266
0.04903759391	0.00960808426	-0.00834319371
0.04904143341	0.00958846751	-0.00831291448
0.04904545865	0.00956785693	-0.00828256687
0.04904964690	0.00954636262	-0.00825216667
0.04905402144	0.00952385850	-0.00822163417
0.04905858512	0.00950032244	-0.00819093695
0.04906334026	0.00947573441	-0.00816004320
0.04906829135	0.00945006266	-0.00812891917
0.04907344284	0.00942327480	-0.00809752987
0.04907878492	0.00939541223	-0.00806587214
0.04908426861	0.00936672170	-0.00803402577
0.04909003625	0.00933644689	-0.00800163898
0.04909601534	0.00930495447	-0.00796886318
0.04910210440	0.00927276895	-0.00793590185
0.04910852950	0.00923868119	-0.00790218776
0.04911507903	0.00920379879	-0.00786820946
0.04912192145	0.00916720965	-0.00783351921
0.04912891333	0.00912966456	-0.00779844562
0.04913621789	0.00909026904	-0.00776254276
0.04914365249	0.00904999003	-0.00772624728
0.04915138563	0.00900789600	-0.00768907796
0.04915935558	0.00896429913	-0.00765117086
0.04916753362	0.00891933505	-0.00761256253
0.04917593411	0.00887290282	-0.00757316782
0.04918460559	0.00882470809	-0.00753281006
0.04919351404	0.00877491175	-0.00749154620
0.04920266253	0.00872346836	-0.00744932066
0.04921205380	0.00867033222	-0.00740607693
0.04922169025	0.00861545758	-0.00736175734
0.04923157402	0.00855879779	-0.00731630490
0.04924170684	0.00850030632	-0.00726966151
0.04925204888	0.00844017662	-0.00722189394
0.04926266357	0.00837799967	-0.00717273464
0.04927353806	0.00831380461	-0.00712217437
0.04928462569	0.00824782215	-0.00707030684
0.04929595426	0.00817984066	-0.00701696781
0.04930754603	0.00810967353	-0.00696201137
0.04931933253	0.00803768245	-0.00690561972
0.04933138203	0.00796339419	-0.00684746030
0.04934365812	0.00788697046	-0.00678760341
0.04935612032	0.00780860337	-0.00672612541
0.04936883835	0.00772778751	-0.00666266114
0.04938176228	0.00764476645	-0.00659734016
0.04939488753	0.00755949642	-0.00653009093
0.04940820880	0.00747193434	-0.00646084302
0.04942172005	0.00738203818	-0.00638952660
0.04943541434	0.00728976745	-0.00631607206
0.04944928393	0.00719508299	-0.00624041059
0.04946332025	0.00709794687	-0.00616247463
0.04947751384	0.00699832293	-0.00608219731
0.04949185432	0.00689617692	-0.00599951266
0.04950631353	0.00679159930	-0.00591443923
0.04952088541	0.00668452007	-0.00582687281
0.04953558687	0.00657468882	-0.00573657606
0.04955033954	0.00646256541	-0.00564386369
0.04956520369	0.00634755723	-0.00554820012
0.04958008555	0.00623025013	-0.00545001969
0.04959503903	0.00611007393	-0.00534878092
0.04960999375	0.00598743855	-0.00524478419
0.04962494751	0.00586220820	-0.00513783851
0.04963989178	0.00573428672	-0.00502779891
0.04965479244	0.00560379230	-0.00491470982
0.04966962816	0.00547073471	-0.00479850588
0.04968437527	0.00533514333	-0.00467913657
0.04969901249	0.00519702387	-0.00455652550
0.04971351988	0.00505636641	-0.00443058325
0.04972786926	0.00491323916	-0.00430129734
0.04974203187	0.00476772122	-0.00416865390
0.04975598690	0.00461981247	-0.00403255663
0.04976970903	0.00446955965	-0.00389296292
0.04978317151	0.00431702837	-0.00374984521
0.04979634836	0.00416228183	-0.00360317091
0.04980921349	0.00400539029	-0.00345291617
0.04982173008	0.00384657144	-0.00329920302
0.04983389308	0.00368564797	-0.00314171345
0.04984566807	0.00352282197	-0.00298059163
0.04985702120	0.00335832354	-0.00281598243
0.04986794344	0.00319203958	-0.00264762341
0.04987840682	0.00302414173	-0.00247562598
0.04988838063	0.00285488668	-0.00230017769
0.04989786000	0.00268411383	-0.00212095142
0.04990681004	0.00251221251	-0.00193834531
0.04991522336	0.00233909754	-0.00175211112
0.04992307687	0.00216501626	-0.00156247213
0.04993035722	0.00199005715	-0.00136942527
0.04993705178	0.00181432054	-0.00117299439
0.04994314532	0.00163802785	-0.00097337891
0.04994863233	0.00146117369	-0.00077045363
0.04995349873	0.00128408138	-0.00056459219
0.04995774412	0.00110666271	-0.00035554013
0.04996135799	0.00092930502	-0.00014380416
0.04996434268	0.00075190455	0.00007089972
0.04996669421	0.00057477805	0.00028814093
0.04996841522	0.00039797058	0.00050795500
0.04996950862	0.00022160413	0.00073020842
0.04996997889	0.00004593542	0.00095456129
0.04996983330	-0.00012907382	0.00118116819
0.04996908007	-0.00030321036	0.00140968684
0.04996773005	-0.00047629115	0.00163987774
0.04996579417	-0.00064831535	0.00187180424
0.04996328612	-0.00081910911	0.00210516189
0.04996022072	-0.00098855720	0.00233977919
0.04995661477	-0.00115652099	0.00257543323
0.04995248457	-0.00132294568	0.00281204966
0.04994784871	-0.00148771964	0.00304940629
0.04994272667	-0.00165074317	0.00328730629
0.04993713871	-0.00181192634	0.00352556823
0.04993110573	-0.00197118759	0.00376400879
0.04992464922	-0.00212845018	0.00400244558
0.04991779115	-0.00228364333	0.00424069708
0.04991055576	-0.00243666237	0.00447851547
0.04990296339	-0.00258749787	0.00471584261
0.04989503713	-0.00273608654	0.00495245964
0.04988680069	-0.00288236301	0.00518815733
0.04987827900	-0.00302624910	0.00542270576
0.04986948966	-0.00316779121	0.00565614667
0.04986046206	-0.00330684492	0.00588803262
0.04985121098	-0.00344349593	0.00611851552
0.04984176641	-0.00357759991	0.00634712016
0.04983214288	-0.00370923657	0.00657398937
0.04982236388	-0.00383835342	0.00679884248
0.04981245193	-0.00396491276	0.00702149641
0.04980242483	-0.00408893402	0.00724191336
0.04979230143	-0.00421041780	0.00745996603
0.04978210088	-0.00432935698	0.00767551149
0.04977184095	-0.00444575626	0.00788844605
0.04976153859	-0.00455962465	0.00809867243
0.04975120993	-0.00467097528	0.00830609984
0.04974087242	-0.00477980236	0.00851059497
0.04973053953	-0.00488613738	0.00871213363
0.04972022348	-0.00499001779	0.00891067480
0.04970993983	-0.00509144206	0.00910607428
0.04969970250	-0.00519042108	0.00929825679
0.04968951806	-0.00528703079	0.00948731232
0.04967940487	-0.00538122962	0.00967297679
0.04966936644	-0.00547311040	0.00985542862
0.04965941489	-0.00556268032	0.01003451965
0.04964956286	-0.00564993870	0.01021015404
0.04963981253	-0.00573497267	0.01038248457
0.04963017411	-0.00581779322	0.01055138829
0.04962065465	-0.00589843468	0.01071685908
0.04961126056	-0.00597693282	0.01087889569
0.04960199756	-0.00605332452	0.01103750160
0.04959287071	-0.00612764838	0.01119268450
0.04958388441	-0.00619994411	0.01134445627
0.04957504245	-0.00627025245	0.01149283278
0.04956634812	-0.00633861453	0.01163783385
0.04955780405	-0.00640507281	0.01177948261
0.04954941758	-0.00646963040	0.01191770706
0.04954118512	-0.00653237149	0.01205269334
0.04953310764	-0.00659334114	0.01218444777
0.04952519626	-0.00665250597	0.01231279492
0.04951743830	-0.00671000780	0.01243811546
0.04950984737	-0.00676578996	0.01256011117
0.04950241131	-0.00681998344	0.01267913573
0.04949514522	-0.00687251774	0.01279487450
0.04948803380	-0.00692354034	0.01290775179
0.04948108448	-0.00697303226	0.01301758050
0.04947429986	-0.00702100801	0.01312437518
0.04946767062	-0.00706756417	0.01322838166
0.04946119959	-0.00711270943	0.01332952740
0.04945488568	-0.00715647837	0.01342786670
0.04944872935	-0.00719889339	0.01352342289
0.04944272725	-0.00724000153	0.01361629826
0.04943687615	-0.00727984727	0.01370656935
0.04943117538	-0.00731845619	0.01379425501
0.04942562285	-0.00735586200	0.01387941129
0.04942021645	-0.00739209757	0.01396209445
0.04941495382	-0.00742719593	0.01404236051
0.04940983257	-0.00746118929	0.01412026553
0.04940485307	-0.00749409057	0.01419581400
0.04940001036	-0.00752594687	0.01426912275
0.04939530064	-0.00755679661	0.01434026320
0.04939072204	-0.00758666438	0.01440926408
0.04938627174	-0.00761558032	0.01447617958
0.04938195072	-0.00764354912	0.01454099580
0.04937775689	-0.00767059480	0.01460377511
0.04937367864	-0.00769680179	0.01466474127
0.04936971728	-0.00772217038	0.01472383333
0.04936585621	-0.00774681490	0.01478133929
0.04936188529	-0.00777207697	0.01484024145
0.04935693073	-0.00780347931	0.01489603349
0.04935103927	-0.00784065196	0.01494806127
0.04934426749	-0.00788315709	0.01499571484
0.04933668170	-0.00793049426	0.01503843548
0.04932835775	-0.00798210634	0.01507572235
0.04931938081	-0.00803738617	0.01510713828
0.04930984491	-0.00809568374	0.01513231496
0.04929985236	-0.00815631393	0.01515095721
0.04928951304	-0.00821856463	0.01516284646
0.04927894338	-0.00828170510	0.01516784334
0.04926826529	-0.00834499463	0.01516588924
0.04925760477	-0.00840769125	0.01515700709
0.04924709043	-0.00846906040	0.01514130102
0.04923685179	-0.00852838357	0.01511895516
0.04959434813	0.00978279782	-0.00900222531
0.04958815030	0.00981416575	-0.00885394406
0.04958718752	0.00981902916	-0.00878853809
0.04958721810	0.00981887473	-0.00873619706
0.04958770333	0.00981642389	-0.00869061654
0.04958858612	0.00981196343	-0.00864907656
0.04958976623	0.00980599740	-0.00861033581
0.04959111389	0.00979917973	-0.00857377948
0.04959276303	0.00979083017	-0.00853860821
0.04959457084	0.00978166875	-0.00850471788
0.04959651845	0.00977178885	-0.00847185934
0.04959871002	0.00976065900	-0.00843963093
0.04960106597	0.00974867962	-0.00840803216
0.04960352943	0.00973613724	-0.00837703809
0.04960618382	0.00972260389	-0.00834638153
0.04960902455	0.00970809884	-0.00831599272
0.04961202395	0.00969275912	-0.00828585612
0.04961518305	0.00967657538	-0.00825590913
0.04961850348	0.00965953481	-0.00822609536
0.04962198745	0.00964162132	-0.00819636433
0.04962563276	0.00962284120	-0.00816667923
0.04962945307	0.00960311865	-0.00813697549
0.04963345581	0.00958240912	-0.00810720621
0.04963761931	0.00956081846	-0.00807738539
0.04964196601	0.00953822367	-0.00804743604
0.04964649877	0.00951460248	-0.00801732636
0.04965121994	0.00948993458	-0.00798702509
0.04965613396	0.00946418831	-0.00795649922
0.04966124522	0.00943733138	-0.00792571451
0.04966654444	0.00940940293	-0.00789466704
0.04967198479	0.00938064107	-0.00786343178
0.04967770290	0.00935031198	-0.00783167258
0.04968362936	0.00931876996	-0.00779953305
0.04968966700	0.00928652216	-0.00776720595
0.04969603274	0.00925239588	-0.00773414967
0.04970252378	0.00921746331	-0.00770082901
0.04970930181	0.00918083946	-0.00766681607
0.04971622939	0.00914325078	-0.00763242308
0.04972346321	0.00910382920	-0.00759722388
0.04973082820	0.00906351073	-0.00756163362
0.04973848611	0.00902139123	-0.00752519226
0.04974637784	0.00897777207	-0.00748802858
0.04975447597	0.00893278349	-0.00745017616
0.04976279438	0.00888632634	-0.00741155239
0.04977137975	0.00883811393	-0.00737198761
0.04978019954	0.00878830095	-0.00733153492
0.04978925680	0.00873684198	-0.00729013997
0.04979855424	0.00868369135	-0.00724774749
0.04980809426	0.00862880331	-0.00720430104
0.04981787898	0.00857213122	-0.00715974493
0.04982791015	0.00851362852	-0.00711402230
0.04983814956	0.00845348145	-0.00706719522
0.04984865819	0.00839129174	-0.00701900695
0.04985942373	0.00832708623	-0.00696944743
0.04987040141	0.00826108729	-0.00691860441
0.04988161793	0.00819308811	-0.00686631959
0.04989309469	0.00812290605	-0.00681245231
0.04990476589	0.00805089073	-0.00675717479
0.04991669712	0.00797658126	-0.00670016813
0.04992885334	0.00790013315	-0.00664149795
0.04994119559	0.00782173146	-0.00658123538
0.04995379081	0.00774088388	-0.00651903036
0.04996659092	0.00765782550	-0.00645500514
0.04997959140	0.00757251236	-0.00638908980
0.04999278703	0.00748490112	-0.00632121549
0.05000617183	0.00739494953	-0.00625131395
0.05001973898	0.00730261680	-0.00617931713
0.05003348083	0.00720786349	-0.00610515780
0.05004738892	0.00711065133	-0.00602876993
0.05006145390	0.00701094384	-0.00595008817
0.05007566551	0.00690870637	-0.00586904806
0.05008999636	0.00680402565	-0.00578566565
0.05010444029	0.00669683230	-0.00569983981
0.05011901328	0.00658688148	-0.00561134251
0.05013363942	0.00647461956	-0.00552047273
0.05014837644	0.00635946856	-0.00542671738
0.05016313351	0.00624199780	-0.00533048988
0.05017796218	0.00612165100	-0.00523127140
0.05019279411	0.00599882648	-0.00512934759
0.05020762669	0.00587339100	-0.00502453427
0.05022245118	0.00574525002	-0.00491669159
0.05023723408	0.00561451796	-0.00480586069
0.05025195426	0.00548120361	-0.00469197762
0.05026658825	0.00534533495	-0.00457499267
0.05028111490	0.00520691694	-0.00445483138
0.05029551429	0.00506593939	-0.00433140702
0.05030975854	0.00492246843	-0.00420470650
0.05032381916	0.00477658090	-0.00407471521
0.05033767533	0.00462827637	-0.00394133988
0.05035130183	0.00447760030	-0.00380453873
0.05036467205	0.00432461666	-0.00366428442
0.05037776008	0.00416938720	-0.00352054485
0.05039053990	0.00401198064	-0.00337329641
0.05040297507	0.00385261002	-0.00322265481
0.05041505992	0.00369110196	-0.00306831515
0.05042676028	0.00352765469	-0.00291041512
0.05043804254	0.00336249388	-0.00274909269
0.05044889713	0.00319550911	-0.00258409633
0.05045929610	0.00302686924	-0.00241553278
0.05046920885	0.00285682655	-0.00224358123
0.05047862985	0.00268522416	-0.00206792876
0.05048752440	0.00251244506	-0.00188895688
0.05049588454	0.00233840639	-0.00170642821
0.05050368707	0.00216335216	-0.00152055724
0.05051091822	0.00198737035	-0.00133134174
0.05051756496	0.00181056075	-0.00113880552
0.05052361177	0.00163314240	-0.00094314067
0.05052905255	0.00145511128	-0.00074422856
0.05053387294	0.00127678720	-0.00054242858
0.05053807189	0.00109808464	-0.00033749856
0.05054163855	0.00091938708	-0.00012992588
0.05054457460	0.00074059364	0.00008055971
0.05054687562	0.00056201878	0.00029354325
0.05054854368	0.00038370862	0.00050905660
0.05054958113	0.00020578567	0.00072696906
0.05054999196	0.00002850550	0.00094695238
0.05054978285	-0.00014816787	0.00116915197
0.05054896152	-0.00032402107	0.00139323635
0.05054753830	-0.00049887092	0.00161897308
0.05054552359	-0.00067271453	0.00184641972
0.05054293064	-0.00084537705	0.00207528066
0.05053977380	-0.00101674193	0.00230538800
0.05053606945	-0.00118666931	0.00253652453
0.05053183350	-0.00135510251	0.00276861529
0.05052708418	-0.00152192796	0.00300144328
0.05052184065	-0.00168704402	0.00323481582
0.05051612290	-0.00185035874	0.00346855503
0.05050995157	-0.00201178833	0.00370248109
0.05050334798	-0.00217125374	0.00393641503
0.05049633394	-0.00232868176	0.00417017868
0.05048893359	-0.00248396553	0.00440353043
0.05048116718	-0.00263709306	0.00463641055
0.05047305782	-0.00278799819	0.00486860484
0.05046462924	-0.00293661290	0.00509990858
0.05045590645	-0.00308285652	0.00533009737
0.05044690711	-0.00322677292	0.00555920749
0.05043766084	-0.00336821450	0.00578680554
0.05042818253	-0.00350726488	0.00601303389
0.05041850250	-0.00364377635	0.00623743254
0.05040863542	-0.00377782677	0.00646013548
0.05039860516	-0.00390936033	0.00668086949
0.05038843454	-0.00403833682	0.00689945568
0.05037814170	-0.00416477354	0.00711585480
0.05036774586	-0.00428866846	0.00732994151
0.05035726656	-0.00441001189	0.00754157561
0.05034672198	-0.00452880623	0.00775065483
0.05033612951	-0.00464505827	0.00795708316
0.05032550569	-0.00475877893	0.00816077095
0.05031486845	-0.00486996027	0.00836158795
0.05030423166	-0.00497863209	0.00855950886
0.05029360799	-0.00508482992	0.00875449215
0.05028301352	-0.00518855002	0.00894639741
0.05027246262	-0.00528980171	0.00913515077
0.05026196220	-0.00538865991	0.00932083711
0.05025153124	-0.00548508051	0.00950320126
0.05024117352	-0.00557915617	0.00968241360
0.05023090169	-0.00567089192	0.00985833035
0.05022072886	-0.00576028584	0.01003085871
0.05021065745	-0.00584742492	0.01020014471
0.05020069819	-0.00593231837	0.01036606928
0.05019085851	-0.00601499972	0.01052862603
0.05018114517	-0.00609550404	0.01068781337
0.05017156425	-0.00617386757	0.01084363435
0.05016212113	-0.00625012834	0.01099609614
0.05015282052	-0.00632432555	0.01114521005
0.05014366654	-0.00639649949	0.01129099130
0.05013466275	-0.00646669090	0.01143345902
0.05012581205	-0.00653494196	0.01157263557
0.05011712213	-0.00660125516	0.01170845219
0.05010858944	-0.00666571558	0.01184108822
0.05010021524	-0.00672836775	0.01197054986
0.05009201106	-0.00678917724	0.01209666928
0.05008396400	-0.00684828809	0.01221981290
0.05007608826	-0.00690564150	0.01233969467
0.05006837145	-0.00696137061	0.01245665522
0.05006082921	-0.00701540295	0.01257039299
0.05005344592	-0.00706788876	0.01268131665
0.05004622942	-0.00711880752	0.01278924698
0.05003918243	-0.00716817422	0.01289419914
0.05003229545	-0.00721608704	0.01299641030
0.05002557155	-0.00726255405	0.01309581152
0.05001900969	-0.00730761037	0.01319245604
0.05001261042	-0.00735127876	0.01328636742
0.05000637033	-0.00739360716	0.01337764504
0.05000028619	-0.00743464061	0.01346636348
0.04999435739	-0.00747440495	0.01355254188
0.04998858186	-0.00751293443	0.01363623521
0.04998295745	-0.00755026252	0.01371749865
0.04997748182	-0.00758642282	0.01379638714
0.04997215253	-0.00762144812	0.01387295566
0.04996697000	-0.00765535169	0.01394720973
0.04996192913	-0.00768818168	0.01401926278
0.04995702606	-0.00771997715	0.01408918447
0.04995225893	-0.00775076304	0.01415700348
0.04994762486	-0.00778057009	0.01422277295
0.04994312486	-0.00780940323	0.01428648072
0.04993875677	-0.00783728732	0.01434818795
0.04993450865	-0.00786430838	0.01440811059
0.04993038194	-0.00789046637	0.01446619098
0.04992635963	-0.00791587737	0.01452270652
0.04992225928	-0.00794169553	0.01458000419
0.04991719296	-0.00797347772	0.01463413955
0.04991120906	-0.00801084954	0.01468447793
0.04990436571	-0.00805337091	0.01473042914
0.04989673067	-0.00810054126	0.01477145446
0.04988838108	-0.00815180551	0.01480707291
0.04987940318	-0.00820656068	0.01483686688
0.04986989181	-0.00826416305	0.01486048707
0.04985994979	-0.00832393576	0.01487765655
0.04984968715	-0.00838517686	0.01488817403
0.04983922010	-0.00844716758	0.01489191620
0.04982866988	-0.00850918078	0.01488883919
0.04981816144	-0.00857048953	0.01487897907
0.04980782184	-0.00863037561	0.01486245145
0.04979777866	-0.00868813791	0.01483945009
0.05018220621	0.00979913668	-0.00881561437
0.05017635139	0.00982907225	-0.00866996888
0.05017550746	0.00983337945	-0.00860573924
0.05017561660	0.00983282252	-0.00855434875
0.05017616329	0.00983003242	-0.00850959688
0.05017709316	0.00982528484	-0.00846881677
0.05017831036	0.00981906664	-0.00843078773
0.05017969069	0.00981201013	-0.00839490125
0.05018136264	0.00980345569	-0.00836038075
0.05018318948	0.00979409993	-0.00832711719
0.05018515325	0.00978403255	-0.00829486548
0.05018735387	0.00977273815	-0.00826323720
0.05018971520	0.00976060389	-0.00823222780
0.05019218283	0.00974790661	-0.00820180984
0.05019483683	0.00973423112	-0.00817172565
0.05019767291	0.00971959538	-0.00814190652
0.05020066466	0.00970413146	-0.00811233564
0.05020381318	0.00968782958	-0.00808295156
0.05020712015	0.00967067661	-0.00805369898
0.05021058780	0.00965265625	-0.00802452835
0.05021421415	0.00963377380	-0.00799540333
0.05021801238	0.00961395510	-0.00796626118
0.05022198975	0.00959315618	-0.00793705618
0.05022612561	0.00957147878	-0.00790780065
0.05023044160	0.00954880291	-0.00787842020
0.05023494056	0.00952510613	-0.00784888360
0.05023962489	0.00950036792	-0.00781916017
0.05024449896	0.00947455670	-0.00778921759
0.05024956710	0.00944764024	-0.00775902236
0.05025482055	0.00941965558	-0.00772856987
0.05026021454	0.00939083245	-0.00769793056
0.05026588019	0.00936045878	-0.00766678301
0.05027175107	0.00932887689	-0.00763526355
0.05027773415	0.00929657728	-0.00760355480
0.05028403755	0.00926242232	-0.00757113936
0.05029046693	0.00922745013	-0.00753845965
0.05029717748	0.00919080181	-0.00750510650
0.05030403749	0.00915318042	-0.00747137670
0.05031119739	0.00911374331	-0.00743686280
0.05031848937	0.00907339671	-0.00740195965
0.05032606870	0.00903126288	-0.00736622722
0.05033387882	0.00898763280	-0.00732978748
0.05034189351	0.00894263151	-0.00729267120
0.05035012620	0.00889616160	-0.00725479822
0.05035862181	0.00884794379	-0.00721600551
0.05036734919	0.00879812680	-0.00717634256
0.05037631137	0.00874666525	-0.00713575621
0.05038551104	0.00869351350	-0.00709419238
0.05039495058	0.00863862583	-0.00705159587
0.05040463211	0.00858195561	-0.00700791218
0.05041455735	0.00852345627	-0.00696308570
0.05042468971	0.00846330712	-0.00691717406
0.05043508777	0.00840112029	-0.00686993080
0.05044573975	0.00833692038	-0.00682134508
0.05045660267	0.00827092178	-0.00677149907
0.05046770220	0.00820292229	-0.00672024012
0.05047905891	0.00813274320	-0.00666743254
0.05049060956	0.00806072244	-0.00661323918
0.05050241715	0.00798641107	-0.00655735404
0.05051444798	0.00790995864	-0.00649983842
0.05052666453	0.00783154338	-0.00644075847
0.05053913108	0.00775068573	-0.00637977846
0.05055180133	0.00766761257	-0.00631701379
0.05056467080	0.00758227976	-0.00625239607
0.05057773438	0.00749464378	-0.00618585797
0.05059098614	0.00740466215	-0.00611733278
0.05060441936	0.00731229385	-0.00604675397
0.05061802649	0.00721749916	-0.00597405579
0.05063179919	0.00712023953	-0.00589917371
0.05064572821	0.00702047819	-0.00582204385
0.05065980343	0.00691818016	-0.00574260321
0.05067399818	0.00681342852	-0.00566086553
0.05068830625	0.00670615457	-0.00557673259
0.05070274268	0.00659611892	-0.00548998523
0.05071723399	0.00648375481	-0.00540090756
0.05073183543	0.00636849857	-0.00530900781
0.05074645905	0.00625090344	-0.00521467964
0.05076115413	0.00613042673	-0.00511742571
0.05077585429	0.00600745547	-0.00501751771
0.05079055655	0.00588185898	-0.00491477798
0.05080525197	0.00575354432	-0.00480907155
0.05081990770	0.00562262227	-0.00470043645
0.05083450279	0.00548910069	-0.00458881013
0.05084901399	0.00535300625	-0.00447414364
0.05086342030	0.00521434322	-0.00435636443
0.05087770184	0.00507310118	-0.00423538832
0.05089183102	0.00492934428	-0.00411120165
0.05090577966	0.00478314719	-0.00398378920
0.05091952695	0.00463450922	-0.00385306056
0.05093304777	0.00448347460	-0.00371897478
0.05094631571	0.00433010578	-0.00358150475
0.05095930492	0.00417446308	-0.00344061885
0.05097198950	0.00401661379	-0.00329629375
0.05098433341	0.00385676638	-0.00314863916
0.05099633038	0.00369475144	-0.00299736264
0.05100794654	0.00353076341	-0.00284259579
0.05101914852	0.00336502360	-0.00268447001
0.05102992629	0.00319742433	-0.00252274416
0.05104025194	0.00302813174	-0.00235752055
0.05105009502	0.00285739371	-0.00218897044
0.05105944935	0.00268505720	-0.00201679443
0.05106828050	0.00251149882	-0.00184135819
0.05107657998	0.00233663814	-0.00166243470
0.05108432448	0.00216071581	-0.00148023009
0.05109149989	0.00198381934	-0.00129474291
0.05109809283	0.00180604802	-0.00110599693
0.05110408749	0.00162761848	-0.00091417724
0.05110947726	0.00144852813	-0.00071917149
0.05111424755	0.00126909316	-0.00052132547
0.05111839665	0.00108923083	-0.00032040866
0.05112191346	0.00090932059	-0.00011689005
0.05112479900	0.00072926458	0.00008948756
0.05112704849	0.00054937476	0.00029832413
0.05112866342	0.00036969836	0.00050964804
0.05112964564	0.00019035831	0.00072333133
0.05112999868	0.00001160887	0.00093905685
0.05112972863	-0.00016658355	0.00115696136
0.05112884274	-0.00034400566	0.00137672372
0.05112735087	-0.00052047431	0.00159811825
0.05112526289	-0.00069598452	0.00182119706
0.05112259160	-0.00087036061	0.00204567302
0.05111935093	-0.00104348486	0.00227138177
0.05111555682	-0.00121521637	0.00249811152
0.05111122479	-0.00138549656	0.00272578688
0.05110637270	-0.00155421017	0.00295419581
0.05110101942	-0.00172125375	0.00318314970
0.05109518462	-0.00188653348	0.00341247413
0.05108888871	-0.00204996349	0.00364199267
0.05108215279	-0.00221146259	0.00387152971
0.05107499849	-0.00237095530	0.00410091036
0.05106744984	-0.00252833275	0.00432989902
0.05105952698	-0.00268358048	0.00455843450
0.05105125299	-0.00283662967	0.00478630716
0.05104265160	-0.00298740985	0.00501331664
0.05103374785	-0.00313583805	0.00523924390
0.05102455945	-0.00328195559	0.00546412010
0.05101511621	-0.00342561212	0.00568752531
0.05100543307	-0.00356688906	0.00590959289
0.05099554063	-0.00370563574	0.00612987745
0.05098545370	-0.00384192809	0.00634850457
0.05097519644	-0.00397570724	0.00656520824
0.05096479197	-0.00410693067	0.00677981366
0.05095425868	-0.00423561359	0.00699228027
0.05094361613	-0.00436175148	0.00720248462
0.05093288422	-0.00448533224	0.00741028925
0.05092208149	-0.00460635612	0.00761559328
0.05091122571	-0.00472482774	0.00781830199
0.05090033381	-0.00484075595	0.00801832685
0.05088942413	-0.00495413082	0.00821554059
0.05087851091	-0.00506498050	0.00840991692
0.05086760725	-0.00517333864	0.00860141388
0.05085672967	-0.00527919947	0.00878989470
0.05084589296	-0.00538257085	0.00897528692
0.05083510437	-0.00548352658	0.00915767057
0.05082438341	-0.00558202031	0.00933679904
0.05081373413	-0.00567814438	0.00951283503
0.05080316968	-0.00577190181	0.00968563902
0.05079270356	-0.00586328959	0.00985512111
0.05078233847	-0.00595239441	0.01002142091
0.05077208559	-0.00603922385	0.01018442310
0.05076195271	-0.00612381069	0.01034412105
0.05075194690	-0.00620618928	0.01050051283
0.05074207460	-0.00628639529	0.01065360109
0.05073234147	-0.00636446614	0.01080339256
0.05072275254	-0.00644044057	0.01094989797
0.05071331220	-0.00651435841	0.01109313195
0.05070402428	-0.00658626005	0.01123311296
0.05069489196	-0.00665618730	0.01136986264
0.05068592321	-0.00672414221	0.01150331532
0.05067711457	-0.00679021053	0.01163364380
0.05066846754	-0.00685443628	0.01176085422
0.05065999404	-0.00691678424	0.01188478597
0.05065168099	-0.00697740019	0.01200579186
0.05064354309	-0.00703622363	0.01212359745
0.05063556780	-0.00709338944	0.01223853089
0.05062777125	-0.00714882357	0.01235030312
0.05062013751	-0.00720267854	0.01245930782
0.05061267483	-0.00725493257	0.01256537331
0.05060538600	-0.00730560111	0.01266851533
0.05059826140	-0.00735478368	0.01276896270
0.05059130433	-0.00740248786	0.01286664996
0.05058451378	-0.00744874923	0.01296162930
0.05057789037	-0.00749359096	0.01305392446
0.05057143067	-0.00753706175	0.01314363207
0.05056513145	-0.00757920715	0.01323082474
0.05055899216	-0.00762005326	0.01331552194
0.05055301073	-0.00765963485	0.01339777753
0.05054718501	-0.00769798592	0.01347764568
0.05054151264	-0.00773514060	0.01355518025
0.05053599117	-0.00777113223	0.01363043518
0.05053062105	-0.00780597443	0.01370341694
0.05052539706	-0.00783971630	0.01377423569
0.05052031530	-0.00787239746	0.01384295938
0.05051537391	-0.00790404322	0.01390961663
0.05051056995	-0.00793468484	0.01397425956
0.05050590447	-0.00796432755	0.01403687764
0.05050137522	-0.00799299699	0.01409753085
0.05049697001	-0.00802078053	0.01415642764
0.05049269037	-0.00804767788	0.01421351351
0.05048851897	-0.00807380655	0.01426905569
0.05048430468	-0.00810011609	0.01432478945
0.05047914345	-0.00813221845	0.01437731567
0.05047308512	-0.00816973553	0.01442601853
0.05046618918	-0.00821222560	0.01447032704
0.05045852460	-0.00825918854	0.01450972172
0.05045016954	-0.00831007180	0.01454374070
0.05044121104	-0.00836427697	0.01457198513
0.05043174445	-0.00842116689	0.01459412389
0.05042187282	-0.00848007317	0.01460989741
0.05041170603	-0.00854030414	0.01461912076
0.05040135978	-0.00860115296	0.01462168582
0.05039095439	-0.00866190599	0.01461756249
0.05038061346	-0.00872185112	0.01460679913
0.05037046232	-0.00878028618	0.01458952193
0.05036062637	-0.00883652710	0.01456593345
0.05076047675	0.00981142190	-0.00863751988
0.05075494258	0.00984001036	-0.00849441146
0.05075420849	0.00984379606	-0.00843131331
0.05075438952	0.00984286259	-0.00838083660
0.05075499197	0.00983975561	-0.00833688127
0.05075596400	0.00983474039	-0.00829683135
0.05075721390	0.00982828759	-0.00825948603
0.05075862272	0.00982100911	-0.00822424315
0.05076031381	0.00981226486	-0.00819034759
0.05076215616	0.00980272930	-0.00815768591
0.05076413266	0.00979248870	-0.00812601699
0.05076633925	0.00978104284	-0.00809496479
0.05076870300	0.00976876634	-0.00806452106
0.05077117184	0.00975592691	-0.00803465617
0.05077382269	0.00974212143	-0.00800512132
0.05077665150	0.00972736666	-0.00797584882
0.05077963308	0.00971178996	-0.00794682071
0.05078276858	0.00969538115	-0.00791797669
0.05078605971	0.00967812684	-0.00788926244
0.05078950874	0.00966001047	-0.00786062936
0.05079311386	0.00964103649	-0.00783204153
0.05079688785	0.00962113222	-0.00780343797
0.05080083776	0.00960025431	-0.00777477404
0.05080494392	0.00957850058	-0.00774606054
0.05080922719	0.00955575391	-0.00771722551
0.05081369042	0.00953199172	-0.00768823829
0.05081833603	0.00950719325	-0.00765906872
0.05082316831	0.00948132704	-0.00762968518
0.05082819158	0.00945436095	-0.00760005483
0.05083339752	0.00942632998	-0.00757017246
0.05083874331	0.00939745598	-0.00754010432
0.05084435487	0.00936704745	-0.00750954270
0.05085016859	0.00933543542	-0.00747861715
0.05085609532	0.00930309459	-0.00744750094
0.05086233490	0.00926892054	-0.00741569913
0.05086870095	0.00923391919	-0.00738363341
0.05087534252	0.00919725632	-0.00735091199
0.05088213333	0.00915961284	-0.00731781739
0.05088921787	0.00912017021	-0.00728395948
0.05089643519	0.00907980646	-0.00724971436
0.05090393444	0.00903766885	-0.00721466057
0.05091166144	0.00899403855	-0.00717891377
0.05091959113	0.00894903566	-0.00714250217
0.05092773651	0.00890256447	-0.00710534788
0.05093614078	0.00885435271	-0.00706729406
0.05094477416	0.00880454345	-0.00702838690
0.05095363963	0.00875309137	-0.00698857434
0.05096273987	0.00869995088	-0.00694780345
0.05097207722	0.00864507628	-0.00690602019
0.05098165381	0.00858842099	-0.00686317121
0.05099147135	0.00852993845	-0.00681920208
0.05100149473	0.00846980138	-0.00677416636
0.05101178028	0.00840763181	-0.00672782712
0.05102231673	0.00834345224	-0.00668017288
0.05103306280	0.00827746949	-0.00663128062
0.05104404317	0.00820948577	-0.00658100298
0.05105527760	0.00813932609	-0.00652920891
0.05106670531	0.00806731732	-0.00647605261
0.05107838683	0.00799302190	-0.00642124007
0.05109028971	0.00791658371	-0.00636482860
0.05110237783	0.00783817455	-0.00630687980
0.05111471294	0.00775732695	-0.00624707126
0.05112725039	0.00767426004	-0.00618551202
0.05113998581	0.00758892953	-0.00612213517
0.05115291411	0.00750129173	-0.00605687485
0.05116602949	0.00741130398	-0.00598966578
0.05117932528	0.00731892505	-0.00592044287
0.05119279405	0.00722411500	-0.00584914181
0.05120642755	0.00712683505	-0.00577569948
0.05122021666	0.00702704814	-0.00570005340
0.05123415137	0.00692471901	-0.00562214196
0.05124820574	0.00681992730	-0.00554197676
0.05126237347	0.00671260500	-0.00545946235
0.05127666874	0.00660251791	-0.00537438784
0.05129102040	0.00649008680	-0.00528702353
0.05130548132	0.00637476169	-0.00519689753
0.05131996633	0.00625708047	-0.00510438514
0.05133452252	0.00613651350	-0.00500900902
0.05134908544	0.00601343703	-0.00491102795
0.05136365174	0.00588772284	-0.00481027034
0.05137821230	0.00575927959	-0.00470660579
0.05139273490	0.00562821458	-0.00460006947
0.05140719878	0.00549453485	-0.00449060016
0.05142158095	0.00535826582	-0.00437814967
0.05143586052	0.00521941115	-0.00426264723
0.05145001769	0.00507796024	-0.00414401108
0.05146402517	0.00493397536	-0.00402222706
0.05147785509	0.00478752913	-0.00389727940
0.05149148666	0.00463862067	-0.00376908038
0.05150489492	0.00448729308	-0.00363758985
0.05151805361	0.00433360733	-0.00350278095
0.05153093702	0.00417762245	-0.00336462253
0.05154351936	0.00401940438	-0.00322309153
0.05155576501	0.00385915717	-0.00307829211
0.05156766715	0.00369671537	-0.00292994347
0.05157919222	0.00353226974	-0.00277817151
0.05159030715	0.00336603738	-0.00262310154
0.05160100145	0.00319791336	-0.00246450214
0.05161124728	0.00302806119	-0.00230247147
0.05162101438	0.00285672448	-0.00213717343
0.05163029599	0.00268375400	-0.00196832120
0.05163905798	0.00250952012	-0.00179626572
0.05164729133	0.00233394486	-0.00162078961
0.05165497271	0.00215726556	-0.00144209119
0.05166208770	0.00197956932	-0.00126016975
0.05166862260	0.00180095494	-0.00107504900
0.05167456139	0.00162163666	-0.00088690748
0.05167989697	0.00144161334	-0.00069563868
0.05168461455	0.00126119753	-0.00050157567
0.05168871184	0.00108030933	-0.00030449882
0.05169217752	0.00089932405	-0.00010485987
0.05169501199	0.00071814692	0.00009758621
0.05169721015	0.00053708727	0.00030245333
0.05169877297	0.00035619343	0.00050976669
0.05169970182	0.00017558871	0.00071940093
0.05169999981	-0.00000447408	0.00093104933
0.05169967248	-0.00018402614	0.00114484059
0.05169872664	-0.00036285441	0.00136046329
0.05169717170	-0.00054077590	0.00157769816
0.05169501704	-0.00071778354	0.00179659224
0.05169227504	-0.00089370107	0.00201686643
0.05168895918	-0.00106840968	0.00223835969
0.05168508502	-0.00124176760	0.00246086545
0.05168066768	-0.00141371448	0.00268430792
0.05167572468	-0.00158413352	0.00290847983
0.05167027456	-0.00175291964	0.00313319641
0.05166433670	-0.00191997733	0.00335828656
0.05165793126	-0.00208521881	0.00358357713
0.05165107912	-0.00224856092	0.00380889571
0.05164380172	-0.00240992612	0.00403407058
0.05163612294	-0.00256920376	0.00425887182
0.05162806280	-0.00272637700	0.00448323700
0.05161964433	-0.00288137459	0.00470696078
0.05161089122	-0.00303412382	0.00492984700
0.05160182852	-0.00318453970	0.00515168173
0.05159247397	-0.00333266098	0.00537249138
0.05158285748	-0.00347833502	0.00559186874
0.05157299407	-0.00362164094	0.00580993879
0.05156291452	-0.00376242561	0.00602626991
0.05155263377	-0.00390076293	0.00624097989
0.05154217623	-0.00403659128	0.00645380956
0.05153156525	-0.00416986606	0.00666458801
0.05152081944	-0.00430060048	0.00687327349
0.05150995865	-0.00442878767	0.00707974444
0.05149900309	-0.00455441334	0.00728386600
0.05148797162	-0.00467747570	0.00748553866
0.05147688232	-0.00479797739	0.00768466895
0.05146575248	-0.00491592532	0.00788116950
0.05145460079	-0.00503130769	0.00807491584
0.05144344185	-0.00514415112	0.00826588083
0.05143228910	-0.00525448744	0.00845402213
0.05142115947	-0.00536230907	0.00863920642
0.05141006812	-0.00546762249	0.00882136263
0.05139902262	-0.00557050034	0.00900056628
0.05138804294	-0.00567089438	0.00917657880
0.05137713338	-0.00576889641	0.00934955572
0.05136630753	-0.00586450771	0.00951936156
0.05135557926	-0.00595772428	0.00968590917
0.05134495152	-0.00604863236	0.00984933214
0.05133443589	-0.00613723809	0.01000951869
0.05132404049	-0.00622357355	0.01016646198
0.05131377270	-0.00630767242	0.01032015979
0.05130363923	-0.00638956977	0.01047061442
0.05129364605	-0.00646930250	0.01061783214
0.05128379846	-0.00654690885	0.01076182320
0.05127410111	-0.00662242823	0.01090260165
0.05126455807	-0.00669590066	0.01104018534
0.05125517276	-0.00676736766	0.01117459522
0.05124595344	-0.00683683085	0.01130576852
0.05123689671	-0.00690437653	0.01143387190
0.05122800433	-0.00697004820	0.01155891145
0.05121928851	-0.00703381009	0.01168073333
0.05121073608	-0.00709580930	0.01179967752
0.05120236218	-0.00715598401	0.01191548054
0.05119415412	-0.00721447045	0.01202845876
0.05118612846	-0.00727119339	0.01213833488
0.05117826906	-0.00732630712	0.01224548845
0.05117058448	-0.00737978890	0.01234975488
0.05116307760	-0.00743165460	0.01245115043
0.05115573872	-0.00748200482	0.01254989608
0.05114857131	-0.00753084676	0.01264592960
0.05114157443	-0.00757821645	0.01273930219
0.05113474874	-0.00762413741	0.01283003774
0.05112809080	-0.00766865903	0.01291823025
0.05112159739	-0.00771182730	0.01300395052
0.05111526801	-0.00775366856	0.01308721823
0.05110910060	-0.00779421807	0.01316808626
0.05110309302	-0.00783351031	0.01324660774
0.05109724288	-0.00787157988	0.01332283555
0.05109154774	-0.00790846063	0.01339682260
0.05108600805	-0.00794416653	0.01346857624
0.05108061852	-0.00797874751	0.01353820352
0.05107537519	-0.00801224369	0.01360577080
0.05107027621	-0.00804468073	0.01367130659
0.05106531861	-0.00807609037	0.01373486204
0.05106050344	-0.00810647815	0.01379642814
0.05105582839	-0.00813587043	0.01385606373
0.05105128104	-0.00816435568	0.01391397020
0.05104686304	-0.00819193348	0.01397009599
0.05104255677	-0.00821872242	0.01402469875
0.05103824498	-0.00824545628	0.01407893577
0.05103300601	-0.00827781964	0.01412992705
0.05102689096	-0.00831543138	0.01417707477
0.05101996046	-0.00835784872	0.01421982617
0.05101228442	-0.00840457246	0.01425768003
0.05100394180	-0.00845505297	0.01429019254
0.05099502016	-0.00850869666	0.01431698253
0.05098561513	-0.00856487305	0.01433773591
0.05097582969	-0.00862292224	0.01435220935
0.05096577333	-0.00868216270	0.01436023319
0.05095556100	-0.00874189930	0.01436171333
0.05094531189	-0.00880143151	0.01435663244
0.05093514806	-0.00886006162	0.01434505007
0.05092519294	-0.00891710290	0.01432710203
0.05091556964	-0.00897188764	0.01430299873
0.05134938151	0.00982035736	-0.00846151743
0.05134415759	0.00984763330	-0.00832093636
0.05134352854	0.00985091249	-0.00825896467
0.05134377763	0.00984961413	-0.00820939722
0.05134443236	0.00984620057	-0.00816623446
0.05134544339	0.00984092695	-0.00812691083
0.05134672301	0.00983424810	-0.00809024545
0.05134815738	0.00982675600	-0.00805564270
0.05134986486	0.00981782964	-0.00802236836
0.05135171999	0.00980812185	-0.00799030503
0.05135370649	0.00979771556	-0.00795921551
0.05135591641	0.00978612538	-0.00792873580
0.05135827996	0.00977371370	-0.00789885418
0.05136074735	0.00976073927	-0.00786953895
0.05136339240	0.00974681082	-0.00784054995
0.05136621134	0.00973194392	-0.00781182047
0.05136918012	0.00971626133	-0.00778333153
0.05137229994	0.00969975251	-0.00775502392
0.05137557257	0.00968240376	-0.00772684435
0.05137900028	0.00966419835	-0.00769874513
0.05138258146	0.00964513985	-0.00767069078
0.05138632845	0.00962515707	-0.00764262202
0.05139024814	0.00960420722	-0.00761449529
0.05139432177	0.00958238435	-0.00758631994
0.05139856946	0.00955957413	-0.00755802636
0.05140299406	0.00953575384	-0.00752958445
0.05140759801	0.00951090252	-0.00750096461
0.05141238554	0.00948498881	-0.00747213584
0.05141736090	0.00945798066	-0.00744306602
0.05142251624	0.00942991109	-0.00741374935
0.05142781064	0.00940099427	-0.00738424808
0.05143336492	0.00937055882	-0.00735426768
0.05143911824	0.00933892470	-0.00732393123
0.05144498523	0.00930655119	-0.00729340300
0.05145115763	0.00927236642	-0.00726220967
0.05145745682	0.00923734471	-0.00723075302
0.05146402588	0.00920067607	-0.00719865801
0.05147074382	0.00916301972	-0.00716619341
0.05147774931	0.00912358074	-0.00713298584
0.05148488812	0.00908320954	-0.00709939332
0.05149230341	0.00904107792	-0.00706501231
0.05149994331	0.00899745740	-0.00702995241
0.05150778389	0.00895246329	-0.00699423938
0.05151583773	0.00890600152	-0.00695779758
0.05152414638	0.00885780673	-0.00692047611
0.05153268134	0.00880801645	-0.00688231801
0.05154144557	0.00875658545	-0.00684327233
0.05155044172	0.00870346819	-0.00680328725
0.05155967212	0.00864861900	-0.00676230988
0.05156913888	0.00859199136	-0.00672028800
0.05157884369	0.00853353874	-0.00667716836
0.05158875292	0.00847342742	-0.00663300062
0.05159892067	0.00841128915	-0.00658755706
0.05160933617	0.00834714441	-0.00654082556
0.05161995980	0.00828119255	-0.00649287821
0.05163081527	0.00821324018	-0.00644357273
0.05164192156	0.00814311596	-0.00639278257
0.05165322028	0.00807113591	-0.00634065364
0.05166476954	0.00799687366	-0.00628690351
0.05167653813	0.00792046757	-0.00623158566
0.05168849130	0.00784208310	-0.00617475734
0.05170068829	0.00776126471	-0.00611610899
0.05171308613	0.00767822394	-0.00605574359
0.05172568048	0.00759291634	-0.00599359567
0.05173846635	0.00750529809	-0.00592960078
0.05175143799	0.00741532639	-0.00586369509
0.05176458886	0.00732295983	-0.00579581491
0.05177791159	0.00722815823	-0.00572589736
0.05179139806	0.00713088263	-0.00565388069
0.05180503926	0.00703109573	-0.00557970380
0.05181882531	0.00692876201	-0.00550330646
0.05183273098	0.00682395774	-0.00542469823
0.05184674990	0.00671661558	-0.00534378637
0.05186089540	0.00660650655	-0.00526036796
0.05187509862	0.00649403906	-0.00517470006
0.05188941012	0.00637867675	-0.00508632993
0.05190374747	0.00626094231	-0.00499561524
0.05191815561	0.00614031907	-0.00490209794
0.05193257199	0.00601717262	-0.00480602438
0.05194699293	0.00589137725	-0.00470722887
0.05196140913	0.00576284318	-0.00460558544
0.05197578902	0.00563167435	-0.00450112654
0.05199011203	0.00549787697	-0.00439379225
0.05200435542	0.00536147527	-0.00428353514
0.05201849847	0.00522247235	-0.00417028619
0.05203252144	0.00508085745	-0.00405396600
0.05204639739	0.00493669103	-0.00393455996
0.05206009875	0.00479004370	-0.00381205179
0.05207360477	0.00464091441	-0.00368635640
0.05208689067	0.00448934517	-0.00355743444
0.05209993038	0.00433539555	-0.00342525929
0.05211269834	0.00417912330	-0.00328980031
0.05212516889	0.00402059305	-0.00315103469
0.05213730685	0.00386000447	-0.00300906126
0.05214910489	0.00369719611	-0.00286361048
0.05216052979	0.00353235509	-0.00271480278
0.05217154878	0.00336569432	-0.00256275759
0.05218215094	0.00319711166	-0.00240725288
0.05219230859	0.00302676800	-0.00224838282
0.05220199163	0.00285490269	-0.00208630420
0.05221119279	0.00268137041	-0.00192074238
0.05221987822	0.00250653519	-0.00175203403
0.05222803846	0.00233032160	-0.00157997113
0.05223565016	0.00215296363	-0.00140474441
0.05224269863	0.00197454798	-0.00122635387
0.05224916989	0.00179517296	-0.00104482318
0.05225504772	0.00161505039	-0.00086032452
0.05226032459	0.00143418063	-0.00067275698
0.05226498551	0.00125287248	-0.00048244136
0.05226902768	0.00107104898	-0.00028916848
0.05227243953	0.00088908109	-0.00009337341
0.05227522094	0.00070687728	0.00010517716
0.05227736646	0.00052474407	0.00030611068
0.05227887657	0.00034273091	0.00050944929
0.05227975221	0.00016096145	0.00071507020
0.05227999605	-0.00002031312	0.00092267682
0.05227961314	-0.00020112152	0.00113239012
0.05227860985	-0.00038125107	0.00134390815
0.05227699512	-0.00056051907	0.00155701787
0.05227477788	-0.00073891632	0.00177176150
0.05227197008	-0.00091626611	0.00198786775
0.05226858479	-0.00109244867	0.00220517891
0.05226463715	-0.00126732145	0.00242349347
0.05226014190	-0.00144082236	0.00264273536
0.05225511620	-0.00161283317	0.00286270197
0.05224957827	-0.00178324732	0.00308321238
0.05224354718	-0.00195196767	0.00330409876
0.05223704282	-0.00211890466	0.00352519120
0.05223008583	-0.00228397326	0.00374632049
0.05222269747	-0.00244709396	0.00396731804
0.05221490142	-0.00260815449	0.00418795953
0.05220671758	-0.00276713565	0.00440818139
0.05219816889	-0.00292396391	0.00462778255
0.05218927899	-0.00307856444	0.00484657100
0.05218007288	-0.00323085036	0.00506433784
0.05217056833	-0.00338085782	0.00528110495
0.05216079530	-0.00352843221	0.00549647754
0.05215076887	-0.00367365020	0.00571057252
0.05214051997	-0.00381635656	0.00592297174
0.05213006363	-0.00395662301	0.00613378546
0.05211942448	-0.00409438541	0.00634276124
0.05210862604	-0.00422959718	0.00654973200
0.05209768713	-0.00436226953	0.00675465494
0.05208662786	-0.00449239338	0.00695741036
0.05207546870	-0.00461995231	0.00715786598
0.05206422879	-0.00474494258	0.00735592371
0.05205292652	-0.00486736489	0.00755149135
0.05204157947	-0.00498722428	0.00774448268
0.05203020667	-0.00510450721	0.00793477603
0.05201882301	-0.00521923875	0.00812234344
0.05200744227	-0.00533144896	0.00830714227
0.05199608178	-0.00544112854	0.00848904263
0.05198475699	-0.00554828267	0.00866797479
0.05197347579	-0.00565298275	0.00884400991
0.05196225858	-0.00575517885	0.00901691732
0.05195110989	-0.00585496212	0.00918684558
0.05194004372	-0.00595233219	0.00935366317
0.05192907427	-0.00604728414	0.00951728565
0.05191820473	-0.00613990369	0.00967784073
0.05190744708	-0.00623019563	0.00983522015
0.05189680971	-0.00631819133	0.00998941685
0.05188630031	-0.00640392382	0.01014042836
0.05187592585	-0.00648742759	0.01028825663
0.05186569259	-0.00656873899	0.01043290750
0.05185560608	-0.00664789579	0.01057439075
0.05184567120	-0.00672493698	0.01071271989
0.05183589229	-0.00679990221	0.01084791216
0.05182627298	-0.00687283266	0.01097998785
0.05181682177	-0.00694372966	0.01110888702
0.05180753537	-0.00701267985	0.01123477034
0.05179841576	-0.00707972629	0.01135764384
0.05178947542	-0.00714483277	0.01147736026
0.05178070114	-0.00720814743	0.01159424711
0.05177210840	-0.00726960739	0.01170805154
0.05176368447	-0.00732934994	0.01181907846
0.05175544622	-0.00738729898	0.01192706199
0.05174737739	-0.00744361021	0.01203236793
0.05173948681	-0.00749826009	0.01213483860
0.05173177744	-0.00755126496	0.01223449069
0.05172423951	-0.00760272628	0.01233153758
0.05171687668	-0.00765265096	0.01242592017
0.05170968804	-0.00770107544	0.01251768865
0.05170267430	-0.00774802362	0.01260686707
0.05169583203	-0.00779354547	0.01269354682
0.05168915801	-0.00783768740	0.01277779693
0.05168265181	-0.00788047600	0.01285963730
0.05167631137	-0.00792194696	0.01293911978
0.05167013453	-0.00796213522	0.01301629652
0.05166411893	-0.00800107586	0.01309121938
0.05165826211	-0.00803880315	0.01316394028
0.05165256452	-0.00807533148	0.01323446741
0.05164702081	-0.00811071151	0.01330290476
0.05164162700	-0.00814498379	0.01336931710
0.05163638121	-0.00817817434	0.01343373285
0.05163128046	-0.00821031536	0.01349620219
0.05162632580	-0.00824141274	0.01355671755
0.05162151485	-0.00827149351	0.01361533666
0.05161683503	-0.00830064705	0.01367225400
0.05161228804	-0.00832887288	0.01372742087
0.05160785609	-0.00835629045	0.01378108560
0.05160345909	-0.00838340084	0.01383384071
0.05159815587	-0.00841597951	0.01388331711
0.05159199863	-0.00845364287	0.01392893474
0.05158504895	-0.00849594758	0.01397015878
0.05157737753	-0.00854239587	0.01400650591
0.05156906389	-0.00859244142	0.01403754999
0.05156019591	-0.00864549583	0.01406292706
0.05155086923	-0.00870093566	0.01408233960
0.05154118658	-0.00875810973	0.01409556002
0.05153125680	-0.00881634688	0.01410243331
0.05152119386	-0.00887496383	0.01410287890
0.05151111559	-0.00893327325	0.01409689155
0.05150114231	-0.00899059180	0.01408454147
0.05149139534	-0.00904624819	0.01406597345
0.05148199535	-0.00909959093	0.01404140518
0.05192855736	0.00982585518	-0.00829354212
0.05192362318	0.00985189604	-0.00815539144
0.05192309105	0.00985470020	-0.00809450239
0.05192340225	0.00985306040	-0.00804580840
0.05192410421	0.00984936048	-0.00800340698
0.05192514993	0.00984384602	-0.00796478081
0.05192645547	0.00983695694	-0.00792876823
0.05192791178	0.00982926642	-0.00789478017
0.05192963251	0.00982017147	-0.00786210206
0.05193149743	0.00981030451	-0.00783061303
0.05193349104	0.00979974531	-0.00780007967
0.05193570174	0.00978802251	-0.00777014926
0.05193806268	0.00977548695	-0.00774080692
0.05194052620	0.00976238894	-0.00771201916
0.05194316321	0.00974834838	-0.00768355382
0.05194597019	0.00973337973	-0.00765534520
0.05194892417	0.00971760141	-0.00762737340
0.05195202642	0.00970100255	-0.00759958026
0.05195527873	0.00968356918	-0.00757191344
0.05195868337	0.00966528437	-0.00754432615
0.05196223891	0.00964615090	-0.00751678335
0.05196595730	0.00962609899	-0.00748922736
0.05196984525	0.00960508639	-0.00746161563
0.05197388488	0.00958320358	-0.00743395619
0.05197809559	0.00956033886	-0.00740618164
0.05198248023	0.00953646942	-0.00737826241
0.05198704125	0.00951157410	-0.00735016941
0.05199178283	0.00948562163	-0.00732187229
0.05199670915	0.00945858008	-0.00729333956
0.05200181281	0.00943048059	-0.00726456491
0.05200705464	0.00940153006	-0.00723560690
0.05201255071	0.00937107616	-0.00720618326
0.05201824273	0.00933942840	-0.00717641105
0.05202404891	0.00930703147	-0.00714644623
0.05203015336	0.00927284428	-0.00711583558
0.05203638479	0.00923781130	-0.00708496238
0.05204288061	0.00920114546	-0.00705346717
0.05204952482	0.00916348547	-0.00702160601
0.05205645062	0.00912405877	-0.00698902103
0.05206351009	0.00908368963	-0.00695605354
0.05207084075	0.00904157308	-0.00692231662
0.05207839291	0.00899797154	-0.00688791429
0.05208614371	0.00895299578	-0.00685287004
0.05209410531	0.00890655331	-0.00681711035
0.05210231770	0.00885838531	-0.00678048987
0.05211075361	0.00880862409	-0.00674304872
0.05211941595	0.00875722450	-0.00670473702
0.05212830736	0.00870414106	-0.00666550400
0.05213743014	0.00864932818	-0.00662529786
0.05214678638	0.00859273937	-0.00658406749
0.05215637778	0.00853432815	-0.00654176070
0.05216617206	0.00847425471	-0.00649842359
0.05217622125	0.00841216004	-0.00645383704
0.05218651501	0.00834806269	-0.00640798835
0.05219701532	0.00828215499	-0.00636094508
0.05220774497	0.00821424770	-0.00631256971
0.05221872218	0.00814417298	-0.00626273991
0.05222989084	0.00807223656	-0.00621159389
0.05224130677	0.00799802272	-0.00615886002
0.05225293992	0.00792166459	-0.00610458826
0.05226475682	0.00784332163	-0.00604883186
0.05227681439	0.00776254966	-0.00599129321
0.05228907119	0.00767955299	-0.00593206968
0.05230152296	0.00759428709	-0.00587109716
0.05231416476	0.00750670801	-0.00580831259
0.05232699094	0.00741677283	-0.00574365346
0.05233999502	0.00732443998	-0.00567705746
0.05235316976	0.00722966913	-0.00560846301
0.05236650713	0.00713242111	-0.00553780972
0.05237999824	0.00703265844	-0.00546503779
0.05239363332	0.00693034538	-0.00539008826
0.05240738783	0.00682555499	-0.00531296886
0.05242125534	0.00671822062	-0.00523358939
0.05243524838	0.00660811828	-0.00515175438
0.05244930029	0.00649564461	-0.00506770859
0.05246345942	0.00638027629	-0.00498101713
0.05247764595	0.00626252150	-0.00489202129
0.05249190279	0.00614187602	-0.00480028100
0.05250616923	0.00601869525	-0.00470603107
0.05252044125	0.00589285589	-0.00460911135
0.05253470942	0.00576426976	-0.00450939999
0.05254894279	0.00563303753	-0.00440692693
0.05256312099	0.00549916469	-0.00430163352
0.05257722153	0.00536267435	-0.00419347304
0.05259122385	0.00522356910	-0.00408237816
0.05260510832	0.00508183808	-0.00396827167
0.05261884832	0.00493754002	-0.00385113858
0.05263241658	0.00479074363	-0.00373096214
0.05264579245	0.00464144775	-0.00360765977
0.05265895131	0.00448969339	-0.00348119287
0.05267186729	0.00433553877	-0.00335153507
0.05268451500	0.00417904045	-0.00321865620
0.05269686893	0.00402026182	-0.00308253373
0.05270889435	0.00385939839	-0.00294326156
0.05272058347	0.00369629261	-0.00280058062
0.05273190338	0.00353112807	-0.00265460626
0.05274282168	0.00336411366	-0.00250545247
0.05275332706	0.00319515003	-0.00235290597
0.05276339197	0.00302439552	-0.00219705720
0.05277298655	0.00285208536	-0.00203805636
0.05278210301	0.00267807808	-0.00187564014
0.05279070785	0.00250273155	-0.00171013194
0.05279879118	0.00232597285	-0.00154133241
0.05280632969	0.00214803272	-0.00136942524
0.05281330845	0.00196899746	-0.00119441108
0.05281971322	0.00178896497	-0.00101631352
0.05282552764	0.00160814464	-0.00083529881
0.05283074378	0.00142653835	-0.00065127127
0.05283534651	0.00124445115	-0.00046454018
0.05283933252	0.00106180901	-0.00027490613
0.05284269010	0.00087897857	-0.00008278856
0.05284541856	0.00069587149	0.00011203489
0.05284751219	0.00051279145	0.00030920438
0.05284897103	0.00032978899	0.00050873924
0.05284979560	0.00014698802	0.00071051909
0.05284998817	-0.00003536194	0.00091425688
0.05284955332	-0.00021728713	0.00112006638
0.05284849702	-0.00039857544	0.00132765456
0.05284682779	-0.00057904452	0.00153681426
0.05284455412	-0.00075868308	0.00174758323
0.05284168754	-0.00093731413	0.00195969757
0.05283824073	-0.00111481704	0.00217300273
0.05283422843	-0.00129104860	0.00238730202
0.05282966501	-0.00146594510	0.00260251915
0.05282456730	-0.00163938705	0.00281845596
0.05281895317	-0.00181126653	0.00303493517
0.05281284141	-0.00198148493	0.00325179210
0.05280625162	-0.00214995107	0.00346885994
0.05279920421	-0.00231657821	0.00368597256
0.05279172023	-0.00248128504	0.00390296437
0.05278382316	-0.00264395785	0.00411961638
0.05277553276	-0.00280457519	0.00433586400
0.05276687187	-0.00296306146	0.00455151026
0.05275786404	-0.00311933991	0.00476636709
0.05274853423	-0.00327332196	0.00498023038
0.05273890018	-0.00342504122	0.00519311783
0.05272899187	-0.00357434145	0.00540464639
0.05271882444	-0.00372129684	0.00561492547
0.05270842887	-0.00386575043	0.00582354959
0.05269782031	-0.00400777175	0.00603062204
0.05268702354	-0.00414729439	0.00623589673
0.05267606222	-0.00428426999	0.00643921028
0.05266495534	-0.00441870785	0.00664051890
0.05265372322	-0.00455059680	0.00683970475
0.05264238656	-0.00467991849	0.00703663802
0.05263096474	-0.00480666733	0.00723122199
0.05261947638	-0.00493084225	0.00742336572
0.05260793936	-0.00505244652	0.00761298408
0.05259637297	-0.00517146502	0.00779995811
0.05258479237	-0.00528792132	0.00798425912
0.05257321165	-0.00540184382	0.00816584423
0.05256164844	-0.00551322164	0.00834458680
0.05255011851	-0.00562205878	0.00852041838
0.05253863001	-0.00572842536	0.00869340611
0.05252720368	-0.00583227003	0.00886332674
0.05251584432	-0.00593368316	0.00903032230
0.05250456626	-0.00603266291	0.00919426504
0.05249338400	-0.00612920359	0.00935507305
0.05248230096	-0.00622339023	0.00951286860
0.05247132945	-0.00631522647	0.00966754669
0.05246047815	-0.00640474298	0.00981910011
0.05244975498	-0.00649197219	0.00996752615
0.05243916718	-0.00657694802	0.01011282642
0.05242872125	-0.00665970631	0.01025500641
0.05241842297	-0.00674028437	0.01039407545
0.05240827747	-0.00681872076	0.01053004652
0.05239828928	-0.00689505479	0.01066293631
0.05238846225	-0.00696932732	0.01079276449
0.05237880509	-0.00704153945	0.01091947377
0.05236931462	-0.00711177802	0.01104321919
0.05235999303	-0.00718008566	0.01116400672
0.05235085301	-0.00724642592	0.01128169529
0.05234188136	-0.00731094764	0.01139660067
0.05233309385	-0.00737358717	0.01150847998
0.05232447773	-0.00743448255	0.01161762738
0.05231605013	-0.00749355712	0.01172378768
0.05230779472	-0.00755096762	0.01182731378
0.05229972054	-0.00760668991	0.01192805443
0.05229183063	-0.00766074077	0.01202602677
0.05228411519	-0.00771322232	0.01212143698
0.05227657803	-0.00776414128	0.01221422888
0.05226921828	-0.00781353444	0.01230445175
0.05226203670	-0.00786142606	0.01239212971
0.05225502985	-0.00790786665	0.01247735173
0.05224819456	-0.00795290294	0.01256018512
0.05224153041	-0.00799656177	0.01264064998
0.05223503537	-0.00803887924	0.01271879720
0.05222870730	-0.00807989070	0.01279467795
0.05222254381	-0.00811963162	0.01286834315
0.05221654245	-0.00815813673	0.01293984375
0.05221070367	-0.00819542078	0.01300918870
0.05220502208	-0.00823153506	0.01307647911
0.05219949366	-0.00826652054	0.01314177825
0.05219411654	-0.00830040353	0.01320511441
0.05218888770	-0.00833321668	0.01326653686
0.05218380822	-0.00836496622	0.01332603936
0.05217887561	-0.00839567982	0.01338367856
0.05217407721	-0.00842544757	0.01343964244
0.05216941476	-0.00845426898	0.01349388498
0.05216487032	-0.00848226411	0.01354664574
0.05216040265	-0.00850969423	0.01359798508
0.05215504995	-0.00854243903	0.01364601866
0.05214886538	-0.00858011303	0.01369018334
0.05214191127	-0.00862227284	0.01372996133
0.05213425891	-0.00866842247	0.01376488627
0.05212598816	-0.00871801918	0.01379454870
0.05211718701	-0.00877047995	0.01381860085
0.05210795093	-0.00882518837	0.01383676073
0.05209838215	-0.00888150197	0.01384881543
0.05208858872	-0.00893875973	0.01385462362
0.05207868342	-0.00899628995	0.01385411721
0.05206878259	-0.00905341811	0.01384730214
0.05205900469	-0.00910947477	0.01383425830
0.05204946884	-0.00916380343	0.01381513863
0.05204029320	-0.00921576820	0.01379016727
0.05251826759	0.00982835028	-0.00812752789
0.05251361350	0.00985318715	-0.00799179630
0.05251317390	0.00985552976	-0.00793198431
0.05251354372	0.00985355904	-0.00788415891
0.05251428980	0.00984958207	-0.00784251456
0.05251536737	0.00984383512	-0.00780458176
0.05251669617	0.00983674355	-0.00776921802
0.05251817179	0.00982886216	-0.00773584100
0.05251990333	0.00981960561	-0.00770375535
0.05252177563	0.00980958636	-0.00767283697
0.05252377395	0.00979888108	-0.00764285631
0.05252598311	0.00978703217	-0.00761347155
0.05252833914	0.00977437914	-0.00758466491
0.05253079645	0.00976116408	-0.00755640118
0.05253342312	0.00974701779	-0.00752845601
0.05253621586	0.00973195369	-0.00750076467
0.05253915277	0.00971608594	-0.00747330641
0.05254223515	0.00969940334	-0.00744602414
0.05254546482	0.00968189167	-0.00741886648
0.05254884408	0.00966353384	-0.00739178749
0.05255237163	0.00964433182	-0.00736475260
0.05255605905	0.00962421724	-0.00733770567
0.05255991287	0.00960314837	-0.00731060518
0.05256391607	0.00958121221	-0.00728345787
0.05256808735	0.00955829966	-0.00725619849
0.05257242956	0.00953438778	-0.00722879803
0.05257694514	0.00950945525	-0.00720122788
0.05258163823	0.00948347091	-0.00717345832
0.05258651294	0.00945640293	-0.00714545851
0.05259156229	0.00942828063	-0.00711722166
0.05259674884	0.00939930379	-0.00708880279
0.05260218399	0.00936883875	-0.00705993144
0.05260781197	0.00933718479	-0.00703071890
0.05261355445	0.00930477233	-0.00700131315
0.05261958812	0.00927059040	-0.00697128032
0.05262574880	0.00923555429	-0.00694098592
0.05263216840	0.00919889936	-0.00691008549
0.05263873577	0.00916124424	-0.00687882288
0.05264557879	0.00912183828	-0.00684685517
0.05265255566	0.00908148017	-0.00681450760
0.05265979842	0.00903938770	-0.00678140928
0.05266725950	0.00899581438	-0.00674765886
0.05267491707	0.00895086656	-0.00671327770
0.05268278288	0.00890445327	-0.00667819431
0.05269089540	0.00885632215	-0.00664226872
0.05269922855	0.00880660039	-0.00660553826
0.05270778521	0.00875524292	-0.00656795409
0.05271656798	0.00870220437	-0.00652946649
0.05272557914	0.00864743917	-0.00649002475
0.05273482076	0.00859090094	-0.00644957881
0.05274429453	0.00853254324	-0.00640807756
0.05275396952	0.00847252030	-0.00636556371
0.05276389570	0.00841048218	-0.00632182640
0.05277406320	0.00834644558	-0.00627685245
0.05278443550	0.00828059592	-0.00623070504
0.05279503451	0.00821274807	-0.00618325129
0.05280587774	0.00814273764	-0.00613437294
0.05281691126	0.00807086025	-0.00608420085
0.05282818867	0.00799671070	-0.00603247378
0.05283968107	0.00792041696	-0.00597923835
0.05285135624	0.00784213262	-0.00592454396
0.05286326879	0.00776142470	-0.00586810457
0.05287537882	0.00767849041	-0.00581001214
0.05288768213	0.00759328515	-0.00575020394
0.05290017385	0.00750576488	-0.00568861823
0.05291284841	0.00741588656	-0.00562519384
0.05292569941	0.00732360851	-0.00555986978
0.05293871972	0.00722889024	-0.00549258581
0.05295190141	0.00713169244	-0.00542328280
0.05296523571	0.00703197743	-0.00535190227
0.05297871298	0.00692970928	-0.00527838652
0.05299230934	0.00682495794	-0.00520274153
0.05300601832	0.00671765743	-0.00512487959
0.05301985167	0.00660758872	-0.00504461240
0.05303374489	0.00649513687	-0.00496217293
0.05304774417	0.00637979142	-0.00487714350
0.05306177227	0.00626204629	-0.00478984965
0.05307587012	0.00614140955	-0.00469986867
0.05308997880	0.00601822657	-0.00460742427
0.05310409400	0.00589237648	-0.00451236165
0.05311820615	0.00576377266	-0.00441456298
0.05313228493	0.00563251261	-0.00431405582
0.05314631018	0.00549860112	-0.00421078273
0.05316025969	0.00536206023	-0.00410469774
0.05317411305	0.00522289204	-0.00399573512
0.05318785076	0.00508108563	-0.00388381987
0.05320144653	0.00493669803	-0.00376893661
0.05321487342	0.00478979610	-0.00365106819
0.05322811087	0.00464037862	-0.00353013444
0.05324113445	0.00448848559	-0.00340609753
0.05325391850	0.00433417396	-0.00327893133
0.05326643785	0.00417749912	-0.00314860618
0.05327866713	0.00401852327	-0.00301509981
0.05329057209	0.00385743775	-0.00287850137
0.05330214448	0.00369408899	-0.00273856196
0.05331335179	0.00352865707	-0.00259539200
0.05332416195	0.00336134686	-0.00244910023
0.05333456329	0.00319206186	-0.00229948184
0.05334452843	0.00302095787	-0.00214662370
0.05335402778	0.00284826599	-0.00199066962
0.05336305307	0.00267384869	-0.00183136726
0.05337157116	0.00249805760	-0.00166902715
0.05337957178	0.00232082241	-0.00150345838
0.05338703165	0.00214237055	-0.00133483778
0.05339393564	0.00196278798	-0.00116316665
0.05340026931	0.00178217213	-0.00098846848
0.05340601617	0.00160072996	-0.00081090378
0.05341116791	0.00141846492	-0.00063038188
0.05341570929	0.00123567819	-0.00044720093
0.05341963653	0.00105229879	-0.00026117092
0.05342293777	0.00086868883	-0.00007269616
0.05342561183	0.00068476332	0.00011843516
0.05342765273	0.00050082291	0.00031187553
0.05342906009	0.00031691927	0.00050764157
0.05342983403	0.00013317652	0.00070561533
0.05342997646	-0.00005015761	0.00090551900
0.05342949149	-0.00023310684	0.00110745943
0.05342838471	-0.00041545973	0.00131115228
0.05342666422	-0.00059703441	0.00151639614
0.05342433809	-0.00077781746	0.00172322449
0.05342141744	-0.00095763174	0.00193138065
0.05341791456	-0.00113635583	0.00214071317
0.05341384379	-0.00131384600	0.00235103010
0.05340921915	-0.00149003691	0.00256225500
0.05340405710	-0.00166480792	0.00277419410
0.05339837519	-0.00183804987	0.00298667372
0.05339219190	-0.00200966276	0.00319953229
0.05338552655	-0.00217955388	0.00341260609
0.05337839929	-0.00234763487	0.00362573202
0.05337083094	-0.00251382272	0.00383874750
0.05336284478	-0.00267800241	0.00405143874
0.05335446042	-0.00284015027	0.00426374026
0.05334570055	-0.00300018874	0.00447545914
0.05333658864	-0.00315803927	0.00468641123
0.05332714953	-0.00331361172	0.00489639707
0.05331740098	-0.00346693711	0.00510543045
0.05330737289	-0.00361785782	0.00531313973
0.05329708049	-0.00376644551	0.00551962711
0.05328655475	-0.00391254175	0.00572449950
0.05327581093	-0.00405621377	0.00592785346
0.05326487390	-0.00419739309	0.00612944918
0.05325376744	-0.00433602965	0.00632912688
0.05324251070	-0.00447213088	0.00652684190
0.05323112415	-0.00460568358	0.00672247824
0.05321962871	-0.00473666758	0.00691590855
0.05320804394	-0.00486507551	0.00710703750
0.05319638871	-0.00499090457	0.00729577541
0.05318468111	-0.00511415631	0.00748203830
0.05317294068	-0.00523481414	0.00766570983
0.05316118283	-0.00535290014	0.00784676068
0.05314942194	-0.00546844106	0.00802514775
0.05313767590	-0.00558142457	0.00820074761
0.05312596073	-0.00569185351	0.00837349312
0.05311428488	-0.00579979668	0.00854344748
0.05310266938	-0.00590520149	0.00871039471
0.05309111926	-0.00600815740	0.00887447055
0.05307964919	-0.00610866124	0.00903555089
0.05306827389	-0.00620670656	0.00919355634
0.05305699705	-0.00630237767	0.00934860386
0.05304583126	-0.00639567710	0.00950059167
0.05303478545	-0.00648663486	0.00964951241
0.05302386780	-0.00657528277	0.00979536315
0.05301308577	-0.00666165421	0.00993814520
0.05300244609	-0.00674578449	0.01007786369
0.05299195476	-0.00682771046	0.01021452751
0.05298161714	-0.00690747028	0.01034814916
0.05297143794	-0.00698510289	0.01047874478
0.05296142123	-0.00706064882	0.01060633345
0.05295157588	-0.00713410901	0.01073086043
0.05294189886	-0.00720557041	0.01085247528
0.05293239255	-0.00727507518	0.01097118394
0.05292306982	-0.00734258680	0.01108685132
0.05291391750	-0.00740825452	0.01119978178
0.05290495160	-0.00747201419	0.01130974214
0.05289615939	-0.00753400434	0.01141701606
0.05288755824	-0.00759414798	0.01152135877
0.05287913174	-0.00765260260	0.01162311056
0.05287088916	-0.00770934363	0.01172212649
0.05286283359	-0.00776438828	0.01181842409
0.05285495522	-0.00781783915	0.01191220249
0.05284725799	-0.00786970286	0.01200340840
0.05283974109	-0.00792001653	0.01209209015
0.05283240531	-0.00796880478	0.01217827194
0.05282524721	-0.00801611857	0.01226204032
0.05281826366	-0.00806200493	0.01234346097
0.05281145429	-0.00810649095	0.01242255413
0.05280481707	-0.00814961311	0.01249936975
0.05279834987	-0.00819140714	0.01257395805
0.05279205031	-0.00823190892	0.01264636896
0.05278591592	-0.00827115354	0.01271665252
0.05277994717	-0.00830915617	0.01278481838
0.05277413862	-0.00834596864	0.01285096482
0.05276848624	-0.00838163229	0.01291515366
0.05276298816	-0.00841617376	0.01297741301
0.05275764134	-0.00844962606	0.01303779126
0.05275244683	-0.00848199586	0.01309628345
0.05274740211	-0.00851331137	0.01315294513
0.05274249443	-0.00854366325	0.01320795798
0.05273772554	-0.00857305109	0.01326127854
0.05273307745	-0.00860159535	0.01331313784
0.05272855035	-0.00862930347	0.01336307762
0.05272316025	-0.00866217486	0.01340968916
0.05271696109	-0.00869982259	0.01345242598
0.05271001583	-0.00874180367	0.01349078702
0.05270239615	-0.00878762426	0.01352432253
0.05269418210	-0.00883674557	0.01355263936
0.05268546159	-0.00888859027	0.01357540549
0.05267632972	-0.00894254925	0.01359235403
0.05266688803	-0.00899798893	0.01360328627
0.05265724357	-0.00905425862	0.01360807404
0.05264750779	-0.00911069828	0.01360666120
0.05263779533	-0.00916664622	0.01359906431
0.05262822263	-0.00922144688	0.01358537246
0.05261890648	-0.00927445852	0.01356574615
0.05260996240	-0.00932506068	0.01354041549
0.05310830381	0.00982792788	-0.00796631842
0.05310391558	0.00985161156	-0.00783295185
0.05310356267	0.00985351365	-0.00777419236
0.05310398676	0.00985122786	-0.00772721538
0.05310477318	0.00984698762	-0.00768631053
0.05310587933	0.00984102028	-0.00764905482
0.05310722844	0.00983373720	-0.00761432460
0.05310872056	0.00982567556	-0.00758154427
0.05311046039	0.00981626696	-0.00755003690
0.05311233765	0.00980610470	-0.00751967557
0.05311433830	0.00979526250	-0.00749023446
0.05311654376	0.00978329593	-0.00746138219
0.05311889279	0.00977053368	-0.00743309829
0.05312134180	0.00975720990	-0.00740534601
0.05312395613	0.00974296592	-0.00737790841
0.05312673275	0.00972781412	-0.00735072175
0.05312965073	0.00971186459	-0.00732376451
0.05313271142	0.00969510581	-0.00729698061
0.05313591668	0.00967752335	-0.00727031963
0.05313926880	0.00965909993	-0.00724373648
0.05314276665	0.00963983678	-0.00721719701
0.05314642142	0.00961966687	-0.00719064660
0.05315023948	0.00959854900	-0.00716404467
0.05315420461	0.00957656681	-0.00713739683
0.05315833486	0.00955361371	-0.00711063984
0.05316263306	0.00952966666	-0.00708374522
0.05316710166	0.00950470417	-0.00705668486
0.05317174473	0.00947869520	-0.00702942964
0.05317656632	0.00945160801	-0.00700194935
0.05318155986	0.00942347020	-0.00697423675
0.05318668955	0.00939447471	-0.00694634357
0.05319206233	0.00936400582	-0.00691801048
0.05319762483	0.00933235300	-0.00688934335
0.05320330204	0.00929993293	-0.00686048266
0.05320926351	0.00926576366	-0.00683101281
0.05321535192	0.00923073238	-0.00680128256
0.05322169386	0.00919409605	-0.00677096163
0.05322818286	0.00915645400	-0.00674028235
0.05323494166	0.00911707664	-0.00670891594
0.05324183435	0.00907673810	-0.00667717250
0.05324898771	0.00903467805	-0.00664469628
0.05325635620	0.00899114145	-0.00661158089
0.05326391895	0.00894623038	-0.00657784568
0.05327168736	0.00889985540	-0.00654342113
0.05327969841	0.00885177032	-0.00650817236
0.05328792716	0.00880209744	-0.00647213409
0.05329637645	0.00875079179	-0.00643525849
0.05330504887	0.00869780808	-0.00639749687
0.05331394666	0.00864310082	-0.00635879953
0.05332307187	0.00858662371	-0.00631911745
0.05333242617	0.00852833039	-0.00627840060
0.05334197991	0.00846836933	-0.00623668846
0.05335178113	0.00840639937	-0.00619377804
0.05336182035	0.00834243542	-0.00614965571
0.05337206255	0.00827665629	-0.00610438056
0.05338252876	0.00820888077	-0.00605782410
0.05339323579	0.00813894787	-0.00600987197
0.05340413183	0.00806714346	-0.00596064807
0.05341526835	0.00799307247	-0.00590990106
0.05342661753	0.00791685794	-0.00585767438
0.05343814836	0.00783864781	-0.00580401386
0.05344991326	0.00775801991	-0.00574864440
0.05346187378	0.00767516465	-0.00569165290
0.05347402578	0.00759003733	-0.00563297793
0.05348636448	0.00750259388	-0.00557255906
0.05349888436	0.00741279116	-0.00551033638
0.05351157913	0.00732058737	-0.00544625021
0.05352444174	0.00722594193	-0.00538024156
0.05353746437	0.00712881537	-0.00531225258
0.05355063838	0.00702916987	-0.00524222600
0.05356395426	0.00692696933	-0.00517010539
0.05357738876	0.00682228069	-0.00509589509
0.05359093539	0.00671503867	-0.00501950973
0.05360460513	0.00660502905	-0.00494076790
0.05361833559	0.00649262568	-0.00485989137
0.05363217089	0.00637733062	-0.00477647882
0.05364603628	0.00625962395	-0.00469084088
0.05365997077	0.00613902571	-0.00460257131
0.05367391722	0.00601587156	-0.00451188334
0.05368787101	0.00589004300	-0.00441862726
0.05370182247	0.00576145496	-0.00432268907
0.05371574189	0.00563020188	-0.00422409411
0.05372960934	0.00549628789	-0.00412278609
0.05374340286	0.00535973402	-0.00401871980
0.05375710225	0.00522054193	-0.00391183106
0.05377068811	0.00507870064	-0.00380204694
0.05378413449	0.00493426559	-0.00368935175
0.05379741482	0.00478730186	-0.00357372799
0.05381050860	0.00463780814	-0.00345509778
0.05382339163	0.00448582355	-0.00333342402
0.05383603850	0.00433140377	-0.00320868088
0.05384842420	0.00417460310	-0.00308083915
0.05386052357	0.00401548260	-0.00294987686
0.05387230285	0.00385422955	-0.00281587866
0.05388375335	0.00369069431	-0.00267860530
0.05389484296	0.00352505355	-0.00253816253
0.05390553996	0.00335750821	-0.00239465415
0.05391583238	0.00318796460	-0.00224788340
0.05392569303	0.00301657608	-0.00209793371
0.05393509258	0.00284356968	-0.00194494289
0.05394402232	0.00266881178	-0.00178866896
0.05395244950	0.00249264788	-0.00162941030
0.05396036349	0.00231501025	-0.00146698395
0.05396774109	0.00213612307	-0.00130156026
0.05397456700	0.00195607195	-0.00113314110
0.05398082658	0.00177495389	-0.00096174988
0.05398650327	0.00159297343	-0.00078754162
0.05399158840	0.00141013557	-0.00061043041
0.05399606666	0.00122673764	-0.00043070379
0.05399993382	0.00104271170	-0.00024818068
0.05400317790	0.00085841530	-0.00006325097
0.05400579727	0.00067376679	0.00012428716
0.05400778570	0.00048906374	0.00031409794
0.05400914243	0.00030435895	0.00050619548
0.05400986719	0.00011977669	0.00070046414
0.05400996156	-0.00006443719	0.00089663498
0.05400942922	-0.00024830388	0.00109480829
0.05400827539	-0.00043161272	0.00129470805
0.05400650776	-0.00061418240	0.00149613839
0.05400413399	-0.00079599737	0.00169912873
0.05400116484	-0.00097688050	0.00190342937
0.05399761220	-0.00115670966	0.00210889186
0.05399349003	-0.00133534068	0.00231532880
0.05398881198	-0.00151270666	0.00252266370
0.05398359417	-0.00168868596	0.00273070700
0.05397785383	-0.00186316825	0.00293928852
0.05397160912	-0.00203605229	0.00314824973
0.05396487908	-0.00220724392	0.00335742992
0.05395768360	-0.00237665329	0.00356666895
0.05395004326	-0.00254419581	0.00377580716
0.05394198111	-0.00270975530	0.00398463580
0.05393351660	-0.00287330593	0.00419308861
0.05392467229	-0.00303476834	0.00440097659
0.05391547149	-0.00319406232	0.00460811937
0.05390593895	-0.00335109629	0.00481432206
0.05389609238	-0.00350589873	0.00501959472
0.05388596163	-0.00365831093	0.00522357668
0.05387556194	-0.00380840191	0.00542636334
0.05386492428	-0.00395601211	0.00562757348
0.05385406397	-0.00410120642	0.00582729732
0.05384300595	-0.00424391446	0.00602530107
0.05383177409	-0.00438408463	0.00622142845
0.05382038764	-0.00452172251	0.00641563405
0.05380886723	-0.00465681303	0.00660780365
0.05379723392	-0.00478933426	0.00679781234
0.05378550745	-0.00491927717	0.00698556614
0.05377370688	-0.00504663730	0.00717097661
0.05376185052	-0.00517141462	0.00735396093
0.05374995808	-0.00529359111	0.00753440531
0.05373804520	-0.00541318744	0.00771227983
0.05372612651	-0.00553022876	0.00788754128
0.05371422015	-0.00564470142	0.00806006928
0.05370234235	-0.00575660714	0.00822979797
0.05369050183	-0.00586601339	0.00839678687
0.05367871986	-0.00597286652	0.00856082692
0.05366700170	-0.00607725501	0.00872204789
0.05365536230	-0.00617917445	0.00888032919
0.05364381660	-0.00627861775	0.00903559382
0.05363236852	-0.00637566838	0.00918795372
0.05362103092	-0.00647032788	0.00933731018
0.05360981295	-0.00656262564	0.00948365574
0.05359872301	-0.00665259288	0.00962698722
0.05358776878	-0.00674026242	0.00976730570
0.05357695718	-0.00682566911	0.00990461594
0.05356629445	-0.00690884933	0.01003892643
0.05355578611	-0.00698984081	0.01017024921
0.05354543708	-0.00706868217	0.01029859991
0.05353525161	-0.00714541359	0.01042399702
0.05352523873	-0.00722003594	0.01054638823
0.05351539553	-0.00729263609	0.01066591791
0.05350572459	-0.00736325583	0.01078259193
0.05349623890	-0.00743185867	0.01089628090
0.05348692539	-0.00749859401	0.01100727827
0.05347780025	-0.00756339742	0.01111536013
0.05346885080	-0.00762640769	0.01122080011
0.05346009455	-0.00768754775	0.01132336335
0.05345151513	-0.00774697553	0.01142337814
0.05344312197	-0.00780466618	0.01152070549
0.05343491818	-0.00786063735	0.01161536330
0.05342689400	-0.00791499195	0.01170754400
0.05341905347	-0.00796773657	0.01179719699
0.05341139583	-0.00801890861	0.01188436969
0.05340392190	-0.00806853307	0.01196908636
0.05339662826	-0.00811666126	0.01205143126
0.05338951181	-0.00816334050	0.01213146845
0.05338257222	-0.00820859812	0.01220921830
0.05337580747	-0.00825247094	0.01228472984
0.05336921544	-0.00829499506	0.01235805234
0.05336279376	-0.00833620668	0.01242923484
0.05335653997	-0.00837614128	0.01249832642
0.05335045453	-0.00841481443	0.01256533741
0.05334453195	-0.00845227842	0.01263036337
0.05333876822	-0.00848857493	0.01269346469
0.05333316146	-0.00852373089	0.01275466935
0.05332770862	-0.00855777969	0.01281402481
0.05332241073	-0.00859072838	0.01287152734
0.05331726522	-0.00862260574	0.01292723145
0.05331225927	-0.00865350282	0.01298131273
0.05330739469	-0.00868341933	0.01303373019
0.05330265343	-0.00871247595	0.01308470670
0.05329807870	-0.00874041798	0.01313328811
0.05329266330	-0.00877337668	0.01317852345
0.05328646179	-0.00881096418	0.01321988237
0.05327953759	-0.00885273822	0.01325687999
0.05327196264	-0.00889820750	0.01328908252
0.05326381699	-0.00894683744	0.01331611244
0.05325518828	-0.00899805653	0.01333765284
0.05324617109	-0.00905126312	0.01335345117
0.05323686612	-0.00910583252	0.01336332222
0.05322737924	-0.00916112432	0.01336715025
0.05321782043	-0.00921649002	0.01336489040
0.05320830251	-0.00927128058	0.01335656914
0.05319893981	-0.00932485403	0.01334228405
0.05318984669	-0.00937658302	0.01332220259
0.05318113597	-0.00942586213	0.01329656022
0.05368843903	0.00982486206	-0.00781242889
0.05368429880	0.00984745967	-0.00768133430
0.05368402571	0.00984894837	-0.00762358550
0.05368449910	0.00984636769	-0.00757742294
0.05368532172	0.00984188152	-0.00753722794
0.05368645297	0.00983570880	-0.00750062201
0.05368781935	0.00982824771	-0.00746649968
0.05368932511	0.00982001879	-0.00743429197
0.05369107082	0.00981046961	-0.00740333933
0.05369295076	0.00980017543	-0.00737351240
0.05369495156	0.00978920714	-0.00734458895
0.05369715145	0.00977713280	-0.00731624739
0.05369949176	0.00976427084	-0.00728846481
0.05370193073	0.00975084797	-0.00726120312
0.05370453117	0.00973651541	-0.00723425231
0.05370729025	0.00972128459	-0.00720754958
0.05371018799	0.00970526177	-0.00718107274
0.05371322579	0.00968843514	-0.00715476670
0.05371640550	0.00967079003	-0.00712858193
0.05371972943	0.00965230904	-0.00710247415
0.05372319659	0.00963299269	-0.00707640966
0.05372681782	0.00961277520	-0.00705033523
0.05373059933	0.00959161589	-0.00702421121
0.05373452565	0.00956959524	-0.00699804214
0.05373861420	0.00954660902	-0.00697176669
0.05374286780	0.00952263411	-0.00694535688
0.05374728891	0.00949764888	-0.00691878508
0.05375188154	0.00947162238	-0.00689202275
0.05375664969	0.00944452299	-0.00686504026
0.05376158713	0.00941637668	-0.00683783000
0.05376665961	0.00938736993	-0.00681044061
0.05377196991	0.00935690398	-0.00678262318
0.05377746688	0.00932525904	-0.00675447852
0.05378307863	0.00929283882	-0.00672614016
0.05378896803	0.00925868880	-0.00669720949
0.05379498414	0.00922366961	-0.00666801974
0.05380124862	0.00918705864	-0.00663825381
0.05380765933	0.00914943697	-0.00660813334
0.05381433424	0.00911009499	-0.00657734272
0.05382114293	0.00906978354	-0.00654617798
0.05382820724	0.00902776303	-0.00651429749
0.05383548353	0.00898427033	-0.00648179017
0.05384295186	0.00893940351	-0.00644867354
0.05385062326	0.00889307455	-0.00641487990
0.05385853332	0.00884504315	-0.00638027915
0.05386665819	0.00879542697	-0.00634490361
0.05387500066	0.00874418115	-0.00630870639
0.05388356327	0.00869126049	-0.00627163978
0.05389234827	0.00863661959	-0.00623365506
0.05390135766	0.00858021224	-0.00619470421
0.05391059311	0.00852199214	-0.00615473819
0.05392002618	0.00846210236	-0.00611379352
0.05392970305	0.00840021005	-0.00607167458
0.05393961465	0.00833632843	-0.00602836729
0.05394972733	0.00827063006	-0.00598392701
0.05396006131	0.00820293749	-0.00593822934
0.05397063275	0.00813309292	-0.00589116356
0.05398139184	0.00806137301	-0.00584284715
0.05399238802	0.00798739234	-0.00579303798
0.05400359450	0.00791126925	-0.00574177658
0.05401498142	0.00783314635	-0.00568910545
0.05402659911	0.00775261176	-0.00563475974
0.05403841051	0.00766984941	-0.00557882162
0.05405041154	0.00758481457	-0.00552123093
0.05406259748	0.00749746312	-0.00546192844
0.05407496290	0.00740775186	-0.00540085551
0.05408750158	0.00731563891	-0.00533795364
0.05410020658	0.00722108358	-0.00527316507
0.05411307018	0.00712404630	-0.00520643313
0.05412608384	0.00702448914	-0.00513770176
0.05413923820	0.00692237583	-0.00506691565
0.05415251061	0.00681777048	-0.00499407770
0.05416589456	0.00671060851	-0.00491910476
0.05417940033	0.00660068027	-0.00484182179
0.05419296751	0.00648834896	-0.00476244021
0.05420663826	0.00637312862	-0.00468057393
0.05422034022	0.00625548612	-0.00459651974
0.05423411060	0.00613495297	-0.00450988676
0.05424789390	0.00601185555	-0.00442087847
0.05426168528	0.00588607766	-0.00432934994
0.05427547496	0.00575753576	-0.00423519077
0.05428923381	0.00562632135	-0.00413842420
0.05430294214	0.00549243799	-0.00403899511
0.05431657826	0.00535590574	-0.00393685896
0.05433012214	0.00521672586	-0.00383195308
0.05434355452	0.00507488737	-0.00372420647
0.05435684980	0.00493044417	-0.00361360318
0.05436998173	0.00478345966	-0.00350012538
0.05438292994	0.00463393252	-0.00338369738
0.05439567045	0.00448190100	-0.00326428278
0.05440817806	0.00432741961	-0.00314185601
0.05442042799	0.00417054164	-0.00301638833
0.05443239528	0.00401132703	-0.00288785805
0.05444404664	0.00384995921	-0.00275634564
0.05445537300	0.00368629236	-0.00262162087
0.05446634264	0.00352049986	-0.00248378515
0.05447692423	0.00335277890	-0.00234293767
0.05448710550	0.00318303854	-0.00219888916
0.05449685946	0.00301142975	-0.00205171991
0.05450615707	0.00283817569	-0.00190156208
0.05451498923	0.00266314655	-0.00174818340
0.05452332357	0.00248668185	-0.00159187086
0.05453114916	0.00230871643	-0.00143244895
0.05453844288	0.00212947129	-0.00127008196
0.05454518930	0.00194903173	-0.00110477227
0.05455137362	0.00176749434	-0.00093654322
0.05455697921	0.00158506129	-0.00076554469
0.05456199710	0.00140173910	-0.00059169518
0.05456641193	0.00121782133	-0.00041527231
0.05457021907	0.00103324299	-0.00023610330
0.05457340644	0.00084835715	-0.00005456456
0.05457597198	0.00066308544	0.00012953643
0.05457790928	0.00047772237	0.00031587491
0.05457921718	0.00029232180	0.00050446266
0.05457989510	0.00010700812	0.00069518628
0.05457994430	-0.00007797473	0.00088778511
0.05457936806	-0.00026264545	0.00108235338
0.05457817123	-0.00044679426	0.00127862292
0.05457636116	-0.00063024045	0.00147640304
0.05457394512	-0.00081296644	0.00167571946
0.05457093350	-0.00099479517	0.00187632903
0.05456733781	-0.00117560393	0.00207808618
0.05456317167	-0.00135524818	0.00228080781
0.05455844837	-0.00153365959	0.00248441745
0.05455318370	-0.00171071560	0.00268872955
0.05454739457	-0.00188630487	0.00289357727
0.05454109882	-0.00206032500	0.00309880498
0.05453431523	-0.00223268054	0.00330425484
0.05452706341	-0.00240328029	0.00350976956
0.05451936371	-0.00257203821	0.00371519229
0.05451123895	-0.00273883710	0.00392031904
0.05450270839	-0.00290364908	0.00412508289
0.05449379445	-0.00306639314	0.00432929859
0.05448452029	-0.00322698760	0.00453278939
0.05447491052	-0.00338533956	0.00473536471
0.05446498283	-0.00354147508	0.00493703119
0.05445476693	-0.00369523455	0.00513743852
0.05444427811	-0.00384668444	0.00533667579
0.05443354726	-0.00399566429	0.00553437294
0.05442258975	-0.00414223666	0.00573061430
0.05441143059	-0.00428632951	0.00592517182
0.05440009367	-0.00442788981	0.00611789255
0.05438859834	-0.00456692140	0.00630873039
0.05437696533	-0.00470340746	0.00649757289
0.05436521583	-0.00483732446	0.00668429743
0.05435336972	-0.00496866180	0.00686881137
0.05434144620	-0.00509741350	0.00705102749
0.05432946376	-0.00522357801	0.00723086407
0.05431744228	-0.00534713604	0.00740820977
0.05430539759	-0.00546810690	0.00758303416
0.05429334452	-0.00558651422	0.00775529392
0.05428130141	-0.00570234315	0.00792487161
0.05426928470	-0.00581559441	0.00809170258
0.05425730332	-0.00592633412	0.00825584291
0.05424537875	-0.00603450775	0.00841709010
0.05423351649	-0.00614020273	0.00857556828
0.05422173169	-0.00624341357	0.00873116025
0.05421003949	-0.00634413261	0.00888379123
0.05419844403	-0.00644244241	0.00903356847
0.05418695841	-0.00653834367	0.00918039618
0.05417559196	-0.00663186516	0.00932426677
0.05416435328	-0.00672303753	0.00946517690
0.05415325025	-0.00681189310	0.00960312737
0.05414228998	-0.00689846622	0.00973812265
0.05413147886	-0.00698279285	0.00987017085
0.05412082263	-0.00706491033	0.00999928358
0.05411032637	-0.00714485692	0.01012547596
0.05409999447	-0.00722267250	0.01024876597
0.05408983613	-0.00729835787	0.01036910358
0.05407984855	-0.00737199980	0.01048662822
0.05407003448	-0.00744363966	0.01060134574
0.05406040703	-0.00751324111	0.01071313209
0.05405095322	-0.00758095353	0.01082227049
0.05404168937	-0.00764671236	0.01092854567
0.05403260291	-0.00771065647	0.01103222187
0.05402371143	-0.00777270889	0.01113307353
0.05401499863	-0.00783302773	0.01123141761
0.05400647404	-0.00789158801	0.01132712077
0.05399814083	-0.00794840779	0.01142020117
0.05398998930	-0.00800359017	0.01151084499
0.05398202356	-0.00805714172	0.01159900411
0.05397424288	-0.00810910015	0.01168472510
0.05396664813	-0.00815949075	0.01176803227
0.05395923592	-0.00820836520	0.01184900766
0.05395200316	-0.00825577101	0.01192771383
0.05394494956	-0.00830173575	0.01200417126
0.05393807314	-0.00834629654	0.01207842809
0.05393137177	-0.00838948982	0.01215053270
0.05392484308	-0.00843135210	0.01222053324
0.05391848463	-0.00847191920	0.01228847790
0.05391229688	-0.00851120705	0.01235437761
0.05390627431	-0.00854926838	0.01241832537
0.05390041291	-0.00858614511	0.01248038021
0.05389471081	-0.00862186448	0.01254056995
0.05388916493	-0.00865646021	0.01259894122
0.05388377629	-0.00868993975	0.01265549136
0.05387854228	-0.00872233238	0.01271027391
0.05387345006	-0.00875372941	0.01276345874
0.05386850144	-0.00878413072	0.01281500715
0.05386367839	-0.00881365703	0.01286513433
0.05385906759	-0.00884178930	0.01291242052
0.05385363819	-0.00887479879	0.01295634730
0.05384744526	-0.00891229709	0.01299639967
0.05384055251	-0.00895384307	0.01303210806
0.05383303198	-0.00899894817	0.01306305381
0.05382496358	-0.00904708215	0.01308887412
0.05381643456	-0.00909767942	0.01310926625
0.05380753882	-0.00915014570	0.01312399115
0.05379837607	-0.00920386504	0.01313287616
0.05378905094	-0.00925820711	0.01313581713
0.05377967181	-0.00931253456	0.01313277956
0.05377034963	-0.00936621058	0.01312379908
0.05376119656	-0.00941860631	0.01310898097
0.05375232451	-0.00946910821	0.01308849897
0.05374384363	-0.00951712521	0.01306259319
0.05427898300	0.00981924666	-0.00766029546
0.05427508230	0.00984078462	-0.00753146035
0.05427488523	0.00984187146	-0.00747471629
0.05427540496	0.00983900484	-0.00742936309
0.05427626113	0.00983428072	-0.00738987354
0.05427741509	0.00982790979	-0.00735391324
0.05427879653	0.00982027735	-0.00732039481
0.05428031375	0.00981188765	-0.00728875607
0.05428206332	0.00980220393	-0.00725835441
0.05428394395	0.00979178374	-0.00722905828
0.05428594293	0.00978069529	-0.00720064905
0.05428813536	0.00976851879	-0.00717281466
0.05429046506	0.00975556269	-0.00714552991
0.05429289210	0.00974204637	-0.00711875547
0.05429547678	0.00972763080	-0.00709228806
0.05429821650	0.00971232644	-0.00706606584
0.05430109217	0.00969623581	-0.00704006597
0.05430410523	0.00967934681	-0.00701423437
0.05430725756	0.00966164459	-0.00698852238
0.05431055145	0.00964311159	-0.00696288654
0.05431398606	0.00962374764	-0.00693729358
0.05431757187	0.00960348822	-0.00691169166
0.05432131495	0.00958229316	-0.00688604202
0.05432520055	0.00956023983	-0.00686034819
0.05432924548	0.00953722632	-0.00683455069
0.05433345254	0.00951322946	-0.00680862206
0.05433782421	0.00948822746	-0.00678253513
0.05434236441	0.00946218949	-0.00675626192
0.05434707710	0.00943508404	-0.00672977342
0.05435195640	0.00940693548	-0.00670306161
0.05435696958	0.00937792400	-0.00667617224
0.05436221530	0.00934746743	-0.00664886639
0.05436764463	0.00931583693	-0.00662124005
0.05437318868	0.00928342353	-0.00659342006
0.05437900383	0.00924929954	-0.00656502419
0.05438494537	0.00921429963	-0.00653637072
0.05439113010	0.00917772118	-0.00650715526
0.05439746015	0.00914012744	-0.00647758920
0.05440404878	0.00910082831	-0.00644736960
0.05441077099	0.00906055188	-0.00641677898
0.05441774375	0.00901857888	-0.00638548930
0.05442492529	0.00897513826	-0.00635358499
0.05443229657	0.00893032416	-0.00632108184
0.05443986826	0.00888404998	-0.00628791393
0.05444767460	0.00883608119	-0.00625395577
0.05445569276	0.00878653092	-0.00621923738
0.05446392552	0.00873535441	-0.00618371282
0.05447237538	0.00868250658	-0.00614733532
0.05448104455	0.00862794212	-0.00611005715
0.05448993501	0.00857161492	-0.00607183126
0.05449904843	0.00851347876	-0.00603260958
0.05450835752	0.00845367142	-0.00599242585
0.05451790667	0.00839186820	-0.00595109151
0.05452768720	0.00832808071	-0.00590859211
0.05453766681	0.00826247534	-0.00586497941
0.05454786493	0.00819487840	-0.00582013302
0.05455829706	0.00812513520	-0.00577394572
0.05456891535	0.00805351339	-0.00572652884
0.05457976725	0.00797963701	-0.00567764914
0.05459082701	0.00790361984	-0.00562734436
0.05460206586	0.00782559924	-0.00557565387
0.05461353210	0.00774517345	-0.00552232265
0.05462519003	0.00766252008	-0.00546742839
0.05463703564	0.00757759437	-0.00541091215
0.05464906426	0.00749035216	-0.00535271592
0.05466127053	0.00740075022	-0.00529278224
0.05467364834	0.00730874659	-0.00523105384
0.05468619084	0.00721430052	-0.00516747414
0.05469889040	0.00711737234	-0.00510198764
0.05471173862	0.00701792401	-0.00503453943
0.05472472624	0.00691591914	-0.00496507539
0.05473783125	0.00681141907	-0.00489359697
0.05475104710	0.00670435989	-0.00482002323
0.05476438339	0.00659453653	-0.00474418528
0.05477778167	0.00648230169	-0.00466628460
0.05479128218	0.00636718121	-0.00458594980
0.05480481491	0.00624962899	-0.00450346435
0.05481841530	0.00612918785	-0.00441845219
0.05483202952	0.00600617507	-0.00433110744
0.05484565246	0.00588047671	-0.00424128980
0.05485927426	0.00575201074	-0.00414889234
0.05487286640	0.00562086583	-0.00405393636
0.05488640941	0.00548704495	-0.00395636782
0.05489988188	0.00535056725	-0.00385614289
0.05491326397	0.00521143361	-0.00375320036
0.05492653658	0.00506963307	-0.00364747114
0.05493967444	0.00492521804	-0.00353893902
0.05495265166	0.00477825026	-0.00342758589
0.05496544799	0.00462872843	-0.00331333818
0.05497803968	0.00447668995	-0.00319616020
0.05499040179	0.00432218821	-0.00307602664
0.05500250976	0.00416527548	-0.00295290922
0.05501433885	0.00400601065	-0.00282678653
0.05502585625	0.00384457334	-0.00269773506
0.05503705255	0.00368082152	-0.00256553326
0.05504789642	0.00351492536	-0.00243027836
0.05505835692	0.00334707827	-0.00229206513
0.05506842153	0.00317719213	-0.00215071154
0.05507806349	0.00300541553	-0.00200629482
0.05508725405	0.00283196774	-0.00185894170
0.05509598374	0.00265672280	-0.00170842929
0.05510422061	0.00248001428	-0.00155503357
0.05511195343	0.00230177958	-0.00139858622
0.05511915921	0.00212223653	-0.00123924566
0.05512582239	0.00194147011	-0.00107701478
0.05513192805	0.00175957652	-0.00091191679
0.05513745952	0.00157675551	-0.00074409661
0.05514240753	0.00139301518	-0.00057347701
0.05514675672	0.00120864522	-0.00040032596
0.05515050205	0.00102358368	-0.00022447871
0.05515363139	0.00083817903	-0.00004629858
0.05515614228	0.00065235623	0.00013439798
0.05515802811	0.00046640662	0.00031729689
0.05515928738	0.00028038516	0.00050240772
0.05515991919	0.00009441629	0.00068961925
0.05515992451	-0.00009125802	0.00087867891
0.05515930622	-0.00027665397	0.00106967510
0.05515806885	-0.00046156277	0.00126234727
0.05515621938	-0.00064580437	0.00145650981
0.05515376473	-0.00082935914	0.00165218494
0.05515071490	-0.00101205024	0.00184913586
0.05514708107	-0.00119375437	0.00204721986
0.05514287647	-0.00137432678	0.00224625810
0.05513811407	-0.00155369767	0.00244617413
0.05513280932	-0.00173174371	0.00264678637
0.05512697879	-0.00190835258	0.00284793129
0.05512064003	-0.00208342084	0.00304945611
0.05511381152	-0.00225685182	0.00325120586
0.05510651259	-0.00242855301	0.00345302607
0.05509876337	-0.00259843702	0.00365476266
0.05509058640	-0.00276638574	0.00385621634
0.05508200078	-0.00293236928	0.00405731961
0.05507302874	-0.00309630508	0.00425789092
0.05506369329	-0.00325811005	0.00445775708
0.05505401887	-0.00341769013	0.00465673177
0.05504402313	-0.00357506890	0.00485481839
0.05503373563	-0.00373008607	0.00505167671
0.05502317168	-0.00388280551	0.00524738976
0.05501236205	-0.00403306605	0.00544159840
0.05500132218	-0.00418092791	0.00563438128
0.05499007708	-0.00432631747	0.00582551597
0.05497865064	-0.00446918041	0.00601485282
0.05496706228	-0.00460951882	0.00620234511
0.05495533284	-0.00474731421	0.00638788214
0.05494348359	-0.00488254150	0.00657134359
0.05493153451	-0.00501518861	0.00675263815
0.05491950493	-0.00514524807	0.00693167984
0.05490741350	-0.00527271687	0.00710838804
0.05489528021	-0.00539757453	0.00728265383
0.05488312106	-0.00551983899	0.00745444632
0.05487095109	-0.00563953243	0.00762372212
0.05485878881	-0.00575663883	0.00779036667
0.05484665080	-0.00587115798	0.00795431653
0.05483454624	-0.00598315459	0.00811562448
0.05482249674	-0.00609257342	0.00827409438
0.05481050803	-0.00619950077	0.00842984496
0.05479859547	-0.00630393012	0.00858276228
0.05478677435	-0.00640585328	0.00873277376
0.05477504903	-0.00650535190	0.00887998211
0.05476343281	-0.00660242585	0.00902429437
0.05475193519	-0.00669710331	0.00916570286
0.05474056496	-0.00678941436	0.00930420408
0.05472933018	-0.00687939084	0.00943979858
0.05471823812	-0.00696706661	0.00957249054
0.05470729536	-0.00705247719	0.00970228769
0.05469650778	-0.00713565953	0.00982920124
0.05468588063	-0.00721665154	0.00995324583
0.05467541847	-0.00729549279	0.01007443891
0.05466513059	-0.00737218407	0.01019273268
0.05465501434	-0.00744681193	0.01030826179
0.05464507263	-0.00751941735	0.01042103202
0.05463531864	-0.00758996426	0.01053092453
0.05462573953	-0.00765860176	0.01063821256
0.05461635172	-0.00772526539	0.01074268928
0.05460714273	-0.00779009388	0.01084460975
0.05459813023	-0.00785301057	0.01094375743
0.05458929801	-0.00791417352	0.01104043831
0.05458065571	-0.00797355772	0.01113452446
0.05457220649	-0.00803118165	0.01122603436
0.05456394075	-0.00808714845	0.01131514800
0.05455586267	-0.00814146478	0.01140181976
0.05454797156	-0.00819416856	0.01148609530
0.05454026831	-0.00824528545	0.01156799896
0.05453274957	-0.00829486738	0.01164761066
0.05452541228	-0.00834296204	0.01172499143
0.05451825619	-0.00838959725	0.01180016188
0.05451127932	-0.00843481042	0.01187316925
0.05450447957	-0.00847863828	0.01194406104
0.05449785458	-0.00852111764	0.01201288450
0.05449140191	-0.00856228461	0.01207968696
0.05448512200	-0.00860215555	0.01214447992
0.05447900936	-0.00864078350	0.01220735387
0.05447305995	-0.00867821066	0.01226836649
0.05446727190	-0.00871446452	0.01232754543
0.05446164215	-0.00874957912	0.01238493648
0.05445617167	-0.00878356234	0.01244053804
0.05445085781	-0.00881644391	0.01249440265
0.05444568777	-0.00884831530	0.01254669464
0.05444066332	-0.00887917661	0.01259737749
0.05443576650	-0.00890914844	0.01264665895
0.05443112912	-0.00893743713	0.01269266695
0.05442569562	-0.00897046576	0.01273530587
0.05441952146	-0.00900784572	0.01277407582
0.05441267052	-0.00904913734	0.01280852226
0.05440521481	-0.00909385513	0.01283824133
0.05439723396	-0.00914147346	0.01286288460
0.05438881467	-0.00919143288	0.01288216316
0.05438005002	-0.00924314666	0.01289585098
0.05437103861	-0.00929600776	0.01290378757
0.05436188366	-0.00934939596	0.01290587991
0.05435269185	-0.00940268517	0.01290210344
0.05434357214	-0.00945525077	0.01289250245
0.05433463441	-0.00950647695	0.01287718951
0.05432598804	-0.00955576388	0.01285634413
0.05431774044	-0.00960253473	0.01283021072
0.05485953520	0.00981143709	-0.00751503681
0.05485585783	0.00983197648	-0.00738837132
0.05485573065	0.00983268606	-0.00733259176
0.05485629237	0.00982955176	-0.00728801523
0.05485717847	0.00982460535	-0.00724920265
0.05485835213	0.00981804976	-0.00721386178
0.05485974604	0.00981025811	-0.00718092267
0.05486127231	0.00980171929	-0.00714982983
0.05486302373	0.00979191131	-0.00711995662
0.05486490319	0.00978137505	-0.00709116962
0.05486689857	0.00977017613	-0.00706325366
0.05486908205	0.00975790629	-0.00703590562
0.05487139980	0.00974486452	-0.00700909826
0.05487381355	0.00973126333	-0.00698279115
0.05487638131	0.00971677284	-0.00695678729
0.05487910064	0.00970140264	-0.00693102578
0.05488195331	0.00968525171	-0.00690548324
0.05488494080	0.00966830770	-0.00688010651
0.05488806498	0.00965055556	-0.00685484780
0.05489132816	0.00963197760	-0.00682966441
0.05489472962	0.00961257301	-0.00680452352
0.05489827952	0.00959227847	-0.00677937457
0.05490198376	0.00957105425	-0.00675417966
0.05490582828	0.00954897484	-0.00672894139
0.05490982933	0.00952594054	-0.00670360203
0.05491398968	0.00950192808	-0.00667813459
0.05491831180	0.00947691556	-0.00665251236
0.05492279958	0.00945087226	-0.00662670792
0.05492745688	0.00942376679	-0.00660069279
0.05493227819	0.00939562201	-0.00657445866
0.05493723215	0.00936661217	-0.00654804854
0.05494241362	0.00933617080	-0.00652123285
0.05494777570	0.00930456048	-0.00649410308
0.05495325235	0.00927216028	-0.00646677991
0.05495899382	0.00923806789	-0.00643889633
0.05496486124	0.00920309343	-0.00641075673
0.05497096690	0.00916655321	-0.00638206858
0.05497721688	0.00912899360	-0.00635303371
0.05498372007	0.00908974298	-0.00632336102
0.05499035648	0.00904950794	-0.00629332045
0.05499723858	0.00900758840	-0.00626259666
0.05500432632	0.00896420585	-0.00623126990
0.05501160149	0.00891945073	-0.00619935434
0.05501907443	0.00887323779	-0.00616678579
0.05502677812	0.00882533795	-0.00613344302
0.05503469070	0.00877586007	-0.00609935396
0.05504281489	0.00872475953	-0.00606447355
0.05505115318	0.00867199133	-0.00602875595
0.05505970774	0.00861751029	-0.00599215435
0.05506848055	0.00856127037	-0.00595462261
0.05507747322	0.00850322546	-0.00591611363
0.05508665961	0.00844350834	-0.00587665852
0.05509608239	0.00838180205	-0.00583607536
0.05510573323	0.00831811665	-0.00579434939
0.05511558112	0.00825261277	-0.00575152902
0.05512564473	0.00818512021	-0.00570749760
0.05513593897	0.00811548728	-0.00566215120
0.05514641780	0.00804397312	-0.00561559546
0.05515712684	0.00797021073	-0.00556760544
0.05516804126	0.00789430958	-0.00551821632
0.05517913336	0.00781640208	-0.00546746453
0.05519044951	0.00773609608	-0.00541510428
0.05520195531	0.00765356319	-0.00536120908
0.05521364680	0.00756875865	-0.00530572115
0.05522551936	0.00748163828	-0.00524858365
0.05523756772	0.00739215883	-0.00518974026
0.05524978585	0.00730027831	-0.00512913484
0.05526216699	0.00720595587	-0.00506671195
0.05527470362	0.00710915180	-0.00500241721
0.05528738746	0.00700982798	-0.00493619681
0.05530020937	0.00690794790	-0.00486799772
0.05531314791	0.00680357029	-0.00479782011
0.05532619652	0.00669663191	-0.00472558508
0.05533936417	0.00658693204	-0.00465112954
0.05535259426	0.00647481341	-0.00457464569
0.05536592523	0.00635981314	-0.00449577588
0.05537928929	0.00624237275	-0.00441479118
0.05539272023	0.00612204590	-0.00433132936
0.05540616577	0.00599914116	-0.00424557586
0.05541962060	0.00587354681	-0.00415739469
0.05543307479	0.00574518229	-0.00406668221
0.05544650038	0.00561413354	-0.00397345787
0.05545987813	0.00548040302	-0.00387766873
0.05547318692	0.00534400902	-0.00377927161
0.05548640711	0.00520495208	-0.00367820667
0.05549951973	0.00506322127	-0.00357440663
0.05551249987	0.00491886760	-0.00346785506
0.05552532198	0.00477195126	-0.00335853361
0.05553796595	0.00462247096	-0.00324637071
0.05555040826	0.00447046333	-0.00313133133
0.05556262422	0.00431598069	-0.00301339043
0.05557458952	0.00415907435	-0.00289252018
0.05558627962	0.00399980224	-0.00276869944
0.05559766222	0.00383834028	-0.00264200099
0.05560872756	0.00367455019	-0.00251221139
0.05561944474	0.00350859899	-0.00237942401
0.05562978321	0.00334067652	-0.00224372945
0.05563973021	0.00317069736	-0.00210495249
0.05564925922	0.00299880783	-0.00196316749
0.05565834180	0.00282522348	-0.00181849610
0.05566696815	0.00264982208	-0.00167072420
0.05567510674	0.00247293143	-0.00152011749
0.05568274606	0.00229449143	-0.00136651436
0.05568986328	0.00211471686	-0.00121006772
0.05569644274	0.00193369240	-0.00105078094
0.05570246942	0.00175151384	-0.00088867711
0.05570792662	0.00156837863	-0.00072389650
0.05571280484	0.00138429636	-0.00055636582
0.05571708870	0.00119955296	-0.00038634402
0.05572077281	0.00101408944	-0.00021367384
0.05572384501	0.00082824974	-0.00003870632
0.05572630245	0.00064196210	0.00013873370
0.05572813837	0.00045551471	0.00031834218
0.05572935096	0.00026896357	0.00050012666
0.05572993903	0.00008243317	0.00068397800
0.05572990327	-0.00010383655	0.00086965121
0.05572924620	-0.00028985931	0.00105722929
0.05572797205	-0.00047542739	0.00124645888
0.05572608745	-0.00066036144	0.00143715916
0.05572359898	-0.00084463985	0.00162934908
0.05572051632	-0.00102808605	0.00182279790
0.05571685028	-0.00121057630	0.00201736561
0.05571261376	-0.00139196565	0.00221287739
0.05570781939	-0.00157218297	0.00240925689
0.05570248230	-0.00175110421	0.00260632630
0.05569661874	-0.00192861625	0.00280392522
0.05569024598	-0.00210461465	0.00300190364
0.05568338218	-0.00227900164	0.00320010931
0.05567604644	-0.00245168357	0.00339839046
0.05566825862	-0.00262257177	0.00359659567
0.05566004099	-0.00279154738	0.00379453012
0.05565141250	-0.00295857856	0.00399212581
0.05564239516	-0.00312358139	0.00418920472
0.05563301183	-0.00328647149	0.00438559708
0.05562328677	-0.00344715375	0.00458112059
0.05561323757	-0.00360564938	0.00477577569
0.05560289362	-0.00376179761	0.00496923166
0.05559227022	-0.00391565975	0.00516156589
0.05558139804	-0.00406707413	0.00535242953
0.05557029253	-0.00421609866	0.00554189598
0.05555897868	-0.00436265834	0.00572974812
0.05554748038	-0.00450669765	0.00591583942
0.05553581707	-0.00464821706	0.00610012266
0.05552400967	-0.00478719648	0.00628248883
0.05551207950	-0.00492360946	0.00646281980
0.05550004663	-0.00505744249	0.00664102554
0.05548793049	-0.00518868674	0.00681702128
0.05547574982	-0.00531733782	0.00699072750
0.05546352475	-0.00544337416	0.00716203755
0.05545127140	-0.00556681242	0.00733092013
0.05543900497	-0.00568767337	0.00749733186
0.05542674409	-0.00580593999	0.00766116090
0.05541450551	-0.00592161114	0.00782234496
0.05540229860	-0.00603475020	0.00798093375
0.05539014508	-0.00614530132	0.00813673714
0.05537805087	-0.00625334964	0.00828986878
0.05536603152	-0.00635888776	0.00844021783
0.05535410245	-0.00646190702	0.00858771380
0.05534226821	-0.00656248807	0.00873245512
0.05533054226	-0.00666063012	0.00887435154
0.05531893428	-0.00675636073	0.00901339528
0.05530745320	-0.00684970949	0.00914958269
0.05529610724	-0.00694070773	0.00928291413
0.05528490384	-0.00702938886	0.00941339346
0.05527384971	-0.00711578799	0.00954102811
0.05526295088	-0.00719994168	0.00966582887
0.05525221275	-0.00728188752	0.00978780996
0.05524164002	-0.00736166474	0.00990698834
0.05523124206	-0.00743927419	0.01002331825
0.05522101637	-0.00751480211	0.01013692988
0.05521096601	-0.00758828913	0.01024782896
0.05520110419	-0.00765969950	0.01035590149
0.05519141824	-0.00772918191	0.01046141137
0.05518192461	-0.00779667212	0.01056415966
0.05517261099	-0.00786230859	0.01066439282
0.05516349504	-0.00792601507	0.01076190274
0.05515456068	-0.00798794942	0.01085698510
0.05514581762	-0.00804808668	0.01094951706
0.05513726904	-0.00810644574	0.01103951736
0.05512890543	-0.00816312968	0.01112716020
0.05512073103	-0.00821814524	0.01121240224
0.05511274518	-0.00827153060	0.01129528833
0.05510494880	-0.00832331170	0.01137584279
0.05509733856	-0.00837354070	0.01145414352
0.05508991146	-0.00842226545	0.01153025015
0.05508266726	-0.00846951399	0.01160418335
0.05507560401	-0.00851532399	0.01167598950
0.05506871962	-0.00855973243	0.01174571528
0.05506201175	-0.00860277641	0.01181340708
0.05505547795	-0.00864449230	0.01187911140
0.05504911867	-0.00868489686	0.01194284024
0.05504292840	-0.00872404339	0.01200468172
0.05503690313	-0.00876197431	0.01206469225
0.05503104099	-0.00879871739	0.01212289932
0.05502533890	-0.00883430692	0.01217934789
0.05501979782	-0.00886875122	0.01223403734
0.05501441505	-0.00890208044	0.01228701927
0.05500917783	-0.00893438609	0.01233845276
0.05500408792	-0.00896566851	0.01238830337
0.05499912744	-0.00899604805	0.01243677182
0.05499447316	-0.00902445685	0.01248156216
0.05498904478	-0.00905747506	0.01252297746
0.05498289800	-0.00909471426	0.01256053216
0.05497609679	-0.00913573650	0.01259378597
0.05496871299	-0.00918005950	0.01262234901
0.05496082582	-0.00922716237	0.01264588641
0.05495252133	-0.00927649174	0.01266412222
0.05494389169	-0.00932746837	0.01267684263
0.05493503430	-0.00937949391	0.01268389852
0.05492605090	-0.00943195802	0.01268520716
0.05491704642	-0.00948424547	0.01268075320
0.05490812779	-0.00953574344	0.01267058887
0.05489940260	-0.00958584863	0.01265483333
0.05489097774	-0.00963397437	0.01263367130
0.05488295790	-0.00967955742	0.01260735089
0.05545042740	0.00980133668	-0.00737139946
0.05544696564	0.00982090123	-0.00724689084
0.05544690494	0.00982124394	-0.00719206980
0.05544750599	0.00981785005	-0.00714826494
0.05544841966	0.00981268856	-0.00711012497
0.05544961092	0.00980595479	-0.00707539945
0.05545101533	0.00979800994	-0.00704303578
0.05545254872	0.00978932790	-0.00701248523
0.05545430023	0.00977940112	-0.00698313683
0.05545617677	0.00976875417	-0.00695485548
0.05545816681	0.00975745017	-0.00692742946
0.05546033970	0.00974509209	-0.00690056436
0.05546264388	0.00973196971	-0.00687423102
0.05546504271	0.00971828880	-0.00684838801
0.05546759193	0.00970372845	-0.00682284446
0.05547028928	0.00968829741	-0.00679754037
0.05547311738	0.00967209118	-0.00677245189
0.05547607771	0.00965509718	-0.00674752677
0.05547917218	0.00963730016	-0.00672271808
0.05548240307	0.00961868233	-0.00669798388
0.05548576978	0.00959924224	-0.00667329179
0.05548928216	0.00957891774	-0.00664859252
0.05549294597	0.00955766958	-0.00662384899
0.05549674780	0.00953556940	-0.00659906294
0.05550070333	0.00951251964	-0.00657417835
0.05550481533	0.00948849701	-0.00654916868
0.05550908625	0.00946347946	-0.00652400769
0.05551351992	0.00943743639	-0.00649866848
0.05551812016	0.00941033653	-0.00647312314
0.05552288176	0.00938220129	-0.00644736305
0.05552777473	0.00935319909	-0.00642142864
0.05553289021	0.00932277883	-0.00639509932
0.05553818326	0.00929119474	-0.00636846227
0.05554359063	0.00925881416	-0.00634163220
0.05554925661	0.00922475962	-0.00631425685
0.05555504801	0.00918981724	-0.00628662719
0.05556107270	0.00915332183	-0.00625846216
0.05556724062	0.00911580329	-0.00622995439
0.05557365640	0.00907660808	-0.00620082420
0.05558020495	0.00903642174	-0.00617132944
0.05558699431	0.00899456301	-0.00614116698
0.05559398613	0.00895124607	-0.00611041310
0.05560116302	0.00890655774	-0.00607908044
0.05560853497	0.00886041411	-0.00604710645
0.05561613374	0.00881259145	-0.00601437407
0.05562393840	0.00876319446	-0.00598090920
0.05563195164	0.00871217862	-0.00594666767
0.05564017591	0.00865949907	-0.00591160454
0.05564861337	0.00860511072	-0.00587567392
0.05565726594	0.00854896766	-0.00583883057
0.05566613525	0.00849102389	-0.00580102832
0.05567519620	0.00843140726	-0.00576229582
0.05568448982	0.00836980845	-0.00572245754
0.05569400815	0.00830623600	-0.00568149841
0.05570372138	0.00824084488	-0.00563946368
0.05571364747	0.00817346836	-0.00559624032
0.05572380074	0.00810395771	-0.00555172761
0.05573413694	0.00803256369	-0.00550602569
0.05574469986	0.00795892815	-0.00545891767
0.05575546562	0.00788315631	-0.00541043626
0.05576640753	0.00780537576	-0.00536061512
0.05577757010	0.00772520379	-0.00530921734
0.05578892018	0.00764280613	-0.00525631245
0.05580045385	0.00755813804	-0.00520184381
0.05581216658	0.00747115533	-0.00514575571
0.05582405316	0.00738181475	-0.00508799297
0.05583610765	0.00729007426	-0.00502850057
0.05584832338	0.00719589299	-0.00496722418
0.05586069295	0.00709923118	-0.00490411052
0.05587320817	0.00700005062	-0.00483910687
0.05588586005	0.00689831474	-0.00477216127
0.05589862772	0.00679407969	-0.00470327268
0.05591150460	0.00668728292	-0.00463236420
0.05592449905	0.00657772799	-0.00455927832
0.05593755630	0.00646574786	-0.00448419836
0.05595071302	0.00635089073	-0.00440677991
0.05596390360	0.00623358599	-0.00432728212
0.05597716021	0.00611339797	-0.00424535612
0.05599043215	0.00599062669	-0.00416117898
0.05600371387	0.00586516262	-0.00407461892
0.05601699539	0.00573692667	-0.00398557545
0.05603024933	0.00560600212	-0.00389406632
0.05604345669	0.00547239091	-0.00380003960
0.05605659662	0.00533611053	-0.00370345281
0.05606964968	0.00519716119	-0.00360424745
0.05608259709	0.00505553202	-0.00350235798
0.05609541426	0.00491127265	-0.00339776780
0.05610807602	0.00476444174	-0.00329045833
0.05612056240	0.00461503806	-0.00318035995
0.05613285011	0.00446309747	-0.00306743828
0.05614491475	0.00430867125	-0.00295166857
0.05615673224	0.00415180981	-0.00283302343
0.05616827827	0.00399257009	-0.00271148200
0.05617952105	0.00383112441	-0.00258711347
0.05619045053	0.00366733817	-0.00245971229
0.05620103621	0.00350137531	-0.00232936804
0.05621124796	0.00333342213	-0.00219616736
0.05622107280	0.00316339592	-0.00205994158
0.05623048446	0.00299144075	-0.00192076229
0.05623945484	0.00281776845	-0.00177874627
0.05624797382	0.00264226053	-0.00163368783
0.05625601031	0.00246523905	-0.00148584274
0.05626355257	0.00228664643	-0.00133505588
0.05627057791	0.00210669437	-0.00118147484
0.05627707060	0.00192546726	-0.00102510341
0.05628301556	0.00174306049	-0.00086596458
0.05628839607	0.00155966919	-0.00070419406
0.05629320241	0.00137530445	-0.00053972240
0.05629741920	0.00119024843	-0.00037279981
0.05630104075	0.00100444508	-0.00020327620
0.05630405486	0.00081823378	-0.00003149076
0.05630645833	0.00063154604	0.00014272363
0.05630824426	0.00044466686	0.00031907266
0.05630941053	0.00025765327	0.00049756191
0.05630995570	0.00007062975	0.00067808434
0.05630988018	-0.00011616581	0.00086040232
0.05630918616	-0.00030274469	0.00104459365
0.05630787757	-0.00048890027	0.00123041199
0.05630596071	-0.00067445399	0.00141768119
0.05630344183	-0.00085938226	0.00160641711
0.05630033028	-0.00104350889	0.00179639490
0.05629663652	-0.00122670971	0.00198747723
0.05629237311	-0.00140883967	0.00217949323
0.05628755237	-0.00158982634	0.00237236670
0.05628218910	-0.00176954503	0.00256592354
0.05627629924	-0.00194788186	0.00276000646
0.05626989973	-0.00212473149	0.00295446816
0.05626300847	-0.00229999513	0.00314915909
0.05625564427	-0.00247357801	0.00334393018
0.05624782671	-0.00264539030	0.00353863264
0.05623957784	-0.00281531244	0.00373307604
0.05623091638	-0.00298331073	0.00392719195
0.05622186416	-0.00314929991	0.00412080586
0.05621244384	-0.00331319442	0.00431375134
0.05620267949	-0.00347489822	0.00450585008
0.05619258864	-0.00363443011	0.00469709967
0.05618220047	-0.00379162904	0.00488717870
0.05617153028	-0.00394655368	0.00507615914
0.05616060856	-0.00409904209	0.00526370217
0.05614945081	-0.00424914979	0.00544987616
0.05613808195	-0.00439680053	0.00563446919
0.05612652583	-0.00454193769	0.00581733782
0.05611480194	-0.00468456010	0.00599843437
0.05610293120	-0.00482464618	0.00617765153
0.05609093499	-0.00496216811	0.00635487333
0.05607883343	-0.00509711107	0.00653001105
0.05606664603	-0.00522946487	0.00670298112
0.05605439162	-0.00535922381	0.00687370510
0.05604209040	-0.00548636529	0.00704207861
0.05602975860	-0.00561090470	0.00720807000
0.05601741158	-0.00573286143	0.00737163590
0.05600506808	-0.00585221750	0.00753266714
0.05599274494	-0.00596897094	0.00769110259
0.05598045173	-0.00608318370	0.00784698901
0.05596821026	-0.00619479950	0.00800014209
0.05595602663	-0.00630390222	0.00815067062
0.05594391655	-0.00641048364	0.00829846676
0.05593189553	-0.00651453470	0.00844346206
0.05591996833	-0.00661613500	0.00858575082
0.05590814854	-0.00671528310	0.00872524542
0.05589644599	-0.00681200602	0.00886193801
0.05588486975	-0.00690633282	0.00899582480
0.05587342818	-0.00699829433	0.00912690594
0.05586212885	-0.00708792354	0.00925518503
0.05585097863	-0.00717525511	0.00938066918
0.05583998368	-0.00726032525	0.00950336880
0.05582914953	-0.00734317119	0.00962329767
0.05581848099	-0.00742383186	0.00974047227
0.05580798753	-0.00750230817	0.00985484887
0.05579766678	-0.00757868600	0.00996655327
0.05578752195	-0.00765300562	0.01007559116
0.05577756624	-0.00772523169	0.01018185325
0.05576778719	-0.00779551232	0.01028559433
0.05575820125	-0.00786378364	0.01038662313
0.05574879628	-0.00793018367	0.01048517774
0.05573958991	-0.00799463676	0.01058105826
0.05573056622	-0.00805730033	0.01067455029
0.05572173496	-0.00811814960	0.01076553597
0.05571309933	-0.00817720386	0.01085403424
0.05570464992	-0.00823456600	0.01094021369
0.05569639102	-0.00829024293	0.01102403317
0.05568832201	-0.00834427301	0.01110553671
0.05568044381	-0.00839668251	0.01118474864
0.05567275314	-0.00844752377	0.01126174486
0.05566524705	-0.00849684474	0.01133658359
0.05565792532	-0.00854467370	0.01140928558
0.05565078602	-0.00859104855	0.01147989636
0.05564382707	-0.00863600653	0.01154846178
0.05563704615	-0.00867958496	0.01161502739
0.05563044083	-0.00872182050	0.01167963885
0.05562401153	-0.00876273026	0.01174230865
0.05561775275	-0.00880236781	0.01180312258
0.05561166051	-0.00884077573	0.01186213580
0.05560573293	-0.00887798204	0.01191937561
0.05559996694	-0.00891402132	0.01197488618
0.05559436345	-0.00894890230	0.01202866782
0.05558891976	-0.00898265553	0.01208077116
0.05558362312	-0.00901537245	0.01213135023
0.05557847532	-0.00904705371	0.01218037253
0.05557345857	-0.00907781929	0.01222803199
0.05556879571	-0.00910631886	0.01227162163
0.05556338099	-0.00913929940	0.01231183343
0.05555727026	-0.00917637298	0.01234819595
0.05555052745	-0.00921710367	0.01238028287
0.05554322411	-0.00926101266	0.01240771799
0.05553543896	-0.00930758399	0.01243017967
0.05552725727	-0.00935627062	0.01244740456
0.05551877017	-0.00940650088	0.01245919071
0.05551007376	-0.00945768528	0.01246539996
0.05550126819	-0.00950922335	0.01246595949
0.05549245654	-0.00956051080	0.01246086274
0.05548374363	-0.00961094654	0.01245016948
0.05547523469	-0.00965993974	0.01243400507
0.05546703405	-0.00970691677	0.01241255902
0.05545924364	-0.00975132783	0.01238608278
0.05604144326	0.00978921538	-0.00723183535
0.05603818591	0.00980784483	-0.00710943317
0.05603818727	0.00980783705	-0.00705554801
0.05603882443	0.00980419588	-0.00701249637
0.05603976294	0.00979882999	-0.00697501295
0.05604096946	0.00979192738	-0.00694088798
0.05604238233	0.00978383781	-0.00690908585
0.05604392090	0.00977502074	-0.00687906459
0.05604567081	0.00976498251	-0.00685022824
0.05604754284	0.00975423199	-0.00682244027
0.05604952600	0.00974282993	-0.00679549237
0.05605168694	0.00973039009	-0.00676909841
0.05605397624	0.00971719338	-0.00674322752
0.05605635886	0.00970343914	-0.00671783735
0.05605888835	0.00968881506	-0.00669274288
0.05606156263	0.00967332905	-0.00666788501
0.05606436511	0.00965707333	-0.00664323944
0.05606729728	0.00964003507	-0.00661875486
0.05607036106	0.00962219885	-0.00659438514
0.05607355874	0.00960354676	-0.00657008909
0.05607688982	0.00958407678	-0.00654583477
0.05608036385	0.00956372787	-0.00652157410
0.05608398643	0.00954246122	-0.00649727081
0.05608774480	0.00952034576	-0.00647292585
0.05609165409	0.00949728602	-0.00644848478
0.05609571704	0.00947325864	-0.00642392156
0.05609993612	0.00944824147	-0.00639921037
0.05610431509	0.00942220403	-0.00637432484
0.05610885769	0.00939511516	-0.00634923760
0.05611355903	0.00936699488	-0.00632393975
0.05611839042	0.00933800603	-0.00629846928
0.05612343943	0.00930761228	-0.00627261415
0.05612866304	0.00927605981	-0.00624645745
0.05613400059	0.00924370474	-0.00622010830
0.05613959072	0.00920969347	-0.00619322834
0.05614530565	0.00917478904	-0.00616609593
0.05615124903	0.00913834409	-0.00613844081
0.05615733449	0.00910087265	-0.00611044698
0.05616366257	0.00906173859	-0.00608184554
0.05617012287	0.00902160721	-0.00605288292
0.05617681920	0.00897981538	-0.00602326761
0.05618371483	0.00893657023	-0.00599307210
0.05619079314	0.00889195513	-0.00596230761
0.05619806380	0.00884588745	-0.00593091316
0.05620555738	0.00879814863	-0.00589877567
0.05621325386	0.00874883935	-0.00586591912
0.05622115590	0.00869791525	-0.00583230022
0.05622926589	0.00864533156	-0.00579787488
0.05623758596	0.00859104333	-0.00576259812
0.05624611803	0.00853500475	-0.00572642558
0.05625486370	0.00847716994	-0.00568931197
0.05626379889	0.00841766205	-0.00565128363
0.05627296306	0.00835617908	-0.00561217112
0.05628234856	0.00829272816	-0.00557195911
0.05629192679	0.00822745879	-0.00553068985
0.05630171500	0.00816020763	-0.00548825377
0.05631172693	0.00809082877	-0.00544455321
0.05632192005	0.00801956494	-0.00539968314
0.05633233642	0.00794606651	-0.00535343429
0.05634295305	0.00787043464	-0.00530583708
0.05635374423	0.00779279227	-0.00525692256
0.05636475267	0.00771276579	-0.00520646225
0.05637594643	0.00763051532	-0.00515452193
0.05638732165	0.00754599611	-0.00510104608
0.05639887386	0.00745916400	-0.00504598006
0.05641059792	0.00736997573	-0.00498926980
0.05642248798	0.00727838927	-0.00493086137
0.05643453746	0.00718436370	-0.00487070151
0.05644673907	0.00708785923	-0.00480873800
0.05645908473	0.00698883761	-0.00474491917
0.05647156558	0.00688726219	-0.00467919412
0.05648416131	0.00678318667	-0.00461156066
0.05649686532	0.00667654916	-0.00454194382
0.05650968540	0.00656715740	-0.00447019140
0.05652256851	0.00645533489	-0.00439647831
0.05653554967	0.00634064059	-0.00432047273
0.05654856537	0.00622349216	-0.00424242251
0.05656164623	0.00610346425	-0.00416199149
0.05657474303	0.00598084866	-0.00407934881
0.05658785007	0.00585553797	-0.00399436670
0.05660095728	0.00572745451	-0.00390694771
0.05661403787	0.00559667904	-0.00381710795
0.05662707306	0.00546321301	-0.00372479651
0.05664004230	0.00532707311	-0.00362997155
0.05665292636	0.00518825929	-0.00353257588
0.05666570661	0.00504676073	-0.00343254565
0.05667835884	0.00490262573	-0.00332986407
0.05669085822	0.00475591151	-0.00322451241
0.05670318493	0.00460661689	-0.00311642289
0.05671531594	0.00445477701	-0.00300556177
0.05672722712	0.00430044216	-0.00289190459
0.05673889465	0.00414366185	-0.00277542437
0.05675029447	0.00398449211	-0.00265610054
0.05676139527	0.00382310174	-0.00253399891
0.05677218673	0.00365935978	-0.00240892140
0.05678263878	0.00349342715	-0.00228095404
0.05679272170	0.00332548671	-0.00215017968
0.05680242233	0.00315545840	-0.00201643590
0.05681171466	0.00298348411	-0.00187979164
0.05682057093	0.00280977205	-0.00174035905
0.05682898073	0.00263420741	-0.00159794047
0.05683691342	0.00245710659	-0.00145278223
0.05684435704	0.00227841451	-0.00130473537
0.05685128908	0.00209833986	-0.00115394239
0.05685769375	0.00191696673	-0.00100040750
0.05686355591	0.00173439015	-0.00084415356
0.05686885888	0.00155080291	-0.00068531197
0.05687359272	0.00136621763	-0.00052381686
0.05687774209	0.00118091267	-0.00035991012
0.05688130100	0.00099483495	-0.00019344850
0.05688425722	0.00080831927	-0.00002475983
0.05688660726	0.00062130041	0.00014631533
0.05688834408	0.00043406013	0.00031949200
0.05688946529	0.00024665651	0.00049477393
0.05688996918	0.00005921397	0.00067205608
0.05688985593	-0.00012803169	0.00085110787
0.05688912742	-0.00031508933	0.00103200220
0.05688778730	-0.00050175350	0.00121449947
0.05688584154	-0.00068784646	0.00139842800
0.05688329608	-0.00087334269	0.00158380075
0.05688015995	-0.00105806643	0.00177039854
0.05687644329	-0.00124189318	0.00195808664
0.05687215833	-0.00142467782	0.00214669798
0.05686731707	-0.00160634668	0.00233615656
0.05686193399	-0.00178677456	0.00252629189
0.05685602471	-0.00196584684	0.00271694966
0.05684960589	-0.00214345740	0.00290798522
0.05684269513	-0.00231950649	0.00309925168
0.05683531095	-0.00249389832	0.00329060256
0.05682747270	-0.00266654199	0.00348189166
0.05681920213	-0.00283731731	0.00367293275
0.05681051777	-0.00300618881	0.00386365710
0.05680144124	-0.00317307001	0.00405389356
0.05679199499	-0.00333787426	0.00424347898
0.05678220291	-0.00350050466	0.00443223887
0.05677208242	-0.00366097768	0.00462016820
0.05676166250	-0.00381913212	0.00480695445
0.05675095844	-0.00397502407	0.00499266450
0.05674000052	-0.00412849144	0.00517696916
0.05672880425	-0.00427958740	0.00535993200
0.05671739450	-0.00442823460	0.00554134616
0.05670579503	-0.00457437535	0.00572107119
0.05669402535	-0.00471800695	0.00589905899
0.05668210639	-0.00485910639	0.00607520393
0.05667005954	-0.00499764459	0.00624939215
0.05665790497	-0.00513360545	0.00642153622
0.05664566222	-0.00526697750	0.00659155373
0.05663335019	-0.00539775383	0.00675936734
0.05662098912	-0.00552591085	0.00692487485
0.05660859536	-0.00565146272	0.00708804432
0.05659618438	-0.00577442753	0.00724883240
0.05658377500	-0.00589478641	0.00740713253
0.05657138414	-0.00601253657	0.00756288468
0.05655902156	-0.00612773860	0.00771613281
0.05654670909	-0.00624033584	0.00786669824
0.05653445305	-0.00635041091	0.00801468508
0.05652226923	-0.00645795484	0.00815998840
0.05651017324	-0.00656295822	0.00830254170
0.05649817002	-0.00666549956	0.00844243537
0.05648627329	-0.00676557686	0.00857958430
0.05647449299	-0.00686321659	0.00871398059
0.05646283832	-0.00695844730	0.00884562031
0.05645131776	-0.00705129936	0.00897450343
0.05643993902	-0.00714180532	0.00910063330
0.05642870908	-0.00722999943	0.00922401671
0.05641763422	-0.00731591753	0.00934466372
0.05640672009	-0.00739959651	0.00946258771
0.05639597164	-0.00748107499	0.00957780469
0.05638539835	-0.00756035399	0.00969027283
0.05637499804	-0.00763751894	0.00980011377
0.05636477402	-0.00771260979	0.00990733315
0.05635473949	-0.00778559165	0.01001182616
0.05634488219	-0.00785661194	0.01011383890
0.05633521855	-0.00792560728	0.01021318741
0.05632573662	-0.00799271509	0.01031010177
0.05631645395	-0.00805786045	0.01040438989
0.05630735482	-0.00812120021	0.01049632779
0.05629844900	-0.00818270981	0.01058580230
0.05628973969	-0.00824240895	0.01067283256
0.05628121761	-0.00830040025	0.01075758178
0.05627288707	-0.00835669080	0.01084001091
0.05626474749	-0.00841131915	0.01092016318
0.05625679981	-0.00846431185	0.01099806287
0.05624904079	-0.00851572138	0.01107378399
0.05624146752	-0.00856559579	0.01114738342
0.05623407980	-0.00861396358	0.01121888193
0.05622687573	-0.00866086286	0.01128832425
0.05621985324	-0.00870633109	0.01135575540
0.05621301004	-0.00875040583	0.01142122013
0.05620634369	-0.00879312395	0.01148476328
0.05619985460	-0.00883450295	0.01154639777
0.05619353731	-0.00887459659	0.01160620718
0.05618738784	-0.00891344759	0.01166424544
0.05618140432	-0.00895108425	0.01172053968
0.05617558367	-0.00898754134	0.01177513326
0.05616992678	-0.00902282805	0.01182802737
0.05616443090	-0.00905697529	0.01187927174
0.05615908340	-0.00909007436	0.01192901550
0.05615388600	-0.00912212621	0.01197722804
0.05614882107	-0.00915325035	0.01202409678
0.05614415763	-0.00918181157	0.01206652358
0.05613876431	-0.00921472960	0.01210557278
0.05613269704	-0.00925161731	0.01214078655
0.05612601958	-0.00929204100	0.01217175205
0.05611880312	-0.00933552553	0.01219810622
0.05611112574	-0.00938155999	0.01221954010
0.05610307188	-0.00942960369	0.01223580239
0.05609473151	-0.00947909260	0.01224670243
0.05608619937	-0.00952944594	0.01225211243
0.05607757395	-0.00958007307	0.01225196895
0.05606895642	-0.00963038039	0.01224627369
0.05606044944	-0.00967977834	0.01223509342
0.05605215590	-0.00972768827	0.01221855920
0.05604417753	-0.00977354923	0.01219686490
0.05603661354	-0.00981682449	0.01217026485
0.05662236062	0.00977547326	-0.00709851942
0.05661929378	0.00979322073	-0.00697813909
0.05661935207	0.00979288372	-0.00692515202
0.05662002176	0.00978901097	-0.00688282299
0.05662098220	0.00978345414	-0.00684596947
0.05662220161	0.00977639428	-0.00681242059
0.05662362094	0.00976817035	-0.00678115708
0.05662516283	0.00975922819	-0.00675164356
0.05662690967	0.00974908721	-0.00672329827
0.05662877583	0.00973824154	-0.00669598351
0.05663075085	0.00972674960	-0.00666949420
0.05663289883	0.00971423541	-0.00664355204
0.05663517239	0.00970097149	-0.00661812459
0.05663753794	0.00968715109	-0.00659316873
0.05664004700	0.00967247003	-0.00656850490
0.05664269765	0.00965693546	-0.00654407489
0.05664547403	0.00964063647	-0.00651985401
0.05664837767	0.00962356001	-0.00649579183
0.05665141048	0.00960569051	-0.00647184300
0.05665457475	0.00958700995	-0.00644796706
0.05665787008	0.00956751576	-0.00642413247
0.05666130572	0.00954714796	-0.00640029232
0.05666488715	0.00952586819	-0.00637641110
0.05666860218	0.00950374280	-0.00635248902
0.05667246544	0.00948067829	-0.00632847316
0.05667647967	0.00945665124	-0.00630433792
0.05668064729	0.00943163943	-0.00628005792
0.05668497203	0.00940561249	-0.00625560728
0.05668945757	0.00937853938	-0.00623095913
0.05669409929	0.00935043879	-0.00620610435
0.05669886973	0.00932146830	-0.00618107867
0.05670385311	0.00929110555	-0.00615567800
0.05670900818	0.00925958914	-0.00612998166
0.05671427677	0.00922726454	-0.00610409354
0.05671979215	0.00919330076	-0.00607768829
0.05672543164	0.00915843903	-0.00605103248
0.05673129494	0.00912204884	-0.00602386599
0.05673729913	0.00908462921	-0.00599636474
0.05674354091	0.00904556051	-0.00596826992
0.05674991427	0.00900548890	-0.00593981733
0.05675651907	0.00896376837	-0.00591072628
0.05676332007	0.00892059944	-0.00588106576
0.05677030139	0.00887606221	-0.00585084568
0.05677747239	0.00883007524	-0.00582000656
0.05678486253	0.00878242490	-0.00578843901
0.05679245264	0.00873320809	-0.00575616529
0.05680024532	0.00868238055	-0.00572314288
0.05680824294	0.00862989768	-0.00568932856
0.05681644761	0.00857571460	-0.00565467818
0.05682486122	0.00851978567	-0.00561914823
0.05683348533	0.00846206509	-0.00558269426
0.05684229684	0.00840267159	-0.00554534049
0.05685133372	0.00834131012	-0.00550692317
0.05686058864	0.00827798646	-0.00546742672
0.05687003409	0.00821284497	-0.00542689065
0.05687968668	0.00814572548	-0.00538520862
0.05688955961	0.00807648482	-0.00534228583
0.05689961196	0.00800535811	-0.00529821248
0.05690988417	0.00793200379	-0.00525278641
0.05692035406	0.00785651921	-0.00520603592
0.05693099686	0.00777902287	-0.00515798964
0.05694185360	0.00769914986	-0.00510842701
0.05695289347	0.00761705492	-0.00505741029
0.05696411266	0.00753269337	-0.00500488502
0.05697550676	0.00744602107	-0.00495079763
0.05698707071	0.00735699476	-0.00489509507
0.05699879874	0.00726557240	-0.00483772444
0.05701068436	0.00717171310	-0.00477863351
0.05702272038	0.00707537702	-0.00471777108
0.05703489885	0.00697652588	-0.00465508648
0.05704721101	0.00687512299	-0.00459052977
0.05705963708	0.00677121973	-0.00452409777
0.05707217048	0.00666475484	-0.00445571729
0.05708481843	0.00655554005	-0.00438524112
0.05709752957	0.00644388987	-0.00431283634
0.05711033733	0.00632937355	-0.00423818288
0.05712318020	0.00621239755	-0.00416151809
0.05713608735	0.00609254641	-0.00408251768
0.05714901099	0.00597010406	-0.00400134340
0.05716194523	0.00584496515	-0.00391787126
0.05717487998	0.00571705338	-0.00383200663
0.05718778898	0.00558644709	-0.00374376413
0.05720065371	0.00545314729	-0.00365309382
0.05721345387	0.00531716995	-0.00355995449
0.05722617046	0.00517851475	-0.00346429017
0.05723878501	0.00503717094	-0.00336603860
0.05725127365	0.00489318559	-0.00326518286
0.05726361192	0.00474661453	-0.00316170404
0.05727578015	0.00459745666	-0.00305553614
0.05728775557	0.00444574644	-0.00294664601
0.05729951433	0.00429153321	-0.00283500948
0.05731103285	0.00413486566	-0.00272059998
0.05732228731	0.00397579895	-0.00260339719
0.05733324691	0.00381449854	-0.00248346380
0.05734390107	0.00365083693	-0.00236060871
0.05735422015	0.00348497219	-0.00223491462
0.05736417484	0.00331708387	-0.00210646088
0.05737375181	0.00314709450	-0.00197509087
0.05738292533	0.00297514384	-0.00184087110
0.05739166797	0.00280143665	-0.00170390938
0.05739996908	0.00262586166	-0.00156401555
0.05740779844	0.00244872984	-0.00142142710
0.05741514393	0.00226998852	-0.00127600081
0.05742198320	0.00208984347	-0.00112787447
0.05742830044	0.00190837852	-0.00097705264
0.05743408047	0.00172568832	-0.00082355803
0.05743930665	0.00154196343	-0.00066751801
0.05744396887	0.00135721791	-0.00050887006
0.05744805181	0.00117172647	-0.00034784826
0.05745154924	0.00098543887	-0.00018431569
0.05745444893	0.00079868546	-0.00001858961
0.05745674708	0.00061140418	0.00014948234
0.05745843655	0.00042387363	0.00031962388
0.05745951472	0.00023615286	0.00049183710
0.05745997964	0.00004836622	0.00066601887
0.05745983126	-0.00013925255	0.00084194524
0.05745907118	-0.00032670997	0.00101968458
0.05745770277	-0.00051380182	0.00119900359
0.05745573173	-0.00070035116	0.00137973485
0.05745316369	-0.00088633065	0.00156188865
0.05745000738	-0.00107156500	0.00174525115
0.05744627265	-0.00125592943	0.00192969013
0.05744197138	-0.00143927883	0.00211504209
0.05743711529	-0.00162153838	0.00230123129
0.05743171856	-0.00180258239	0.00248809063
0.05742579650	-0.00198229567	0.00267546870
0.05741936547	-0.00216057136	0.00286322338
0.05741244279	-0.00233730883	0.00305121029
0.05740504672	-0.00251241139	0.00323928545
0.05739719634	-0.00268578715	0.00342730512
0.05738891311	-0.00285731544	0.00361508710
0.05738021540	-0.00302695904	0.00380256240
0.05737112459	-0.00319463042	0.00398956308
0.05736166293	-0.00336024192	0.00417592912
0.05735185409	-0.00352369591	0.00436148967
0.05734171541	-0.00368500661	0.00454623727
0.05733127563	-0.00384401282	0.00472986782
0.05732055002	-0.00400076807	0.00491244347
0.05730956864	-0.00415511033	0.00509364407
0.05729834702	-0.00430709047	0.00527352880
0.05728690992	-0.00445663012	0.00545189554
0.05727528102	-0.00460367070	0.00562860670
0.05726347982	-0.00474820800	0.00580361385
0.05725152724	-0.00489021769	0.00597681296
0.05723944465	-0.00502966955	0.00614809218
0.05722725225	-0.00516654627	0.00631736534
0.05721496960	-0.00530083523	0.00648455117
0.05720261564	-0.00543252832	0.00664957337
0.05719021064	-0.00556160109	0.00681233184
0.05717777102	-0.00568806654	0.00697279435
0.05716531235	-0.00581194149	0.00713091766
0.05715285350	-0.00593320630	0.00728659763
0.05714041146	-0.00605185742	0.00743977533
0.05712799614	-0.00616795408	0.00759049210
0.05711562938	-0.00628143937	0.00773857454
0.05710331768	-0.00639239465	0.00788412241
0.05709107694	-0.00650081027	0.00802703354
0.05707892278	-0.00660667651	0.00816724325
0.05706686035	-0.00671007081	0.00830483826
0.05705490344	-0.00681099066	0.00843973586
0.05704306211	-0.00690946201	0.00857192809
0.05703134567	-0.00700551292	0.00870141090
0.05701976270	-0.00709917334	0.00882818409
0.05700832101	-0.00719047537	0.00895225079
0.05699702769	-0.00727945290	0.00907361750
0.05698588914	-0.00736614137	0.00919229393
0.05697491112	-0.00745057738	0.00930829309
0.05696409866	-0.00753279923	0.00942163055
0.05695346129	-0.00761280807	0.00953226627
0.05694299698	-0.00769068886	0.00964031796
0.05693270914	-0.00776648121	0.00974579123
0.05692261094	-0.00784015076	0.00984858544
0.05691269035	-0.00791184412	0.00994893856
0.05690296374	-0.00798149847	0.01004667345
0.05689341935	-0.00804925058	0.01014201268
0.05688407464	-0.00811502632	0.01023477150
0.05687491412	-0.00817898183	0.01032521687
0.05686594753	-0.00824109287	0.01041324006
0.05685717807	-0.00830137950	0.01049886037
0.05684859661	-0.00835994401	0.01058223595
0.05684020746	-0.00841679369	0.01066332970
0.05683201009	-0.00847196725	0.01074218409
0.05682400544	-0.00852549152	0.01081882336
0.05681619031	-0.00857741908	0.01089331970
0.05680856186	-0.00862779805	0.01096572872
0.05680111989	-0.00867665713	0.01103607121
0.05679386252	-0.00872403462	0.01110439113
0.05678678771	-0.00876996819	0.01117073271
0.05677989316	-0.00881449558	0.01123513992
0.05677317648	-0.00885765387	0.01129765683
0.05676663804	-0.00889946095	0.01135829675
0.05676027241	-0.00893997068	0.01141714114
0.05675407564	-0.00897922594	0.01147424280
0.05674804585	-0.00901725525	0.01152962865
0.05674217998	-0.00905409358	0.01158334130
0.05673647887	-0.00908975056	0.01163538277
0.05673093976	-0.00912425742	0.01168580186
0.05672555010	-0.00915770526	0.01173474315
0.05672031160	-0.00919009533	0.01178217777
0.05671520676	-0.00922154661	0.01182828701
0.05671054987	-0.00925014238	0.01186960710
0.05670518440	-0.00928297701	0.01190755249
0.05669916627	-0.00931966441	0.01194167830
0.05669255899	-0.00935977326	0.01197158446
0.05668543328	-0.00940283220	0.01199692032
0.05667786657	-0.00944833536	0.01201738886
0.05666994232	-0.00949574836	0.01203275009
0.05666174936	-0.00954451461	0.01204282392
0.05665338098	-0.00959406187	0.01204749225
0.05664493400	-0.00964380898	0.01204670035
0.05663650769	-0.00969317271	0.01204045749
0.05662820256	-0.00974157457	0.01202883687
0.05662011916	-0.00978844760	0.01201197473
0.05661235671	-0.00983324299	0.01199006876
0.05660501174	-0.00987543648	0.01196337579
0.05721353347	0.00975977394	-0.00696662997
0.05721065046	0.00977665964	-0.00684825895
0.05721076279	0.00977600228	-0.00679616421
0.05721146279	0.00977190490	-0.00675455302
0.05721244317	0.00976616332	-0.00671832526
0.05721367371	0.00975895179	-0.00668534858
0.05721509788	0.00975059869	-0.00665462002
0.05721664151	0.00974153653	-0.00662561087
0.05721838383	0.00973129754	-0.00659775325
0.05722024270	0.00972036136	-0.00657090843
0.05722220818	0.00970878423	-0.00654487460
0.05722434188	0.00969620011	-0.00651938108
0.05722659839	0.00968287338	-0.00649439396
0.05722894554	0.00966899130	-0.00646986944
0.05723143287	0.00965425767	-0.00644563325
0.05723405865	0.00963867890	-0.00642162808
0.05723680768	0.00962234100	-0.00639782889
0.05723968154	0.00960523073	-0.00637418612
0.05724268214	0.00958733236	-0.00635065521
0.05724581174	0.00956862779	-0.00632719639
0.05724907007	0.00954911390	-0.00630377857
0.05725246607	0.00952873175	-0.00628035595
0.05725600510	0.00950744342	-0.00625689377
0.05725967553	0.00948531275	-0.00623339155
0.05726349151	0.00946224817	-0.00620979785
0.05726745573	0.00943822623	-0.00618608751
0.05727157063	0.00941322461	-0.00616223559
0.05727583985	0.00938721307	-0.00613821667
0.05728026704	0.00936016067	-0.00611400440
0.05728484784	0.00933208485	-0.00608958945
0.05728955597	0.00930313802	-0.00606500538
0.05729447239	0.00927281150	-0.00604005579
0.05729955759	0.00924133648	-0.00601481636
0.05730475577	0.00920904803	-0.00598938597
0.05731019504	0.00917513727	-0.00596345182
0.05731575765	0.00914032409	-0.00593726914
0.05732153945	0.00910399449	-0.00591058757
0.05732746087	0.00906663282	-0.00588357526
0.05733361489	0.00902763558	-0.00585598317
0.05733989975	0.00898763022	-0.00582803684
0.05734641146	0.00894598750	-0.00579946605
0.05735311627	0.00890290147	-0.00577033642
0.05735999896	0.00885844901	-0.00574065661
0.05736706864	0.00881254991	-0.00571036861
0.05737435365	0.00876499534	-0.00567936660
0.05738183565	0.00871587849	-0.00564767118
0.05738951720	0.00866515527	-0.00561524065
0.05739740064	0.00861278118	-0.00558203259
0.05740548804	0.00855871150	-0.00554800369
0.05741378127	0.00850290068	-0.00551311127
0.05742228188	0.00844530307	-0.00547731173
0.05743096769	0.00838603306	-0.00544062724
0.05743987522	0.00832480240	-0.00540289957
0.05744899745	0.00826161559	-0.00536411294
0.05745830795	0.00819661195	-0.00532430420
0.05746782268	0.00812963445	-0.00528337017
0.05747755434	0.00806054258	-0.00524121885
0.05748746356	0.00798956401	-0.00519793579
0.05749758919	0.00791636515	-0.00515332578
0.05750790988	0.00784103956	-0.00510741506
0.05751840175	0.00776370147	-0.00506022997
0.05752910419	0.00768399446	-0.00501155757
0.05753998750	0.00760206806	-0.00496145680
0.05755104792	0.00751787760	-0.00490987421
0.05756228111	0.00743137900	-0.00485675729
0.05757368207	0.00734252904	-0.00480205398
0.05758524512	0.00725128569	-0.00474571242
0.05759696387	0.00715760804	-0.00468768139
0.05760883123	0.00706145626	-0.00462791068
0.05762083934	0.00696279205	-0.00456635060
0.05763297960	0.00686157869	-0.00450295219
0.05764523273	0.00675786527	-0.00443771130
0.05765759217	0.00665159119	-0.00437055650
0.05767006459	0.00654257213	-0.00430134540
0.05768260029	0.00643111376	-0.00423023754
0.05769523113	0.00631679543	-0.00415692424
0.05770789758	0.00620001264	-0.00408163271
0.05772062739	0.00608035966	-0.00400405014
0.05773337417	0.00595811268	-0.00392433117
0.05774613187	0.00583316840	-0.00384235547
0.05775889039	0.00570545191	-0.00375803117
0.05777162399	0.00557503914	-0.00367137145
0.05778431439	0.00544193072	-0.00358232733
0.05779694160	0.00530614189	-0.00349085822
0.05780948681	0.00516767208	-0.00339690936
0.05782193174	0.00502651065	-0.00330042003
0.05783425289	0.00488270345	-0.00320137320
0.05784642613	0.00473630494	-0.00309974982
0.05785843196	0.00458731412	-0.00299548561
0.05787024789	0.00443576479	-0.00288854801
0.05788185034	0.00428170538	-0.00277891313
0.05789321600	0.00412518377	-0.00266655481
0.05790432132	0.00396625426	-0.00255145300
0.05791513596	0.00380507900	-0.00243366737
0.05792564916	0.00364153398	-0.00231301358
0.05793583168	0.00347577440	-0.00218957111
0.05794565463	0.00330797657	-0.00206341593
0.05795510456	0.00313806557	-0.00193439705
0.05796415601	0.00296617908	-0.00180257861
0.05797278190	0.00279251842	-0.00166806424
0.05798097134	0.00261697585	-0.00153067101
0.05798869457	0.00243985695	-0.00139062788
0.05799593930	0.00226111143	-0.00124779719
0.05800268338	0.00208094217	-0.00110231210
0.05800891100	0.00189943274	-0.00095417755
0.05801460694	0.00171667740	-0.00080341609
0.05801975462	0.00153286448	-0.00065015115
0.05802434377	0.00134800947	-0.00049432344
0.05802835914	0.00116238343	-0.00033615946
0.05803179424	0.00097593893	-0.00017552844
0.05803463686	0.00078900187	-0.00001273731
0.05803688294	0.00060151333	0.00015235942
0.05803852524	0.00041374873	0.00031949392
0.05803956089	0.00022576805	0.00048866673
0.05803998776	0.00003769557	0.00065977660
0.05803980555	-0.00015023710	0.00083260602
0.05803901561	-0.00033803414	0.00100721900
0.05803762105	-0.00052549260	0.00118338843
0.05803562728	-0.00071243643	0.00136095104
0.05803303967	-0.00089883642	0.00153991455
0.05802986663	-0.00108451787	0.00172007038
0.05802611771	-0.00126935574	0.00190128874
0.05802180448	-0.00145320501	0.00208340970
0.05801693837	-0.00163598970	0.00226635778
0.05801153324	-0.00181758375	0.00244996926
0.05800560412	-0.00199787141	0.00263409554
0.05799916707	-0.00217674513	0.00281859702
0.05799223911	-0.00235410351	0.00300333182
0.05798483823	-0.00252984900	0.00318815844
0.05797698324	-0.00270388877	0.00337293560
0.05796869534	-0.00287610171	0.00355748502
0.05795999266	-0.00304644896	0.00374173751
0.05795089638	-0.00321484193	0.00392552835
0.05794142853	-0.00338119209	0.00410870055
0.05793161254	-0.00354540110	0.00429108688
0.05792146566	-0.00370748098	0.00447267759
0.05791101638	-0.00386727061	0.00465317675
0.05790027993	-0.00402482102	0.00483264199
0.05788928613	-0.00417997030	0.00501076201
0.05787805050	-0.00433276701	0.00518759174
0.05786659769	-0.00448313190	0.00536293374
0.05785495128	-0.00463100552	0.00553665321
0.05784313073	-0.00477638220	0.00570870146
0.05783115695	-0.00491923634	0.00587897604
0.05781905127	-0.00505953661	0.00604736712
0.05780683386	-0.00519726456	0.00621378976
0.05779452432	-0.00533240643	0.00637816383
0.05778214161	-0.00546495299	0.00654041411
0.05776970598	-0.00559487895	0.00670044252
0.05775723393	-0.00572219617	0.00685821663
0.05774474109	-0.00584692025	0.00701369329
0.05773224638	-0.00596903078	0.00716677078
0.05771976681	-0.00608852354	0.00731739121
0.05770731246	-0.00620545636	0.00746559344
0.05769490515	-0.00631977217	0.00761120920
0.05768255154	-0.00643155100	0.00775433405
0.05767026758	-0.00654078262	0.00789486848
0.05765806895	-0.00664745699	0.00803274964
0.05764596097	-0.00675165048	0.00816806069
0.05763395749	-0.00685336009	0.00830072124
0.05762206866	-0.00695261127	0.00843072328
0.05761030389	-0.00704943162	0.00855806267
0.05759867185	-0.00714385062	0.00868273904
0.05758718045	-0.00723589997	0.00880475529
0.05757583688	-0.00732561315	0.00892411767
0.05756464763	-0.00741302527	0.00904083554
0.05755361855	-0.00749817259	0.00915492154
0.05754275478	-0.00758109311	0.00926639083
0.05753206587	-0.00766178812	0.00937520508
0.05752154992	-0.00774034206	0.00948147820
0.05751121046	-0.00781679421	0.00958521574
0.05750106060	-0.00789111080	0.00968632114
0.05749108856	-0.00796343749	0.00978502442
0.05748131061	-0.00803371214	0.00988115509
0.05747171521	-0.00810207076	0.00997492841
0.05746231971	-0.00816844010	0.01006616671
0.05745310883	-0.00823297548	0.01015512821
0.05744409231	-0.00829565302	0.01024170843
0.05743527333	-0.00835649314	0.01032592683
0.05742664290	-0.00841559774	0.01040793662
0.05741820536	-0.00847297432	0.01048770258
0.05740996019	-0.00852866173	0.01056526645
0.05740190835	-0.00858268709	0.01064065239
0.05739404669	-0.00863510304	0.01071393082
0.05738637241	-0.00868595775	0.01078515611
0.05737888533	-0.00873528011	0.01085434906
0.05737158359	-0.00878310860	0.01092155284
0.05736446517	-0.00882948107	0.01098681091
0.05735752780	-0.00887443545	0.01105016647
0.05735076909	-0.00891800899	0.01111166281
0.05734418940	-0.00896021996	0.01117131363
0.05733778333	-0.00900112233	0.01122919830
0.05733154695	-0.00904075907	0.01128536850
0.05732547840	-0.00907915892	0.01133985095
0.05731957461	-0.00911635706	0.01139268751
0.05731383639	-0.00915236355	0.01144388096
0.05730826096	-0.00918720991	0.01149347924
0.05730283588	-0.00922098696	0.01154162245
0.05729756282	-0.00925369630	0.01158828341
0.05729242447	-0.00928545628	0.01163363746
0.05728778082	-0.00931406295	0.01167386709
0.05728244993	-0.00934679247	0.01171072748
0.05727648760	-0.00938326001	0.01174378648
0.05726995701	-0.00942303691	0.01177265650
0.05726292833	-0.00946565574	0.01179699906
0.05725547821	-0.00951061588	0.01181652878
0.05724768911	-0.00955738936	0.01183101669
0.05723964858	-0.00960542716	0.01184029292
0.05723144840	-0.00965416561	0.01184424872
0.05722318366	-0.00970303310	0.01184283771
0.05721495165	-0.00975145672	0.01183607644
0.05720685069	-0.00979886903	0.01182404418
0.05719897895	-0.00984471468	0.01180688199
0.05719143310	-0.00988845688	0.01178479108
0.05718430700	-0.00992958370	0.01175803046
0.05779455363	0.00974277529	-0.00684060234
0.05779184191	0.00975884769	-0.00672415968
0.05779200374	0.00975788932	-0.00667292118
0.05779273092	0.00975358154	-0.00663199862
0.05779372873	0.00974766737	-0.00659637119
0.05779496839	0.00974031463	-0.00656394341
0.05779639571	0.00973184168	-0.00653372796
0.05779793957	0.00972266845	-0.00650520264
0.05779967618	0.00971233926	-0.00647781272
0.05780152670	0.00970132010	-0.00645141864
0.05780348165	0.00968966508	-0.00642582171
0.05780560033	0.00967701764	-0.00640075842
0.05780783918	0.00966363440	-0.00637619359
0.05781016734	0.00964969701	-0.00635208276
0.05781263251	0.00963491680	-0.00632825671
0.05781523310	0.00961929946	-0.00630465893
0.05781795458	0.00960292812	-0.00628126413
0.05782079853	0.00958578936	-0.00625802355
0.05782376687	0.00956786731	-0.00623489339
0.05782686187	0.00954914377	-0.00621183458
0.05783008331	0.00952961512	-0.00618881640
0.05783343989	0.00950922343	-0.00616579415
0.05783693683	0.00948793117	-0.00614273378
0.05784056305	0.00946579982	-0.00611963416
0.05784433220	0.00944273964	-0.00609644525
0.05784824698	0.00941872717	-0.00607314233
0.05785230980	0.00939373998	-0.00604970083
0.05785652425	0.00936774796	-0.00602609582
0.05786089391	0.00934072031	-0.00600230145
0.05786541469	0.00931267323	-0.00597830818
0.05787006140	0.00928375429	-0.00595414756
0.05787491196	0.00925346774	-0.00592963039
0.05787992847	0.00922203777	-0.00590482896
0.05788505737	0.00918978961	-0.00587983747
0.05789042191	0.00915593532	-0.00585435486
0.05789590896	0.00912117460	-0.00582862578
0.05790161075	0.00908490906	-0.00580240900
0.05790745088	0.00904760921	-0.00577586545
0.05791351882	0.00900868680	-0.00574875517
0.05791971681	0.00896875159	-0.00572129419
0.05792613724	0.00892719021	-0.00569322204
0.05793274771	0.00888419058	-0.00566460122
0.05793953371	0.00883982658	-0.00563543924
0.05794650401	0.00879401914	-0.00560567947
0.05795368598	0.00874656399	-0.00557521946
0.05796106201	0.00869755084	-0.00554407826
0.05796863465	0.00864693572	-0.00551221494
0.05797640618	0.00859467429	-0.00547958785
0.05798437866	0.00854072193	-0.00544615451
0.05799255392	0.00848503325	-0.00541187299
0.05800093350	0.00842756272	-0.00537670053
0.05800949609	0.00836842060	-0.00534065740
0.05801827685	0.00830732514	-0.00530359052
0.05802726905	0.00824427962	-0.00526548394
0.05803644727	0.00817941858	-0.00522637209
0.05804582686	0.00811258800	-0.00518615471
0.05805542004	0.00804364988	-0.00514474244
0.05806518891	0.00797282488	-0.00510221655
0.05807517083	0.00789978691	-0.00505838828
0.05808534521	0.00782462602	-0.00501328200
0.05809568901	0.00774745235	-0.00496692190
0.05810624012	0.00766791756	-0.00491910223
0.05811696983	0.00758616623	-0.00486987877
0.05812787446	0.00750215377	-0.00481919911
0.05813894972	0.00741583613	-0.00476701168
0.05815019070	0.00732717012	-0.00471326542
0.05816159177	0.00723611375	-0.00465790943
0.05817314666	0.00714262612	-0.00460089345
0.05818484836	0.00704666741	-0.00454216821
0.05819668914	0.00694819931	-0.00448168497
0.05820866049	0.00684718507	-0.00441939569
0.05822074366	0.00674367165	-0.00435529532
0.05823293208	0.00663759909	-0.00428931412
0.05824523193	0.00652878680	-0.00422131421
0.05825759506	0.00641753207	-0.00415144810
0.05827005189	0.00630342390	-0.00407941776
0.05828254473	0.00618684734	-0.00400544095
0.05829510001	0.00606740593	-0.00392921560
0.05830767267	0.00594536855	-0.00385088972
0.05832025653	0.00582063383	-0.00377034643
0.05833284145	0.00569312819	-0.00368749643
0.05834540224	0.00556292531	-0.00360235161
0.05835792083	0.00543002542	-0.00351486387
0.05837037752	0.00529444312	-0.00342499321
0.05838275372	0.00515617762	-0.00333268605
0.05839503134	0.00501521836	-0.00323788310
0.05840718719	0.00487161005	-0.00314056724
0.05841919752	0.00472540588	-0.00304071932
0.05843104301	0.00457660494	-0.00293827666
0.05844270140	0.00442524040	-0.00283320727
0.05845414943	0.00427135984	-0.00272548753
0.05846536402	0.00411501038	-0.00261509169
0.05847632189	0.00395624550	-0.00250199995
0.05848699320	0.00379522421	-0.00238626916
0.05849736696	0.00363182582	-0.00226772132
0.05850741438	0.00346620283	-0.00214643291
0.05851710699	0.00329852842	-0.00202247671
0.05852643119	0.00312873014	-0.00189570704
0.05853536183	0.00295694368	-0.00176618580
0.05854387216	0.00278336706	-0.00163401271
0.05855195111	0.00260789594	-0.00149901161
0.05855956935	0.00243083069	-0.00136140348
0.05856671444	0.00225212336	-0.00122105583
0.05857336446	0.00207197403	-0.00107809752
0.05857950357	0.00189046600	-0.00093253380
0.05858511657	0.00170769318	-0.00078438708
0.05859018695	0.00152384172	-0.00063377709
0.05859470429	0.00133892851	-0.00048064754
0.05859865341	0.00115322104	-0.00032521783
0.05860202761	0.00096667463	-0.00016736288
0.05860481471	0.00077961083	-0.00000737998
0.05860701039	0.00059197376	0.00015486996
0.05860860735	0.00040403570	0.00031912709
0.05860960250	0.00021585758	0.00048539047
0.05860999352	0.00002756354	0.00065356067
0.05860977992	-0.00016061690	0.00082342626
0.05860896278	-0.00034868568	0.00099504719
0.05860754500	-0.00053644111	0.00116820217
0.05860553171	-0.00072370802	0.00134273185
0.05860292801	-0.00091045547	0.00151864162
0.05859974204	-0.00109650934	0.00169572784
0.05859598306	-0.00128174441	0.00187386306
0.05859166236	-0.00146601577	0.00205289072
0.05858679106	-0.00164924639	0.00223273563
0.05858138274	-0.00183130987	0.00241323729
0.05857545214	-0.00201209000	0.00259424979
0.05856901503	-0.00219147862	0.00277563594
0.05856208815	-0.00236937362	0.00295725624
0.05855468923	-0.00254567667	0.00313897158
0.05854683681	-0.00272029411	0.00332064300
0.05853855180	-0.00289310447	0.00350209598
0.05852985214	-0.00306406730	0.00368326120
0.05852075879	-0.00323309314	0.00386397696
0.05851129353	-0.00340009259	0.00404408923
0.05850147957	-0.00356496674	0.00422343416
0.05849133408	-0.00372772547	0.00440199991
0.05848088525	-0.00388820790	0.00457949830
0.05847014829	-0.00404646257	0.00475598274
0.05845915275	-0.00420232785	0.00493115027
0.05844791416	-0.00435585007	0.00510505188
0.05843645702	-0.00450694918	0.00527749456
0.05842480479	-0.00465556495	0.00544834618
0.05841297690	-0.00480169034	0.00561755784
0.05840099419	-0.00494529856	0.00578502861
0.05838887796	-0.00508635727	0.00595065060
0.05837664837	-0.00522484695	0.00611434004
0.05836432497	-0.00536075278	0.00627601794
0.05835192675	-0.00549406448	0.00643561006
0.05833947394	-0.00562475600	0.00659302031
0.05832698307	-0.00575283812	0.00674821606
0.05831446983	-0.00587832526	0.00690115430
0.05830195316	-0.00600119638	0.00705173557
0.05828945009	-0.00612144656	0.00719990301
0.05827697082	-0.00623913231	0.00734569314
0.05826453713	-0.00635419647	0.00748894255
0.05825215585	-0.00646671778	0.00762974285
0.05823984297	-0.00657668544	0.00776799709
0.05822761417	-0.00668408920	0.00790364409
0.05821547492	-0.00678900430	0.00803676370
0.05820343915	-0.00689142735	0.00816727772
0.05819151707	-0.00699138331	0.00829517812
0.05817971817	-0.00708889933	0.00842046066
0.05816805119	-0.00718400447	0.00854312481
0.05815652414	-0.00727673002	0.00866317328
0.05814514428	-0.00736710910	0.00878061205
0.05813391819	-0.00745517646	0.00889545019
0.05812285180	-0.00754096805	0.00900769998
0.05811195033	-0.00762452158	0.00911737617
0.05810122334	-0.00770583850	0.00922444206
0.05809066907	-0.00778500268	0.00932900797
0.05808029116	-0.00786205311	0.00943107941
0.05807010263	-0.00793695662	0.00953056362
0.05806009195	-0.00800985786	0.00962768317
0.05805027529	-0.00808069545	0.00972227377
0.05804064133	-0.00814960453	0.00981454385
0.05803120727	-0.00821651281	0.00990432237
0.05802195809	-0.00828157470	0.00999185930
0.05801290346	-0.00834476672	0.01007705418
0.05800404659	-0.00840610965	0.01015992657
0.05799537861	-0.00846570490	0.01024062506
0.05798690387	-0.00852356025	0.01031911620
0.05797862189	-0.00857971465	0.01039544097
0.05797053362	-0.00863419549	0.01046962350
0.05796263596	-0.00868705544	0.01054173251
0.05795492617	-0.00873834268	0.01061182119
0.05794740407	-0.00878808631	0.01067991032
0.05794006784	-0.00883632496	0.01074604235
0.05793291546	-0.00888309664	0.01081025999
0.05792594470	-0.00892843941	0.01087260569
0.05791915318	-0.00897239072	0.01093312203
0.05791254122	-0.00901496920	0.01099182301
0.05790610347	-0.00905622884	0.01104878606
0.05789983604	-0.00909621274	0.01110406178
0.05789373707	-0.00913494982	0.01115767669
0.05788780350	-0.00917247545	0.01120967194
0.05788203608	-0.00920880008	0.01126005099
0.05787643204	-0.00924395553	0.01130886097
0.05787097906	-0.00927803228	0.01135623776
0.05786567876	-0.00931103228	0.01140215577
0.05786051403	-0.00934307318	0.01144678472
0.05785588929	-0.00937166874	0.01148597691
0.05785059788	-0.00940427694	0.01152180746
0.05784469541	-0.00944051443	0.01155385628
0.05783824468	-0.00947995530	0.01158174764
0.05783131525	-0.00952213613	0.01160515453
0.05782398293	-0.00956656147	0.01162380253
0.05781632911	-0.00961270970	0.01163747300
0.05780844007	-0.00966003916	0.01164600568
0.05780040607	-0.00970799457	0.01164930053
0.05779232043	-0.00975601349	0.01164731891
0.05778427849	-0.00980353303	0.01164008406
0.05777637642	-0.00984999633	0.01162768080
0.05776871006	-0.00989485917	0.01161025456
0.05776137360	-0.00993759629	0.01158800962
0.05775445830	-0.00997770750	0.01156120681
0.05838578381	0.00972400892	-0.00671587903
0.05838323736	0.00973928617	-0.00660135261
0.05838344610	0.00973803480	-0.00655096482
0.05838419848	0.00973352289	-0.00651072633
0.05838521197	0.00972744174	-0.00647569529
0.05838645919	0.00971995284	-0.00644381272
0.05838788825	0.00971136476	-0.00641410691
0.05838943093	0.00970208509	-0.00638606222
0.05839116057	0.00969167000	-0.00635913678
0.05839300150	0.00968057209	-0.00633319038
0.05839494470	0.00966884344	-0.00630802741
0.05839704722	0.00965613671	-0.00628339139
0.05839926727	0.00964270098	-0.00625924592
0.05840157530	0.00962871238	-0.00623554600
0.05840401721	0.00961388961	-0.00621212726
0.05840659152	0.00959823768	-0.00618893406
0.05840928438	0.00958183691	-0.00616594084
0.05841209736	0.00956467367	-0.00614309966
0.05841503239	0.00954673198	-0.00612036748
0.05841809171	0.00952799355	-0.00609770589
0.05842127521	0.00950845427	-0.00607508460
0.05842459132	0.00948805719	-0.00605245994
0.05842804512	0.00946676520	-0.00602979857
0.05843162606	0.00944463745	-0.00600709874
0.05843534733	0.00942158600	-0.00598431181
0.05843921159	0.00939758737	-0.00596141343
0.05844322127	0.00937261906	-0.00593837947
0.05844737987	0.00934665107	-0.00591518547
0.05845169093	0.00931965273	-0.00589180602
0.05845615060	0.00929163907	-0.00586823143
0.05846073476	0.00926275290	-0.00584449134
0.05846551837	0.00923251115	-0.00582040347
0.05847046507	0.00920113114	-0.00579603687
0.05847552351	0.00916892850	-0.00577148125
0.05848081219	0.00913513577	-0.00574644687
0.05848622249	0.00910043291	-0.00572116818
0.05849184311	0.00906423683	-0.00569541280
0.05849760072	0.00902700446	-0.00566933468
0.05850358138	0.00898816252	-0.00564270265
0.05850969121	0.00894830343	-0.00561572356
0.05851601909	0.00890682939	-0.00558814638
0.05852253396	0.00886392233	-0.00556003062
0.05852922191	0.00881965317	-0.00553138269
0.05853609149	0.00877394400	-0.00550214729
0.05854316903	0.00872659500	-0.00547222527
0.05855043769	0.00867769248	-0.00544163416
0.05855789996	0.00862719261	-0.00541033382
0.05856555811	0.00857505120	-0.00537828337
0.05857341415	0.00852122376	-0.00534544110
0.05858146990	0.00846566504	-0.00531176589
0.05858972685	0.00840832963	-0.00527721574
0.05859816458	0.00834932380	-0.00524180914
0.05860681690	0.00828837215	-0.00520539802
0.05861567736	0.00822547676	-0.00516796626
0.05862472152	0.00816076753	-0.00512954595
0.05863396416	0.00809409335	-0.00509003971
0.05864341701	0.00802531875	-0.00504936073
0.05865304361	0.00795465747	-0.00500758615
0.05866287986	0.00788179085	-0.00496453350
0.05867290592	0.00780680544	-0.00492022532
0.05868309959	0.00772980743	-0.00487468378
0.05869349723	0.00765045640	-0.00482771005
0.05870407117	0.00756889210	-0.00477935694
0.05871481778	0.00748506999	-0.00472957298
0.05872573283	0.00739894609	-0.00467830760
0.05873681148	0.00731047726	-0.00462551068
0.05874804818	0.00721962154	-0.00457113229
0.05875943674	0.00712633806	-0.00451512311
0.05877097027	0.00703058702	-0.00445743480
0.05878264114	0.00693233012	-0.00439801955
0.05879444098	0.00683153060	-0.00433683022
0.05880635150	0.00672823331	-0.00427386093
0.05881836616	0.00662237893	-0.00420904357
0.05883049067	0.00651379057	-0.00414224463
0.05884267838	0.00640275732	-0.00407360987
0.05885495832	0.00628887761	-0.00400285156
0.05886727460	0.00617252629	-0.00393017834
0.05887965239	0.00605331601	-0.00385529853
0.05889204791	0.00593150845	-0.00377835378
0.05890445486	0.00580700416	-0.00369923051
0.05891686310	0.00567973089	-0.00361784199
0.05892924794	0.00554976010	-0.00353419880
0.05894159158	0.00541709168	-0.00344825376
0.05895387457	0.00528173956	-0.00335996746
0.05896607857	0.00514370276	-0.00326928743
0.05897818565	0.00500297082	-0.00317615582
0.05899017300	0.00485958733	-0.00308055543
0.05900201721	0.00471360423	-0.00298246701
0.05901369914	0.00456502071	-0.00288182944
0.05902519680	0.00441386935	-0.00277861133
0.05903648721	0.00426019688	-0.00267278930
0.05904754759	0.00410404967	-0.00256433801
0.05905835491	0.00394548043	-0.00245323791
0.05906887981	0.00378464502	-0.00233954314
0.05907911114	0.00362142610	-0.00222308183
0.05908902053	0.00345597346	-0.00210392756
0.05909857993	0.00328845720	-0.00198215006
0.05910777564	0.00311880734	-0.00185760875
0.05911658280	0.00294715758	-0.00173036338
0.05912497504	0.00277370266	-0.00160050989
0.05913294108	0.00259834164	-0.00146787868
0.05914045205	0.00242136973	-0.00133268296
0.05914749540	0.00224274127	-0.00119479527
0.05915404940	0.00206265357	-0.00105434030
0.05916009825	0.00188118967	-0.00091132358
0.05916562677	0.00169844309	-0.00076576737
0.05917061850	0.00151459785	-0.00061778781
0.05917506292	0.00132967220	-0.00046733150
0.05917894494	0.00114393006	-0.00031461091
0.05918225765	0.00095732948	-0.00015950651
0.05918498890	0.00077018765	-0.00000230618
0.05918713416	0.00058245172	0.00015712298
0.05918868605	0.00039439084	0.00031852887
0.05918964129	0.00020606681	0.00048190918
0.05918999738	0.00001760363	0.00064716625
0.05918975365	-0.00017077130	0.00081409456
0.05918891093	-0.00035905768	0.00098275017
0.05918747191	-0.00054705514	0.00115291750
0.05918544144	-0.00073458946	0.00132444102
0.05918282438	-0.00092162793	0.00149732389
0.05917962861	-0.00110799712	0.00167136732
0.05917586309	-0.00129357163	0.00184644618
0.05917153881	-0.00147820673	0.00202240718
0.05916666663	-0.00166182436	0.00219917552
0.05916125984	-0.00184429785	0.00237659382
0.05915533287	-0.00202551055	0.00255451886
0.05914890121	-0.00220535379	0.00273281581
0.05914198134	-0.00238372476	0.00291134756
0.05913459068	-0.00256052443	0.00308997733
0.05912674753	-0.00273565834	0.00326856850
0.05911847251	-0.00290900473	0.00344695022
0.05910978334	-0.00308052163	0.00362505310
0.05910070074	-0.00325011869	0.00380271845
0.05909124628	-0.00341770579	0.00397979511
0.05908144291	-0.00358318346	0.00415612260
0.05907130769	-0.00374655949	0.00433168708
0.05906086851	-0.00390767329	0.00450620795
0.05905014056	-0.00406657097	0.00467973456
0.05903915311	-0.00422309126	0.00485197210
0.05902792166	-0.00437727824	0.00502296777
0.05901647054	-0.00452905116	0.00519253293
0.05900482311	-0.00467834906	0.00536053806
0.05899299871	-0.00482516355	0.00552693408
0.05898101814	-0.00496946670	0.00569162161
0.05896890263	-0.00511122521	0.00585449464
0.05895667227	-0.00525041853	0.00601547061
0.05894434663	-0.00538703080	0.00617447164
0.05893194464	-0.00552105075	0.00633142451
0.05891948651	-0.00565245159	0.00648623506
0.05890698879	-0.00578124305	0.00663887049
0.05889446724	-0.00590743841	0.00678928795
0.05888194075	-0.00603101600	0.00693739023
0.05886942638	-0.00615197027	0.00708312146
0.05885693443	-0.00627035638	0.00722651594
0.05884448664	-0.00638611717	0.00736741496
0.05883208996	-0.00649933002	0.00750590634
0.05881976042	-0.00660998366	0.00764189559
0.05880751370	-0.00671806761	0.00777532321
0.05879535542	-0.00682365597	0.00790626583
0.05878329953	-0.00692674500	0.00803464738
0.05877135631	-0.00702735919	0.00816045981
0.05875953531	-0.00712552521	0.00828369880
0.05874784536	-0.00722127174	0.00840436368
0.05873629451	-0.00731462965	0.00852245697
0.05872489012	-0.00740563169	0.00863798437
0.05871363882	-0.00749431228	0.00875095469
0.05870254663	-0.00758070703	0.00886137983
0.05869161885	-0.00766485336	0.00896927419
0.05868086502	-0.00774675292	0.00907460262
0.05867028354	-0.00782648896	0.00917747193
0.05865987811	-0.00790410018	0.00927788761
0.05864966170	-0.00797955404	0.00937576057
0.05863962300	-0.00805299412	0.00947130614
0.05862977808	-0.00812435983	0.00956436607
0.05862011584	-0.00819378539	0.00965514210
0.05861065332	-0.00826119954	0.00974346965
0.05860137575	-0.00832675566	0.00982959065
0.05859229277	-0.00839043075	0.00991340854
0.05858340754	-0.00845224591	0.00999494298
0.05857471139	-0.00851230204	0.01007433805
0.05856620863	-0.00857060716	0.01015156197
0.05855789882	-0.00862720037	0.01022665504
0.05854978291	-0.00868210927	0.01029964127
0.05854185786	-0.00873538656	0.01037058778
0.05853412097	-0.00878708042	0.01043954656
0.05852657209	-0.00883722014	0.01050653838
0.05851920939	-0.00888584447	0.01057160496
0.05851203091	-0.00893299158	0.01063478827
0.05850503442	-0.00897869968	0.01069613003
0.05849821755	-0.00902300635	0.01075567208
0.05849158061	-0.00906593059	0.01081342874
0.05848511830	-0.00910752641	0.01086947552
0.05847882675	-0.00914783698	0.01092386195
0.05847270411	-0.00918689142	0.01097661435
0.05846674734	-0.00922472525	0.01102777317
0.05846095713	-0.00926134935	0.01107734253
0.05845533070	-0.00929679580	0.01112536872
0.05844985588	-0.00933115467	0.01117198353
0.05844453424	-0.00936442830	0.01121716289
0.05843934889	-0.00939673355	0.01126107107
0.05843474880	-0.00942529750	0.01129924138
0.05842950255	-0.00945776571	0.01133405984
0.05842366547	-0.00949375652	0.01136511823
0.05841729991	-0.00953284695	0.01139205242
0.05841047475	-0.00957457776	0.01141454662
0.05840326489	-0.00961845883	0.01143233713
0.05839575060	-0.00966397497	0.01144521536
0.05838801678	-0.00971059200	0.01145303032
0.05838015212	-0.00975776301	0.01145569039
0.05837224814	-0.00980493481	0.01145316438
0.05836439818	-0.00985155445	0.01144548191
0.05835669622	-0.00989707564	0.01143273306
0.05834923573	-0.00994096521	0.01141506728
0.05834210843	-0.00998270928	0.01139269169
0.05833540296	-0.01002181929	0.01136586863
0.05897701099	0.00970386905	-0.00659458678
0.05897462117	0.00971838246	-0.00648193125
0.05897487353	0.00971685092	-0.00643237392
0.05897564879	0.00971214446	-0.00639280310
0.05897667602	0.00970590465	-0.00635835416
0.05897792920	0.00969828684	-0.00632700370
0.05897935861	0.00968959018	-0.00629779526
0.05898089883	0.00968021040	-0.00627021968
0.05898262042	0.00966971504	-0.00624374749
0.05898445075	0.00965854386	-0.00621823796
0.05898638125	0.00964674697	-0.00619349854
0.05898846680	0.00963398590	-0.00616927944
0.05899066733	0.00962050247	-0.00614554317
0.05899295451	0.00960646751	-0.00612224426
0.05899537252	0.00959160684	-0.00609922300
0.05899792000	0.00957592478	-0.00607642457
0.05900058372	0.00955949895	-0.00605382320
0.05900336527	0.00954231556	-0.00603137175
0.05900626658	0.00952435849	-0.00600902791
0.05900928986	0.00950560940	-0.00598675392
0.05901243509	0.00948606369	-0.00596451991
0.05901571044	0.00946566536	-0.00594228319
0.05901912089	0.00944437769	-0.00592001113
0.05902265634	0.00942225763	-0.00589770142
0.05902632957	0.00939921897	-0.00587530670
0.05903014322	0.00937523819	-0.00585280305
0.05903409969	0.00935029274	-0.00583016673
0.05903820243	0.00932435275	-0.00580737372
0.05904245492	0.00929738766	-0.00578439909
0.05904685354	0.00926941138	-0.00576123298
0.05905137518	0.00924056216	-0.00573790323
0.05905609199	0.00921036912	-0.00571423418
0.05906096909	0.00917904298	-0.00569029176
0.05906595721	0.00914689014	-0.00566616146
0.05907117032	0.00911316287	-0.00564156430
0.05907650410	0.00907852212	-0.00561672506
0.05908204389	0.00904239953	-0.00559141974
0.05908771929	0.00900523898	-0.00556579570
0.05909361309	0.00896648158	-0.00553963015
0.05909963512	0.00892670311	-0.00551312120
0.05910587090	0.00888532074	-0.00548602684
0.05911229065	0.00884251063	-0.00545840370
0.05911888106	0.00879834088	-0.00543025719
0.05912565040	0.00875273469	-0.00540153330
0.05913262408	0.00870549654	-0.00537213599
0.05913978594	0.00865670946	-0.00534208142
0.05914713845	0.00860632980	-0.00531133016
0.05915468385	0.00855431348	-0.00527984210
0.05916242409	0.00850061617	-0.00524757628
0.05917036099	0.00844519275	-0.00521449235
0.05917849601	0.00838799796	-0.00518054908
0.05918680954	0.00832913421	-0.00514576326
0.05919533412	0.00826833223	-0.00510999159
0.05920406358	0.00820559296	-0.00507321783
0.05921297441	0.00814104183	-0.00503547186
0.05922208082	0.00807453057	-0.00499665904
0.05923139410	0.00800592613	-0.00495669500
0.05924087914	0.00793543561	-0.00491565301
0.05925057048	0.00786274749	-0.00487335653
0.05926044897	0.00778794501	-0.00482982643
0.05927049322	0.00771113051	-0.00478508297
0.05928073814	0.00763197125	-0.00473893390
0.05929115705	0.00755060232	-0.00469142921
0.05930174636	0.00746697925	-0.00464251839
0.05931250189	0.00738105812	-0.00459215180
0.05932341889	0.00729279587	-0.00454028025
0.05933449188	0.00720215058	-0.00448685472
0.05934571477	0.00710908140	-0.00443182683
0.05935708076	0.00701354859	-0.00437514913
0.05936858233	0.00691551383	-0.00431677471
0.05938021124	0.00681494039	-0.00425665731
0.05939194968	0.00671187110	-0.00419479026
0.05940379110	0.00660624728	-0.00413110703
0.05941574078	0.00649789559	-0.00406547829
0.05942775353	0.00638709720	-0.00399804339
0.05943985702	0.00627345973	-0.00392852438
0.05945199714	0.00615734811	-0.00385712129
0.05946419780	0.00603838385	-0.00378355231
0.05947641651	0.00591682166	-0.00370795305
0.05948864684	0.00579256399	-0.00363021313
0.05950087863	0.00566553985	-0.00355024820
0.05951308774	0.00553581860	-0.00346806769
0.05952525658	0.00540339976	-0.00338362525
0.05953736600	0.00526829666	-0.00329688208
0.05954939787	0.00513050813	-0.00320778677
0.05956133445	0.00499002384	-0.00311628286
0.05957315329	0.00484688628	-0.00302235307
0.05958483133	0.00470114620	-0.00292597807
0.05959634960	0.00455280289	-0.00282709827
0.05960768641	0.00440188838	-0.00272568281
0.05961881905	0.00424844856	-0.00262170858
0.05962972502	0.00409252910	-0.00251515063
0.05964038156	0.00393418194	-0.00240598965
0.05965075981	0.00377355994	-0.00229427723
0.05966084844	0.00361054898	-0.00217984734
0.05967061952	0.00344529623	-0.00206277078
0.05968004541	0.00327796881	-0.00194311439
0.05968911235	0.00310849912	-0.00182074247
0.05969779577	0.00293701896	-0.00169571268
0.05970606965	0.00276371986	-0.00156811740
0.05971392255	0.00258850420	-0.00143779324
0.05972132605	0.00241166214	-0.00130494604
0.05972826751	0.00223315029	-0.00116945313
0.05973472542	0.00205316321	-0.00103143518
0.05974068401	0.00187178370	-0.00089089800
0.05974612811	0.00168910492	-0.00074786369
0.05975104138	0.00150530877	-0.00060244496
0.05975541318	0.00132041481	-0.00045459114
0.05975922852	0.00113468349	-0.00030450811
0.05976248031	0.00094807552	-0.00015208156
0.05976515645	0.00076090377	0.00000240957
0.05976725220	0.00057311838	0.00015909234
0.05976876012	0.00038498535	0.00031772205
0.05976967677	0.00019656738	0.00047829510
0.05976999947	0.00000798829	0.00064071556
0.05976972737	-0.00018052664	0.00080478358
0.05976886110	-0.00036897492	0.00097055155
0.05976740312	-0.00055715755	0.00113780934
0.05976535804	-0.00074490123	0.00130640513
0.05976273049	-0.00093217158	0.00147633997
0.05975952808	-0.00111879584	0.00164741975
0.05975575949	-0.00130464853	0.00181952156
0.05975143543	-0.00148958511	0.00199249534
0.05974656650	-0.00167352656	0.00216626663
0.05974116570	-0.00185634598	0.00234068111
0.05973524718	-0.00203792637	0.00251559817
0.05972882615	-0.00221815855	0.00269088527
0.05972191878	-0.00239693911	0.00286640762
0.05971454226	-0.00257416836	0.00304203072
0.05970671460	-0.00274975113	0.00321762023
0.05969845614	-0.00292356543	0.00339300885
0.05968978439	-0.00309556780	0.00356812716
0.05968071982	-0.00326566713	0.00374281938
0.05967128376	-0.00343377258	0.00391693716
0.05966149892	-0.00359978425	0.00409032327
0.05965138224	-0.00376370786	0.00426296203
0.05964096131	-0.00392538324	0.00443458007
0.05963025128	-0.00408485406	0.00460522295
0.05961928110	-0.00424195954	0.00477460365
0.05960806627	-0.00439674153	0.00494276584
0.05959663094	-0.00454911867	0.00510952503
0.05958499831	-0.00469902934	0.00527475427
0.05957318766	-0.00484646384	0.00543840436
0.05956121972	-0.00499139318	0.00560037739
0.05954911562	-0.00513378315	0.00576056921
0.05953689540	-0.00527361221	0.00591889846
0.05952457858	-0.00541086355	0.00607528831
0.05951218407	-0.00554552492	0.00622966657
0.05949973203	-0.00567756888	0.00638194093
0.05948723899	-0.00580700412	0.00653207849
0.05947472076	-0.00593384283	0.00668003655
0.05946219619	-0.00605806278	0.00682572008
0.05944968233	-0.00617965780	0.00696907416
0.05943718961	-0.00629868174	0.00711013099
0.05942473964	-0.00641507749	0.00724873640
0.05941233954	-0.00652892108	0.00738497456
0.05940000533	-0.00664020079	0.00751875339
0.05938775268	-0.00674890597	0.00765001496
0.05937558735	-0.00685510957	0.00777883285
0.05936352329	-0.00695880754	0.00790513305
0.05935157085	-0.00706002390	0.00802890749
0.05933973963	-0.00715878489	0.00815015176
0.05932803849	-0.00725511877	0.00826886508
0.05931647558	-0.00734905605	0.00838504976
0.05930505829	-0.00744062909	0.00849871129
0.05929379333	-0.00752987198	0.00860985818
0.05928268679	-0.00761682003	0.00871850201
0.05927174401	-0.00770151035	0.00882465679
0.05926097454	-0.00778394479	0.00892828887
0.05925037691	-0.00786420597	0.00902950173
0.05923995491	-0.00794233231	0.00912830081
0.05922972138	-0.00801829192	0.00922460053
0.05921966530	-0.00809222724	0.00931860928
0.05920980258	-0.00816407854	0.00941017458
0.05920012237	-0.00823397905	0.00949949177
0.05919064152	-0.00830185859	0.00958640242
0.05918134555	-0.00836786944	0.00967114081
0.05917224400	-0.00843198909	0.00975361405
0.05916334004	-0.00849423898	0.00983384190
0.05915462514	-0.00855471943	0.00991196411
0.05914610362	-0.00861343874	0.00998795052
0.05913777505	-0.00867043611	0.01006184073
0.05912964039	-0.00872573937	0.01013365866
0.05912169665	-0.00877940121	0.01020346983
0.05911394118	-0.00883146978	0.01027132512
0.05910637383	-0.00888197457	0.01033724527
0.05909899282	-0.00893095444	0.01040127126
0.05909179619	-0.00897844768	0.01046344438
0.05908478173	-0.00902449264	0.01052380561
0.05907794711	-0.00906912703	0.01058239609
0.05907129260	-0.00911237018	0.01063923041
0.05906481295	-0.00915427613	0.01069438224
0.05905850433	-0.00919488806	0.01074790009
0.05905236488	-0.00923423531	0.01079981006
0.05904639159	-0.00927235351	0.01085015191
0.05904058511	-0.00930925399	0.01089893039
0.05903494265	-0.00934496904	0.01094619097
0.05902945217	-0.00937958829	0.01099206154
0.05902411521	-0.00941311447	0.01103651943
0.05901891510	-0.00944566361	0.01107972373
0.05901434457	-0.00947417726	0.01111690526
0.05900914793	-0.00950649045	0.01115074661
0.05900338018	-0.00954222337	0.01118085102
0.05899710314	-0.00958095614	0.01120686554
0.05899038496	-0.00962223376	0.01122848518
0.05898329957	-0.00966557147	0.01124545646
0.05897592608	-0.00971046050	0.01125758042
0.05896834799	-0.00975637407	0.01126471491
0.05896065239	-0.00980277356	0.01126677628
0.05895292899	-0.00984911486	0.01126374037
0.05894526910	-0.00989485477	0.01125564278
0.05893776453	-0.00993945733	0.01124257843
0.05893050643	-0.00998240012	0.01122470049
0.05892358403	-0.01002318037	0.01120221857
0.05891708347	-0.01006132076	0.01117539626
0.05955802424	0.00968283787	-0.00647861982
0.05955578034	0.00969662976	-0.00636775972
0.05955607256	0.00969483480	-0.00631899926
0.05955686816	0.00968994610	-0.00628006900
0.05955790714	0.00968355808	-0.00624617857
0.05955916471	0.00967582032	-0.00621533859
0.05956059323	0.00966702303	-0.00618660726
0.05956212986	0.00965755074	-0.00615948176
0.05956384258	0.00964698174	-0.00613344433
0.05956566162	0.00963574363	-0.00610835389
0.05956757880	0.00962388467	-0.00608402080
0.05956964698	0.00961107478	-0.00606020160
0.05957182770	0.00959754891	-0.00603685783
0.05957409376	0.00958347291	-0.00601394363
0.05957648773	0.00956857927	-0.00599130366
0.05957900840	0.00955287172	-0.00596888389
0.05958164308	0.00953642533	-0.00594665837
0.05958439338	0.00951922612	-0.00592458075
0.05958726121	0.00950125788	-0.00590260941
0.05959024880	0.00948250219	-0.00588070721
0.05959335618	0.00946295403	-0.00585884467
0.05959659129	0.00944255829	-0.00583698008
0.05959995897	0.00942127862	-0.00581508143
0.05960344961	0.00939916988	-0.00579314591
0.05960707557	0.00937614750	-0.00577112739
0.05961083945	0.00935218796	-0.00574900235
0.05961474364	0.00932726865	-0.00572674741
0.05961879155	0.00930135982	-0.00570433899
0.05962298659	0.00927443101	-0.00568175262
0.05962732535	0.00924649511	-0.00565897829
0.05963178569	0.00921768603	-0.00563604216
0.05963643708	0.00918754443	-0.00561277475
0.05964124606	0.00915627482	-0.00558923911
0.05964616528	0.00912417486	-0.00556551680
0.05965130450	0.00909051546	-0.00554133889
0.05965656341	0.00905593963	-0.00551692113
0.05966202420	0.00901989294	-0.00549204739
0.05966761919	0.00898280694	-0.00546685887
0.05967342813	0.00894413636	-0.00544114059
0.05967936433	0.00890444121	-0.00541508256
0.05968551015	0.00886315286	-0.00538845116
0.05969183698	0.00882044202	-0.00536130039
0.05969833211	0.00877637414	-0.00533363469
0.05970500355	0.00873087343	-0.00530540132
0.05971187580	0.00868374849	-0.00527650711
0.05971893340	0.00863507926	-0.00524696698
0.05972617874	0.00858482223	-0.00521674218
0.05973361404	0.00853293346	-0.00518579333
0.05974124124	0.00847936876	-0.00515408019
0.05974906211	0.00842408318	-0.00512156313
0.05975707810	0.00836703156	-0.00508820166
0.05976527035	0.00830831269	-0.00505401102
0.05977367023	0.00824766312	-0.00501885236
0.05978227179	0.00818508272	-0.00498270934
0.05979105243	0.00812069267	-0.00494560979
0.05980002582	0.00805434743	-0.00490746169
0.05980920282	0.00798591623	-0.00486818291
0.05981854962	0.00791559991	-0.00482784314
0.05982809943	0.00784309372	-0.00478627142
0.05983783380	0.00776847775	-0.00474348705
0.05984773206	0.00769185072	-0.00469950853
0.05985782780	0.00761288719	-0.00465414978
0.05986809523	0.00753171783	-0.00460745816
0.05987853082	0.00744829824	-0.00455938409
0.05988913047	0.00736258459	-0.00450987879
0.05989988946	0.00727453388	-0.00445889398
0.05991080242	0.00718410424	-0.00440638151
0.05992186332	0.00709125489	-0.00435229387
0.05993306548	0.00699594610	-0.00429658449
0.05994440149	0.00689813959	-0.00423920727
0.05995586321	0.00679779865	-0.00418011683
0.05996743328	0.00669496420	-0.00411930577
0.05997910519	0.00658957815	-0.00405670904
0.05999088380	0.00648147061	-0.00399220123
0.06000272527	0.00637091520	-0.00392591572
0.06001465604	0.00625752827	-0.00385758374
0.06002662365	0.00614166534	-0.00378739725
0.06003865086	0.00602295638	-0.00371508371
0.06005069636	0.00590164945	-0.00364077308
0.06006275363	0.00577764883	-0.00356435797
0.06007481254	0.00565088474	-0.00348575633
0.06008684940	0.00552142453	-0.00340497646
0.06009884688	0.00538926741	-0.00332197286
0.06011078610	0.00525442615	-0.00323670726
0.06012264915	0.00511689939	-0.00314912929
0.06013441849	0.00497667692	-0.00305918378
0.06014607199	0.00483380022	-0.00296685340
0.06015758694	0.00468831890	-0.00287211877
0.06016894457	0.00454023236	-0.00277492172
0.06018012344	0.00438957209	-0.00267523190
0.06019110115	0.00423638323	-0.00257302648
0.06020185545	0.00408071076	-0.00246828085
0.06021236387	0.00392260589	-0.00236097598
0.06022259801	0.00376221862	-0.00225116104
0.06023254641	0.00359943793	-0.00213867548
0.06024218155	0.00343440848	-0.00202358751
0.06025147622	0.00326729454	-0.00190596127
0.06026041657	0.00309803080	-0.00178566561
0.06026897834	0.00292674722	-0.00166275627
0.06027713587	0.00275363229	-0.00153732227
0.06028487759	0.00257859157	-0.00140920604
0.06029217550	0.00240191035	-0.00127860651
0.06029901688	0.00222354743	-0.00114540547
0.06030538045	0.00204369474	-0.00100971986
0.06031125050	0.00186243484	-0.00087155573
0.06031661188	0.00167986054	-0.00073093501
0.06032144834	0.00149615166	-0.00058796718
0.06032574920	0.00131132909	-0.00044260411
0.06032949952	0.00112564986	-0.00029504550
0.06033269208	0.00093907724	-0.00014518192
0.06033531484	0.00075191996	0.00000671611
0.06033736285	0.00056413099	0.00016077019
0.06033882866	0.00037597332	0.00031674258
0.06033970865	0.00018751045	0.00047462849
0.06033999999	-0.00000113399	0.00063433365
0.06033970169	-0.00018973677	0.00079566354
0.06033881416	-0.00037829333	0.00095866716
0.06033733966	-0.00056660599	0.00112313952
0.06033528260	-0.00075450241	0.00128893229
0.06033264735	-0.00094194660	0.00145604461
0.06032944129	-0.00112876652	0.00162428677
0.06032567285	-0.00131483660	0.00179353802
0.06032135246	-0.00150001256	0.00196365131
0.06031649046	-0.00168421446	0.00213455259
0.06031109959	-0.00186731525	0.00230609043
0.06030519372	-0.00204919762	0.00247812669
0.06029878777	-0.00222975195	0.00265053107
0.06029189767	-0.00240887430	0.00282317096
0.06028454032	-0.00258646438	0.00299591408
0.06027673349	-0.00276242638	0.00316862823
0.06026849721	-0.00293663815	0.00334114951
0.06025984881	-0.00310905482	0.00351340851
0.06025080850	-0.00327958459	0.00368525223
0.06024139738	-0.00344813601	0.00385653501
0.06023163789	-0.00361460878	0.00402710269
0.06022154688	-0.00377900666	0.00419693790
0.06021115162	-0.00394116995	0.00436577413
0.06020046720	-0.00410114001	0.00453365339
0.06018952228	-0.00425875657	0.00470029605
0.06017833231	-0.00441405937	0.00486574245
0.06016692128	-0.00456696652	0.00502981210
0.06015531222	-0.00471741579	0.00519238046
0.06014352433	-0.00486539626	0.00535339824
0.06013157825	-0.00501087793	0.00551276897
0.06011949501	-0.00515382576	0.00567039028
0.06010729459	-0.00529421732	0.00582618193
0.06009499644	-0.00543203488	0.00598006815
0.06008261943	-0.00556726530	0.00613197772
0.06007018364	-0.00569988053	0.00628182011
0.06005770561	-0.00582988828	0.00642956233
0.06004520114	-0.00595729971	0.00657516186
0.06003268906	-0.00608209207	0.00671852570
0.06002018639	-0.00620425865	0.00685959990
0.06000770364	-0.00632385201	0.00699841468
0.05999526232	-0.00644081513	0.00713482011
0.05998286968	-0.00655522274	0.00726889701
0.05997054172	-0.00666706271	0.00740055553
0.05995829408	-0.00677632426	0.00752973925
0.05994613266	-0.00688307921	0.00765651889
0.05993407140	-0.00698732321	0.00778082237
0.05992212068	-0.00708907986	0.00790264161
0.05991029014	-0.00718837499	0.00802197214
0.05989858871	-0.00728523646	0.00813881305
0.05988702456	-0.00737969442	0.00825316649
0.05987560514	-0.00747178087	0.00836503773
0.05986433722	-0.00756152958	0.00847443499
0.05985322692	-0.00764897555	0.00858136957
0.05984227968	-0.00773415562	0.00868585512
0.05983150498	-0.00781707183	0.00878785937
0.05982090151	-0.00789780617	0.00888748266
0.05981047312	-0.00797639675	0.00898473040
0.05980023254	-0.00805281241	0.00907952029
0.05979016902	-0.00812719435	0.00917205419
0.05978029831	-0.00819948377	0.00926218505
0.05977060979	-0.00826981286	0.00935010219
0.05976112013	-0.00833811255	0.00943565294
0.05975181511	-0.00840453396	0.00951906436
0.05974270420	-0.00846905512	0.00960024704
0.05973379055	-0.00853169776	0.00967922080
0.05972506580	-0.00859256160	0.00975612132
0.05971653424	-0.00865165525	0.00983091993
0.05970819547	-0.00870901795	0.00990365559
0.05970005045	-0.00876467778	0.00997435209
0.05969209623	-0.00881868738	0.01004307347
0.05968433024	-0.00887109487	0.01010986954
0.05967675231	-0.00892192991	0.01017476099
0.05966936070	-0.00897123146	0.01023778812
0.05966215345	-0.00901903794	0.01029899153
0.05965512840	-0.00906538777	0.01035841152
0.05964828322	-0.00911031880	0.01041608855
0.05964161817	-0.00915385068	0.01047203745
0.05963512803	-0.00919603743	0.01052633015
0.05962880904	-0.00923692227	0.01057901419
0.05962265932	-0.00927653469	0.01063011545
0.05961667588	-0.00931491046	0.01067967304
0.05961085933	-0.00935206129	0.01072769226
0.05960520687	-0.00938801970	0.01077421783
0.05959970662	-0.00942287486	0.01081937392
0.05959436007	-0.00945662984	0.01086313923
0.05958915078	-0.00948939985	0.01090566793
0.05958461361	-0.00951784747	0.01094190903
0.05957946955	-0.00954999516	0.01097482309
0.05957377324	-0.00958546511	0.01100402420
0.05956758592	-0.00962384056	0.01102917003
0.05956097497	-0.00966467074	0.01104996575
0.05955401335	-0.00970747621	0.01106616755
0.05954677896	-0.00975175447	0.01107758549
0.05953935393	-0.00979698595	0.01108408570
0.05953182373	-0.00984264006	0.01108559196
0.05952427629	-0.00988818146	0.01108208662
0.05951680094	-0.00993307634	0.01107361078
0.05950948738	-0.00997679865	0.01106026381
0.05950242448	-0.01001883629	0.01104220219
0.05949569911	-0.01005869708	0.01101963767
0.05948939494	-0.01009591448	0.01099283480
0.06014919242	0.00966028212	-0.00636378702
0.06014708930	0.00967336801	-0.00625471108
0.06014741920	0.00967131652	-0.00620674242
0.06014823349	0.00966625097	-0.00616844854
0.06014928277	0.00965971959	-0.00613511299
0.06015054346	0.00965186625	-0.00610478014
0.06015196990	0.00964297241	-0.00607652278
0.06015350181	0.00963341163	-0.00604984444
0.06015520464	0.00962277272	-0.00602423888
0.06015701138	0.00961147138	-0.00599956475
0.06015891424	0.00959955405	-0.00597563535
0.06016096413	0.00958669885	-0.00595221339
0.06016312412	0.00957313405	-0.00592925951
0.06016536816	0.00955902059	-0.00590672750
0.06016773722	0.00954409752	-0.00588446629
0.06017023021	0.00952836797	-0.00586242265
0.06017283500	0.00951190451	-0.00584057049
0.06017555321	0.00949469302	-0.00581886421
0.06017838675	0.00947671717	-0.00579726289
0.06018133782	0.00945795847	-0.00577573001
0.06018440652	0.00943841150	-0.00575423649
0.06018760056	0.00941802201	-0.00573274155
0.06019092468	0.00939675403	-0.00571121383
0.06019436969	0.00937466039	-0.00568965003
0.06019794756	0.00935165812	-0.00566800521
0.06020166086	0.00932772369	-0.00564625625
0.06020551197	0.00930283444	-0.00562438015
0.06020950423	0.00927696075	-0.00560235376
0.06021364100	0.00925007229	-0.00558015302
0.06021791909	0.00922218090	-0.00555776784
0.06022231727	0.00919341628	-0.00553522275
0.06022690243	0.00916333041	-0.00551235426
0.06023164246	0.00913212168	-0.00548922264
0.06023649191	0.00910007923	-0.00546590565
0.06024155641	0.00906649224	-0.00544214409
0.06024673955	0.00903198613	-0.00541814501
0.06025212048	0.00899602013	-0.00539369989
0.06025763415	0.00895901370	-0.00536894397
0.06026335736	0.00892043495	-0.00534366988
0.06026920678	0.00888082845	-0.00531805975
0.06027526171	0.00883963946	-0.00529188813
0.06028149470	0.00879703337	-0.00526520645
0.06028789358	0.00875307302	-0.00523801828
0.06029446612	0.00870768368	-0.00521027205
0.06030123595	0.00866067794	-0.00518187747
0.06030818825	0.00861213272	-0.00515284819
0.06031532538	0.00856200466	-0.00512314619
0.06032264952	0.00851024999	-0.00509273278
0.06033016258	0.00845682466	-0.00506156844
0.06033786629	0.00840168386	-0.00502961425
0.06034576210	0.00834478258	-0.00499683046
0.06035383189	0.00828621605	-0.00496323081
0.06036210585	0.00822572652	-0.00492868079
0.06037057829	0.00816331284	-0.00489316398
0.06037922745	0.00809909205	-0.00485670624
0.06038806651	0.00803292124	-0.00481921805
0.06039710590	0.00796467195	-0.00478061956
0.06040631305	0.00789453884	-0.00474097694
0.06041571993	0.00782222383	-0.00470012467
0.06042530872	0.00774780394	-0.00465808054
0.06043505949	0.00767137434	-0.00461486137
0.06044500451	0.00759261676	-0.00457028706
0.06045511890	0.00751165752	-0.00452440247
0.06046539916	0.00742845235	-0.00447715888
0.06047584126	0.00734295748	-0.00442850842
0.06048644054	0.00725512999	-0.00437840367
0.06049719172	0.00716492808	-0.00432679735
0.06050808885	0.00707231102	-0.00427364280
0.06051912536	0.00697723913	-0.00421889431
0.06053029393	0.00687967417	-0.00416250662
0.06054158655	0.00677957945	-0.00410443516
0.06055298631	0.00667699403	-0.00404467188
0.06056448671	0.00657186044	-0.00398315317
0.06057609221	0.00646401214	-0.00391975743
0.06058776032	0.00635371536	-0.00385461227
0.06059951628	0.00624059505	-0.00378745781
0.06061130922	0.00612499750	-0.00371847823
0.06062316080	0.00600656096	-0.00364740998
0.06063503090	0.00588552702	-0.00357437755
0.06064691287	0.00576180171	-0.00349927650
0.06065879662	0.00563531650	-0.00342202696
0.06067065895	0.00550613676	-0.00334263619
0.06068248276	0.00537426139	-0.00326105950
0.06069424945	0.00523970260	-0.00317725917
0.06070594133	0.00510245890	-0.00309118586
0.06071754107	0.00496252017	-0.00300278563
0.06072902687	0.00481992692	-0.00291204113
0.06074037637	0.00467472762	-0.00281893295
0.06075157100	0.00452692182	-0.00272340428
0.06076258959	0.00437654046	-0.00262542530
0.06077341003	0.00422362793	-0.00252497345
0.06078401037	0.00406822856	-0.00242202448
0.06079436839	0.00391039287	-0.00231655959
0.06080445617	0.00375026799	-0.00220862565
0.06081426213	0.00358774598	-0.00209806741
0.06082375920	0.00342296905	-0.00198495058
0.06083292054	0.00325609861	-0.00186933670
0.06084173229	0.00308707167	-0.00175109901
0.06085017049	0.00291601633	-0.00163029141
0.06085820983	0.00274311808	-0.00150699963
0.06086583860	0.00256828562	-0.00138107176
0.06087302929	0.00239179944	-0.00125270004
0.06087976909	0.00221362048	-0.00112177056
0.06088603695	0.00203393808	-0.00098839663
0.06089181722	0.00185283454	-0.00085258452
0.06089709481	0.00167040230	-0.00071435600
0.06090185357	0.00148681917	-0.00057381740
0.06090608276	0.00130210727	-0.00043092304
0.06090976755	0.00111652026	-0.00028586661
0.06091290057	0.00093002397	-0.00013854337
0.06091546984	0.00074292294	0.00001078432
0.06091747026	0.00055517299	0.00016223279
0.06091889433	0.00036703404	0.00031557109
0.06091973828	0.00017857043	0.00047079330
0.06091999916	-0.00001009445	0.00062780679
0.06091967582	-0.00019873947	0.00078642225
0.06091876849	-0.00038735797	0.00094668538
0.06091727922	-0.00057575367	0.00110839627
0.06091521221	-0.00076375519	0.00127140998
0.06091257162	-0.00095132495	0.00143572383
0.06090936457	-0.00113829169	0.00160115244
0.06090559926	-0.00132452979	0.00176757717
0.06090128583	-0.00150989525	0.00193485396
0.06089643440	-0.00169430726	0.00210290916
0.06089105742	-0.00187763865	0.00227159424
0.06088516847	-0.00205977183	0.00244077348
0.06087878223	-0.00224059680	0.00261031877
0.06087191434	-0.00242000914	0.00278009971
0.06086458144	-0.00259790801	0.00294998617
0.06085680103	-0.00277419698	0.00311984813
0.06084859284	-0.00294875380	0.00328952498
0.06083997400	-0.00312153222	0.00345894739
0.06083096448	-0.00329243982	0.00362796512
0.06082158512	-0.00346138457	0.00379643512
0.06081185811	-0.00362826583	0.00396420631
0.06080180016	-0.00379308542	0.00413125969
0.06079143823	-0.00395568420	0.00429733545
0.06078078735	-0.00411610119	0.00446247223
0.06076987587	-0.00427417676	0.00462639758
0.06075871918	-0.00442994853	0.00478914867
0.06074734108	-0.00458333410	0.00495054890
0.06073576443	-0.00473427074	0.00511047614
0.06072400834	-0.00488274627	0.00526888102
0.06071209333	-0.00502872978	0.00542566855
0.06070004035	-0.00517218542	0.00558073807
0.06068786927	-0.00531308988	0.00573401048
0.06067559946	-0.00545142456	0.00588541108
0.06066324975	-0.00558717544	0.00603486961
0.06065084013	-0.00572031392	0.00618229729
0.06063838712	-0.00585084674	0.00632766105
0.06062590652	-0.00597878405	0.00647091861
0.06061341709	-0.00610410263	0.00661197895
0.06060093581	-0.00622679523	0.00675078907
0.06058847328	-0.00634691312	0.00688737726
0.06057605088	-0.00646439944	0.00702159779
0.06056367598	-0.00657932758	0.00715352817
0.06055136457	-0.00669168506	0.00728308077
0.06053913221	-0.00680146096	0.00741020064
0.06052698494	-0.00690872596	0.00753495572
0.06051493668	-0.00701347547	0.00765727582
0.06050299785	-0.00711573265	0.00777715286
0.06049117811	-0.00721552293	0.00789458232
0.06047948642	-0.00731287377	0.00800956316
0.06046793098	-0.00740781496	0.00812209737
0.06045651931	-0.00750037816	0.00823219001
0.06044525821	-0.00759059679	0.00833984904
0.06043415385	-0.00767850557	0.00844508544
0.06042321171	-0.00776414105	0.00854791253
0.06041244125	-0.00784750550	0.00864829940
0.06040184128	-0.00792868020	0.00874634332
0.06039141572	-0.00800770301	0.00884204964
0.06038117717	-0.00808454347	0.00893533927
0.06037111516	-0.00815934153	0.00902640772
0.06036124525	-0.00823203934	0.00911511318
0.06035155710	-0.00830276798	0.00920163913
0.06034206712	-0.00837145957	0.00928583848
0.06033276142	-0.00843826398	0.00936793128
0.06032364937	-0.00850315980	0.00944783148
0.06031473408	-0.00856616907	0.00952555894
0.06030600739	-0.00862739087	0.00960124537
0.06029747353	-0.00868683408	0.00967486357
0.06028913214	-0.00874453803	0.00974645182
0.06028098418	-0.00880053102	0.00981603382
0.06027302676	-0.00885486561	0.00988367212
0.06026525734	-0.00890758988	0.00994941548
0.06025767579	-0.00895873366	0.01001328455
0.06025028035	-0.00900833599	0.01007531895
0.06024306913	-0.00905643538	0.01013555857
0.06023603996	-0.00910307037	0.01019404308
0.06022919054	-0.00914827890	0.01025081223
0.06022252110	-0.00919208095	0.01030588109
0.06021602650	-0.00923453047	0.01035931988
0.06020970298	-0.00927567071	0.01041117517
0.06020354870	-0.00931553132	0.01046147263
0.06019756068	-0.00935414819	0.01051025071
0.06019173947	-0.00939153343	0.01055751526
0.06018608228	-0.00942771975	0.01060331023
0.06018057740	-0.00946279579	0.01064775618
0.06017522625	-0.00949676504	0.01069083311
0.06017001265	-0.00952974177	0.01073269040
0.06016551333	-0.00955810683	0.01076800537
0.06016042618	-0.00959007413	0.01080000819
0.06015480542	-0.00962526802	0.01082832363
0.06014871167	-0.00966327503	0.01085261974
0.06014221147	-0.00970364876	0.01087261166
0.06013537676	-0.00974591516	0.01088806501
0.06012828420	-0.00978957810	0.01089879860
0.06012101446	-0.00983412527	0.01090468660
0.06011365140	-0.00987903412	0.01090565998
0.06010628111	-0.00992377809	0.01090170732
0.06009899093	-0.00996783272	0.01089287497
0.06009186841	-0.01001068183	0.01087926647
0.06008500015	-0.01005182354	0.01086104138
0.06007847066	-0.01009077615	0.01083841336
0.06007236116	-0.01012708375	0.01081164771
0.06073011710	0.00963706266	-0.00625395214
0.06072814513	0.00964948129	-0.00614658852
0.06072850939	0.00964718854	-0.00609937969
0.06072934019	0.00964195729	-0.00606169642
0.06073039805	0.00963529202	-0.00602889332
0.06073166056	0.00962733119	-0.00599904705
0.06073308392	0.00961834797	-0.00597124444
0.06073461021	0.00960870554	-0.00594499517
0.06073630253	0.00959800264	-0.00591980393
0.06073809646	0.00958664373	-0.00589552924
0.06073998458	0.00957467353	-0.00587198718
0.06074201596	0.00956177793	-0.00584894631
0.06074415511	0.00954817885	-0.00582636648
0.06074637703	0.00953403261	-0.00580420118
0.06074872123	0.00951908447	-0.00578230338
0.06075118671	0.00950333699	-0.00576062060
0.06075376186	0.00948686037	-0.00573912664
0.06075644831	0.00946964037	-0.00571777663
0.06075924796	0.00945166053	-0.00569653031
0.06076216301	0.00943290235	-0.00567535176
0.06076519361	0.00941335998	-0.00565421229
0.06076834724	0.00939298001	-0.00563307200
0.06077162854	0.00937172685	-0.00561190014
0.06077502875	0.00934965137	-0.00559069298
0.06077855943	0.00932667216	-0.00556940670
0.06078222315	0.00930276566	-0.00554801855
0.06078602225	0.00927790920	-0.00552650590
0.06078996003	0.00925207324	-0.00550484601
0.06079403980	0.00922522760	-0.00548301524
0.06079825855	0.00919738315	-0.00546100339
0.06080259593	0.00916866559	-0.00543883350
0.06080711638	0.00913863761	-0.00541634768
0.06081178909	0.00910749184	-0.00539360363
0.06081657036	0.00907550934	-0.00537067554
0.06082156195	0.00904199660	-0.00534731335
0.06082667112	0.00900756239	-0.00532371597
0.06083197414	0.00897167887	-0.00529968198
0.06083740847	0.00893475410	-0.00527534110
0.06084304809	0.00889626881	-0.00525049304
0.06084881286	0.00885675297	-0.00522531263
0.06085477919	0.00881566503	-0.00519958202
0.06086092071	0.00877316534	-0.00517335029
0.06086722577	0.00872931426	-0.00514662018
0.06087370190	0.00868403805	-0.00511934126
0.06088037193	0.00863715313	-0.00509142589
0.06088722162	0.00858873355	-0.00506288659
0.06089425331	0.00853873611	-0.00503368602
0.06090146913	0.00848711720	-0.00500378614
0.06090887097	0.00843383289	-0.00497314814
0.06091646054	0.00837883853	-0.00494173378
0.06092423927	0.00832208927	-0.00490950400
0.06093218971	0.00826367696	-0.00487647115
0.06094034100	0.00820334927	-0.00484250480
0.06094868763	0.00814110409	-0.00480758846
0.06095720868	0.00807705453	-0.00477174618
0.06096591682	0.00801106021	-0.00473489081
0.06097482212	0.00794299484	-0.00469694459
0.06098389318	0.00787304724	-0.00465797046
0.06099316075	0.00780092567	-0.00461780799
0.06100260766	0.00772670425	-0.00457647358
0.06101221464	0.00765047479	-0.00453398248
0.06102201275	0.00757192581	-0.00449016022
0.06103197792	0.00749117956	-0.00444504930
0.06104210673	0.00740819185	-0.00439860187
0.06105239518	0.00732291901	-0.00435077088
0.06106283870	0.00723531820	-0.00430150974
0.06107343208	0.00714534769	-0.00425077202
0.06108416946	0.00705296681	-0.00419851187
0.06109504435	0.00695813594	-0.00414468436
0.06110604955	0.00686081689	-0.00408924507
0.06111717716	0.00676097298	-0.00403215020
0.06112841068	0.00665864155	-0.00397339109
0.06113974366	0.00655376568	-0.00391290549
0.06115118017	0.00644618206	-0.00385057538
0.06116267902	0.00633614989	-0.00378652299
0.06117426426	0.00622330233	-0.00372049678
0.06118588660	0.00610797686	-0.00365267367
0.06119756662	0.00598981966	-0.00358279850
0.06120926533	0.00586906613	-0.00351099069
0.06122097602	0.00574562402	-0.00343714855
0.06123268859	0.00561942596	-0.00336119427
0.06124438032	0.00549053546	-0.00328313418
0.06125603434	0.00535895114	-0.00320292430
0.06126763232	0.00522468468	-0.00312052750
0.06127915680	0.00508773445	-0.00303589537
0.06129059064	0.00494809047	-0.00294897516
0.06130191237	0.00480579229	-0.00285974950
0.06131309998	0.00466088734	-0.00276819894
0.06132413508	0.00451337527	-0.00267426801
0.06133499678	0.00436328656	-0.00257792736
0.06134566326	0.00421066486	-0.00247915468
0.06135611284	0.00405555390	-0.00237792608
0.06136632357	0.00389800350	-0.00227422299
0.06137626800	0.00373815811	-0.00216809013
0.06138593445	0.00357591272	-0.00205937721
0.06139529625	0.00341140717	-0.00194814761
0.06140432698	0.00324480019	-0.00183446042
0.06141301274	0.00307603097	-0.00171819301
0.06142132987	0.00290522586	-0.00159939754
0.06142925341	0.00273256745	-0.00147815668
0.06143677158	0.00255796748	-0.00135432382
0.06144385727	0.00238170182	-0.00122808489
0.06145049763	0.00220373347	-0.00109933005
0.06145667185	0.00202424926	-0.00096816917
0.06146236434	0.00184333126	-0.00083460874
0.06146756007	0.00166107156	-0.00069867035
0.06147224302	0.00147764598	-0.00056045738
0.06147640238	0.00129307787	-0.00041992642
0.06148002345	0.00110761762	-0.00027726549
0.06148309873	0.00092123350	-0.00013237429
0.06148561630	0.00073422601	0.00001449256
0.06148757093	0.00054655371	0.00016344643
0.06148895508	0.00035847355	0.00031426275
0.06148976486	0.00017005062	0.00046693460
0.06148999719	-0.00001859190	0.00062137090
0.06148965079	-0.00020723493	0.00077738724
0.06148872569	-0.00039586982	0.00093502629
0.06148722381	-0.00058430166	0.00109409289
0.06148514910	-0.00077236003	0.00125444534
0.06148250555	-0.00096000585	0.00141607929
0.06147930004	-0.00114706862	0.00157881345
0.06147554053	-0.00133342273	0.00174253120
0.06147123692	-0.00151892447	0.00190709131
0.06146639907	-0.00170349224	0.00207242057
0.06146103917	-0.00188699878	0.00223837316
0.06145517056	-0.00206932628	0.00240481574
0.06144880764	-0.00225036442	0.00257162225
0.06144196579	-0.00243000832	0.00273866440
0.06143466138	-0.00260815666	0.00290581415
0.06142691166	-0.00278471249	0.00307294352
0.06141873609	-0.00295955347	0.00323989509
0.06141015157	-0.00313263209	0.00340659962
0.06140117784	-0.00330385533	0.00357290948
0.06139183548	-0.00347313069	0.00373868415
0.06138214642	-0.00364035721	0.00390377544
0.06137212726	-0.00380553490	0.00406816288
0.06136180462	-0.00396850518	0.00423159302
0.06135119348	-0.00412930488	0.00439410131
0.06134032186	-0.00428777501	0.00455542212
0.06132920510	-0.00444395116	0.00471558967
0.06131786681	-0.00459775054	0.00487443106
0.06130632965	-0.00474910990	0.00503182643
0.06129461265	-0.00489801596	0.00518772641
0.06128273620	-0.00504443688	0.00534203737
0.06127072114	-0.00518833610	0.00549466034
0.06125858723	-0.00532968949	0.00564551731
0.06124635379	-0.00546847765	0.00579453458
0.06123403953	-0.00560468574	0.00594164285
0.06122166438	-0.00573828464	0.00608675498
0.06120924481	-0.00586928018	0.00622983789
0.06119679662	-0.00599768156	0.00637084948
0.06118433848	-0.00612346512	0.00650970068
0.06117188733	-0.00624662313	0.00664633933
0.06115945383	-0.00636720560	0.00678079200
0.06114705923	-0.00648515590	0.00691291685
0.06113471102	-0.00660054607	0.00704278833
0.06112242512	-0.00671336335	0.00717032091
0.06111021705	-0.00682359669	0.00729546101
0.06109809296	-0.00693131567	0.00741827397
0.06108606674	-0.00703651547	0.00753869141
0.06107414882	-0.00713921885	0.00765670522
0.06106234889	-0.00723945085	0.00777231085
0.06105067592	-0.00733723856	0.00788550714
0.06103913816	-0.00743261141	0.00799629594
0.06102774315	-0.00752560073	0.00810468209
0.06101649772	-0.00761623964	0.00821067334
0.06100540809	-0.00770456255	0.00831428036
0.06099447977	-0.00779060574	0.00841551614
0.06098372218	-0.00787437169	0.00851435104
0.06097313427	-0.00795594102	0.00861087945
0.06096272000	-0.00803535132	0.00870510669
0.06095249185	-0.00811257282	0.00879695663
0.06094243960	-0.00818774421	0.00888661883
0.06093257865	-0.00826080861	0.00897395641
0.06092289889	-0.00833189599	0.00905914732
0.06091341653	-0.00840093963	0.00914204974
0.06090411795	-0.00846808814	0.00922287709
0.06089501242	-0.00853332070	0.00930154649
0.06088610304	-0.00859665963	0.00937807783
0.06087738180	-0.00865820332	0.00945259908
0.06086885292	-0.00871796099	0.00952508440
0.06086051607	-0.00877597198	0.00959557142
0.06085237217	-0.00883226481	0.00966408374
0.06084441841	-0.00888689197	0.00973068251
0.06083665229	-0.00893990147	0.00979541550
0.06082907369	-0.00899132329	0.00985830329
0.06082168088	-0.00904119656	0.00991938484
0.06081447198	-0.00908955985	0.00997869941
0.06080744484	-0.00913645180	0.01003628601
0.06080059721	-0.00918191042	0.01009218374
0.06079392927	-0.00922595601	0.01014640788
0.06078743593	-0.00926864245	0.01019902701
0.06078111350	-0.00931001299	0.01025008682
0.06077496012	-0.00935009742	0.01029961275
0.06076897285	-0.00938893174	0.01034764260
0.06076315217	-0.00942652844	0.01039418274
0.06075749532	-0.00946292040	0.01043927637
0.06075199073	-0.00949819573	0.01048304069
0.06074663979	-0.00953235829	0.01052545686
0.06074142655	-0.00956552146	0.01056666979
0.06073696784	-0.00959379163	0.01060110396
0.06073193954	-0.00962557113	0.01063224196
0.06072639541	-0.00966048654	0.01065971871
0.06072039541	-0.00969812770	0.01068321208
0.06071400524	-0.00973805255	0.01070244662
0.06070729579	-0.00977979233	0.01071719684
0.06070034248	-0.00982285716	0.01072728979
0.06069322456	-0.00986674174	0.01073260715
0.06068602426	-0.00991093134	0.01073308657
0.06067882588	-0.00995490784	0.01072872244
0.06067171483	-0.00999815581	0.01071956592
0.06066477657	-0.01004016851	0.01070572436
0.06065809550	-0.01008045387	0.01068736004
0.06065175384	-0.01011854021	0.01066468827
0.06064583048	-0.01015398174	0.01063797485
0.06132116735	0.00961245725	-0.00614514629
0.06131932191	0.00962422259	-0.00603948439
0.06131971860	0.00962169480	-0.00599303064
0.06132056443	0.00961630275	-0.00595595408
0.06132162960	0.00960950799	-0.00592368007
0.06132289279	0.00960144364	-0.00589431728
0.06132431204	0.00959237475	-0.00586696648
0.06132583172	0.00958265433	-0.00584114359
0.06132751263	0.00957189084	-0.00581636399
0.06132929288	0.00956047773	-0.00579248617
0.06133116540	0.00954845804	-0.00576932901
0.06133317746	0.00953552527	-0.00574666677
0.06133529500	0.00952189512	-0.00572445857
0.06133749402	0.00950771937	-0.00570265767
0.06133981259	0.00949274940	-0.00568112094
0.06134224983	0.00947698718	-0.00565979671
0.06134479463	0.00946050063	-0.00563865864
0.06134744861	0.00944327535	-0.00561766261
0.06135021367	0.00942529481	-0.00559676902
0.06135309199	0.00940654044	-0.00557594254
0.06135608379	0.00938700602	-0.00555515487
0.06135919633	0.00936663896	-0.00553436697
0.06136243414	0.00934540401	-0.00551354870
0.06136578885	0.00932335018	-0.00549269590
0.06136927167	0.00930039754	-0.00547176586
0.06137288513	0.00927652255	-0.00545073622
0.06137663156	0.00925170249	-0.00542958471
0.06138051419	0.00922590795	-0.00540828896
0.06138453629	0.00919910887	-0.00538682578
0.06138869503	0.00917131518	-0.00536518487
0.06139297089	0.00914264868	-0.00534338783
0.06139742598	0.00911268255	-0.00532128220
0.06140203069	0.00908160378	-0.00529892319
0.06140674305	0.00904968552	-0.00527638159
0.06141166106	0.00901625120	-0.00525341613
0.06141669555	0.00898189333	-0.00523021789
0.06142191997	0.00894609674	-0.00520659235
0.06142727421	0.00890925827	-0.00518266386
0.06143282955	0.00887087109	-0.00515823903
0.06143850890	0.00883145084	-0.00513348561
0.06144438588	0.00879046889	-0.00510819313
0.06145043519	0.00874808066	-0.00508240839
0.06145664564	0.00870434412	-0.00505613334
0.06146302457	0.00865918649	-0.00502931869
0.06146959399	0.00861242792	-0.00500187936
0.06147634026	0.00856413970	-0.00497382682
0.06148326567	0.00851427877	-0.00494512435
0.06149037232	0.00846280167	-0.00491573459
0.06149766208	0.00840966463	-0.00488561943
0.06150513661	0.00835482316	-0.00485474127
0.06151279734	0.00829823255	-0.00482306176
0.06152062749	0.00823998136	-0.00479059193
0.06152865513	0.00817982259	-0.00475720531
0.06153687499	0.00811775317	-0.00472288534
0.06154526691	0.00805388239	-0.00468765433
0.06155384310	0.00798807237	-0.00465142746
0.06156261324	0.00792019892	-0.00461412899
0.06157154709	0.00785044517	-0.00457581877
0.06158067424	0.00777852560	-0.00453634130
0.06158997810	0.00770451149	-0.00449571164
0.06159944009	0.00762849136	-0.00445394356
0.06160909006	0.00755016042	-0.00441086803
0.06161890476	0.00746963692	-0.00436652530
0.06162888083	0.00738687676	-0.00432086837
0.06163901431	0.00730183637	-0.00427385099
0.06164930072	0.00721447301	-0.00422542742
0.06165973490	0.00712474504	-0.00417555203
0.06167031110	0.00703261183	-0.00412417979
0.06168102290	0.00693803385	-0.00407126656
0.06169186323	0.00684097295	-0.00401676870
0.06170282430	0.00674139250	-0.00396064319
0.06171389003	0.00663932811	-0.00390288080
0.06172505398	0.00653472347	-0.00384342063
0.06173631988	0.00642741842	-0.00378214811
0.06174764777	0.00631766526	-0.00371918029
0.06175906063	0.00620510521	-0.00365427372
0.06177051062	0.00609006714	-0.00358759828
0.06178201735	0.00597220501	-0.00351890699
0.06179354290	0.00585174816	-0.00344831435
0.06180508048	0.00572860601	-0.00337572133
0.06181662005	0.00560271237	-0.00330105218
0.06182813933	0.00547412890	-0.00322431226
0.06183962170	0.00534285396	-0.00314545839
0.06185104909	0.00520889874	-0.00306445395
0.06186240428	0.00507226146	-0.00298125145
0.06187367032	0.00493293228	-0.00289579934
0.06188482609	0.00479094981	-0.00280808022
0.06189584990	0.00464636047	-0.00271807463
0.06190672357	0.00449916403	-0.00262572837
0.06191742648	0.00434939047	-0.00253101259
0.06192793712	0.00419708277	-0.00243390522
0.06193823407	0.00404228403	-0.00233438272
0.06194829568	0.00388504343	-0.00223242675
0.06195809495	0.00372550273	-0.00212807995
0.06196762010	0.00356355983	-0.00202119686
0.06197684490	0.00339935227	-0.00191183859
0.06198574334	0.00323303607	-0.00180006186
0.06199430149	0.00306455260	-0.00168574806
0.06200249600	0.00289402650	-0.00156894763
0.06201030228	0.00272163748	-0.00144974032
0.06201770845	0.00254730027	-0.00132798459
0.06202468784	0.00237128616	-0.00120386032
0.06203122757	0.00219356021	-0.00107726154
0.06203730707	0.00201430676	-0.00094829483
0.06204291082	0.00183360762	-0.00081696685
0.06204802388	0.00165155453	-0.00068329902
0.06205263034	0.00146832135	-0.00054739183
0.06205671935	0.00128393263	-0.00040920407
0.06206027635	0.00109863548	-0.00026891827
0.06206329370	0.00091240061	-0.00012643835
0.06206575960	0.00072552447	0.00001798853
0.06206766864	0.00053796835	0.00016446900
0.06206901328	0.00034998620	0.00031278470
0.06206978952	0.00016164388	0.00046292773
0.06206999416	-0.00002693570	0.00061480856
0.06206962578	-0.00021553549	0.00076824758
0.06206868427	-0.00040414492	0.00092328453
0.06206717136	-0.00059257044	0.00107972891
0.06206509081	-0.00078064264	0.00123744220
0.06206244641	-0.00096832093	0.00139641845
0.06205924483	-0.00115543565	0.00155648037
0.06205549378	-0.00134186120	0.00171751336
0.06205120292	-0.00152745421	0.00187937896
0.06204638187	-0.00171213229	0.00204200445
0.06204104257	-0.00189576816	0.00220524667
0.06203519809	-0.00207824383	0.00236897460
0.06202886257	-0.00225944867	0.00253306426
0.06202205112	-0.00243927741	0.00269738943
0.06201477987	-0.00261762828	0.00286182414
0.06200706578	-0.00279440384	0.00302624247
0.06199892804	-0.00296948170	0.00319049007
0.06199038333	-0.00314281313	0.00335449787
0.06198145114	-0.00331430458	0.00351812082
0.06197215179	-0.00348386307	0.00368122090
0.06196250697	-0.00365138743	0.00384365275
0.06195253311	-0.00381687582	0.00400539456
0.06194225653	-0.00398017035	0.00416619902
0.06193169211	-0.00414130560	0.00432609859
0.06192086756	-0.00430012335	0.00448483427
0.06190979815	-0.00445665713	0.00464243745
0.06189850728	-0.00461082382	0.00479873887
0.06188701742	-0.00476255972	0.00495362093
0.06187534748	-0.00491185041	0.00510703425
0.06186351773	-0.00505866322	0.00525888658
0.06185154887	-0.00520296089	0.00540908062
0.06183946057	-0.00534471851	0.00555753943
0.06182727203	-0.00548391588	0.00570419034
0.06181500190	-0.00562053739	0.00584896498
0.06180266997	-0.00575455342	0.00599177785
0.06179029268	-0.00588596892	0.00613259586
0.06177788581	-0.00601479214	0.00627137714
0.06176546795	-0.00614099904	0.00640803449
0.06175305596	-0.00626458141	0.00654251663
0.06174066056	-0.00638558801	0.00667484842
0.06172830285	-0.00650396244	0.00680489187
0.06171599042	-0.00661977545	0.00693271844
0.06170373913	-0.00673301398	0.00705824465
0.06169156445	-0.00684366688	0.00718141827
0.06167947260	-0.00695180261	0.00730230213
0.06166747747	-0.00705741617	0.00742082958
0.06165558946	-0.00716052991	0.00753699254
0.06164381828	-0.00726116846	0.00765078639
0.06163217294	-0.00735935858	0.00776220988
0.06162066169	-0.00745512933	0.00787126472
0.06160929208	-0.00754851172	0.00797795554
0.06159807100	-0.00763953854	0.00808228985
0.06158700468	-0.00772824393	0.00818427806
0.06157609868	-0.00781466388	0.00828393284
0.06156536235	-0.00789880110	0.00838122575
0.06155479478	-0.00798073549	0.00847624840
0.06154439998	-0.00806050439	0.00856900604
0.06153419028	-0.00813807877	0.00865942545
0.06152415575	-0.00821359599	0.00874769039
0.06151431157	-0.00828700017	0.00883366874
0.06150464790	-0.00835842011	0.00891753310
0.06149518071	-0.00842779033	0.00899914674
0.06148589667	-0.00849525810	0.00907871665
0.06147680496	-0.00856080319	0.00915616300
0.06146790864	-0.00862444822	0.00923150570
0.06145919989	-0.00868629087	0.00930486906
0.06145068287	-0.00874634065	0.00937622858
0.06144235728	-0.00880463698	0.00944562125
0.06143422404	-0.00886120854	0.00951307053
0.06142628039	-0.00891610773	0.00957863623
0.06141852390	-0.00896938250	0.00964236510
0.06141095442	-0.00902106296	0.00970427768
0.06140357028	-0.00907118831	0.00976441227
0.06139636959	-0.00911979720	0.00982280750
0.06138935026	-0.00916692832	0.00987950172
0.06138251002	-0.00921261977	0.00993453340
0.06137584906	-0.00925689216	0.00998791800
0.06136936234	-0.00929979926	0.01003972250
0.06136304620	-0.00934138431	0.01008999170
0.06135689881	-0.00938167727	0.01013875081
0.06135091722	-0.00942071419	0.01018603703
0.06134510190	-0.00945850795	0.01023185717
0.06133945007	-0.00949509162	0.01027625373
0.06133395035	-0.00953055270	0.01031934058
0.06132860405	-0.00956489546	0.01036110004
0.06132339551	-0.00959823231	0.01040167265
0.06131898118	-0.00962639325	0.01043523940
0.06131401532	-0.00965797212	0.01046552748
0.06130855117	-0.00969259789	0.01049218177
0.06130264798	-0.00972986384	0.01051488978
0.06129637057	-0.00976933234	0.01053338528
0.06128978874	-0.00981054005	0.01054745143
0.06128297663	-0.00985300334	0.01055692331
0.06127601203	-0.00989622401	0.01056168987
0.06126897551	-0.00993969515	0.01056169523
0.06126194958	-0.00998290706	0.01055693934
0.06125501768	-0.01002535330	0.01054747793
0.06124826318	-0.01006653653	0.01053342195
0.06124176828	-0.01010597439	0.01051493619
0.06123561292	-0.01014320512	0.01049223737
0.06122987368	-0.01017779294	0.01046559162
0.06191218723	0.00958663512	-0.00603971528
0.06191046065	0.00959777904	-0.00593570968
0.06191088685	0.00959502939	-0.00588999052
0.06191174564	0.00958948651	-0.00585350402
0.06191281640	0.00958257089	-0.00582174453
0.06191407886	0.00957441061	-0.00579285179
0.06191549277	0.00956526295	-0.00576594021
0.06191700470	0.00955547114	-0.00574053181
0.06191867326	0.00954465305	-0.00571615225
0.06192043894	0.00953319154	-0.00569266011
0.06192229502	0.00952112803	-0.00566987700
0.06192428707	0.00950816336	-0.00564758262
0.06192638236	0.00949450725	-0.00562573546
0.06192855784	0.00948030715	-0.00560428859
0.06193085024	0.00946532028	-0.00558310262
0.06193325876	0.00944954811	-0.00556212662
0.06193577277	0.00943305632	-0.00554133420
0.06193839389	0.00941583039	-0.00552068194
0.06194112402	0.00939785372	-0.00550013088
0.06194396532	0.00937910769	-0.00547964626
0.06194691805	0.00935958570	-0.00545920017
0.06194998928	0.00933923599	-0.00543875440
0.06195318342	0.00931802363	-0.00541827938
0.06195649249	0.00929599584	-0.00539777058
0.06195992734	0.00927307413	-0.00537718636
0.06196349048	0.00924923497	-0.00535650469
0.06196718421	0.00922445561	-0.00533570366
0.06197101172	0.00919870677	-0.00531476131
0.06197497622	0.00917195851	-0.00529365483
0.06197907504	0.00914421986	-0.00527237386
0.06198328948	0.00911560887	-0.00525093865
0.06198767938	0.00908570882	-0.00522920188
0.06199221632	0.00905470130	-0.00520721641
0.06199685996	0.00902285183	-0.00518504982
0.06200170471	0.00898950018	-0.00516246919
0.06200666478	0.00895522319	-0.00513965818
0.06201181098	0.00891951787	-0.00511642881
0.06201708548	0.00888277034	-0.00509290037
0.06202255697	0.00884448568	-0.00506888600
0.06202815131	0.00880516579	-0.00504454675
0.06203393944	0.00876429447	-0.00501967918
0.06203989704	0.00872202241	-0.00499432793
0.06204601343	0.00867840526	-0.00496849422
0.06205229570	0.00863337120	-0.00494212982
0.06205876511	0.00858674399	-0.00491515214
0.06206540858	0.00853859224	-0.00488757161
0.06207222837	0.00848887305	-0.00485935216
0.06207922653	0.00843754312	-0.00483045708
0.06208640490	0.00838455884	-0.00480084889
0.06209376513	0.00832987587	-0.00477049068
0.06210130861	0.00827344966	-0.00473934475
0.06210901922	0.00821536560	-0.00470742089
0.06211692400	0.00815538184	-0.00467459639
0.06212501789	0.00809349442	-0.00464085467
0.06213328149	0.00802980892	-0.00460621640
0.06214172656	0.00796418988	-0.00457059896
0.06215036241	0.00789651519	-0.00453392858
0.06215915989	0.00782696247	-0.00449626215
0.06216814750	0.00775525222	-0.00445744888
0.06217730921	0.00768145297	-0.00441750260
0.06218662707	0.00760565012	-0.00437643565
0.06219612980	0.00752754529	-0.00433408422
0.06220579494	0.00744725292	-0.00429048641
0.06221561915	0.00736472901	-0.00424559603
0.06222559857	0.00727993009	-0.00419936766
0.06223572875	0.00719281352	-0.00415175632
0.06224600463	0.00710333774	-0.00410271719
0.06225642053	0.00701146222	-0.00405220602
0.06226697014	0.00691714749	-0.00400017944
0.06227764648	0.00682035546	-0.00394659458
0.06228844189	0.00672104956	-0.00389140916
0.06229934067	0.00661926374	-0.00383461343
0.06231033644	0.00651494227	-0.00377614777
0.06232143257	0.00640792807	-0.00371590092
0.06233259032	0.00629846677	-0.00365398503
0.06234383160	0.00618620740	-0.00359016433
0.06235511002	0.00607147052	-0.00352460204
0.06236644423	0.00595391759	-0.00345705896
0.06237779736	0.00583377212	-0.00338764493
0.06238916256	0.00571094517	-0.00331626349
0.06240052983	0.00558537167	-0.00324284081
0.06241187735	0.00545711153	-0.00316738140
0.06242318871	0.00532616285	-0.00308984280
0.06243444615	0.00519253634	-0.00301018891
0.06244563265	0.00505623010	-0.00292837316
0.06245673147	0.00491723443	-0.00284434511
0.06246772181	0.00477558705	-0.00275808736
0.06247858234	0.00463133338	-0.00266958046
0.06248929508	0.00448447332	-0.00257877142
0.06249983968	0.00433503639	-0.00248563187
0.06251019491	0.00418306490	-0.00239014000
0.06252033966	0.00402860136	-0.00229227259
0.06253025254	0.00387169431	-0.00219201154
0.06253990702	0.00371248293	-0.00208939754
0.06254929126	0.00355086795	-0.00198428970
0.06255837942	0.00338698463	-0.00187674699
0.06256714590	0.00322098642	-0.00176682388
0.06257557678	0.00305281679	-0.00165440558
0.06258364902	0.00288259869	-0.00153954093
0.06259133838	0.00271050905	-0.00142230683
0.06259863291	0.00253646549	-0.00130256666
0.06260550639	0.00236073487	-0.00118049445
0.06261194591	0.00218328421	-0.00105598799
0.06261793114	0.00200429543	-0.00092915067
0.06262344665	0.00182385010	-0.00079998932
0.06262847760	0.00164203960	-0.00066852519
0.06263300819	0.00145903585	-0.00053485602
0.06263702755	0.00127486457	-0.00039894268
0.06264052125	0.00108976967	-0.00026096243
0.06264348156	0.00090372420	-0.00012082323
0.06264589676	0.00071702067	0.00002123490
0.06264776133	0.00052962298	0.00016531407
0.06264906771	0.00034178217	0.00031120188
0.06264981179	0.00015356479	0.00045888952
0.06264999028	-0.00003490651	0.00060828895
0.06264960163	-0.00022341673	0.00075922517
0.06264864559	-0.00041195338	0.00091173514
0.06264712372	-0.00060032433	0.00106563284
0.06264503960	-0.00078836116	0.00122078280
0.06264239684	-0.00097602186	0.00137717757
0.06263920187	-0.00116313759	0.00153464373
0.06263546221	-0.00134958282	0.00169306862
0.06263118725	-0.00153521456	0.00185231648
0.06262638640	-0.00171994966	0.00201231504
0.06262107134	-0.00190366087	0.00217292376
0.06261525488	-0.00208623004	0.00233401386
0.06260895091	-0.00226754632	0.00249546336
0.06260217427	-0.00244750407	0.00265714808
0.06259494083	-0.00262600115	0.00281894406
0.06258726731	-0.00280293963	0.00298072733
0.06257917259	-0.00297819719	0.00314234659
0.06257067313	-0.00315172389	0.00330373292
0.06256178819	-0.00332342569	0.00346474378
0.06255253783	-0.00349320926	0.00362524358
0.06254294345	-0.00366097318	0.00378508969
0.06253302136	-0.00382671389	0.00394425904
0.06252279754	-0.00399027419	0.00410251026
0.06251228678	-0.00415168653	0.00425987295
0.06250151646	-0.00431079345	0.00441609450
0.06249050178	-0.00446762653	0.00457120362
0.06247926592	-0.00462210233	0.00472503457
0.06246783114	-0.00477415677	0.00487747191
0.06245621623	-0.00492377434	0.00502846630
0.06244444134	-0.00507092159	0.00517792686
0.06243252700	-0.00521556060	0.00532575787
0.06242049277	-0.00535766572	0.00547188347
0.06240835774	-0.00549721602	0.00561623199
0.06239614047	-0.00563419515	0.00575873595
0.06238386062	-0.00576857303	0.00589931148
0.06237153458	-0.00590035374	0.00603792548
0.06235917808	-0.00602954467	0.00617453631
0.06234680962	-0.00615612139	0.00630905858
0.06233444597	-0.00628007525	0.00644144187
0.06232209792	-0.00640145379	0.00657170944
0.06230978639	-0.00652020091	0.00669972697
0.06229751906	-0.00663638603	0.00682556308
0.06228531172	-0.00674999583	0.00694913626
0.06227317975	-0.00686101911	0.00707039558
0.06226112950	-0.00696952321	0.00718940148
0.06224917476	-0.00707550296	0.00730608898
0.06223732595	-0.00717898030	0.00742045002
0.06222559279	-0.00727997952	0.00753247993
0.06221398427	-0.00737852701	0.00764217738
0.06220250867	-0.00747465148	0.00774954391
0.06219117356	-0.00756838362	0.00785458401
0.06217998584	-0.00765975592	0.00795730495
0.06216895177	-0.00774880222	0.00805771685
0.06215807693	-0.00783555823	0.00815583210
0.06214737061	-0.00792002692	0.00825162341
0.06213683204	-0.00800228745	0.00834517971
0.06212646524	-0.00808237690	0.00843650622
0.06211628243	-0.00816026700	0.00852553245
0.06210627392	-0.00823609373	0.00861243663
0.06209645470	-0.00830980224	0.00869709119
0.06208681518	-0.00838152016	0.00877966361
0.06207737110	-0.00845118322	0.00886002201
0.06206810942	-0.00851893735	0.00893836722
0.06205903919	-0.00858476292	0.00901462234
0.06205016346	-0.00864868281	0.00908880727
0.06204147458	-0.00871079397	0.00916104285
0.06203297668	-0.00877110624	0.00923130579
0.06202466946	-0.00882965905	0.00929963251
0.06201655384	-0.00888648127	0.00936604631
0.06200862713	-0.00894162519	0.00943060569
0.06200088693	-0.00899513866	0.00949335648
0.06199333312	-0.00904705194	0.00955431909
0.06198596402	-0.00909740428	0.00961353124
0.06197877779	-0.00914623438	0.00967103090
0.06197177235	-0.00919358099	0.00972685582
0.06196494547	-0.00923948226	0.00978104383
0.06195829729	-0.00928395910	0.00983361056
0.06195182286	-0.00932706517	0.00988462146
0.06194551855	-0.00936884367	0.00993412047
0.06193938253	-0.00940932472	0.00998213256
0.06193341189	-0.00944854441	0.01002869434
0.06192760704	-0.00948651602	0.01007381304
0.06192196522	-0.00952327274	0.01011753048
0.06191647521	-0.00955890149	0.01015995732
0.06191113828	-0.00959340692	0.01020107702
0.06190593903	-0.00962690045	0.01024102592
0.06190157202	-0.00965494077	0.01027375672
0.06189667098	-0.00968631103	0.01030322740
0.06189128861	-0.00972064270	0.01032909247
0.06188548342	-0.00975753254	0.01035104866
0.06187931932	-0.00979654738	0.01036883858
0.06187286498	-0.00983722923	0.01038225363
0.06186619327	-0.00987910067	0.01039113655
0.06185938050	-0.00992167046	0.01039538319
0.06185250560	-0.00996443934	0.01039494377
0.06184564928	-0.01000690590	0.01038982343
0.06183889304	-0.01004857239	0.01038008221
0.06183231821	-0.01008895065	0.01036583431
0.06182600482	-0.01012756774	0.01034724678
0.06182003060	-0.01016397151	0.01032453753
0.06181446986	-0.01019773583	0.01029797283
0.06249292611	0.00956046995	-0.00593879068
0.06249131034	0.00957102567	-0.00583637508
0.06249176339	0.00956806713	-0.00579136110
0.06249263345	0.00956238280	-0.00575544097
0.06249370852	0.00955535427	-0.00572417538
0.06249496932	0.00954710478	-0.00569573384
0.06249637721	0.00953788426	-0.00566924384
0.06249788082	0.00952802670	-0.00564423333
0.06249953670	0.00951715884	-0.00562023775
0.06250128760	0.00950565352	-0.00559711584
0.06250312709	0.00949355064	-0.00557469181
0.06250509915	0.00948055799	-0.00555275053
0.06250717231	0.00946687962	-0.00553124992
0.06250932442	0.00945265888	-0.00551014292
0.06251159094	0.00943765854	-0.00548929367
0.06251397112	0.00942187956	-0.00546865195
0.06251645482	0.00940538554	-0.00544819134
0.06251904364	0.00938816184	-0.00542786909
0.06252173947	0.00937019179	-0.00540764684
0.06252454444	0.00935145672	-0.00538749042
0.06252745889	0.00933194971	-0.00536737225
0.06253048967	0.00931161973	-0.00534725493
0.06253364110	0.00929043221	-0.00532710944
0.06253690555	0.00926843265	-0.00530693091
0.06254029355	0.00924554394	-0.00528667867
0.06254380756	0.00922174255	-0.00526633107
0.06254744987	0.00919700572	-0.00524586653
0.06255122363	0.00917130428	-0.00522526345
0.06255513198	0.00914460844	-0.00520449942
0.06255917242	0.00911692635	-0.00518356400
0.06256332700	0.00908837253	-0.00516247621
0.06256765343	0.00905853983	-0.00514109354
0.06257212441	0.00902760471	-0.00511946667
0.06257670112	0.00899582550	-0.00509766016
0.06258147461	0.00896255744	-0.00507544895
0.06258636228	0.00892836251	-0.00505300973
0.06259143240	0.00889274932	-0.00503016067
0.06259662933	0.00885609377	-0.00500701633
0.06260201932	0.00881791228	-0.00498339597
0.06260753099	0.00877869372	-0.00495945439
0.06261323275	0.00873793367	-0.00493499472
0.06261910123	0.00869577835	-0.00491005959
0.06262512619	0.00865228122	-0.00488464957
0.06263131452	0.00860737137	-0.00485871743
0.06263768676	0.00856087599	-0.00483218289
0.06264423034	0.00851286115	-0.00480505545
0.06265094749	0.00846328413	-0.00477729966
0.06265784024	0.00841210177	-0.00474887941
0.06266491039	0.00835927062	-0.00471975786
0.06267215957	0.00830474650	-0.00468989871
0.06267958914	0.00824848501	-0.00465926491
0.06268718359	0.00819056855	-0.00462786510
0.06269496901	0.00813076017	-0.00459558013
0.06270294053	0.00806905502	-0.00456239336
0.06271107945	0.00800555524	-0.00452832397
0.06271939710	0.00794012764	-0.00449329141
0.06272790248	0.00787265208	-0.00445722376
0.06273656744	0.00780330098	-0.00442017517
0.06274541944	0.00773180056	-0.00438199927
0.06275444300	0.00765821674	-0.00434270872
0.06276362077	0.00758263196	-0.00430231459
0.06277298040	0.00750475397	-0.00426065790
0.06278250015	0.00742469356	-0.00421777482
0.06279217676	0.00734240684	-0.00417361991
0.06280200639	0.00725785047	-0.00412814851
0.06281198467	0.00717098189	-0.00408131641
0.06282210662	0.00708175964	-0.00403307954
0.06283236664	0.00699014327	-0.00398339439
0.06284275850	0.00689609339	-0.00393221834
0.06285327534	0.00679957198	-0.00387950923
0.06286390960	0.00670054253	-0.00382522551
0.06287464596	0.00659903744	-0.00376935693
0.06288547810	0.00649500151	-0.00371184511
0.06289640905	0.00638828060	-0.00365258189
0.06290740121	0.00627911404	-0.00359167483
0.06291847550	0.00616715826	-0.00352889538
0.06292958691	0.00605272591	-0.00346440055
0.06294075317	0.00593548565	-0.00339795841
0.06295193843	0.00581565540	-0.00332967446
0.06296313579	0.00569314781	-0.00325945465
0.06297433526	0.00556789889	-0.00318722697
0.06298551548	0.00543996687	-0.00311299514
0.06299666028	0.00530934963	-0.00303671739
0.06300775214	0.00517605741	-0.00295835812
0.06301877427	0.00504008821	-0.00287787162
0.06302971013	0.00490143248	-0.00279520851
0.06304053926	0.00476012708	-0.00271035140
0.06305124063	0.00461621649	-0.00262328084
0.06306179648	0.00446970075	-0.00253394502
0.06307218673	0.00432060893	-0.00244231600
0.06308239044	0.00416898272	-0.00234837221
0.06309238676	0.00401486405	-0.00225209078
0.06310215459	0.00385830088	-0.00215345381
0.06311166785	0.00369942991	-0.00205250015
0.06312091462	0.00353815458	-0.00194909324
0.06312986948	0.00337460798	-0.00184329001
0.06313850724	0.00320894109	-0.00173514284
0.06314681397	0.00304109940	-0.00162454052
0.06315476693	0.00287120423	-0.00151153037
0.06316234225	0.00269942986	-0.00139618668
0.06316952791	0.00252569670	-0.00127837736
0.06317629812	0.00235026732	-0.00115827101
0.06318263994	0.00217311065	-0.00103576889
0.06318853332	0.00199440627	-0.00091097142
0.06319396292	0.00181423551	-0.00078388559
0.06319891396	0.00163268941	-0.00065453246
0.06320337079	0.00144993801	-0.00052300719
0.06320732255	0.00126600816	-0.00038927257
0.06321075490	0.00108114068	-0.00025350092
0.06321366006	0.00089531086	-0.00011560397
0.06321602639	0.00070880740	0.00002418499
0.06321784825	0.00052159671	0.00016596385
0.06321911810	0.00033392700	0.00030952580
0.06321983172	0.00014586549	0.00045486122
0.06321998574	-0.00004246545	0.00060188350
0.06321957851	-0.00023085281	0.00075042195
0.06321860962	-0.00041928228	0.00090051099
0.06321708050	-0.00060756311	0.00105196883
0.06321499455	-0.00079552787	0.00120466288
0.06321235519	-0.00098313318	0.00135858432
0.06320916869	-0.00117021105	0.00151356341
0.06320544232	-0.00135663602	0.00166948931
0.06320118525	-0.00154226550	0.00182622884
0.06319640668	-0.00172701566	0.00198371021
0.06319111804	-0.00191075927	0.00214179537
0.06318533191	-0.00209337811	0.00230035765
0.06317906190	-0.00227476110	0.00245927703
0.06317232262	-0.00245480230	0.00261843125
0.06316512969	-0.00263339923	0.00277769826
0.06315749956	-0.00281045358	0.00293695603
0.06314945084	-0.00298584305	0.00309605608
0.06314099979	-0.00315951661	0.00325492970
0.06313216540	-0.00333137981	0.00341343677
0.06312296750	-0.00350133895	0.00357144397
0.06311342720	-0.00366929248	0.00372881132
0.06310356069	-0.00383523515	0.00388551457
0.06309339359	-0.00399901052	0.00404131798
0.06308294064	-0.00416064895	0.00419624850
0.06307222886	-0.00431999381	0.00435005953
0.06306127339	-0.00447707478	0.00450277732
0.06305009717	-0.00463180819	0.00465423947
0.06303872226	-0.00478412958	0.00480433258
0.06302716734	-0.00493402246	0.00495300741
0.06301545239	-0.00508145262	0.00510017435
0.06300359780	-0.00522638154	0.00524573922
0.06299162302	-0.00536878291	0.00538962721
0.06297954699	-0.00550863508	0.00553176757
0.06296738819	-0.00564592102	0.00567209375
0.06295516615	-0.00578061024	0.00581052336
0.06294289720	-0.00591270602	0.00594702333
0.06293059700	-0.00604221488	0.00608155228
0.06291828396	-0.00616911208	0.00621402653
0.06290597476	-0.00629338856	0.00634439648
0.06289368022	-0.00641509069	0.00647268388
0.06288142109	-0.00653416266	0.00659875789
0.06286920513	-0.00665067261	0.00672268447
0.06285704807	-0.00676460703	0.00684438398
0.06284496517	-0.00687595465	0.00696380671
0.06283296288	-0.00698478172	0.00708101086
0.06282105493	-0.00709108293	0.00719593304
0.06280925174	-0.00719487986	0.00730856519
0.06279756299	-0.00729619643	0.00741890261
0.06278599770	-0.00739505868	0.00752694388
0.06277456413	-0.00749149503	0.00763269044
0.06276326988	-0.00758553582	0.00773614657
0.06275212185	-0.00767721326	0.00783731934
0.06274112632	-0.00776656091	0.00793621863
0.06273028889	-0.00785361422	0.00803285653
0.06271961879	-0.00793837637	0.00812720684
0.06270911536	-0.00802092584	0.00821935596
0.06269878266	-0.00810129943	0.00830930908
0.06268863276	-0.00817946961	0.00839699827
0.06267865623	-0.00825557102	0.00848259656
0.06266886787	-0.00832954983	0.00856598064
0.06265925831	-0.00840153247	0.00864731318
0.06264984306	-0.00847145589	0.00872646684
0.06264060938	-0.00853946466	0.00880363666
0.06263156620	-0.00860553978	0.00887874848
0.06262271653	-0.00866970437	0.00895182219
0.06261405291	-0.00873205464	0.00902297534
0.06260557940	-0.00879260074	0.00909218580
0.06259729575	-0.00885138211	0.00915948940
0.06258920286	-0.00890842780	0.00922490933
0.06258129808	-0.00896378997	0.00928850282
0.06257357908	-0.00901751638	0.00935031478
0.06256604572	-0.00906963741	0.00941036558
0.06255869637	-0.00912019235	0.00946869231
0.06255152920	-0.00916921995	0.00952533236
0.06254454216	-0.00921675899	0.00958032286
0.06253773303	-0.00926284768	0.00963370106
0.06253110194	-0.00930750721	0.00968548271
0.06252464399	-0.00935079111	0.00973573184
0.06251835560	-0.00939274255	0.00978449154
0.06251223496	-0.00943339174	0.00983178657
0.06250627917	-0.00947277488	0.00987765296
0.06250048860	-0.00951090556	0.00992209834
0.06249486050	-0.00954781711	0.00996516384
0.06248938382	-0.00958359586	0.01000695715
0.06248405979	-0.00961824683	0.01004746275
0.06247887326	-0.00965188045	0.01008681303
0.06247455502	-0.00967979210	0.01011874858
0.06246971945	-0.00971095010	0.01014744324
0.06246441868	-0.00974498842	0.01017256059
0.06245871048	-0.00978150730	0.01019380615
0.06245265782	-0.00982007798	0.01021093084
0.06244632828	-0.00986024769	0.01022373389
0.06243979345	-0.00990154505	0.01023206519
0.06243312818	-0.00994348559	0.01023582707
0.06242640982	-0.00998557745	0.01023497542
0.06241971732	-0.01002732716	0.01022952022
0.06241313031	-0.01006824540	0.01021952544
0.06240672810	-0.01010785276	0.01020510825
0.06240058869	-0.01014568534	0.01018643769
0.06239478766	-0.01018130016	0.01016373264
0.06238939716	-0.01021428033	0.01013725930
0.06308375282	0.00953310703	-0.00583874647
0.06308224397	0.00954308627	-0.00573791131
0.06308272227	0.00953992408	-0.00569359826
0.06308360239	0.00953410245	-0.00565824104
0.06308468073	0.00952696472	-0.00562746635
0.06308593896	0.00951862941	-0.00559947325
0.06308734000	0.00950933920	-0.00557340225
0.06308883450	0.00949941903	-0.00554878726
0.06309047698	0.00948850431	-0.00552517329
0.06309221240	0.00947695807	-0.00550241935
0.06309403463	0.00946481874	-0.00548035225
0.06309598609	0.00945180088	-0.00545876192
0.06309803651	0.00943810302	-0.00543760577
0.06310016465	0.00942386447	-0.00541683661
0.06310240468	0.00940885345	-0.00539632205
0.06310475598	0.00939307043	-0.00537601259
0.06310720881	0.00937657698	-0.00535588178
0.06310976479	0.00935935832	-0.00533588756
0.06311242579	0.00934139773	-0.00531599217
0.06311519391	0.00932267650	-0.00529616198
0.06311806956	0.00930318737	-0.00527636978
0.06312105938	0.00928288008	-0.00525657896
0.06312416761	0.00926172037	-0.00523676104
0.06312738694	0.00923975207	-0.00521691081
0.06313072758	0.00921689943	-0.00519698861
0.06313419197	0.00919313895	-0.00517697310
0.06313778239	0.00916844782	-0.00515684305
0.06314150190	0.00914279703	-0.00513657722
0.06314535362	0.00911615687	-0.00511615361
0.06314933521	0.00908853471	-0.00509556170
0.06315342941	0.00906004157	-0.00507481931
0.06315769192	0.00903027970	-0.00505378864
0.06316209647	0.00899942054	-0.00503251822
0.06316660574	0.00896771536	-0.00501106973
0.06317130751	0.00893453457	-0.00498922570
0.06317612226	0.00890042562	-0.00496715611
0.06318111583	0.00886490846	-0.00494468507
0.06318623469	0.00882834901	-0.00492192259
0.06319154270	0.00879027479	-0.00489869385
0.06319697117	0.00875116190	-0.00487514762
0.06320258606	0.00871051749	-0.00485109341
0.06320836492	0.00866848339	-0.00482657192
0.06321429792	0.00862511093	-0.00480158305
0.06322039177	0.00858033009	-0.00477608059
0.06322666630	0.00853397144	-0.00474998653
0.06323310945	0.00848609857	-0.00472330946
0.06323972341	0.00843666892	-0.00469601451
0.06324651018	0.00838563950	-0.00466806621
0.06325347153	0.00833296700	-0.00463942834
0.06326060906	0.00827860742	-0.00461006520
0.06326792412	0.00822251651	-0.00457994038
0.06327540177	0.00816477376	-0.00454906144
0.06328306718	0.00810514699	-0.00451731264
0.06329091568	0.00804363055	-0.00448467736
0.06329892923	0.00798032316	-0.00445117331
0.06330711878	0.00791509389	-0.00441672198
0.06331549297	0.00784782453	-0.00438125325
0.06332402467	0.00777868242	-0.00434481863
0.06333274031	0.00770739936	-0.00430727603
0.06334162495	0.00763403879	-0.00426863702
0.06335066183	0.00755868018	-0.00422891142
0.06335987753	0.00748103736	-0.00418794499
0.06336925106	0.00740121751	-0.00414577199
0.06337877918	0.00731917688	-0.00410234775
0.06338845813	0.00723487223	-0.00405762837
0.06339828359	0.00714826114	-0.00401157038
0.06340825066	0.00705930221	-0.00396413046
0.06341835382	0.00696795511	-0.00391526584
0.06342858695	0.00687418051	-0.00386493461
0.06343894327	0.00677794050	-0.00381309533
0.06344941533	0.00667919860	-0.00375970717
0.06345998821	0.00657798570	-0.00370475942
0.06347065561	0.00647424717	-0.00364819489
0.06348142027	0.00636783173	-0.00358990846
0.06349224569	0.00625897252	-0.00353000325
0.06350315184	0.00614733328	-0.00346825772
0.06351409505	0.00603321888	-0.00340482285
0.06352509216	0.00591630506	-0.00333947379
0.06353610832	0.00579680427	-0.00327231185
0.06354713657	0.00567463070	-0.00320324533
0.06355816700	0.00554972144	-0.00313220398
0.06356917864	0.00542213308	-0.00305919076
0.06358015558	0.00529186328	-0.00298416461
0.06359108055	0.00515892184	-0.00290709040
0.06360193700	0.00502330667	-0.00282792327
0.06361270859	0.00488500833	-0.00274661489
0.06362337516	0.00474406289	-0.00266314788
0.06363391605	0.00460051389	-0.00257750280
0.06364431368	0.00445436149	-0.00248962898
0.06365454825	0.00430563436	-0.00239949893
0.06366459912	0.00415437353	-0.00230709132
0.06367444571	0.00400062042	-0.00221238359
0.06368406721	0.00384442237	-0.00211535807
0.06369343797	0.00368591366	-0.00201605184
0.06370254604	0.00352500040	-0.00191433251
0.06371136641	0.00336181354	-0.00181025506
0.06371987427	0.00319650161	-0.00170386984
0.06372805572	0.00302901210	-0.00159506912
0.06373588833	0.00285946474	-0.00148389872
0.06374334858	0.00268803116	-0.00137043041
0.06375042442	0.00251463452	-0.00125453648
0.06375709047	0.00233953315	-0.00113638028
0.06376333380	0.00216269788	-0.00101586643
0.06376913462	0.00198430596	-0.00089309244
0.06377447767	0.00180443847	-0.00076806545
0.06377934828	0.00162318609	-0.00064080633
0.06378373095	0.00144071704	-0.00051140772
0.06378761480	0.00125705922	-0.00037983426
0.06379098565	0.00107245040	-0.00024625346
0.06379383563	0.00088686810	-0.00011058069
0.06379615320	0.00070059719	0.00002695730
0.06379793263	0.00051360658	0.00016645433
0.06379916639	0.00032614164	0.00030770907
0.06379985017	0.00013827025	0.00045071110
0.06379998050	-0.00004988552	0.00059537523
0.06379955565	-0.00023811466	0.00074153501
0.06379857508	-0.00042640108	0.00088922240
0.06379704007	-0.00061455541	0.00103825974
0.06379495385	-0.00080241122	0.00118851727
0.06379231969	-0.00098992383	0.00133998490
0.06378914363	-0.00117692607	0.00149249646
0.06378543277	-0.00136329264	0.00164594296
0.06378119603	-0.00154888132	0.00180019372
0.06377644239	-0.00173360764	0.00195517747
0.06377118307	-0.00191734446	0.00211075859
0.06376543038	-0.00209997347	0.00226681254
0.06375919769	-0.00228138343	0.00242322121
0.06375249936	-0.00246146812	0.00257986426
0.06374535074	-0.00264012475	0.00273662154
0.06373776805	-0.00281725465	0.00289337292
0.06372976960	-0.00299273562	0.00304997272
0.06372137145	-0.00316651553	0.00320635248
0.06371259232	-0.00333849956	0.00336237443
0.06370345179	-0.00350859370	0.00351790754
0.06369397071	-0.00367669628	0.00367281442
0.06368416510	-0.00384280041	0.00382706970
0.06367406027	-0.00400675043	0.00398044317
0.06366367084	-0.00416857465	0.00413295921
0.06365302350	-0.00432811732	0.00428437715
0.06364213330	-0.00448540622	0.00443472084
0.06363102296	-0.00464035749	0.00458383114
0.06361971431	-0.00479290636	0.00473159672
0.06360822590	-0.00494303533	0.00487796843
0.06359657756	-0.00509070948	0.00502285792
0.06358478952	-0.00523588975	0.00516617256
0.06357288108	-0.00537854913	0.00530783855
0.06356087108	-0.00551866534	0.00544778611
0.06354877786	-0.00565622065	0.00558594956
0.06353662082	-0.00579118422	0.00572224802
0.06352441621	-0.00592355850	0.00585664844
0.06351217965	-0.00605334920	0.00598910972
0.06349992939	-0.00618053129	0.00611954985
0.06348768206	-0.00630509528	0.00624792006
0.06347544849	-0.00642708640	0.00637424065
0.06346324923	-0.00654644916	0.00649838414
0.06345109214	-0.00666325044	0.00662041396
0.06343899284	-0.00677747651	0.00674025226
0.06342696650	-0.00688911608	0.00685785055
0.06341501965	-0.00699823430	0.00697326485
0.06340316594	-0.00710482573	0.00708643331
0.06339141577	-0.00720891159	0.00719734789
0.06337977883	-0.00731051544	0.00730600387
0.06336826409	-0.00740966300	0.00741239975
0.06335687985	-0.00750638234	0.00751653683
0.06334563368	-0.00760070352	0.00761841924
0.06333453249	-0.00769265843	0.00771805383
0.06332358259	-0.00778228036	0.00781545023
0.06331278959	-0.00786960448	0.00791062026
0.06330216263	-0.00795463423	0.00800353876
0.06329170120	-0.00803744734	0.00809428968
0.06328140936	-0.00811808037	0.00818287815
0.06327129903	-0.00819650655	0.00826923876
0.06326136105	-0.00827285910	0.00835353944
0.06325161000	-0.00834708527	0.00843566104
0.06324203677	-0.00841931024	0.00851576154
0.06323265660	-0.00848947223	0.00859371800
0.06322345707	-0.00855771440	0.00866971983
0.06321444698	-0.00862401836	0.00874369551
0.06320562930	-0.00868840749	0.00881566493
0.06319699674	-0.00875097724	0.00888574241
0.06318855333	-0.00881173807	0.00895390696
0.06318029882	-0.00887072942	0.00902019382
0.06317223412	-0.00892798052	0.00908462603
0.06316435663	-0.00898354337	0.00914725960
0.06315666406	-0.00903746563	0.00920813857
0.06314915628	-0.00908977782	0.00926728319
0.06314183168	-0.00914051923	0.00932472997
0.06313468846	-0.00918972866	0.00938051571
0.06312772458	-0.00923744493	0.00943467693
0.06312093787	-0.00928370627	0.00948725030
0.06311432841	-0.00932853416	0.00953825169
0.06310789138	-0.00937198197	0.00958774371
0.06310162324	-0.00941409283	0.00963576864
0.06309552220	-0.00945489708	0.00968235101
0.06308958536	-0.00949443095	0.00972752627
0.06308381306	-0.00953270839	0.00977130244
0.06307820257	-0.00956976285	0.00981371996
0.06307274301	-0.00960568002	0.00985488364
0.06306743557	-0.00964046529	0.00989477889
0.06306226534	-0.00967422811	0.00993353431
0.06305799874	-0.00970199956	0.00996468656
0.06305323128	-0.00973293508	0.00999261834
0.06304801449	-0.00976667130	0.01001700218
0.06304240538	-0.00980281206	0.01003755220
0.06303646593	-0.00984093302	0.01005402747
0.06303026262	-0.00988058675	0.01006623483
0.06302386571	-0.00992130795	0.01007403117
0.06301734860	-0.00996261893	0.01007732508
0.06301078701	-0.01000403523	0.01007607794
0.06300425813	-0.01004507130	0.01007030436
0.06299783972	-0.01008524620	0.01006007206
0.06299160910	-0.01012408925	0.01004550097
0.06298564219	-0.01016114549	0.01002676195
0.06298001247	-0.01019598101	0.01000407468
0.06297478995	-0.01022818804	0.00997770516
0.06366428579	0.00950555703	-0.00574293741
0.06366287662	0.00951499033	-0.00564361972
0.06366337781	0.00951163633	-0.00559997965
0.06366426654	0.00950568595	-0.00556516286
0.06366534708	0.00949844624	-0.00553485951
0.06366660198	0.00949003119	-0.00550729697
0.06366799566	0.00948067662	-0.00548162825
0.06366948062	0.00947069889	-0.00545739303
0.06367110953	0.00945974163	-0.00543414544
0.06367282936	0.00944815859	-0.00541174481
0.06367463431	0.00943598676	-0.00539002045
0.06367656529	0.00942294714	-0.00536876707
0.06367859321	0.00940923304	-0.00534794163
0.06368069764	0.00939497996	-0.00532749689
0.06368291158	0.00937996124	-0.00530730371
0.06368523448	0.00936417692	-0.00528731329
0.06368765701	0.00934768662	-0.00526749917
0.06369018078	0.00933047548	-0.00524781993
0.06369280765	0.00931252668	-0.00522823840
0.06369553973	0.00929382151	-0.00520872148
0.06369837743	0.00927435240	-0.00518924232
0.06370132724	0.00925406978	-0.00516976504
0.06370439329	0.00923293972	-0.00515026168
0.06370756860	0.00921100447	-0.00513072674
0.06371086306	0.00918818957	-0.00511112147
0.06371427910	0.00916447153	-0.00509142488
0.06371781896	0.00913982754	-0.00507161605
0.06372148567	0.00911422869	-0.00505167410
0.06372528227	0.00908764542	-0.00503157739
0.06372920659	0.00906008429	-0.00501131537
0.06373324206	0.00903165306	-0.00499090473
0.06373744241	0.00900196288	-0.00497021208
0.06374178239	0.00897118043	-0.00494928397
0.06374622609	0.00893955029	-0.00492817935
0.06375085818	0.00890645729	-0.00490668791
0.06375560208	0.00887243506	-0.00488497333
0.06376052131	0.00883701433	-0.00486286530
0.06376556431	0.00880055156	-0.00484046957
0.06377079275	0.00876258480	-0.00481761689
0.06377614041	0.00872357807	-0.00479445037
0.06378167097	0.00868304946	-0.00477078552
0.06378736283	0.00864113667	-0.00474666122
0.06379320657	0.00859788900	-0.00472207680
0.06379920871	0.00855323731	-0.00469698699
0.06380538841	0.00850701533	-0.00467131590
0.06381173410	0.00845928434	-0.00464507129
0.06381824792	0.00841000193	-0.00461821887
0.06382493184	0.00835912527	-0.00459072375
0.06383178761	0.00830661122	-0.00456255031
0.06383881681	0.00825241592	-0.00453366344
0.06384602074	0.00819649530	-0.00450402731
0.06385338505	0.00813892606	-0.00447364850
0.06386093401	0.00807948060	-0.00444241450
0.06386866314	0.00801815249	-0.00441030868
0.06387655504	0.00795503720	-0.00437734741
0.06388462026	0.00789000597	-0.00434345410
0.06389286714	0.00782294244	-0.00430856031
0.06390126949	0.00775400910	-0.00427271511
0.06390985280	0.00768294311	-0.00423578044
0.06391860261	0.00760980550	-0.00419776685
0.06392750271	0.00753467300	-0.00415868299
0.06393657871	0.00745726513	-0.00411837911
0.06394581029	0.00737768573	-0.00407688766
0.06395519426	0.00729589116	-0.00403416471
0.06396472691	0.00721183829	-0.00399016709
0.06397440399	0.00712548481	-0.00394485203
0.06398422067	0.00703678944	-0.00389817693
0.06399417150	0.00694571192	-0.00385009972
0.06400425046	0.00685221304	-0.00380057919
0.06401445086	0.00675625493	-0.00374957457
0.06402476539	0.00665780121	-0.00369704571
0.06403517945	0.00655688132	-0.00364298149
0.06404568680	0.00645344117	-0.00358732585
0.06405628988	0.00634733223	-0.00352997651
0.06406695328	0.00623878173	-0.00347103247
0.06407769603	0.00612746040	-0.00341027874
0.06408847576	0.00601366570	-0.00334786069
0.06409930847	0.00589708011	-0.00328356011
0.06411016024	0.00577791089	-0.00321747438
0.06412102409	0.00565607370	-0.00314951400
0.06413189015	0.00553150667	-0.00307961043
0.06414273787	0.00540426484	-0.00300776590
0.06415355156	0.00527434564	-0.00293394000
0.06416431422	0.00514175849	-0.00285809810
0.06417500951	0.00500650119	-0.00278019612
0.06418562129	0.00486856444	-0.00270018671
0.06419612973	0.00472798353	-0.00261805252
0.06420651446	0.00458480112	-0.00253377415
0.06421675812	0.00443901751	-0.00244730199
0.06422684119	0.00429066095	-0.00235860897
0.06423674329	0.00413977190	-0.00226767400
0.06424644414	0.00398639124	-0.00217447481
0.06425592320	0.00383056575	-0.00207899396
0.06426515523	0.00367242740	-0.00198126686
0.06427412827	0.00351188485	-0.00188116505
0.06428281769	0.00334906700	-0.00177874169
0.06429119908	0.00318412005	-0.00167404520
0.06429925856	0.00301699340	-0.00156697113
0.06430697400	0.00284780525	-0.00145756392
0.06431432224	0.00267672469	-0.00134589291
0.06432129118	0.00250367753	-0.00123183457
0.06432785587	0.00232891803	-0.00111554726
0.06433400340	0.00215241883	-0.00099693876
0.06433971419	0.00197435494	-0.00087610387
0.06434497313	0.00179480719	-0.00075304983
0.06434976563	0.00161386595	-0.00062779735
0.06435407634	0.00143169763	-0.00050043666
0.06435789438	0.00124833117	-0.00037093415
0.06436120571	0.00106400139	-0.00023945280
0.06436400242	0.00087868792	-0.00010591136
0.06436627304	0.00069267197	0.00002946957
0.06436801178	0.00050592484	0.00016678001
0.06436921110	0.00031868914	0.00030582376
0.06436986663	0.00013103337	0.00044658972
0.06436997483	-0.00005692071	0.00058899404
0.06436953389	-0.00024496401	0.00073287427
0.06436854312	-0.00043307874	0.00087826007
0.06436700369	-0.00062107693	0.00102497773
0.06436491866	-0.00080879310	0.00117290015
0.06436229116	-0.00099618132	0.00132201607
0.06435912704	-0.00118307528	0.00147216271
0.06435543319	-0.00136934981	0.00162323284
0.06435121833	-0.00155486311	0.00177509819
0.06434649124	-0.00173953011	0.00192768797
0.06434126289	-0.00192322377	0.00208086892
0.06433554537	-0.00210582575	0.00223451851
0.06432935180	-0.00228722466	0.00238852047
0.06432269632	-0.00246731406	0.00254275628
0.06431559401	-0.00264599088	0.00269710763
0.06430806084	-0.00282315613	0.00285145620
0.06430011487	-0.00299868775	0.00300565899
0.06429177192	-0.00317253257	0.00315964778
0.06428305050	-0.00334459546	0.00331328707
0.06427396990	-0.00351478212	0.00346644801
0.06426455071	-0.00368299083	0.00361899567
0.06425480884	-0.00384921310	0.00377090369
0.06424476921	-0.00401329410	0.00392194704
0.06423444639	-0.00417526016	0.00407214777
0.06422386669	-0.00433495644	0.00422127076
0.06421304511	-0.00449240888	0.00436933767
0.06420200411	-0.00464753350	0.00451619247
0.06419076533	-0.00480026523	0.00466172576
0.06417934716	-0.00495058564	0.00480588851
0.06416776928	-0.00509845915	0.00494859362
0.06415605176	-0.00524384617	0.00508974991
0.06414421375	-0.00538671910	0.00522928455
0.06413227396	-0.00552705502	0.00536712871
0.06412025061	-0.00566483558	0.00550321754
0.06410816295	-0.00580002959	0.00563747158
0.06409602716	-0.00593263876	0.00576985787
0.06408385879	-0.00606266799	0.00590033553
0.06407167597	-0.00619009200	0.00602882419
0.06405949521	-0.00631490093	0.00615527582
0.06404732737	-0.00643713889	0.00627970940
0.06403519282	-0.00655675075	0.00640200064
0.06402309947	-0.00667380212	0.00652221055
0.06401106284	-0.00678827914	0.00664026303
0.06399909802	-0.00690017046	0.00675611070
0.06398721159	-0.00700954018	0.00686980755
0.06397541713	-0.00711638277	0.00698129320
0.06396372500	-0.00722071908	0.00709055963
0.06395214488	-0.00732257234	0.00719760208
0.06394068573	-0.00742196796	0.00730241898
0.06392935582	-0.00751893369	0.00740501152
0.06391816274	-0.00761349929	0.00750538367
0.06390711340	-0.00770569636	0.00760354208
0.06389621410	-0.00779555793	0.00769949617
0.06388547046	-0.00788311892	0.00779325745
0.06387489157	-0.00796838298	0.00788480178
0.06386447699	-0.00805142713	0.00797421077
0.06385423084	-0.00813228770	0.00806148951
0.06384416486	-0.00821093863	0.00814657496
0.06383427017	-0.00828751180	0.00822963022
0.06382456111	-0.00836195546	0.00831054007
0.06381502883	-0.00843439361	0.00838945805
0.06380568831	-0.00850476567	0.00846626538
0.06379652743	-0.00857321341	0.00854114614
0.06378755485	-0.00863971909	0.00861403130
0.06377877352	-0.00870430628	0.00868494072
0.06377017633	-0.00876706969	0.00875398571
0.06376176724	-0.00882802008	0.00882114631
0.06375354603	-0.00888719691	0.00888645720
0.06374551359	-0.00894462952	0.00894994129
0.06373766738	-0.00900036981	0.00901165342
0.06373000516	-0.00905446529	0.00907163679
0.06372252681	-0.00910694661	0.00912991156
0.06371523073	-0.00915785307	0.00918651365
0.06370811515	-0.00920722350	0.00924147929
0.06370117805	-0.00925509674	0.00929484445
0.06369441728	-0.00930151105	0.00934664522
0.06368783290	-0.00934648817	0.00939689759
0.06368142016	-0.00939008131	0.00944566281
0.06367517557	-0.00943233355	0.00949298238
0.06366909733	-0.00947327533	0.00953888061
0.06366318259	-0.00951294292	0.00958339242
0.06365743163	-0.00955135062	0.00962652614
0.06365184172	-0.00958853196	0.00966832161
0.06364640221	-0.00962457200	0.00970888084
0.06364111417	-0.00965947653	0.00974819019
0.06363596302	-0.00969335396	0.00978637463
0.06363174883	-0.00972097939	0.00981678160
0.06362704950	-0.00975169071	0.00984398893
0.06362191592	-0.00978512720	0.00986767764
0.06361640431	-0.00982089623	0.00988757002
0.06361057571	-0.00985857788	0.00990343282
0.06360449546	-0.00989772988	0.00991508009
0.06359823257	-0.00993789285	0.00992237526
0.06359185898	-0.00997859567	0.00992523280
0.06358544884	-0.01001936103	0.00992361922
0.06357907765	-0.01005971102	0.00991755344
0.06357282131	-0.01009917275	0.00990710655
0.06356675527	-0.01013728390	0.00989240106
0.06356095344	-0.01017359806	0.00987360936
0.06355548729	-0.01020769004	0.00985095178
0.06355042476	-0.01023916073	0.00982469394
0.06425488854	0.00947690870	-0.00564792262
0.06425357556	0.00948580665	-0.00555011359
0.06425409823	0.00948226562	-0.00550714261
0.06425499450	0.00947619026	-0.00547286307
0.06425607631	0.00946885197	-0.00544302832
0.06425732708	0.00946036027	-0.00541589381
0.06425871266	0.00945094426	-0.00539062501
0.06426018739	0.00944091184	-0.00536676738
0.06426180209	0.00942991472	-0.00534388403
0.06426350575	0.00941829752	-0.00532183465
0.06426529282	0.00940609585	-0.00530045106
0.06426720279	0.00939303705	-0.00527953266
0.06426920770	0.00937930926	-0.00525903603
0.06427128788	0.00936504424	-0.00523891387
0.06427347523	0.00935002041	-0.00521904023
0.06427576925	0.00933423735	-0.00519936701
0.06427816101	0.00931775278	-0.00517986776
0.06428065212	0.00930055175	-0.00516050169
0.06428324443	0.00928261737	-0.00514123225
0.06428594002	0.00926393093	-0.00512202682
0.06428873934	0.00924448452	-0.00510285892
0.06429164871	0.00922422930	-0.00508369341
0.06429467216	0.00920313165	-0.00506450283
0.06429780303	0.00918123227	-0.00504528141
0.06430105091	0.00915845797	-0.00502599130
0.06430441818	0.00913478528	-0.00500661184
0.06430790708	0.00911019136	-0.00498712243
0.06431152059	0.00908464746	-0.00496750255
0.06431526170	0.00905812412	-0.00494773090
0.06431912836	0.00903062716	-0.00492779692
0.06432310467	0.00900226111	-0.00490771622
0.06432724249	0.00897264584	-0.00488735968
0.06433151753	0.00894194341	-0.00486677193
0.06433589525	0.00891039183	-0.00484600933
0.06434045730	0.00887739005	-0.00482486847
0.06434512994	0.00884345819	-0.00480350694
0.06434997446	0.00880813753	-0.00478175987
0.06435494121	0.00877177526	-0.00475972888
0.06436008969	0.00873391980	-0.00473725011
0.06436535614	0.00869502325	-0.00471446122
0.06437080198	0.00865461453	-0.00469118353
0.06437640645	0.00861282722	-0.00466745418
0.06438216052	0.00856970869	-0.00464327194
0.06438807052	0.00852519060	-0.00461859246
0.06439415498	0.00847910987	-0.00459334194
0.06440040278	0.00843152546	-0.00456752734
0.06440681603	0.00838239514	-0.00454111493
0.06441339667	0.00833167625	-0.00451407040
0.06442014642	0.00827932579	-0.00448635872
0.06442706682	0.00822530008	-0.00445794537
0.06443415917	0.00816955521	-0.00442879512
0.06444140964	0.00811216517	-0.00439891356
0.06444884166	0.00805290683	-0.00436819136
0.06445645091	0.00799177302	-0.00433661189
0.06446422063	0.00792885606	-0.00430419023
0.06447216100	0.00786402928	-0.00427085164
0.06448028003	0.00779717815	-0.00423652938
0.06448855247	0.00772846045	-0.00420127011
0.06449700286	0.00765761855	-0.00416493973
0.06450561725	0.00758471116	-0.00412754778
0.06451437994	0.00750981229	-0.00408910182
0.06452331561	0.00743264713	-0.00404945643
0.06453240458	0.00735331617	-0.00400864236
0.06454164373	0.00727177591	-0.00396661640
0.06455102939	0.00718798336	-0.00392333607
0.06456055738	0.00710189630	-0.00387875933
0.06457022292	0.00701347358	-0.00383284428
0.06458002068	0.00692267503	-0.00378554952
0.06458994469	0.00682946153	-0.00373683455
0.06459998839	0.00673379532	-0.00368665927
0.06461014457	0.00663564007	-0.00363498419
0.06462039897	0.00653502383	-0.00358179780
0.06463074541	0.00643189303	-0.00352704515
0.06464118606	0.00632610186	-0.00347062675
0.06465168653	0.00621787176	-0.00341263757
0.06466226498	0.00610688031	-0.00335286904
0.06467288028	0.00599341773	-0.00329146105
0.06468354765	0.00587717310	-0.00322820187
0.06469423407	0.00575834858	-0.00316318507
0.06470493254	0.00563686132	-0.00309632331
0.06471563323	0.00551265046	-0.00302754969
0.06472631603	0.00538576949	-0.00295686576
0.06473696546	0.00525621567	-0.00288423177
0.06474756478	0.00512399800	-0.00280961354
0.06475809787	0.00498911421	-0.00273296780
0.06476854879	0.00485155515	-0.00265424814
0.06477889804	0.00471135532	-0.00257343726
0.06478912556	0.00456855653	-0.00249051578
0.06479921421	0.00442315921	-0.00240543515
0.06480914473	0.00427519121	-0.00231816871
0.06481889703	0.00412469242	-0.00222869560
0.06482845111	0.00397170320	-0.00213699387
0.06483778671	0.00381626979	-0.00204304627
0.06484687901	0.00365852185	-0.00194688661
0.06485571604	0.00349837057	-0.00184839026
0.06486427357	0.00333594284	-0.00174760857
0.06487252757	0.00317138254	-0.00164458816
0.06488046418	0.00300464096	-0.00153922770
0.06488806162	0.00283583477	-0.00143157031
0.06489529705	0.00266513059	-0.00132168299
0.06490215835	0.00249245680	-0.00120944623
0.06490862101	0.00231806366	-0.00109501356
0.06491467211	0.00214192557	-0.00097829584
0.06492029234	0.00196421533	-0.00085938518
0.06492546670	0.00178501355	-0.00073828897
0.06493018072	0.00160441022	-0.00061502769
0.06493441918	0.00142256998	-0.00048968926
0.06493817123	0.00123952279	-0.00036224176
0.06494142298	0.00105550053	-0.00023284371
0.06494416645	0.00087048493	-0.00010141719
0.06494639030	0.00068475354	0.00003182325
0.06494808863	0.00049828001	0.00016696392
0.06494925396	0.00031130421	0.00030381366
0.06494988183	0.00012389523	0.00044236069
0.06494996864	-0.00006382548	0.00058252252
0.06494951248	-0.00025165079	0.00072414060
0.06494851258	-0.00043956122	0.00086724240
0.06494696996	-0.00062737018	0.00101165803
0.06494488753	-0.00081491321	0.00115726306
0.06494226828	-0.00100214312	0.00130404508
0.06493911787	-0.00118889450	0.00145184467
0.06493544301	-0.00137504233	0.00160055633
0.06493125219	-0.00156044526	0.00175005415
0.06492655399	-0.00174501764	0.00190026787
0.06492135917	-0.00192863256	0.00205106653
0.06491567957	-0.00211117167	0.00220232961
0.06490952808	-0.00229252346	0.00235394264
0.06490291859	-0.00247258130	0.00250578894
0.06489586594	-0.00265124189	0.00265775201
0.06488838586	-0.00282840594	0.00280971532
0.06488049611	-0.00300395154	0.00296153850
0.06487221232	-0.00317782453	0.00311315362
0.06486355273	-0.00334992949	0.00326442743
0.06485453639	-0.00352017190	0.00341523322
0.06484518361	-0.00368844996	0.00356543849
0.06483551013	-0.00385475365	0.00371501593
0.06482554057	-0.00401892900	0.00386374563
0.06481528937	-0.00418100039	0.00401164736
0.06480478250	-0.00434081389	0.00415849147
0.06479403487	-0.00449839367	0.00430429748
0.06478306869	-0.00465365562	0.00444891244
0.06477190538	-0.00480653442	0.00459222886
0.06476056319	-0.00495701073	0.00473419784
0.06474906163	-0.00510504835	0.00487473352
0.06473742059	-0.00525060717	0.00501374616
0.06472565907	-0.00539365902	0.00515116392
0.06471379565	-0.00553418036	0.00528691888
0.06470184842	-0.00567215226	0.00542094704
0.06468983647	-0.00580754319	0.00555317035
0.06467777588	-0.00594035412	0.00568355592
0.06466568214	-0.00607058919	0.00581206315
0.06465357324	-0.00619822287	0.00593861323
0.06464146559	-0.00632324495	0.00606315891
0.06462937004	-0.00644569842	0.00618571787
0.06461730678	-0.00656552852	0.00630616895
0.06460528376	-0.00668279962	0.00642457082
0.06459331641	-0.00679749772	0.00654084906
0.06458141969	-0.00690961145	0.00665495742
0.06456960026	-0.00701920384	0.00676694790
0.06455787160	-0.00712626928	0.00687676154
0.06454624406	-0.00723082827	0.00698439036
0.06453472726	-0.00733290372	0.00708982957
0.06452333017	-0.00743252070	0.00719307754
0.06451206102	-0.00752970667	0.00729413533
0.06450092740	-0.00762449107	0.00739300677
0.06448993622	-0.00771690524	0.00748969832
0.06447909377	-0.00780698193	0.00758421916
0.06446840568	-0.00789475579	0.00767658054
0.06445788096	-0.00798023073	0.00776675928
0.06444751928	-0.00806348302	0.00785483473
0.06443732479	-0.00814454875	0.00794081192
0.06442730903	-0.00822340262	0.00802463009
0.06441746342	-0.00830017507	0.00810644768
0.06440780206	-0.00837481546	0.00818615327
0.06439831634	-0.00844744650	0.00826389606
0.06438902099	-0.00851800889	0.00833956131
0.06437990419	-0.00858664295	0.00841332791
0.06437097446	-0.00865333157	0.00848512926
0.06436223471	-0.00871809857	0.00855498517
0.06435367801	-0.00878103787	0.00862300399
0.06434530828	-0.00884216052	0.00868916678
0.06433712529	-0.00890150599	0.00875350767
0.06432912995	-0.00895910376	0.00881604942
0.06432131975	-0.00901500555	0.00887684572
0.06431369252	-0.00906925879	0.00893593893
0.06430624811	-0.00912189419	0.00899334912
0.06429898497	-0.00917295109	0.00904911164
0.06429190134	-0.00922246833	0.00910326216
0.06428499524	-0.00927048475	0.00915583608
0.06427826453	-0.00931703866	0.00920686893
0.06427170925	-0.00936215201	0.00925637679
0.06426532472	-0.00940587788	0.00930441958
0.06425910750	-0.00944825927	0.00935103805
0.06425305579	-0.00948932672	0.00939625628
0.06424716677	-0.00952911652	0.00944010863
0.06424144069	-0.00956764332	0.00948260377
0.06423587482	-0.00960494073	0.00952378089
0.06423045868	-0.00964109316	0.00956373932
0.06422519333	-0.00967610676	0.00960246631
0.06422006441	-0.00971008893	0.00964008328
0.06421590503	-0.00973755830	0.00966975601
0.06421127597	-0.00976803658	0.00969625098
0.06420622749	-0.00980116584	0.00971925757
0.06420081499	-0.00983655706	0.00973850603
0.06419509854	-0.00987379481	0.00975377071
0.06418914233	-0.00991244203	0.00976487263
0.06418301406	-0.00995204531	0.00977168164
0.06417678425	-0.00999214009	0.00977411791
0.06417052544	-0.01003225621	0.00977215287
0.06416431141	-0.01007192340	0.00976580956
0.06415821627	-0.01011067677	0.00975516236
0.06415231353	-0.01014806229	0.00974033608
0.06414667516	-0.01018364206	0.00972150456
0.06414137060	-0.01021699946	0.00969888858
0.06413646578	-0.01024774400	0.00967275328
0.06484536905	0.00944769883	-0.00555531661
0.06484414727	0.00945608084	-0.00545898155
0.06484468968	0.00945236060	-0.00541666426
0.06484559235	0.00944616606	-0.00538290958
0.06484667453	0.00943873416	-0.00535353267
0.06484792049	0.00943017012	-0.00532681633
0.06484929743	0.00942069651	-0.00530193825
0.06485076145	0.00941061311	-0.00527844955
0.06485236162	0.00939957940	-0.00525592204
0.06485404881	0.00938793121	-0.00523421585
0.06485581776	0.00937570280	-0.00521316524
0.06485770659	0.00936262761	-0.00519257413
0.06485968839	0.00934888881	-0.00517239874
0.06486174428	0.00933461459	-0.00515259179
0.06486390503	0.00931958822	-0.00513303038
0.06486617023	0.00930380887	-0.00511366709
0.06486853133	0.00928733243	-0.00509447551
0.06487098992	0.00927014384	-0.00507541547
0.06487354785	0.00925222618	-0.00505645097
0.06487620717	0.00923356070	-0.00503754993
0.06487896838	0.00921413922	-0.00501868621
0.06488183762	0.00919391357	-0.00499982536
0.06488481883	0.00917285044	-0.00498094044
0.06488790565	0.00915098903	-0.00496202540
0.06489110738	0.00912825739	-0.00494304328
0.06489442638	0.00910463206	-0.00492397373
0.06489786485	0.00908009022	-0.00490479648
0.06490142572	0.00905460322	-0.00488549133
0.06490511195	0.00902814174	-0.00486603736
0.06490892161	0.00900071085	-0.00484642396
0.06491283943	0.00897241200	-0.00482666574
0.06491691546	0.00894287351	-0.00480663765
0.06492112636	0.00891225291	-0.00478638253
0.06492543887	0.00888078192	-0.00476595421
0.06492993178	0.00884787311	-0.00474515595
0.06493453405	0.00881403358	-0.00472413948
0.06493930482	0.00877881479	-0.00470274515
0.06494419629	0.00874255501	-0.00468107063
0.06494926587	0.00870481260	-0.00465895726
0.06495445215	0.00866602827	-0.00463653745
0.06495981440	0.00862574129	-0.00461363810
0.06496533266	0.00858408135	-0.00459029471
0.06497099826	0.00854109390	-0.00456650551
0.06497681736	0.00849671145	-0.00454222705
0.06498280788	0.00845077395	-0.00451738751
0.06498895912	0.00840333815	-0.00449199311
0.06499527318	0.00835436199	-0.00446601068
0.06500175195	0.00830380297	-0.00443940646
0.06500839712	0.00825161827	-0.00441214600
0.06501521022	0.00819776436	-0.00438419534
0.06502219252	0.00814219749	-0.00435551984
0.06502933071	0.00808498904	-0.00432612417
0.06503664740	0.00802592023	-0.00429590204
0.06504413842	0.00796498317	-0.00426483681
0.06505178764	0.00790226711	-0.00423294237
0.06505960484	0.00783764746	-0.00420014576
0.06506759778	0.00777101144	-0.00416638184
0.06507574206	0.00770251226	-0.00413169502
0.06508406135	0.00763189739	-0.00409595495
0.06509254215	0.00755922326	-0.00405917026
0.06510116929	0.00748456129	-0.00402134747
0.06510996651	0.00740764211	-0.00398234530
0.06511891479	0.00732856304	-0.00394219287
0.06512801105	0.00724728068	-0.00390084768
0.06513725167	0.00716375219	-0.00385826795
0.06514663253	0.00707793548	-0.00381441232
0.06515614893	0.00698978948	-0.00376923956
0.06516579560	0.00689927416	-0.00372270896
0.06517556669	0.00680635047	-0.00367478067
0.06518545572	0.00671098075	-0.00362541526
0.06519545558	0.00661312877	-0.00357457386
0.06520555237	0.00651282120	-0.00352224463
0.06521573994	0.00641000500	-0.00346837368
0.06522602022	0.00630453700	-0.00341286418
0.06523635979	0.00619663305	-0.00335580727
0.06524677601	0.00608597736	-0.00329700052
0.06525722891	0.00597285312	-0.00323657862
0.06526773298	0.00585695586	-0.00317433600
0.06527825607	0.00573848278	-0.00311036262
0.06528879116	0.00561735247	-0.00304457322
0.06529932850	0.00549350505	-0.00297690246
0.06530984835	0.00536699255	-0.00290735127
0.06532033546	0.00523781204	-0.00283588052
0.06533077337	0.00510597214	-0.00276245647
0.06534114616	0.00497147050	-0.00268703663
0.06535143810	0.00483429810	-0.00260957553
0.06536163000	0.00469448873	-0.00253005588
0.06537170211	0.00455208333	-0.00244845836
0.06538163751	0.00440708250	-0.00236473541
0.06539141720	0.00425951369	-0.00227886079
0.06540102139	0.00410941623	-0.00219081387
0.06541043033	0.00395682998	-0.00210057298
0.06541962406	0.00380180065	-0.00200812108
0.06542857818	0.00364445568	-0.00191349047
0.06543728070	0.00348470871	-0.00181656014
0.06544570778	0.00332268467	-0.00171737977
0.06545383578	0.00315852519	-0.00161599419
0.06546165090	0.00299218338	-0.00151230512
0.06546913164	0.00282377447	-0.00140635436
0.06547625551	0.00265346261	-0.00129820671
0.06548301041	0.00248117873	-0.00118774650
0.06548937219	0.00230716916	-0.00107512262
0.06549532801	0.00213141003	-0.00096024886
0.06550085879	0.00195407198	-0.00084321479
0.06550594965	0.00177523536	-0.00072402789
0.06551058622	0.00159498984	-0.00060270845
0.06551475347	0.00141349830	-0.00047934216
0.06551844055	0.00123079170	-0.00035389867
0.06552163371	0.00104709902	-0.00022653228
0.06552432494	0.00086240404	-0.00009716818
0.06552650301	0.00067698072	0.00003398483
0.06552816196	0.00049080499	0.00016700956
0.06552929432	0.00030411404	0.00030171969
0.06552989559	0.00011697752	0.00043810280
0.06552996209	-0.00007048344	0.00057607772
0.06552949186	-0.00025806364	0.00071548965
0.06552848399	-0.00044574198	0.00085636400
0.06552693941	-0.00063333323	0.00099853457
0.06552486089	-0.00082067393	0.00114187948
0.06552225125	-0.00100771572	0.00128638527
0.06551911600	-0.00119429407	0.00143189574
0.06551546165	-0.00138028412	0.00157830710
0.06551129650	-0.00156554500	0.00172549573
0.06550662893	-0.00174999051	0.00187339188
0.06550146946	-0.00193349389	0.00202186685
0.06549582973	-0.00211593681	0.00217080204
0.06548972238	-0.00229720769	0.00232008478
0.06548316105	-0.00247719972	0.00246960014
0.06547616037	-0.00265580940	0.00261923341
0.06546873580	-0.00283293718	0.00276886978
0.06546090482	-0.00300846133	0.00291837148
0.06545268288	-0.00318232676	0.00306767085
0.06544408795	-0.00335443777	0.00321663682
0.06543513882	-0.00352469965	0.00336514478
0.06542585554	-0.00369301058	0.00351306457
0.06541625370	-0.00385935906	0.00366036804
0.06540635755	-0.00402359198	0.00380684015
0.06539618146	-0.00418573181	0.00395249857
0.06538575103	-0.00434562561	0.00409711889
0.06537508109	-0.00450329577	0.00424071862
0.06536419360	-0.00465865812	0.00438314777
0.06535310973	-0.00481164712	0.00452430072
0.06534184761	-0.00496224254	0.00466412873
0.06533042656	-0.00511040758	0.00480254711
0.06531886630	-0.00525610170	0.00493946756
0.06530718568	-0.00539929614	0.00507481920
0.06529540311	-0.00553996680	0.00520853498
0.06528353656	-0.00567809419	0.00534055176
0.06527160497	-0.00581364646	0.00547079287
0.06525962431	-0.00594662388	0.00559922546
0.06524760998	-0.00607702984	0.00572580924
0.06523557985	-0.00620483861	0.00585046692
0.06522355018	-0.00633003963	0.00597315199
0.06521153186	-0.00645267481	0.00609388090
0.06519954485	-0.00657268977	0.00621253549
0.06518759716	-0.00669014767	0.00632917221
0.06517570412	-0.00680503437	0.00644371827
0.06516388055	-0.00691733851	0.00655612849
0.06515213316	-0.00702712205	0.00666645296
0.06514047537	-0.00713437932	0.00677463412
0.06512891746	-0.00723913049	0.00688066401
0.06511746903	-0.00734139814	0.00698453782
0.06510613902	-0.00744120703	0.00708625385
0.06509493564	-0.00753858431	0.00718581306
0.06508386647	-0.00763355916	0.00728321913
0.06507293840	-0.00772616260	0.00737847833
0.06506215772	-0.00781642715	0.00747159962
0.06505153006	-0.00790438719	0.00756259402
0.06504106434	-0.00799004686	0.00765143922
0.06503076036	-0.00807348170	0.00773821243
0.06502062225	-0.00815472758	0.00782291862
0.06501066142	-0.00823375991	0.00790549921
0.06500086951	-0.00831070775	0.00798610815
0.06499126041	-0.00838552150	0.00806463766
0.06498182575	-0.00845832264	0.00814123279
0.06497258001	-0.00852905310	0.00821578266
0.06496351164	-0.00859785177	0.00828846118
0.06495462906	-0.00866470219	0.00835920406
0.06494593512	-0.00872962836	0.00842803106
0.06493742307	-0.00879272342	0.00849504770
0.06492909676	-0.00885399875	0.00856023598
0.06492095601	-0.00891349377	0.00862362952
0.06491300167	-0.00897123813	0.00868525091
0.06490523134	-0.00902728336	0.00874515273
0.06489764285	-0.00908167676	0.00880337656
0.06489023608	-0.00913444915	0.00885994232
0.06488300949	-0.00918563986	0.00891488485
0.06487596134	-0.00923528774	0.00896823924
0.06486908969	-0.00928343164	0.00902004035
0.06486239241	-0.00933010987	0.00907032317
0.06485586953	-0.00937534465	0.00911910384
0.06484951643	-0.00941918885	0.00916644101
0.06484332972	-0.00946168540	0.00921237470
0.06483730761	-0.00950286495	0.00925692875
0.06483144730	-0.00954276381	0.00930013700
0.06482574900	-0.00958139693	0.00934200840
0.06482021000	-0.00961879802	0.00938258154
0.06481482002	-0.00965505082	0.00942195316
0.06480958003	-0.00969016185	0.00946011134
0.06480447597	-0.00972423748	0.00949717412
0.06480037260	-0.00975154401	0.00952613605
0.06479581454	-0.00978178501	0.00955194269
0.06479085137	-0.00981460535	0.00957429150
0.06478553768	-0.00984961969	0.00959292046
0.06477993253	-0.00988641702	0.00960761115
0.06477409899	-0.00992456550	0.00961819133
0.06476810345	-0.00996361756	0.00962453698
0.06476201500	-0.01000311515	0.00962657368
0.06475590462	-0.01004259513	0.00962427757
0.06474984439	-0.01008159467	0.00961767556
0.06474390665	-0.01011965673	0.00960684505
0.06473816302	-0.01015633537	0.00959191303
0.06473268357	-0.01019120098	0.00957305455
0.06472753578	-0.01022384528	0.00955049071
0.06472278362	-0.01025388613	0.00952448606
0.06542554448	0.00941849932	-0.00546657095
0.06542440773	0.00942639235	-0.00537165163
0.06542496796	0.00942250324	-0.00532996222
0.06542587588	0.00941619694	-0.00529671166
0.06542695763	0.00940867767	-0.00526777451
0.06542819824	0.00940004652	-0.00524145983
0.06542956623	0.00939051987	-0.00521695703
0.06543101931	0.00938038979	-0.00519382274
0.06543260490	0.00936932313	-0.00517163700
0.06543427569	0.00935764738	-0.00515026047
0.06543602664	0.00934539554	-0.00512952974
0.06543789460	0.00933230681	-0.00510925300
0.06543985365	0.00931855969	-0.00508938620
0.06544188562	0.00930427892	-0.00506988206
0.06544402027	0.00928925243	-0.00505062060
0.06544625725	0.00927347896	-0.00503155506
0.06544858834	0.00925701269	-0.00501265903
0.06545101516	0.00923983847	-0.00499389299
0.06545353951	0.00922193933	-0.00497522146
0.06545616345	0.00920329650	-0.00495661285
0.06545888750	0.00918390154	-0.00493804137
0.06546171763	0.00916370691	-0.00491947323
0.06546465771	0.00914267960	-0.00490088197
0.06546770165	0.00912085743	-0.00488226131
0.06547085848	0.00909816958	-0.00486357511
0.06547413053	0.00907459263	-0.00484480333
0.06547751997	0.00905010376	-0.00482592599
0.06548102970	0.00902467444	-0.00480692325
0.06548466262	0.00899827547	-0.00478777450
0.06548841693	0.00897091125	-0.00476846913
0.06549227794	0.00894268027	-0.00474902078
0.06549629401	0.00891321886	-0.00472930829
0.06550044267	0.00888268031	-0.00470937275
0.06550469189	0.00885129035	-0.00468926568
0.06550911775	0.00881847447	-0.00466879655
0.06551365174	0.00878472742	-0.00464811167
0.06551835101	0.00874961035	-0.00462705626
0.06552316946	0.00871345302	-0.00460572429
0.06552816257	0.00867582330	-0.00458396197
0.06553327111	0.00863715102	-0.00456189683
0.06553855234	0.00859698534	-0.00453936101
0.06554398704	0.00855545223	-0.00451638844
0.06554956690	0.00851259534	-0.00449297688
0.06555529790	0.00846834797	-0.00446908374
0.06556119738	0.00842255296	-0.00444463908
0.06556725506	0.00837526498	-0.00441964840
0.06557347300	0.00832644214	-0.00439407907
0.06557985306	0.00827604209	-0.00436789789
0.06558639691	0.00822402217	-0.00434107093
0.06559310604	0.00817033902	-0.00431356479
0.06559998172	0.00811494905	-0.00428534537
0.06560701111	0.00805792118	-0.00425641651
0.06561421605	0.00799904073	-0.00422667477
0.06562159254	0.00793829914	-0.00419610353
0.06562912498	0.00787578278	-0.00416471554
0.06563682285	0.00781136902	-0.00413243956
0.06564469362	0.00774494675	-0.00409921194
0.06565271370	0.00767666487	-0.00406507499
0.06566090595	0.00760627566	-0.00402990192
0.06566925730	0.00753383343	-0.00399370047
0.06567775305	0.00745940712	-0.00395647622
0.06568641610	0.00738273256	-0.00391809179
0.06569522803	0.00730390404	-0.00387857478
0.06570418578	0.00722287829	-0.00383788337
0.06571328581	0.00713961260	-0.00379597644
0.06572252405	0.00705406499	-0.00375281327
0.06573189586	0.00696619453	-0.00370835329
0.06574139606	0.00687596128	-0.00366255644
0.06575101888	0.00678332629	-0.00361538350
0.06576075794	0.00668825201	-0.00356679564
0.06577060623	0.00659070226	-0.00351675465
0.06578055018	0.00649070247	-0.00346524833
0.06579058367	0.00638820008	-0.00341222383
0.06580070841	0.00628305443	-0.00335758681
0.06581089192	0.00617547607	-0.00330142484
0.06582115077	0.00606515552	-0.00324354125
0.06583144613	0.00595236930	-0.00318406584
0.06584179177	0.00583681906	-0.00312279889
0.06585215639	0.00571869732	-0.00305982693
0.06586253295	0.00559792401	-0.00299506668
0.06587291176	0.00547444021	-0.00292845427
0.06588327348	0.00534829656	-0.00285999005
0.06589360306	0.00521948995	-0.00278963548
0.06590388429	0.00508802864	-0.00271735728
0.06591410148	0.00495391022	-0.00264311366
0.06592423908	0.00481712581	-0.00256686004
0.06593427821	0.00467770848	-0.00248857917
0.06594419944	0.00453569840	-0.00240825176
0.06595398603	0.00439109628	-0.00232583124
0.06596361925	0.00424392923	-0.00224129173
0.06597307960	0.00409423603	-0.00215461282
0.06598234759	0.00394205609	-0.00206577313
0.06599140352	0.00378743459	-0.00197475582
0.06600022343	0.00363049686	-0.00188159173
0.06600879529	0.00347115887	-0.00178616332
0.06601709567	0.00330954369	-0.00168851866
0.06602510129	0.00314579080	-0.00158870090
0.06603279839	0.00297985506	-0.00148661464
0.06604016579	0.00281185028	-0.00138230046
0.06604718133	0.00264193829	-0.00127582105
0.06605383290	0.00247005243	-0.00116706436
0.06606009677	0.00229643527	-0.00105617492
0.06606596011	0.00212106460	-0.00094306926
0.06607140410	0.00194410897	-0.00082783456
0.06607641399	0.00176564851	-0.00071047838
0.06608097552	0.00158577254	-0.00059102082
0.06608507381	0.00140464227	-0.00046954546
0.06608869804	0.00122228958	-0.00034602342
0.06609183461	0.00103894070	-0.00022060501
0.06609447549	0.00085458133	-0.00009321834
0.06609660955	0.00066948199	0.00003593321
0.06609823077	0.00048362081	0.00016692919
0.06609933171	0.00029723235	0.00029958783
0.06609990783	0.00011038681	0.00043389616
0.06609995539	-0.00007679502	0.00056977423
0.06609947236	-0.00026410978	0.00070707083
0.06609845775	-0.00045153485	0.00084580942
0.06609691237	-0.00063888634	0.00098582731
0.06609483884	-0.00082600176	0.00112700505
0.06609223988	-0.00101283163	0.00126932820
0.06608912081	-0.00119921229	0.00141264366
0.06608548798	-0.00138501908	0.00155684921
0.06608134948	-0.00157011158	0.00170182345
0.06607671352	-0.00175440310	0.00184749715
0.06607159041	-0.00193776706	0.00199374374
0.06606599155	-0.00212008518	0.00214044649
0.06605992937	-0.00230124580	0.00228749440
0.06605341728	-0.00248114199	0.00243477428
0.06604646966	-0.00265967007	0.00258217308
0.06603910176	-0.00283673029	0.00272957769
0.06603133078	-0.00301220110	0.00287685277
0.06602317195	-0.00318602653	0.00302393096
0.06601464302	-0.00335811067	0.00317068330
0.06600576252	-0.00352835863	0.00331698715
0.06599655022	-0.00369666860	0.00346271461
0.06598702158	-0.00386302768	0.00360783673
0.06597720051	-0.00402728362	0.00375214315
0.06596710127	-0.00418945709	0.00389564952
0.06595674911	-0.00434939608	0.00403813642
0.06594615878	-0.00450712133	0.00417961950
0.06593535198	-0.00466254864	0.00431995157
0.06592434966	-0.00481561225	0.00445902880
0.06591316980	-0.00496629112	0.00459680261
0.06590183154	-0.00511454789	0.00473318949
0.06589035442	-0.00526034160	0.00486810244
0.06587875714	-0.00540364297	0.00500147154
0.06586705797	-0.00554442738	0.00513323060
0.06585527471	-0.00568267479	0.00526331729
0.06584342615	-0.00581835309	0.00539165622
0.06583152817	-0.00595146187	0.00551821466
0.06581959609	-0.00608200382	0.00564295257
0.06580764761	-0.00620995303	0.00576579413
0.06579569888	-0.00633529861	0.00588669354
0.06578376079	-0.00645808143	0.00600566611
0.06577185309	-0.00657824752	0.00612259650
0.06575998384	-0.00669585885	0.00623753909
0.06574816823	-0.00681090117	0.00635042261
0.06573642098	-0.00692336311	0.00646120291
0.06572474885	-0.00703330565	0.00656992830
0.06571316515	-0.00714072304	0.00667654253
0.06570168013	-0.00724563514	0.00678103765
0.06569030334	-0.00734806421	0.00688340885
0.06567904368	-0.00744803473	0.00698365436
0.06566790936	-0.00754557355	0.00708177505
0.06565690792	-0.00764070956	0.00717777446
0.06564604624	-0.00773347353	0.00727165869
0.06563533061	-0.00782389771	0.00736343647
0.06562476666	-0.00791201625	0.00745311859
0.06561436321	-0.00799783351	0.00754068361
0.06560412015	-0.00808142431	0.00762620666
0.06559404165	-0.00816282428	0.00770969268
0.06558413892	-0.00824200958	0.00779108513
0.06557440388	-0.00831910787	0.00787053375
0.06556485018	-0.00839407059	0.00794793415
0.06555546969	-0.00846701799	0.00802342747
0.06554627662	-0.00853789322	0.00809690648
0.06553725973	-0.00860683376	0.00816854037
0.06552842728	-0.00867382376	0.00823826703
0.06551978210	-0.00873888743	0.00830610617
0.06551131760	-0.00880211713	0.00837216061
0.06550303758	-0.00886352454	0.00843641326
0.06549494187	-0.00892314905	0.00849889723
0.06548703133	-0.00898102043	0.00855963494
0.06547930357	-0.00903719005	0.00861867794
0.06547175650	-0.00909170506	0.00867606703
0.06546438999	-0.00914459639	0.00873182203
0.06545720252	-0.00919590335	0.00878597723
0.06545019238	-0.00924566480	0.00883856722
0.06544335764	-0.00929391956	0.00888962631
0.06543669622	-0.00934070598	0.00893918897
0.06543020810	-0.00938604648	0.00898727140
0.06542388874	-0.00942999376	0.00903393105
0.06541773480	-0.00947259067	0.00907920722
0.06541174449	-0.00951386794	0.00912312354
0.06540591505	-0.00955386190	0.00916571333
0.06540024663	-0.00959258779	0.00920698581
0.06539473657	-0.00963007941	0.00924697899
0.06538937473	-0.00966641981	0.00928578716
0.06538416206	-0.00970161590	0.00932339918
0.06537908476	-0.00973577302	0.00935992991
0.06537503742	-0.00976291363	0.00938821527
0.06537054963	-0.00979291792	0.00941336796
0.06536567031	-0.00982543356	0.00943509309
0.06536045323	-0.00986007881	0.00945313593
0.06535495648	-0.00989644701	0.00946728497
0.06534924201	-0.00993411138	0.00947737432
0.06534337495	-0.00997263006	0.00948328568
0.06533742298	-0.01001155127	0.00948494975
0.06533145556	-0.01005041862	0.00948234703
0.06532554316	-0.01008877650	0.00947550802
0.06531975637	-0.01012617538	0.00946451291
0.06531416506	-0.01016217709	0.00944949060
0.06530883741	-0.01019635994	0.00943061722
0.06530383905	-0.01022832365	0.00940811405
0.06529923210	-0.01025769402	0.00938224490
0.06601576800	0.00938833190	-0.00537849877
0.06601471332	0.00939574503	-0.00528498754
0.06601529017	0.00939169119	-0.00524392264
0.06601620246	0.00938527641	-0.00521117345
0.06601728300	0.00937767272	-0.00518267370
0.06601851761	0.00936897715	-0.00515675852
0.06601987603	0.00935940000	-0.00513262897
0.06602131760	0.00934922577	-0.00510984721
0.06602288812	0.00933812850	-0.00508800141
0.06602454202	0.00932642754	-0.00506695278
0.06602627450	0.00931415461	-0.00504654024
0.06602812115	0.00930105461	-0.00502657620
0.06603005704	0.00928730140	-0.00500701635
0.06603206469	0.00927301640	-0.00498781346
0.06603417284	0.00925799207	-0.00496885038
0.06603638122	0.00924222676	-0.00495008101
0.06603868195	0.00922577294	-0.00493147900
0.06604107663	0.00920861540	-0.00491300542
0.06604356707	0.00919073712	-0.00489462535
0.06604615528	0.00917211931	-0.00487630766
0.06604884183	0.00915275327	-0.00485802692
0.06605163254	0.00913259210	-0.00483974999
0.06605453118	0.00911160308	-0.00482145088
0.06605753193	0.00908982265	-0.00480312310
0.06606064355	0.00906718115	-0.00478473131
0.06606386835	0.00904365518	-0.00476625579
0.06606720848	0.00901922192	-0.00474767685
0.06607066678	0.00899385297	-0.00472897498
0.06607424611	0.00896751926	-0.00471012990
0.06607794478	0.00894022449	-0.00469113100
0.06608174869	0.00891206432	-0.00467199101
0.06608570454	0.00888268290	-0.00465259249
0.06608979070	0.00885222937	-0.00463297491
0.06609397633	0.00882092359	-0.00461318752
0.06609833489	0.00878820374	-0.00459304585
0.06610280033	0.00875455245	-0.00457269091
0.06610742784	0.00871954036	-0.00455197269
0.06611217301	0.00868348893	-0.00453098158
0.06611708940	0.00864597533	-0.00450956852
0.06612211992	0.00860741875	-0.00448785629
0.06612731987	0.00856737803	-0.00446568215
0.06613267076	0.00852597552	-0.00444307852
0.06613816460	0.00848325310	-0.00442004271
0.06614380723	0.00843914484	-0.00439653295
0.06614961540	0.00839349644	-0.00437248115
0.06615557925	0.00834636052	-0.00434789214
0.06616170079	0.00829769536	-0.00432273381
0.06616798186	0.00824745878	-0.00429697349
0.06617442410	0.00819560828	-0.00427057780
0.06618102898	0.00814210068	-0.00424351388
0.06618779774	0.00808689253	-0.00421574817
0.06619471800	0.00803005033	-0.00418728372
0.06620181088	0.00797136348	-0.00415801985
0.06620907252	0.00791082275	-0.00412794001
0.06621648786	0.00784851169	-0.00409705581
0.06622406605	0.00778430958	-0.00406529770
0.06623181429	0.00771810699	-0.00403260351
0.06623970982	0.00765004856	-0.00399901351
0.06624777466	0.00757989134	-0.00396440437
0.06625599617	0.00750768752	-0.00392878300
0.06626436013	0.00743350365	-0.00389215406
0.06627288861	0.00735708065	-0.00385438397
0.06628156376	0.00727850985	-0.00381549889
0.06629038257	0.00719774813	-0.00377545763
0.06629934156	0.00711475288	-0.00373421974
0.06630843671	0.00702948228	-0.00369174516
0.06631766346	0.00694189550	-0.00364799394
0.06632701670	0.00685195271	-0.00360292667
0.06633649074	0.00675961510	-0.00355650475
0.06634607930	0.00666484517	-0.00350868998
0.06635577548	0.00656760687	-0.00345944474
0.06636556603	0.00646792435	-0.00340875653
0.06637544488	0.00636574558	-0.00335657350
0.06638541350	0.00626093235	-0.00330280377
0.06639544035	0.00615368999	-0.00324753143
0.06640554123	0.00604371527	-0.00319056542
0.06641567842	0.00593127813	-0.00313203080
0.06642586500	0.00581608625	-0.00307173353
0.06643607050	0.00569832754	-0.00300975684
0.06644628787	0.00557792327	-0.00294601937
0.06645650749	0.00545481549	-0.00288045870
0.06646671039	0.00532905342	-0.00281307461
0.06647688175	0.00520063383	-0.00274382916
0.06648700561	0.00506956461	-0.00267268950
0.06649706648	0.00493584329	-0.00259961455
0.06650704905	0.00479946112	-0.00252456059
0.06651693470	0.00466045048	-0.00244751043
0.06652670432	0.00451885079	-0.00236844482
0.06653634138	0.00437466287	-0.00228731813
0.06654582742	0.00422791348	-0.00220410486
0.06655514322	0.00407864088	-0.00211878482
0.06656426956	0.00392688400	-0.00203133691
0.06657318701	0.00377268754	-0.00194174447
0.06658187201	0.00361617472	-0.00185003698
0.06659031256	0.00345726383	-0.00175610022
0.06659848559	0.00329607607	-0.00165998071
0.06660636820	0.00313274883	-0.00156172000
0.06661394670	0.00296723868	-0.00146122545
0.06662120019	0.00279965802	-0.00135853646
0.06662810687	0.00263016639	-0.00125371367
0.06663465462	0.00245869950	-0.00114664856
0.06664082013	0.00228549622	-0.00103748139
0.06664659060	0.00211053594	-0.00092613139
0.06665194747	0.00193398518	-0.00081268337
0.06665687610	0.00175592380	-0.00069714497
0.06666136238	0.00157644078	-0.00057953610
0.06666539157	0.00139569568	-0.00045993827
0.06666895290	0.00121372128	-0.00033832404
0.06667203291	0.00103074105	-0.00021483979
0.06667462356	0.00084674261	-0.00008941648
0.06667671382	0.00066199306	0.00003774782
0.06667829762	0.00047647267	0.00016672949
0.06667936757	0.00029041340	0.00029735120
0.06667991907	0.00010388597	0.00042959946
0.06667994836	-0.00008298918	0.00056339558
0.06667945331	-0.00027001055	0.00069859181
0.06667843287	-0.00045715399	0.00083520975
0.06667688774	-0.00064423698	0.00097309018
0.06667482041	-0.00083109802	0.00111211600
0.06667223346	-0.00101768652	0.00125227188
0.06666913206	-0.00120383973	0.00139340771
0.06666552239	-0.00138943319	0.00153542291
0.06666141234	-0.00157432697	0.00167819821
0.06665680993	-0.00175843390	0.00182166492
0.06665172528	-0.00194162760	0.00196569858
0.06664616956	-0.00212378985	0.00211018433
0.06664015498	-0.00230480897	0.00225501282
0.06663369472	-0.00248457793	0.00240007257
0.06662680293	-0.00266299288	0.00254525219
0.06661949461	-0.00283995388	0.00269044026
0.06661178670	-0.00301533963	0.00283550383
0.06660369422	-0.00318909327	0.00298037588
0.06659523467	-0.00336111872	0.00312492950
0.06658642634	-0.00353132094	0.00326904404
0.06657728872	-0.00369959816	0.00341259381
0.06656783712	-0.00386593608	0.00355554912
0.06655809509	-0.00403018337	0.00369770418
0.06654807681	-0.00419235890	0.00383907272
0.06653780717	-0.00435231165	0.00397944021
0.06652730081	-0.00451006071	0.00411882051
0.06651657918	-0.00466552185	0.00425706918
0.06650566301	-0.00481862916	0.00439408416
0.06649457011	-0.00496936078	0.00452981705
0.06648331944	-0.00511767882	0.00466418550
0.06647193036	-0.00526354193	0.00479710384
0.06646042140	-0.00540692031	0.00492850306
0.06644881066	-0.00554778886	0.00505831786
0.06643711583	-0.00568612700	0.00518648668
0.06642535550	-0.00582190238	0.00531293544
0.06641354544	-0.00595511391	0.00543763150
0.06640170089	-0.00608576362	0.00556053513
0.06638983939	-0.00621382540	0.00568157192
0.06637797697	-0.00633928809	0.00580069676
0.06636612450	-0.00646219150	0.00591792389
0.06635430152	-0.00658248209	0.00603314073
0.06634251611	-0.00670022062	0.00614639962
0.06633078336	-0.00681539278	0.00625763081
0.06631911786	-0.00692798720	0.00636679116
0.06630752640	-0.00703806384	0.00647392723
0.06629602219	-0.00714561692	0.00657898406
0.06628461543	-0.00725066597	0.00668195373
0.06627331563	-0.00735323295	0.00678283140
0.06626213166	-0.00745334205	0.00688161527
0.06625107169	-0.00755101982	0.00697830610
0.06624014323	-0.00764629489	0.00707290728
0.06622935315	-0.00773919774	0.00716542476
0.06621870772	-0.00782976039	0.00725586707
0.06620821257	-0.00791801672	0.00734424474
0.06619787642	-0.00800397134	0.00743053717
0.06618769928	-0.00808769831	0.00751481748
0.06617768529	-0.00816923308	0.00759709058
0.06616784553	-0.00824855249	0.00767730189
0.06615817214	-0.00832578283	0.00775559704
0.06614867854	-0.00840087658	0.00783187497
0.06613935685	-0.00847395274	0.00790627299
0.06613022102	-0.00854495570	0.00797868739
0.06612126008	-0.00861402148	0.00804928279
0.06611248216	-0.00868113487	0.00811799918
0.06610389006	-0.00874632028	0.00818485621
0.06609547736	-0.00880966927	0.00824995407
0.06608724779	-0.00887119381	0.00831327656
0.06607920120	-0.00893093328	0.00837485625
0.06607133842	-0.00898891755	0.00843471542
0.06606365715	-0.00904519782	0.00849290458
0.06605615532	-0.00909982108	0.00854946377
0.06604883281	-0.00915281836	0.00860441270
0.06604168812	-0.00920422896	0.00865778513
0.06603471955	-0.00925409171	0.00870961513
0.06602792522	-0.00930244545	0.00875993649
0.06602130305	-0.00934932849	0.00880878315
0.06601485302	-0.00939476350	0.00885617136
0.06600857064	-0.00943880298	0.00890215739
0.06600245263	-0.00948148969	0.00894677983
0.06599649720	-0.00952285444	0.00899006209
0.06599070163	-0.00956293355	0.00903203698
0.06598506603	-0.00960174259	0.00907271399
0.06597958774	-0.00963931539	0.00911213052
0.06597425683	-0.00967573435	0.00915037849
0.06596907418	-0.00971100672	0.00918744750
0.06596402625	-0.00974523681	0.00922344929
0.06596003671	-0.00977220328	0.00925106781
0.06595562074	-0.00980196370	0.00927557711
0.06595082658	-0.00983416864	0.00929668984
0.06594570715	-0.00986844003	0.00931415846
0.06594031956	-0.00990437562	0.00932777818
0.06593472461	-0.00994155373	0.00933738932
0.06592898617	-0.00997953821	0.00934287920
0.06592317050	-0.01001788356	0.00934418344
0.06591734555	-0.01005614018	0.00934128677
0.06591158015	-0.01009385960	0.00933422314
0.06590594319	-0.01013059978	0.00932307537
0.06590050274	-0.01016593028	0.00930797415
0.06589532517	-0.01019943726	0.00928909653
0.06589047426	-0.01023072834	0.00926666383
0.06588601026	-0.01025943720	0.00924093907
0.06659568280	0.00935828684	-0.00529405477
0.06659470466	0.00936524485	-0.00520189646
0.06659529646	0.00936103573	-0.00516143162
0.06659621213	0.00935451922	-0.00512916415
0.06659729081	0.00934683675	-0.00510108468
0.06659851901	0.00933808148	-0.00507555335
0.06659986766	0.00932845792	-0.00505178243
0.06660129759	0.00931824338	-0.00502933944
0.06660285310	0.00930711875	-0.00500782027
0.06660449024	0.00929539561	-0.00498708673
0.06660620444	0.00928310452	-0.00496697999
0.06660803014	0.00926999573	-0.00494731642
0.06660994328	0.00925623876	-0.00492805153
0.06661192706	0.00924195183	-0.00490913815
0.06661400927	0.00922693172	-0.00489046182
0.06661618969	0.00921117641	-0.00487197708
0.06661846077	0.00919473677	-0.00485365763
0.06662082410	0.00917759751	-0.00483546513
0.06662328148	0.00915974156	-0.00481736517
0.06662583489	0.00914115014	-0.00479932710
0.06662848493	0.00912181428	-0.00478132579
0.06663123727	0.00910168772	-0.00476332876
0.06663409561	0.00908073799	-0.00474531045
0.06663705437	0.00905900024	-0.00472726418
0.06664012206	0.00903640590	-0.00470915538
0.06664330097	0.00901293161	-0.00469096462
0.06664659321	0.00898855456	-0.00467267251
0.06665000160	0.00896324644	-0.00465425983
0.06665352893	0.00893697833	-0.00463570663
0.06665717363	0.00890975329	-0.00461700232
0.06666092214	0.00888166425	-0.00459815876
0.06666481960	0.00885236284	-0.00457906204
0.06666884518	0.00882199422	-0.00455975008
0.06667296915	0.00879077270	-0.00454027003
0.06667726250	0.00875814852	-0.00452044310
0.06668166150	0.00872459280	-0.00450040535
0.06668621950	0.00868968520	-0.00448001124
0.06669089365	0.00865373930	-0.00445934780
0.06669573574	0.00861634110	-0.00443827045
0.06670069068	0.00857789969	-0.00441689750
0.06670581192	0.00853798313	-0.00439507102
0.06671108164	0.00849671029	-0.00437282202
0.06671649220	0.00845412142	-0.00435014739
0.06672204924	0.00841015133	-0.00432700617
0.06672776901	0.00836464841	-0.00430333199
0.06673364201	0.00831766336	-0.00427912906
0.06673967023	0.00826915462	-0.00425436578
0.06674585546	0.00821908017	-0.00422900998
0.06675219933	0.00816739768	-0.00420302881
0.06675870328	0.00811406412	-0.00417638993
0.06676536853	0.00805903623	-0.00414906030
0.06677218315	0.00800237819	-0.00412104221
0.06677916755	0.00794388327	-0.00409223762
0.06678631800	0.00788354163	-0.00406263000
0.06679361997	0.00782143411	-0.00403222998
0.06680108229	0.00775744187	-0.00400096956
0.06680871192	0.00769145703	-0.00396878797
0.06681648685	0.00762362022	-0.00393572359
0.06682442833	0.00755369301	-0.00390165633
0.06683252413	0.00748172561	-0.00386659236
0.06684076048	0.00740778228	-0.00383053546
0.06684915865	0.00733160880	-0.00379335565
0.06685770136	0.00725329368	-0.00375507771
0.06686638563	0.00717279394	-0.00371566111
0.06687520802	0.00709006711	-0.00367506600
0.06688416459	0.00700507149	-0.00363325295
0.06689325084	0.00691776638	-0.00359018262
0.06690246173	0.00682811205	-0.00354581622
0.06691179166	0.00673606980	-0.00350011573
0.06692123444	0.00664160225	-0.00345304355
0.06693078328	0.00654467342	-0.00340456263
0.06694042521	0.00644530629	-0.00335466021
0.06695015423	0.00634344930	-0.00330328538
0.06695997159	0.00623896661	-0.00325034856
0.06696984663	0.00613205859	-0.00319593060
0.06697979443	0.00602242793	-0.00313984573
0.06698977833	0.00591033835	-0.00308221455
0.06699981076	0.00579550326	-0.00302284837
0.06700986204	0.00567810618	-0.00296182733
0.06701992511	0.00555806969	-0.00289907187
0.06702999041	0.00543533671	-0.00283452096
0.06704003935	0.00530995519	-0.00276817384
0.06705005733	0.00518192172	-0.00269999315
0.06706002860	0.00505124387	-0.00262994643
0.06706993791	0.00491791911	-0.00255799331
0.06707977013	0.00478193884	-0.00248409086
0.06708950694	0.00464333479	-0.00240822196
0.06709912954	0.00450214562	-0.00233036741
0.06710862159	0.00435837228	-0.00225048246
0.06711796487	0.00421204121	-0.00216854198
0.06712714046	0.00406319016	-0.00208452599
0.06713612939	0.00391185763	-0.00199841365
0.06714491251	0.00375808783	-0.00191018849
0.06715346664	0.00360200198	-0.00181987868
0.06716177980	0.00344352059	-0.00172737317
0.06716982929	0.00328276308	-0.00163271699
0.06717759257	0.00311986480	-0.00153595020
0.06718505601	0.00295478400	-0.00143698277
0.06719219902	0.00278763172	-0.00133585295
0.06719900011	0.00261856529	-0.00123261950
0.06720544719	0.00244752270	-0.00112717716
0.06721151733	0.00227473926	-0.00101966223
0.06721719778	0.00210019591	-0.00090999641
0.06722247023	0.00192405718	-0.00079826233
0.06722732017	0.00174640272	-0.00068446767
0.06723173361	0.00156732114	-0.00056863217
0.06723569597	0.00138697042	-0.00045083536
0.06723919652	0.00120538420	-0.00033105114
0.06724222196	0.00102278330	-0.00020942221
0.06724476422	0.00083915716	-0.00008588219
0.06724681239	0.00065476958	0.00003937589
0.06724836038	0.00046960288	0.00016642539
0.06724940080	0.00028388652	0.00029509325
0.06724992904	0.00009769171	0.00042536545
0.06724994129	-0.00008886148	0.00055716451
0.06724943538	-0.00027557333	0.00069034597
0.06724841016	-0.00046241826	0.00082492972
0.06724686625	-0.00064921507	0.00096075978
0.06724480599	-0.00083580322	0.00109772133
0.06724223188	-0.00102213109	0.00123579820
0.06723914892	-0.00120803680	0.00137484316
0.06723556311	-0.00139339613	0.00151475714
0.06723148218	-0.00157806963	0.00165542294
0.06722691398	-0.00176196968	0.00179677241
0.06722186840	-0.00194497012	0.00193868309
0.06721635643	-0.00212695283	0.00208104189
0.06721039005	-0.00230780611	0.00222374108
0.06720398223	-0.00248742285	0.00236667079
0.06719714688	-0.00266569908	0.00250972125
0.06718989877	-0.00284253472	0.00265278264
0.06718225458	-0.00301780867	0.00279572427
0.06717422915	-0.00319146330	0.00293847952
0.06716583971	-0.00336340235	0.00308092340
0.06715710432	-0.00353353069	0.00322293718
0.06714804221	-0.00370174660	0.00336439727
0.06713866851	-0.00386803445	0.00350527331
0.06712900647	-0.00403224382	0.00364536384
0.06711907014	-0.00419439187	0.00378468082
0.06710888408	-0.00435432855	0.00392301434
0.06709846281	-0.00451207138	0.00406037658
0.06708782756	-0.00466753615	0.00419662576
0.06707699880	-0.00482065681	0.00433166148
0.06706599418	-0.00497141071	0.00446543555
0.06705483251	-0.00511975950	0.00459786670
0.06704353294	-0.00526566145	0.00472887056
0.06703211384	-0.00540908631	0.00485837901
0.06702059315	-0.00555000848	0.00498632755
0.06700898840	-0.00568840692	0.00511265544
0.06699731803	-0.00582424903	0.00523728979
0.06698559770	-0.00595753311	0.00536019809
0.06697384253	-0.00608826054	0.00548134088
0.06696206992	-0.00621640506	0.00560064512
0.06695029577	-0.00634195522	0.00571806639
0.06693853093	-0.00646494984	0.00583361787
0.06692679473	-0.00658533581	0.00594718962
0.06691509527	-0.00670317274	0.00605883207
0.06690344753	-0.00681844624	0.00616847693
0.06689186594	-0.00693114498	0.00627608195
0.06688035737	-0.00704132791	0.00638169212
0.06686893489	-0.00714898923	0.00648525365
0.06685760865	-0.00725414817	0.00658675867
0.06684638812	-0.00735682641	0.00668620233
0.06683528213	-0.00745704783	0.00678358277
0.06682429881	-0.00755483874	0.00687890066
0.06681344565	-0.00765022747	0.00697215928
0.06680272950	-0.00774324427	0.00706336440
0.06679215660	-0.00783392089	0.00715252435
0.06678173258	-0.00792229097	0.00723964945
0.06677146606	-0.00800835937	0.00732471987
0.06676135715	-0.00809219942	0.00740780684
0.06675140999	-0.00817384634	0.00748891521
0.06674163548	-0.00825327770	0.00756799229
0.06673202602	-0.00833061840	0.00764517979
0.06672259480	-0.00840582195	0.00772037980
0.06671333416	-0.00847900614	0.00779372601
0.06670425779	-0.00855011654	0.00786511803
0.06669535500	-0.00861928776	0.00793471615
0.06668663380	-0.00868650522	0.00800246234
0.06667809693	-0.00875179350	0.00806837620
0.06666973815	-0.00881524337	0.00813255543
0.06666156112	-0.00887686710	0.00819498462
0.06665356570	-0.00893670404	0.00825569588
0.06664575274	-0.00899478415	0.00831471132
0.06663811995	-0.00905115845	0.00837208047
0.06663066533	-0.00910587380	0.00842784265
0.06662338875	-0.00915896129	0.00848201744
0.06661628872	-0.00921046021	0.00853463812
0.06660936359	-0.00926040937	0.00858573823
0.06660261148	-0.00930884759	0.00863535107
0.06659603036	-0.00935581317	0.00868351007
0.06658962016	-0.00940132900	0.00873023155
0.06658337648	-0.00944544737	0.00877557061
0.06657729608	-0.00948821095	0.00881956520
0.06657137717	-0.00952965063	0.00886223850
0.06656561707	-0.00956980271	0.00890362284
0.06656001585	-0.00960868305	0.00894372793
0.06655457087	-0.00964632555	0.00898259061
0.06654927237	-0.00968281192	0.00902030055
0.06654412119	-0.00971814977	0.00905684805
0.06653910405	-0.00975244240	0.00909234190
0.06653517190	-0.00977923309	0.00911932546
0.06653082666	-0.00980875141	0.00914322323
0.06652611587	-0.00984065077	0.00916375502
0.06652109161	-0.00987455672	0.00918068012
0.06651581005	-0.00991007132	0.00919380009
0.06651033086	-0.00994677784	0.00920296112
0.06650471666	-0.00998424570	0.00920805581
0.06649903236	-0.01002203546	0.00920902442
0.06649334444	-0.01005970403	0.00920585560
0.06648772015	-0.01009680986	0.00919858649
0.06648222673	-0.01013291811	0.00918730233
0.06647693054	-0.01016760571	0.00917213540
0.06647189621	-0.01020046638	0.00915326353
0.06646718574	-0.01023111529	0.00913090797
0.06646285764	-0.01025919362	0.00910533083
0.06718563385	0.00932735249	-0.00521020416
0.06718472960	0.00933386351	-0.00511939197
0.06718533528	0.00932950283	-0.00507952419
0.06718625356	0.00932288755	-0.00504773601
0.06718732970	0.00931512899	-0.00502007474
0.06718855091	0.00930631647	-0.00499492535
0.06718988928	0.00929664881	-0.00497151129
0.06719130706	0.00928639624	-0.00494940541
0.06719284712	0.00927524640	-0.00492821126
0.06719446709	0.00926350322	-0.00490779126
0.06719616262	0.00925119611	-0.00488798883
0.06719796698	0.00923808060	-0.00486862427
0.06719985703	0.00922432193	-0.00484965289
0.06720181658	0.00921003519	-0.00483102765
0.06720387252	0.00919502140	-0.00481263670
0.06720602467	0.00917927818	-0.00479443521
0.06720826580	0.00916285482	-0.00477639699
0.06721059748	0.00914573596	-0.00475848423
0.06721302150	0.00912790450	-0.00474066305
0.06721553983	0.00910934165	-0.00472290327
0.06721815310	0.00909003820	-0.00470518009
0.06722086681	0.00906994848	-0.00468746165
0.06722368459	0.00904904032	-0.00466972284
0.06722660110	0.00902734759	-0.00465195678
0.06722962462	0.00900480277	-0.00463412965
0.06723275740	0.00898138257	-0.00461622234
0.06723600153	0.00895706415	-0.00459821573
0.06723935977	0.00893181937	-0.00458009091
0.06724283488	0.00890561939	-0.00456182827
0.06724642540	0.00887846668	-0.00454341719
0.06725011828	0.00885045149	-0.00452486873
0.06725395715	0.00882123277	-0.00450607243
0.06725792196	0.00879095183	-0.00448706468
0.06726198404	0.00875981750	-0.00446789060
0.06726621200	0.00872729187	-0.00444837696
0.06727054435	0.00869383475	-0.00442865498
0.06727503265	0.00865903469	-0.00440858349
0.06727963559	0.00862319752	-0.00438824626
0.06728440320	0.00858591792	-0.00436750305
0.06728928235	0.00854759506	-0.00434646788
0.06729432469	0.00850780607	-0.00432498746
0.06729951307	0.00846666642	-0.00430309146
0.06730484014	0.00842421473	-0.00428077638
0.06731031140	0.00838038654	-0.00425800202
0.06731594258	0.00833503293	-0.00423470372
0.06732172455	0.00828820270	-0.00421088510
0.06732765924	0.00823985444	-0.00418651505
0.06733374844	0.00818994632	-0.00416156190
0.06733999374	0.00813843615	-0.00413599333
0.06734639656	0.00808528109	-0.00410977750
0.06735295810	0.00803043802	-0.00408288189
0.06735966686	0.00797396890	-0.00405530809
0.06736654256	0.00791567079	-0.00402696061
0.06737358160	0.00785553323	-0.00399782297
0.06738076997	0.00779363447	-0.00396790482
0.06738811619	0.00772985745	-0.00393713971
0.06739562697	0.00766409587	-0.00390546824
0.06740328103	0.00759648641	-0.00387292694
0.06741109891	0.00752679508	-0.00383939892
0.06741906873	0.00745507016	-0.00380488960
0.06742717718	0.00738137365	-0.00376940194
0.06743544477	0.00730545613	-0.00373280946
0.06744385473	0.00722740336	-0.00369513563
0.06745240415	0.00714717248	-0.00365634054
0.06746108964	0.00706472117	-0.00361638496
0.06746990729	0.00698000785	-0.00357523007
0.06747885270	0.00689299196	-0.00353283714
0.06748792089	0.00680363388	-0.00348916798
0.06749710635	0.00671189503	-0.00344418515
0.06750640297	0.00661773813	-0.00339785166
0.06751580407	0.00652112730	-0.00335013102
0.06752529698	0.00642208435	-0.00330101019
0.06753487576	0.00632055821	-0.00325043923
0.06754454145	0.00621641539	-0.00319833080
0.06755426424	0.00610985134	-0.00314476258
0.06756405852	0.00600057463	-0.00308955397
0.06757388867	0.00588884282	-0.00303282125
0.06758376649	0.00577437501	-0.00297438093
0.06759366307	0.00565735038	-0.00291431016
0.06760357135	0.00553769278	-0.00285253114
0.06761348185	0.00541534603	-0.00278898419
0.06762337632	0.00529035681	-0.00272366806
0.06763324039	0.00516272156	-0.00265654592
0.06764305856	0.00503244753	-0.00258758575
0.06765281579	0.00489953213	-0.00251674783
0.06766249714	0.00476396689	-0.00244399004
0.06767208459	0.00462578291	-0.00236929531
0.06768155962	0.00448501814	-0.00229264451
0.06769090611	0.00434167363	-0.00221399375
0.06770010611	0.00419577551	-0.00213331826
0.06770914095	0.00404736102	-0.00205059827
0.06771799196	0.00389646824	-0.00196581320
0.06772664023	0.00374314090	-0.00187894678
0.06773506298	0.00358749825	-0.00179002590
0.06774324825	0.00342946297	-0.00169894259
0.06775117372	0.00326915274	-0.00160574044
0.06775881721	0.00310670091	-0.00151045805
0.06776616515	0.00294206734	-0.00141300793
0.06777319726	0.00277536174	-0.00131342724
0.06777989237	0.00260673928	-0.00121177286
0.06778623843	0.00243614017	-0.00110794276
0.06779221288	0.00226379620	-0.00100206930
0.06779780303	0.00208968984	-0.00089407667
0.06780299084	0.00191398366	-0.00078404530
0.06780776191	0.00173675704	-0.00067198293
0.06781210238	0.00155809830	-0.00055790911
0.06781599785	0.00137816377	-0.00044190145
0.06781943763	0.00119698797	-0.00032393516
0.06782240856	0.00101478907	-0.00020414930
0.06782490259	0.00083155833	-0.00008248008
0.06782690890	0.00064755623	0.00004088436
0.06782842138	0.00046276713	0.00016601453
0.06782943269	0.00027741800	0.00029274144
0.06782993818	0.00009158050	0.00042105067
0.06782993400	-0.00009462564	0.00055086590
0.06782941794	-0.00028100253	0.00068204589
0.06782838876	-0.00046752315	0.00081460888
0.06782684700	-0.00065400765	0.00094840210
0.06782479489	-0.00084029646	0.00108331297
0.06782223479	-0.00102633694	0.00121932450
0.06781917158	-0.00121196811	0.00135629230
0.06781561108	-0.00139706600	0.00149411882
0.06781156084	-0.00158149165	0.00163268888
0.06780702855	-0.00176515703	0.00177193488
0.06780202390	-0.00194793622	0.00191173637
0.06779655766	-0.00212971120	0.00205198200
0.06779064160	-0.00231037029	0.00219256563
0.06778428848	-0.00248980632	0.00233337901
0.06777751197	-0.00266791523	0.00247431396
0.06777032661	-0.00284459679	0.00261526225
0.06776274883	-0.00301973018	0.00275609547
0.06775479326	-0.00319325697	0.00289674733
0.06774647689	-0.00336508079	0.00303709483
0.06773781752	-0.00353510640	0.00317702107
0.06772883412	-0.00370323217	0.00331640458
0.06771954168	-0.00386944118	0.00345521436
0.06770996308	-0.00403358394	0.00359325320
0.06770011229	-0.00419567590	0.00373053136
0.06769001350	-0.00435556803	0.00386684346
0.06767968113	-0.00451327628	0.00400220008
0.06766913614	-0.00466871650	0.00413646202
0.06765839880	-0.00482182249	0.00426953057
0.06764748657	-0.00497257089	0.00440135772
0.06763641807	-0.00512092284	0.00453186332
0.06762521228	-0.00526683629	0.00466096426
0.06761388736	-0.00541028053	0.00478859329
0.06760246113	-0.00555122951	0.00491468678
0.06759095094	-0.00568966172	0.00503918471
0.06757937506	-0.00582554435	0.00516201544
0.06756774902	-0.00595887509	0.00528314657
0.06755608785	-0.00608965468	0.00540253893
0.06754440878	-0.00621785672	0.00552012083
0.06753272758	-0.00634346950	0.00563584850
0.06752105508	-0.00646653085	0.00574973414
0.06750941037	-0.00658698808	0.00586167038
0.06749780160	-0.00670489968	0.00597170579
0.06748624359	-0.00682025119	0.00607977349
0.06747475066	-0.00693303130	0.00618583217
0.06746332969	-0.00704329799	0.00628992522
0.06745199366	-0.00715104545	0.00639200005
0.06744075265	-0.00725629258	0.00649204881
0.06742961608	-0.00735906079	0.00659006666
0.06741859272	-0.00745937369	0.00668605166
0.06740769068	-0.00755725729	0.00678000442
0.06739691740	-0.00765273968	0.00687192809
0.06738627972	-0.00774585083	0.00696182826
0.06737578387	-0.00783662226	0.00704971310
0.06736543543	-0.00792508736	0.00713559269
0.06735524296	-0.00801125122	0.00721944796
0.06734520663	-0.00809518645	0.00730134828
0.06733533060	-0.00817692805	0.00738129846
0.06732562560	-0.00825645430	0.00745924763
0.06731608425	-0.00833388871	0.00753533369
0.06730671953	-0.00840918583	0.00760946176
0.06729752399	-0.00848246220	0.00768176203
0.06728851107	-0.00855366460	0.00775213733
0.06727967036	-0.00862292623	0.00782074371
0.06727100972	-0.00869023310	0.00788752509
0.06726253187	-0.00875560998	0.00795250097
0.06725423071	-0.00881914684	0.00801576664
0.06724610987	-0.00888085625	0.00807730748
0.06723816920	-0.00894077750	0.00813715510
0.06723040954	-0.00899894066	0.00819533145
0.06722282866	-0.00905539656	0.00825188509
0.06721542460	-0.00911019190	0.00830685463
0.06720819721	-0.00916335786	0.00836025953
0.06720114506	-0.00921493367	0.00841213257
0.06719426650	-0.00926495815	0.00846250679
0.06718755967	-0.00931347008	0.00851141499
0.06718102258	-0.00936050775	0.00855889011
0.06717465512	-0.00940609425	0.00860494848
0.06716845299	-0.00945028166	0.00864964410
0.06716241296	-0.00949311256	0.00869301427
0.06715653328	-0.00953461788	0.00873508193
0.06715081128	-0.00957483394	0.00877587893
0.06714524700	-0.00961377688	0.00881541521
0.06713983782	-0.00965148061	0.00885372705
0.06713457416	-0.00968802620	0.00889090190
0.06712945682	-0.00972342159	0.00892693074
0.06712447276	-0.00975776904	0.00896191948
0.06712059946	-0.00978437673	0.00898827691
0.06711632617	-0.00981364668	0.00901157272
0.06711169975	-0.00984523526	0.00903153377
0.06710677142	-0.00987877166	0.00904792605
0.06710159636	-0.00991386232	0.00906055738
0.06709623313	-0.00995009550	0.00906927965
0.06709074309	-0.00998704617	0.00907399061
0.06708518980	-0.01002428098	0.00907463504
0.06707963825	-0.01006136336	0.00907120536
0.06707415412	-0.01009785864	0.00906374180
0.06706880302	-0.01013333912	0.00905233186
0.06706364961	-0.01016738911	0.00903710930
0.06705875678	-0.01019960977	0.00901825261
0.06705418479	-0.01022962377	0.00899598284
0.06704999042	-0.01025707971	0.00897056111
0.06777544264	0.00929610001	-0.00512836381
0.06777460849	0.00930217950	-0.00503886801
0.06777522681	0.00929767341	-0.00499958412
0.06777614691	0.00929096389	-0.00496826465
0.06777721992	0.00928313312	-0.00494101239
0.06777843372	0.00927426667	-0.00491623653
0.06777976149	0.00926455787	-0.00489317147
0.06778116689	0.00925427012	-0.00487139532
0.06778269136	0.00924309755	-0.00485051902
0.06778429407	0.00923133672	-0.00483040569
0.06778597086	0.00921901593	-0.00481090093
0.06778775393	0.00920589580	-0.00479182882
0.06778962096	0.00919213742	-0.00477314454
0.06779155638	0.00917785290	-0.00475480115
0.06779358619	0.00916284733	-0.00473668936
0.06779571028	0.00914711799	-0.00471876495
0.06779792170	0.00913071265	-0.00470100181
0.06780022202	0.00911361588	-0.00468336270
0.06780261301	0.00909581055	-0.00466581424
0.06780509661	0.00907727787	-0.00464832672
0.06780767349	0.00905800839	-0.00463087564
0.06781034901	0.00903795705	-0.00461342975
0.06781312670	0.00901709192	-0.00459596437
0.06781600149	0.00899544565	-0.00457847245
0.06781898139	0.00897295178	-0.00456092092
0.06782206862	0.00894958703	-0.00454329092
0.06782526527	0.00892532859	-0.00452556364
0.06782857405	0.00890014844	-0.00450772047
0.06783199766	0.00887401786	-0.00448974210
0.06783553475	0.00884693874	-0.00447161793
0.06783917277	0.00881899872	-0.00445335824
0.06784295389	0.00878986387	-0.00443485586
0.06784685881	0.00875967175	-0.00441614576
0.06785085990	0.00872862591	-0.00439727109
0.06785502345	0.00869619989	-0.00437806396
0.06785929014	0.00866284259	-0.00435865098
0.06786370980	0.00862815115	-0.00433889514
0.06786824258	0.00859242390	-0.00431887713
0.06787293687	0.00855526394	-0.00429846085
0.06787774138	0.00851706084	-0.00427775620
0.06788270605	0.00847740049	-0.00425661438
0.06788781435	0.00843639510	-0.00423506378
0.06789305923	0.00839408172	-0.00421310050
0.06789844605	0.00835039660	-0.00419068512
0.06790399003	0.00830519340	-0.00416775459
0.06790968239	0.00825851911	-0.00414431198
0.06791552503	0.00821033247	-0.00412032666
0.06792151972	0.00816059184	-0.00409576747
0.06792766800	0.00810925517	-0.00407060257
0.06793397129	0.00805627979	-0.00404480064
0.06794043077	0.00800162277	-0.00401832965
0.06794703533	0.00794534389	-0.00399119052
0.06795380404	0.00788724387	-0.00396329022
0.06796073345	0.00782731171	-0.00393461234
0.06796781001	0.00776562309	-0.00390516560
0.06797504196	0.00770206273	-0.00387488501
0.06798243577	0.00763652586	-0.00384371253
0.06798997087	0.00756914532	-0.00381168292
0.06799766708	0.00749969144	-0.00377868234
0.06800551291	0.00742821064	-0.00374471552
0.06801349546	0.00735476275	-0.00370978465
0.06802163450	0.00727910298	-0.00367376661
0.06802991379	0.00720131443	-0.00363668361
0.06803833046	0.00712135438	-0.00359849635
0.06804688116	0.00703918065	-0.00355916620
0.06805556206	0.00695475181	-0.00351865494
0.06806436880	0.00686802741	-0.00347692443
0.06807329648	0.00677896796	-0.00343393707
0.06808233968	0.00668753498	-0.00338965599
0.06809149238	0.00659369132	-0.00334404476
0.06810074800	0.00649740119	-0.00329706745
0.06811009416	0.00639868529	-0.00324871080
0.06811952497	0.00629749301	-0.00319892575
0.06812904128	0.00619369313	-0.00314762713
0.06813861410	0.00608747638	-0.00309488962
0.06814825718	0.00597855700	-0.00304053754
0.06815793586	0.00586718661	-0.00298468308
0.06816766138	0.00575308979	-0.00292714771
0.06817740554	0.00563644155	-0.00286800572
0.06818716132	0.00551716699	-0.00280718103
0.06819691929	0.00539521079	-0.00274461524
0.06820666157	0.00527061838	-0.00268030663
0.06821637398	0.00514338608	-0.00261421892
0.06822604128	0.00501352083	-0.00254632048
0.06823564863	0.00488101999	-0.00247657223
0.06824518128	0.00474587523	-0.00240493286
0.06825462151	0.00460811703	-0.00233138532
0.06826395109	0.00446778262	-0.00225591056
0.06827315411	0.00432487321	-0.00217846553
0.06828221287	0.00417941457	-0.00209902580
0.06829110896	0.00403144351	-0.00201757182
0.06829982399	0.00388099765	-0.00193408325
0.06830833931	0.00372812027	-0.00184854399
0.06831663253	0.00357292872	-0.00176097976
0.06832469173	0.00341534778	-0.00167128550
0.06833249492	0.00325549344	-0.00157950346
0.06834002031	0.00309349708	-0.00148567080
0.06834725440	0.00292932015	-0.00138970249
0.06835417718	0.00276307108	-0.00129163463
0.06836076784	0.00259490288	-0.00119152232
0.06836701433	0.00242475796	-0.00108926657
0.06837289449	0.00225286467	-0.00098499604
0.06837839570	0.00207920697	-0.00087863723
0.06838350014	0.00190394549	-0.00077026849
0.06838819357	0.00172715939	-0.00065989761
0.06839246227	0.00154893663	-0.00054754394
0.06839629198	0.00136943200	-0.00043328325
0.06839967206	0.00118868081	-0.00031709196
0.06840258953	0.00100689867	-0.00019910568
0.06840503632	0.00082407858	-0.00007926307
0.06840700175	0.00064047780	0.00004225245
0.06840847965	0.00045608266	0.00016550862
0.06840946276	0.00027111768	0.00029034044
0.06840994638	0.00008565496	0.00041673307
0.06840992664	-0.00010018615	0.00054461132
0.06840940128	-0.00028620952	0.00067383711
0.06840836901	-0.00047238677	0.00080442707
0.06840683026	-0.00065853936	0.00093623153
0.06840478715	-0.00084450871	0.00106914008
0.06840224195	-0.00103024118	0.00120313499
0.06839919936	-0.00121557670	0.00133807460
0.06839566509	-0.00140039154	0.00147386285
0.06839164649	-0.00158454727	0.00161038651
0.06838715108	-0.00176795548	0.00174757855
0.06838218837	-0.00195049047	0.00188532045
0.06837676893	-0.00213203436	0.00202350257
0.06837090432	-0.00231247552	0.00216202033
0.06836460705	-0.00249170672	0.00230076703
0.06835789061	-0.00266962385	0.00243963607
0.06835076930	-0.00284612656	0.00257852078
0.06834325928	-0.00302109431	0.00271729491
0.06833537499	-0.00319446793	0.00285589258
0.06832713317	-0.00336615093	0.00299419267
0.06831855139	-0.00353604802	0.00313208010
0.06830964834	-0.00370405767	0.00326943544
0.06830043886	-0.00387016171	0.00340622712
0.06829094550	-0.00403421157	0.00354226201
0.06828118210	-0.00419622107	0.00367754877
0.06827117251	-0.00435604220	0.00381188639
0.06826093105	-0.00451368938	0.00394528394
0.06825047843	-0.00466907852	0.00407760474
0.06823983465	-0.00482214334	0.00420875167
0.06822901704	-0.00497285974	0.00433867696
0.06821804401	-0.00512118844	0.00446730152
0.06820693435	-0.00526708705	0.00459454349
0.06819570606	-0.00541052446	0.00472033650
0.06818437676	-0.00555147416	0.00484461769
0.06817296368	-0.00568991421	0.00496732784
0.06816148487	-0.00582581161	0.00508839644
0.06814995577	-0.00595916344	0.00520779128
0.06813839129	-0.00608996986	0.00532547344
0.06812680849	-0.00621820433	0.00544137253
0.06811522301	-0.00634385488	0.00555544546
0.06810364564	-0.00646695838	0.00566770346
0.06809209526	-0.00658746260	0.00577804164
0.06808058003	-0.00670542489	0.00588650681
0.06806911464	-0.00682083076	0.00599303344
0.06805771327	-0.00693366893	0.00609758111
0.06804638282	-0.00704399640	0.00620019170
0.06803513616	-0.00715180735	0.00630081376
0.06802398330	-0.00725712041	0.00639943949
0.06801293360	-0.00735995669	0.00649606402
0.06800199581	-0.00746033954	0.00659068539
0.06799117797	-0.00755829470	0.00668330411
0.06798048750	-0.00765384999	0.00677392320
0.06796993119	-0.00774703514	0.00686254813
0.06795951526	-0.00783788141	0.00694918686
0.06794924528	-0.00792642198	0.00703384925
0.06793912971	-0.00801266215	0.00711651695
0.06792916880	-0.00809667379	0.00719725758
0.06791936670	-0.00817849173	0.00727607587
0.06790973397	-0.00825809492	0.00735292269
0.06790026348	-0.00833560550	0.00742793229
0.06789096797	-0.00841097904	0.00750101272
0.06788184021	-0.00848433086	0.00757229076
0.06787289338	-0.00855560893	0.00764167236
0.06786411735	-0.00862494500	0.00770930947
0.06785551984	-0.00869232574	0.00777514788
0.06784710354	-0.00875777604	0.00783920700
0.06783886250	-0.00882138510	0.00790157979
0.06783080027	-0.00888316578	0.00796225237
0.06782291676	-0.00894315731	0.00802125587
0.06781521275	-0.00900138986	0.00807861210
0.06780768609	-0.00905791405	0.00813436866
0.06780033485	-0.00911277644	0.00818856348
0.06779315889	-0.00916600826	0.00824121589
0.06778615679	-0.00921764873	0.00829235817
0.06777932692	-0.00926773662	0.00834202289
0.06777266746	-0.00931631069	0.00839024236
0.06776617643	-0.00936340921	0.00843704903
0.06775985372	-0.00940905545	0.00848245925
0.06775369506	-0.00945330128	0.00852652596
0.06774769731	-0.00949618919	0.00856928579
0.06774185871	-0.00953775016	0.00861076148
0.06773617662	-0.00957802049	0.00865098440
0.06773065105	-0.00961701660	0.00868996470
0.06772527940	-0.00965477244	0.00872773810
0.06772005227	-0.00969136838	0.00876438992
0.06771497039	-0.00972681271	0.00879991181
0.06771002100	-0.00976120667	0.00883440689
0.06770620684	-0.00978762768	0.00886015750
0.06770200535	-0.00981664766	0.00888287093
0.06769746269	-0.00984792592	0.00890228089
0.06769262925	-0.00988109532	0.00891815982
0.06768755921	-0.00991576662	0.00893032154
0.06768231003	-0.00995153302	0.00893862347
0.06767694183	-0.00998797499	0.00894296829
0.06767151682	-0.01002466514	0.00894330505
0.06766609854	-0.01006117331	0.00893962980
0.06766075115	-0.01009707155	0.00893198563
0.06765553864	-0.01013193918	0.00892046216
0.06765052402	-0.01016536766	0.00890519450
0.06764576850	-0.01019696545	0.00888636165
0.06764133063	-0.01022636250	0.00886418440
0.06763726554	-0.01025321462	0.00883892275
0.06835494059	0.00926512259	-0.00504980950
0.06835417187	0.00927079222	-0.00496157953
0.06835480147	0.00926614890	-0.00492285714
0.06835572266	0.00925935092	-0.00489198839
0.06835679207	0.00925145272	-0.00486512946
0.06835799823	0.00924253633	-0.00484071282
0.06835931533	0.00923278981	-0.00481798338
0.06836070835	0.00922247008	-0.00479652437
0.06836221740	0.00921127743	-0.00477595377
0.06836380309	0.00919950142	-0.00475613539
0.06836546146	0.00918716929	-0.00473691693
0.06836722366	0.00917404652	-0.00471812610
0.06836906817	0.00916029025	-0.00469971796
0.06837098000	0.00914600973	-0.00468164569
0.06837298432	0.00913101395	-0.00466380243
0.06837508105	0.00911529985	-0.00464614454
0.06837726353	0.00909891378	-0.00462864601
0.06837953333	0.00908184023	-0.00461127014
0.06838189219	0.00906406204	-0.00459398404
0.06838434204	0.00904556043	-0.00457675843
0.06838688356	0.00902632574	-0.00455956912
0.06838952199	0.00900631345	-0.00454238544
0.06839226078	0.00898549191	-0.00452518312
0.06839509507	0.00896389258	-0.00450795496
0.06839803266	0.00894145002	-0.00449066857
0.06840107574	0.00891814097	-0.00447330539
0.06840422636	0.00889394265	-0.00445584686
0.06840748720	0.00886882714	-0.00443827467
0.06841086092	0.00884276586	-0.00442056981
0.06841434626	0.00881576012	-0.00440272169
0.06841793112	0.00878789513	-0.00438473987
0.06842165634	0.00875884371	-0.00436652029
0.06842550329	0.00872873984	-0.00434809657
0.06842944532	0.00869778208	-0.00432951004
0.06843354654	0.00866545485	-0.00431059782
0.06843774967	0.00863219669	-0.00429148217
0.06844210292	0.00859761289	-0.00427203005
0.06844656783	0.00856199468	-0.00425231921
0.06845119118	0.00852495314	-0.00423221750
0.06845592348	0.00848686874	-0.00421183091
0.06846081302	0.00844733570	-0.00419101490
0.06846584388	0.00840646313	-0.00416979663
0.06847100927	0.00836428659	-0.00414817185
0.06847631441	0.00832074303	-0.00412610189
0.06848177406	0.00827568855	-0.00410352522
0.06848737977	0.00822916841	-0.00408044440
0.06849313340	0.00818114154	-0.00405682927
0.06849903669	0.00813156643	-0.00403264912
0.06850509117	0.00808040121	-0.00400787262
0.06851129822	0.00802760338	-0.00398246890
0.06851765900	0.00797313017	-0.00395640643
0.06852416281	0.00791703929	-0.00392968552
0.06853082808	0.00785913499	-0.00390221544
0.06853765148	0.00779940570	-0.00387397986
0.06854461993	0.00773792473	-0.00384498661
0.06855174138	0.00767457845	-0.00381517215
0.06855902208	0.00760926355	-0.00378447966
0.06856644214	0.00754210925	-0.00375294228
0.06857402070	0.00747289000	-0.00372044905
0.06858174663	0.00740165042	-0.00368700405
0.06858960742	0.00732844829	-0.00365260875
0.06859762214	0.00725304327	-0.00361714320
0.06860577506	0.00717551589	-0.00358062846
0.06861406334	0.00709582359	-0.00354302578
0.06862248367	0.00701392434	-0.00350429714
0.06863103229	0.00692977683	-0.00346440485
0.06863970489	0.00684334074	-0.00342331137
0.06864849666	0.00675457670	-0.00338097964
0.06865740224	0.00666344636	-0.00333737335
0.06866641572	0.00656991265	-0.00329245660
0.06867553059	0.00647393991	-0.00324619400
0.06868473477	0.00637554776	-0.00319857208
0.06869402241	0.00627468607	-0.00314954262
0.06870339419	0.00617122576	-0.00309902252
0.06871282189	0.00606535308	-0.00304708362
0.06872231865	0.00595678767	-0.00299355491
0.06873185076	0.00584577549	-0.00293854469
0.06874142888	0.00573204637	-0.00288187914
0.06875102554	0.00561577134	-0.00282362987
0.06876063370	0.00549687666	-0.00276372241
0.06877024404	0.00537530788	-0.00270209958
0.06877983899	0.00525110925	-0.00263875923
0.06878940460	0.00512427694	-0.00257366557
0.06879892584	0.00499481761	-0.00250678739
0.06880838808	0.00486272859	-0.00243808621
0.06881777678	0.00472800166	-0.00236752145
0.06882707446	0.00459066673	-0.00229507613
0.06883626321	0.00445076036	-0.00222073127
0.06884532729	0.00430828387	-0.00214444461
0.06885424928	0.00416326274	-0.00206619205
0.06886301101	0.00401573332	-0.00198595422
0.06887159436	0.00386573283	-0.00190371106
0.06887998093	0.00371330411	-0.00181944661
0.06888814870	0.00355856268	-0.00173318547
0.06889608579	0.00340143534	-0.00164482538
0.06890377058	0.00324203645	-0.00155440725
0.06891118158	0.00308049553	-0.00146196696
0.06891830541	0.00291677554	-0.00136742174
0.06892512234	0.00275098365	-0.00127080673
0.06893161185	0.00258327085	-0.00117217531
0.06893776196	0.00241358163	-0.00107143141
0.06894355085	0.00224214103	-0.00096870014
0.06894896598	0.00206893444	-0.00086391019
0.06895398978	0.00189412065	-0.00075713797
0.06895860814	0.00171777857	-0.00064839127
0.06896280746	0.00153999584	-0.00053768928
0.06896657365	0.00136092572	-0.00042510601
0.06896989614	0.00118060433	-0.00031061903
0.06897276209	0.00099924478	-0.00019436064
0.06897516343	0.00081684173	-0.00007627184
0.06897708959	0.00063364935	0.00004346843
0.06897853441	0.00044965585	0.00016492531
0.06897949065	0.00026508338	0.00028793759
0.06897995360	0.00008000445	0.00041249002
0.06897991938	-0.00010546195	0.00053850853
0.06897938568	-0.00029112142	0.00066585799
0.06897835113	-0.00047694426	0.00079455357
0.06897681609	-0.00066275323	0.00092444855
0.06897478259	-0.00084839068	0.00105543455
0.06897225278	-0.00103380207	0.00118749320
0.06896923124	-0.00121882819	0.00132048541
0.06896572352	-0.00140334559	0.00145431654
0.06896173681	-0.00158721632	0.00158887527
0.06895727848	-0.00177035164	0.00172409509
0.06895235784	-0.00195262611	0.00185985935
0.06894698526	-0.00213392199	0.00199606001
0.06894117212	-0.00231412769	0.00213259402
0.06893493072	-0.00249313598	0.00226935617
0.06892827431	-0.00267084270	0.00240624137
0.06892121699	-0.00284714741	0.00254314442
0.06891377468	-0.00302192985	0.00267994118
0.06890596159	-0.00319513016	0.00281656613
0.06889779427	-0.00336665177	0.00295289999
0.06888929002	-0.00353639936	0.00308882942
0.06888046728	-0.00370427150	0.00322423692
0.06887134073	-0.00387024884	0.00335909039
0.06886193260	-0.00403418374	0.00349320062
0.06885225662	-0.00419608844	0.00362657475
0.06884233630	-0.00435581594	0.00375901593
0.06883218584	-0.00451337920	0.00389053182
0.06882182571	-0.00466869423	0.00402098812
0.06881127568	-0.00482169466	0.00415028928
0.06880055290	-0.00497235571	0.00427838773
0.06878967560	-0.00512063770	0.00440520544
0.06877866238	-0.00526649795	0.00453066171
0.06876753106	-0.00540990494	0.00465469100
0.06875629910	-0.00555083178	0.00477723127
0.06874498356	-0.00568925609	0.00489822399
0.06873360233	-0.00582514471	0.00501759979
0.06872217071	-0.00595849416	0.00513532659
0.06871070351	-0.00608930402	0.00525136578
0.06869921762	-0.00621754765	0.00536564818
0.06868772853	-0.00634321285	0.00547813133
0.06867624702	-0.00646633554	0.00558882559
0.06866479173	-0.00658686396	0.00569762841
0.06865337084	-0.00670485436	0.00580458493
0.06864199891	-0.00682029222	0.00590963091
0.06863068996	-0.00693316630	0.00601272678
0.06861945094	-0.00704353268	0.00611391300
0.06860829458	-0.00715138552	0.00621313920
0.06859723084	-0.00725674319	0.00631039761
0.06858626902	-0.00735962652	0.00640568336
0.06857541779	-0.00746005860	0.00649899446
0.06856468519	-0.00755806492	0.00659033131
0.06855407857	-0.00765367304	0.00667969685
0.06854360472	-0.00774691244	0.00676709638
0.06853326980	-0.00783781417	0.00685253770
0.06852307937	-0.00792641116	0.00693603045
0.06851304179	-0.00801270893	0.00701755698
0.06850315741	-0.00809677867	0.00709718320
0.06849343036	-0.00817865497	0.00717491381
0.06848387104	-0.00825831748	0.00725070130
0.06847447253	-0.00833588699	0.00732467648
0.06846524735	-0.00841132009	0.00739675013
0.06845618849	-0.00848473085	0.00746704585
0.06844730888	-0.00855606844	0.00753547247
0.06843859865	-0.00862546320	0.00760217814
0.06843006538	-0.00869290239	0.00766711034
0.06842171173	-0.00875841108	0.00773028844
0.06841353189	-0.00882207767	0.00779180316
0.06840552937	-0.00888391529	0.00785164132
0.06839770408	-0.00894396314	0.00790983361
0.06839005680	-0.00900225147	0.00796640166
0.06838258540	-0.00905883069	0.00802139220
0.06837528802	-0.00911374721	0.00807484247
0.06836816451	-0.00916703233	0.00812677169
0.06836121346	-0.00921872521	0.00817721169
0.06835443328	-0.00926886460	0.00822619454
0.06834782216	-0.00931748922	0.00827375210
0.06834137815	-0.00936463731	0.00831991635
0.06833510112	-0.00941033233	0.00836470365
0.06832898688	-0.00945462594	0.00840816591
0.06832303231	-0.00949756051	0.00845033917
0.06831723568	-0.00953916708	0.00849124593
0.06831159437	-0.00957948193	0.00853091713
0.06830610836	-0.00961852173	0.00856936307
0.06830077507	-0.00965632046	0.00860661897
0.06829558528	-0.00969295783	0.00864276814
0.06829053966	-0.00972844245	0.00867780281
0.06828562572	-0.00976287456	0.00871182350
0.06828186981	-0.00978910898	0.00873699573
0.06827773862	-0.00981788208	0.00875915503
0.06827327760	-0.00984885608	0.00877804161
0.06826853630	-0.00988166745	0.00879343405
0.06826356795	-0.00991593115	0.00880515187
0.06825842893	-0.00995124518	0.00881305771
0.06825317816	-0.00998719532	0.00881705886
0.06824787656	-0.01002335999	0.00881710843
0.06824258625	-0.01005931517	0.00881320582
0.06823736993	-0.01009463941	0.00880539680
0.06823229005	-0.01012891875	0.00879377292
0.06822740802	-0.01016175155	0.00877847045
0.06822278345	-0.01019275323	0.00875966881
0.06821847328	-0.01022156073	0.00873758842
0.06821453102	-0.01024783673	0.00871248817
0.06894445829	0.00923337814	-0.00497170103
0.06894375279	0.00923864446	-0.00488473186
0.06894439282	0.00923386694	-0.00484656879
0.06894531446	0.00922698292	-0.00481614899
0.06894637974	0.00921901951	-0.00478968189
0.06894757779	0.00921005519	-0.00476562308
0.06894888381	0.00920027287	-0.00474322799
0.06895026406	0.00918992306	-0.00472208493
0.06895175736	0.00917871213	-0.00470181885
0.06895332572	0.00916692274	-0.00468229432
0.06895496534	0.00915458108	-0.00466336114
0.06895670639	0.00914145740	-0.00464485054
0.06895852813	0.00912770497	-0.00462671751
0.06896041610	0.00911343025	-0.00460891540
0.06896239468	0.00909844603	-0.00459133970
0.06896446383	0.00908274896	-0.00457394737
0.06896661716	0.00906638393	-0.00455671251
0.06896885622	0.00904933542	-0.00453959895
0.06897118275	0.00903158622	-0.00452257429
0.06897359866	0.00901311754	-0.00450560967
0.06897610464	0.00899391954	-0.00448868123
0.06897870580	0.00897394822	-0.00447175885
0.06898140552	0.00895317222	-0.00445481869
0.06898419914	0.00893162184	-0.00443785340
0.06898709426	0.00890923261	-0.00442083126
0.06899009303	0.00888598134	-0.00440373399
0.06899319748	0.00886184525	-0.00438654332
0.06899641025	0.00883679654	-0.00436924120
0.06899973394	0.00881080675	-0.00435180893
0.06900316740	0.00878387665	-0.00433423596
0.06900669898	0.00875608904	-0.00431653112
0.06901036819	0.00872712338	-0.00429859340
0.06901415706	0.00869711016	-0.00428045511
0.06901803990	0.00866624302	-0.00426215581
0.06902207871	0.00863401709	-0.00424353751
0.06902621817	0.00860086071	-0.00422471825
0.06903050493	0.00856638721	-0.00420556885
0.06903490184	0.00853088081	-0.00418616420
0.06903945419	0.00849396049	-0.00416637601
0.06904411418	0.00845599774	-0.00414630648
0.06904892851	0.00841659499	-0.00412581521
0.06905388184	0.00837585830	-0.00410492818
0.06905896766	0.00833382177	-0.00408364082
0.06906419106	0.00829042302	-0.00406191516
0.06906956631	0.00824552061	-0.00403969119
0.06907508528	0.00819915807	-0.00401697097
0.06908074983	0.00815129452	-0.00399372480
0.06908656165	0.00810188859	-0.00396992244
0.06909252226	0.00805089861	-0.00394553304
0.06909863299	0.00799828221	-0.00392052620
0.06910489501	0.00794399680	-0.00389487089
0.06911129798	0.00788809809	-0.00386856678
0.06911785973	0.00783039376	-0.00384152547
0.06912457705	0.00777087174	-0.00381373065
0.06913143729	0.00770960295	-0.00378518935
0.06913844816	0.00764647544	-0.00375583939
0.06914561567	0.00758138732	-0.00372562521
0.06915292060	0.00751446426	-0.00369457833
0.06916038141	0.00744548475	-0.00366259064
0.06916798734	0.00737449168	-0.00362966559
0.06917572625	0.00730154081	-0.00359580394
0.06918361655	0.00722639615	-0.00356088886
0.06919164298	0.00714913576	-0.00352494027
0.06919980273	0.00706971722	-0.00348792001
0.06920809257	0.00698809863	-0.00344979061
0.06921650877	0.00690423883	-0.00341051496
0.06922504709	0.00681809762	-0.00337005607
0.06923370279	0.00672963578	-0.00332837743
0.06924247060	0.00663881506	-0.00328544330
0.06925134468	0.00654559852	-0.00324121829
0.06926031864	0.00644995058	-0.00319566755
0.06926938065	0.00635188984	-0.00314877740
0.06927852492	0.00625136662	-0.00310050048
0.06928775197	0.00614825397	-0.00305075568
0.06929703435	0.00604273373	-0.00299961210
0.06930638458	0.00593453087	-0.00294690327
0.06931576988	0.00582388576	-0.00289273372
0.06932520038	0.00571053343	-0.00283693425
0.06933464929	0.00559464096	-0.00277957383
0.06934410960	0.00547613582	-0.00272057957
0.06935357205	0.00535496436	-0.00265989553
0.06936301943	0.00523116967	-0.00259751908
0.06937243797	0.00510474781	-0.00253341499
0.06938181288	0.00497570516	-0.00246755240
0.06939112974	0.00484403900	-0.00239989346
0.06940037419	0.00470974126	-0.00233039830
0.06940952905	0.00457284124	-0.00225905001
0.06941857667	0.00443337487	-0.00218582967
0.06942750154	0.00429134358	-0.00211069581
0.06943628646	0.00414677256	-0.00203362466
0.06944491355	0.00399969770	-0.00195459705
0.06945336493	0.00385015583	-0.00187359315
0.06946162246	0.00369818937	-0.00179059718
0.06946966451	0.00354391200	-0.00170563263
0.06947747923	0.00338725253	-0.00161859994
0.06948504534	0.00322832371	-0.00152953879
0.06949234172	0.00306725322	-0.00143848375
0.06949935505	0.00290400549	-0.00134535430
0.06950606590	0.00273868648	-0.00125018459
0.06951245406	0.00257144514	-0.00115302636
0.06951850761	0.00240222802	-0.00105378637
0.06952420508	0.00223125691	-0.00095258627
0.06952953402	0.00205851857	-0.00084935689
0.06953447708	0.00188416998	-0.00074417270
0.06953902031	0.00170828980	-0.00063704155
0.06954315024	0.00153096532	-0.00052798239
0.06954685294	0.00135234833	-0.00041706755
0.06955011791	0.00117247569	-0.00030427568
0.06955293245	0.00099155803	-0.00018973590
0.06955528852	0.00080959167	-0.00007339141
0.06955717567	0.00062682770	0.00004458319
0.06955858771	0.00044325617	0.00016425055
0.06955951746	0.00025909686	0.00028545313
0.06955996019	0.00007442270	0.00040817534
0.06955991200	-0.00011064771	0.00053234421
0.06955937054	-0.00029592167	0.00065782751
0.06955833440	-0.00048136824	0.00078463899
0.06955680385	-0.00066681143	0.00091263483
0.06955478082	-0.00085209457	0.00104170868
0.06955226736	-0.00103716221	0.00117184153
0.06954926792	-0.00122185603	0.00130289686
0.06954578791	-0.00140605287	0.00143478144
0.06954183434	-0.00158961530	0.00156738580
0.06953741443	-0.00177245422	0.00170064399
0.06953253732	-0.00195444450	0.00183444118
0.06952721319	-0.00213546854	0.00196867099
0.06952145319	-0.00231541483	0.00210323181
0.06951526944	-0.00249417614	0.00223801996
0.06950867497	-0.00267164829	0.00237293182
0.06950168365	-0.00284773076	0.00250786368
0.06949431114	-0.00302230362	0.00264269346
0.06948657149	-0.00319530630	0.00277735606
0.06947848099	-0.00336664219	0.00291173397
0.06947005669	-0.00353621594	0.00304571560
0.06946131679	-0.00370392628	0.00317918535
0.06945227580	-0.00386975266	0.00331211066
0.06944295563	-0.00403354840	0.00344430613
0.06943336989	-0.00419532420	0.00357577747
0.06942354175	-0.00435493405	0.00370633190
0.06941348530	-0.00451238952	0.00383597571
0.06940322073	-0.00466760669	0.00396457700
0.06939276760	-0.00482051913	0.00409204171
0.06938214288	-0.00497110143	0.00421832254
0.06937136462	-0.00511931348	0.00434334246
0.06936045121	-0.00526511234	0.00446702196
0.06934942029	-0.00540846611	0.00458929634
0.06933828915	-0.00554934751	0.00471010431
0.06932707469	-0.00568773376	0.00482938810
0.06931579460	-0.00582359153	0.00494707945
0.06930446409	-0.00595691681	0.00506314641
0.06929309781	-0.00608770859	0.00517755066
0.06928171251	-0.00621594016	0.00529022427
0.06927032352	-0.00634159908	0.00540112537
0.06925894159	-0.00646472036	0.00551026348
0.06924758514	-0.00658525268	0.00561753835
0.06923626234	-0.00670325123	0.00572299349
0.06922498762	-0.00681870146	0.00582656595
0.06921377486	-0.00693159216	0.00592821697
0.06920263101	-0.00704197849	0.00602798562
0.06919156870	-0.00714985462	0.00612582261
0.06918059780	-0.00725523864	0.00622172020
0.06916972757	-0.00735815111	0.00631567353
0.06915896662	-0.00745861488	0.00640768053
0.06914832292	-0.00755665516	0.00649774157
0.06913780381	-0.00765229927	0.00658585945
0.06912741602	-0.00774557646	0.00667203935
0.06911716569	-0.00783651752	0.00675628886
0.06910705836	-0.00792515517	0.00683861746
0.06909710229	-0.00801149515	0.00691900813
0.06908729791	-0.00809560791	0.00699752514
0.06907764934	-0.00817752789	0.00707417313
0.06906816679	-0.00825723537	0.00714890619
0.06905884359	-0.00833484981	0.00722185175
0.06904969203	-0.00841032879	0.00729292327
0.06904070530	-0.00848378518	0.00736224121
0.06903189609	-0.00855516931	0.00742971726
0.06902325478	-0.00862461010	0.00749549577
0.06901478883	-0.00869209542	0.00755952595
0.06900650084	-0.00875765049	0.00762182706
0.06899838517	-0.00882136293	0.00768248764
0.06899044527	-0.00888324613	0.00774149521
0.06898268104	-0.00894333924	0.00779888001
0.06897509326	-0.00900167258	0.00785466348
0.06896767987	-0.00905829638	0.00790889148
0.06896043902	-0.00911325685	0.00796160061
0.06895337057	-0.00916658537	0.00801280995
0.06894647313	-0.00921832107	0.00806255085
0.06893974513	-0.00926850263	0.00811085493
0.06893318480	-0.00931716875	0.00815775359
0.06892679019	-0.00936435761	0.00820327834
0.06892056117	-0.00941009288	0.00824744555
0.06891449361	-0.00945442598	0.00829030611
0.06890858444	-0.00949739917	0.00833189545
0.06890283193	-0.00953904354	0.00837223586
0.06889723351	-0.00957939534	0.00841135783
0.06889178910	-0.00961847150	0.00844927183
0.06888649617	-0.00965630601	0.00848601257
0.06888134566	-0.00969297791	0.00852166137
0.06887633819	-0.00972849613	0.00855621103
0.06887146153	-0.00976295991	0.00858975953
0.06886776493	-0.00978900169	0.00861436067
0.06886370487	-0.00981752266	0.00863597375
0.06885932611	-0.00984818802	0.00865434539
0.06885467737	-0.00988063786	0.00866926020
0.06884981089	-0.00991449143	0.00868054331
0.06884478197	-0.00994935154	0.00868806244
0.06883964833	-0.00998480932	0.00869172944
0.06883446958	-0.01002044896	0.00869150130
0.06882930647	-0.01005585260	0.00868738072
0.06882422019	-0.01009060527	0.00867941599
0.06881927169	-0.01012429970	0.00866770049
0.06881452080	-0.01015654111	0.00865237159
0.06881002552	-0.01018695184	0.00863360899
0.06880584121	-0.01021517573	0.00861163268
0.06880201981	-0.01024088231	0.00858670029
0.06952366372	0.00920201512	-0.00489662842
0.06952301731	0.00920689763	-0.00481087298
0.06952366663	0.00920199314	-0.00477324838
0.06952458815	0.00919502818	-0.00474326081
0.06952564895	0.00918700374	-0.00471717096
0.06952683877	0.00917799493	-0.00469345669
0.06952813373	0.00916817974	-0.00467138352
0.06952950131	0.00915780257	-0.00465054470
0.06953097910	0.00914657557	-0.00463057186
0.06953253043	0.00913477485	-0.00461133029
0.06953415169	0.00912242560	-0.00459267182
0.06953587208	0.00910930260	-0.00457443108
0.06953767159	0.00909555546	-0.00455656300
0.06953953630	0.00908128794	-0.00453902108
0.06954148981	0.00906631649	-0.00452170307
0.06954353213	0.00905063745	-0.00450456650
0.06954565713	0.00903429437	-0.00448758559
0.06954786633	0.00901727167	-0.00447072469
0.06955016148	0.00899955212	-0.00445395184
0.06955254444	0.00898111695	-0.00443723862
0.06955501594	0.00896195609	-0.00442056147
0.06955758096	0.00894202610	-0.00440389081
0.06956024281	0.00892129584	-0.00438720319
0.06956299704	0.00889979456	-0.00437049112
0.06956585101	0.00887745870	-0.00435372355
0.06956880687	0.00885426510	-0.00433688246
0.06957186663	0.00883019103	-0.00431994983
0.06957503286	0.00880520879	-0.00430290791
0.06957830816	0.00877929005	-0.00428573826
0.06958169142	0.00875243506	-0.00426843037
0.06958517145	0.00872472433	-0.00425099241
0.06958878648	0.00869584364	-0.00423332624
0.06959251919	0.00866592016	-0.00421546294
0.06959634479	0.00863514285	-0.00419744041
0.06960032326	0.00860301705	-0.00417910529
0.06960440117	0.00856996138	-0.00416057162
0.06960862365	0.00853559684	-0.00414171388
0.06961295485	0.00850020098	-0.00412260428
0.06961743859	0.00846340029	-0.00410311814
0.06962202868	0.00842555773	-0.00408335413
0.06962677034	0.00838628354	-0.00406317575
0.06963164877	0.00834568089	-0.00404260787
0.06963665771	0.00830378249	-0.00402164562
0.06964180210	0.00826052662	-0.00400025171
0.06964709581	0.00821577414	-0.00397836757
0.06965253100	0.00816956698	-0.00395599478
0.06965810950	0.00812186441	-0.00393310409
0.06966383295	0.00807262525	-0.00390966573
0.06966970286	0.00802180797	-0.00388564928
0.06967572056	0.00796937037	-0.00386102481
0.06968188718	0.00791527002	-0.00383576174
0.06968819273	0.00785956071	-0.00380985921
0.06969465447	0.00780205344	-0.00378323094
0.06970126932	0.00774273562	-0.00375586073
0.06970802504	0.00768167593	-0.00372775481
0.06971492907	0.00761876401	-0.00369885232
0.06972198724	0.00755389934	-0.00366909887
0.06972918093	0.00748720420	-0.00363852448
0.06973652800	0.00741846095	-0.00360702372
0.06974401799	0.00734771082	-0.00357459946
0.06975163915	0.00727500766	-0.00354125182
0.06975940924	0.00720011963	-0.00350686691
0.06976731346	0.00712312243	-0.00347146357
0.06977534904	0.00704397379	-0.00343500420
0.06978351278	0.00696263195	-0.00339745188
0.06979180102	0.00687905589	-0.00335877005
0.06980020959	0.00679320554	-0.00331892224
0.06980873380	0.00670504178	-0.00327787248
0.06981736846	0.00661452652	-0.00323558554
0.06982610783	0.00652162290	-0.00319202655
0.06983494560	0.00642629546	-0.00314716118
0.06984387021	0.00632856182	-0.00310097554
0.06985287591	0.00622837273	-0.00305342309
0.06986196307	0.00612560329	-0.00300442462
0.06987110497	0.00602043111	-0.00295404664
0.06988031356	0.00591258627	-0.00290212698
0.06988955695	0.00580230383	-0.00284876662
0.06989884474	0.00568932374	-0.00279380071
0.06990815081	0.00557380935	-0.00273729574
0.06991746817	0.00545568925	-0.00267918035
0.06992678763	0.00533491060	-0.00261939971
0.06993609231	0.00521151537	-0.00255795082
0.06994536864	0.00508549953	-0.00249479892
0.06995460205	0.00495686916	-0.00242991352
0.06996377832	0.00482562153	-0.00236325736
0.06997288328	0.00469174868	-0.00229479126
0.06998190002	0.00455527938	-0.00222449835
0.06999081115	0.00441624893	-0.00215235981
0.06999960137	0.00427465887	-0.00207833490
0.07000825371	0.00413053410	-0.00200240017
0.07001675057	0.00398391009	-0.00192453662
0.07002507430	0.00383482330	-0.00184472466
0.07003320702	0.00368331571	-0.00176294868
0.07004112745	0.00352949930	-0.00167923113
0.07004882379	0.00337330477	-0.00159347502
0.07005627511	0.00321484332	-0.00150571881
0.07006346061	0.00305424088	-0.00141599589
0.07007036706	0.00289146330	-0.00132422782
0.07007697531	0.00272661533	-0.00123044786
0.07008326547	0.00255984402	-0.00113470618
0.07008922564	0.00239109787	-0.00103691218
0.07009483473	0.00222059553	-0.00093718427
0.07010008034	0.00204832510	-0.00083545530
0.07010494539	0.00187444180	-0.00073179789
0.07010941604	0.00169902405	-0.00062621992
0.07011347896	0.00152215882	-0.00051874016
0.07011712040	0.00134399644	-0.00040942929
0.07012032991	0.00116457450	-0.00029826702
0.07012309495	0.00098410127	-0.00018537940
0.07012540748	0.00080257460	-0.00007071174
0.07012725718	0.00062024264	0.00004556548
0.07012863785	0.00043709720	0.00016351257
0.07012954235	0.00025335578	0.00028297550
0.07012996597	0.00006909169	0.00040393834
0.07012990476	-0.00011557685	0.00052632918
0.07012935637	-0.00030045880	0.00065001855
0.07012831930	-0.00048552200	0.00077501888
0.07012679379	-0.00067059173	0.00090118912
0.07012478163	-0.00085551224	0.00102842484
0.07012228481	-0.00104022722	0.00115670644
0.07011930765	-0.00122457925	0.00128589986
0.07011585542	-0.00140844541	0.00141591322
0.07011193498	-0.00159168883	0.00154663881
0.07010755340	-0.00177422008	0.00167801125
0.07010271963	-0.00195591431	0.00180991746
0.07009744367	-0.00213665411	0.00194225260
0.07009173649	-0.00231632805	0.00207491651
0.07008561000	-0.00249482891	0.00220780693
0.07007907702	-0.00267205250	0.00234082168
0.07007215121	-0.00284789827	0.00247385846
0.07006484800	-0.00302224659	0.00260679719
0.07005718124	-0.00319503625	0.00273957314
0.07004916699	-0.00336617062	0.00287207055
0.07004082206	-0.00353555434	0.00300417948
0.07003216441	-0.00370308628	0.00313578616
0.07002320839	-0.00386874479	0.00326685759
0.07001397559	-0.00403238411	0.00339721203
0.07000447951	-0.00419401346	0.00352685382
0.06999474297	-0.00435348785	0.00365559407
0.06998477996	-0.00451081747	0.00378343782
0.06997461043	-0.00466591852	0.00391025541
0.06996425369	-0.00481872452	0.00403595423
0.06995372655	-0.00496920943	0.00416048724
0.06994304687	-0.00511733280	0.00428377839
0.06993223284	-0.00526305142	0.00440574931
0.06992130193	-0.00540633304	0.00452633609
0.06991027125	-0.00554715002	0.00464547821
0.06989915755	-0.00568547919	0.00476311857
0.06988797834	-0.00582128711	0.00487919000
0.06987674868	-0.00595456921	0.00499366068
0.06986548312	-0.00608532396	0.00510649261
0.06985419824	-0.00621352458	0.00521761899
0.06984290924	-0.00633915840	0.00532699856
0.06983162680	-0.00646225957	0.00543464004
0.06982036912	-0.00658277721	0.00554044537
0.06980914440	-0.00670076546	0.00564445652
0.06979796691	-0.00681620977	0.00574661174
0.06978685039	-0.00692909897	0.00584687308
0.06977580181	-0.00703948733	0.00594527830
0.06976483366	-0.00714736903	0.00604177911
0.06975395577	-0.00725276189	0.00613636781
0.06974317730	-0.00735568623	0.00622903953
0.06973250683	-0.00745616463	0.00631979219
0.06972195227	-0.00755422208	0.00640862605
0.06971152092	-0.00764988565	0.00649554384
0.06970121948	-0.00774318434	0.00658055057
0.06969105404	-0.00783414873	0.00666365370
0.06968103014	-0.00792281131	0.00674486249
0.06967115592	-0.00800917803	0.00682416054
0.06966143189	-0.00809331867	0.00690161058
0.06965186216	-0.00817526744	0.00697721717
0.06964245679	-0.00825500532	0.00705093593
0.06963320930	-0.00833265040	0.00712289106
0.06962413176	-0.00840816128	0.00719299857
0.06961521759	-0.00848164962	0.00726137595
0.06960647920	-0.00855306688	0.00732793756
0.06959790725	-0.00862254061	0.00739282419
0.06958950905	-0.00869005928	0.00745598664
0.06958128717	-0.00875564823	0.00751744409
0.06957323612	-0.00881939431	0.00757728302
0.06956535928	-0.00888131119	0.00763549157
0.06955765657	-0.00894143795	0.00769209957
0.06955012876	-0.00899980498	0.00774712827
0.06954277382	-0.00905646230	0.00780062271
0.06953558995	-0.00911145598	0.00785261885
0.06952857701	-0.00916481744	0.00790313565
0.06952173363	-0.00921658574	0.00795220401
0.06951505827	-0.00926679954	0.00799985512
0.06950854916	-0.00931549749	0.00804611990
0.06950220440	-0.00936271774	0.00809102944
0.06949602382	-0.00940848412	0.00813460009
0.06949000337	-0.00945284782	0.00817688178
0.06948414002	-0.00949585099	0.00821790938
0.06947843206	-0.00953752477	0.00825770496
0.06947287693	-0.00957790538	0.00829629856
0.06946747454	-0.00961700998	0.00833370081
0.06946222236	-0.00965487258	0.00836994593
0.06945711152	-0.00969157156	0.00840511334
0.06945214260	-0.00972711615	0.00843919643
0.06944730358	-0.00976160462	0.00847229071
0.06944366516	-0.00978745467	0.00849634676
0.06943967454	-0.00981572717	0.00851743937
0.06943537576	-0.00984609024	0.00853532123
0.06943081672	-0.00987818756	0.00854978271
0.06942604874	-0.00991164250	0.00856065425
0.06942112603	-0.00994606258	0.00856780840
0.06941610518	-0.00998104409	0.00857116127
0.06941104452	-0.01001617682	0.00857067357
0.06940600346	-0.01005104888	0.00856635100
0.06940104179	-0.01008525150	0.00855824425
0.06939621897	-0.01011838388	0.00854644836
0.06939159334	-0.01015005781	0.00853110162
0.06938722137	-0.01017990228	0.00851238397
0.06938315689	-0.01020756775	0.00849051485
0.06937945035	-0.01023273029	0.00846575065
0.07011287577	0.00916999191	-0.00482184113
0.07011228659	0.00917449557	-0.00473729656
0.07011294449	0.00916946647	-0.00470020923
0.07011386535	0.00916242246	-0.00467065292
0.07011492125	0.00915433874	-0.00464493951
0.07011610247	0.00914528704	-0.00462156904
0.07011738605	0.00913544050	-0.00459981711
0.07011874065	0.00912503751	-0.00457928193
0.07012020269	0.00911379588	-0.00455960171
0.07012173674	0.00910198528	-0.00454064255
0.07012333940	0.00908962989	-0.00452225829
0.07012503893	0.00907650900	-0.00450428688
0.07012681603	0.00906276855	-0.00448668325
0.07012865728	0.00904850970	-0.00446940105
0.07013058555	0.00903355247	-0.00445234027
0.07013260089	0.00901789292	-0.00443545902
0.07013469740	0.00900157327	-0.00441873161
0.07013687661	0.00898457788	-0.00440212293
0.07013914023	0.00896688951	-0.00438560148
0.07014149013	0.00894848938	-0.00436913925
0.07014392704	0.00892936725	-0.00435271299
0.07014645581	0.00890948020	-0.00433629365
0.07014907970	0.00888879732	-0.00431985817
0.07015179442	0.00886734679	-0.00430339895
0.07015460717	0.00884506601	-0.00428688557
0.07015752004	0.00882193183	-0.00427030029
0.07016053503	0.00879792156	-0.00425362533
0.07016365468	0.00877300761	-0.00423684323
0.07016688151	0.00874716178	-0.00421993583
0.07017021453	0.00872038379	-0.00420289265
0.07017364294	0.00869275193	-0.00418572123
0.07017720377	0.00866395819	-0.00416832623
0.07018088030	0.00863412651	-0.00415073756
0.07018464861	0.00860344117	-0.00413299146
0.07018856673	0.00857141763	-0.00411493912
0.07019258306	0.00853846494	-0.00409669069
0.07019674127	0.00850421161	-0.00407812422
0.07020100674	0.00846892867	-0.00405930930
0.07020542187	0.00843225000	-0.00404012482
0.07020994206	0.00839453015	-0.00402066597
0.07021461106	0.00835538708	-0.00400080006
0.07021941460	0.00831492109	-0.00398055092
0.07022434667	0.00827316354	-0.00395991337
0.07022941209	0.00823005335	-0.00393885079
0.07023462428	0.00818545367	-0.00391730604
0.07023997572	0.00813940485	-0.00389528023
0.07024546818	0.00809186633	-0.00387274456
0.07025110330	0.00804279708	-0.00384966970
0.07025688256	0.00799215574	-0.00382602570
0.07026280726	0.00793990028	-0.00380178308
0.07026887850	0.00788598844	-0.00377691172
0.07027508667	0.00783047212	-0.00375141021
0.07028144846	0.00777316556	-0.00372519441
0.07028796088	0.00771405572	-0.00369824817
0.07029461211	0.00765320904	-0.00367057699
0.07030140934	0.00759051673	-0.00364212130
0.07030835822	0.00752587966	-0.00361282786
0.07031544071	0.00745941674	-0.00358272524
0.07032267407	0.00739091416	-0.00355171064
0.07033004817	0.00732041153	-0.00351978635
0.07033755159	0.00724796080	-0.00348695189
0.07034520151	0.00717333425	-0.00345309623
0.07035298355	0.00709660525	-0.00341823719
0.07036089498	0.00701773167	-0.00338233773
0.07036893265	0.00693667191	-0.00334536146
0.07037709296	0.00685338507	-0.00330727234
0.07038537178	0.00676783123	-0.00326803446
0.07039376451	0.00667997141	-0.00322761236
0.07040226604	0.00658976760	-0.00318597133
0.07041087069	0.00649718310	-0.00314307702
0.07041957227	0.00640218255	-0.00309889558
0.07042835946	0.00630478258	-0.00305341297
0.07043722659	0.00620493440	-0.00300658344
0.07044617384	0.00610251512	-0.00295832964
0.07045517523	0.00599769819	-0.00290871554
0.07046424216	0.00589021874	-0.00285758321
0.07047334358	0.00578030656	-0.00280503016
0.07048248863	0.00566770652	-0.00275089578
0.07049165181	0.00555257825	-0.00269524417
0.07050082616	0.00543485147	-0.00263800544
0.07051000259	0.00531447411	-0.00257912588
0.07051916450	0.00519148708	-0.00251860212
0.07052829855	0.00506588622	-0.00245639987
0.07053739039	0.00493767736	-0.00239248902
0.07054642598	0.00480685772	-0.00232683287
0.07055539136	0.00467341949	-0.00225939291
0.07056426988	0.00453739089	-0.00219015236
0.07057304443	0.00439880659	-0.00211909246
0.07058169990	0.00425766827	-0.00204617321
0.07059021957	0.00411400054	-0.00197137145
0.07059858609	0.00396783844	-0.00189466839
0.07060678206	0.00381921805	-0.00181604466
0.07061478987	0.00366818096	-0.00173548481
0.07062258858	0.00351483742	-0.00165301028
0.07063016645	0.00335912002	-0.00156852658
0.07063750288	0.00320113845	-0.00148207102
0.07064457740	0.00304101684	-0.00139367578
0.07065137689	0.00287872249	-0.00130326452
0.07065788247	0.00271435897	-0.00121086955
0.07066407455	0.00254807138	-0.00111653955
0.07066994130	0.00237981019	-0.00102018652
0.07067546197	0.00220979093	-0.00092192564
0.07068062425	0.00203800303	-0.00082169176
0.07068541127	0.00186459993	-0.00071955569
0.07068980938	0.00168965984	-0.00061552533
0.07069380536	0.00151326937	-0.00050961926
0.07069738562	0.00133557744	-0.00040190654
0.07070053978	0.00115662232	-0.00029236790
0.07070325546	0.00097660993	-0.00018112638
0.07070552465	0.00079553967	-0.00006812936
0.07070733714	0.00061365672	0.00004645676
0.07070868672	0.00043095464	0.00016268999
0.07070956633	0.00024764867	0.00028041974
0.07070997121	0.00006381246	0.00039962978
0.07070989743	-0.00012043613	0.00052024925
0.07070934260	-0.00030490776	0.00064215140
0.07070830519	-0.00048956903	0.00076534739
0.07070678533	-0.00067424650	0.00088969888
0.07070478476	-0.00085878537	0.00101510335
0.07070230536	-0.00104312848	0.00114154066
0.07069935133	-0.00122711930	0.00126887916
0.07069592781	-0.00141063520	0.00139702830
0.07069204150	-0.00159353985	0.00152588216
0.07068769932	-0.00177574352	0.00165537589
0.07068291006	-0.00195712166	0.00178539817
0.07067768354	-0.00213755705	0.00191584571
0.07067203051	-0.00231693834	0.00204661975
0.07066596270	-0.00249515838	0.00217761947
0.07065949273	-0.00267211298	0.00230874411
0.07065263403	-0.00284770155	0.00243989280
0.07064540180	-0.00302180478	0.00257094740
0.07063780970	-0.00319436086	0.00270184361
0.07062987354	-0.00336527312	0.00283246738
0.07062160994	-0.00353444623	0.00296271040
0.07061303655	-0.00370177922	0.00309246075
0.07060416760	-0.00386724935	0.00322168499
0.07059502435	-0.00403071181	0.00335020499
0.07058562017	-0.00419217434	0.00347802379
0.07057597756	-0.00435149298	0.00360495632
0.07056611039	-0.00450867656	0.00373100639
0.07055603836	-0.00466364142	0.00385604657
0.07054578054	-0.00481632106	0.00397998571
0.07053535356	-0.00496668881	0.00410277701
0.07052477511	-0.00511470387	0.00422434544
0.07051406316	-0.00526032280	0.00434461371
0.07050323501	-0.00540351301	0.00446351873
0.07049230760	-0.00554424650	0.00458100072
0.07048129750	-0.00568249975	0.00469700330
0.07047022203	-0.00581823916	0.00481146032
0.07045909613	-0.00595145968	0.00492434016
0.07044793424	-0.00608215924	0.00503560509
0.07043675275	-0.00621031099	0.00514518947
0.07042556670	-0.00633590206	0.00525305263
0.07041438675	-0.00645896571	0.00535920250
0.07040323087	-0.00657945154	0.00546354317
0.07039210726	-0.00669741264	0.00556611514
0.07038103002	-0.00681283445	0.00566685784
0.07037001278	-0.00692570587	0.00576573408
0.07035906249	-0.00703608026	0.00586278036
0.07034819154	-0.00714395182	0.00595794937
0.07033740965	-0.00724933811	0.00605123346
0.07032672596	-0.00735225921	0.00614262777
0.07031614896	-0.00745273743	0.00623213015
0.07030568652	-0.00755079753	0.00631974082
0.07029534588	-0.00764646634	0.00640546239
0.07028513370	-0.00773977262	0.00648929975
0.07027505607	-0.00783074674	0.00657126018
0.07026511846	-0.00791942094	0.00665135277
0.07025532894	-0.00800580141	0.00672956170
0.07024568807	-0.00808995721	0.00680594817
0.07023619996	-0.00817192237	0.00688051670
0.07022687450	-0.00825167852	0.00695322437
0.07021770542	-0.00832934244	0.00702419223
0.07020870458	-0.00840487367	0.00709333878
0.07019986557	-0.00847838272	0.00716077858
0.07019120060	-0.00854982215	0.00722642862
0.07018270054	-0.00861931815	0.00729042619
0.07017437258	-0.00868685976	0.00735272366
0.07016621926	-0.00875247246	0.00741334009
0.07015823524	-0.00881624232	0.00747235995
0.07015042382	-0.00887818328	0.00752977200
0.07014278494	-0.00893833434	0.00758560562
0.07013531936	-0.00899672599	0.00763988192
0.07012802509	-0.00905340800	0.00769264507
0.07012090038	-0.00910842630	0.00774393046
0.07011394508	-0.00916181234	0.00779375688
0.07010715784	-0.00921360514	0.00784215481
0.07010053714	-0.00926384331	0.00788915496
0.07009408124	-0.00931256545	0.00793478784
0.07008778826	-0.00935980965	0.00797908408
0.07008165801	-0.00940559993	0.00802206001
0.07007568652	-0.00944998723	0.00806376464
0.07006987079	-0.00949301360	0.00810423224
0.07006420913	-0.00953471021	0.00814348466
0.07005869901	-0.00957511323	0.00818155153
0.07005334030	-0.00961424008	0.00821844362
0.07004813051	-0.00965212476	0.00825419463
0.07004306092	-0.00968884500	0.00828888217
0.07003813207	-0.00972441033	0.00832250013
0.07003333220	-0.00975891801	0.00835514163
0.07002975278	-0.00978457079	0.00837865841
0.07002583223	-0.00981258990	0.00839923691
0.07002161388	-0.00984264648	0.00841663586
0.07001714480	-0.00987438780	0.00843065129
0.07001247535	-0.00990744142	0.00844111886
0.07000765870	-0.00994141960	0.00844791587
0.07000275026	-0.00997592381	0.00845096261
0.06999780711	-0.01001054944	0.00845022338
0.06999288731	-0.01004489056	0.00844570683
0.06998804925	-0.01007854463	0.00843746593
0.06998335093	-0.01011111727	0.00842559728
0.06997884919	-0.01014222684	0.00841024003
0.06997459901	-0.01017150892	0.00839157424
0.06997065270	-0.01019862056	0.00836981874
0.06996705922	-0.01022324429	0.00834522861
0.07069177054	0.00913848880	-0.00474976502
0.07069123504	0.00914263027	-0.00466638885
0.07069190061	0.00913748262	-0.00462982004
0.07069282042	0.00913036372	-0.00460067994
0.07069387122	0.00912222409	-0.00457532989
0.07069504382	0.00911313224	-0.00455229127
0.07069631616	0.00910325662	-0.00453084943
0.07069765798	0.00909282990	-0.00451060739
0.07069910459	0.00908157529	-0.00449120967
0.07070062178	0.00906975629	-0.00447252315
0.07070220629	0.00905739616	-0.00445440365
0.07070388552	0.00904427843	-0.00443669230
0.07070564084	0.00903054561	-0.00441934400
0.07070745930	0.00901629632	-0.00440231262
0.07070936307	0.00900135402	-0.00438550025
0.07071135224	0.00898571448	-0.00436886555
0.07071342114	0.00896941867	-0.00435238297
0.07071557129	0.00895245089	-0.00433601788
0.07071780439	0.00893479389	-0.00431973924
0.07072012228	0.00891642890	-0.00430351944
0.07072252571	0.00889734549	-0.00428733552
0.07072501942	0.00887750124	-0.00427115895
0.07072760659	0.00885686548	-0.00425496703
0.07073028313	0.00883546539	-0.00423875207
0.07073305602	0.00881323922	-0.00422248426
0.07073592735	0.00879016390	-0.00420614610
0.07073889909	0.00876621674	-0.00418972009
0.07074197372	0.00874137028	-0.00417318900
0.07074515375	0.00871559642	-0.00415653498
0.07074843824	0.00868889443	-0.00413974756
0.07075181681	0.00866134041	-0.00412283369
0.07075532530	0.00863263236	-0.00410570070
0.07075894760	0.00860289105	-0.00408837737
0.07076266060	0.00857229639	-0.00407089842
0.07076652049	0.00854037344	-0.00405311930
0.07077047737	0.00850752211	-0.00403514653
0.07077457356	0.00847337814	-0.00401686150
0.07077877559	0.00843820629	-0.00399833136
0.07078312454	0.00840164752	-0.00397943836
0.07078757727	0.00836404834	-0.00396027441
0.07079217617	0.00832503408	-0.00394071046
0.07079690747	0.00828470234	-0.00392076932
0.07080176537	0.00824308315	-0.00390044554
0.07080675460	0.00820011607	-0.00387970316
0.07081188816	0.00815566645	-0.00385848636
0.07081715880	0.00810977311	-0.00383679585
0.07082256827	0.00806239566	-0.00381460324
0.07082811819	0.00801349322	-0.00379187963
0.07083381000	0.00796302460	-0.00376859553
0.07083964499	0.00791094795	-0.00374472187
0.07084562425	0.00785722114	-0.00372022898
0.07085173848	0.00780189429	-0.00369511497
0.07085800385	0.00774478476	-0.00366929769
0.07086441747	0.00768587903	-0.00364276107
0.07087096791	0.00762524146	-0.00361550992
0.07087766213	0.00756276476	-0.00358748590
0.07088450558	0.00749835108	-0.00355863685
0.07089148080	0.00743211616	-0.00352899000
0.07089860447	0.00736384983	-0.00349844502
0.07090586677	0.00729359018	-0.00346700369
0.07091325662	0.00722138733	-0.00343466494
0.07092079061	0.00714701751	-0.00340132049
0.07092845477	0.00707055187	-0.00336698717
0.07093624643	0.00699194841	-0.00333162848
0.07094416247	0.00691116568	-0.00329520853
0.07095219934	0.00682816294	-0.00325769183
0.07096035298	0.00674290037	-0.00321904295
0.07096861885	0.00665533912	-0.00317922696
0.07097699191	0.00656544134	-0.00313820962
0.07098546658	0.00647317040	-0.00309595708
0.07099403673	0.00637849106	-0.00305243599
0.07100269132	0.00628141905	-0.00300763212
0.07101142470	0.00618190598	-0.00296150050
0.07102023695	0.00607983091	-0.00291396554
0.07102910272	0.00597536330	-0.00286508884
0.07103803293	0.00586824312	-0.00281471647
0.07104699734	0.00575869513	-0.00276294263
0.07105600460	0.00564646888	-0.00270961078
0.07106502986	0.00553172049	-0.00265478274
0.07107406617	0.00541438073	-0.00259839001
0.07108310451	0.00529439829	-0.00254037997
0.07109212861	0.00517181304	-0.00248074887
0.07110112530	0.00504662072	-0.00241946289
0.07111008045	0.00491882693	-0.00235649229
0.07111898023	0.00478842884	-0.00229180089
0.07112781085	0.00465541878	-0.00222535084
0.07113655591	0.00451982443	-0.00215712543
0.07114519858	0.00438167989	-0.00208710597
0.07115372393	0.00424098694	-0.00201525316
0.07116211549	0.00409776994	-0.00194154412
0.07117035615	0.00395206351	-0.00186596026
0.07117842875	0.00380390338	-0.00178848242
0.07118631592	0.00365333074	-0.00170909530
0.07119399708	0.00350045419	-0.00162781939
0.07120146054	0.00334520815	-0.00154456258
0.07120868601	0.00318770083	-0.00145936107
0.07121565337	0.00302805468	-0.00137224591
0.07122234957	0.00286623834	-0.00128314271
0.07122875600	0.00270235426	-0.00119208295
0.07123485338	0.00253654569	-0.00109911384
0.07124062993	0.00236876496	-0.00100414984
0.07124606523	0.00219922462	-0.00090730310
0.07125114707	0.00202791535	-0.00080851033
0.07125585882	0.00185498893	-0.00070784064
0.07126018693	0.00168052329	-0.00060530193
0.07126411835	0.00150460477	-0.00050091258
0.07126763964	0.00132738084	-0.00039474014
0.07127074049	0.00114889051	-0.00028676628
0.07127340868	0.00096933737	-0.00017711119
0.07127563621	0.00078872233	-0.00006572417
0.07127741298	0.00060728769	0.00004723223
0.07127873281	0.00042502872	0.00016181385
0.07127958866	0.00024215844	0.00027787339
0.07127997579	0.00005875086	0.00039539435
0.07127989026	-0.00012507657	0.00051430687
0.07127932965	-0.00030913609	0.00063448679
0.07127829237	-0.00049339318	0.00075594408
0.07127677852	-0.00067767561	0.00087854300
0.07127478972	-0.00086182950	0.00100218286
0.07127232779	-0.00104579689	0.00112684301
0.07126939681	-0.00122942211	0.00125239410
0.07126600178	-0.00141258286	0.00137874689
0.07126214927	-0.00159514329	0.00150579714
0.07125784605	-0.00177701342	0.00163348054
0.07125310075	-0.00195806900	0.00176168747
0.07124792299	-0.00213819301	0.00189031609
0.07124232338	-0.00231727421	0.00201926903
0.07123631342	-0.00249520548	0.00214844684
0.07122990554	-0.00267188267	0.00227775013
0.07122311298	-0.00284720517	0.00240707939
0.07121595069	-0.00302105400	0.00253631838
0.07120843215	-0.00319336677	0.00266540318
0.07120057296	-0.00336404680	0.00279422141
0.07119238948	-0.00353299879	0.00292266634
0.07118389915	-0.00370012194	0.00305062777
0.07117511602	-0.00386539247	0.00317807192
0.07116606106	-0.00402866650	0.00330482408
0.07115674751	-0.00418995037	0.00343088606
0.07114719755	-0.00434910113	0.00355607645
0.07113742493	-0.00450612628	0.00368039791
0.07112744911	-0.00466094234	0.00380372514
0.07111728892	-0.00481348277	0.00392596839
0.07110696084	-0.00496372034	0.00404708111
0.07109648236	-0.00511161391	0.00416698921
0.07108587125	-0.00525711982	0.00428561650
0.07107514463	-0.00540020516	0.00440290065
0.07106431928	-0.00554084160	0.00451878260
0.07105341159	-0.00567900530	0.00463320666
0.07104243872	-0.00581466252	0.00474610769
0.07103141547	-0.00594780772	0.00485745421
0.07102035615	-0.00607843834	0.00496720879
0.07100927698	-0.00620652747	0.00507530690
0.07099819287	-0.00633206204	0.00518170842
0.07098711442	-0.00645507449	0.00528642058
0.07097605938	-0.00657551485	0.00538934949
0.07096503593	-0.00669343522	0.00549053423
0.07095405807	-0.00680882105	0.00558991539
0.07094313924	-0.00692166127	0.00568745651
0.07093228643	-0.00703200840	0.00578319288
0.07092151188	-0.00713985664	0.00587707814
0.07091082526	-0.00724522333	0.00596910466
0.07090023562	-0.00734812828	0.00605926760
0.07088975140	-0.00744859359	0.00614756477
0.07087938041	-0.00754664376	0.00623399633
0.07086912987	-0.00764230540	0.00631856479
0.07085900637	-0.00773560705	0.00640127490
0.07084901597	-0.00782657884	0.00648213380
0.07083916412	-0.00791525282	0.00656115037
0.07082945878	-0.00800163537	0.00663830940
0.07081990060	-0.00808579489	0.00671367059
0.07081049366	-0.00816776520	0.00678723843
0.07080124768	-0.00824752858	0.00685897138
0.07079215660	-0.00832520050	0.00692898751
0.07078323207	-0.00840074148	0.00699720767
0.07077446788	-0.00847426083	0.00706374363
0.07076587597	-0.00854571225	0.00712851488
0.07075744749	-0.00861522056	0.00719165538
0.07074918948	-0.00868277537	0.00725311897
0.07074110444	-0.00874840228	0.00731292461
0.07073318717	-0.00881218662	0.00737115486
0.07072544092	-0.00887414257	0.00742779904
0.07071786565	-0.00893430907	0.00748288613
0.07071046208	-0.00899271666	0.00753643706
0.07070322828	-0.00904941493	0.00758849523
0.07069616254	-0.00910444961	0.00763909540
0.07068926469	-0.00915785221	0.00768825626
0.07068253343	-0.00920966169	0.00773600783
0.07067596723	-0.00925991662	0.00778238042
0.07066956440	-0.00930865553	0.00782740411
0.07066332307	-0.00935591648	0.00787110908
0.07065724303	-0.00940172362	0.00791351167
0.07065132038	-0.00944612771	0.00795465996
0.07064555216	-0.00948917064	0.00799458767
0.07063993670	-0.00953088362	0.00803331646
0.07063447149	-0.00957130279	0.00807087552
0.07062915638	-0.00961044580	0.00810727576
0.07062398889	-0.00964834664	0.00814255041
0.07061896048	-0.00968508239	0.00817677531
0.07061407164	-0.00972066288	0.00820994485
0.07060931084	-0.00975518441	0.00824214990
0.07060578911	-0.00978064132	0.00826515046
0.07060193677	-0.00980841089	0.00828523760
0.07059779647	-0.00983816719	0.00830217582
0.07059341446	-0.00986956103	0.00831576653
0.07058884018	-0.00990222408	0.00832585039
0.07058412578	-0.00993577316	0.00833230918
0.07057932553	-0.00996981481	0.00833506718
0.07057449530	-0.01000394985	0.00833409205
0.07056969187	-0.01003777808	0.00832939522
0.07056497228	-0.01007090301	0.00832103176
0.07056039311	-0.01010293643	0.00830909972
0.07055600978	-0.01013350304	0.00829373900
0.07055187582	-0.01016224476	0.00827512969
0.07054804211	-0.01018882496	0.00825348996
0.07054455622	-0.01021293240	0.00822907352
0.07128065187	0.00910649595	-0.00467767470
0.07128016866	0.00911027749	-0.00459546832
0.07128084138	0.00910501245	-0.00455941874
0.07128175978	0.00909781964	-0.00453069546
0.07128280520	0.00908962503	-0.00450570935
0.07128396896	0.00908049387	-0.00448300313
0.07128522986	0.00907059003	-0.00446187191
0.07128655873	0.00906014042	-0.00444192354
0.07128798977	0.00904887365	-0.00442280883
0.07128948997	0.00903704710	-0.00440439549
0.07129105621	0.00902468308	-0.00438654128
0.07129271504	0.00901156936	-0.00436909050
0.07129444849	0.00899784501	-0.00435199807
0.07129624408	0.00898360616	-0.00433521805
0.07129812329	0.00896867969	-0.00431865463
0.07130008624	0.00895306107	-0.00430226704
0.07130212749	0.00893679002	-0.00428602986
0.07130424855	0.00891985080	-0.00426990893
0.07130645111	0.00890222614	-0.00425387370
0.07130873698	0.00888389728	-0.00423789692
0.07131110692	0.00886485361	-0.00422195595
0.07131356557	0.00884505320	-0.00420602277
0.07131611603	0.00882446565	-0.00419007505
0.07131875440	0.00880311708	-0.00417410501
0.07132148747	0.00878094667	-0.00415808343
0.07132431730	0.00875793137	-0.00414199307
0.07132724582	0.00873404851	-0.00412581669
0.07133027550	0.00870927077	-0.00410953732
0.07133340879	0.00868357015	-0.00409313740
0.07133664483	0.00865694544	-0.00407660647
0.07133997362	0.00862947065	-0.00405995093
0.07134342987	0.00860084964	-0.00404308071
0.07134699803	0.00857120012	-0.00402602351
0.07135065581	0.00854069763	-0.00400881252
0.07135445758	0.00850887675	-0.00399130744
0.07135835514	0.00847612836	-0.00397361116
0.07136238944	0.00844209534	-0.00395560843
0.07136652816	0.00840703626	-0.00393736397
0.07137081106	0.00837059906	-0.00391876333
0.07137519648	0.00833312234	-0.00389989522
0.07137972544	0.00829423871	-0.00388063416
0.07138438466	0.00825404307	-0.00386100196
0.07138916857	0.00821256419	-0.00384099294
0.07139408177	0.00816974223	-0.00382057176
0.07139913689	0.00812544471	-0.00379968392
0.07140432692	0.00807970898	-0.00377832973
0.07140965360	0.00803249478	-0.00375648124
0.07141511852	0.00798376143	-0.00373410996
0.07142072310	0.00793346787	-0.00371118684
0.07142646860	0.00788157242	-0.00368768326
0.07143235610	0.00782803313	-0.00366356999
0.07143837660	0.00777289833	-0.00363884463
0.07144454578	0.00771598848	-0.00361342704
0.07145086085	0.00765728960	-0.00358730124
0.07145731074	0.00759686396	-0.00356047133
0.07146390219	0.00753460578	-0.00353288021
0.07147064046	0.00747041850	-0.00350447680
0.07147750865	0.00740441469	-0.00347528699
0.07148452290	0.00733638783	-0.00344521291
0.07149167366	0.00726637445	-0.00341425584
0.07149895019	0.00719442291	-0.00338241413
0.07150636851	0.00712031334	-0.00334958221
0.07151391507	0.00704411468	-0.00331577595
0.07152158722	0.00696578510	-0.00328095937
0.07152938189	0.00688528327	-0.00324509713
0.07153729559	0.00680256860	-0.00320815421
0.07154532431	0.00671760141	-0.00317009573
0.07155346359	0.00663034299	-0.00313088724
0.07156170845	0.00654075558	-0.00309049499
0.07157005340	0.00644880271	-0.00304888563
0.07157849241	0.00635444922	-0.00300602627
0.07158701465	0.00625770994	-0.00296190256
0.07159561455	0.00615853689	-0.00291647026
0.07160429205	0.00605681108	-0.00286965553
0.07161302246	0.00595269802	-0.00282151764
0.07162181621	0.00584594246	-0.00277190658
0.07163064384	0.00573676419	-0.00272091334
0.07163951357	0.00562491741	-0.00266838537
0.07164840115	0.00551055472	-0.00261438224
0.07165729965	0.00539360798	-0.00255883685
0.07166620014	0.00527402663	-0.00250169761
0.07167508665	0.00515184950	-0.00244296045
0.07168394621	0.00502707225	-0.00238259201
0.07169276489	0.00489970021	-0.00232056287
0.07170152907	0.00476973055	-0.00225683742
0.07171022512	0.00463715570	-0.00219137844
0.07171883693	0.00450200285	-0.00212416930
0.07172734790	0.00436430551	-0.00205519136
0.07173574332	0.00422406557	-0.00198440602
0.07174400694	0.00408130712	-0.00191179071
0.07175212190	0.00393606438	-0.00183732700
0.07176007129	0.00378837275	-0.00176099595
0.07176783799	0.00363827299	-0.00168278242
0.07177540175	0.00348587208	-0.00160270596
0.07178275093	0.00333110625	-0.00152067678
0.07178986559	0.00317408223	-0.00143673001
0.07179672592	0.00301492082	-0.00135089559
0.07180331895	0.00285359199	-0.00126310106
0.07180962637	0.00269019705	-0.00117337703
0.07181562918	0.00252487744	-0.00108176931
0.07182131565	0.00235758732	-0.00098819475
0.07182666572	0.00218853627	-0.00089276254
0.07183166726	0.00201771623	-0.00079541119
0.07183630386	0.00184527728	-0.00069620815
0.07184056212	0.00167129714	-0.00059516129
0.07184442913	0.00149586179	-0.00049228883
0.07184789161	0.00131911735	-0.00038765678
0.07185093933	0.00114110347	-0.00028124775
0.07185356021	0.00096202148	-0.00017317910
0.07185574628	0.00078187374	-0.00006340205
0.07185748757	0.00060089974	0.00004792470
0.07185877788	0.00041909637	0.00016085484
0.07185961025	0.00023667448	0.00027524433
0.07185997993	0.00005370841	0.00039107640
0.07185988298	-0.00012968478	0.00050828220
0.07185931694	-0.00031331895	0.00062674015
0.07185828020	-0.00049715842	0.00074645903
0.07185677279	-0.00068103223	0.00086730571
0.07185479624	-0.00086478740	0.00098918128
0.07185235230	-0.00104836519	0.00111206464
0.07184944492	-0.00123161080	0.00123582870
0.07184607899	-0.00141440223	0.00136038553
0.07184226093	-0.00159660417	0.00148563256
0.07183799737	-0.00177812639	0.00161150606
0.07183329678	-0.00195884494	0.00173789804
0.07182816861	-0.00213864300	0.00186470818
0.07182262327	-0.00231740946	0.00199184045
0.07181667208	-0.00249503727	0.00211919677
0.07181032727	-0.00267142230	0.00224667914
0.07180360188	-0.00284646393	0.00237418941
0.07179651062	-0.00302004354	0.00250161318
0.07178906678	-0.00319209815	0.00262888699
0.07178128575	-0.00336253111	0.00275590009
0.07177318367	-0.00353124714	0.00288254731
0.07176477770	-0.00369814564	0.00300872019
0.07175608178	-0.00386320179	0.00313438463
0.07174711652	-0.00402627265	0.00325936928
0.07173789507	-0.00418736317	0.00338367479
0.07172843929	-0.00434633141	0.00350712335
0.07171876280	-0.00450318360	0.00362971651
0.07170888481	-0.00465783639	0.00375133109
0.07169882393	-0.00481022326	0.00387187872
0.07168859645	-0.00496031637	0.00399131311
0.07167821968	-0.00510807431	0.00410956114
0.07166771121	-0.00525345319	0.00422654767
0.07165708795	-0.00539641979	0.00434221116
0.07164636652	-0.00553694546	0.00445649328
0.07163556314	-0.00567500601	0.00456933899
0.07162469479	-0.00581056762	0.00468068418
0.07161377613	-0.00594362424	0.00479049753
0.07160282134	-0.00607417284	0.00489874191
0.07159184649	-0.00620218643	0.00500535387
0.07158086632	-0.00632765179	0.00511029387
0.07156989139	-0.00645060049	0.00521356840
0.07155893922	-0.00657098305	0.00531508562
0.07154801799	-0.00668885055	0.00541488322
0.07153714154	-0.00680418846	0.00551290290
0.07152632318	-0.00691698576	0.00560910895
0.07151556990	-0.00702729409	0.00570353545
0.07150489380	-0.00713510771	0.00579613698
0.07149430449	-0.00724044370	0.00588690597
0.07148381095	-0.00734332162	0.00597583755
0.07147342155	-0.00744376334	0.00606292953
0.07146314404	-0.00754179313	0.00614818198
0.07145298560	-0.00763743736	0.00623159731
0.07144295277	-0.00773072435	0.00631318017
0.07143305159	-0.00782168403	0.00639293752
0.07142328746	-0.00791034820	0.00647087807
0.07141366826	-0.00799672347	0.00654698715
0.07140419468	-0.00808087753	0.00662132304
0.07139487080	-0.00816284405	0.00669389017
0.07138570618	-0.00824260593	0.00676464836
0.07137669497	-0.00832027734	0.00683371273
0.07136784858	-0.00839581976	0.00690100645
0.07135916099	-0.00846934132	0.00696663854
0.07135064393	-0.00854079683	0.00703053095
0.07134228876	-0.00861030974	0.00709281434
0.07133410242	-0.00867787025	0.00715344400
0.07132608735	-0.00874350409	0.00721243880
0.07131823849	-0.00880729579	0.00726987939
0.07131055904	-0.00886925981	0.00732575567
0.07130304896	-0.00892943502	0.00738009618
0.07129570896	-0.00898785201	0.00743292169
0.07128853717	-0.00904456016	0.00748427481
0.07128153189	-0.00909960503	0.00753418972
0.07127469297	-0.00915301818	0.00758268496
0.07126801911	-0.00920483850	0.00762979014
0.07126150883	-0.00925510450	0.00767553513
0.07125516043	-0.00930385467	0.00771994957
0.07124897209	-0.00935112701	0.00776306324
0.07124294357	-0.00939694583	0.00780489243
0.07123707104	-0.00944136165	0.00784548433
0.07123135158	-0.00948441624	0.00788487211
0.07122578354	-0.00952614085	0.00792307722
0.07122036442	-0.00956657156	0.00796012844
0.07121509407	-0.00960572626	0.00799603678
0.07120997000	-0.00964363894	0.00803083502
0.07120498386	-0.00968038600	0.00806459725
0.07120013609	-0.00971597758	0.00809731835
0.07119541540	-0.00975050901	0.00812908694
0.07119195197	-0.00977576463	0.00815157456
0.07118816832	-0.00980327959	0.00817117418
0.07118410638	-0.00983273097	0.00818765603
0.07117981160	-0.00986377318	0.00820082686
0.07117533247	-0.00989604200	0.00821053226
0.07117072012	-0.00992915893	0.00821665844
0.07116602771	-0.00996273555	0.00821913358
0.07116130988	-0.00999637815	0.00821792866
0.07115662212	-0.01002969232	0.00821305781
0.07115202013	-0.01006228758	0.00820457813
0.07114755910	-0.01009378196	0.00819258904
0.07114329303	-0.01012380643	0.00817723110
0.07113927402	-0.01015200928	0.00815868436
0.07113555153	-0.01017806018	0.00813716628
0.07113217172	-0.01020165408	0.00811292914
0.07186934941	0.00907470193	-0.00460656426
0.07186891650	0.00907812980	-0.00452551246
0.07186959590	0.00907274957	-0.00448997552
0.07187051269	0.00906548432	-0.00446166382
0.07187155263	0.00905723591	-0.00443703712
0.07187270758	0.00904806639	-0.00441465920
0.07187395714	0.00903813506	-0.00439383480
0.07187527319	0.00902766328	-0.00437417657
0.07187668888	0.00901638487	-0.00435534145
0.07187817233	0.00900455121	-0.00433719802
0.07187972059	0.00899218373	-0.00431960597
0.07188135937	0.00897907431	-0.00430241268
0.07188307133	0.00896535867	-0.00428557312
0.07188484446	0.00895113050	-0.00426904156
0.07188669955	0.00893622001	-0.00425272423
0.07188863677	0.00892062239	-0.00423658090
0.07189065089	0.00890437613	-0.00422058631
0.07189274343	0.00888746546	-0.00420470679
0.07189491603	0.00886987310	-0.00418891221
0.07189717051	0.00885158027	-0.00417317574
0.07189950763	0.00883257621	-0.00415747502
0.07190193191	0.00881281947	-0.00414178254
0.07190444642	0.00879227988	-0.00412607634
0.07190704739	0.00877098259	-0.00411034853
0.07190974145	0.00874886762	-0.00409457050
0.07191253062	0.00872591198	-0.00407872527
0.07191541682	0.00870209303	-0.00406279583
0.07191840248	0.00867738355	-0.00404676549
0.07192149000	0.00865175567	-0.00403061694
0.07192467860	0.00862520771	-0.00401433979
0.07192795865	0.00859781161	-0.00399793985
0.07193136376	0.00856927699	-0.00398132964
0.07193487893	0.00853971856	-0.00396453575
0.07193848264	0.00850930759	-0.00394758995
0.07194222753	0.00847758797	-0.00393035604
0.07194606701	0.00844494175	-0.00391293340
0.07195004074	0.00841101879	-0.00389521002
0.07195411749	0.00837607161	-0.00387724828
0.07195833577	0.00833975500	-0.00385893697
0.07196265530	0.00830239979	-0.00384036167
0.07196711582	0.00826364572	-0.00382140036
0.07197170450	0.00822358506	-0.00380207393
0.07197641601	0.00818224535	-0.00378237642
0.07198125481	0.00813956734	-0.00376227314
0.07198623316	0.00809542067	-0.00374171087
0.07199134431	0.00804984124	-0.00372068954
0.07199658998	0.00800278895	-0.00369918160
0.07200197172	0.00795422328	-0.00367715902
0.07200749093	0.00790410334	-0.00365459315
0.07201314886	0.00785238760	-0.00363145580
0.07201894657	0.00779903428	-0.00360771818
0.07202487536	0.00774408997	-0.00358337743
0.07203095041	0.00768737815	-0.00355835536
0.07203716904	0.00762888441	-0.00353263604
0.07204352053	0.00756866898	-0.00350622294
0.07205001140	0.00750662754	-0.00347906014
0.07205664675	0.00744266479	-0.00345109763
0.07206341020	0.00737689025	-0.00342235999
0.07207031736	0.00730910091	-0.00339275176
0.07207735896	0.00723933182	-0.00336227372
0.07208452459	0.00716762961	-0.00333092369
0.07209182971	0.00709377820	-0.00329859870
0.07209926116	0.00701784442	-0.00326531374
0.07210681634	0.00693978655	-0.00323103332
0.07211449223	0.00685956344	-0.00319572261
0.07212228537	0.00677713461	-0.00315934711
0.07213019182	0.00669246054	-0.00312187242
0.07213820718	0.00660550263	-0.00308326459
0.07214632655	0.00651622326	-0.00304349036
0.07215454451	0.00642458605	-0.00300251685
0.07216285513	0.00633055599	-0.00296031164
0.07217124782	0.00623414698	-0.00291686023
0.07217971705	0.00613531150	-0.00287211915
0.07218826262	0.00603393241	-0.00282601623
0.07219686051	0.00593017138	-0.00277860848
0.07220552065	0.00582377784	-0.00272974971
0.07221421436	0.00571496673	-0.00267952781
0.07222294943	0.00560349679	-0.00262779407
0.07223170219	0.00548951720	-0.00257460590
0.07224046575	0.00537296085	-0.00251989757
0.07224923126	0.00525377794	-0.00246361850
0.07225798303	0.00513200629	-0.00240576429
0.07226670829	0.00500764145	-0.00234630202
0.07227539332	0.00488068853	-0.00228520263
0.07228402468	0.00475114467	-0.00222243103
0.07229258895	0.00461900243	-0.00215795062
0.07230107023	0.00448428850	-0.00209174483
0.07230945222	0.00434703581	-0.00202379513
0.07231772036	0.00420724636	-0.00195406356
0.07232585866	0.00406494399	-0.00188252785
0.07233385048	0.00392016254	-0.00180916973
0.07234167918	0.00377293703	-0.00173397048
0.07234932785	0.00362330787	-0.00165691510
0.07235677659	0.00347138043	-0.00157802225
0.07236401382	0.00331709269	-0.00149720440
0.07237101992	0.00316054996	-0.00141449561
0.07237777537	0.00300187141	-0.00132992475
0.07238426734	0.00284102829	-0.00124342123
0.07239047775	0.00267812085	-0.00115501483
0.07239638789	0.00251328870	-0.00106474998
0.07240198613	0.00234648782	-0.00097254587
0.07240725270	0.00217792487	-0.00087850877
0.07241217557	0.00200759302	-0.00078257898
0.07241673856	0.00183564071	-0.00068482229
0.07242092842	0.00166214541	-0.00058524659
0.07242473236	0.00148719279	-0.00048386987
0.07242813727	0.00131092759	-0.00038075669
0.07243113299	0.00113339013	-0.00027589053
0.07243370760	0.00095477949	-0.00016938603
0.07243585314	0.00077509949	-0.00006119620
0.07243755978	0.00059458680	0.00004852392
0.07243882131	0.00041323995	0.00015982602
0.07243963083	0.00023126764	0.00027256918
0.07243998360	0.00004874451	0.00038673642
0.07243987567	-0.00013421275	0.00050225987
0.07243930456	-0.00031741959	0.00061902045
0.07243826862	-0.00050083923	0.00073702585
0.07243676781	-0.00068430191	0.00085614542
0.07243480361	-0.00086765557	0.00097628205
0.07243237766	-0.00105084070	0.00109741418
0.07242949383	-0.00123370338	0.00121941697
0.07242615687	-0.00141612191	0.00134220375
0.07242237306	-0.00159796150	0.00146567360
0.07241814890	-0.00177913168	0.00158976335
0.07241349270	-0.00195950882	0.00171436665
0.07240841374	-0.00213897630	0.00183938462
0.07240292225	-0.00231742314	0.00196472259
0.07239702936	-0.00249474237	0.00209028383
0.07239074711	-0.00267082987	0.00221597169
0.07238408835	-0.00284558506	0.00234168934
0.07237706754	-0.00301888964	0.00246732424
0.07236969781	-0.00319068009	0.00259281335
0.07236199432	-0.00336085976	0.00271804751
0.07235397298	-0.00352933344	0.00284292313
0.07234565072	-0.00369600071	0.00296733344
0.07233704132	-0.00386083574	0.00309124402
0.07232816510	-0.00402369654	0.00321448683
0.07231903508	-0.00418458668	0.00333706139
0.07230967279	-0.00434336524	0.00345879341
0.07230009174	-0.00450003717	0.00357968337
0.07229031090	-0.00465451930	0.00369961017
0.07228034865	-0.00480674511	0.00381848678
0.07227022113	-0.00495668621	0.00393626721
0.07225994542	-0.00510430087	0.00405287925
0.07224953894	-0.00524954501	0.00416824884
0.07223901842	-0.00539238512	0.00428231518
0.07222840030	-0.00553279222	0.00439502066
0.07221770065	-0.00567074181	0.00450631092
0.07220693625	-0.00580619997	0.00461612282
0.07219612162	-0.00593916017	0.00472442523
0.07218527084	-0.00606961891	0.00483118129
0.07217439979	-0.00619754916	0.00493632863
0.07216352307	-0.00632293751	0.00503982826
0.07215265118	-0.00644581471	0.00514168601
0.07214180143	-0.00656613174	0.00524181197
0.07213098199	-0.00668393870	0.00534024251
0.07212020655	-0.00679922106	0.00543692041
0.07210948828	-0.00691196788	0.00553181069
0.07209883416	-0.00702222995	0.00562494627
0.07208825617	-0.00713000154	0.00571628264
0.07207776385	-0.00723529949	0.00580581228
0.07206736609	-0.00733814314	0.00589353031
0.07205707122	-0.00743855414	0.00597943450
0.07204688693	-0.00753655650	0.00606352488
0.07203682033	-0.00763217639	0.00614580375
0.07202687795	-0.00772544188	0.00622627563
0.07201706576	-0.00781638271	0.00630494734
0.07200738916	-0.00790503045	0.00638182741
0.07199785591	-0.00799139193	0.00645690170
0.07198846677	-0.00807553416	0.00653022708
0.07197922580	-0.00815749062	0.00660180796
0.07197014240	-0.00823724485	0.00667160544
0.07196121092	-0.00831490972	0.00673973180
0.07195244254	-0.00839044766	0.00680611243
0.07194383146	-0.00846396566	0.00687085371
0.07193538915	-0.00853541960	0.00693387993
0.07192710722	-0.00860493158	0.00699531858
0.07191899246	-0.00867249237	0.00705512635
0.07191104729	-0.00873812783	0.00711332200
0.07190326678	-0.00880192173	0.00716998432
0.07189565408	-0.00886388878	0.00722510376
0.07188820915	-0.00892406777	0.00727870846
0.07188093269	-0.00898248936	0.00733081901
0.07187382287	-0.00903920270	0.00738147725
0.07186687804	-0.00909425320	0.00743071678
0.07186009803	-0.00914767244	0.00747855601
0.07185348157	-0.00919949927	0.00752502411
0.07184702719	-0.00924977213	0.00757015054
0.07184073322	-0.00929852945	0.00761396452
0.07183459787	-0.00934580918	0.00765649540
0.07182862088	-0.00939163580	0.00769775945
0.07182279847	-0.00943605956	0.00773780298
0.07181712779	-0.00947912214	0.00777665862
0.07181160717	-0.00952085480	0.00781434760
0.07180623416	-0.00956129359	0.00785089830
0.07180100858	-0.00960045661	0.00788632185
0.07179592797	-0.00963837784	0.00792065053
0.07179098412	-0.00967513304	0.00795395676
0.07178617744	-0.00971073263	0.00798623589
0.07178149688	-0.00974527097	0.00801757435
0.07177809127	-0.00977032310	0.00803955918
0.07177437551	-0.00979758234	0.00805868160
0.07177039084	-0.00982672878	0.00807471743
0.07176618189	-0.00985742040	0.00808747866
0.07176179626	-0.00988929714	0.00809681568
0.07175728404	-0.00992198508	0.00810261902
0.07175269728	-0.00995510085	0.00810482064
0.07174808944	-0.00998825617	0.00810339472
0.07174351476	-0.01002106232	0.00809835799
0.07173902760	-0.01005313479	0.00808976950
0.07173468180	-0.01008409772	0.00807772993
0.07173052998	-0.01011358833	0.00806238045
0.07172662283	-0.01014126114	0.00804390101
0.07172300844	-0.01016679204	0.00802250826
0.07171973162	-0.01018988204	0.00799845302
0.07244769959	0.00904383352	-0.00453724762
0.07244731465	0.00904691660	-0.00445732133
0.07244800035	0.00904142389	-0.00442228435
0.07244891551	0.00903408776	-0.00439437413
0.07244995014	0.00902578666	-0.00437009810
0.07245109657	0.00901657946	-0.00434804054
0.07245233521	0.00900662104	-0.00432751558
0.07245363892	0.00899612735	-0.00430814055
0.07245503985	0.00898483724	-0.00428957837
0.07245650721	0.00897299633	-0.00427169846
0.07245803818	0.00896062514	-0.00425436241
0.07245965770	0.00894751953	-0.00423742058
0.07246134903	0.00893381200	-0.00422082799
0.07246310057	0.00891959389	-0.00420453911
0.07246493251	0.00890469858	-0.00418846218
0.07246684502	0.00888912101	-0.00417255750
0.07246883311	0.00887289851	-0.00415679994
0.07247089826	0.00885601524	-0.00414115631
0.07247304211	0.00883845390	-0.00412559692
0.07247526645	0.00882019575	-0.00411009532
0.07247757207	0.00880122983	-0.00409462944
0.07247996338	0.00878151519	-0.00407917225
0.07248244337	0.00876102185	-0.00406370216
0.07248500845	0.00873977403	-0.00404821119
0.07248766507	0.00871771258	-0.00403267131
0.07249041523	0.00869481456	-0.00401706578
0.07249326082	0.00867105734	-0.00400137783
0.07249620423	0.00864641382	-0.00398559104
0.07249924784	0.00862085624	-0.00396968835
0.07250239092	0.00859438248	-0.00395365943
0.07250562420	0.00856706247	-0.00393750954
0.07250898024	0.00853861141	-0.00392115367
0.07251244457	0.00850914108	-0.00390461738
0.07251599640	0.00847881867	-0.00388793105
0.07251968672	0.00844719702	-0.00387096243
0.07252347048	0.00841464968	-0.00385380755
0.07252738610	0.00838083325	-0.00383635751
0.07253140339	0.00834599439	-0.00381867244
0.07253555966	0.00830979450	-0.00380064424
0.07253981598	0.00827255693	-0.00378235548
0.07254421083	0.00823392831	-0.00376368751
0.07254873183	0.00819399836	-0.00374466028
0.07255337387	0.00815279341	-0.00372526763
0.07255814129	0.00811025481	-0.00370547546
0.07256304598	0.00806625425	-0.00368523180
0.07256808146	0.00802082621	-0.00366453621
0.07257324940	0.00797393075	-0.00364336154
0.07257855133	0.00792552751	-0.00362168017
0.07258398864	0.00787557574	-0.00359946388
0.07258956254	0.00782403410	-0.00357668490
0.07259527409	0.00777086094	-0.00355331485
0.07260111488	0.00771610119	-0.00352935045
0.07260709962	0.00765958124	-0.00350471535
0.07261322570	0.00760128626	-0.00347939372
0.07261948278	0.00754127451	-0.00345338840
0.07262587715	0.00747944308	-0.00342664462
0.07263241373	0.00741569791	-0.00339911340
0.07263907668	0.00735014552	-0.00337081807
0.07264588107	0.00728258636	-0.00334166549
0.07265281792	0.00721305401	-0.00331165595
0.07265987712	0.00714159342	-0.00328078678
0.07266707360	0.00706799222	-0.00324895754
0.07267439459	0.00699231514	-0.00321618231
0.07268183751	0.00691452063	-0.00318242613
0.07268939940	0.00683456766	-0.00314765465
0.07269707683	0.00675241590	-0.00311183386
0.07270486593	0.00666802594	-0.00307492984
0.07271276236	0.00658135932	-0.00303690913
0.07272076128	0.00649237854	-0.00299773893
0.07272885736	0.00640104734	-0.00295738682
0.07273704474	0.00630733081	-0.00291582084
0.07274531306	0.00621124200	-0.00287302636
0.07275365686	0.00611273377	-0.00282896061
0.07276207579	0.00601169083	-0.00278355305
0.07277054646	0.00590827112	-0.00273685854
0.07277907833	0.00580222860	-0.00268873455
0.07278764348	0.00569377351	-0.00263926598
0.07279624927	0.00558266898	-0.00258830783
0.07280487259	0.00546906088	-0.00253591544
0.07281350659	0.00535288314	-0.00248202438
0.07282214249	0.00523408663	-0.00242658505
0.07283076489	0.00511270824	-0.00236959273
0.07283936119	0.00498874341	-0.00231101494
0.07284791788	0.00486219703	-0.00225082295
0.07285642171	0.00473306621	-0.00218898218
0.07286485941	0.00460134365	-0.00212545663
0.07287321535	0.00446705553	-0.00206022979
0.07288147344	0.00433023425	-0.00199328321
0.07288961935	0.00419088191	-0.00192457957
0.07289763727	0.00404902211	-0.00185409687
0.07290551083	0.00390468831	-0.00178181702
0.07291322358	0.00375791519	-0.00170772150
0.07292075888	0.00360874279	-0.00163179544
0.07292809712	0.00345727494	-0.00155405663
0.07293522681	0.00330345133	-0.00147441973
0.07294212860	0.00314737588	-0.00139291777
0.07294878330	0.00298916617	-0.00130957858
0.07295517816	0.00282879475	-0.00122433337
0.07296129536	0.00266636077	-0.00113721112
0.07296711647	0.00250200211	-0.00104825492
0.07297262990	0.00233567651	-0.00095738621
0.07297781624	0.00216758781	-0.00086470847
0.07298266351	0.00199773037	-0.00077016368
0.07298715577	0.00182625101	-0.00067381606
0.07299127989	0.00165322700	-0.00057567347
0.07299502324	0.00147874369	-0.00047575374
0.07299837283	0.00130294451	-0.00037411997
0.07300131859	0.00112587040	-0.00027075651
0.07300384873	0.00094771829	-0.00016577534
0.07300595536	0.00076849338	-0.00005913123
0.07300762871	0.00058842963	0.00004902436
0.07300886262	0.00040752717	0.00015874116
0.07300965023	0.00022599258	0.00026988129
0.07300998680	0.00004390084	0.00038242757
0.07300986838	-0.00013863176	0.00049631308
0.07300929248	-0.00032142219	0.00061142116
0.07300825739	-0.00050443259	0.00072775844
0.07300676305	-0.00068749441	0.00084519670
0.07300481084	-0.00087045646	0.00096364055
0.07300240233	-0.00105325848	0.00108306800
0.07299954129	-0.00123574740	0.00120335639
0.07299623235	-0.00141780181	0.00132442027
0.07299248167	-0.00159928746	0.00144616034
0.07298829561	-0.00178011361	0.00156851395
0.07298368232	-0.00196015694	0.00169137636
0.07297865093	-0.00213930106	0.00181465010
0.07297321149	-0.00231743511	0.00193824178
0.07296737496	-0.00249445217	0.00206205602
0.07296115319	-0.00267024818	0.00218599745
0.07295455883	-0.00284472257	0.00230997057
0.07294760613	-0.00301775736	0.00243386459
0.07294030805	-0.00318928851	0.00255761690
0.07293267954	-0.00335921939	0.00268111993
0.07292473629	-0.00352745483	0.00280427155
0.07291649500	-0.00369389462	0.00292696667
0.07290796929	-0.00385851193	0.00304917055
0.07289917919	-0.00402116571	0.00317071837
0.07289013762	-0.00418185818	0.00329160858
0.07288086579	-0.00434044943	0.00341167025
0.07287137711	-0.00449694318	0.00353090288
0.07286169030	-0.00465125643	0.00364918736
0.07285182353	-0.00480332265	0.00376643798
0.07284179276	-0.00495311292	0.00388260901
0.07283161491	-0.00510058522	0.00399762916
0.07282130719	-0.00524569528	0.00411142539
0.07281088617	-0.00538840931	0.00422393764
0.07280036812	-0.00552869803	0.00433510900
0.07278976894	-0.00566653664	0.00444488575
0.07277910524	-0.00580189111	0.00455320571
0.07276839142	-0.00593475446	0.00466003792
0.07275764143	-0.00606512272	0.00476534582
0.07274687098	-0.00619296884	0.00486906806
0.07273609453	-0.00631827922	0.00497116618
0.07272532254	-0.00644108383	0.00507164536
0.07271457209	-0.00656133409	0.00517041760
0.07270385135	-0.00667907915	0.00526751797
0.07269317386	-0.00679430450	0.00536289032
0.07268255266	-0.00690699927	0.00545650033
0.07267199472	-0.00701721338	0.00554837983
0.07266151191	-0.00712494118	0.00563848520
0.07265111368	-0.00723019927	0.00572680893
0.07264080886	-0.00733300676	0.00581334617
0.07263060572	-0.00743338506	0.00589809465
0.07262051189	-0.00753135798	0.00598105432
0.07261053444	-0.00762695145	0.00606222741
0.07260067985	-0.00772019335	0.00614161832
0.07259095406	-0.00781111319	0.00621923371
0.07258136242	-0.00789974236	0.00629508193
0.07257191262	-0.00798608786	0.00636914936
0.07256260547	-0.00807021607	0.00644149154
0.07255344501	-0.00815216028	0.00651211279
0.07254444049	-0.00823190464	0.00658097550
0.07253558644	-0.00830956077	0.00664818919
0.07252689385	-0.00838509204	0.00671368139
0.07251835708	-0.00845860428	0.00677755592
0.07250998739	-0.00853005446	0.00683973935
0.07250177660	-0.00859956334	0.00690035609
0.07249373139	-0.00866712229	0.00695936417
0.07248585414	-0.00873275724	0.00701678225
0.07247814006	-0.00879655123	0.00707268733
0.07247059222	-0.00885851923	0.00712707039
0.07246321060	-0.00891869995	0.00717995916
0.07245599590	-0.00897712412	0.00723137406
0.07244894632	-0.00903384067	0.00728135619
0.07244206023	-0.00908889483	0.00732993860
0.07243533749	-0.00914231824	0.00737713953
0.07242877682	-0.00919414968	0.00742298777
0.07242237679	-0.00924442754	0.00746751236
0.07241613574	-0.00929319019	0.00751074211
0.07241005190	-0.00934047553	0.00755270596
0.07240412501	-0.00938630818	0.00759342015
0.07239835134	-0.00943073818	0.00763293012
0.07239272808	-0.00947380707	0.00767126801
0.07238725358	-0.00951554615	0.00770845481
0.07238192542	-0.00955599141	0.00774451853
0.07237674338	-0.00959516119	0.00777947037
0.07237170502	-0.00963308944	0.00781334218
0.07236680231	-0.00966985129	0.00784620476
0.07236203560	-0.00970545744	0.00787805387
0.07235739406	-0.00974000130	0.00790897387
0.07235404472	-0.00976485086	0.00793047141
0.07235039487	-0.00979185691	0.00794913193
0.07234648507	-0.00982070252	0.00796473664
0.07234235916	-0.00985104923	0.00797710260
0.07233806386	-0.00988254102	0.00798608483
0.07233364827	-0.00991480850	0.00799157802
0.07232916339	-0.00994747325	0.00799351777
0.07232466150	-0.00998015226	0.00799188133
0.07232019563	-0.01001246243	0.00798668789
0.07231581888	-0.01004402504	0.00797799834
0.07231158379	-0.01007447022	0.00796591456
0.07230754162	-0.01010344125	0.00795057821
0.07230374174	-0.01013059873	0.00793216911
0.07230023091	-0.01015562457	0.00791090308
0.07229705265	-0.01017822570	0.00788702944
0.07303596813	0.00901307158	-0.00446672929
0.07303563113	0.00901580195	-0.00438794723
0.07303632325	0.00901019346	-0.00435341886
0.07303723695	0.00900278391	-0.00432591719
0.07303826645	0.00899442794	-0.00430199812
0.07303940457	0.00898518112	-0.00428026672
0.07304063250	0.00897519384	-0.00426004670
0.07304192408	0.00896467660	-0.00424096014
0.07304331049	0.00895337326	-0.00422267600
0.07304476200	0.00894152363	-0.00420506460
0.07304627594	0.00892914733	-0.00418798943
0.07304787646	0.00891604420	-0.00417130389
0.07304954743	0.00890234349	-0.00415496306
0.07305127768	0.00888813416	-0.00413892164
0.07305308676	0.00887325281	-0.00412308984
0.07305497488	0.00885769412	-0.00410742855
0.07305693725	0.00884149420	-0.00409191275
0.07305897534	0.00882463720	-0.00407650977
0.07306109079	0.00880710578	-0.00406119034
0.07306328536	0.00878888120	-0.00404592841
0.07306555985	0.00876995236	-0.00403070220
0.07306791856	0.00875027874	-0.00401548517
0.07307036443	0.00872983061	-0.00400025610
0.07307289403	0.00870863124	-0.00398500693
0.07307551364	0.00868662229	-0.00396971021
0.07307822522	0.00866378088	-0.00395434945
0.07308103066	0.00864008440	-0.00393890813
0.07308393229	0.00861550586	-0.00392337009
0.07308693247	0.00859001761	-0.00390771855
0.07309003053	0.00856361708	-0.00389194321
0.07309321754	0.00853637219	-0.00387604880
0.07309652504	0.00850800374	-0.00385995279
0.07309993908	0.00847862057	-0.00384367972
0.07310343958	0.00844838574	-0.00382725857
0.07310707591	0.00841686114	-0.00381056105
0.07311080454	0.00838441173	-0.00379367983
0.07311466265	0.00835070087	-0.00377650916
0.07311862111	0.00831596938	-0.00375910689
0.07312271603	0.00827988528	-0.00374136806
0.07312690979	0.00824276440	-0.00372337223
0.07313123965	0.00820426027	-0.00370500412
0.07313569369	0.00816446008	-0.00368628276
0.07314026697	0.00812338894	-0.00366720176
0.07314496374	0.00808098876	-0.00364772764
0.07314979554	0.00803713332	-0.00362780968
0.07315475612	0.00799185567	-0.00360744708
0.07315984712	0.00794511604	-0.00358661310
0.07316507007	0.00789687422	-0.00356528053
0.07317042630	0.00784708960	-0.00354342160
0.07317591704	0.00779572100	-0.00352100893
0.07318154330	0.00774272694	-0.00349801460
0.07318729698	0.00768815065	-0.00347443487
0.07319319231	0.00763182146	-0.00345019526
0.07319922679	0.00757372411	-0.00342528006
0.07320539040	0.00751391489	-0.00339969147
0.07321168923	0.00745229229	-0.00337337587
0.07321812804	0.00738876350	-0.00334628531
0.07322469149	0.00732343204	-0.00331844191
0.07323139413	0.00725610178	-0.00328975482
0.07323822728	0.00718680488	-0.00326022388
0.07324518111	0.00711558458	-0.00322984590
0.07325227003	0.00704223223	-0.00319852297
0.07325948165	0.00696681046	-0.00316626830
0.07326681343	0.00688927787	-0.00313304745
0.07327426244	0.00680959356	-0.00309882655
0.07328182530	0.00672771735	-0.00306357209
0.07328949820	0.00664360996	-0.00302725064
0.07329727686	0.00655723304	-0.00298982922
0.07330515651	0.00646854922	-0.00295127549
0.07331313190	0.00637752235	-0.00291155751
0.07332119725	0.00628411763	-0.00287064377
0.07332934241	0.00618834724	-0.00282851952
0.07333756198	0.00609016447	-0.00278514270
0.07334585550	0.00598945583	-0.00274044441
0.07335420017	0.00588637553	-0.00269447733
0.07336260501	0.00578068209	-0.00264710262
0.07337104282	0.00567258101	-0.00259840217
0.07337952056	0.00556183985	-0.00254823472
0.07338801568	0.00544860115	-0.00249665352
0.07339652135	0.00533279986	-0.00244359544
0.07340502886	0.00521438757	-0.00238901189
0.07341352310	0.00509340019	-0.00233289780
0.07342199166	0.00496983309	-0.00227522115
0.07343042121	0.00484369090	-0.00221595353
0.07343879868	0.00471497072	-0.00215506087
0.07344711098	0.00458366538	-0.00209250778
0.07345534272	0.00444980058	-0.00202827780
0.07346347807	0.00431340815	-0.00196235257
0.07347150285	0.00417449031	-0.00189469540
0.07347940149	0.00403307042	-0.00182528458
0.07348715784	0.00388918154	-0.00175410216
0.07349475569	0.00374285804	-0.00168112985
0.07350217861	0.00359413957	-0.00160635290
0.07350940733	0.00344312842	-0.00152978824
0.07351643041	0.00328976600	-0.00145135269
0.07352322880	0.00313415484	-0.00137107825
0.07352978361	0.00297641092	-0.00128899173
0.07353608218	0.00281650807	-0.00120502612
0.07354210695	0.00265454439	-0.00111920961
0.07354783976	0.00249065599	-0.00103158393
0.07355326909	0.00232480239	-0.00094207277
0.07355837583	0.00215718458	-0.00085077681
0.07356314810	0.00198779814	-0.00075763971
0.07356757017	0.00181678828	-0.00066272410
0.07357162905	0.00164423205	-0.00056603783
0.07357531223	0.00147021448	-0.00046759851
0.07357860689	0.00129487769	-0.00036746784
0.07358150302	0.00111826326	-0.00026563097
0.07358398899	0.00094056592	-0.00016219726
0.07358605692	0.00076179232	-0.00005712319
0.07358769716	0.00058217367	0.00004944335
0.07358890356	0.00040171170	0.00015755015
0.07358966932	0.00022061090	0.00026706240
0.07358998969	0.00003894654	0.00037796268
0.07358986074	-0.00014316542	0.00049018508
0.07358927994	-0.00032554353	0.00060361534
0.07358824556	-0.00050814884	0.00071825908
0.07358675748	-0.00069081396	0.00083399051
0.07358481700	-0.00087338861	0.00095071596
0.07358242563	-0.00105581176	0.00106841305
0.07357958702	-0.00123793120	0.00118696129
0.07357630571	-0.00141962581	0.00130627650
0.07357258770	-0.00160076184	0.00142626096
0.07356843925	-0.00178124833	0.00154685261
0.07356386835	-0.00196096226	0.00166794831
0.07355888396	-0.00213978743	0.00178945202
0.07355349597	-0.00231761311	0.00191127167
0.07354771516	-0.00249433244	0.00203331320
0.07354155320	-0.00266984143	0.00215548258
0.07353502254	-0.00284403947	0.00227768561
0.07352813722	-0.00301680895	0.00239981331
0.07352091003	-0.00318808526	0.00252180351
0.07351335571	-0.00335777181	0.00264355020
0.07350548974	-0.00352577349	0.00276495280
0.07349732858	-0.00369199025	0.00288590784
0.07348888571	-0.00385639428	0.00300638034
0.07348018087	-0.00401884547	0.00312620867
0.07347122687	-0.00417934467	0.00324539023
0.07346204461	-0.00433775301	0.00336375749
0.07345264739	-0.00449407293	0.00348130894
0.07344305369	-0.00464822162	0.00359792750
0.07343328147	-0.00480013255	0.00371352879
0.07342334653	-0.00494977626	0.00382806735
0.07341326559	-0.00509711043	0.00394147282
0.07340305570	-0.00524209061	0.00405367318
0.07339273324	-0.00538468271	0.00416460914
0.07338231431	-0.00552485716	0.00427422448
0.07337181467	-0.00566258884	0.00438246615
0.07336125074	-0.00579784361	0.00448927291
0.07335063678	-0.00593061407	0.00459461399
0.07333998666	-0.00606089576	0.00469845313
0.07332931588	-0.00618866159	0.00480073001
0.07331863879	-0.00631389780	0.00490140671
0.07330796579	-0.00643663354	0.00500048778
0.07329731374	-0.00655682072	0.00509788709
0.07328669081	-0.00667450748	0.00519363844
0.07327611039	-0.00678967937	0.00528768674
0.07326558539	-0.00690232556	0.00537999836
0.07325512277	-0.00701249515	0.00547060402
0.07324473429	-0.00712018251	0.00555946098
0.07323442931	-0.00722540403	0.00564656177
0.07322421662	-0.00732817857	0.00573190153
0.07321410439	-0.00742852732	0.00581547798
0.07320410023	-0.00752647389	0.00589729099
0.07319421115	-0.00762204398	0.00597734271
0.07318444358	-0.00771526524	0.00605563741
0.07317480343	-0.00780616699	0.00613218158
0.07316529603	-0.00789478040	0.00620698343
0.07315592895	-0.00798111269	0.00628002983
0.07314670308	-0.00806522957	0.00635137496
0.07313762244	-0.00814716414	0.00642102310
0.07312869612	-0.00822690122	0.00648893789
0.07311991884	-0.00830455110	0.00655522608
0.07311130139	-0.00838007814	0.00661981736
0.07310283830	-0.00845358698	0.00668281299
0.07309454060	-0.00852503572	0.00674414178
0.07308640036	-0.00859454377	0.00680392507
0.07307842411	-0.00866210304	0.00686212224
0.07307061421	-0.00872773962	0.00691875184
0.07306296599	-0.00879153578	0.00697388907
0.07305548247	-0.00885350675	0.00702752541
0.07304816363	-0.00891369117	0.00707968822
0.07304101017	-0.00897211981	0.00713039773
0.07303402031	-0.00902884142	0.00717969427
0.07302719248	-0.00908390104	0.00722761035
0.07302052652	-0.00913733037	0.00727416406
0.07301402118	-0.00918916811	0.00731938377
0.07300767504	-0.00923945262	0.00736329810
0.07300148648	-0.00928822219	0.00740593545
0.07299545373	-0.00933551469	0.00744732433
0.07298957652	-0.00938135488	0.00748748096
0.07298385119	-0.00942579257	0.00752644992
0.07297827496	-0.00946886919	0.00756426282
0.07297284620	-0.00951061605	0.00760094043
0.07296756251	-0.00955106911	0.00763651036
0.07296242364	-0.00959024693	0.00767098391
0.07295742720	-0.00962818346	0.00770439247
0.07295256528	-0.00966495315	0.00773680520
0.07294783821	-0.00970056703	0.00776821830
0.07294323537	-0.00973511753	0.00779871403
0.07293994266	-0.00975975739	0.00781971836
0.07293635903	-0.00978650251	0.00783791184
0.07293252436	-0.00981503903	0.00785308118
0.07292848169	-0.00984503214	0.00786504852
0.07292427687	-0.00987612996	0.00787367355
0.07291995800	-0.00990796776	0.00787885516
0.07291557500	-0.00994017214	0.00788053260
0.07291117902	-0.00997236550	0.00787868621
0.07290682186	-0.01000417045	0.00787333761
0.07290255535	-0.01003521418	0.00786454954
0.07289843071	-0.01006513290	0.00785242501
0.07289449789	-0.01009357605	0.00783710618
0.07289080491	-0.01012021043	0.00781877264
0.07288739722	-0.01014472406	0.00779763935
0.07288431704	-0.01016682986	0.00777395406
0.07361382995	0.00898385445	-0.00439662506
0.07361354005	0.00898622953	-0.00431897855
0.07361423888	0.00898050298	-0.00428495541
0.07361515166	0.00897301767	-0.00425785977
0.07361617666	0.00896460448	-0.00423429559
0.07361730722	0.00895531564	-0.00421288859
0.07361852526	0.00894529702	-0.00419297193
0.07361980560	0.00893475371	-0.00417417243
0.07362117845	0.00892343451	-0.00415616505
0.07362261513	0.00891157348	-0.00413882100
0.07362411310	0.00889918933	-0.00412200565
0.07362569578	0.00888608583	-0.00410557541
0.07362734759	0.00887238899	-0.00408948541
0.07362905779	0.00885818545	-0.00407369058
0.07363084531	0.00884331497	-0.00405810314
0.07363271041	0.00882777193	-0.00404268449
0.07363464849	0.00881159130	-0.00402740978
0.07363666102	0.00879475715	-0.00401224681
0.07363874962	0.00877725213	-0.00399716675
0.07364091602	0.00875905751	-0.00398214395
0.07364316104	0.00874016200	-0.00396715691
0.07364548889	0.00872052555	-0.00395217959
0.07364790245	0.00870011865	-0.00393719113
0.07365039844	0.00867896362	-0.00392218338
0.07365298297	0.00865700295	-0.00390712948
0.07365565798	0.00863421377	-0.00389201319
0.07365842534	0.00861057350	-0.00387681823
0.07366128736	0.00858605527	-0.00386152871
0.07366424633	0.00856063154	-0.00384612811
0.07366730167	0.00853429927	-0.00383060617
0.07367044478	0.00850712441	-0.00381496713
0.07367370621	0.00847883326	-0.00379913086
0.07367707250	0.00844953178	-0.00378312092
0.07368052428	0.00841937895	-0.00376696491
0.07368410934	0.00838794554	-0.00375053845
0.07368778561	0.00835558808	-0.00373393091
0.07369158911	0.00832197659	-0.00371703961
0.07369549168	0.00828734610	-0.00369992019
0.07369952831	0.00825137117	-0.00368247077
0.07370366264	0.00821436020	-0.00366476796
0.07370793076	0.00817597354	-0.00364669978
0.07371232115	0.00813629585	-0.00362828438
0.07371682909	0.00809535105	-0.00360951513
0.07372145872	0.00805308162	-0.00359035918
0.07372622124	0.00800936335	-0.00357076704
0.07373111062	0.00796422791	-0.00355073754
0.07373612850	0.00791763566	-0.00353024436
0.07374127635	0.00786954654	-0.00350926071
0.07374655551	0.00781992010	-0.00348775922
0.07375196718	0.00776871530	-0.00346571296
0.07375751236	0.00771589081	-0.00344309439
0.07376318322	0.00766148819	-0.00341989939
0.07376899355	0.00760533965	-0.00339605530
0.07377494092	0.00754742952	-0.00337154650
0.07378101565	0.00748781210	-0.00334637460
0.07378722363	0.00742638732	-0.00332048710
0.07379356947	0.00736306353	-0.00329383708
0.07380003830	0.00729794132	-0.00326644544
0.07380664419	0.00723082795	-0.00323822360
0.07381337872	0.00716175413	-0.00320917096
0.07382023234	0.00709076143	-0.00317928381
0.07382721897	0.00701764485	-0.00314846676
0.07383432657	0.00694246496	-0.00311673215
0.07384155264	0.00686518049	-0.00308404602
0.07384889429	0.00678575068	-0.00305037502
0.07385634819	0.00670413547	-0.00301568610
0.07386391057	0.00662029570	-0.00297994633
0.07387157721	0.00653419316	-0.00294312317
0.07387934342	0.00644579057	-0.00290518480
0.07388720400	0.00635505190	-0.00286609968
0.07389515327	0.00626194245	-0.00282583677
0.07390318128	0.00616647355	-0.00278438121
0.07391128268	0.00606859886	-0.00274169163
0.07391945690	0.00596820673	-0.00269770073
0.07392768172	0.00586544765	-0.00265245905
0.07393596571	0.00576008463	-0.00260583139
0.07394428237	0.00565231852	-0.00255789668
0.07395263828	0.00554192123	-0.00250851730
0.07396101143	0.00542903202	-0.00245774448
0.07396939499	0.00531358683	-0.00240551635
0.07397778035	0.00519553797	-0.00235178529
0.07398615264	0.00507492039	-0.00229654593
0.07399449964	0.00495172936	-0.00223976666
0.07400280819	0.00482596929	-0.00218141940
0.07401106542	0.00469763727	-0.00212147057
0.07401925838	0.00456672624	-0.00205988536
0.07402737192	0.00443326142	-0.00199664740
0.07403539042	0.00429727411	-0.00193173836
0.07404329990	0.00415876664	-0.00186512221
0.07405108499	0.00401776212	-0.00179677749
0.07405872975	0.00387429325	-0.00172668641
0.07406621819	0.00372839407	-0.00165483087
0.07407353411	0.00358010388	-0.00158119627
0.07408065854	0.00342952342	-0.00150579864
0.07408758006	0.00327659583	-0.00142855696
0.07409427996	0.00312142226	-0.00134950221
0.07410073960	0.00296411714	-0.00126866019
0.07410694642	0.00280465557	-0.00118596561
0.07411288309	0.00264313460	-0.00110144588
0.07411853172	0.00247968862	-0.00101514142
0.07412388086	0.00231427892	-0.00092697811
0.07412891167	0.00214710370	-0.00083705385
0.07413361238	0.00197815972	-0.00074531398
0.07413796744	0.00180759064	-0.00065181955
0.07414196401	0.00163547329	-0.00055657839
0.07414558969	0.00146189242	-0.00045960790
0.07414883182	0.00128698884	-0.00036096837
0.07415168044	0.00111080480	-0.00026064575
0.07415412407	0.00093353289	-0.00015874680
0.07415615485	0.00075518116	-0.00005522971
0.07415776324	0.00057597815	0.00004976117
0.07415894310	0.00039592720	0.00015627174
0.07415968767	0.00021523070	0.00026417016
0.07415999222	0.00003396430	0.00037343885
0.07415985280	-0.00014775643	0.00048401286
0.07415926688	-0.00032975154	0.00059578032
0.07415823269	-0.00051198096	0.00070874582
0.07415675005	-0.00069427849	0.00082278600
0.07415482019	-0.00087649470	0.00093780889
0.07415244456	-0.00105856779	0.00105379170
0.07414962671	-0.00124034637	0.00117061612
0.07414637106	-0.00142170959	0.00128819918
0.07414268350	-0.00160252422	0.00140644477
0.07413857015	-0.00178269900	0.00152529137
0.07413403887	-0.00196211123	0.00164463744
0.07412909847	-0.00214064489	0.00176438834
0.07412375866	-0.00231818935	0.00188445332
0.07411803007	-0.00249463781	0.00200473961
0.07411192419	-0.00266988629	0.00212515451
0.07410545329	-0.00284383418	0.00224560511
0.07409863121	-0.00301636420	0.00236598419
0.07409147056	-0.00318741117	0.00248623003
0.07408398590	-0.00335687852	0.00260623818
0.07407619249	-0.00352467117	0.00272590954
0.07406810658	-0.00369068927	0.00284514229
0.07405974153	-0.00385490399	0.00296390118
0.07405111678	-0.00401717616	0.00308202774
0.07404224503	-0.00417750527	0.00319951831
0.07403314691	-0.00433575344	0.00331620874
0.07402383561	-0.00449192187	0.00343209654
0.07401432938	-0.00464592791	0.00354706661
0.07400464598	-0.00479770505	0.00366103585
0.07399480105	-0.00494722326	0.00377395912
0.07398481116	-0.00509443994	0.00388576694
0.07397469315	-0.00523931044	0.00399638833
0.07396446326	-0.00538180039	0.00410576471
0.07395413743	-0.00552187991	0.00421384059
0.07394373126	-0.00565952358	0.00432056354
0.07393326102	-0.00579469717	0.00442587328
0.07392274085	-0.00592739280	0.00452973921
0.07391218448	-0.00605760557	0.00463212536
0.07390160729	-0.00618530834	0.00473297243
0.07389102348	-0.00631048721	0.00483224305
0.07388044340	-0.00643317049	0.00492994110
0.07386988372	-0.00655331058	0.00502598234
0.07385935258	-0.00667095466	0.00512039930
0.07384886327	-0.00678608828	0.00521313793
0.07383842853	-0.00689870071	0.00530416528
0.07382805536	-0.00700884021	0.00539351098
0.07381775539	-0.00711650119	0.00548113316
0.07380753791	-0.00722169980	0.00556702437
0.07379741163	-0.00732445470	0.00565117977
0.07378738469	-0.00742478687	0.00573359703
0.07377746464	-0.00752271967	0.00581427597
0.07376765843	-0.00761827861	0.00589321864
0.07375797248	-0.00771149114	0.00597042918
0.07374841264	-0.00780238636	0.00604591396
0.07373898422	-0.00789099525	0.00611968096
0.07372969471	-0.00797732525	0.00619171760
0.07372054505	-0.00806144139	0.00626207671
0.07371153924	-0.00814337663	0.00633076250
0.07370268622	-0.00822311640	0.00639773986
0.07369398091	-0.00830076974	0.00646311283
0.07368543388	-0.00837630194	0.00652681318
0.07367703985	-0.00844981652	0.00658893967
0.07366880963	-0.00852127268	0.00664942332
0.07366073549	-0.00859078846	0.00670838244
0.07365282387	-0.00865835640	0.00676577774
0.07364507707	-0.00872400267	0.00682162763
0.07363749056	-0.00878780882	0.00687600557
0.07363006730	-0.00884979034	0.00692890355
0.07362280729	-0.00890998579	0.00698034850
0.07361571119	-0.00896842604	0.00703036049
0.07360877729	-0.00902515959	0.00707897913
0.07360200404	-0.00908023136	0.00712623633
0.07359539127	-0.00913367306	0.00717215007
0.07358893776	-0.00918552337	0.00721674829
0.07358264210	-0.00923582058	0.00726005920
0.07357650269	-0.00928460295	0.00730211078
0.07357051779	-0.00933190829	0.00734293117
0.07356468711	-0.00937776152	0.00738253650
0.07355900704	-0.00942221222	0.00742097052
0.07355347486	-0.00946530171	0.00745826433
0.07354808893	-0.00950706133	0.00749443849
0.07354284689	-0.00954752701	0.00752952019
0.07353774845	-0.00958671753	0.00756352083
0.07353279124	-0.00962466684	0.00759647135
0.07352796752	-0.00966144875	0.00762843930
0.07352327757	-0.00969707457	0.00765942131
0.07351871098	-0.00973163579	0.00768949757
0.07351547324	-0.00975606446	0.00771001367
0.07351195387	-0.00978254767	0.00772774520
0.07350819207	-0.00981077464	0.00774248428
0.07350423014	-0.00984041419	0.00775405810
0.07350011304	-0.00987111863	0.00776233097
0.07349588793	-0.00990252781	0.00776720590
0.07349160368	-0.00993427340	0.00776862574
0.07348731033	-0.00996598318	0.00776657383
0.07348305849	-0.00999728542	0.00776107424
0.07347889876	-0.01002781320	0.00775219145
0.07347488109	-0.01005720880	0.00774002959
0.07347105415	-0.01008512777	0.00772473126
0.07346746466	-0.01011124304	0.00770647580
0.07346415679	-0.01013524871	0.00768547726
0.07346117152	-0.01015686365	0.00766198182
0.07420150146	0.00895571223	-0.00432325506
0.07420126067	0.00895770702	-0.00424679337
0.07420196731	0.00895185160	-0.00421329811
0.07420288012	0.00894428210	-0.00418662698
0.07420390152	0.00893580432	-0.00416343406
0.07420502537	0.00892646681	-0.00414236656
0.07420623437	0.00891641073	-0.00412276753
0.07420750430	0.00890583550	-0.00410426873
0.07420886443	0.00889449495	-0.00408655134
0.07421028710	0.00888261720	-0.00406948752
0.07421176994	0.00887021999	-0.00405294461
0.07421333561	0.00885711112	-0.00403678214
0.07421496912	0.00884341325	-0.00402095532
0.07421666012	0.00882921062	-0.00400541931
0.07421842696	0.00881434622	-0.00399008840
0.07422026994	0.00879881414	-0.00397492456
0.07422218463	0.00878264813	-0.00395990309
0.07422417252	0.00876583220	-0.00394499231
0.07422623519	0.00874834898	-0.00393016383
0.07422837437	0.00873017971	-0.00391539242
0.07423059091	0.00871131293	-0.00390065688
0.07423288889	0.00869170907	-0.00388593168
0.07423527115	0.00867133881	-0.00387119635
0.07423773456	0.00865022350	-0.00385644266
0.07424028507	0.00862830647	-0.00384164433
0.07424292460	0.00860556489	-0.00382678541
0.07424565499	0.00858197619	-0.00381184987
0.07424847851	0.00855751358	-0.00379682209
0.07425139744	0.00853214965	-0.00378168582
0.07425441125	0.00850588088	-0.00376643088
0.07425751167	0.00847877117	-0.00375106094
0.07426072827	0.00845055248	-0.00373549842
0.07426404809	0.00842132780	-0.00371976584
0.07426745244	0.00839125189	-0.00370388938
0.07427098756	0.00835990469	-0.00368774872
0.07427461284	0.00832763400	-0.00367142978
0.07427836312	0.00829411673	-0.00365483311
0.07428221124	0.00825958190	-0.00363801205
0.07428619105	0.00822371082	-0.00362086790
0.07429026744	0.00818680422	-0.00360347422
0.07429447535	0.00814852947	-0.00358572246
0.07429880368	0.00810896863	-0.00356762985
0.07430324789	0.00806814435	-0.00354918953
0.07430781203	0.00802599972	-0.00353036929
0.07431250695	0.00798241258	-0.00351112091
0.07431732686	0.00793741316	-0.00349144287
0.07432227337	0.00789096196	-0.00347130926
0.07432734794	0.00784301907	-0.00345069372
0.07433255188	0.00779354416	-0.00342956934
0.07433788637	0.00774249635	-0.00340790960
0.07434335240	0.00768983445	-0.00338568743
0.07434894242	0.00763559829	-0.00336289824
0.07435466976	0.00757962305	-0.00333947131
0.07436053208	0.00752189259	-0.00331539109
0.07436652004	0.00746245921	-0.00329065858
0.07437263932	0.00740122423	-0.00326522245
0.07437889438	0.00733809727	-0.00323903684
0.07438527081	0.00727317584	-0.00321212139
0.07439178223	0.00720627068	-0.00318438988
0.07439842044	0.00713741101	-0.00315584125
0.07440517620	0.00706663668	-0.00312647126
0.07441206294	0.00699374641	-0.00309618710
0.07441906896	0.00691879867	-0.00306500022
0.07442619180	0.00684175230	-0.00303287719
0.07443342859	0.00676256667	-0.00299978515
0.07444077607	0.00668120184	-0.00296569156
0.07444823051	0.00659761878	-0.00293056397
0.07445578775	0.00651177936	-0.00289437035
0.07446344315	0.00642364645	-0.00285707933
0.07447119161	0.00633318410	-0.00281865987
0.07447902749	0.00624035771	-0.00277908138
0.07448694108	0.00614517772	-0.00273832886
0.07449492705	0.00604759819	-0.00269636166
0.07450298472	0.00594750932	-0.00265311415
0.07451109246	0.00584505778	-0.00260863466
0.07451925839	0.00574001123	-0.00256279171
0.07452745671	0.00563256567	-0.00251566119
0.07453569361	0.00552249750	-0.00246710924
0.07454394758	0.00540994262	-0.00241718500
0.07455221184	0.00529483797	-0.00236582788
0.07456047785	0.00517713661	-0.00231299128
0.07456873099	0.00505687247	-0.00225866949
0.07457695919	0.00493404075	-0.00220283134
0.07458514951	0.00480864561	-0.00214544906
0.07459328922	0.00468068413	-0.00208648960
0.07460136554	0.00455014936	-0.00202591873
0.07460936354	0.00441706604	-0.00196372014
0.07461726783	0.00428146492	-0.00189987558
0.07462506458	0.00414334844	-0.00183434965
0.07463273864	0.00400273946	-0.00176712113
0.07464027428	0.00385967032	-0.00169817244
0.07464765573	0.00371417471	-0.00162748563
0.07465486698	0.00356629158	-0.00155504624
0.07466188936	0.00341612010	-0.00148086942
0.07466871153	0.00326360518	-0.00140487631
0.07467531502	0.00310884657	-0.00132709686
0.07468168148	0.00295195708	-0.00124755579
0.07468779844	0.00279291317	-0.00116618962
0.07469364881	0.00263181080	-0.00108302493
0.07469921494	0.00246878260	-0.00099810076
0.07470448543	0.00230379172	-0.00091134525
0.07470944176	0.00213703346	-0.00082285346
0.07471407220	0.00196850587	-0.00073257240
0.07471836142	0.00179835099	-0.00064056151
0.07472229670	0.00162664545	-0.00054682859
0.07472586576	0.00145347374	-0.00045139080
0.07472905608	0.00127897533	-0.00035430698
0.07473185776	0.00110319320	-0.00025556391
0.07473425945	0.00092631772	-0.00015526564
0.07473625332	0.00074835847	-0.00005337211
0.07473782993	0.00056954119	0.00004997597
0.07473898314	0.00038987095	0.00015482256
0.07473970625	0.00020954800	0.00026103894
0.07473999451	0.00002864837	0.00036860731
0.07473984398	-0.00015271267	0.00047746374
0.07473925211	-0.00033435675	0.00058749884
0.07473821709	-0.00051624262	0.00069871616
0.07473673869	-0.00069820523	0.00081099481
0.07473481806	-0.00088009604	0.00092424461
0.07473245660	-0.00106185240	0.00103844238
0.07472965774	-0.00124332374	0.00115347201
0.07472642581	-0.00142438949	0.00126925183
0.07472276656	-0.00160491688	0.00138568737
0.07471868600	-0.00178481436	0.00150271771
0.07471419185	-0.00196395948	0.00162024294
0.07470929275	-0.00214223640	0.00173816987
0.07470399828	-0.00231953457	0.00185640910
0.07469831890	-0.00249574721	0.00197486925
0.07469226590	-0.00267077033	0.00209345894
0.07468585141	-0.00284450331	0.00221208663
0.07467908905	-0.00301682915	0.00233064692
0.07467199129	-0.00318768209	0.00244907855
0.07466457247	-0.00335696553	0.00256727868
0.07465684767	-0.00352458442	0.00268514975
0.07464883294	-0.00369043906	0.00280259163
0.07464054148	-0.00385449958	0.00291956883
0.07463199248	-0.00401662772	0.00303592609
0.07462319855	-0.00417682158	0.00315165874
0.07461418001	-0.00433494429	0.00326660604
0.07460494995	-0.00449099571	0.00338076453
0.07459552644	-0.00464489338	0.00349402112
0.07458592702	-0.00479657075	0.00360629410
0.07457616718	-0.00494599724	0.00371753860
0.07456626334	-0.00509312990	0.00382768608
0.07455623216	-0.00523792390	0.00393666661
0.07454608972	-0.00538034453	0.00404442239
0.07453585183	-0.00552036162	0.00415089862
0.07452553394	-0.00565794940	0.00425604355
0.07451515214	-0.00579307355	0.00435979788
0.07450472049	-0.00592572570	0.00446213119
0.07449425259	-0.00605590047	0.00456300782
0.07448376369	-0.00618357068	0.00466236950
0.07447326785	-0.00630872225	0.00476017941
0.07446277538	-0.00643138266	0.00485644080
0.07445230275	-0.00655150480	0.00495107133
0.07444185812	-0.00666913484	0.00504410223
0.07443145463	-0.00678425837	0.00513548052
0.07442110492	-0.00689686471	0.00522517394
0.07441081597	-0.00700700128	0.00531321102
0.07440059930	-0.00711466254	0.00539955074
0.07439046416	-0.00721986441	0.00548418573
0.07438041919	-0.00732262532	0.00556711111
0.07437047247	-0.00742296603	0.00564832454
0.07436063150	-0.00752090968	0.00572782577
0.07435090321	-0.00761648157	0.00580561673
0.07434129396	-0.00770970893	0.00588170145
0.07433180959	-0.00780062067	0.00595608612
0.07432245537	-0.00788924758	0.00602877856
0.07431323871	-0.00797559732	0.00609976669
0.07430416061	-0.00805973423	0.00616910196
0.07429522505	-0.00814169113	0.00623678853
0.07428644084	-0.00822145411	0.00630279255
0.07427780306	-0.00829913088	0.00636721525
0.07426932210	-0.00837468777	0.00642999058
0.07426099285	-0.00844822708	0.00649121468
0.07425282591	-0.00851970919	0.00655082086
0.07424481377	-0.00858925075	0.00660892433
0.07423696273	-0.00865684492	0.00666548712
0.07422927508	-0.00872251801	0.00672052753
0.07422174641	-0.00878635080	0.00677411720
0.07421437962	-0.00884835906	0.00682624864
0.07420717471	-0.00890858131	0.00687694836
0.07420013236	-0.00896704848	0.00692623624
0.07419325086	-0.00902380888	0.00697415112
0.07418652872	-0.00907890727	0.00702072435
0.07417996575	-0.00913237542	0.00706597374
0.07417356076	-0.00918425196	0.00710992680
0.07416731235	-0.00923457514	0.00715261132
0.07416121895	-0.00928338318	0.00719405486
0.07415527883	-0.00933071386	0.00723428511
0.07414949169	-0.00937659227	0.00727331817
0.07414385397	-0.00942106777	0.00731119692
0.07413836300	-0.00946418155	0.00734795191
0.07413301713	-0.00950596501	0.00738360347
0.07412781405	-0.00954645404	0.00741817840
0.07412275342	-0.00958566769	0.00745168817
0.07411783291	-0.00962363989	0.00748416325
0.07411304491	-0.00966044378	0.00751566954
0.07410838967	-0.00969609102	0.00754620409
0.07410385699	-0.00973067209	0.00757584498
0.07410067446	-0.00975487796	0.00759585173
0.07409721971	-0.00978108541	0.00761310156
0.07409353127	-0.00980898692	0.00762739224
0.07408965066	-0.00983825515	0.00763855621
0.07408562198	-0.00986854676	0.00764646259
0.07408149143	-0.00989950646	0.00765101869
0.07407730681	-0.00993077119	0.00765217109
0.07407311703	-0.00996197438	0.00764990628
0.07406897153	-0.00999275023	0.00764425080
0.07406491965	-0.01002273802	0.00763527098
0.07406101007	-0.01005158632	0.00762307208
0.07405729014	-0.01007895712	0.00760779713
0.07405380529	-0.01010452976	0.00758962521
0.07405059838	-0.01012800469	0.00756876938
0.07404770913	-0.01014910698	0.00754547414
0.07478875380	0.00892998907	-0.00424599940
0.07478856504	0.00893156982	-0.00417077943
0.07478928129	0.00892557026	-0.00413783845
0.07479019577	0.00891790430	-0.00411161348
0.07479121516	0.00890935101	-0.00408881104
0.07479233385	0.00889995486	-0.00406810086
0.07479353537	0.00888985193	-0.00404883634
0.07479479644	0.00887923568	-0.00403065438
0.07479614541	0.00886786513	-0.00401324271
0.07479755567	0.00885596215	-0.00399647445
0.07479902498	0.00884354349	-0.00398021903
0.07480057529	0.00883042106	-0.00396433924
0.07480219217	0.00881671407	-0.00394879036
0.07480386567	0.00880250420	-0.00393352783
0.07480561357	0.00878763780	-0.00391846806
0.07480743619	0.00877210866	-0.00390357365
0.07480932932	0.00875594922	-0.00388882006
0.07481129441	0.00873914343	-0.00387417614
0.07481333307	0.00872167388	-0.00385961398
0.07481544699	0.00870352179	-0.00384510878
0.07481763704	0.00868467549	-0.00383063966
0.07481990720	0.00866509589	-0.00381618164
0.07482226026	0.00864475388	-0.00380171462
0.07482469325	0.00862366979	-0.00378723031
0.07482721194	0.00860178780	-0.00377270307
0.07482981825	0.00857908509	-0.00375811721
0.07483251399	0.00855553911	-0.00374345699
0.07483530141	0.00853112318	-0.00372870706
0.07483818275	0.00850580994	-0.00371385147
0.07484115754	0.00847959542	-0.00369888011
0.07484421785	0.00845254134	-0.00368379607
0.07484739226	0.00842438555	-0.00366852444
0.07485066832	0.00839522793	-0.00365308664
0.07485402804	0.00836521886	-0.00363750737
0.07485751609	0.00833394777	-0.00362167056
0.07486109330	0.00830175340	-0.00360565855
0.07486479338	0.00826831976	-0.00358937523
0.07486859014	0.00823386968	-0.00357287155
0.07487251630	0.00819809142	-0.00355605214
0.07487653802	0.00816127775	-0.00353898737
0.07488068905	0.00812310331	-0.00352157229
0.07488495873	0.00808364742	-0.00350382315
0.07488934273	0.00804293143	-0.00348573287
0.07489384497	0.00800089902	-0.00346726989
0.07489847598	0.00795743019	-0.00344838734
0.07490323021	0.00791255361	-0.00342908330
0.07490810922	0.00786622993	-0.00340933234
0.07491311446	0.00781841935	-0.00338910852
0.07491824724	0.00776908171	-0.00336838540
0.07492350870	0.00771817622	-0.00334713693
0.07492889982	0.00766566185	-0.00332533647
0.07493441333	0.00761157659	-0.00330297899
0.07494006212	0.00755575870	-0.00327999576
0.07494584394	0.00749819155	-0.00325637134
0.07495174975	0.00743892531	-0.00323210607
0.07495778506	0.00737786277	-0.00320714984
0.07496395415	0.00731491480	-0.00318145790
0.07497024311	0.00725017573	-0.00315504858
0.07497666506	0.00718345990	-0.00312783810
0.07498321207	0.00711479494	-0.00309982491
0.07498987518	0.00704421890	-0.00307100426
0.07499666732	0.00697153438	-0.00304128599
0.07500357713	0.00689679760	-0.00301068065
0.07501060220	0.00681996752	-0.00297915532
0.07501773970	0.00674100364	-0.00294667767
0.07502498639	0.00665986611	-0.00291321568
0.07503233861	0.00657651602	-0.00287873741
0.07503979223	0.00649091534	-0.00284321133
0.07504734269	0.00640302702	-0.00280660657
0.07505498494	0.00631281523	-0.00276889256
0.07506271342	0.00622024544	-0.00273003920
0.07507051863	0.00612532715	-0.00269003135
0.07507839528	0.00602801483	-0.00264882909
0.07508634255	0.00592820059	-0.00260636850
0.07509433939	0.00582602712	-0.00256269562
0.07510239347	0.00572126688	-0.00251768284
0.07511047969	0.00561411084	-0.00247140287
0.07511860382	0.00550434007	-0.00242372575
0.07512674489	0.00539208694	-0.00237469843
0.07513489613	0.00527728944	-0.00232426168
0.07514304903	0.00515990139	-0.00227236991
0.07515118926	0.00503995569	-0.00221901705
0.07515930489	0.00491744741	-0.00216417239
0.07516738315	0.00479238050	-0.00210780848
0.07517541147	0.00466475198	-0.00204989278
0.07518337722	0.00453455507	-0.00199039169
0.07519126567	0.00440181398	-0.00192928892
0.07519906167	0.00426655888	-0.00186656630
0.07520675152	0.00412879235	-0.00180218907
0.07521432026	0.00398853701	-0.00173613629
0.07522175238	0.00384582480	-0.00166839051
0.07522903230	0.00370068908	-0.00159893398
0.07523614420	0.00355316845	-0.00152775237
0.07524306970	0.00340336044	-0.00145485986
0.07524979749	0.00325121183	-0.00138017987
0.07525630937	0.00309682093	-0.00130374125
0.07526258727	0.00294029891	-0.00122556759
0.07526861876	0.00278162363	-0.00114559727
0.07527438698	0.00262088997	-0.00106385600
0.07527987454	0.00245822875	-0.00098038139
0.07528507007	0.00229360506	-0.00089510389
0.07528995532	0.00212721124	-0.00080811561
0.07529451863	0.00195904669	-0.00071936530
0.07529874486	0.00178925180	-0.00062891070
0.07530262140	0.00161790306	-0.00053675956
0.07530613607	0.00144508469	-0.00044292881
0.07530927648	0.00127093484	-0.00034747575
0.07531203281	0.00109549725	-0.00025038801
0.07531439379	0.00091896006	-0.00015176684
0.07531635163	0.00074133444	-0.00005157397
0.07531789699	0.00056284333	0.00005005368
0.07531902371	0.00038349359	0.00015315805
0.07531972514	0.00020348332	0.00025761365
0.07531999652	0.00002288899	0.00036340251
0.07531983391	-0.00015817443	0.00047046172
0.07531923472	-0.00033953012	0.00057868448
0.07531819712	-0.00052113554	0.00068807327
0.07531672082	-0.00070282684	0.00079850979
0.07531480689	-0.00088445629	0.00090990569
0.07531245666	-0.00106596036	0.00102223739
0.07530967348	-0.00124718926	0.00113539109
0.07530646155	-0.00142802264	0.00124928646
0.07530282651	-0.00160832817	0.00136383073
0.07529877427	-0.00178801395	0.00147896360
0.07529431238	-0.00196695776	0.00159458686
0.07528944937	-0.00214504387	0.00171060885
0.07528419465	-0.00232216176	0.00182694155
0.07527855852	-0.00249820464	0.00194349501
0.07527255214	-0.00267306846	0.00206017924
0.07526618742	-0.00284665251	0.00217690412
0.07525947784	-0.00301884009	0.00229356613
0.07525243569	-0.00318956475	0.00241010448
0.07524507515	-0.00335872983	0.00252641802
0.07523741110	-0.00352624028	0.00264241078
0.07522945940	-0.00369199651	0.00275798439
0.07522123314	-0.00385596752	0.00287310306
0.07521275123	-0.00401801600	0.00298761493
0.07520402621	-0.00417813851	0.00310151421
0.07519507814	-0.00433619922	0.00321464376
0.07518592002	-0.00449219660	0.00332699906
0.07517656972	-0.00464604832	0.00343846915
0.07516704459	-0.00479768779	0.00354897371
0.07515736000	-0.00494708379	0.00365846817
0.07514753221	-0.00509419304	0.00376688497
0.07513757774	-0.00523897046	0.00387415525
0.07512751253	-0.00538138100	0.00398022201
0.07511735224	-0.00552139413	0.00408503119
0.07510711220	-0.00565898374	0.00418853173
0.07509680837	-0.00579411538	0.00429066533
0.07508645468	-0.00592678017	0.00439140176
0.07507606468	-0.00605697220	0.00449070566
0.07506565345	-0.00618466428	0.00458851986
0.07505523494	-0.00630984211	0.00468480810
0.07504481946	-0.00643253230	0.00477957294
0.07503442328	-0.00655268826	0.00487273402
0.07502405456	-0.00667035509	0.00496432124
0.07501372634	-0.00678551843	0.00505428270
0.07500345114	-0.00689816770	0.00514258688
0.07499323595	-0.00700834938	0.00522926112
0.07498309222	-0.00711605802	0.00531426534
0.07497302910	-0.00722130929	0.00539759217
0.07496305521	-0.00732412140	0.00547923677
0.07495317858	-0.00742451488	0.00555919671
0.07494340667	-0.00752251267	0.00563747169
0.07493374637	-0.00761813984	0.00571406354
0.07492420403	-0.00771142342	0.00578897613
0.07491478544	-0.00780239212	0.00586221550
0.07490549587	-0.00789107653	0.00593378927
0.07489634263	-0.00797748458	0.00600368587
0.07488732681	-0.00806167991	0.00607195535
0.07487845237	-0.00814369517	0.00613860177
0.07486972796	-0.00822351719	0.00620359261
0.07486114887	-0.00830125230	0.00626702618
0.07485272529	-0.00837686791	0.00632883869
0.07484445230	-0.00845046510	0.00638912355
0.07483634026	-0.00852200546	0.00644781646
0.07482838189	-0.00859160423	0.00650502937
0.07482058339	-0.00865925522	0.00656072572
0.07481294700	-0.00872498492	0.00661492367
0.07480546842	-0.00878887330	0.00666769299
0.07479815054	-0.00885093646	0.00671902669
0.07479099334	-0.00891121289	0.00676895087
0.07478399748	-0.00896973360	0.00681748521
0.07477716132	-0.00902654671	0.00686466775
0.07477048336	-0.00908169684	0.00691052923
0.07476396346	-0.00913521583	0.00695508730
0.07475760039	-0.00918714229	0.00699836903
0.07475139281	-0.00923751445	0.00704040176
0.07474533914	-0.00928637049	0.00708121261
0.07473943768	-0.00933374816	0.00712082881
0.07473368811	-0.00937967278	0.00715926642
0.07472808694	-0.00942419345	0.00719656742
0.07472263151	-0.00946735129	0.00723276178
0.07471732020	-0.00950917776	0.00726786961
0.07471215071	-0.00954970873	0.00730191726
0.07470712268	-0.00958896351	0.00733491631
0.07470223378	-0.00962697606	0.00736689673
0.07469747657	-0.00966381885	0.00739792271
0.07469285123	-0.00969950387	0.00742799173
0.07468834779	-0.00973412060	0.00745717968
0.07468521980	-0.00975809118	0.00747665127
0.07468182908	-0.00978400766	0.00749339508
0.07467821351	-0.00981156596	0.00750721479
0.07467441387	-0.00984044274	0.00751794838
0.07467047336	-0.00987029930	0.00752547000
0.07466643722	-0.00990078544	0.00752969148
0.07466235223	-0.00993154367	0.00753056332
0.07465826615	-0.00996221336	0.00752807529
0.07465422723	-0.00999243497	0.00752225658
0.07465028357	-0.01002185428	0.00751317539
0.07464648255	-0.01005012652	0.00750093820
0.07464287022	-0.01007692043	0.00748568847
0.07463949069	-0.01010192209	0.00746760501
0.07463638551	-0.01012483864	0.00744689980
0.07463359314	-0.01014540170	0.00742381562
0.07536534848	0.00890821806	-0.00416364201
0.07536521608	0.00890933811	-0.00408973738
0.07536594465	0.00890317283	-0.00405738500
0.07536686331	0.00889539291	-0.00403163441
0.07536788310	0.00888674842	-0.00400924756
0.07536899903	0.00887727916	-0.00398891801
0.07537019543	0.00886711570	-0.00397001007
0.07537145003	0.00885644514	-0.00395216610
0.07537279026	0.00884503184	-0.00393508078
0.07537419055	0.00883309109	-0.00391862822
0.07537564883	0.00882063851	-0.00390268005
0.07537718630	0.00880749033	-0.00388710254
0.07537878912	0.00879376208	-0.00387185105
0.07538044776	0.00877953275	-0.00385688127
0.07538217941	0.00876465219	-0.00384211192
0.07538398442	0.00874911382	-0.00382750622
0.07538585879	0.00873294874	-0.00381303983
0.07538780398	0.00871614080	-0.00379868215
0.07538982157	0.00869867251	-0.00378440578
0.07539191326	0.00868052507	-0.00377018638
0.07539407991	0.00866168658	-0.00375600342
0.07539632544	0.00864211841	-0.00374183247
0.07539865256	0.00862179169	-0.00372765389
0.07540105847	0.00860072563	-0.00371345927
0.07540354879	0.00857886530	-0.00369922367
0.07540612541	0.00855618790	-0.00368493168
0.07540879013	0.00853267085	-0.00367056786
0.07541154516	0.00850828755	-0.00365611717
0.07541439272	0.00848301075	-0.00364156397
0.07541733240	0.00845683591	-0.00362689822
0.07542035662	0.00842982250	-0.00361212239
0.07542349298	0.00840171451	-0.00359716442
0.07542672952	0.00837260853	-0.00358204457
0.07543004895	0.00834265034	-0.00356678594
0.07543349440	0.00831143930	-0.00355127701
0.07543702814	0.00827930464	-0.00353559628
0.07544068273	0.00824593779	-0.00351965123
0.07544443295	0.00821155504	-0.00350349023
0.07544831042	0.00817585195	-0.00348702150
0.07545228254	0.00813911292	-0.00347031197
0.07545638192	0.00810102017	-0.00345326053
0.07546059831	0.00806165015	-0.00343588241
0.07546492757	0.00802102283	-0.00341817027
0.07546937354	0.00797908246	-0.00340009325
0.07547394641	0.00793571126	-0.00338160592
0.07547864085	0.00789093629	-0.00336270593
0.07548345842	0.00784471831	-0.00334336833
0.07548840054	0.00779701763	-0.00332356767
0.07549346849	0.00774779419	-0.00330327799
0.07549866342	0.00769700734	-0.00328247370
0.07550398628	0.00764461613	-0.00326112867
0.07550943008	0.00759065665	-0.00323923737
0.07551500726	0.00753497032	-0.00321673318
0.07552071567	0.00747753999	-0.00319360078
0.07552654659	0.00741841356	-0.00316983979
0.07553250534	0.00735749534	-0.00314540142
0.07553859602	0.00729469749	-0.00312024205
0.07554480522	0.00723011097	-0.00309437864
0.07555114556	0.00716355386	-0.00306773000
0.07555760938	0.00709505213	-0.00304029407
0.07556418799	0.00702464188	-0.00301206549
0.07557089381	0.00695212976	-0.00298295695
0.07557771587	0.00687756962	-0.00295297800
0.07558465175	0.00680092053	-0.00292209631
0.07559169866	0.00672214205	-0.00289028006
0.07559885341	0.00664119446	-0.00285749778
0.07560611236	0.00655803891	-0.00282371806
0.07561347145	0.00647263746	-0.00278890990
0.07562092616	0.00638495316	-0.00275304292
0.07562847150	0.00629495022	-0.00271608708
0.07563610200	0.00620259419	-0.00267801275
0.07564380831	0.00610789359	-0.00263880463
0.07565158520	0.00601080327	-0.00259842358
0.07565943173	0.00591121733	-0.00255680747
0.07566732738	0.00580927427	-0.00251399990
0.07567527938	0.00570475156	-0.00246987732
0.07568326330	0.00559783491	-0.00242450909
0.07569128451	0.00548831025	-0.00237776936
0.07569932253	0.00537630622	-0.00232970273
0.07570737059	0.00526176194	-0.00228025139
0.07571542024	0.00514463199	-0.00222937080
0.07572345737	0.00502494818	-0.00217705454
0.07573147020	0.00490270547	-0.00212327229
0.07573944613	0.00477790755	-0.00206799698
0.07574737270	0.00465055141	-0.00201119657
0.07575523745	0.00452063039	-0.00195283808
0.07576302581	0.00438816821	-0.00189290528
0.07577072282	0.00425319442	-0.00183138002
0.07577831495	0.00411571174	-0.00176822823
0.07578578740	0.00397574254	-0.00170342921
0.07579312482	0.00383331837	-0.00163696566
0.07580031182	0.00368847228	-0.00156882002
0.07580733277	0.00354124246	-0.00149897805
0.07581416954	0.00339172479	-0.00142745294
0.07582081083	0.00323986803	-0.00135417046
0.07582723871	0.00308576900	-0.00127915827
0.07583343532	0.00292953716	-0.00120243880
0.07583938830	0.00277115189	-0.00112395233
0.07584508098	0.00261070695	-0.00104372366
0.07585049620	0.00244833132	-0.00096178888
0.07585562260	0.00228399215	-0.00087808085
0.07586044219	0.00211787874	-0.00079268856
0.07586494336	0.00194999193	-0.00070556257
0.07586911114	0.00178047045	-0.00061675884
0.07587293300	0.00160939066	-0.00052628504
0.07587639686	0.00143683659	-0.00043415784
0.07587949044	0.00126294502	-0.00034043293
0.07588220395	0.00108776059	-0.00024509882
0.07588452625	0.00091146914	-0.00014825380
0.07588644952	0.00073408358	-0.00004986146
0.07588796452	0.00055582396	0.00004994524
0.07588906507	0.00037669908	0.00015120616
0.07588974455	0.00019690489	0.00025379919
0.07588999820	0.00001651837	0.00035770617
0.07588982205	-0.00016434574	0.00046286531
0.07588921347	-0.00034551218	0.00056917249
0.07588817060	-0.00052693700	0.00067662910
0.07588669309	-0.00070845750	0.00078511955
0.07588478194	-0.00088992678	0.00089455740
0.07588243841	-0.00107128022	0.00100491868
0.07587966574	-0.00125236885	0.00111609201
0.07587646805	-0.00143307244	0.00122799843
0.07587285084	-0.00161325908	0.00134054700
0.07586881993	-0.00179283637	0.00145367805
0.07586438274	-0.00197168228	0.00156729514
0.07585954766	-0.00214968112	0.00168130822
0.07585432396	-0.00232672234	0.00179563073
0.07584872179	-0.00250269906	0.00191017418
0.07584275216	-0.00267750710	0.00202485009
0.07583642686	-0.00285104559	0.00213956977
0.07582975915	-0.00302319806	0.00225423168
0.07582276123	-0.00319389727	0.00236877555
0.07581544710	-0.00336304646	0.00248310196
0.07580783148	-0.00353055048	0.00259711660
0.07579993004	-0.00369630984	0.00271072295
0.07579175578	-0.00386029225	0.00282388493
0.07578332738	-0.00402236137	0.00293645420
0.07577465732	-0.00418251210	0.00304842380
0.07576576541	-0.00434060965	0.00315964033
0.07575666459	-0.00449665096	0.00327009819
0.07574737256	-0.00465055382	0.00337968862
0.07573790649	-0.00480225155	0.00348833276
0.07572828168	-0.00495171222	0.00359598635
0.07571851424	-0.00509889215	0.00370258284
0.07570862057	-0.00524374598	0.00380805450
0.07569861648	-0.00538623829	0.00391234515
0.07568851754	-0.00552633813	0.00401540148
0.07567833897	-0.00566401901	0.00411717316
0.07566809659	-0.00579924633	0.00421760294
0.07565780429	-0.00593201064	0.00431666077
0.07564747552	-0.00606230549	0.00441431162
0.07563712526	-0.00619010363	0.00451049942
0.07562676737	-0.00631539055	0.00460518851
0.07561641214	-0.00643819193	0.00469838073
0.07560607568	-0.00655846171	0.00478999780
0.07559576620	-0.00667624388	0.00488006816
0.07558549662	-0.00679152413	0.00496854111
0.07557527937	-0.00690429196	0.00505538584
0.07556512149	-0.00701459290	0.00514062848
0.07555503432	-0.00712242158	0.00522422989
0.07554502698	-0.00722779343	0.00530618273
0.07553510806	-0.00733072644	0.00538648214
0.07552528556	-0.00743124090	0.00546512566
0.07551556690	-0.00752935954	0.00554211289
0.07550595897	-0.00762510722	0.00561744555
0.07549646807	-0.00771851077	0.00569112736
0.07548710001	-0.00780959871	0.00576316416
0.07547786003	-0.00789840145	0.00583356339
0.07546875537	-0.00798492720	0.00590231400
0.07545978720	-0.00806923889	0.00596946455
0.07545095946	-0.00815136901	0.00603501903
0.07544228068	-0.00823130519	0.00609894626
0.07543374634	-0.00830915234	0.00616134154
0.07542536645	-0.00838487903	0.00622214339
0.07541713624	-0.00845858506	0.00628144239
0.07540906589	-0.00853023335	0.00633917673
0.07540114835	-0.00859993765	0.00639545494
0.07539338968	-0.00866769249	0.00645024193
0.07538579209	-0.00873352458	0.00650355573
0.07537835143	-0.00879751306	0.00655546411
0.07537107051	-0.00885967440	0.00660596065
0.07536394934	-0.00892004706	0.00665507097
0.07535698856	-0.00897866221	0.00670281456
0.07535018656	-0.00903556777	0.00674922862
0.07534354190	-0.00909080821	0.00679434325
0.07533705439	-0.00914441553	0.00683817593
0.07533072286	-0.00919642830	0.00688075326
0.07532454595	-0.00924688474	0.00692210211
0.07531852212	-0.00929582305	0.00696224912
0.07531264967	-0.00934328099	0.00700122107
0.07530692826	-0.00938928407	0.00703903395
0.07530135447	-0.00943388123	0.00707572880
0.07529592566	-0.00947711347	0.00711133499
0.07529064021	-0.00951901236	0.00714587238
0.07528549584	-0.00955961377	0.00717936687
0.07528049217	-0.00959893733	0.00721183014
0.07527562688	-0.00963701705	0.00724329164
0.07527089266	-0.00967392467	0.00727381375
0.07526628965	-0.00970967260	0.00730339443
0.07526180809	-0.00974434927	0.00733210722
0.07525873319	-0.00976806934	0.00735100921
0.07525540519	-0.00979367598	0.00736721435
0.07525186135	-0.00982086874	0.00738053264
0.07524814168	-0.00984932861	0.00739080795
0.07524428853	-0.00987872176	0.00739791979
0.07524034620	-0.00990870345	0.00740178480
0.07523636041	-0.00993892211	0.00740235766
0.07523237781	-0.00996902344	0.00739963165
0.07522844546	-0.00999865456	0.00739363873
0.07522461021	-0.01002746819	0.00738444916
0.07522091816	-0.01005512664	0.00737217069
0.07521741402	-0.01008130584	0.00735694727
0.07521414060	-0.01010569908	0.00733895737
0.07521113812	-0.01012802063	0.00731841192
0.07520844376	-0.01014800905	0.00729555178
0.07595133488	0.00889132329	-0.00406927390
0.07595126866	0.00889188895	-0.00399686488
0.07595201437	0.00888551705	-0.00396518382
0.07595294120	0.00887759102	-0.00393997511
0.07595396505	0.00886882708	-0.00391806357
0.07595508163	0.00885925922	-0.00389816978
0.07595627620	0.00884901156	-0.00387967047
0.07595752755	0.00883826390	-0.00386221416
0.07595886216	0.00882678648	-0.00384550343
0.07596025558	0.00881478713	-0.00382941353
0.07596170591	0.00880228013	-0.00381381856
0.07596323359	0.00878908652	-0.00379858877
0.07596482541	0.00877531764	-0.00378367961
0.07596647229	0.00876104945	-0.00376904704
0.07596819078	0.00874613567	-0.00375461241
0.07596998131	0.00873056930	-0.00374033968
0.07597184007	0.00871437989	-0.00372620469
0.07597376853	0.00869755114	-0.00371217750
0.07597576826	0.00868006548	-0.00369823130
0.07597784097	0.00866190404	-0.00368434225
0.07597998754	0.00864305463	-0.00367049022
0.07598221178	0.00862347916	-0.00365665144
0.07598451637	0.00860314893	-0.00364280676
0.07598689867	0.00858208195	-0.00362894768
0.07598936413	0.00856022421	-0.00361505001
0.07599191464	0.00853755292	-0.00360109870
0.07599455197	0.00851404546	-0.00358707864
0.07599727833	0.00848967530	-0.00357297514
0.07600009589	0.00846441524	-0.00355877294
0.07600300432	0.00843826014	-0.00354446204
0.07600599641	0.00841126687	-0.00353004425
0.07600909871	0.00838318631	-0.00351545073
0.07601229982	0.00835411134	-0.00350070042
0.07601558317	0.00832418252	-0.00348581463
0.07601899025	0.00829301035	-0.00347068700
0.07602248490	0.00826091333	-0.00345539167
0.07602609843	0.00822759122	-0.00343984019
0.07602980669	0.00819325295	-0.00342407803
0.07603364010	0.00815760221	-0.00340801745
0.07603756740	0.00812091398	-0.00339172151
0.07604161997	0.00808287897	-0.00337509345
0.07604578802	0.00804357038	-0.00335814734
0.07605006763	0.00800300656	-0.00334087556
0.07605446253	0.00796113241	-0.00332324802
0.07605898255	0.00791783259	-0.00330522092
0.07606362263	0.00787313232	-0.00328679148
0.07606838429	0.00782699245	-0.00326793525
0.07607326896	0.00777937338	-0.00324862733
0.07607827788	0.00773023513	-0.00322884231
0.07608341218	0.00767953714	-0.00320855514
0.07608867282	0.00762723855	-0.00318774026
0.07609405310	0.00757337325	-0.00316639157
0.07609956498	0.00751778619	-0.00314444483
0.07610520641	0.00746045958	-0.00312188484
0.07611096901	0.00740143876	-0.00309871044
0.07611685789	0.00734062970	-0.00307487429
0.07612287700	0.00727794596	-0.00305033410
0.07612901341	0.00721347468	-0.00302510522
0.07613527925	0.00714703809	-0.00299910940
0.07614166710	0.00707866027	-0.00297234399
0.07614816858	0.00700837510	-0.00294480298
0.07615479559	0.00693599373	-0.00291640222
0.07616153750	0.00686156732	-0.00288715017
0.07616839193	0.00678505499	-0.00285701510
0.07617535611	0.00670641640	-0.00282596581
0.07618242689	0.00662561187	-0.00279397142
0.07618960067	0.00654260263	-0.00276100110
0.07619687343	0.00645735081	-0.00272702445
0.07620424069	0.00636981947	-0.00269201164
0.07621169753	0.00627997293	-0.00265593318
0.07621923851	0.00618777675	-0.00261875999
0.07622685450	0.00609323829	-0.00258047656
0.07623454028	0.00599631285	-0.00254104461
0.07624229475	0.00589689672	-0.00250040404
0.07625009798	0.00579512367	-0.00245859564
0.07625795670	0.00569077677	-0.00241550046
0.07626584717	0.00558403579	-0.00237118405
0.07627377430	0.00547469212	-0.00232552516
0.07628171815	0.00536287019	-0.00227856573
0.07628967190	0.00524851036	-0.00223024953
0.07629762715	0.00513156806	-0.00218053320
0.07630557002	0.00501207387	-0.00212940985
0.07631348884	0.00489002260	-0.00207684967
0.07632137115	0.00476541765	-0.00202282590
0.07632920464	0.00463825598	-0.00196730708
0.07633697693	0.00450853110	-0.00191026093
0.07634467365	0.00437626611	-0.00185167122
0.07635228001	0.00424148991	-0.00179151983
0.07635978260	0.00410420539	-0.00172977340
0.07636716675	0.00396443465	-0.00166641152
0.07637441731	0.00382220882	-0.00160141702
0.07638151902	0.00367756060	-0.00153477252
0.07638845642	0.00353052780	-0.00146646388
0.07639521161	0.00338120443	-0.00139650313
0.07640177329	0.00322954150	-0.00132481863
0.07640812374	0.00307563421	-0.00125143676
0.07641424536	0.00291959015	-0.00117637854
0.07642012577	0.00276139044	-0.00109958641
0.07642574851	0.00260112765	-0.00102108410
0.07643109659	0.00243892872	-0.00094090598
0.07643615867	0.00227476319	-0.00085898760
0.07644091699	0.00210881700	-0.00077541441
0.07644535996	0.00194109267	-0.00069013898
0.07644947274	0.00177172715	-0.00060321526
0.07645324290	0.00160079672	-0.00051465082
0.07645665841	0.00142838525	-0.00042446202
0.07645970709	0.00125462812	-0.00033270270
0.07646237916	0.00107957101	-0.00023936235
0.07646466356	0.00090339728	-0.00014453592
0.07646655247	0.00072612190	-0.00004818909
0.07646803671	0.00054796176	0.00004954967
0.07646911005	0.00036892797	0.00014871786
0.07646976591	0.00018921409	0.00024919719
0.07646999948	0.00000889784	0.00035096933
0.07646980678	-0.00017190622	0.00045397370
0.07646918513	-0.00035302447	0.00055810926
0.07646813261	-0.00053441126	0.00066337614
0.07646664881	-0.00071590510	0.00076966178
0.07646473465	-0.00089735985	0.00087688195
0.07646239131	-0.00107870965	0.00098501221
0.07645962195	-0.00125980625	0.00109394388
0.07645643057	-0.00144052950	0.00120359958
0.07645282255	-0.00162074780	0.00131389039
0.07644880362	-0.00180036813	0.00142475736
0.07644438106	-0.00197926855	0.00153610607
0.07643956314	-0.00215733330	0.00164784821
0.07643435900	-0.00233445169	0.00175989888
0.07642877865	-0.00251051662	0.00187217126
0.07642283297	-0.00268542368	0.00198457849
0.07641653361	-0.00285907171	0.00209703353
0.07640989367	-0.00303134439	0.00220943706
0.07640292524	-0.00320217353	0.00232172936
0.07639564217	-0.00337146214	0.00243381294
0.07638805905	-0.00353911487	0.00254559537
0.07638019139	-0.00370503224	0.00265698218
0.07637205210	-0.00386918048	0.00276793694
0.07636365967	-0.00403142421	0.00287831526
0.07635502654	-0.00419175639	0.00298810888
0.07634617229	-0.00435004336	0.00309716856
0.07633710984	-0.00450628025	0.00320548750
0.07632785673	-0.00466038492	0.00331295938
0.07631843001	-0.00481229053	0.00341950695
0.07630884490	-0.00496196433	0.00352508633
0.07629911742	-0.00510936210	0.00362963205
0.07628926386	-0.00525443815	0.00373307765
0.07627929995	-0.00539715655	0.00383536784
0.07626924118	-0.00553748591	0.00393645019
0.07625910269	-0.00567539923	0.00403627514
0.07624890023	-0.00581086171	0.00413478661
0.07623864761	-0.00594386326	0.00423195475
0.07622835826	-0.00607439679	0.00432774485
0.07621804708	-0.00620243496	0.00442210212
0.07620772785	-0.00632796300	0.00451499154
0.07619741090	-0.00645100555	0.00460641412
0.07618711218	-0.00657151714	0.00469629389
0.07617683997	-0.00668954051	0.00478465770
0.07616660712	-0.00680506138	0.00487145612
0.07615642597	-0.00691806935	0.00495665915
0.07614630363	-0.00702860891	0.00504029156
0.07613625137	-0.00713667477	0.00512231525
0.07612627831	-0.00724228211	0.00520272290
0.07611639300	-0.00734544866	0.00528150964
0.07610660344	-0.00744619449	0.00535867294
0.07609691705	-0.00754454210	0.00543421230
0.07608734069	-0.00764051614	0.00550812928
0.07607788068	-0.00773414322	0.00558042745
0.07606854282	-0.00782545168	0.00565111243
0.07605933235	-0.00791447174	0.00572019140
0.07605025646	-0.00800121196	0.00578765393
0.07604131638	-0.00808573450	0.00585354690
0.07603251610	-0.00816807173	0.00591787418
0.07602386399	-0.00824821218	0.00598060614
0.07601535574	-0.00832625918	0.00604183464
0.07600700117	-0.00840218267	0.00610150082
0.07599879572	-0.00847608102	0.00615969209
0.07599074934	-0.00854791870	0.00621634938
0.07598285523	-0.00861780780	0.00627157744
0.07597511932	-0.00868574372	0.00632534278
0.07596754381	-0.00875175341	0.00637766329
0.07596012467	-0.00881591516	0.00642860451
0.07595286466	-0.00887824587	0.00647816062
0.07594576381	-0.00893878403	0.00652635674
0.07593882272	-0.00899756097	0.00657321211
0.07593203985	-0.00905462446	0.00661876299
0.07592541377	-0.00911001887	0.00666303878
0.07591894430	-0.00916377633	0.00670605674
0.07591263026	-0.00921593546	0.00674784295
0.07590647033	-0.00926653452	0.00678842374
0.07590046296	-0.00931561173	0.00682782524
0.07589460649	-0.00936320489	0.00686607368
0.07588890053	-0.00940933983	0.00690318501
0.07588334172	-0.00945406525	0.00693919918
0.07587792744	-0.00949742211	0.00697414490
0.07587265610	-0.00953944213	0.00700804175
0.07586752541	-0.00958016121	0.00704091512
0.07586253494	-0.00961959936	0.00707277679
0.07585768240	-0.00965779067	0.00710365564
0.07585296061	-0.00969480614	0.00713361201
0.07584836968	-0.00973065864	0.00716264439
0.07584390002	-0.00976543544	0.00719082370
0.07584087908	-0.00978886918	0.00720907432
0.07583761546	-0.00981412156	0.00722466336
0.07583414574	-0.00984089628	0.00723740805
0.07583050918	-0.00986887926	0.00724715896
0.07582674725	-0.00989774225	0.00725380178
0.07582290325	-0.00992714677	0.00725725862
0.07581902182	-0.00995674801	0.00725748897
0.07581514843	-0.00998619891	0.00725449011
0.07581132887	-0.01001515423	0.00724829720
0.07580760869	-0.01004327460	0.00723898286
0.07580403260	-0.01007023047	0.00722665628
0.07580064393	-0.01009570598	0.00721146198
0.07579748406	-0.01011940269	0.00719357810
0.07579459180	-0.01014104300	0.00717321432
0.07579200295	-0.01016037345	0.00715060938
0.07652624945	0.00888227143	-0.00396019704
0.07652626189	0.00888216418	-0.00388950244
0.07652703131	0.00887553262	-0.00385859365
0.07652797197	0.00886741823	-0.00383400942
0.07652900512	0.00885849732	-0.00381264641
0.07653012738	0.00884879671	-0.00379325612
0.07653132499	0.00883843289	-0.00377522947
0.07653257791	0.00882757720	-0.00375822200
0.07653391165	0.00881600637	-0.00374194537
0.07653530295	0.00880391971	-0.00372627611
0.07653675011	0.00879132993	-0.00371109117
0.07653827280	0.00877806340	-0.00369626535
0.07653985844	0.00876422672	-0.00368175419
0.07654149844	0.00874989235	-0.00366751396
0.07654320872	0.00873491833	-0.00365346905
0.07654498976	0.00871929718	-0.00363958426
0.07654683798	0.00870305664	-0.00362583566
0.07654875488	0.00868618023	-0.00361219404
0.07655074202	0.00866865023	-0.00359863326
0.07655280109	0.00865044767	-0.00358513010
0.07655493303	0.00863156003	-0.00357166486
0.07655714155	0.00861194974	-0.00355821456
0.07655942927	0.00859158833	-0.00354476059
0.07656179374	0.00857049235	-0.00353129434
0.07656424026	0.00854860888	-0.00351779252
0.07656677068	0.00852591505	-0.00350424047
0.07656938680	0.00850238818	-0.00349062348
0.07657209078	0.00847800177	-0.00347692725
0.07657488477	0.00845272870	-0.00346313697
0.07657776854	0.00842656305	-0.00344924271
0.07658073525	0.00839955879	-0.00343524549
0.07658381040	0.00837147447	-0.00342108018
0.07658698311	0.00834239879	-0.00340676424
0.07659023764	0.00831246641	-0.00339231688
0.07659361374	0.00828130029	-0.00337763768
0.07659707688	0.00824920686	-0.00336279579
0.07660065709	0.00821589519	-0.00334770744
0.07660433134	0.00818156589	-0.00333241475
0.07660812878	0.00814593176	-0.00331683464
0.07661201961	0.00810925715	-0.00330102572
0.07661603389	0.00807124226	-0.00328489622
0.07662016231	0.00803195661	-0.00326845888
0.07662440120	0.00799141669	-0.00325170576
0.07662875418	0.00794956805	-0.00323460768
0.07663323072	0.00790629810	-0.00321712268
0.07663782601	0.00786162991	-0.00319924747
0.07664254157	0.00781552439	-0.00318095819
0.07664737880	0.00776794199	-0.00316223059
0.07665233895	0.00771884278	-0.00314303986
0.07665742312	0.00766818626	-0.00312336160
0.07666263226	0.00761593162	-0.00310317085
0.07666795999	0.00756211021	-0.00308246086
0.07667341777	0.00750657091	-0.00306117014
0.07667900366	0.00744929516	-0.00303928362
0.07668470963	0.00739032537	-0.00301679922
0.07669054058	0.00732956930	-0.00299367127
0.07669650026	0.00726694208	-0.00296985896
0.07670257631	0.00720252647	-0.00294537583
0.07670878028	0.00713614935	-0.00292014698
0.07671510505	0.00706783259	-0.00289416906
0.07672154253	0.00699760754	-0.00286743528
0.07672810407	0.00692529035	-0.00283986514
0.07673477941	0.00685092910	-0.00281146581
0.07674156619	0.00677448295	-0.00278220625
0.07674846167	0.00669591159	-0.00275205593
0.07675546270	0.00661517537	-0.00272098464
0.07676256574	0.00653223553	-0.00268896221
0.07676976678	0.00644705422	-0.00265595886
0.07677706140	0.00635959454	-0.00262194540
0.07678444469	0.00626982081	-0.00258689296
0.07679191129	0.00617769862	-0.00255077304
0.07679945224	0.00608323398	-0.00251356990
0.07680706233	0.00598638262	-0.00247524619
0.07681474026	0.00588704328	-0.00243574407
0.07682246670	0.00578534438	-0.00239510118
0.07683024785	0.00568107526	-0.00235320371
0.07683806065	0.00557440897	-0.00231011288
0.07684590953	0.00546514301	-0.00226571262
0.07685377505	0.00535339709	-0.00222004186
0.07686165036	0.00523911289	-0.00217304610
0.07686952704	0.00512224682	-0.00212468330
0.07687739142	0.00500282803	-0.00207494601
0.07688523195	0.00488085118	-0.00202380494
0.07689303627	0.00475631933	-0.00197123370
0.07690079216	0.00462922938	-0.00191720143
0.07690848734	0.00449957504	-0.00186167659
0.07691610756	0.00436737874	-0.00180464294
0.07692363821	0.00423266864	-0.00174608234
0.07693106594	0.00409544783	-0.00168596224
0.07693837622	0.00395573813	-0.00162426249
0.07694555401	0.00381357024	-0.00156096603
0.07695258418	0.00366897646	-0.00149605567
0.07695945138	0.00352199420	-0.00142951734
0.07696613795	0.00337271544	-0.00136136171
0.07697263251	0.00322109376	-0.00129152009
0.07697891754	0.00306722256	-0.00122001730
0.07698497562	0.00291120740	-0.00114687279
0.07699079437	0.00275303140	-0.00107203138
0.07699635746	0.00259278587	-0.00099551560
0.07700164807	0.00243059551	-0.00091735778
0.07700665480	0.00226643264	-0.00083749652
0.07701136011	0.00210047948	-0.00075601326
0.07701575238	0.00193274057	-0.00067286279
0.07701981689	0.00176335090	-0.00058809675
0.07702354123	0.00159238678	-0.00050172258
0.07702691343	0.00141993201	-0.00041375627
0.07702992135	0.00124612047	-0.00032424955
0.07703255520	0.00107099916	-0.00023319298
0.07703480398	0.00089474875	-0.00014067772
0.07703665982	0.00071738665	-0.00004667182
0.07703811357	0.00053912630	0.00004870136
0.07703915896	0.00035998155	0.00014547670
0.07703978938	0.00018014344	0.00024354020
0.07704000000	-0.00000030941	0.00034287334
0.07703978676	-0.00018126245	0.00044341697
0.07703914694	-0.00036254380	0.00054507347
0.07703807856	-0.00054410574	0.00064784161
0.07703658113	-0.00072578798	0.00075161225
0.07703465547	-0.00090744514	0.00085630363
0.07703230269	-0.00108900975	0.00096189080
0.07702952584	-0.00127033429	0.00106826813
0.07702632883	-0.00145129851	0.00117536003
0.07702271693	-0.00163177103	0.00128307985
0.07701869575	-0.00181165800	0.00139136946
0.07701427249	-0.00199083738	0.00150013667
0.07700945527	-0.00216919324	0.00160929520
0.07700425313	-0.00234661459	0.00171876199
0.07699867597	-0.00252299393	0.00182845207
0.07699273455	-0.00269822644	0.00193828044
0.07698644041	-0.00287221051	0.00204816188
0.07697980651	-0.00304482989	0.00215799957
0.07697284487	-0.00321601514	0.00226773441
0.07696556922	-0.00338566890	0.00237727108
0.07695799405	-0.00355369551	0.00248651924
0.07695013473	-0.00371999537	0.00259538672
0.07694200416	-0.00388453291	0.00270383671
0.07693362064	-0.00404717375	0.00281172922
0.07692499662	-0.00420790858	0.00291905453
0.07691615150	-0.00436660488	0.00302566810
0.07690709823	-0.00452325566	0.00313156170
0.07689785423	-0.00467777880	0.00323663180
0.07688843648	-0.00483010719	0.00334080295
0.07687886015	-0.00498020704	0.00344403162
0.07686914122	-0.00512803353	0.00354625362
0.07685929593	-0.00527354047	0.00364740385
0.07684933998	-0.00541669135	0.00374742806
0.07683928880	-0.00555745418	0.00384627474
0.07682915753	-0.00569580137	0.00394389521
0.07681896185	-0.00583169787	0.00404023467
0.07680871559	-0.00596513281	0.00413526351
0.07679843218	-0.00609609835	0.00422894738
0.07678812646	-0.00622456702	0.00432123286
0.07677781221	-0.00635052377	0.00441208567
0.07676749981	-0.00647399200	0.00450150588
0.07675720513	-0.00659492693	0.00458942009
0.07674693652	-0.00671336986	0.00467585336
0.07673670681	-0.00682930657	0.00476075764
0.07672652830	-0.00694272679	0.00484410388
0.07671640819	-0.00705367379	0.00492591528
0.07670635773	-0.00716214242	0.00500615489
0.07669638604	-0.00726814757	0.00508481542
0.07668650168	-0.00737170671	0.00516189195
0.07667671268	-0.00747283968	0.00523738188
0.07666702646	-0.00757156873	0.00531128457
0.07665744992	-0.00766791830	0.00538360143
0.07664798940	-0.00776191480	0.00545433579
0.07663865070	-0.00785358639	0.00552349304
0.07662943910	-0.00794296311	0.00559108007
0.07662036174	-0.00803005397	0.00565708713
0.07661141997	-0.00811492026	0.00572155918
0.07660261777	-0.00819759425	0.00578449997
0.07659396341	-0.00827806556	0.00584588158
0.07658545280	-0.00835643578	0.00590579202
0.07657709559	-0.00843267640	0.00596417536
0.07656888742	-0.00850688426	0.00602111541
0.07656083803	-0.00857902562	0.00607655622
0.07655294086	-0.00864921071	0.00613059823
0.07654520174	-0.00871743599	0.00618320978
0.07653762284	-0.00878372874	0.00623440858
0.07653020027	-0.00884816630	0.00628425765
0.07652293674	-0.00891076612	0.00633275185
0.07651583228	-0.00897156677	0.00637991572
0.07650888750	-0.00903059984	0.00642576822
0.07650210088	-0.00908791293	0.00647034456
0.07649547102	-0.00914355035	0.00651367330
0.07648899774	-0.00919754448	0.00655577149
0.07648267988	-0.00924993400	0.00659666461
0.07647651610	-0.00930075726	0.00663637838
0.07647050488	-0.00935005257	0.00667493833
0.07646464457	-0.00939785781	0.00671237010
0.07645893474	-0.00944419920	0.00674868956
0.07645337208	-0.00948912525	0.00678393544
0.07644795400	-0.00953267693	0.00681813571
0.07644267889	-0.00957488612	0.00685130963
0.07643754447	-0.00961578884	0.00688348200
0.07643255029	-0.00965540556	0.00691466473
0.07642769402	-0.00969377052	0.00694488603
0.07642296865	-0.00973095388	0.00697420396
0.07641837419	-0.00976696912	0.00700261760
0.07641390131	-0.00980190222	0.00703019490
0.07641093434	-0.00982500448	0.00704769595
0.07640773594	-0.00984984710	0.00706257611
0.07640434206	-0.00987613861	0.00707466090
0.07640079116	-0.00990357060	0.00708380866
0.07639712380	-0.00993182131	0.00708991213
0.07639338228	-0.00996055943	0.00709289975
0.07638961009	-0.00998944797	0.00709273650
0.07638585147	-0.01001814826	0.00708942429
0.07638215091	-0.01004632385	0.00708300195
0.07637855253	-0.01007364450	0.00707354478
0.07637509961	-0.01009979004	0.00706116366
0.07637183400	-0.01012445412	0.00704600374
0.07636879554	-0.01014734778	0.00702824276
0.07636602157	-0.01016820284	0.00700808894
0.07636354637	-0.01018677502	0.00698577859
0.07710988129	0.00888428990	-0.00382312075
0.07710999514	0.00888330171	-0.00375456408
0.07711079920	0.00887631947	-0.00372462209
0.07711176271	0.00886794516	-0.00370082111
0.07711281337	0.00885880430	-0.00368014716
0.07711394893	0.00884891408	-0.00366139016
0.07711515685	0.00883838128	-0.00364395869
0.07711641847	0.00882736667	-0.00362751705
0.07711775822	0.00881565469	-0.00361178816
0.07711915422	0.00880343415	-0.00359665018
0.07712060501	0.00879071574	-0.00358198358
0.07712212937	0.00877733224	-0.00356766883
0.07712371551	0.00876338439	-0.00355366161
0.07712535538	0.00874894035	-0.00353991859
0.07712706419	0.00873386339	-0.00352636791
0.07712884248	0.00871814533	-0.00351297543
0.07713068697	0.00870181170	-0.00349971752
0.07713259917	0.00868484575	-0.00348656589
0.07713458065	0.00866722955	-0.00347349525
0.07713663312	0.00864894396	-0.00346048314
0.07713875754	0.00862997598	-0.00344751043
0.07714095753	0.00861028869	-0.00343455507
0.07714323568	0.00858985383	-0.00342159918
0.07714558975	0.00856868615	-0.00340863402
0.07714802485	0.00854673397	-0.00339563742
0.07715054285	0.00852397433	-0.00338259521
0.07715314553	0.00850038443	-0.00336949316
0.07715583503	0.00847593778	-0.00335631752
0.07715861350	0.00845060725	-0.00334305398
0.07716148081	0.00842438600	-0.00332969276
0.07716443056	0.00839732438	-0.00331623387
0.07716748703	0.00836919026	-0.00330261682
0.07717064001	0.00834006719	-0.00328885720
0.07717387464	0.00831008258	-0.00327497169
0.07717722874	0.00827887456	-0.00326086717
0.07718066964	0.00824673478	-0.00324660667
0.07718422591	0.00821338361	-0.00323211218
0.07718787581	0.00817901146	-0.00321742172
0.07719164707	0.00814334221	-0.00320245793
0.07719551150	0.00810662716	-0.00318727399
0.07719949772	0.00806857806	-0.00317178426
0.07720359698	0.00802925986	-0.00315599986
0.07720780585	0.00798868673	-0.00313991246
0.07721212787	0.00794680499	-0.00312349399
0.07721657208	0.00790350529	-0.00310670479
0.07722113400	0.00785880804	-0.00308954093
0.07722581513	0.00781267416	-0.00307197932
0.07723061685	0.00776506412	-0.00305399647
0.07723554040	0.00771593796	-0.00303556834
0.07724058689	0.00766525520	-0.00301667130
0.07724575724	0.00761297502	-0.00299728117
0.07725104543	0.00755912564	-0.00297739041
0.07725646237	0.00750356062	-0.00295694087
0.07726200622	0.00744626043	-0.00293591767
0.07726766939	0.00738726383	-0.00291431760
0.07727345651	0.00732648071	-0.00289209701
0.07727937113	0.00726382800	-0.00286921695
0.07728540149	0.00719938311	-0.00284568873
0.07729155852	0.00713297849	-0.00282144150
0.07729783540	0.00706463325	-0.00279647111
0.07730422440	0.00699437561	-0.00277076979
0.07731073620	0.00692202773	-0.00274426148
0.07731736099	0.00684763389	-0.00271695178
0.07732409640	0.00677115322	-0.00268881049
0.07733093971	0.00669254538	-0.00265980789
0.07733788779	0.00661177070	-0.00262991455
0.07734493711	0.00652879038	-0.00259910111
0.07735208368	0.00644356655	-0.00256733854
0.07735932311	0.00635606228	-0.00253459842
0.07736665052	0.00626624184	-0.00250085257
0.07737406058	0.00617407079	-0.00246607324
0.07738154450	0.00607955345	-0.00243024432
0.07738909708	0.00598264604	-0.00239332962
0.07739671677	0.00588325023	-0.00235527403
0.07740438488	0.00578148788	-0.00231611129
0.07741210694	0.00567715593	-0.00227573385
0.07741986069	0.00557041923	-0.00223419761
0.07742764995	0.00546108265	-0.00219139280
0.07743545581	0.00534926011	-0.00214735463
0.07744327134	0.00523489493	-0.00210203067
0.07745108807	0.00511794463	-0.00205538044
0.07745889252	0.00499843666	-0.00200739582
0.07746667322	0.00487636546	-0.00195804807
0.07747441789	0.00475173363	-0.00190731121
0.07748211437	0.00462453807	-0.00185515508
0.07748975041	0.00449477266	-0.00180154900
0.07749731189	0.00436245907	-0.00174647667
0.07750478431	0.00422762455	-0.00168991990
0.07751215434	0.00409027247	-0.00163184704
0.07751940755	0.00395042433	-0.00157223823
0.07752652898	0.00380811031	-0.00151107653
0.07753350358	0.00366336229	-0.00144834489
0.07754031607	0.00351621726	-0.00138402930
0.07754694897	0.00336676472	-0.00131813872
0.07755339079	0.00321496147	-0.00125060798
0.07755962415	0.00306089880	-0.00118146001
0.07756563179	0.00290467983	-0.00111071227
0.07757140124	0.00274629024	-0.00103831243
0.07757691626	0.00258581985	-0.00096428148
0.07758216017	0.00242339076	-0.00088864932
0.07758712145	0.00225897878	-0.00081135811
0.07759178274	0.00209276168	-0.00073248440
0.07759613232	0.00192474658	-0.00065198566
0.07760015556	0.00175506621	-0.00056991067
0.07760384003	0.00158379707	-0.00048626666
0.07760717373	0.00141102298	-0.00040106911
0.07761014455	0.00123687615	-0.00031436718
0.07761274263	0.00106140532	-0.00022615269
0.07761495700	0.00088478805	-0.00013651217
0.07761677968	0.00070704487	-0.00004541644
0.07761820153	0.00052838521	0.00004701730
0.07761921618	0.00034882642	0.00014082082
0.07761981698	0.00016855659	0.00023588536
0.07761999902	-0.00001234430	0.00033219219
0.07761975816	-0.00019376161	0.00042968392
0.07761909160	-0.00037552535	0.00052826713
0.07761799726	-0.00055758510	0.00062793895
0.07761647456	-0.00073978183	0.00072859443
0.07761452422	-0.00092197093	0.00083015481
0.07761214725	-0.00110408277	0.00093259456
0.07760934660	-0.00128597050	0.00103581177
0.07760612607	-0.00146751357	0.00113973301
0.07760249082	-0.00164858071	0.00124427443
0.07759844636	-0.00182907679	0.00134937891
0.07759399979	-0.00200887956	0.00145495699
0.07758915912	-0.00218787264	0.00156092483
0.07758393330	-0.00236594447	0.00166720161
0.07757833214	-0.00254298691	0.00177370464
0.07757236630	-0.00271889447	0.00188035117
0.07756604723	-0.00289356484	0.00198705821
0.07755938781	-0.00306688162	0.00209373195
0.07755239999	-0.00323877374	0.00220031405
0.07754509748	-0.00340914321	0.00230671184
0.07753749464	-0.00357789385	0.00241283750
0.07752960680	-0.00374492575	0.00251860166
0.07752144689	-0.00391020099	0.00262396702
0.07751303306	-0.00407358634	0.00272879896
0.07750437785	-0.00423506950	0.00283308597
0.07749550052	-0.00439451930	0.00293668916
0.07748641410	-0.00455192603	0.00303959864
0.07747713597	-0.00470720744	0.00314171418
0.07746768308	-0.00486029605	0.00324296253
0.07745807065	-0.00501115669	0.00334330062
0.07744831467	-0.00515974370	0.00344266574
0.07743843139	-0.00530601022	0.00354099447
0.07742843653	-0.00544991896	0.00363823376
0.07741834557	-0.00559143713	0.00373433324
0.07740817368	-0.00573053637	0.00382924527
0.07739793656	-0.00586718128	0.00392291663
0.07738764810	-0.00600135998	0.00401531793
0.07737732181	-0.00613306366	0.00410641526
0.07736697255	-0.00626226470	0.00419615686
0.07735661412	-0.00638894767	0.00428450932
0.07734625705	-0.00651313443	0.00437147155
0.07733591714	-0.00663478106	0.00445697326
0.07732560294	-0.00675392705	0.00454103731
0.07731532726	-0.00687055829	0.00462361734
0.07730510242	-0.00698466465	0.00470468540
0.07729493578	-0.00709628793	0.00478426278
0.07728483860	-0.00720542316	0.00486231392
0.07727482005	-0.00731208492	0.00493883153
0.07726488877	-0.00741629036	0.00501381063
0.07725505283	-0.00751805907	0.00508724851
0.07724531972	-0.00761741304	0.00515914435
0.07723569638	-0.00771437648	0.00522949933
0.07722618921	-0.00780897559	0.00529831654
0.07721680408	-0.00790123835	0.00536560101
0.07720754632	-0.00799119463	0.00543135928
0.07719842303	-0.00807885402	0.00549558242
0.07718943570	-0.00816427683	0.00555831304
0.07718058838	-0.00824749525	0.00561955474
0.07717188920	-0.00832850028	0.00567928164
0.07716333436	-0.00840739140	0.00573757707
0.07715493330	-0.00848414213	0.00579438863
0.07714668192	-0.00855884743	0.00584979579
0.07713858973	-0.00863147583	0.00590374631
0.07713065046	-0.00870213536	0.00595633545
0.07712286982	-0.00877082383	0.00600753371
0.07711524995	-0.00883756898	0.00605735857
0.07710778714	-0.00890244702	0.00610587001
0.07710048402	-0.00896547620	0.00615306369
0.07709334066	-0.00902669521	0.00619896341
0.07708635763	-0.00908613601	0.00624358780
0.07707953346	-0.00914384610	0.00628697077
0.07707286680	-0.00919986975	0.00632913989
0.07706635743	-0.00925423969	0.00637011190
0.07706000421	-0.00930699476	0.00640991154
0.07705380580	-0.00935817349	0.00644856381
0.07704776070	-0.00940781434	0.00648609349
0.07704186724	-0.00945595537	0.00652252547
0.07703612497	-0.00950262333	0.00655787553
0.07703053060	-0.00954786657	0.00659218094
0.07702508157	-0.00959172606	0.00662546873
0.07701977626	-0.00963423402	0.00665775775
0.07701461238	-0.00967542663	0.00668907210
0.07700958940	-0.00971532502	0.00671942382
0.07700470501	-0.00975396362	0.00674884032
0.07699995232	-0.00979141164	0.00677737689
0.07699533129	-0.00982768335	0.00680503328
0.07699083276	-0.00986286320	0.00683187385
0.07698792394	-0.00988554332	0.00684844213
0.07698479687	-0.00990986634	0.00686244105
0.07698148679	-0.00993554689	0.00687370649
0.07697803130	-0.00996228374	0.00688210635
0.07697446998	-0.00998976330	0.00688754218
0.07697084397	-0.01001766331	0.00688995023
0.07696719550	-0.01004565663	0.00688930227
0.07696356741	-0.01007341507	0.00688560590
0.07696000268	-0.01010061325	0.00687890446
0.07695654385	-0.01012693237	0.00686927652
0.07695323253	-0.01015206402	0.00685683494
0.07695010884	-0.01017571371	0.00684172561
0.07694721090	-0.01019760437	0.00682412566
0.07694457428	-0.01021747956	0.00680424143
0.07694223155	-0.01023510648	0.00678230606
0.07769154661	0.00890300992	-0.00364398207
0.07769179499	0.00890084216	-0.00357820331
0.07769264976	0.00889337801	-0.00354952261
0.07769364946	0.00888464030	-0.00352674540
0.07769472977	0.00887518823	-0.00350697356
0.07769588996	0.00886502588	-0.00348904675
0.07769711902	0.00885424732	-0.00347239643
0.07769839996	0.00884299974	-0.00345669831
0.07769975598	0.00883107701	-0.00344168978
0.07770116686	0.00881865461	-0.00342725123
0.07770263144	0.00880574059	-0.00341326769
0.07770416750	0.00879217563	-0.00339962691
0.07770576416	0.00877805308	-0.00338628483
0.07770741404	0.00876343562	-0.00337319866
0.07770913151	0.00874819298	-0.00336030135
0.07771091722	0.00873231609	-0.00334756015
0.07771276825	0.00871582762	-0.00333495186
0.07771468611	0.00869871045	-0.00332244939
0.07771667241	0.00868094631	-0.00331002855
0.07771872889	0.00866251579	-0.00329766788
0.07772085656	0.00864340528	-0.00328534898
0.07772305895	0.00862357859	-0.00327305105
0.07772533859	0.00860300767	-0.00326075713
0.07772769352	0.00858170499	-0.00324845836
0.07773012864	0.00855962037	-0.00323613397
0.07773264584	0.00853673068	-0.00322377048
0.07773524691	0.00851301290	-0.00321135431
0.07773793397	0.00848844051	-0.00319887236
0.07774070917	0.00846298635	-0.00318631106
0.07774357251	0.00843664233	-0.00317366077
0.07774651812	0.00840945422	-0.00316092032
0.07774956888	0.00838120152	-0.00314803502
0.07775271534	0.00835196126	-0.00313501821
0.07775594372	0.00832185172	-0.00312188335
0.07775928956	0.00829052997	-0.00310854657
0.07776272238	0.00825826907	-0.00309506321
0.07776626908	0.00822480351	-0.00308136252
0.07776990940	0.00819031084	-0.00306747742
0.07777366946	0.00815452874	-0.00305333778
0.07777752294	0.00811769213	-0.00303898994
0.07778149678	0.00807952713	-0.00302435599
0.07778558289	0.00804009289	-0.00300944508
0.07778977818	0.00799940066	-0.00299424839
0.07779408605	0.00795739757	-0.00297873929
0.07779851507	0.00791397830	-0.00296288101
0.07780306114	0.00786915986	-0.00294666886
0.07780772575	0.00782290310	-0.00293008074
0.07781251028	0.00777516841	-0.00291309411
0.07781741595	0.00772591575	-0.00289568596
0.07782244387	0.00767510456	-0.00287783364
0.07782759496	0.00762269394	-0.00285951396
0.07783286361	0.00756870808	-0.00284071841
0.07783826010	0.00751300637	-0.00282139304
0.07784378271	0.00745556795	-0.00280152323
0.07784942433	0.00739642692	-0.00278110440
0.07785518931	0.00733549576	-0.00276009542
0.07786108096	0.00727269359	-0.00273845968
0.07786708819	0.00720809102	-0.00271620571
0.07787322124	0.00714152737	-0.00269326776
0.07787947363	0.00707301826	-0.00266964066
0.07788583802	0.00700258786	-0.00264531545
0.07789232432	0.00693006580	-0.00262022159
0.07789892320	0.00685549152	-0.00259436276
0.07790563230	0.00677882403	-0.00256770977
0.07791244890	0.00670002287	-0.00254023393
0.07791936986	0.00661904827	-0.00251190680
0.07792639166	0.00653586132	-0.00248269997
0.07793351032	0.00645042401	-0.00245258538
0.07794072143	0.00636269932	-0.00242153550
0.07794802014	0.00627265141	-0.00238952308
0.07795540111	0.00618024572	-0.00235652120
0.07796285577	0.00608548440	-0.00232251335
0.07797037882	0.00598832421	-0.00228746468
0.07797796843	0.00588867045	-0.00225132350
0.07798560659	0.00578663669	-0.00221411866
0.07799329806	0.00568202936	-0.00217575037
0.07800102142	0.00557500294	-0.00213626786
0.07800877972	0.00546537156	-0.00209556915
0.07801655467	0.00535324183	-0.00205368482
0.07802433914	0.00523855908	-0.00201056495
0.07803212459	0.00512128222	-0.00196617097
0.07803989770	0.00500143651	-0.00192049384
0.07804764700	0.00487901611	-0.00187350551
0.07805536025	0.00475402308	-0.00182518043
0.07806302531	0.00462645424	-0.00177548925
0.07807062990	0.00449630378	-0.00172440231
0.07807815995	0.00436359235	-0.00167190318
0.07808560104	0.00422834611	-0.00161797354
0.07809293980	0.00409056881	-0.00156258282
0.07810016181	0.00395028157	-0.00150571144
0.07810725214	0.00380751397	-0.00144734254
0.07811419575	0.00366229743	-0.00138745919
0.07812097737	0.00351466842	-0.00132604739
0.07812757966	0.00336471346	-0.00126311391
0.07813399087	0.00321239342	-0.00119859786
0.07814019374	0.00305779706	-0.00113251977
0.07814617110	0.00290102450	-0.00106489456
0.07815191028	0.00274206475	-0.00099567336
0.07815739510	0.00258100590	-0.00092487520
0.07816260894	0.00241796685	-0.00085252682
0.07816754004	0.00225292796	-0.00077857481
0.07817217118	0.00208606155	-0.00070308955
0.07817649046	0.00191737811	-0.00062603171
0.07818048327	0.00174700771	-0.00054744652
0.07818413707	0.00157502722	-0.00046734082
0.07818743978	0.00140152070	-0.00038572942
0.07819037925	0.00122661840	-0.00030265820
0.07819294546	0.00105037148	-0.00021812044
0.07819512742	0.00087295374	-0.00013219689
0.07819691696	0.00069438989	-0.00004486171
0.07819830493	0.00051488444	0.00004377560
0.07819928476	0.00033445942	0.00013374303
0.07819984974	0.00015329941	0.00022493838
0.07819999480	-0.00002851368	0.00031734279
0.07819971570	-0.00021086485	0.00041090105
0.07819900952	-0.00039358629	0.00050552505
0.07819787404	-0.00057662393	0.00060120996
0.07819630857	-0.00075982013	0.00069785607
0.07819431368	-0.00094303096	0.00079538843
0.07819189031	-0.00112618384	0.00089378086
0.07818904125	-0.00130913255	0.00099293611
0.07818577022	-0.00149175593	0.00109278350
0.07818208224	-0.00167392260	0.00119324270
0.07817798275	-0.00185553561	0.00129425791
0.07817347876	-0.00203647215	0.00139574311
0.07816857820	-0.00221661509	0.00149761753
0.07816328993	-0.00239585196	0.00159980320
0.07815762372	-0.00257407356	0.00170222029
0.07815159016	-0.00275117333	0.00180478888
0.07814520069	-0.00292704786	0.00190742880
0.07813846811	-0.00310158041	0.00201005002
0.07813140441	-0.00327469761	0.00211259521
0.07812402328	-0.00344630051	0.00221497498
0.07811633908	-0.00361629206	0.00231710466
0.07810836713	-0.00378457183	0.00241889842
0.07810012048	-0.00395109875	0.00252031839
0.07809161720	-0.00411574085	0.00262123661
0.07808287003	-0.00427848195	0.00272163937
0.07807389814	-0.00443919242	0.00282139485
0.07806471478	-0.00459785895	0.00292049109
0.07805533735	-0.00475439908	0.00301883198
0.07804578288	-0.00490874468	0.00311634702
0.07803606672	-0.00506085877	0.00321299370
0.07802620498	-0.00521069448	0.00330871117
0.07801621401	-0.00535820407	0.00340343811
0.07800610968	-0.00550334916	0.00349712296
0.07799590759	-0.00564609588	0.00358971677
0.07798562306	-0.00578641482	0.00368117318
0.07797527187	-0.00592427008	0.00377144091
0.07796486812	-0.00605964849	0.00386049088
0.07795442546	-0.00619253995	0.00394828971
0.07794395888	-0.00632291664	0.00403478768
0.07793348229	-0.00645076258	0.00411995246
0.07792300648	-0.00657609772	0.00420378150
0.07791254724	-0.00669887919	0.00428620836
0.07790211340	-0.00681914420	0.00436725316
0.07789171787	-0.00693687877	0.00444687161
0.07788137304	-0.00705207298	0.00452503711
0.07787108653	-0.00716476678	0.00460176857
0.07786086965	-0.00727495544	0.00467703213
0.07785073174	-0.00738265316	0.00475082047
0.07784068153	-0.00748787677	0.00482312852
0.07783072722	-0.00759064554	0.00489395340
0.07782087643	-0.00769098118	0.00496329407
0.07781113621	-0.00778890766	0.00503115139
0.07780151305	-0.00788445096	0.00509752808
0.07779201294	-0.00797763889	0.00516242876
0.07778264131	-0.00806850115	0.00522585948
0.07777340526	-0.00815704817	0.00528781228
0.07776430648	-0.00824333901	0.00534832687
0.07775534909	-0.00832740585	0.00540740658
0.07774654112	-0.00840924155	0.00546502809
0.07773787911	-0.00848894292	0.00552126886
0.07772937228	-0.00856648617	0.00557608085
0.07772101685	-0.00864196391	0.00562953808
0.07771282208	-0.00871534767	0.00568159294
0.07770478204	-0.00878674271	0.00573233420
0.07769690233	-0.00885614865	0.00578173500
0.07768918504	-0.00892359391	0.00582981254
0.07768162667	-0.00898915334	0.00587662298
0.07767422980	-0.00905284624	0.00592216292
0.07766699449	-0.00911471155	0.00596645524
0.07765992132	-0.00917478181	0.00600951814
0.07765300885	-0.00923310442	0.00605138386
0.07764625576	-0.00928972370	0.00609207872
0.07763966183	-0.00934467290	0.00613161906
0.07763322589	-0.00939799113	0.00617002868
0.07762694664	-0.00944971723	0.00620733162
0.07762082254	-0.00949988992	0.00624355172
0.07761485193	-0.00954854756	0.00627871295
0.07760903429	-0.00959571765	0.00631283091
0.07760336638	-0.00964144840	0.00634594102
0.07759784564	-0.00968578088	0.00637806916
0.07759247043	-0.00972874778	0.00640923363
0.07758723842	-0.00977038555	0.00643945763
0.07758214902	-0.00981071624	0.00646875333
0.07757719987	-0.00984977460	0.00649714716
0.07757238426	-0.00988762867	0.00652469089
0.07756770199	-0.00992429379	0.00655138513
0.07756314420	-0.00995985252	0.00657728973
0.07756030191	-0.00998196209	0.00659266287
0.07755725739	-0.01000558972	0.00660553575
0.07755404508	-0.01003045822	0.00661575746
0.07755070157	-0.01005627592	0.00662320814
0.07754726529	-0.01008274000	0.00662780046
0.07754377601	-0.01010954013	0.00662948057
0.07754027446	-0.01013636208	0.00662822877
0.07753680183	-0.01016289140	0.00662405973
0.07753339929	-0.01018881712	0.00661702234
0.07753010749	-0.01021383537	0.00660719911
0.07752696603	-0.01023765298	0.00659470519
0.07752401297	-0.01025999085	0.00657968708
0.07752128434	-0.01028058729	0.00656232084
0.07751881358	-0.01029920101	0.00654281008
0.07751663117	-0.01031561398	0.00652138354
0.07826034276	0.00894604112	-0.00339906175
0.07826077414	0.00894226656	-0.00333707241
0.07826170312	0.00893413256	-0.00331011916
0.07826275845	0.00892488320	-0.00328874661
0.07826388611	0.00891498913	-0.00327021464
0.07826508745	0.00890443636	-0.00325343019
0.07826635344	0.00889330191	-0.00323785600
0.07826766917	0.00888171510	-0.00322318349
0.07826905643	0.00886948171	-0.00320916932
0.07827049703	0.00885675987	-0.00319569727
0.07827199022	0.00884355402	-0.00318265860
0.07827355258	0.00882971498	-0.00316995065
0.07827517435	0.00881532643	-0.00315752994
0.07827684899	0.00880044388	-0.00314535461
0.07827858989	0.00878494535	-0.00313336387
0.07828039784	0.00876882054	-0.00312152692
0.07828227034	0.00875208837	-0.00310982122
0.07828420895	0.00873473116	-0.00309822134
0.07828621536	0.00871673016	-0.00308670460
0.07828829131	0.00869806556	-0.00307525088
0.07829043792	0.00867872289	-0.00306384285
0.07829265859	0.00865866682	-0.00305246133
0.07829495584	0.00863786957	-0.00304109066
0.07829732802	0.00861634055	-0.00302972185
0.07829977984	0.00859403149	-0.00301833606
0.07830231317	0.00857091898	-0.00300692070
0.07830492985	0.00854697965	-0.00299546309
0.07830763201	0.00852218689	-0.00298395109
0.07831042178	0.00849651343	-0.00297237206
0.07831329935	0.00846994950	-0.00296071668
0.07831625952	0.00844253490	-0.00294898229
0.07831932345	0.00841406408	-0.00293712167
0.07832248266	0.00838460557	-0.00292514537
0.07832572465	0.00835426581	-0.00291306281
0.07832908226	0.00832272624	-0.00290080197
0.07833252766	0.00829023586	-0.00288840847
0.07833608573	0.00825654729	-0.00287582090
0.07833973802	0.00822182141	-0.00286306571
0.07834350869	0.00818581367	-0.00285008204
0.07834737375	0.00814873772	-0.00283690765
0.07835135809	0.00811033817	-0.00282347449
0.07835545444	0.00807066663	-0.00280978930
0.07835966009	0.00802973041	-0.00279584271
0.07836397833	0.00798747768	-0.00278160996
0.07836841718	0.00794380821	-0.00276705807
0.07837297297	0.00789873453	-0.00275218144
0.07837764722	0.00785221730	-0.00273695927
0.07838244128	0.00780421671	-0.00272137036
0.07838735640	0.00775469255	-0.00270539304
0.07839239367	0.00770360404	-0.00268900597
0.07839755401	0.00765091009	-0.00267218731
0.07840283234	0.00759662957	-0.00265492737
0.07840823815	0.00754062933	-0.00263717761
0.07841376988	0.00748288667	-0.00261892380
0.07841942102	0.00742342957	-0.00260015966
0.07842519555	0.00736217378	-0.00258084735
0.07843109650	0.00729904114	-0.00256095326
0.07843711362	0.00723409334	-0.00254048246
0.07844325625	0.00716717855	-0.00251937572
0.07844951834	0.00709830773	-0.00249762662
0.07845589301	0.00702749970	-0.00247522471
0.07846238925	0.00695459372	-0.00245210653
0.07846899827	0.00687962281	-0.00242827332
0.07847571772	0.00680254574	-0.00240369724
0.07848254483	0.00672332183	-0.00237835089
0.07848947648	0.00664191106	-0.00235220710
0.07849650908	0.00655827430	-0.00232523871
0.07850363867	0.00647237329	-0.00229741888
0.07851086080	0.00638417079	-0.00226872124
0.07851817059	0.00629363073	-0.00223911966
0.07852556267	0.00620071834	-0.00220858833
0.07853302865	0.00610543286	-0.00217711018
0.07854056315	0.00600773169	-0.00214465207
0.07854816389	0.00590752477	-0.00211116658
0.07855581368	0.00580491486	-0.00207667637
0.07856351624	0.00569972064	-0.00204109143
0.07857125115	0.00559208310	-0.00200445253
0.07857902047	0.00548182834	-0.00196666750
0.07858680656	0.00536905342	-0.00192776101
0.07859460205	0.00525370624	-0.00188768628
0.07860239817	0.00513574753	-0.00184640707
0.07861018174	0.00501519965	-0.00180391317
0.07861794124	0.00489205640	-0.00176017730
0.07862566440	0.00476631913	-0.00171517439
0.07863333898	0.00463798456	-0.00166887608
0.07864095259	0.00450704727	-0.00162125388
0.07864849118	0.00437352667	-0.00157229115
0.07865594026	0.00423744748	-0.00152196931
0.07866328638	0.00409881398	-0.00147025907
0.07867051501	0.00395764687	-0.00141714111
0.07867761114	0.00381397501	-0.00136259858
0.07868455966	0.00366782926	-0.00130661464
0.07869134521	0.00351924554	-0.00124917516
0.07869795049	0.00336830650	-0.00119028406
0.07870436337	0.00321497850	-0.00112988574
0.07871056661	0.00305934705	-0.00106799757
0.07871654304	0.00290150852	-0.00100463119
0.07872227967	0.00274145639	-0.00093974192
0.07872776024	0.00257927661	-0.00087334625
0.07873296812	0.00241508408	-0.00080546680
0.07873789116	0.00224886527	-0.00073605558
0.07874251223	0.00208078552	-0.00066517505
0.07874681907	0.00191085997	-0.00059278985
0.07875079701	0.00173921535	-0.00051894049
0.07875443331	0.00156592924	-0.00044363326
0.07875771568	0.00139108622	-0.00036688193
0.07876063183	0.00121481420	-0.00028872809
0.07876317149	0.00103716774	-0.00020916675
0.07876532355	0.00085831593	-0.00012827115
0.07876707957	0.00067828922	-0.00004601958
0.07876843027	0.00049728591	0.00003748841
0.07876936882	0.00031533443	0.00012227617
0.07876988837	0.00013261502	0.00020824995
0.07876998363	-0.00005078767	0.00029539084
0.07876965018	-0.00023475782	0.00038364663
0.07876888491	-0.00041913030	0.00047293603
0.07876768544	-0.00060384590	0.00056325194
0.07876605091	-0.00078874858	0.00065450137
0.07876398173	-0.00097369505	0.00074661440
0.07876147869	-0.00115860855	0.00083956419
0.07875854448	-0.00134334344	0.00093325952
0.07875518266	-0.00152777749	0.00102763336
0.07875139817	-0.00171177890	0.00112260999
0.07874719636	-0.00189524809	0.00121813544
0.07874258417	-0.00207806127	0.00131412820
0.07873756948	-0.00226010006	0.00141051153
0.07873216113	-0.00244125052	0.00150721120
0.07872636885	-0.00262140187	0.00160415116
0.07872020327	-0.00280044591	0.00170125522
0.07871367583	-0.00297827751	0.00179844690
0.07870679937	-0.00315477934	0.00189564110
0.07869958599	-0.00332987474	0.00199278188
0.07869204944	-0.00350346330	0.00208978414
0.07868420421	-0.00367544668	0.00218656735
0.07867606568	-0.00384572356	0.00228305022
0.07866764715	-0.00401424851	0.00237919432
0.07865896674	-0.00418089115	0.00247488017
0.07865003751	-0.00434562995	0.00257009144
0.07864087865	-0.00450833725	0.00266470529
0.07863150378	-0.00466899482	0.00275870729
0.07862193048	-0.00482751978	0.00285200658
0.07861217595	-0.00498384310	0.00294453622
0.07860225585	-0.00513792525	0.00303625453
0.07859218655	-0.00528971771	0.00312710304
0.07858198466	-0.00543917149	0.00321702313
0.07857166632	-0.00558624669	0.00330596523
0.07856124740	-0.00573090798	0.00339388217
0.07855074352	-0.00587312452	0.00348072931
0.07854017073	-0.00601285970	0.00356645782
0.07852954341	-0.00615009856	0.00365103908
0.07851887557	-0.00628482933	0.00373444036
0.07850818240	-0.00641702389	0.00381661456
0.07849747811	-0.00654666557	0.00389753070
0.07848677386	-0.00667377172	0.00397718444
0.07847608556	-0.00679830091	0.00405551417
0.07846542247	-0.00692028733	0.00413253656
0.07845479770	-0.00703971722	0.00420820991
0.07844422381	-0.00715658095	0.00428250933
0.07843370883	-0.00727091601	0.00435545071
0.07842326424	-0.00738271810	0.00442700227
0.07841289959	-0.00749200094	0.00449715667
0.07840262386	-0.00759878096	0.00456590869
0.07839244545	-0.00770307705	0.00463325517
0.07838237219	-0.00780491065	0.00469919475
0.07837241132	-0.00790430543	0.00476372788
0.07836256953	-0.00800128718	0.00482685676
0.07835285298	-0.00809588351	0.00488858541
0.07834326726	-0.00818812400	0.00494891923
0.07833381952	-0.00827802026	0.00500785143
0.07832451174	-0.00836562975	0.00506541800
0.07831534816	-0.00845098469	0.00512162187
0.07830633671	-0.00853408056	0.00517644285
0.07829747436	-0.00861501064	0.00522995101
0.07828877012	-0.00869375483	0.00528210367
0.07828022060	-0.00877040264	0.00533296795
0.07827183476	-0.00884492978	0.00538250201
0.07826360714	-0.00891743780	0.00543078634
0.07825554316	-0.00898792886	0.00547779736
0.07824764490	-0.00905643237	0.00552355184
0.07823990913	-0.00912302142	0.00556810105
0.07823233832	-0.00918771682	0.00561144270
0.07822493258	-0.00925055794	0.00565359846
0.07821769245	-0.00931157816	0.00569458587
0.07821061656	-0.00937082481	0.00573443504
0.07820370362	-0.00942834236	0.00577317062
0.07819695338	-0.00948416484	0.00581080838
0.07819036466	-0.00953833183	0.00584737085
0.07818393614	-0.00959088260	0.00588288081
0.07817766629	-0.00964185634	0.00591736083
0.07817155340	-0.00969129188	0.00595083363
0.07816559688	-0.00973921782	0.00598331455
0.07815979353	-0.00978568218	0.00601483663
0.07815414078	-0.00983072630	0.00604542417
0.07814863690	-0.00987438354	0.00607509474
0.07814327958	-0.00991669080	0.00610387035
0.07813806806	-0.00995767142	0.00613176326
0.07813299994	-0.00999736066	0.00615879859
0.07812806868	-0.01003582502	0.00618502365
0.07812327394	-0.01007308136	0.00621044001
0.07811860712	-0.01010920976	0.00623510181
0.07811585033	-0.01013049001	0.00624889907
0.07811291168	-0.01015312407	0.00626029543
0.07810982458	-0.01017684644	0.00626915727
0.07810662436	-0.01020137888	0.00627538069
0.07810334791	-0.01022643369	0.00627889274
0.07810003327	-0.01025171707	0.00627965223
0.07809671924	-0.01027693259	0.00627765026
0.07809344488	-0.01030178465	0.00627291031
0.07809024905	-0.01032598193	0.00626548794
0.07808716997	-0.01034924083	0.00625547018
0.07808424469	-0.01037128881	0.00624297447
0.07808150863	-0.01039186750	0.00622814731
0.07807899513	-0.01041073581	0.00621116255
0.07807673496	-0.01042767271	0.00619221931
0.07807475595	-0.01044247979	0.00617153968
0.07883448281	0.00903032776	-0.00301782441
0.07883518671	0.00902418065	-0.00296174980
0.07883623218	0.00901504270	-0.00293750389
0.07883737770	0.00900501955	-0.00291833658
0.07883858395	0.00899445275	-0.00290175464
0.07883985536	0.00898330159	-0.00288676900
0.07884118572	0.00897161823	-0.00287289123
0.07884256307	0.00895950604	-0.00285983789
0.07884400731	0.00894678775	-0.00284739438
0.07884550308	0.00893359641	-0.00283545076
0.07884705021	0.00891993120	-0.00282390804
0.07884866370	0.00890565739	-0.00281267764
0.07885033533	0.00889084468	-0.00280171759
0.07885205971	0.00887553825	-0.00279098789
0.07885384894	0.00885962791	-0.00278043686
0.07885570401	0.00884310153	-0.00277003677
0.07885762301	0.00882597261	-0.00275976636
0.07885960763	0.00880822259	-0.00274960281
0.07886165960	0.00878983194	-0.00273952579
0.07886378075	0.00877078025	-0.00272951731
0.07886597235	0.00875105170	-0.00271956171
0.07886823765	0.00873061221	-0.00270964231
0.07887057915	0.00870943424	-0.00269974539
0.07887299568	0.00868752280	-0.00268986206
0.07887549164	0.00866483226	-0.00267997625
0.07887806897	0.00864133875	-0.00267007683
0.07888072955	0.00861701833	-0.00266015256
0.07888347554	0.00859184418	-0.00265019275
0.07888630909	0.00856578880	-0.00264018627
0.07888923065	0.00853883996	-0.00263012438
0.07889223593	0.00851102873	-0.00262000259
0.07889534381	0.00848217103	-0.00260978410
0.07889854710	0.00845232311	-0.00259947582
0.07890183513	0.00842157423	-0.00258908181
0.07890523700	0.00838964084	-0.00257854646
0.07890872856	0.00835673722	-0.00256790231
0.07891233193	0.00832264200	-0.00255710086
0.07891603118	0.00828749198	-0.00254615997
0.07891984779	0.00825106808	-0.00253503164
0.07892376096	0.00821355323	-0.00252374206
0.07892779280	0.00817471859	-0.00251223692
0.07893193717	0.00813460478	-0.00250051981
0.07893619194	0.00809321336	-0.00248858086
0.07894056022	0.00805049387	-0.00247639806
0.07894504929	0.00800635331	-0.00246394379
0.07894965612	0.00796079763	-0.00245121144
0.07895438223	0.00791378714	-0.00243818221
0.07895922900	0.00786528164	-0.00242483692
0.07896419768	0.00781524050	-0.00241115594
0.07896928938	0.00776362257	-0.00239711994
0.07897450502	0.00771038632	-0.00238270910
0.07897984023	0.00765554287	-0.00236791234
0.07898530345	0.00759896964	-0.00235268869
0.07899089333	0.00754064124	-0.00233702467
0.07899660418	0.00748057667	-0.00232091186
0.07900243949	0.00741869624	-0.00230431710
0.07900840189	0.00735492564	-0.00228721105
0.07901448227	0.00728931354	-0.00226959422
0.07902068874	0.00722172075	-0.00225141645
0.07902701583	0.00715215139	-0.00223266979
0.07903345729	0.00708061646	-0.00221334189
0.07904002079	0.00700696894	-0.00219337907
0.07904669832	0.00693123252	-0.00217277938
0.07905348747	0.00685336550	-0.00215151695
0.07906038543	0.00677332673	-0.00212956625
0.07906738901	0.00669107575	-0.00210690194
0.07907449459	0.00660657295	-0.00208349864
0.07908169809	0.00651977965	-0.00205933124
0.07908899503	0.00643065817	-0.00203437502
0.07909638044	0.00633917202	-0.00200860544
0.07910384885	0.00624528601	-0.00198199823
0.07911139210	0.00614899507	-0.00195453560
0.07911900457	0.00605025746	-0.00192618671
0.07912668337	0.00594898977	-0.00189691005
0.07913441232	0.00584527897	-0.00186671976
0.07914219368	0.00573896149	-0.00183553918
0.07915000830	0.00563015865	-0.00180339751
0.07915785682	0.00551871389	-0.00177021591
0.07916572242	0.00540471034	-0.00173601095
0.07917359725	0.00528809964	-0.00170074005
0.07918147220	0.00516884509	-0.00166437013
0.07918933417	0.00504696486	-0.00162688924
0.07919717144	0.00492245221	-0.00158827109
0.07920497160	0.00479530743	-0.00154849118
0.07921272219	0.00466552716	-0.00150752233
0.07922041053	0.00453310656	-0.00146533761
0.07922802244	0.00439806322	-0.00142191989
0.07923554330	0.00426041990	-0.00137725013
0.07924295933	0.00412018167	-0.00133130060
0.07925025576	0.00397736872	-0.00128405223
0.07925741737	0.00383200892	-0.00123548797
0.07926442877	0.00368413246	-0.00118559092
0.07927127435	0.00353377454	-0.00113434660
0.07927793675	0.00338101230	-0.00108175481
0.07928440315	0.00322582031	-0.00102776695
0.07929065620	0.00306827944	-0.00097239590
0.07929667862	0.00290848075	-0.00091564853
0.07930245679	0.00274642448	-0.00085748564
0.07930797423	0.00258219363	-0.00079791997
0.07931321415	0.00241589745	-0.00073696826
0.07931816376	0.00224753162	-0.00067458960
0.07932280584	0.00207725144	-0.00061083541
0.07932712760	0.00190507916	-0.00054567532
0.07933111411	0.00173113685	-0.00047914319
0.07933475222	0.00155550340	-0.00041124411
0.07933802926	0.00137826445	-0.00034199015
0.07934093264	0.00119954474	-0.00027141666
0.07934345162	0.00101940413	-0.00019952061
0.07934557485	0.00083800508	-0.00012636464
0.07934729339	0.00065538681	-0.00005193223
0.07934859774	0.00047173876	0.00002369099
0.07934948062	0.00028709915	0.00010052253
0.07934993490	0.00010164207	0.00017848056
0.07934995496	-0.00008454337	0.00025754659
0.07934953607	-0.00027133993	0.00033767288
0.07934867484	-0.00045858607	0.00041878796
0.07934736862	-0.00064621464	0.00050088204
0.07934561629	-0.00083407168	0.00058387184
0.07934341804	-0.00102201457	0.00066769472
0.07934077449	-0.00120995999	0.00075232345
0.07933768814	-0.00139776290	0.00083767550
0.07933416242	-0.00158529920	0.00092368929
0.07933020213	-0.00177243620	0.00101029590
0.07932581260	-0.00195907008	0.00109744434
0.07932100070	-0.00214507538	0.00118505971
0.07931577431	-0.00233033160	0.00127307126
0.07931014230	-0.00251472238	0.00136141036
0.07930411447	-0.00269813433	0.00145000655
0.07929770154	-0.00288045661	0.00153878921
0.07929091511	-0.00306158137	0.00162768735
0.07928376814	-0.00324139013	0.00171662304
0.07927627300	-0.00341980114	0.00180554271
0.07926844369	-0.00359671172	0.00189436751
0.07926029494	-0.00377202139	0.00198302295
0.07925184240	-0.00394562740	0.00207143439
0.07924309988	-0.00411747765	0.00215956297
0.07923408562	-0.00428744406	0.00224730121
0.07922481333	-0.00445549692	0.00233462954
0.07921530238	-0.00462151153	0.00242143772
0.07920556705	-0.00478546210	0.00250770827
0.07919562530	-0.00494726517	0.00259335780
0.07918549476	-0.00510685026	0.00267832454
0.07917519165	-0.00526417397	0.00276256817
0.07916473287	-0.00541918530	0.00284603378
0.07915413554	-0.00557183334	0.00292866665
0.07914341632	-0.00572207593	0.00301042009
0.07913259165	-0.00586987552	0.00309124964
0.07912167768	-0.00601519913	0.00317111312
0.07911069096	-0.00615800912	0.00324996525
0.07909964646	-0.00629828787	0.00332777813
0.07908855880	-0.00643602110	0.00340452007
0.07907744362	-0.00657118032	0.00348014762
0.07906631561	-0.00670374784	0.00355463177
0.07905518666	-0.00683373711	0.00362796575
0.07904407290	-0.00696110906	0.00370009464
0.07903298436	-0.00708589324	0.00377103039
0.07902193452	-0.00720807635	0.00384073487
0.07901093630	-0.00732764932	0.00390918553
0.07899999840	-0.00744464593	0.00397639409
0.07898913262	-0.00755906262	0.00404233161
0.07897834894	-0.00767091250	0.00410699065
0.07896765673	-0.00778021144	0.00417036572
0.07895706479	-0.00788697791	0.00423245326
0.07894658128	-0.00799123294	0.00429325135
0.07893621382	-0.00809299989	0.00435275978
0.07892596943	-0.00819230430	0.00441097992
0.07891585456	-0.00828917364	0.00446791490
0.07890587510	-0.00838363736	0.00452356906
0.07889603829	-0.00847570897	0.00457793711
0.07888634658	-0.00856544353	0.00463104980
0.07887680445	-0.00865287351	0.00468290937
0.07886741966	-0.00873799840	0.00473349978
0.07885818990	-0.00882090615	0.00478288075
0.07884912383	-0.00890158248	0.00483101687
0.07884021870	-0.00898011220	0.00487796561
0.07883148302	-0.00905647749	0.00492369281
0.07882291203	-0.00913077426	0.00496826750
0.07881451091	-0.00920300873	0.00501167042
0.07880628174	-0.00927321188	0.00505391753
0.07879822165	-0.00934145412	0.00509505324
0.07879033301	-0.00940775870	0.00513507661
0.07878261595	-0.00947216574	0.00517400743
0.07877507097	-0.00953470991	0.00521186219
0.07876769680	-0.00959543857	0.00524866788
0.07876049219	-0.00965439644	0.00528444667
0.07875345681	-0.00971161885	0.00531921336
0.07874658949	-0.00976714612	0.00535298857
0.07873988887	-0.00982101831	0.00538579315
0.07873335338	-0.00987327535	0.00541764777
0.07872698127	-0.00992395684	0.00544857323
0.07872077181	-0.00997309311	0.00547858437
0.07871472181	-0.01002073201	0.00550771073
0.07870882871	-0.01006691528	0.00553597431
0.07870309066	-0.01011167740	0.00556339152
0.07869750528	-0.01015505603	0.00558998251
0.07869207159	-0.01019707651	0.00561575955
0.07868678711	-0.01023777490	0.00564074577
0.07868164553	-0.01027721542	0.00566498221
0.07867664625	-0.01031541734	0.00568847159
0.07867178106	-0.01035245698	0.00571126004
0.07866916531	-0.01037231553	0.00572276364
0.07866639703	-0.01039329005	0.00573203417
0.07866350788	-0.01041513455	0.00573896295
0.07866053112	-0.01043759281	0.00574346873
0.07865750124	-0.01046040149	0.00574549870
0.07865445356	-0.01048329315	0.00574502906
0.07865142387	-0.01050599941	0.00574206530
0.07864844796	-0.01052825408	0.00573664219
0.07864556121	-0.01054979633	0.00572882329
0.07864279815	-0.01057037368	0.00571870029
0.07864019202	-0.01058974498	0.00570639185
0.07863777436	-0.01060768327	0.00569204229
0.07863557454	-0.01062397836	0.00567581985
0.07863361945	-0.01063843936	0.00565791471
0.07863193306	-0.01065089686	0.00563853679
0.07939014994	0.00918751834	-0.00232548785
0.07939127935	0.00917775372	-0.00228025986
0.07939251350	0.00916707149	-0.00226100174
0.07939380807	0.00915585279	-0.00224590445
0.07939514622	0.00914424174	-0.00223292939
0.07939653698	0.00913215835	-0.00222127500
0.07939797850	0.00911961680	-0.00221054277
0.07939946336	0.00910667990	-0.00220049736
0.07940100847	0.00909319820	-0.00219097263
0.07940260290	0.00907926502	-0.00218187341
0.07940424741	0.00906487141	-0.00217311864
0.07940595445	0.00904990598	-0.00216464266
0.07940771828	0.00903441626	-0.00215640831
0.07940953534	0.00901843093	-0.00214838032
0.07941141567	0.00900185878	-0.00214052147
0.07941336058	0.00898468480	-0.00213280981
0.07941536914	0.00896691385	-0.00212522724
0.07941744320	0.00894852593	-0.00211775570
0.07941958464	0.00892950034	-0.00211037918
0.07942179541	0.00890981563	-0.00210308361
0.07942407702	0.00888945385	-0.00209585652
0.07942643254	0.00886838284	-0.00208868554
0.07942886442	0.00884657545	-0.00208156041
0.07943137228	0.00882402959	-0.00207447311
0.07943396007	0.00880070382	-0.00206741217
0.07943662983	0.00877657347	-0.00206036913
0.07943938355	0.00875161365	-0.00205333544
0.07944222343	0.00872579714	-0.00204630309
0.07944515170	0.00869909600	-0.00203926372
0.07944816922	0.00867149399	-0.00203221004
0.07945127318	0.00864300812	-0.00202513563
0.07945447888	0.00861348865	-0.00201801886
0.07945778118	0.00858297206	-0.00201086224
0.07946117232	0.00855151995	-0.00200366304
0.07946467555	0.00851890488	-0.00199638912
0.07946827249	0.00848528533	-0.00198905548
0.07947198098	0.00845048158	-0.00198163234
0.07947578906	0.00841459166	-0.00197412620
0.07947971404	0.00837743732	-0.00196650774
0.07948374012	0.00833915203	-0.00195878767
0.07948788511	0.00829954948	-0.00195093157
0.07949214463	0.00825865255	-0.00194293939
0.07949651749	0.00821645345	-0.00193480122
0.07950100656	0.00817290379	-0.00192649967
0.07950561793	0.00812792209	-0.00191801532
0.07951034963	0.00808150363	-0.00190934089
0.07951520322	0.00803360798	-0.00190046111
0.07952018010	0.00798419420	-0.00189136037
0.07952528156	0.00793322087	-0.00188202263
0.07953050872	0.00788064608	-0.00187243209
0.07953586255	0.00782642753	-0.00186257251
0.07954133982	0.00777056362	-0.00185243157
0.07954694728	0.00771294876	-0.00184197962
0.07955268397	0.00765355300	-0.00183120489
0.07955854545	0.00759238075	-0.00182009673
0.07956453447	0.00752935953	-0.00180862912
0.07957065299	0.00746442108	-0.00179677942
0.07957689375	0.00739759292	-0.00178454234
0.07958326290	0.00732875610	-0.00177188103
0.07958975585	0.00725790354	-0.00175878601
0.07959636735	0.00718503342	-0.00174524279
0.07960310298	0.00711002080	-0.00173121192
0.07960995592	0.00703287409	-0.00171668753
0.07961692366	0.00695355067	-0.00170164692
0.07962400329	0.00687200847	-0.00168606764
0.07963119148	0.00678820615	-0.00166992728
0.07963848449	0.00670210321	-0.00165320334
0.07964587811	0.00661366010	-0.00163587346
0.07965336767	0.00652283828	-0.00161791552
0.07966094801	0.00642960045	-0.00159930745
0.07966861350	0.00633391060	-0.00158002736
0.07967635622	0.00623575654	-0.00156005664
0.07968417017	0.00613509775	-0.00153936783
0.07969205133	0.00603186159	-0.00151792780
0.07969998513	0.00592610917	-0.00149573877
0.07970797137	0.00581770578	-0.00147274294
0.07971599283	0.00570674054	-0.00144895317
0.07972404781	0.00559308512	-0.00142430942
0.07973212065	0.00547679990	-0.00139881674
0.07974020268	0.00535784250	-0.00137243838
0.07974828408	0.00523618046	-0.00134514555
0.07975635175	0.00511182506	-0.00131692373
0.07976439357	0.00498476865	-0.00128774782
0.07977239673	0.00485500986	-0.00125759385
0.07978034825	0.00472254520	-0.00122643610
0.07978823490	0.00458737085	-0.00119424950
0.07979604211	0.00444950153	-0.00116101594
0.07980375487	0.00430895680	-0.00112671535
0.07981135874	0.00416574323	-0.00109132184
0.07981883839	0.00401988026	-0.00105481620
0.07982617807	0.00387139433	-0.00101718068
0.07983336182	0.00372031467	-0.00097839778
0.07984037341	0.00356667553	-0.00093845198
0.07984719520	0.00341054516	-0.00089733664
0.07985381311	0.00325191193	-0.00085501247
0.07986020943	0.00309084936	-0.00081148533
0.07986636649	0.00292743992	-0.00076675458
0.07987226952	0.00276169542	-0.00072078808
0.07987790151	0.00259369427	-0.00067359246
0.07988324524	0.00242353662	-0.00062517524
0.07988828666	0.00225123388	-0.00057550472
0.07989300835	0.00207692495	-0.00052461562
0.07989739640	0.00190064431	-0.00047248374
0.07990143535	0.00172250663	-0.00041913247
0.07990511126	0.00154259341	-0.00036456411
0.07990841069	0.00136099242	-0.00030878720
0.07991132042	0.00117782347	-0.00025182702
0.07991382885	0.00099315578	-0.00019368219
0.07991592409	0.00080714098	-0.00013439895
0.07991759635	0.00061983353	-0.00007396695
0.07991883562	0.00043140824	-0.00001245057
0.07991963385	0.00024192029	0.00005016068
0.07991998339	0.00005153372	0.00011380333
0.07991987798	-0.00013965447	0.00017846099
0.07991931238	-0.00033152425	0.00024409374
0.07991828269	-0.00052391989	0.00031064559
0.07991678581	-0.00071676038	0.00037810449
0.07991482022	-0.00090989510	0.00044640249
0.07991238570	-0.00110318222	0.00051548897
0.07990948265	-0.00129652703	0.00058533771
0.07990611328	-0.00148978531	0.00065588016
0.07990228085	-0.00168282956	0.00072706412
0.07989798999	-0.00187552539	0.00079883203
0.07989324604	-0.00206776155	0.00087113877
0.07988805585	-0.00225940963	0.00094392050
0.07988242740	-0.00245034540	0.00101711663
0.07987636968	-0.00264044829	0.00109066807
0.07986989271	-0.00282960039	0.00116451402
0.07986300752	-0.00301768630	0.00123859336
0.07985572603	-0.00320459350	0.00131284448
0.07984806155	-0.00339020156	0.00138720123
0.07984002706	-0.00357442003	0.00146161491
0.07983163709	-0.00375714236	0.00153601706
0.07982290694	-0.00393826456	0.00161034323
0.07981385280	-0.00411768151	0.00168452971
0.07980448949	-0.00429532962	0.00175853831
0.07979483566	-0.00447108512	0.00183228007
0.07978490625	-0.00464490418	0.00190573192
0.07977472102	-0.00481666752	0.00197880290
0.07976429558	-0.00498633637	0.00205147228
0.07975364864	-0.00515382653	0.00212366843
0.07974279870	-0.00531906525	0.00219533797
0.07973176310	-0.00548200259	0.00226644354
0.07972055978	-0.00564258347	0.00233693613
0.07970920683	-0.00580075397	0.00240676747
0.07969772197	-0.00595646818	0.00247589578
0.07968612269	-0.00610968498	0.00254428113
0.07967442622	-0.00626036791	0.00261188551
0.07966265004	-0.00640847781	0.00267866931
0.07965081030	-0.00655399260	0.00274460619
0.07963892272	-0.00669689390	0.00280966635
0.07962700384	-0.00683715287	0.00287381196
0.07961506929	-0.00697475027	0.00293701718
0.07960313227	-0.00710969291	0.00299927198
0.07959120941	-0.00724194616	0.00306053125
0.07957931215	-0.00737153159	0.00312080029
0.07956745467	-0.00749843702	0.00318004620
0.07955565057	-0.00762265454	0.00323824982
0.07954390981	-0.00774421153	0.00329541688
0.07953224480	-0.00786310604	0.00335152243
0.07952066630	-0.00797935025	0.00340655876
0.07950918444	-0.00809295925	0.00346051986
0.07949780871	-0.00820395088	0.00351340137
0.07948654798	-0.00831234564	0.00356520035
0.07947541049	-0.00841816647	0.00361591532
0.07946440388	-0.00852143864	0.00366554622
0.07945353516	-0.00862218946	0.00371409444
0.07944281076	-0.00872044831	0.00376156250
0.07943223811	-0.00881623211	0.00380794683
0.07942182052	-0.00890959178	0.00385327022
0.07941156285	-0.00900056033	0.00389753341
0.07940147261	-0.00908914448	0.00394072590
0.07939154878	-0.00917542271	0.00398289203
0.07938179939	-0.00925939117	0.00402400626
0.07937222284	-0.00934112636	0.00406411165
0.07936282682	-0.00942062202	0.00410318463
0.07935360785	-0.00949796402	0.00414127709
0.07934457067	-0.00957316591	0.00417837539
0.07933571731	-0.00964626138	0.00421449384
0.07932704562	-0.00971731611	0.00424966629
0.07931855774	-0.00978635778	0.00428389318
0.07931025382	-0.00985342774	0.00431719099
0.07930213432	-0.00991856304	0.00434957409
0.07929419808	-0.00998181098	0.00438106440
0.07928644397	-0.01004321677	0.00441167986
0.07927887151	-0.01010281803	0.00444143329
0.07927147950	-0.01016065639	0.00447034195
0.07926426650	-0.01021677325	0.00449842330
0.07925723089	-0.01027120988	0.00452569468
0.07925037082	-0.01032400719	0.00455217354
0.07924368527	-0.01037519856	0.00457787337
0.07923717113	-0.01042483146	0.00460281813
0.07923082578	-0.01047294831	0.00462702590
0.07922464716	-0.01051958562	0.00465051081
0.07921863275	-0.01056478231	0.00467328982
0.07921278117	-0.01060856724	0.00469537462
0.07920708978	-0.01065097785	0.00471678496
0.07920155269	-0.01069207421	0.00473755223
0.07919616880	-0.01073187994	0.00475768033
0.07919093061	-0.01077046465	0.00477720323
0.07918863244	-0.01078734873	0.00478508482
0.07918622896	-0.01080497768	0.00479107788
0.07918374794	-0.01082314475	0.00479511216
0.07918121816	-0.01084163691	0.00479714034
0.07917866913	-0.01086023733	0.00479713867
0.07917613074	-0.01087872794	0.00479510714
0.07917363289	-0.01089689198	0.00479106959
0.07917120518	-0.01091451652	0.00478507335
0.07916887648	-0.01093139500	0.00477718871
0.07916667465	-0.01094732960	0.00476750813
0.07916462611	-0.01096213358	0.00475614509
0.07916275557	-0.01097563349	0.00474323281
0.07916108566	-0.01098767114	0.00472892269
0.07915963666	-0.01099810550	0.00471338249
0.07915842620	-0.01100681433	0.00469679441
0.08054549995	-0.00000000000	0.00000000000
0.08054549995	-0.00000000000	0.00000000000
0.08054549995	-0.00000000000	0.00000000000
0.08054549995	-0.00000000000	0.00000000000
0.08054549995	-0.00000000000	0.00000000000
0.08054549995	-0.00000000000	0.00000000000
0.08054549995	-0.00000000000	0.00000000000
0.08054549995	-0.00000000000	0.00000000000
0.08054549995	-0.00000000000	0.00000000000
0.08054549995	-0.00000000000	0.00000000000
0.08054549995	-0.00000000000	0.00000000000
0.08054549995	-0.00000000000	0.00000000000
0.08054549995	-0.00000000000	0.00000000000
0.08054549995	-0.00000000000	0.00000000000
0.08054549995	-0.00000000000	0.00000000000
0.08054549995	-0.00000000000	0.00000000000
0.08054549995	-0.00000000000	0.00000000000
0.08054549995	-0.00000000000	0.00000000000
0.08054549995	-0.00000000000	0.00000000000
0.08054549995	-0.00000000000	0.00000000000
0.08054549995	-0.00000000000	0.00000000000
0.08054549995	-0.00000000000	0.00000000000
0.08054549995	-0.00000000000	0.00000000000
0.08054549995	-0.00000000000	0.00000000000
0.08054549995	-0.00000000000	0.00000000000
0.08054549995	-0.00000000000	0.00000000000
0.08054549995	-0.00000000000	0.00000000000
0.08054549995	-0.00000000000	0.00000000000
0.08054549995	-0.00000000000	0.00000000000
0.08054549995	-0.00000000000	0.00000000000
0.08054549995	-0.00000000000	0.00000000000
0.08054549995	-0.00000000000	0.00000000000
0.08054549995	-0.00000000000	0.00000000000
0.08054549995	-0.00000000000	0.00000000000
0.08054549995	-0.00000000000	0.00000000000
0.08054549995	-0.00000000000	0.00000000000
0.08054549995	-0.00000000000	0.00000000000
0.08054549995	-0.00000000000	0.00000000000
0.08054549995	-0.00000000000	0.00000000000
0.08054549995	-0.00000000000	0.00000000000
0.08054549995	-0.00000000000	0.00000000000
0.08054549995	-0.00000000000	0.00000000000
0.08054549995	-0.00000000000	0.00000000000
0.08054549995	-0.00000000000	0.00000000000
0.08054549995	-0.00000000000	0.00000000000
0.08054549995	-0.00000000000	0.00000000000
0.08054549995	-0.00000000000	0.00000000000
0.08054549995	-0.00000000000	0.00000000000
0.08054549995	-0.00000000000	0.00000000000
0.08054549995	-0.00000000000	0.00000000000
0.08054549995	-0.00000000000	0.00000000000
0.08054549995	-0.00000000000	0.00000000000
0.08054549995	-0.00000000000	0.00000000000
0.08054549995	-0.00000000000	0.00000000000
0.08054549995	-0.00000000000	0.00000000000
0.08054549995	-0.00000000000	0.00000000000
0.08054549995	-0.00000000000	0.00000000000
0.08054549995	-0.00000000000	0.00000000000
0.08054549995	-0.00000000000	0.00000000000
0.08054549995	-0.00000000000	0.00000000000
0.08054549995	-0.00000000000	0.00000000000
0.08054549995	-0.00000000000	0.00000000000
0.08054549995	-0.00000000000	0.00000000000
0.08054549995	-0.00000000000	0.00000000000
0.08054549995	-0.00000000000	0.00000000000
0.08054549995	-0.00000000000	0.00000000000
0.08054549995	-0.00000000000	0.00000000000
0.08054549995	-0.00000000000	0.00000000000
0.08054549995	-0.00000000000	0.00000000000
0.08054549995	-0.00000000000	0.00000000000
0.08054549995	-0.00000000000	0.00000000000
0.08054549995	-0.00000000000	0.00000000000
0.08054549995	-0.00000000000	0.00000000000
0.08054549995	-0.00000000000	0.00000000000
0.08054549995	-0.00000000000	0.00000000000
0.08054549995	-0.00000000000	0.00000000000
0.08054549995	-0.00000000000	0.00000000000
0.08054549995	-0.00000000000	0.00000000000
0.08054549995	-0.00000000000	0.00000000000
0.08054549995	-0.00000000000	0.00000000000
0.08054549995	-0.00000000000	0.00000000000
0.08054549995	-0.00000000000	0.00000000000
0.08054549995	-0.00000000000	0.00000000000
0.08054549995	-0.00000000000	0.00000000000
0.08054549995	-0.00000000000	0.00000000000
0.08054549995	-0.00000000000	0.00000000000
0.08054549995	-0.00000000000	0.00000000000
0.08054549995	-0.00000000000	0.00000000000
0.08054549995	-0.00000000000	0.00000000000
0.08054549995	-0.00000000000	0.00000000000
0.08054549995	-0.00000000000	0.00000000000
0.08054549995	-0.00000000000	0.00000000000
0.08054549995	-0.00000000000	0.00000000000
0.08054549995	-0.00000000000	0.00000000000
0.08054549995	-0.00000000000	0.00000000000
0.08054549995	-0.00000000000	0.00000000000
0.08054549995	-0.00000000000	0.00000000000
0.08054549995	-0.00000000000	0.00000000000
0.08054549995	-0.00000000000	0.00000000000
0.08054549995	-0.00000000000	0.00000000000
0.08054549995	-0.00000000000	0.00000000000
0.08054549995	-0.00000000000	0.00000000000
0.08054549995	-0.00000000000	0.00000000000
0.08054549995	-0.00000000000	0.00000000000
0.08054549995	-0.00000000000	0.00000000000
0.08054549995	-0.00000000000	0.00000000000
0.08054549995	-0.00000000000	0.00000000000
0.08054549995	-0.00000000000	0.00000000000
0.08054549995	-0.00000000000	0.00000000000
0.08054549995	-0.00000000000	0.00000000000
0.08054549995	-0.00000000000	0.00000000000
0.08054549995	-0.00000000000	0.00000000000
0.08054549995	-0.00000000000	0.00000000000
0.08054549995	-0.00000000000	0.00000000000
0.08054549995	-0.00000000000	0.00000000000
0.08054549995	-0.00000000000	0.00000000000
0.08054549995	-0.00000000000	0.00000000000
0.08054549995	-0.00000000000	0.00000000000
0.08054549995	-0.00000000000	0.00000000000
0.08054549995	-0.00000000000	0.00000000000
0.08054549995	-0.00000000000	0.00000000000
0.08054549995	-0.00000000000	0.00000000000
0.08054549995	-0.00000000000	0.00000000000
0.08054549995	-0.00000000000	0.00000000000
0.08054549995	-0.00000000000	0.00000000000
0.08054549995	-0.00000000000	0.00000000000
0.08054549995	-0.00000000000	0.00000000000
0.08054549995	-0.00000000000	0.00000000000
0.08054549995	-0.00000000000	0.00000000000
0.08054549995	-0.00000000000	0.00000000000
0.08054549995	-0.00000000000	0.00000000000
0.08054549995	-0.00000000000	0.00000000000
0.08054549995	-0.00000000000	0.00000000000
0.08054549995	-0.00000000000	0.00000000000
0.08054549995	-0.00000000000	0.00000000000
0.08054549995	-0.00000000000	0.00000000000
0.08054549995	-0.00000000000	0.00000000000
0.08054549995	-0.00000000000	0.00000000000
0.08054549995	-0.00000000000	0.00000000000
0.08054549995	-0.00000000000	0.00000000000
0.08054549995	-0.00000000000	0.00000000000
0.08054549995	-0.00000000000	0.00000000000
0.08054549995	-0.00000000000	0.00000000000
0.08054549995	-0.00000000000	0.00000000000
0.08054549995	-0.00000000000	0.00000000000
0.08054549995	-0.00000000000	0.00000000000
0.08054549995	-0.00000000000	0.00000000000
0.08054549995	-0.00000000000	0.00000000000
0.08054549995	-0.00000000000	0.00000000000
0.08054549995	-0.00000000000	0.00000000000
0.08054549995	-0.00000000000	0.00000000000
0.08054549995	-0.00000000000	0.00000000000
0.08054549995	-0.00000000000	0.00000000000
0.08054549995	-0.00000000000	0.00000000000
0.08054549995	-0.00000000000	0.00000000000
0.08054549995	-0.00000000000	0.00000000000
0.08054549995	-0.00000000000	0.00000000000
0.08054549995	-0.00000000000	0.00000000000
0.08054549995	-0.00000000000	0.00000000000
0.08054549995	-0.00000000000	0.00000000000
0.08054549995	-0.00000000000	0.00000000000
0.08054549995	-0.00000000000	0.00000000000
0.08054549995	-0.00000000000	0.00000000000
0.08054549995	-0.00000000000	0.00000000000
0.08054549995	-0.00000000000	0.00000000000
0.08054549995	-0.00000000000	0.00000000000
0.08054549995	-0.00000000000	0.00000000000
0.08054549995	-0.00000000000	0.00000000000
0.08054549995	-0.00000000000	0.00000000000
0.08054549995	-0.00000000000	0.00000000000
0.08054549995	-0.00000000000	0.00000000000
0.08054549995	-0.00000000000	0.00000000000
0.08054549995	-0.00000000000	0.00000000000
0.08054549995	-0.00000000000	0.00000000000
0.08054549995	-0.00000000000	0.00000000000
0.08054549995	-0.00000000000	0.00000000000
0.08054549995	-0.00000000000	0.00000000000
0.08054549995	-0.00000000000	0.00000000000
0.08054549995	-0.00000000000	0.00000000000
0.08054549995	-0.00000000000	0.00000000000
0.08054549995	-0.00000000000	0.00000000000
0.08054549995	-0.00000000000	0.00000000000
0.08054549995	-0.00000000000	0.00000000000
0.08054549995	-0.00000000000	0.00000000000
0.08054549995	-0.00000000000	0.00000000000
0.08054549995	-0.00000000000	0.00000000000
0.08054549995	-0.00000000000	0.00000000000
0.08054549995	-0.00000000000	0.00000000000
0.08054549995	-0.00000000000	0.00000000000
0.08054549995	-0.00000000000	0.00000000000
0.08054549995	-0.00000000000	0.00000000000
0.08054549995	-0.00000000000	0.00000000000
0.08054549995	-0.00000000000	0.00000000000
0.08054549995	-0.00000000000	0.00000000000
0.08054549995	-0.00000000000	0.00000000000
0.08054549995	-0.00000000000	0.00000000000
0.08054549995	-0.00000000000	0.00000000000
0.08054549995	-0.00000000000	0.00000000000
0.08054549995	-0.00000000000	0.00000000000
0.08054549995	-0.00000000000	0.00000000000
0.08054549995	-0.00000000000	0.00000000000
0.08054549995	-0.00000000000	0.00000000000
0.08054549995	-0.00000000000	0.00000000000
0.08054549995	-0.00000000000	0.00000000000
0.08054549995	-0.00000000000	0.00000000000
0.08054549995	-0.00000000000	0.00000000000
0.08054549995	-0.00000000000	0.00000000000
0.08054549995	-0.00000000000	0.00000000000
0.08054549995	-0.00000000000	0.00000000000
0.08054549995	-0.00000000000	0.00000000000
0.08054549995	-0.00000000000	0.00000000000
0.08054549995	-0.00000000000	0.00000000000
0.08054549995	-0.00000000000	0.00000000000
0.08054549995	-0.00000000000	0.00000000000
0.08054549995	-0.00000000000	0.00000000000
