B_08_02062026PropPhi06HYBRID_B1_1
3	0	0
214	80
0.03373772067	0.00914378475	-0.01498289026
0.03377051583	0.00902190979	-0.01518585164
0.03378740283	0.00895846001	-0.01526529835
0.03380167271	0.00890446615	-0.01532478657
0.03381495030	0.00885391054	-0.01537338616
0.03382748028	0.00880591694	-0.01541527831
0.03383957971	0.00875930593	-0.01545224735
0.03385161122	0.00871269267	-0.01548496167
0.03386327251	0.00866725853	-0.01551492763
0.03387494740	0.00862151578	-0.01554200975
0.03388669950	0.00857520802	-0.01556649279
0.03389829447	0.00852925714	-0.01558919376
0.03390994891	0.00848280380	-0.01560992654
0.03392181439	0.00843522993	-0.01562853925
0.03393370346	0.00838727400	-0.01564556792
0.03394564576	0.00833880863	-0.01566107742
0.03395772372	0.00828948702	-0.01567498301
0.03396994900	0.00823924514	-0.01568732345
0.03398233150	0.00818802426	-0.01569812673
0.03399487950	0.00813577062	-0.01570741052
0.03400761108	0.00808238728	-0.01571515711
0.03402050743	0.00802793059	-0.01572142769
0.03403356496	0.00797239308	-0.01572624479
0.03404684584	0.00791548381	-0.01572945893
0.03406030999	0.00785734551	-0.01573115969
0.03407396318	0.00779792462	-0.01573132468
0.03408781184	0.00773716221	-0.01572992606
0.03410185733	0.00767501935	-0.01572694044
0.03411610079	0.00761145599	-0.01572234406
0.03413057262	0.00754629765	-0.01571602487
0.03414538137	0.00747900570	-0.01570762717
0.03416023621	0.00741086080	-0.01569791660
0.03417530219	0.00734107046	-0.01568642326
0.03419079062	0.00726859216	-0.01567245365
0.03420624147	0.00719552915	-0.01565729539
0.03422209601	0.00711974297	-0.01563959912
0.03423801360	0.00704279917	-0.01562031839
0.03425428696	0.00696321910	-0.01559848057
0.03427059155	0.00688252497	-0.01557503766
0.03428729025	0.00679884717	-0.01554873531
0.03430404765	0.00671378511	-0.01552057188
0.03432098800	0.00662664155	-0.01549007476
0.03433816150	0.00653706817	-0.01545695572
0.03435553203	0.00644515433	-0.01542120782
0.03437300222	0.00635132378	-0.01538307777
0.03439063029	0.00625516934	-0.01534224198
0.03440840012	0.00615667090	-0.01529862428
0.03442629476	0.00605580917	-0.01525214666
0.03444429648	0.00595256546	-0.01520272964
0.03446238644	0.00584692369	-0.01515028969
0.03448054501	0.00573886849	-0.01509474196
0.03449881970	0.00562796898	-0.01503566605
0.03451707889	0.00551487627	-0.01497345975
0.03453532601	0.00539943082	-0.01490793426
0.03455361297	0.00528113872	-0.01483860322
0.03457186339	0.00516031561	-0.01476558365
0.03459001471	0.00503720932	-0.01468898287
0.03460814347	0.00491110993	-0.01460809306
0.03462610790	0.00478280742	-0.01452342702
0.03464393258	0.00465193843	-0.01443457331
0.03466163693	0.00451813242	-0.01434104275
0.03467907858	0.00438224876	-0.01424341837
0.03469629328	0.00424379881	-0.01414114494
0.03471324373	0.00410284115	-0.01403409609
0.03472989244	0.00395944018	-0.01392214449
0.03474620195	0.00381366559	-0.01380516297
0.03476213504	0.00366559177	-0.01368302552
0.03477765477	0.00351529857	-0.01355560701
0.03479272465	0.00336287178	-0.01342278312
0.03480730886	0.00320840236	-0.01328443170
0.03482137237	0.00305198657	-0.01314043296
0.03483489765	0.00289352740	-0.01299045466
0.03484784132	0.00273323086	-0.01283444247
0.03486014244	0.00257158799	-0.01267269784
0.03487183100	0.00240790323	-0.01250422149
0.03488280639	0.00224330424	-0.01232997799
0.03489310973	0.00207689396	-0.01214872911
0.03490265461	0.00190978960	-0.01196145292
0.03491146083	0.00174140689	-0.01176725701
0.03491949175	0.00157216131	-0.01156631724
0.03492672267	0.00140236915	-0.01135876333
0.03493314737	0.00123199449	-0.01114430844
0.03493875227	0.00106121888	-0.01092290375
0.03494352776	0.00089020410	-0.01069448076
0.03494746632	0.00071916174	-0.01045904606
0.03495056411	0.00054832836	-0.01021666489
0.03495282318	0.00037781933	-0.00996725131
0.03495424769	0.00020775876	-0.00971072367
0.03495484401	0.00003841054	-0.00944720588
0.03495462322	-0.00013004257	-0.00917673777
0.03495359960	-0.00029743997	-0.00889934591
0.03495179057	-0.00046360732	-0.00861508964
0.03494921661	-0.00062837399	-0.00832403442
0.03494589683	-0.00079176383	-0.00802591663
0.03494186643	-0.00095318733	-0.00772149077
0.03493715035	-0.00111270877	-0.00741056595
0.03493177348	-0.00127035314	-0.00709291224
0.03492578152	-0.00142561581	-0.00676923264
0.03491920607	-0.00157849378	-0.00643948546
0.03491207538	-0.00172904248	-0.00610343529
0.03490444945	-0.00187670034	-0.00576202129
0.03489634680	-0.00202177524	-0.00541465093
0.03488782804	-0.00216380448	-0.00506212933
0.03487892379	-0.00230288306	-0.00470430360
0.03486968203	-0.00243882560	-0.00434151241
0.03486014891	-0.00257150019	-0.00397408186
0.03485035889	-0.00270094072	-0.00360197786
0.03484037091	-0.00282686223	-0.00322589594
0.03483020587	-0.00294946683	-0.00284548878
0.03481993365	-0.00306835717	-0.00246177129
0.03480956310	-0.00318385180	-0.00207417234
0.03479916744	-0.00329553350	-0.00168380486
0.03478875824	-0.00340365917	-0.00129031963
0.03477838769	-0.00350804007	-0.00089433971
0.03476809018	-0.00360867025	-0.00049618473
0.03475788333	-0.00370569048	-0.00009572230
0.03474782489	-0.00379884993	0.00030611276
0.03473792646	-0.00388832360	0.00070938177
0.03472821071	-0.00397416362	0.00111397123
0.03471872256	-0.00405621733	0.00151910135
0.03470947151	-0.00413463217	0.00192472805
0.03470047855	-0.00420943984	0.00233054952
0.03469175987	-0.00428070002	0.00273637279
0.03468334099	-0.00434838517	0.00314168603
0.03467523151	-0.00441258596	0.00354626937
0.03466744216	-0.00447337116	0.00394986097
0.03465998277	-0.00453080458	0.00435217344
0.03465286165	-0.00458495093	0.00475292531
0.03464608481	-0.00463588207	0.00515184025
0.03463965625	-0.00468367491	0.00554864808
0.03463357422	-0.00472843868	0.00594323713
0.03462784948	-0.00477018199	0.00633510770
0.03462247587	-0.00480902902	0.00672409001
0.03461744787	-0.00484509017	0.00711002254
0.03461276054	-0.00487846317	0.00749281489
0.03460842191	-0.00490914744	0.00787181994
0.03460440698	-0.00493736901	0.00824741484
0.03460072944	-0.00496307542	0.00861877533
0.03459736032	-0.00498650725	0.00898637351
0.03459431129	-0.00500761641	0.00934945254
0.03459156066	-0.00502658200	0.00970811688
0.03458909797	-0.00504350047	0.01006232160
0.03458691973	-0.00505841666	0.01041174494
0.03458501351	-0.00507143334	0.01075625899
0.03458336617	-0.00508265482	0.01109579597
0.03458196697	-0.00509216616	0.01143023581
0.03458080475	-0.00510005281	0.01175946861
0.03457986799	-0.00510640045	0.01208339456
0.03457914382	-0.00511130200	0.01240202988
0.03457862463	-0.00511481319	0.01271519222
0.03457829878	-0.00511701560	0.01302274614
0.03457815032	-0.00511801873	0.01332479502
0.03457817002	-0.00511788563	0.01362133505
0.03457835186	-0.00511665693	0.01391203642
0.03457867624	-0.00511446432	0.01419731669
0.03457914279	-0.00511130895	0.01447671854
0.03457973433	-0.00510730547	0.01475045490
0.03458044112	-0.00510251776	0.01501867324
0.03458126065	-0.00509696058	0.01528102433
0.03458217743	-0.00509073664	0.01553773047
0.03458318371	-0.00508389616	0.01578880444
0.03458427180	-0.00507648889	0.01603426543
0.03458543410	-0.00506856425	0.01627413878
0.03458666323	-0.00506017013	0.01650845563
0.03458795200	-0.00505135345	0.01673725258
0.03458929338	-0.00504216013	0.01696057140
0.03459068042	-0.00503263587	0.01717845863
0.03459210651	-0.00502282418	0.01739096530
0.03459356505	-0.00501276894	0.01759835562
0.03459505525	-0.00500247414	0.01780037383
0.03459656830	-0.00499199931	0.01799712891
0.03459809693	-0.00498139378	0.01818912775
0.03459964443	-0.00497063382	0.01837574227
0.03460119814	-0.00495980670	0.01855773459
0.03460276107	-0.00494889094	0.01873454650
0.03460432295	-0.00493795796	0.01890699237
0.03460588865	-0.00492697331	0.01907438284
0.03460744778	-0.00491600992	0.01923727122
0.03460900001	-0.00490507018	0.01939582138
0.03461054583	-0.00489415090	0.01954971775
0.03461207885	-0.00488329740	0.01969929365
0.03461359750	-0.00487252125	0.01984463339
0.03461510049	-0.00486183235	0.01998588827
0.03461658746	-0.00485123366	0.02012304821
0.03461805640	-0.00484074028	0.02025615304
0.03461950493	-0.00483036995	0.02038536214
0.03462093200	-0.00482013101	0.02051076070
0.03462233652	-0.00481003214	0.02063243361
0.03462371761	-0.00480008066	0.02075046534
0.03462507435	-0.00479028412	0.02086493979
0.03462640635	-0.00478064627	0.02097604770
0.03462771406	-0.00477116488	0.02108374755
0.03462899632	-0.00476184938	0.02118808588
0.03463025191	-0.00475270958	0.02128919528
0.03463148026	-0.00474375067	0.02138715536
0.03463268148	-0.00473497299	0.02148218611
0.03463385694	-0.00472636744	0.02157435078
0.03463500618	-0.00471793839	0.02166337115
0.03463612682	-0.00470970427	0.02174954922
0.03463721622	-0.00470168569	0.02183246250
0.03463839957	-0.00469295968	0.02193144371
0.03464100633	-0.00467367908	0.02202889261
0.03464498855	-0.00464406761	0.02212366670
0.03465027361	-0.00460446896	0.02221465483
0.03465676623	-0.00455534301	0.02230079025
0.03466435117	-0.00449726065	0.02238106311
0.03467289639	-0.00443089737	0.02245453228
0.03468225660	-0.00435702568	0.02252033639
0.03469227709	-0.00427650628	0.02257770396
0.03470279763	-0.00419027831	0.02262596240
0.03471365634	-0.00409934857	0.02266454593
0.03472469343	-0.00400477985	0.02269300220
0.03473575453	-0.00390767868	0.02271099757
0.03474669373	-0.00380918239	0.02271832106
0.03436239250	0.00922971798	-0.01467216946
0.03439387173	0.00911171220	-0.01487268613
0.03441016105	0.00905000159	-0.01495130544
0.03442395350	0.00899739615	-0.01501022406
0.03443680733	0.00894807315	-0.01505841451
0.03444895210	0.00890120281	-0.01509998902
0.03446069189	0.00885564376	-0.01513671261
0.03447237721	0.00881004664	-0.01516925841
0.03448371213	0.00876557528	-0.01519908868
0.03449506923	0.00872077469	-0.01522608936
0.03450650983	0.00867539575	-0.01525054295
0.03451780511	0.00863034430	-0.01527323876
0.03452916566	0.00858477904	-0.01529400508
0.03454073903	0.00853809461	-0.01531270078
0.03455234237	0.00849101575	-0.01532984192
0.03456400445	0.00844341804	-0.01534549354
0.03457580558	0.00839496163	-0.01535957683
0.03458775713	0.00834558380	-0.01537213043
0.03459986882	0.00829522691	-0.01538318237
0.03461214881	0.00824383812	-0.01539275049
0.03462461485	0.00819132213	-0.01540081848
0.03463724871	0.00813773395	-0.01540744540
0.03465004699	0.00808306597	-0.01541265321
0.03466307059	0.00802703240	-0.01541629893
0.03467628056	0.00796977280	-0.01541846828
0.03468968270	0.00791123419	-0.01541913979
0.03470328350	0.00785135827	-0.01541828666
0.03471708450	0.00779010629	-0.01541588621
0.03473108705	0.00772743843	-0.01541191541
0.03474532114	0.00766318283	-0.01540626644
0.03475989339	0.00759681009	-0.01539859759
0.03477451929	0.00752957635	-0.01538964198
0.03478936069	0.00746070338	-0.01537894923
0.03480462505	0.00738916690	-0.01536585330
0.03481986180	0.00731703058	-0.01535158772
0.03483550387	0.00724219456	-0.01533485838
0.03485121754	0.00716619479	-0.01531657839
0.03486729041	0.00708757866	-0.01529581422
0.03488340427	0.00700783982	-0.01527347780
0.03489991587	0.00692514146	-0.01524836501
0.03491649618	0.00684105303	-0.01522143204
0.03493326762	0.00675488900	-0.01519222485
0.03495028005	0.00666630607	-0.01516046544
0.03496749848	0.00657539066	-0.01512614547
0.03498482750	0.00648255791	-0.01508950039
0.03500232490	0.00638740666	-0.01505021836
0.03501997531	0.00628991584	-0.01500822463
0.03503776257	0.00619006509	-0.01496344264
0.03505566974	0.00608783469	-0.01491579436
0.03507367876	0.00598320736	-0.01486519775
0.03509177082	0.00587616652	-0.01481156946
0.03510999358	0.00576628678	-0.01475450343
0.03512821741	0.00565420670	-0.01469437958
0.03514644624	0.00553976793	-0.01463101472
0.03516473221	0.00542248287	-0.01456393918
0.03518300030	0.00530265993	-0.01449326260
0.03520118896	0.00518054126	-0.01441908598
0.03521937504	0.00505542615	-0.01434072604
0.03523741820	0.00492808997	-0.01425867296
0.03525534352	0.00479817315	-0.01417252867
0.03527317126	0.00466530831	-0.01408181926
0.03529075994	0.00453033939	-0.01398710242
0.03530814594	0.00439278302	-0.01388784127
0.03532529268	0.00425269433	-0.01378391080
0.03534216334	0.00411013416	-0.01367518501
0.03535872100	0.00396516848	-0.01356153792
0.03537492893	0.00381786790	-0.01344284468
0.03539075057	0.00366830838	-0.01331898119
0.03540614968	0.00351657172	-0.01318982408
0.03542109060	0.00336274479	-0.01305525201
0.03543553835	0.00320691970	-0.01291514592
0.03544947568	0.00304899762	-0.01276918188
0.03546285887	0.00288917853	-0.01261730328
0.03547562586	0.00272794469	-0.01245979711
0.03548780791	0.00256460554	-0.01229569631
0.03549930146	0.00240027242	-0.01212592666
0.03551014938	0.00223405525	-0.01194929074
0.03552026173	0.00206705563	-0.01176672757
0.03552965913	0.00189869270	-0.01157737330
0.03553830297	0.00172937398	-0.01138139334
0.03554616651	0.00155940972	-0.01117890943
0.03555324252	0.00138876146	-0.01096964162
0.03555951558	0.00121760592	-0.01075353930
0.03556497415	0.00104610035	-0.01053053304
0.03556960847	0.00087445163	-0.01030062602
0.03557341220	0.00070289177	-0.01006387839
0.03557638522	0.00053153270	-0.00982020449
0.03557852942	0.00036049497	-0.00956952284
0.03557984819	0.00019003829	-0.00931195063
0.03558034989	0.00002034213	-0.00904752424
0.03558004608	-0.00014843575	-0.00877626750
0.03557895133	-0.00031612371	-0.00849823611
0.03557708327	-0.00048255355	-0.00821349188
0.03557445896	-0.00064775117	-0.00792177838
0.03557110878	-0.00081113024	-0.00762382388
0.03556705582	-0.00097275516	-0.00731944373
0.03556232291	-0.00113265245	-0.00700841476
0.03555695135	-0.00129031892	-0.00669141636
0.03555097067	-0.00144575122	-0.00636840883
0.03554440734	-0.00159900563	-0.00603916445
0.03553731690	-0.00174951984	-0.00570459234
0.03552971743	-0.00189760159	-0.00536412041
0.03552166570	-0.00204278677	-0.00501852860
0.03551319118	-0.00218516921	-0.00466767080
0.03550433950	-0.00232456202	-0.00431187623
0.03549515494	-0.00246083071	-0.00395146281
0.03548567085	-0.00259400774	-0.00358639968
0.03547594403	-0.00272380388	-0.00321736295
0.03546599520	-0.00285042045	-0.00284401900
0.03545589210	-0.00297345378	-0.00246735392
0.03544564414	-0.00309322225	-0.00208681776
0.03543532274	-0.00320930127	-0.00170349200
0.03542494018	-0.00332194600	-0.00131704244
0.03541454802	-0.00343096207	-0.00092807637
0.03540418089	-0.00353633819	-0.00053690803
0.03539385706	-0.00363821309	-0.00014341315
0.03538363424	-0.00373632712	0.00025149775
0.03537352524	-0.00383085159	0.00064787897
0.03536355358	-0.00392183508	0.00104561622
0.03535376500	-0.00400911619	0.00144394854
0.03534417053	-0.00409283788	0.00184282776
0.03533479256	-0.00417302612	0.00224195613
0.03532564871	-0.00424973588	0.00264114166
0.03531676613	-0.00432293213	0.00303988272
0.03530815629	-0.00439269984	0.00343796056
0.03529983175	-0.00445910195	0.00383511584
0.03529180434	-0.00452219623	0.00423106442
0.03528408435	-0.00458204142	0.00462552796
0.03527667988	-0.00463870335	0.00501823302
0.03526959703	-0.00469225293	0.00540891215
0.03526283605	-0.00474279514	0.00579745199
0.03525640999	-0.00479033052	0.00618336247
0.03525031491	-0.00483497789	0.00656647344
0.03524454735	-0.00487684267	0.00694662308
0.03523910426	-0.00491601899	0.00732371924
0.03523399628	-0.00495249616	0.00769712853
0.03522919978	-0.00498650126	0.00806721281
0.03522473122	-0.00501796998	0.00843316694
0.03522056270	-0.00504714523	0.00879544532
0.03521670855	-0.00507396799	0.00915330873
0.03521314860	-0.00509861527	0.00950685420
0.03520987389	-0.00512118077	0.00985603458
0.03520688284	-0.00514170333	0.01020053373
0.03520416462	-0.00516028153	0.01054022363
0.03520170752	-0.00517701648	0.01087503505
0.03519950222	-0.00519198957	0.01120484816
0.03519753889	-0.00520528275	0.01152955314
0.03519580726	-0.00521697836	0.01184905013
0.03519429542	-0.00522716768	0.01216335242
0.03519299701	-0.00523590240	0.01247228036
0.03519190154	-0.00524326025	0.01277569971
0.03519099366	-0.00524935019	0.01307370881
0.03519026481	-0.00525423395	0.01336630228
0.03518971037	-0.00525794599	0.01365315736
0.03518931041	-0.00526062212	0.01393467866
0.03518906610	-0.00526225607	0.01421041990
0.03518896029	-0.00526296359	0.01448058663
0.03518898330	-0.00526280976	0.01474532146
0.03518913381	-0.00526180328	0.01500428359
0.03518939616	-0.00526004846	0.01525768812
0.03518976286	-0.00525759472	0.01550554680
0.03519022642	-0.00525449112	0.01574787776
0.03519077937	-0.00525078652	0.01598470515
0.03519141447	-0.00524652836	0.01621605889
0.03519212455	-0.00524176321	0.01644197432
0.03519290262	-0.00523653677	0.01666249185
0.03519374169	-0.00523089457	0.01687765664
0.03519463510	-0.00522488009	0.01708751833
0.03519557564	-0.00521854075	0.01729233444
0.03519656317	-0.00521187617	0.01749185621
0.03519758862	-0.00520494647	0.01768618961
0.03519864342	-0.00519780850	0.01787582890
0.03519973245	-0.00519042844	0.01806016278
0.03520084107	-0.00518290460	0.01823993382
0.03520197366	-0.00517520652	0.01841459888
0.03520311782	-0.00516741790	0.01858495179
0.03520428015	-0.00515949332	0.01875032182
0.03520544873	-0.00515151356	0.01891124821
0.03520662277	-0.00514348375	0.01906789169
0.03520780349	-0.00513539536	0.01921994553
0.03520898355	-0.00512729844	0.01936773498
0.03521016110	-0.00511920573	0.01951134306
0.03521133436	-0.00511112949	0.01965091811
0.03521250295	-0.00510307243	0.01978645127
0.03521366465	-0.00509504997	0.01991798210
0.03521481658	-0.00508708220	0.02004566675
0.03521595740	-0.00507917871	0.02016958913
0.03521708573	-0.00507134944	0.02028983289
0.03521820037	-0.00506360297	0.02040648126
0.03521930012	-0.00505594810	0.02051961693
0.03522038405	-0.00504839175	0.02062942681
0.03522145265	-0.00504093099	0.02073587145
0.03522250454	-0.00503357584	0.02083899701
0.03522353811	-0.00502633814	0.02093893360
0.03522455251	-0.00501922432	0.02103575970
0.03522554723	-0.00501223847	0.02112969077
0.03522652347	-0.00500537273	0.02122078957
0.03522748138	-0.00499862657	0.02130878562
0.03522841774	-0.00499202320	0.02139397401
0.03522933081	-0.00498557547	0.02147594322
0.03523030073	-0.00497871694	0.02157331136
0.03523273317	-0.00496147414	0.02166935981
0.03523658455	-0.00493404712	0.02176296249
0.03524178643	-0.00489675419	0.02185302199
0.03524824729	-0.00485002836	0.02193848244
0.03525585513	-0.00479441252	0.02201834191
0.03526448039	-0.00473055334	0.02209166411
0.03527397941	-0.00465919398	0.02215758940
0.03528419807	-0.00458116567	0.02221534487
0.03529497558	-0.00449737824	0.02226425339
0.03530614832	-0.00440880970	0.02230374156
0.03531755347	-0.00431649499	0.02233334641
0.03532903242	-0.00422151396	0.02235272085
0.03534043381	-0.00412497885	0.02236163773
0.03493133374	0.00930856938	-0.01437377819
0.03496160679	0.00919421512	-0.01457184616
0.03497734720	0.00913415150	-0.01464962365
0.03499070092	0.00908286244	-0.01470795670
0.03500316485	0.00903471036	-0.01475571959
0.03501495499	0.00898890805	-0.01479695708
0.03502636350	0.00894435023	-0.01483341465
0.03503772950	0.00889972203	-0.01486576919
0.03504876338	0.00885616883	-0.01489544089
0.03505982708	0.00881226793	-0.01492233556
0.03507097979	0.00876777724	-0.01494673335
0.03508199804	0.00872358610	-0.01496939726
0.03509308674	0.00867887112	-0.01499016901
0.03510438959	0.00863303957	-0.01500891758
0.03511572821	0.00858680226	-0.01502614006
0.03512713052	0.00854003760	-0.01504190160
0.03513867482	0.00849241264	-0.01505612891
0.03515037225	0.00844386592	-0.01506886051
0.03516223233	0.00839434084	-0.01508012445
0.03517426311	0.00834378542	-0.01508993867
0.03518648205	0.00829210599	-0.01509828819
0.03519887144	0.00823935616	-0.01510523005
0.03521142811	0.00818552817	-0.01511078563
0.03522421170	0.00813034138	-0.01511481811
0.03523718434	0.00807393217	-0.01511740957
0.03525035187	0.00801624811	-0.01511853937
0.03526372084	0.00795723152	-0.01511818172
0.03527729295	0.00789684385	-0.01511631462
0.03529106974	0.00783504548	-0.01511291570
0.03530508079	0.00777166721	-0.01510788120
0.03531943081	0.00770618897	-0.01510088265
0.03533384146	0.00763984218	-0.01509262238
0.03534847143	0.00757186296	-0.01508266846
0.03536352439	0.00750124547	-0.01507038100
0.03537855905	0.00743001349	-0.01505694217
0.03539400011	0.00735610612	-0.01504111031
0.03540952064	0.00728102940	-0.01502376017
0.03542540314	0.00720335709	-0.01500399535
0.03544133563	0.00712455400	-0.01498268975
0.03545766879	0.00704281652	-0.01495868701
0.03547407986	0.00695968383	-0.01493290325
0.03549068940	0.00687448227	-0.01490490209
0.03550754690	0.00678687364	-0.01487441531
0.03552461844	0.00669694150	-0.01484143327
0.03554181055	0.00660509227	-0.01480618071
0.03555918052	0.00651093095	-0.01476835701
0.03557671370	0.00641443554	-0.01472788880
0.03559439465	0.00631558471	-0.01468470094
0.03561220716	0.00621435771	-0.01463871682
0.03563013394	0.00611073614	-0.01458985585
0.03564815692	0.00600470227	-0.01453803616
0.03566632380	0.00589583643	-0.01448286542
0.03568450702	0.00578476446	-0.01442470653
0.03570271088	0.00567132934	-0.01436338171
0.03572098767	0.00555505002	-0.01429843724
0.03573926369	0.00543622769	-0.01422997581
0.03575747846	0.00531509880	-0.01415809240
0.03577570891	0.00519097223	-0.01408212728
0.03579381624	0.00506460856	-0.01400254905
0.03581182595	0.00493565224	-0.01391897245
0.03582975899	0.00480373937	-0.01383093831
0.03584747493	0.00466969824	-0.01373898010
0.03586501065	0.00453305109	-0.01364257857
0.03588233027	0.00439384974	-0.01354161012
0.03589939760	0.00425215157	-0.01343595005
0.03591617631	0.00410801902	-0.01332547366
0.03593263012	0.00396151906	-0.01321005726
0.03594872289	0.00381272390	-0.01308957782
0.03596441866	0.00366171150	-0.01296391297
0.03597968196	0.00350856480	-0.01283294225
0.03599447788	0.00335337193	-0.01269654737
0.03600878945	0.00319603246	-0.01255441247
0.03602257275	0.00303674053	-0.01240647887
0.03603576474	0.00287596950	-0.01225301972
0.03604839781	0.00271303451	-0.01209309904
0.03606036587	0.00254903004	-0.01192760541
0.03607171329	0.00238307390	-0.01175538079
0.03608234707	0.00221625151	-0.01157732666
0.03609228857	0.00204798606	-0.01139260677
0.03610149738	0.00187867712	-0.01120137659
0.03610994501	0.00170862884	-0.01100375026
0.03611762327	0.00153780049	-0.01079945452
0.03612451508	0.00136636409	-0.01058843718
0.03613060720	0.00119447246	-0.01037062796
0.03613588779	0.00102232779	-0.01014602686
0.03614034827	0.00085015756	-0.00991468918
0.03614398652	0.00067807038	-0.00967652964
0.03614680234	0.00050618336	-0.00943146698
0.03614879641	0.00033475192	-0.00917961201
0.03614997456	0.00016395228	-0.00892099781
0.03615034584	-0.00000606065	-0.00865564565
0.03614992219	-0.00017511794	-0.00838360776
0.03614871858	-0.00034305386	-0.00810494247
0.03614675015	-0.00050989615	-0.00781940045
0.03614404283	-0.00067506222	-0.00752768453
0.03614061791	-0.00083861647	-0.00722961620
0.03613649633	-0.00100058671	-0.00692497890
0.03613171524	-0.00116047180	-0.00661442917
0.03612630220	-0.00131826801	-0.00629792926
0.03612028197	-0.00147403221	-0.00597525897
0.03611370590	-0.00162720221	-0.00564729831
0.03610659156	-0.00177808507	-0.00531349503
0.03609899213	-0.00192621597	-0.00497460468
0.03609093587	-0.00207168745	-0.00463048770
0.03608246619	-0.00221431134	-0.00428146420
0.03607362549	-0.00235395089	-0.00392784412
0.03606444603	-0.00249063710	-0.00356959978
0.03605498246	-0.00262407706	-0.00320738838
0.03604525531	-0.00275447095	-0.00284088967
0.03603533015	-0.00288140967	-0.00247106160
0.03602521683	-0.00300521095	-0.00209737492
0.03601498497	-0.00312544371	-0.00172088042
0.03600464741	-0.00324236111	-0.00134125854
0.03599425498	-0.00335576360	-0.00095910115
0.03598384243	-0.00346563487	-0.00057471725
0.03597342854	-0.00357211138	-0.00018799043
0.03596307083	-0.00367492551	0.00020019250
0.03595278317	-0.00377424474	0.00058987905
0.03594258974	-0.00387011418	0.00098095414
0.03593253693	-0.00396236431	0.00137267529
0.03592263711	-0.00405113362	0.00176499034
0.03591291389	-0.00413644256	0.00215760560
0.03590338613	-0.00421834151	0.00255033001
0.03589408240	-0.00429678831	0.00294267201
0.03588501582	-0.00437186239	0.00333441396
0.03587620064	-0.00444362107	0.00372529904
0.03586765044	-0.00451211624	0.00411504636
0.03585937732	-0.00457740087	0.00450338064
0.03585139127	-0.00463953495	0.00489003136
0.03584370033	-0.00469858356	0.00527473379
0.03583630657	-0.00475464747	0.00565737297
0.03582922513	-0.00480771958	0.00603746832
0.03582245411	-0.00485791341	0.00641484937
0.03581599200	-0.00490532951	0.00678935411
0.03580983751	-0.00495005842	0.00716088869
0.03580400367	-0.00499207993	0.00752883324
0.03579846818	-0.00503162168	0.00789353467
0.03579325007	-0.00506860835	0.00825420672
0.03578832250	-0.00510328457	0.00861128641
0.03578370225	-0.00513558116	0.00896405190
0.03577937066	-0.00516567284	0.00931259299
0.03577532018	-0.00519365060	0.00965686040
0.03577155105	-0.00521954752	0.00999654352
0.03576805401	-0.00524345812	0.01033151436
0.03576481872	-0.00526548032	0.01066170226
0.03576183722	-0.00528569194	0.01098698769
0.03575910101	-0.00530417153	0.01130726099
0.03575660106	-0.00532099815	0.01162242228
0.03575432638	-0.00533626143	0.01193248202
0.03575227185	-0.00535000917	0.01223726325
0.03575042817	-0.00536231541	0.01253663301
0.03574878057	-0.00537328845	0.01283068467
0.03574732121	-0.00538298869	0.01311941141
0.03574604683	-0.00539144476	0.01340249742
0.03574493727	-0.00539879621	0.01368033461
0.03574399522	-0.00540502975	0.01395248763
0.03574320361	-0.00541026212	0.01421915477
0.03574255290	-0.00541455937	0.01448047395
0.03574204295	-0.00541792459	0.01473611266
0.03574165800	-0.00542046345	0.01498627899
0.03574139087	-0.00542222457	0.01523098372
0.03574123433	-0.00542325637	0.01547024394
0.03574118111	-0.00542360710	0.01570408267
0.03574122410	-0.00542332376	0.01593252868
0.03574135628	-0.00542245258	0.01615561607
0.03574157071	-0.00542103900	0.01637338398
0.03574186045	-0.00541912840	0.01658587625
0.03574221882	-0.00541676420	0.01679314114
0.03574263807	-0.00541399710	0.01699542965
0.03574311876	-0.00541082267	0.01719249990
0.03574365162	-0.00540730155	0.01738445497
0.03574422687	-0.00540349760	0.01757177666
0.03574485096	-0.00539936763	0.01775387025
0.03574550738	-0.00539502021	0.01793145906
0.03574620190	-0.00539041653	0.01810401484
0.03574692009	-0.00538565175	0.01827231120
0.03574767025	-0.00538067026	0.01843569576
0.03574843904	-0.00537556015	0.01859469396
0.03574922525	-0.00537032912	0.01874946341
0.03575003084	-0.00536496372	0.01889970614
0.03575084759	-0.00535951840	0.01904573946
0.03575167338	-0.00535400702	0.01918764511
0.03575250602	-0.00534844407	0.01932556857
0.03575334511	-0.00534283206	0.01945950216
0.03575418826	-0.00533718675	0.01958948522
0.03575503215	-0.00533153044	0.01971567070
0.03575587515	-0.00532587392	0.01983814129
0.03575671561	-0.00532022831	0.01995697941
0.03575755209	-0.00531460342	0.02007226709
0.03575838309	-0.00530900926	0.02018408582
0.03575920718	-0.00530345574	0.02029261878
0.03576002489	-0.00529793932	0.02039782852
0.03576083467	-0.00529247057	0.02049976089
0.03576163451	-0.00528706327	0.02059854353
0.03576242331	-0.00528172505	0.02069425382
0.03576319999	-0.00527646353	0.02078710277
0.03576396555	-0.00527127207	0.02087715266
0.03576472077	-0.00526614556	0.02096414066
0.03576546162	-0.00526111169	0.02104835503
0.03576618730	-0.00525617607	0.02112939518
0.03576693308	-0.00525109883	0.02122517227
0.03576917504	-0.00523580533	0.02131983307
0.03577287397	-0.00521047297	0.02141226777
0.03577796557	-0.00517539572	0.02150139267
0.03578436218	-0.00513098080	0.02158616284
0.03579195517	-0.00507774416	0.02166558445
0.03580061771	-0.00501630469	0.02173872634
0.03581020803	-0.00494737723	0.02180473099
0.03582057302	-0.00487176449	0.02186282456
0.03583155185	-0.00479034791	0.02191232595
0.03584297972	-0.00470407759	0.02195265481
0.03585469149	-0.00461396134	0.02198333832
0.03586652506	-0.00452105306	0.02200401673
0.03587832446	-0.00442644042	0.02201444762
0.03551150838	0.00938351893	-0.01407711635
0.03554060011	0.00927272337	-0.01427265356
0.03555579965	0.00921426969	-0.01434954901
0.03556871989	0.00916426868	-0.01440726310
0.03558079744	0.00911726431	-0.01445456786
0.03559223543	0.00907250970	-0.01449543971
0.03560331429	0.00902893496	-0.01453160384
0.03561436176	0.00898525967	-0.01456374011
0.03562509495	0.00894260952	-0.01459322715
0.03563586494	0.00889959463	-0.01461998983
0.03564672884	0.00885597980	-0.01464430582
0.03565746881	0.00881263711	-0.01466691221
0.03566828392	0.00876876145	-0.01468766375
0.03567931390	0.00872377297	-0.01470643916
0.03569038504	0.00867836797	-0.01472371696
0.03570152444	0.00863242769	-0.01473956230
0.03571280830	0.00858562625	-0.01475390728
0.03572424752	0.00853790339	-0.01476679025
0.03573585144	0.00848920355	-0.01477823922
0.03574762799	0.00843947559	-0.01478827225
0.03575959429	0.00838862750	-0.01479687562
0.03577173322	0.00833671143	-0.01480410437
0.03578404180	0.00828371941	-0.01480997933
0.03579657838	0.00822937613	-0.01481436969
0.03580930618	0.00817381467	-0.01481735395
0.03582223108	0.00811698314	-0.01481891229
0.03583535966	0.00805882453	-0.01481901992
0.03584869380	0.00799930048	-0.01481765549
0.03586223518	0.00793837155	-0.01481479730
0.03587601296	0.00787587134	-0.01481034554
0.03589012974	0.00781128943	-0.01480398478
0.03590431376	0.00774583166	-0.01479638713
0.03591872031	0.00767874900	-0.01478713877
0.03593354895	0.00760905478	-0.01477562551
0.03594836830	0.00753873140	-0.01476297909
0.03596359418	0.00746575839	-0.01474800938
0.03597890694	0.00739161081	-0.01473155345
0.03599458351	0.00731488981	-0.01471275144
0.03601031863	0.00723703026	-0.01469243985
0.03602645631	0.00715626305	-0.01466950930
0.03604268054	0.00707409601	-0.01464483654
0.03605910985	0.00698986779	-0.01461800257
0.03607579321	0.00690324558	-0.01458874882
0.03609269780	0.00681430996	-0.01455706440
0.03610973224	0.00672345839	-0.01452316355
0.03612695319	0.00663030229	-0.01448675670
0.03614434671	0.00653481875	-0.01444777189
0.03616189808	0.00643698551	-0.01440613541
0.03617959182	0.00633678080	-0.01436177207
0.03619741138	0.00623418514	-0.01431460277
0.03621533945	0.00612917967	-0.01426454710
0.03623342365	0.00602135079	-0.01421122635
0.03625153866	0.00591131118	-0.01415498668
0.03626968918	0.00579890524	-0.01409565566
0.03628792742	0.00568365891	-0.01403279540
0.03630618117	0.00556586596	-0.01396650175
0.03632439106	0.00544575698	-0.01389686382
0.03634263393	0.00532265106	-0.01382324518
0.03636077277	0.00519729338	-0.01374609320
0.03637883341	0.00506933279	-0.01366503532
0.03639683736	0.00493840920	-0.01357962700
0.03641464560	0.00480533465	-0.01349037786
0.03643229531	0.00466963741	-0.01339678615
0.03644975139	0.00453136605	-0.01329872971
0.03646697835	0.00439057452	-0.01319608525
0.03648394048	0.00424732175	-0.01308872938
0.03650060204	0.00410167110	-0.01297653966
0.03651692733	0.00395369106	-0.01285939422
0.03653288080	0.00380345576	-0.01273717175
0.03654842720	0.00365104425	-0.01260975274
0.03656353181	0.00349654065	-0.01247701975
0.03657817795	0.00333984320	-0.01233866502
0.03659232163	0.00318114011	-0.01219462794
0.03660589905	0.00302089546	-0.01204516795
0.03661894356	0.00285843092	-0.01188938012
0.03663134700	0.00269482312	-0.01172811607
0.03664315500	0.00252919879	-0.01156025705
0.03665427196	0.00236262616	-0.01138666729
0.03666471981	0.00219453322	-0.01120653811
0.03667445663	0.00202531125	-0.01102001517
0.03668345229	0.00185525816	-0.01082720510
0.03669169775	0.00168433107	-0.01062784144
0.03669917441	0.00151269724	-0.01042187049
0.03670586739	0.00134050503	-0.01020922121
0.03671176301	0.00116795185	-0.00998989054
0.03671685051	0.00099526050	-0.00976392902
0.03672112592	0.00082253623	-0.00953125180
0.03672458706	0.00064989270	-0.00929177796
0.03672723201	0.00047758087	-0.00904561198
0.03672906421	0.00030577359	-0.00879278375
0.03673009028	0.00013462281	-0.00853331202
0.03673031963	-0.00003570534	-0.00826724563
0.03672976464	-0.00020504773	-0.00799463949
0.03672843860	-0.00037343376	-0.00771525143
0.03672636310	-0.00054028531	-0.00742975892
0.03672355769	-0.00070566659	-0.00713798959
0.03672004139	-0.00086960658	-0.00683973357
0.03671584729	-0.00103160679	-0.00653562456
0.03671100099	-0.00119166308	-0.00622562679
0.03670552556	-0.00134983276	-0.00590952766
0.03669946813	-0.00150555446	-0.00558817799
0.03669284575	-0.00165913410	-0.00526104547
0.03668570796	-0.00181010676	-0.00492886120
0.03667808179	-0.00195856353	-0.00459149223
0.03667000835	-0.00210431520	-0.00424924951
0.03666152812	-0.00224722293	-0.00390243499
0.03665267216	-0.00238731617	-0.00355102418
0.03664349288	-0.00252429879	-0.00319565528
0.03663401052	-0.00265836950	-0.00283602145
0.03662428833	-0.00278911442	-0.00247305240
0.03661433655	-0.00291685005	-0.00210623964
0.03660422277	-0.00304113962	-0.00173660307
0.03659396033	-0.00316223380	-0.00136383784
0.03658359913	-0.00327992828	-0.00098852031
0.03657317391	-0.00339420174	-0.00061095410
0.03656270382	-0.00350518816	-0.00023103076
0.03655224598	-0.00361261245	0.00015038687
0.03654181518	-0.00371663806	0.00053333947
0.03653143613	-0.00381730650	0.00091771123
0.03652115565	-0.00391444057	0.00130277830
0.03651098733	-0.00400817407	0.00168848461
0.03650095578	-0.00409852196	0.00207454056
0.03649108102	-0.00418552999	0.00246075612
0.03648139281	-0.00426914904	0.00284664989
0.03647190582	-0.00434945297	0.00323200548
0.03646263582	-0.00442649340	0.00361656863
0.03645359800	-0.00450031639	0.00400006177
0.03644480616	-0.00457096911	0.00438221283
0.03643627203	-0.00463850572	0.00476275428
0.03642800547	-0.00470298545	0.00514142419
0.03642001029	-0.00476450475	0.00551810604
0.03641230359	-0.00482304904	0.00589232890
0.03640488543	-0.00487872644	0.00626392208
0.03639775618	-0.00493163257	0.00663272341
0.03639091621	-0.00498185428	0.00699863738
0.03638438088	-0.00502936206	0.00736105791
0.03637812920	-0.00507438376	0.00772031680
0.03637218266	-0.00511683337	0.00807564696
0.03636651552	-0.00515695684	0.00842746792
0.03636114692	-0.00519467513	0.00877507544
0.03635605969	-0.00523016050	0.00911855212
0.03635124773	-0.00526350109	0.00945784655
0.03634671305	-0.00529472433	0.00979265380
0.03634244796	-0.00532392065	0.01012284594
0.03633844352	-0.00535118470	0.01044835095
0.03633469316	-0.00537659073	0.01076904966
0.03633118971	-0.00540021382	0.01108483259
0.03632792540	-0.00542212976	0.01139559995
0.03632489022	-0.00544242645	0.01170135933
0.03632208033	-0.00546114783	0.01200193659
0.03631948761	-0.00547836424	0.01229720009
0.03631709798	-0.00549418321	0.01258723824
0.03631490435	-0.00550866378	0.01287204275
0.03631290488	-0.00552182890	0.01315130497
0.03631107922	-0.00553382153	0.01342540393
0.03630943163	-0.00554462166	0.01369391543
0.03630794523	-0.00555434680	0.01395703046
0.03630661062	-0.00556306391	0.01421488216
0.03630542893	-0.00557077063	0.01446714651
0.03630438438	-0.00557757384	0.01471402452
0.03630347014	-0.00558352136	0.01495552602
0.03630267930	-0.00558866091	0.01519166706
0.03630200486	-0.00559304017	0.01542246958
0.03630143993	-0.00559670566	0.01564796117
0.03630097765	-0.00559970324	0.01586817475
0.03630061123	-0.00560207810	0.01608314817
0.03630033382	-0.00560387542	0.01629292396
0.03630013880	-0.00560513856	0.01649754902
0.03630001791	-0.00560592138	0.01669726771
0.03629997248	-0.00560621554	0.01689184521
0.03629999308	-0.00560608217	0.01708138168
0.03630006879	-0.00560559189	0.01726634623
0.03630020767	-0.00560469249	0.01744616110
0.03630039140	-0.00560350242	0.01762152997
0.03630062717	-0.00560197484	0.01779193984
0.03630089856	-0.00560021597	0.01795814366
0.03630121561	-0.00559816041	0.01811950785
0.03630156362	-0.00559590327	0.01827654377
0.03630194097	-0.00559345479	0.01842940585
0.03630235042	-0.00559079680	0.01857780510
0.03630278289	-0.00558798797	0.01872205074
0.03630323603	-0.00558504330	0.01886222324
0.03630370725	-0.00558197945	0.01899846514
0.03630419617	-0.00557879877	0.01913077000
0.03630470026	-0.00557551739	0.01925917696
0.03630521575	-0.00557215973	0.01938383570
0.03630574079	-0.00556873779	0.01950482769
0.03630627346	-0.00556526388	0.01962223410
0.03630681207	-0.00556174901	0.01973613576
0.03630735489	-0.00555820437	0.01984661297
0.03630789994	-0.00555464282	0.01995384504
0.03630844785	-0.00555106026	0.02005779663
0.03630899690	-0.00554746782	0.02015851327
0.03630954470	-0.00554388119	0.02025612008
0.03631008991	-0.00554030917	0.02035069337
0.03631063084	-0.00553676283	0.02044243956
0.03631116833	-0.00553323677	0.02053142045
0.03631170384	-0.00552972146	0.02061738105
0.03631223247	-0.00552624897	0.02070060268
0.03631275447	-0.00552281789	0.02078069591
0.03631325958	-0.00551949576	0.02087484891
0.03631528883	-0.00550612858	0.02096808666
0.03631880747	-0.00548287139	0.02105931605
0.03632375558	-0.00544999406	0.02114746748
0.03633004966	-0.00540787823	0.02123150747
0.03633758475	-0.00535701309	0.02131045072
0.03634623720	-0.00529798984	0.02138337170
0.03635586767	-0.00523149509	0.02144941547
0.03636632459	-0.00515830306	0.02150780774
0.03637744774	-0.00507926679	0.02155786389
0.03638907184	-0.00499530837	0.02159899708
0.03640103018	-0.00490740838	0.02163072505
0.03641315795	-0.00481659453	0.02165267583
0.03642529537	-0.00472392976	0.02166459205
0.03608285934	0.00945207400	-0.01379232258
0.03611083456	0.00934462779	-0.01398534096
0.03612551983	0.00928769390	-0.01406134780
0.03613802682	0.00923891003	-0.01411843354
0.03614973496	0.00919299205	-0.01416526774
0.03616083561	0.00914922994	-0.01420576017
0.03617159809	0.00910658731	-0.01424161569
0.03618233909	0.00906381701	-0.01427351625
0.03619278262	0.00902202454	-0.01430280088
0.03620326912	0.00897985220	-0.01432941211
0.03621385367	0.00893707130	-0.01435362503
0.03622432414	0.00889453659	-0.01437615218
0.03623487382	0.00885146090	-0.01439686043
0.03624563852	0.00880727706	-0.01441563762
0.03625644922	0.00876266686	-0.01443294469
0.03626733221	0.00871751427	-0.01444884673
0.03627836164	0.00867150032	-0.01446328084
0.03628954813	0.00862456592	-0.01447628520
0.03630090087	0.00857665649	-0.01448788776
0.03631242767	0.00852772171	-0.01449810665
0.03632414531	0.00847767115	-0.01450692936
0.03633603725	0.00842655552	-0.01451440900
0.03634810070	0.00837436661	-0.01452056587
0.03636039268	0.00832083441	-0.01452527482
0.03637287752	0.00826608868	-0.01452861101
0.03638556113	0.00821007810	-0.01453055537
0.03639845009	0.00815274628	-0.01453108403
0.03641154643	0.00809405506	-0.01453017627
0.03642485201	0.00803396522	-0.01452781104
0.03643839548	0.00797231307	-0.01452389226
0.03645227730	0.00790859789	-0.01451811686
0.03646623239	0.00784400002	-0.01451112835
0.03648041252	0.00777778522	-0.01450253006
0.03649501303	0.00770898595	-0.01449173215
0.03650961267	0.00763954341	-0.01447981862
0.03652461809	0.00756747740	-0.01446564815
0.03653971709	0.00749423215	-0.01445002216
0.03655518084	0.00741843611	-0.01443211537
0.03657071098	0.00734149435	-0.01441272890
0.03658664452	0.00726167222	-0.01439079792
0.03660267248	0.00718044625	-0.01436716188
0.03661891117	0.00709716742	-0.01434141826
0.03663540899	0.00701150834	-0.01431331767
0.03665213421	0.00692354670	-0.01428284809
0.03666899755	0.00683367099	-0.01425021379
0.03668605498	0.00674149914	-0.01421513575
0.03670329323	0.00664700735	-0.01417754335
0.03672069827	0.00655017249	-0.01413736428
0.03673825531	0.00645097184	-0.01409452473
0.03675594853	0.00634938490	-0.01404894707
0.03677376134	0.00624539174	-0.01400055232
0.03679174113	0.00613858495	-0.01394897474
0.03680976498	0.00602956408	-0.01389454464
0.03682783791	0.00591817504	-0.01383709469
0.03684601193	0.00580395088	-0.01377620214
0.03686421634	0.00568717805	-0.01371195639
0.03688239297	0.00556808131	-0.01364444097
0.03690061831	0.00544599017	-0.01357304176
0.03691875739	0.00532163445	-0.01349818590
0.03693683622	0.00519466751	-0.01341951302
0.03695487677	0.00506473335	-0.01333659265
0.03697274165	0.00493262767	-0.01324991164
0.03699046823	0.00479788505	-0.01315898505
0.03700802219	0.00466055090	-0.01306369215
0.03702536873	0.00452067593	-0.01296391108
0.03704247282	0.00437831570	-0.01285951980
0.03705929929	0.00423353011	-0.01275039712
0.03707581295	0.00408638409	-0.01263642235
0.03709197865	0.00393694812	-0.01251747528
0.03710776150	0.00378529747	-0.01239343741
0.03712312700	0.00363151246	-0.01226419217
0.03713805876	0.00347549021	-0.01212943968
0.03715251284	0.00331741318	-0.01198911754
0.03716642495	0.00315773613	-0.01184347216
0.03717982916	0.00299578783	-0.01169162844
0.03719261575	0.00283262674	-0.01153440269
0.03720483135	0.00266738916	-0.01137071389
0.03721637826	0.00250112582	-0.01120139066
0.03722727887	0.00233326999	-0.01102565083
0.03723748996	0.00216420477	-0.01084363076
0.03724698002	0.00199422176	-0.01065542997
0.03725573922	0.00182327624	-0.01046078858
0.03726374762	0.00165153078	-0.01025965154
0.03727098894	0.00147912943	-0.01005194720
0.03727744778	0.00130626488	-0.00983766960
0.03728311146	0.00113315527	-0.00961686479
0.03728797430	0.00095990264	-0.00938944843
0.03729203231	0.00078661728	-0.00915533999
0.03729528124	0.00061354568	-0.00891463793
0.03729772226	0.00044085734	-0.00866736914
0.03729935979	0.00026870128	-0.00841355001
0.03730020087	0.00009724080	-0.00815322616
0.03730025548	-0.00007336356	-0.00788644929
0.03729953515	-0.00024314267	-0.00761298419
0.03729805745	-0.00041152333	-0.00733348391
0.03729584023	-0.00057856949	-0.00704778203
0.03729290069	-0.00074431105	-0.00675567523
0.03728926813	-0.00090825270	-0.00645777517
0.03728496622	-0.00107038985	-0.00615404803
0.03728001638	-0.00123078004	-0.00584428860
0.03727446175	-0.00138886347	-0.00552931948
0.03726831882	-0.00154494443	-0.00520862772
0.03726163362	-0.00169855852	-0.00488292075
0.03725443193	-0.00184979526	-0.00455207202
0.03724675261	-0.00199846468	-0.00421638366
0.03723863421	-0.00214442609	-0.00387614987
0.03723010658	-0.00228770736	-0.00353134925
0.03722121988	-0.00242800970	-0.00318260160
0.03721199399	-0.00256553002	-0.00282961310
0.03720248981	-0.00269985055	-0.00247328600
0.03719271784	-0.00283128603	-0.00211313198
0.03718274361	-0.00295939491	-0.00175014096
0.03717258079	-0.00308442509	-0.00138402231
0.03716227829	-0.00320616796	-0.00101533732
0.03715187065	-0.00332459747	-0.00064438438
0.03714137730	-0.00343984496	-0.00027106272
0.03713085475	-0.00355162867	0.00010378814
0.03712031857	-0.00366010790	0.00048020230
0.03710979387	-0.00376532066	0.00085806325
0.03709932766	-0.00386708266	0.00123666533
0.03708893457	-0.00396552305	0.00161594870
0.03707864007	-0.00406065155	0.00199562781
0.03706846513	-0.00415250933	0.00237551364
0.03705844052	-0.00424104079	0.00275513479
0.03704858223	-0.00432631430	0.00313427608
0.03703890740	-0.00440837605	0.00351268585
0.03702943263	-0.00448726642	0.00389008983
0.03702017322	-0.00456302702	0.00426621910
0.03701114248	-0.00463570634	0.00464080912
0.03700235191	-0.00470535802	0.00501360077
0.03699380690	-0.00477207419	0.00538447605
0.03698552633	-0.00483583323	0.00575297352
0.03697751206	-0.00489673797	0.00611892234
0.03696976620	-0.00495487920	0.00648216024
0.03696229068	-0.00501034013	0.00684259017
0.03695510298	-0.00506308253	0.00719961955
0.03694818339	-0.00511333403	0.00755356551
0.03694155564	-0.00516099869	0.00790367976
0.03693519512	-0.00520632331	0.00825036476
0.03692912311	-0.00524921967	0.00859293359
0.03692332392	-0.00528985743	0.00893146183
0.03691779281	-0.00532832194	0.00926589607
0.03691253350	-0.00536463524	0.00959593699
0.03690753981	-0.00539888377	0.00992145677
0.03690280413	-0.00543115898	0.01024238213
0.03689832128	-0.00546153162	0.01055859430
0.03689408536	-0.00549007345	0.01086998406
0.03689008985	-0.00551685707	0.01117645172
0.03688632572	-0.00554196858	0.01147800214
0.03688279038	-0.00556544827	0.01177446398
0.03687947690	-0.00558736295	0.01206570696
0.03687637189	-0.00560781927	0.01235181467
0.03687346905	-0.00562687489	0.01263277745
0.03687076789	-0.00564454745	0.01290829368
0.03686824804	-0.00566098292	0.01317872984
0.03686591522	-0.00567615502	0.01344367267
0.03686375281	-0.00569018186	0.01370330609
0.03686175166	-0.00570313117	0.01395775855
0.03685991409	-0.00571499552	0.01420671442
0.03685822441	-0.00572588280	0.01445036781
0.03685667619	-0.00573584006	0.01468872765
0.03685526286	-0.00574491432	0.01492180902
0.03685397774	-0.00575315268	0.01514963281
0.03685281420	-0.00576060119	0.01537222551
0.03685176563	-0.00576730534	0.01558961886
0.03685082539	-0.00577331005	0.01580184955
0.03684998678	-0.00577866031	0.01600895879
0.03684924331	-0.00578339940	0.01621099222
0.03684858629	-0.00578758407	0.01640818769
0.03684801779	-0.00579120243	0.01660031733
0.03684752832	-0.00579431599	0.01678747846
0.03684710590	-0.00579700164	0.01697012778
0.03684676015	-0.00579919885	0.01714770415
0.03684647109	-0.00580103520	0.01732089205
0.03684624730	-0.00580245647	0.01748919341
0.03684607049	-0.00580357906	0.01765334098
0.03684595243	-0.00580432860	0.01781271959
0.03684587711	-0.00580480667	0.01796782684
0.03684584258	-0.00580502590	0.01811881405
0.03684585236	-0.00580496378	0.01826540103
0.03684589661	-0.00580468291	0.01840788910
0.03684597279	-0.00580419936	0.01854635748
0.03684607793	-0.00580353183	0.01868094584
0.03684621168	-0.00580268259	0.01881164898
0.03684637144	-0.00580166810	0.01893850582
0.03684655301	-0.00580051481	0.01906166288
0.03684675432	-0.00579923586	0.01918120041
0.03684697325	-0.00579784469	0.01929719840
0.03684720787	-0.00579635345	0.01940973647
0.03684745621	-0.00579477449	0.01951889375
0.03684771583	-0.00579312341	0.01962484580
0.03684798742	-0.00579139565	0.01972755933
0.03684826915	-0.00578960291	0.01982707956
0.03684855824	-0.00578776265	0.01992352917
0.03684885315	-0.00578588478	0.02001698338
0.03684915160	-0.00578398366	0.02010764414
0.03684945427	-0.00578205504	0.02019557277
0.03684976329	-0.00578008535	0.02028052199
0.03685007296	-0.00577811071	0.02036276630
0.03685038455	-0.00577612322	0.02044192729
0.03685064402	-0.00577446760	0.02053448029
0.03685244928	-0.00576293529	0.02062630956
0.03685576997	-0.00574166007	0.02071633847
0.03686055059	-0.00571088879	0.02080351152
0.03686671184	-0.00567097864	0.02088680668
0.03687415269	-0.00562239311	0.02096524740
0.03688275287	-0.00556569687	0.02103791403
0.03689237584	-0.00550154936	0.02110395463
0.03690287208	-0.00543069732	0.02116259492
0.03691408247	-0.00535396638	0.02121314740
0.03692584196	-0.00527225154	0.02125501938
0.03693798297	-0.00518650697	0.02128771997
0.03695033882	-0.00509773498	0.02131086578
0.03696274677	-0.00500697435	0.02132418543
0.03666536632	0.00951679697	-0.01350927524
0.03669224953	0.00941261578	-0.01369970537
0.03670642890	0.00935716778	-0.01377478924
0.03671852834	0.00930957507	-0.01383121800
0.03672987118	0.00926472206	-0.01387755529
0.03674063760	0.00922193365	-0.01391764360
0.03675108604	0.00918020625	-0.01395316680
0.03676152215	0.00913832594	-0.01398480817
0.03677167719	0.00909737701	-0.01401386770
0.03678188079	0.00905603429	-0.01404030482
0.03679218605	0.00901407552	-0.01406439193
0.03680238676	0.00897233749	-0.01408681744
0.03681267033	0.00893005124	-0.01410745990
0.03682316855	0.00888666247	-0.01412621599
0.03683371726	0.00884283802	-0.01414352940
0.03684434194	0.00879846457	-0.01415946511
0.03685511461	0.00875323018	-0.01417396507
0.03686604567	0.00870707690	-0.01418706723
0.03687714412	0.00865995111	-0.01419879947
0.03688841764	0.00861180330	-0.01420917998
0.03689988267	0.00856254466	-0.01421819737
0.03691152324	0.00851222436	-0.01422590290
0.03692333680	0.00846083397	-0.01423231632
0.03693537893	0.00840810886	-0.01423731803
0.03694761514	0.00835417542	-0.01424097988
0.03696005133	0.00829898289	-0.01424328355
0.03697269410	0.00824247551	-0.01424420609
0.03698554560	0.00818461533	-0.01424372738
0.03699860785	0.00812536332	-0.01424182699
0.03701190897	0.00806455864	-0.01423841252
0.03702554714	0.00800171049	-0.01423319302
0.03703926424	0.00793797308	-0.01422678401
0.03705320837	0.00787262731	-0.01421880559
0.03706757038	0.00780472535	-0.01420869178
0.03708193962	0.00773616607	-0.01419747988
0.03709671311	0.00766501066	-0.01418407635
0.03711158644	0.00759267170	-0.01416924771
0.03712682465	0.00751780573	-0.01415220261
0.03714213666	0.00744178716	-0.01413370748
0.03715785203	0.00736291684	-0.01411274121
0.03717366916	0.00728263915	-0.01409010667
0.03718970201	0.00720031775	-0.01406541753
0.03720599829	0.00711563087	-0.01403843345
0.03722252738	0.00702865328	-0.01400914132
0.03723920224	0.00693976428	-0.01397773567
0.03725607799	0.00684858849	-0.01394394782
0.03727314204	0.00675510132	-0.01390770854
0.03729038104	0.00665927874	-0.01386894689
0.03730778091	0.00656109712	-0.01382759051
0.03732532652	0.00646053498	-0.01378356317
0.03734300200	0.00635757131	-0.01373678739
0.03736085442	0.00625180524	-0.01368691024
0.03737876340	0.00614382277	-0.01363424645
0.03739673427	0.00603347146	-0.01357863376
0.03741481868	0.00592029181	-0.01351966436
0.03743294755	0.00580456280	-0.01345742138
0.03745106397	0.00568650322	-0.01339198288
0.03746924390	0.00556545355	-0.01332275679
0.03748735463	0.00544212774	-0.01325015037
0.03750542227	0.00531618396	-0.01317381533
0.03752346912	0.00518727063	-0.01309333510
0.03754135974	0.00505616660	-0.01300917422
0.03755913152	0.00492241311	-0.01292086431
0.03757675097	0.00478605250	-0.01282828618
0.03759418404	0.00464713226	-0.01273131944
0.03761139638	0.00450570460	-0.01262984345
0.03762835348	0.00436182601	-0.01252373834
0.03764502070	0.00421555790	-0.01241288469
0.03766136336	0.00406696710	-0.01229716344
0.03767734698	0.00391612519	-0.01217645716
0.03769293733	0.00376310868	-0.01205065023
0.03770811838	0.00360781376	-0.01191945065
0.03772284631	0.00345041712	-0.01178279436
0.03773705653	0.00329136390	-0.01164091494
0.03775078370	0.00312999067	-0.01149296691
0.03776391695	0.00296733690	-0.01133973170
0.03777650366	0.00280254937	-0.01118016581
0.03778844444	0.00263666045	-0.01101506258
0.03779976205	0.00246910935	-0.01084366626
0.03781041214	0.00230027072	-0.01066610406
0.03782036199	0.00213042974	-0.01048246855
0.03782960104	0.00195953996	-0.01029250644
0.03783810815	0.00178775926	-0.01009616144
0.03784586572	0.00161522735	-0.00989336137
0.03785285678	0.00144213212	-0.00968409749
0.03785906688	0.00126868696	-0.00946841145
0.03786448873	0.00109499066	-0.00924621950
0.03786911663	0.00092115019	-0.00901744157
0.03787294409	0.00074740739	-0.00878217021
0.03787597019	0.00057392831	-0.00854042939
0.03787819721	0.00040085901	-0.00829223320
0.03787962993	0.00022835985	-0.00803762415
0.03788027599	0.00005658867	-0.00777665074
0.03788014525	-0.00011448668	-0.00750908482
0.03787925139	-0.00028429857	-0.00723555511
0.03787761059	-0.00045291051	-0.00695590119
0.03787523826	-0.00062035323	-0.00666992629
0.03787216000	-0.00078613511	-0.00637822015
0.03786839757	-0.00095025107	-0.00608075089
0.03786397073	-0.00111275875	-0.00577732073
0.03785891872	-0.00127310057	-0.00546872415
0.03785325738	-0.00143157875	-0.00515446748
0.03784702928	-0.00158773001	-0.00483523457
0.03784025891	-0.00174164211	-0.00451090528
0.03783298285	-0.00189312454	-0.00418177291
0.03782523767	-0.00204203495	-0.00384812391
0.03781705196	-0.00218839957	-0.00350994000
0.03780847356	-0.00233191737	-0.00316782251
0.03779952189	-0.00247278314	-0.00282149066
0.03779025543	-0.00261057583	-0.00247181921
0.03778068486	-0.00274560797	-0.00211834000
0.03777087351	-0.00287743389	-0.00176201290
0.03776083529	-0.00300629837	-0.00140256150
0.03775061798	-0.00313198884	-0.00104053196
0.03774025579	-0.00325447458	-0.00067621736
0.03772976832	-0.00337388410	-0.00030952462
0.03771921134	-0.00348992946	0.00005873017
0.03770860103	-0.00360276564	0.00042857460
0.03769796277	-0.00371242706	0.00079989146
0.03768734361	-0.00381872276	0.00117199341
0.03767675910	-0.00392177709	0.00154481689
0.03766623540	-0.00402159453	0.00191808048
0.03765579429	-0.00411821171	0.00229159625
0.03764546743	-0.00421156668	0.00266490285
0.03763527197	-0.00430172234	0.00303778645
0.03762522629	-0.00438871940	0.00340999804
0.03761534829	-0.00447259263	0.00378126672
0.03760565463	-0.00455337806	0.00415132684
0.03759616007	-0.00463111858	0.00451991692
0.03758687767	-0.00470586219	0.00488678073
0.03757781428	-0.00477769665	0.00525179886
0.03756899045	-0.00484659344	0.00561451947
0.03756040975	-0.00491265008	0.00597477168
0.03755207596	-0.00497595246	0.00633239318
0.03754399250	-0.00503658004	0.00668728541
0.03753617884	-0.00509448618	0.00703886949
0.03752861659	-0.00514989788	0.00738744784
0.03752133158	-0.00520270969	0.00773229114
0.03751430033	-0.00525316878	0.00807378479
0.03750754620	-0.00530117816	0.00841125931
0.03750105495	-0.00534690468	0.00874478335
0.03749482321	-0.00539043079	0.00907430150
0.03748885635	-0.00543177328	0.00939952016
0.03748314970	-0.00547101456	0.00972031170
0.03747769700	-0.00550824282	0.01003660163
0.03747249443	-0.00554352532	0.01034827163
0.03746753739	-0.00557693046	0.01065521282
0.03746282063	-0.00560852762	0.01095732566
0.03745833612	-0.00563840108	0.01125461232
0.03745408252	-0.00566658751	0.01154690430
0.03745005411	-0.00569315019	0.01183407277
0.03744623827	-0.00571819477	0.01211619653
0.03744262948	-0.00574177752	0.01239326452
0.03743922866	-0.00576391091	0.01266498233
0.03743601545	-0.00578474362	0.01293170376
0.03743299708	-0.00580424338	0.01319302669
0.03743015724	-0.00582252873	0.01344912788
0.03742748708	-0.00583966805	0.01370013114
0.03742499013	-0.00585564904	0.01394572933
0.03742265085	-0.00587058046	0.01418610961
0.03742046326	-0.00588450856	0.01442128004
0.03741842120	-0.00589747966	0.01465125476
0.03741651835	-0.00590954026	0.01487605361
0.03741474840	-0.00592073592	0.01509570201
0.03741310499	-0.00593111176	0.01531023057
0.03741158173	-0.00594071241	0.01551967476
0.03741017212	-0.00594958264	0.01572407454
0.03740886981	-0.00595776563	0.01592347427
0.03740766577	-0.00596532091	0.01611810525
0.03740656283	-0.00597223318	0.01630774663
0.03740555146	-0.00597856432	0.01649249293
0.03740461873	-0.00598439717	0.01667278825
0.03740377581	-0.00598966334	0.01684808834
0.03740300112	-0.00599449904	0.01701905822
0.03740230465	-0.00599884308	0.01718521498
0.03740166633	-0.00600282159	0.01734727091
0.03740109960	-0.00600635165	0.01750462952
0.03740058727	-0.00600954101	0.01765777445
0.03740012703	-0.00601240464	0.01780685391
0.03739972324	-0.00601491592	0.01795159662
0.03739936528	-0.00601714119	0.01809229593
0.03739905047	-0.00601909758	0.01822902978
0.03739877550	-0.00602080581	0.01836193496
0.03739854006	-0.00602226807	0.01849100748
0.03739834147	-0.00602350120	0.01861628611
0.03739817518	-0.00602453359	0.01873791414
0.03739803890	-0.00602537951	0.01885597062
0.03739793030	-0.00602605352	0.01897053429
0.03739784725	-0.00602656893	0.01908168360
0.03739778758	-0.00602693919	0.01918949649
0.03739774835	-0.00602718260	0.01929414472
0.03739773037	-0.00602729418	0.01939559706
0.03739773165	-0.00602728619	0.01949389843
0.03739774911	-0.00602717786	0.01958916905
0.03739778097	-0.00602698019	0.01968148304
0.03739782440	-0.00602671070	0.01977103780
0.03739787989	-0.00602636632	0.01985789416
0.03739795026	-0.00602592963	0.01994181268
0.03739802905	-0.00602544066	0.02002306096
0.03739811852	-0.00602488529	0.02010127178
0.03739812186	-0.00602486459	0.02019219402
0.03739968744	-0.00601513851	0.02028258101
0.03740278941	-0.00599581988	0.02037137303
0.03740737677	-0.00596713287	0.02045752908
0.03741337466	-0.00592941043	0.02054003907
0.03742068620	-0.00588309066	0.02061793563
0.03742919489	-0.00582871182	0.02069030550
0.03743876738	-0.00576690633	0.02075630021
0.03744925663	-0.00569839357	0.02081514604
0.03746050524	-0.00562397177	0.02086615307
0.03747234892	-0.00554450885	0.02090872328
0.03748461989	-0.00546093248	0.02094235759
0.03749715025	-0.00537421943	0.02096666165
0.03750977507	-0.00528538418	0.02098135054
0.03724895544	0.00957656930	-0.01323292642
0.03727479005	0.00947551517	-0.01342074913
0.03728848084	0.00942149445	-0.01349489413
0.03730018570	0.00937504706	-0.01355065068
0.03731117392	0.00933121971	-0.01359647508
0.03732161532	0.00928936979	-0.01363614320
0.03733175781	0.00924852528	-0.01367131763
0.03734189625	0.00920750483	-0.01370268228
0.03735176931	0.00916737094	-0.01373149933
0.03736169591	0.00912683074	-0.01375774408
0.03737172721	0.00908566819	-0.01378168613
0.03738166301	0.00904470186	-0.01380399064
0.03739168483	0.00900318091	-0.01382454723
0.03740192049	0.00896056387	-0.01384326096
0.03741221071	0.00891750249	-0.01386055892
0.03742258017	0.00887388609	-0.01387650593
0.03743309878	0.00882940974	-0.01389104854
0.03744377670	0.00878401657	-0.01390422443
0.03745462275	0.00873765391	-0.01391606140
0.03746564447	0.00869027302	-0.01392657767
0.03747685797	0.00864178670	-0.01393576293
0.03748824787	0.00859224258	-0.01394366663
0.03749981179	0.00854163194	-0.01395030799
0.03751160393	0.00848969560	-0.01395557271
0.03752359091	0.00843655652	-0.01395952949
0.03753577865	0.00838216451	-0.01396216073
0.03754817373	0.00832646444	-0.01396344434
0.03756077844	0.00826941857	-0.01396336079
0.03757359493	0.00821098806	-0.01396189024
0.03758665077	0.00815101495	-0.01395894385
0.03760004178	0.00808901842	-0.01395424230
0.03761351693	0.00802612641	-0.01394837426
0.03762722057	0.00796163506	-0.01394097590
0.03764133889	0.00789461635	-0.01393150425
0.03765547212	0.00782692662	-0.01392095168
0.03767000732	0.00775666872	-0.01390827063
0.03768464811	0.00768522335	-0.01389419406
0.03769965315	0.00761127539	-0.01387796328
0.03771473885	0.00753616840	-0.01386031137
0.03773022704	0.00745823898	-0.01384025929
0.03774582371	0.00737889917	-0.01381857477
0.03776164037	0.00729752543	-0.01379488704
0.03777772394	0.00721380168	-0.01376896451
0.03779404491	0.00712779979	-0.01374079306
0.03781051854	0.00703988983	-0.01371055785
0.03782719902	0.00694970322	-0.01367800019
0.03784407443	0.00685721458	-0.01364305224
0.03786113205	0.00676239903	-0.01360564441
0.03787835849	0.00666523211	-0.01356570574
0.03789573931	0.00656569135	-0.01352316143
0.03791325936	0.00646375477	-0.01347793545
0.03793096522	0.00635902812	-0.01342968731
0.03794873923	0.00625208381	-0.01337871673
0.03796658694	0.00614277112	-0.01332486638
0.03798455955	0.00603063817	-0.01326774292
0.03800258965	0.00591595648	-0.01320742350
0.03802062163	0.00579893887	-0.01314398093
0.03803873072	0.00567893703	-0.01307684450
0.03805678669	0.00555664895	-0.01300640234
0.03807481563	0.00543173777	-0.01293231784
0.03809284010	0.00530385655	-0.01285418803
0.03811072677	0.00517376710	-0.01277245584
0.03812851298	0.00504101761	-0.01268666904
0.03814616605	0.00490564740	-0.01259670998
0.03816365273	0.00476770084	-0.01250245977
0.03818093938	0.00462722692	-0.01240379920
0.03819799215	0.00448427880	-0.01230060979
0.03821477701	0.00433891448	-0.01219277337
0.03823125981	0.00419119724	-0.01208017213
0.03824740649	0.00404119506	-0.01196268971
0.03826318321	0.00388898074	-0.01184021154
0.03827857424	0.00373444977	-0.01171245333
0.03829353601	0.00357777311	-0.01157934951
0.03830800385	0.00341938619	-0.01144112126
0.03832201281	0.00325863393	-0.01129695202
0.03833545126	0.00309653634	-0.01114758935
0.03834836714	0.00293225139	-0.01099202632
0.03836065979	0.00276679260	-0.01083102209
0.03837235218	0.00259960562	-0.01066384667
0.03838339907	0.00243105663	-0.01049061848
0.03839376669	0.00226142433	-0.01031142337
0.03840344384	0.00209066073	-0.01012601459
0.03841240829	0.00191891908	-0.00993433469
0.03842064127	0.00174633480	-0.00973631108
0.03842812441	0.00157309103	-0.00953193239
0.03843484162	0.00139939637	-0.00932123607
0.03844078416	0.00122534645	-0.00910413900
0.03844594472	0.00105104496	-0.00888056163
0.03845031478	0.00087672905	-0.00865059084
0.03845389146	0.00070256132	-0.00841424779
0.03845667501	0.00052868481	-0.00817154441
0.03845866812	0.00035525695	-0.00792252018
0.03845987622	0.00018243285	-0.00766722060
0.03846030755	0.00001017924	-0.00740542443
0.03845997216	-0.00016094229	-0.00713773668
0.03845888458	-0.00033099470	-0.00686400280
0.03845705854	-0.00050000936	-0.00658403251
0.03845451607	-0.00066749884	-0.00629839412
0.03845127708	-0.00083345754	-0.00600705768
0.03844735974	-0.00099794300	-0.00570983273
0.03844279947	-0.00116040052	-0.00540748620
0.03843761149	-0.00132112983	-0.00509954336
0.03843183498	-0.00147966930	-0.00478666495
0.03842549312	-0.00163610484	-0.00446873710
0.03841862025	-0.00179024559	-0.00414604449
0.03841125095	-0.00194194778	-0.00381886595
0.03840341252	-0.00209123591	-0.00348718625
0.03839515047	-0.00223780720	-0.00315158861
0.03838648372	-0.00238185405	-0.00281180501
0.03837746826	-0.00252295283	-0.00246868322
0.03836811488	-0.00266141337	-0.00212177483
0.03835848466	-0.00279678669	-0.00177201019
0.03834859163	-0.00292931411	-0.00141912679
0.03833848235	-0.00305877951	-0.00106365593
0.03832819060	-0.00318514771	-0.00070588539
0.03831773605	-0.00330854418	-0.00034572963
0.03830717355	-0.00342867548	0.00001601836
0.03829651979	-0.00354569213	0.00037937981
0.03828580032	-0.00365962495	0.00074423689
0.03827506203	-0.00377027685	0.00110992032
0.03826432126	-0.00387776731	0.00147636298
0.03825360472	-0.00398209575	0.00184328757
0.03824293488	-0.00408329429	0.00221050727
0.03823234407	-0.00418129494	0.00257757073
0.03822185052	-0.00427615521	0.00294426548
0.03821147366	-0.00436791044	0.00331034523
0.03820123253	-0.00445658992	0.00367554246
0.03819114504	-0.00454222424	0.00403959481
0.03818122727	-0.00462485078	0.00440224391
0.03817149365	-0.00470451204	0.00476323644
0.03816195243	-0.00478129141	0.00512245168
0.03815262563	-0.00485515377	0.00547944734
0.03814351845	-0.00492619136	0.00583405255
0.03813463620	-0.00499448521	0.00618610508
0.03812598375	-0.00506011106	0.00653550492
0.03811758237	-0.00512301425	0.00688168680
0.03810941498	-0.00518342078	0.00722493868
0.03810150932	-0.00524121629	0.00756455009
0.03809384310	-0.00529664785	0.00790088958
0.03808644157	-0.00534961023	0.00823330502
0.03807929192	-0.00540026735	0.00856185827
0.03807239214	-0.00544869873	0.00888649201
0.03806574915	-0.00549491608	0.00920691835
0.03805935973	-0.00553899788	0.00952300993
0.03805321899	-0.00558102904	0.00983469111
0.03804732441	-0.00562107339	0.01014184411
0.03804167269	-0.00565919601	0.01044436040
0.03803625981	-0.00569546313	0.01074214067
0.03803107877	-0.00572995714	0.01103518446
0.03802612944	-0.00576271121	0.01132332617
0.03802140731	-0.00579378520	0.01160643845
0.03801690056	-0.00582328365	0.01188459537
0.03801260450	-0.00585126143	0.01215778459
0.03800852137	-0.00587772610	0.01242571884
0.03800463096	-0.00590282869	0.01268873943
0.03800094193	-0.00592653133	0.01294645529
0.03799743836	-0.00594895279	0.01319903618
0.03799411174	-0.00597016199	0.01344660128
0.03799096680	-0.00599014208	0.01368885194
0.03798798823	-0.00600900251	0.01392596847
0.03798517051	-0.00602678871	0.01415795811
0.03798250793	-0.00604354630	0.01438483406
0.03797999457	-0.00605932119	0.01460661519
0.03797762446	-0.00607415845	0.01482332586
0.03797539157	-0.00608810281	0.01503499557
0.03797328978	-0.00610119858	0.01524165864
0.03797131281	-0.00611349033	0.01544335382
0.03796945453	-0.00612502113	0.01564012420
0.03796770559	-0.00613585307	0.01583219457
0.03796606961	-0.00614596769	0.01601935113
0.03796453710	-0.00615542719	0.01620168560
0.03796309419	-0.00616431997	0.01637962960
0.03796175360	-0.00617257033	0.01655265566
0.03796049228	-0.00618032254	0.01672140948
0.03795932158	-0.00618750890	0.01688542326
0.03795821975	-0.00619426463	0.01704538893
0.03795720188	-0.00620049890	0.01720072858
0.03795624966	-0.00620632519	0.01735191205
0.03795536049	-0.00621176069	0.01749908437
0.03795453951	-0.00621677500	0.01764198320
0.03795377544	-0.00622143797	0.01778089394
0.03795306545	-0.00622576772	0.01791589329
0.03795240593	-0.00622978692	0.01804711515
0.03795179662	-0.00623349773	0.01817455678
0.03795123480	-0.00623691735	0.01829825677
0.03795071556	-0.00624007605	0.01841835524
0.03795023645	-0.00624298918	0.01853493000
0.03794979495	-0.00624567240	0.01864805860
0.03794938874	-0.00624814010	0.01875781832
0.03794901547	-0.00625040685	0.01886428591
0.03794867173	-0.00625249348	0.01896762932
0.03794835843	-0.00625439469	0.01906781942
0.03794807350	-0.00625612331	0.01916490081
0.03794781349	-0.00625770021	0.01925899128
0.03794757645	-0.00625913750	0.01935016384
0.03794735901	-0.00626045567	0.01943861139
0.03794716148	-0.00626165284	0.01952439422
0.03794698736	-0.00626270798	0.01960728075
0.03794682943	-0.00626366483	0.01968753169
0.03794669099	-0.00626450346	0.01976479097
0.03794643479	-0.00626605518	0.01985408129
0.03794775207	-0.00625807267	0.01994301823
0.03795062143	-0.00624064852	0.02003055907
0.03795499640	-0.00621398493	0.02011567750
0.03796080664	-0.00617839138	0.02019737557
0.03796795958	-0.00613428122	0.02027469545
0.03797634270	-0.00608216702	0.02034673062
0.03798582617	-0.00602265479	0.02041263655
0.03799626583	-0.00595643716	0.02047164056
0.03800750643	-0.00588428550	0.02052305086
0.03801938498	-0.00580704112	0.02056626472
0.03803173413	-0.00572560565	0.02060077550
0.03804438543	-0.00564093063	0.02062617860
0.03805717242	-0.00555400652	0.02064217617
0.03782347705	0.00963062127	-0.01296776707
0.03784832229	0.00953251184	-0.01315301441
0.03786154954	0.00947983908	-0.01322622405
0.03787287915	0.00943447442	-0.01328130745
0.03788352926	0.00939161822	-0.01332661434
0.03789366022	0.00935065758	-0.01336585583
0.03790351002	0.00931065037	-0.01340067336
0.03791336312	0.00927044656	-0.01343175081
0.03792296557	0.00923108685	-0.01346031442
0.03793262589	0.00919130977	-0.01348635407
0.03794239340	0.00915090518	-0.01351013656
0.03795207384	0.00911067362	-0.01353230505
0.03796184301	0.00906988191	-0.01355275943
0.03797182480	0.00902800109	-0.01357141252
0.03798186478	0.00898566804	-0.01358867582
0.03799198685	0.00894277460	-0.01360461388
0.03800225885	0.00889902267	-0.01361917753
0.03801269071	0.00885435641	-0.01363240421
0.03802329106	0.00880872406	-0.01364432157
0.03803406734	0.00876207761	-0.01365494786
0.03804503529	0.00871433142	-0.01366427377
0.03805618011	0.00866553159	-0.01367234703
0.03806749962	0.00861566914	-0.01367918636
0.03807904660	0.00856449017	-0.01368468247
0.03809078881	0.00851211433	-0.01368890104
0.03810273214	0.00845849193	-0.01369182518
0.03811488316	0.00840356852	-0.01369343360
0.03812724428	0.00834730651	-0.01369370732
0.03813981776	0.00828966728	-0.01369262710
0.03815263062	0.00823049569	-0.01369010741
0.03816577630	0.00816932078	-0.01368587995
0.03817901082	0.00810724461	-0.01368050804
0.03819247478	0.00804357832	-0.01367364305
0.03820634969	0.00797741348	-0.01366476373
0.03822024662	0.00791056448	-0.01365482005
0.03823454267	0.00784117526	-0.01364280787
0.03824894945	0.00777059512	-0.01362942847
0.03826371922	0.00769753688	-0.01361395405
0.03827857587	0.00762331370	-0.01359708617
0.03829383340	0.00754629749	-0.01357788558
0.03830920547	0.00746786839	-0.01355708681
0.03832480104	0.00738741550	-0.01353433382
0.03834066622	0.00730462840	-0.01350940332
0.03835677258	0.00721957614	-0.01348228028
0.03837303765	0.00713261970	-0.01345314100
0.03838951468	0.00704339725	-0.01342173630
0.03840619234	0.00695188265	-0.01338799962
0.03842305855	0.00685805027	-0.01335186275
0.03844010056	0.00676187483	-0.01331325604
0.03845730459	0.00666333295	-0.01327210612
0.03847465615	0.00656240172	-0.01322833833
0.03849220129	0.00645869355	-0.01318162403
0.03850982509	0.00635276744	-0.01313224876
0.03852753329	0.00624447440	-0.01308005989
0.03854537653	0.00613337021	-0.01302467787
0.03856328908	0.00601971906	-0.01296617418
0.03858121666	0.00590372793	-0.01290461675
0.03859923363	0.00578475974	-0.01283945519
0.03861721232	0.00566349670	-0.01277105948
0.03863517874	0.00553960700	-0.01269910421
0.03865315559	0.00541274843	-0.01262319936
0.03867101183	0.00528366597	-0.01254376741
0.03868878463	0.00515191480	-0.01246037152
0.03870644211	0.00501753140	-0.01237289558
0.03872395181	0.00488055718	-0.01228122218
0.03874128083	0.00474103803	-0.01218523358
0.03875839601	0.00459902396	-0.01208481266
0.03877526391	0.00445456969	-0.01197984255
0.03879185095	0.00430773516	-0.01187020666
0.03880812356	0.00415858485	-0.01175578979
0.03882404830	0.00400718807	-0.01163647839
0.03883960973	0.00385343976	-0.01151199561
0.03885476465	0.00369750537	-0.01138227456
0.03886944844	0.00353981072	-0.01124752464
0.03888369642	0.00337970935	-0.01110695697
0.03889739656	0.00321820188	-0.01096128689
0.03891059714	0.00305445777	-0.01080954247
0.03892319663	0.00288947171	-0.01065245029
0.03893521810	0.00272269610	-0.01048930503
0.03894661564	0.00255448876	-0.01032021684
0.03895735457	0.00238512200	-0.01014526522
0.03896742314	0.00221454650	-0.00996420972
0.03897679819	0.00204291103	-0.00977699190
0.03898545992	0.00187034687	-0.00958353885
0.03899338871	0.00169703251	-0.00938383675
0.03900056704	0.00152317185	-0.00917791910
0.03900698483	0.00134885749	-0.00896570346
0.03901263334	0.00117418996	-0.00874711086
0.03901750221	0.00099940176	-0.00852222280
0.03902158673	0.00082465208	-0.00829105782
0.03902488535	0.00065008105	-0.00805362583
0.03902739878	0.00047584315	-0.00780996350
0.03902913045	0.00030209079	-0.00756011342
0.03903008705	0.00012878978	-0.00730386112
0.03903027530	-0.00004350464	-0.00704178887
0.03902970817	-0.00021485480	-0.00677374779
0.03902839776	-0.00038529257	-0.00649955388
0.03902636282	-0.00055433499	-0.00621975490
0.03902362147	-0.00072197596	-0.00593432278
0.03902019034	-0.00088827275	-0.00564307410
0.03901610129	-0.00105267410	-0.00534674937
0.03901136883	-0.00121547687	-0.00504489205
0.03900602898	-0.00137622156	-0.00473814070
0.03900010361	-0.00153499216	-0.00442638747
0.03899362486	-0.00169159768	-0.00410990874
0.03898662541	-0.00184589313	-0.00378897601
0.03897913125	-0.00199790129	-0.00346357698
0.03897118560	-0.00214731808	-0.00313427742
0.03896280684	-0.00229433330	-0.00280082159
0.03895404851	-0.00243852143	-0.00246403120
0.03894492144	-0.00258018925	-0.00212347690
0.03893548440	-0.00271888521	-0.00178006053
0.03892575152	-0.00285484697	-0.00143353296
0.03891576805	-0.00298785532	-0.00108441108
0.03890556726	-0.00311787086	-0.00073297756
0.03889516877	-0.00324501594	-0.00037915407
0.03888462644	-0.00336899228	-0.00002371128
0.03887395734	-0.00348994595	0.00033336599
0.03886318707	-0.00360790426	0.00069195934
0.03885236223	-0.00372266454	0.00105141701
0.03884149981	-0.00383434148	0.00141166848
0.03883062693	-0.00394292967	0.00177244050
0.03881976661	-0.00404845686	0.00213354739
0.03880895169	-0.00415084943	0.00249454753
0.03879820131	-0.00425015966	0.00285522984
0.03878753582	-0.00434641776	0.00321535073
0.03877697526	-0.00443964774	0.00357464602
0.03876653860	-0.00452987496	0.00393285662
0.03875624309	-0.00461713156	0.00428972722
0.03874610439	-0.00470145472	0.00464500742
0.03873613203	-0.00478292354	0.00499857525
0.03872634932	-0.00486149673	0.00534999779
0.03871676294	-0.00493726138	0.00569910425
0.03870737963	-0.00501029382	0.00604573253
0.03869820557	-0.00508066607	0.00638978130
0.03868926368	-0.00514831607	0.00673069857
0.03868053812	-0.00521346846	0.00706875833
0.03867205838	-0.00527600066	0.00740326847
0.03866380331	-0.00533615927	0.00773458125
0.03865579988	-0.00539383146	0.00806206147
0.03864803669	-0.00544917814	0.00838576446
0.03864051296	-0.00550227592	0.00870563111
0.03863323711	-0.00555313176	0.00902137912
0.03862620732	-0.00560182026	0.00933288147
0.03861941996	-0.00564842318	0.00964006148
0.03861287378	-0.00569300100	0.00994280191
0.03860656674	-0.00573561563	0.01024099467
0.03860049600	-0.00577633022	0.01053454073
0.03859465556	-0.00581522526	0.01082343712
0.03858904648	-0.00585233064	0.01110752108
0.03858366541	-0.00588770290	0.01138666677
0.03857850135	-0.00592144544	0.01166094375
0.03857355040	-0.00595361169	0.01193033842
0.03856881611	-0.00598420470	0.01219457053
0.03856427847	-0.00601337744	0.01245396929
0.03855994750	-0.00604108688	0.01270815441
0.03855580773	-0.00606745190	0.01295728887
0.03855185101	-0.00609254182	0.01320148742
0.03854808324	-0.00611633558	0.01344045965
0.03854448935	-0.00613894315	0.01367437928
0.03854106435	-0.00616040917	0.01390325276
0.03853780298	-0.00618077858	0.01412709243
0.03853469973	-0.00620009669	0.01434591622
0.03853174903	-0.00621840809	0.01455974751
0.03852894517	-0.00623575710	0.01476861473
0.03852628233	-0.00625218776	0.01497255109
0.03852375452	-0.00626774439	0.01517159419
0.03852135582	-0.00628246992	0.01536578593
0.03851907666	-0.00629642880	0.01555534478
0.03851692139	-0.00630959973	0.01574006377
0.03851488060	-0.00632204511	0.01592003197
0.03851293964	-0.00633385845	0.01609566881
0.03851111265	-0.00634495742	0.01626646320
0.03850937527	-0.00635549359	0.01643304206
0.03850774012	-0.00636539340	0.01659495228
0.03850618396	-0.00637480033	0.01675286598
0.03850472340	-0.00638361641	0.01690622336
0.03850333915	-0.00639196031	0.01705548081
0.03850202832	-0.00639985134	0.01720078031
0.03850079684	-0.00640725564	0.01734186819
0.03849963282	-0.00641424628	0.01747902213
0.03849853329	-0.00642084235	0.01761231764
0.03849749440	-0.00642706831	0.01774188580
0.03849651596	-0.00643292635	0.01786772507
0.03849559519	-0.00643843406	0.01798987388
0.03849472691	-0.00644362341	0.01810846925
0.03849390849	-0.00644851082	0.01822358782
0.03849313725	-0.00645311296	0.01833530596
0.03849241071	-0.00645744529	0.01844369979
0.03849172635	-0.00646152340	0.01854884492
0.03849108035	-0.00646537053	0.01865090560
0.03849047370	-0.00646898112	0.01874985471
0.03848990423	-0.00647236852	0.01884573658
0.03848936824	-0.00647555520	0.01893866658
0.03848886354	-0.00647855426	0.01902871669
0.03848838628	-0.00648138902	0.01911607537
0.03848793662	-0.00648405870	0.01920080242
0.03848751868	-0.00648653902	0.01928267389
0.03848712454	-0.00648887714	0.01936194379
0.03848675851	-0.00649104779	0.01943826697
0.03848624645	-0.00649408321	0.01952595402
0.03848731419	-0.00648775224	0.01961345986
0.03848994462	-0.00647212833	0.01969975857
0.03849409576	-0.00644739280	0.01978383838
0.03849970171	-0.00641383275	0.01986471353
0.03850667427	-0.00637183793	0.01994143583
0.03851490503	-0.00632189631	0.02001310579
0.03852426783	-0.00626458862	0.02007888314
0.03853462168	-0.00620058176	0.02013799669
0.03854581385	-0.00613062127	0.02018975340
0.03855768310	-0.00605552281	0.02023354647
0.03857006301	-0.00597616281	0.02026886246
0.03858278518	-0.00589346841	0.02029528733
0.03859568232	-0.00580840673	0.02031251127
0.03840901931	0.00968102906	-0.01270435976
0.03843289836	0.00958579218	-0.01288697916
0.03844567049	0.00953443806	-0.01295922693
0.03845663080	0.00949013359	-0.01301361498
0.03846694740	0.00944822980	-0.01305838375
0.03847677162	0.00940814191	-0.01309717921
0.03848633174	0.00936895712	-0.01313162116
0.03849590190	0.00932955653	-0.01316239277
0.03850523576	0.00929095838	-0.01319068492
0.03851463136	0.00925193275	-0.01321650140
0.03852413622	0.00921227534	-0.01324010608
0.03853356214	0.00917276823	-0.01326212055
0.03854307916	0.00913269606	-0.01328245459
0.03855280721	0.00909154246	-0.01330102853
0.03856259677	0.00904992918	-0.01331823855
0.03857247099	0.00900775056	-0.01333414894
0.03858249560	0.00896471537	-0.01334871464
0.03859268029	0.00892076881	-0.01336197281
0.03860303353	0.00887585999	-0.01337395095
0.03861356263	0.00882994164	-0.01338466731
0.03862428296	0.00878292968	-0.01339411354
0.03863518031	0.00873486865	-0.01340233569
0.03864625270	0.00868574925	-0.01340935197
0.03865755145	0.00863532302	-0.01341505796
0.03866904546	0.00858370616	-0.01341951644
0.03868074061	0.00853084956	-0.01342271116
0.03869264343	0.00847669938	-0.01342462163
0.03870475644	0.00842121825	-0.01342522944
0.03871708202	0.00836436775	-0.01342451587
0.03872964660	0.00830599559	-0.01342239869
0.03874254115	0.00824564087	-0.01341862034
0.03875552893	0.00818437935	-0.01341371942
0.03876874667	0.00812153743	-0.01340736212
0.03878237102	0.00805622657	-0.01339904842
0.03879602422	0.00799021857	-0.01338968691
0.03881007306	0.00792169912	-0.01337831587
0.03882423740	0.00785198563	-0.01336560566
0.03883876284	0.00777981935	-0.01335085865
0.03885338100	0.00770648253	-0.01333474561
0.03886839774	0.00763038304	-0.01331636625
0.03888353462	0.00755286856	-0.01329642264
0.03889889794	0.00747334108	-0.01327457314
0.03891453296	0.00739149599	-0.01325060263
0.03893041229	0.00730739950	-0.01322449520
0.03894645583	0.00722140333	-0.01319641854
0.03896271580	0.00713315257	-0.01316613274
0.03897918145	0.00704262037	-0.01313357260
0.03899584133	0.00694978035	-0.01309867121
0.03901268331	0.00685460641	-0.01306136031
0.03902969427	0.00675707433	-0.01302156791
0.03904686037	0.00665716030	-0.01297922078
0.03906422703	0.00655448357	-0.01293400189
0.03908168220	0.00644958949	-0.01288618295
0.03909923179	0.00634233092	-0.01283561597
0.03911692575	0.00623227151	-0.01278193495
0.03913470009	0.00611966807	-0.01272520592
0.03915250192	0.00600472162	-0.01266549200
0.03917040458	0.00588680672	-0.01260226281
0.03918828312	0.00576658947	-0.01253587061
0.03920616342	0.00564374330	-0.01246600099
0.03922406819	0.00551793100	-0.01239227674
0.03924186894	0.00538988038	-0.01231510032
0.03925960250	0.00525915389	-0.01223405004
0.03927723786	0.00512578522	-0.01214901140
0.03929474336	0.00498981284	-0.01205986852
0.03931208687	0.00485127962	-0.01196650516
0.03932923593	0.00471023245	-0.01186880561
0.03934615777	0.00456672282	-0.01176665437
0.03936281939	0.00442080734	-0.01165993613
0.03937918777	0.00427254710	-0.01154853687
0.03939522990	0.00412200790	-0.01143234414
0.03941093069	0.00396908433	-0.01131108855
0.03942624732	0.00381393632	-0.01118470193
0.03944111543	0.00365697985	-0.01105338218
0.03945557044	0.00349757769	-0.01091636778
0.03946950027	0.00333671040	-0.01077434239
0.03948295337	0.00317355970	-0.01062636867
0.03949582764	0.00300910079	-0.01047314116
0.03950814617	0.00284279335	-0.01031397897
0.03951986253	0.00267498667	-0.01014898416
0.03953094130	0.00250594659	-0.00997823003
0.03954137017	0.00233562261	-0.00980148245
0.03955112519	0.00216415897	-0.00961868207
0.03956018564	0.00199168285	-0.00942975573
0.03956853075	0.00181836807	-0.00923468728
0.03957614170	0.00164441373	-0.00903350640
0.03958300714	0.00146990942	-0.00882613136
0.03958911702	0.00129495255	-0.00861248384
0.03959445923	0.00111977087	-0.00839264010
0.03959902739	0.00094452010	-0.00816661613
0.03960281818	0.00076933739	-0.00793441989
0.03960583047	0.00059437425	-0.00769608530
0.03960806575	0.00041978033	-0.00745165218
0.03960952926	0.00024552064	-0.00720091276
0.03961022448	0.00007214358	-0.00694442685
0.03961016291	-0.00010041242	-0.00668205119
0.03960935504	-0.00027217957	-0.00641360807
0.03960781643	-0.00044267990	-0.00613962489
0.03960556348	-0.00061190672	-0.00586007546
0.03960261125	-0.00077991692	-0.00557478338
0.03959898816	-0.00094616322	-0.00528446293
0.03959470801	-0.00111093925	-0.00498867567
0.03958980364	-0.00127378814	-0.00468803809
0.03958429563	-0.00143479181	-0.00438244835
0.03957821395	-0.00159375934	-0.00407217458
0.03957158932	-0.00175054469	-0.00375748098
0.03956444641	-0.00190516883	-0.00343835815
0.03955682614	-0.00205732681	-0.00311535447
0.03954874628	-0.00220720552	-0.00278822642
0.03954025786	-0.00235437816	-0.00245776975
0.03953137169	-0.00249914799	-0.00212357402
0.03952214420	-0.00264106158	-0.00178651267
0.03951258948	-0.00278035259	-0.00144634983
0.03950275144	-0.00291679903	-0.00110358806
0.03949266271	-0.00305035738	-0.00075850481
0.03948234281	-0.00318114670	-0.00041102893
0.03947184446	-0.00330886437	-0.00006190877
0.03946118502	-0.00343365184	0.00028886489
0.03945039004	-0.00355553287	0.00064117310
0.03943950571	-0.00367429962	0.00099438165
0.03942854954	-0.00379006188	0.00134841673
0.03941754897	-0.00390280945	0.00170300920
0.03940652743	-0.00401256574	0.00205797456
0.03939551820	-0.00411925166	0.00241288096
0.03938454117	-0.00422291432	0.00276751884
0.03937361750	-0.00432357878	0.00312164732
0.03936276812	-0.00442126384	0.00347500570
0.03935201297	-0.00451598971	0.00382733818
0.03934137036	-0.00460778326	0.00417839262
0.03933085708	-0.00469667644	0.00452792158
0.03932048382	-0.00478274398	0.00487580198
0.03931027511	-0.00486593861	0.00522161027
0.03930023901	-0.00494634226	0.00556517588
0.03929038363	-0.00502402653	0.00590633692
0.03928071637	-0.00509905965	0.00624499079
0.03927126170	-0.00517137244	0.00658059886
0.03926200502	-0.00524118784	0.00691342123
0.03925297744	-0.00530837549	0.00724278423
0.03924415897	-0.00537318106	0.00756902394
0.03923557819	-0.00543548453	0.00789152209
0.03922722508	-0.00549544361	0.00821032761
0.03921910011	-0.00555313196	0.00852537964
0.03921121312	-0.00560855187	0.00883640157
0.03920356364	-0.00566177412	0.00914326675
0.03919614933	-0.00571287722	0.00944589753
0.03918897020	-0.00576191834	0.00974417731
0.03918202542	-0.00580895620	0.01003799847
0.03917531336	-0.00585405088	0.01032726232
0.03916882901	-0.00589728091	0.01061196340
0.03916257463	-0.00593867294	0.01089194191
0.03915654803	-0.00597828027	0.01116707354
0.03915073902	-0.00601620499	0.01143742337
0.03914514456	-0.00605249913	0.01170297661
0.03913976948	-0.00608716132	0.01196346007
0.03913459403	-0.00612034625	0.01221919086
0.03912962957	-0.00615200599	0.01246979956
0.03912486112	-0.00618225933	0.01271544240
0.03912028096	-0.00621117590	0.01295622966
0.03911589610	-0.00623873067	0.01319187929
0.03911169183	-0.00626503394	0.01342255842
0.03910766367	-0.00629012959	0.01364827273
0.03910380687	-0.00631406183	0.01386903371
0.03910011635	-0.00633687539	0.01408485839
0.03909658696	-0.00635861434	0.01429576915
0.03909321337	-0.00637932261	0.01450179342
0.03908999009	-0.00639904391	0.01470296330
0.03908691143	-0.00641782232	0.01489931524
0.03908397172	-0.00643570065	0.01509088997
0.03908116123	-0.00645274552	0.01527789960
0.03907848506	-0.00646893297	0.01546014407
0.03907593390	-0.00648432559	0.01563770980
0.03907349236	-0.00649902167	0.01581100396
0.03907117602	-0.00651293270	0.01597953196
0.03906895927	-0.00652621709	0.01614390181
0.03906685600	-0.00653879580	0.01630367522
0.03906484154	-0.00655082009	0.01645950436
0.03906293399	-0.00656218532	0.01661084769
0.03906111316	-0.00657301504	0.01675814805
0.03905937591	-0.00658333058	0.01690154435
0.03905772891	-0.00659309489	0.01704079164
0.03905615973	-0.00660238407	0.01717615989
0.03905466531	-0.00661121816	0.01730772335
0.03905324154	-0.00661962336	0.01743561029
0.03905188831	-0.00662760194	0.01755982038
0.03905060284	-0.00663517186	0.01768039189
0.03904937966	-0.00664236678	0.01779745871
0.03904821600	-0.00664920412	0.01791109631
0.03904710904	-0.00665570158	0.01802137987
0.03904605615	-0.00666187564	0.01812838434
0.03904505465	-0.00666774293	0.01823218418
0.03904410030	-0.00667332899	0.01833293991
0.03904319423	-0.00667862806	0.01843062642
0.03904233416	-0.00668365405	0.01852528777
0.03904151610	-0.00668843095	0.01861703691
0.03904073773	-0.00669297286	0.01870594476
0.03903999466	-0.00669730580	0.01879219530
0.03903928691	-0.00670143010	0.01887584785
0.03903861924	-0.00670531846	0.01895668612
0.03903798307	-0.00670902126	0.01903495740
0.03903738364	-0.00671250822	0.01911032755
0.03903661267	-0.00671699033	0.01919638539
0.03903742351	-0.00671227635	0.01928243047
0.03903980334	-0.00669842097	0.01936745400
0.03904371465	-0.00667558499	0.01945045915
0.03904909611	-0.00664403348	0.01953047276
0.03905586405	-0.00660413289	0.01960655675
0.03906391435	-0.00655634685	0.01967781910
0.03907312483	-0.00650123100	0.01974342432
0.03908335799	-0.00643942670	0.01980260325
0.03909446401	-0.00637165378	0.01985466208
0.03910628386	-0.00629870229	0.01989899046
0.03911865256	-0.00622142350	0.01993506869
0.03913140229	-0.00614072010	0.01996247377
0.03914436548	-0.00605753575	0.01998088441
0.03898533417	0.00972618561	-0.01245169270
0.03900830235	0.00963365529	-0.01263172703
0.03902064315	0.00958354709	-0.01270302197
0.03903125268	0.00954024533	-0.01275671842
0.03904125173	0.00949924365	-0.01280094880
0.03905078344	0.00945998305	-0.01283929589
0.03906006690	0.00942157844	-0.01287335811
0.03906936636	0.00938294085	-0.01290381736
0.03907844296	0.00934506623	-0.01293183092
0.03908758465	0.00930675525	-0.01295741534
0.03909683722	0.00926780914	-0.01298083160
0.03910601841	0.00922899185	-0.01300268087
0.03911529268	0.00918960531	-0.01302288208
0.03912477610	0.00914914540	-0.01304136255
0.03913432398	0.00910821902	-0.01305850403
0.03914395870	0.00906672290	-0.01307437049
0.03915374398	0.00902437249	-0.01308892069
0.03916368928	0.00898111399	-0.01310219150
0.03917380289	0.00893689732	-0.01311421025
0.03918409200	0.00889167592	-0.01312499518
0.03919457163	0.00884536724	-0.01313453882
0.03920522812	0.00879801425	-0.01314288564
0.03921605969	0.00874960738	-0.01315005336
0.03922711622	0.00869990343	-0.01315594213
0.03923836773	0.00864901526	-0.01316061200
0.03924982007	0.00859689429	-0.01316404733
0.03926147974	0.00854348731	-0.01316622840
0.03927334935	0.00848875714	-0.01316713728
0.03928543137	0.00843266558	-0.01316675581
0.03929775165	0.00837506313	-0.01316500482
0.03931039872	0.00831549874	-0.01316163693
0.03932314295	0.00825502244	-0.01315716743
0.03933611723	0.00819297553	-0.01315127648
0.03934949342	0.00812848904	-0.01314348409
0.03936290478	0.00806329300	-0.01313465987
0.03937670787	0.00799561405	-0.01312388208
0.03939063069	0.00792673835	-0.01311179193
0.03940491222	0.00785543505	-0.01309772029
0.03941929174	0.00778295609	-0.01308230892
0.03943406700	0.00770774461	-0.01306469425
0.03944896738	0.00763111652	-0.01304554777
0.03946409653	0.00755248645	-0.01302454147
0.03947949880	0.00747155549	-0.01300146792
0.03949514783	0.00738838712	-0.01297631045
0.03951096588	0.00730332401	-0.01294922860
0.03952700406	0.00721601806	-0.01291999129
0.03954325220	0.00712644174	-0.01288853458
0.03955969945	0.00703456797	-0.01285479288
0.03957633424	0.00694036993	-0.01281869922
0.03959314410	0.00684382256	-0.01278018297
0.03961011581	0.00674490122	-0.01273917227
0.03962729408	0.00664323197	-0.01269536116
0.03964456975	0.00653934677	-0.01264900827
0.03966194886	0.00643310031	-0.01259997002
0.03967948059	0.00632406412	-0.01254789332
0.03969710270	0.00621248774	-0.01249283906
0.03971476368	0.00609856644	-0.01243486584
0.03973253573	0.00598168629	-0.01237346233
0.03975029671	0.00586249760	-0.01230896402
0.03976807225	0.00574067905	-0.01224106698
0.03978588507	0.00561589848	-0.01216940621
0.03980360924	0.00548886678	-0.01209436523
0.03982128122	0.00535915372	-0.01201553682
0.03983887084	0.00522679032	-0.01193280801
0.03985634723	0.00509181228	-0.01184606448
0.03987367902	0.00495425957	-0.01175519147
0.03989083447	0.00481417613	-0.01166007469
0.03990778149	0.00467161039	-0.01156060000
0.03992448768	0.00452661577	-0.01145665336
0.03994092056	0.00437925013	-0.01134812199
0.03995704762	0.00422957593	-0.01123489454
0.03997285406	0.00407748758	-0.01111670875
0.03998829756	0.00392313967	-0.01099349537
0.04000331412	0.00376693853	-0.01086544141
0.04001793914	0.00360825630	-0.01073181148
0.04003206081	0.00344805369	-0.01059325915
0.04004572753	0.00328552487	-0.01044888010
0.04005883698	0.00312162568	-0.01029933844
0.04007141220	0.00295582325	-0.01014397662
0.04008340636	0.00278845858	-0.00998288907
0.04009478347	0.00261979115	-0.00981614327
0.04010553075	0.00244976941	-0.00964351119
0.04011562355	0.00227853328	-0.00946493266
0.04012504035	0.00210620599	-0.00928033440
0.04013375942	0.00193295679	-0.00908969809
0.04014176075	0.00175898011	-0.00889304981
0.04014903189	0.00158436267	-0.00869030861
0.04015556157	0.00140919889	-0.00848139685
0.04016133616	0.00123371180	-0.00826638584
0.04016634772	0.00105805378	-0.00804528918
0.04017059135	0.00088235906	-0.00781811305
0.04017406420	0.00070677621	-0.00758488877
0.04017676599	0.00053145217	-0.00734565356
0.04017870058	0.00035635133	-0.00710020612
0.04017986856	0.00018201502	-0.00684908482
0.04018027995	0.00000838252	-0.00659215179
0.04017994376	-0.00016457859	-0.00632923538
0.04017887262	-0.00033639554	-0.00606084356
0.04017708123	-0.00050706110	-0.00578695190
0.04017458321	-0.00067663159	-0.00550739081
0.04017140374	-0.00084456415	-0.00522284943
0.04016755587	-0.00101114893	-0.00493290665
0.04016306949	-0.00117593204	-0.00463815788
0.04015796389	-0.00133899330	-0.00433850697
0.04015226694	-0.00150014202	-0.00403421416
0.04014600750	-0.00165923130	-0.00372553666
0.04013920892	-0.00181628034	-0.00341246782
0.04013190987	-0.00197098367	-0.00309553933
0.04012412750	-0.00212352515	-0.00277451935
0.04011591041	-0.00227347728	-0.00245017870
0.04010726929	-0.00242113951	-0.00212212508
0.04009825828	-0.00256605721	-0.00179120459
0.04008889138	-0.00270845988	-0.00145719409
0.04007921109	-0.00284812315	-0.00112058228
0.04006924935	-0.00298499965	-0.00078164159
0.04005902553	-0.00311920505	-0.00044030770
0.04004859113	-0.00325043306	-0.00009730746
0.04003796372	-0.00337882050	0.00024736268
0.04002716870	-0.00350438767	0.00059358333
0.04001625173	-0.00362692213	0.00094073720
0.04000523076	-0.00374652883	0.00128874739
0.03999413340	-0.00386319302	0.00163734877
0.03998298342	-0.00397693392	0.00198635806
0.03997181435	-0.00408766739	0.00233535290
0.03996064674	-0.00419543549	0.00268412523
0.03994950243	-0.00430025840	0.00303243692
0.03993840311	-0.00440214994	0.00338003063
0.03992736953	-0.00450112535	0.00372665385
0.03991642092	-0.00459720652	0.00407205755
0.03990557509	-0.00469042036	0.00441599726
0.03989484379	-0.00478083735	0.00475834886
0.03988425257	-0.00486840461	0.00509869795
0.03987381077	-0.00495319908	0.00543687422
0.03986352774	-0.00503528775	0.00577271609
0.03985341203	-0.00511473519	0.00610611980
0.03984348945	-0.00519146561	0.00643655968
0.03983374663	-0.00526569996	0.00676428252
0.03982421609	-0.00533730076	0.00708863252
0.03981487901	-0.00540651241	0.00740993016
0.03980576538	-0.00547320833	0.00772757367
0.03979686652	-0.00553754296	0.00804160582
0.03978818407	-0.00559958706	0.00835196414
0.03977972918	-0.00565933855	0.00865837756
0.03977150270	-0.00571686448	0.00896071990
0.03976350349	-0.00577224023	0.00925891261
0.03975573275	-0.00582551976	0.00955283976
0.03974819082	-0.00587675871	0.00984239424
0.03974087722	-0.00592601421	0.01012747776
0.03973378793	-0.00597336284	0.01040808252
0.03972692631	-0.00601882818	0.01068405158
0.03972029129	-0.00606246042	0.01095526220
0.03971387354	-0.00610436033	0.01122177519
0.03970767082	-0.00614457849	0.01148357460
0.03970168918	-0.00618310952	0.01174039417
0.03969590918	-0.00622010940	0.01199253930
0.03969034346	-0.00625552578	0.01223965115
0.03968497755	-0.00628947721	0.01248187945
0.03967980417	-0.00632203351	0.01271933018
0.03967483142	-0.00635316601	0.01295172943
0.03967004495	-0.00638298523	0.01317923796
0.03966544082	-0.00641153423	0.01340186073
0.03966101477	-0.00643885659	0.01361960847
0.03965676220	-0.00646499640	0.01383249731
0.03965267838	-0.00648999725	0.01404054874
0.03964875835	-0.00651390268	0.01424378918
0.03964499700	-0.00653675607	0.01444224973
0.03964138893	-0.00655860126	0.01463596572
0.03963792878	-0.00657948088	0.01482497675
0.03963460669	-0.00659946357	0.01500948881
0.03963142845	-0.00661852294	0.01518930852
0.03962838492	-0.00663672173	0.01536451975
0.03962546009	-0.00665416257	0.01553551782
0.03962267082	-0.00667075138	0.01570182411
0.03961999043	-0.00668665274	0.01586402833
0.03961743399	-0.00670178269	0.01602170655
0.03961497554	-0.00671629953	0.01617549162
0.03961263460	-0.00673009265	0.01632485967
0.03961039014	-0.00674328998	0.01647024046
0.03960823882	-0.00675591474	0.01661176988
0.03960618803	-0.00676792705	0.01674921148
0.03960422483	-0.00677940573	0.01688282770
0.03960234612	-0.00679037174	0.01701269162
0.03960054755	-0.00680085291	0.01713892875
0.03959882911	-0.00681085161	0.01726153994
0.03959718802	-0.00682038619	0.01738056331
0.03959561855	-0.00682949184	0.01749612972
0.03959411782	-0.00683818696	0.01760831348
0.03959268289	-0.00684649022	0.01771718861
0.03959131099	-0.00685441910	0.01782282896
0.03958999929	-0.00686199117	0.01792530783
0.03958874322	-0.00686923412	0.01802478212
0.03958754396	-0.00687614207	0.01812122868
0.03958639920	-0.00688272949	0.01821469130
0.03958530467	-0.00688902175	0.01830528058
0.03958425790	-0.00689503394	0.01839306640
0.03958325405	-0.00690079455	0.01847822839
0.03958229299	-0.00690630500	0.01856082537
0.03958138006	-0.00691153526	0.01864064853
0.03958050605	-0.00691653869	0.01871793861
0.03957967716	-0.00692128045	0.01879237216
0.03957865515	-0.00692712229	0.01887683287
0.03957921291	-0.00692393472	0.01896143967
0.03958134174	-0.00691175471	0.01904520063
0.03958500845	-0.00689072365	0.01912713373
0.03959015623	-0.00686108569	0.01920627837
0.03959670583	-0.00682318505	0.01928170666
0.03960455748	-0.00677746215	0.01935253427
0.03961359309	-0.00672444864	0.01941793081
0.03962367881	-0.00666476139	0.01947712956
0.03963466797	-0.00659909552	0.01952943648
0.03964640408	-0.00652821647	0.01957423832
0.03965872398	-0.00645295121	0.01961100981
0.03967146092	-0.00637417880	0.01963931984
0.03968444760	-0.00629282017	0.01965883650
0.03957257358	0.00976786312	-0.01220076174
0.03959465286	0.00967797470	-0.01237816804
0.03960657057	0.00962908598	-0.01244848820
0.03961683526	0.00958676658	-0.01250147456
0.03962652146	0.00954664999	-0.01254514928
0.03963576454	0.00950820164	-0.01258303171
0.03964477462	0.00947056361	-0.01261669844
0.03965380612	0.00943267668	-0.01264682953
0.03966262783	0.00939551399	-0.01267454924
0.03967151759	0.00935790689	-0.01269988623
0.03968051951	0.00931966204	-0.01272309847
0.03968945734	0.00928152497	-0.01274476717
0.03969848991	0.00924281496	-0.01276482004
0.03970772947	0.00920304023	-0.01278319109
0.03971703615	0.00916279262	-0.01280024802
0.03972643163	0.00912197123	-0.01281605442
0.03973597757	0.00908029824	-0.01283057270
0.03974568319	0.00903772080	-0.01284383944
0.03975555662	0.00899418966	-0.01285588179
0.03976560491	0.00894965895	-0.01286671794
0.03977584273	0.00890404764	-0.01287634129
0.03978625699	0.00885739713	-0.01288479473
0.03979684609	0.00880969754	-0.01289209552
0.03980765847	0.00876071098	-0.01289814824
0.03981866523	0.00871054696	-0.01290301029
0.03982987223	0.00865915744	-0.01290666663
0.03984128590	0.00860648982	-0.01290909825
0.03985290894	0.00855250712	-0.01291028776
0.03986474393	0.00849717135	-0.01291021749
0.03987681607	0.00844033585	-0.01290881129
0.03988921143	0.00838155956	-0.01290583168
0.03990170758	0.00832186647	-0.01290177129
0.03991443352	0.00826061296	-0.01289632385
0.03992755618	0.00819694987	-0.01288902897
0.03994072002	0.00813256499	-0.01288071821
0.03995427120	0.00806572640	-0.01287050886
0.03996794598	0.00799768864	-0.01285901373
0.03998197658	0.00792724911	-0.01284559148
0.03999611007	0.00785562910	-0.01283085557
0.04001063588	0.00778130749	-0.01281397832
0.04002529139	0.00770556801	-0.01279560139
0.04004017751	0.00762783811	-0.01277541006
0.04005533762	0.00754782471	-0.01275320447
0.04007074640	0.00746558853	-0.01272896721
0.04008632849	0.00738146309	-0.01270284991
0.04010213386	0.00729510720	-0.01267463011
0.04011815290	0.00720649272	-0.01264424516
0.04013437531	0.00711559187	-0.01261163076
0.04015079014	0.00702237711	-0.01257672125
0.04016738550	0.00692682262	-0.01253944737
0.04018414880	0.00682890292	-0.01249973863
0.04020112396	0.00672825103	-0.01245729992
0.04021820481	0.00662538538	-0.01241237713
0.04023539747	0.00652016257	-0.01236483105
0.04025275029	0.00641216215	-0.01231432123
0.04027020281	0.00630162641	-0.01226090360
0.04028770492	0.00618874474	-0.01220463239
0.04030532759	0.00607291507	-0.01214501496
0.04032295158	0.00595477166	-0.01208237042
0.04034060224	0.00583399863	-0.01201640517
0.04035830220	0.00571026905	-0.01194676625
0.04037592827	0.00558427667	-0.01187381867
0.04039351645	0.00545559877	-0.01179716942
0.04041103741	0.00532426376	-0.01171670714
0.04042846111	0.00519030462	-0.01163231909
0.04044575694	0.00505375850	-0.01154389202
0.04046289391	0.00491466639	-0.01145131311
0.04047984062	0.00477307373	-0.01135446963
0.04049656533	0.00462903082	-0.01125324889
0.04051303612	0.00448259230	-0.01114753934
0.04052922102	0.00433381735	-0.01103723081
0.04054510555	0.00418260034	-0.01092206815
0.04056064791	0.00402909054	-0.01080198110
0.04057578462	0.00387368449	-0.01067714605
0.04059055095	0.00371576416	-0.01054685339
0.04060483559	0.00355626994	-0.01041172715
0.04061868679	0.00339440901	-0.01027089560
0.04063200229	0.00323111738	-0.01012499297
0.04064480496	0.00306587009	-0.00997338475
0.04065704773	0.00289899970	-0.00981615798
0.04066869414	0.00273075925	-0.00965337445
0.04067973101	0.00256109632	-0.00948481219
0.04069013307	0.00239014649	-0.00931041036
0.04069987809	0.00221802906	-0.00913009557
0.04070894346	0.00204490870	-0.00894384748
0.04071730813	0.00187097513	-0.00875168867
0.04072495862	0.00169631223	-0.00855353901
0.04073188252	0.00152101143	-0.00834932161
0.04073806477	0.00134529101	-0.00813910293
0.04074349601	0.00116929995	-0.00792289431
0.04074816982	0.00099316953	-0.00770070017
0.04075208174	0.00081704536	-0.00747254936
0.04075522981	0.00064107161	-0.00723847655
0.04075761655	0.00046521220	-0.00699828689
0.04075923980	0.00029000095	-0.00675249758
0.04076010816	0.00011537811	-0.00650097613
0.04076022921	-0.00005868883	-0.00624355690
0.04075961272	-0.00023173270	-0.00598072865
0.04075827178	-0.00040374566	-0.00571246876
0.04075621859	-0.00057478337	-0.00543861435
0.04075347513	-0.00074430790	-0.00515982968
0.04075005375	-0.00091260553	-0.00487571086
0.04074598141	-0.00107922583	-0.00458683234
0.04074127613	-0.00124424638	-0.00429310369
0.04073596370	-0.00140747690	-0.00399477730
0.04073007109	-0.00156876981	-0.00369210339
0.04072362033	-0.00172814243	-0.00338507807
0.04071664787	-0.00188528919	-0.00307421643
0.04070917017	-0.00204039061	-0.00275929821
0.04070123336	-0.00219301907	-0.00244106946
0.04069284800	-0.00234346983	-0.00211915583
0.04068406587	-0.00249128760	-0.00179437628
0.04067490081	-0.00263669750	-0.00146652022
0.04066539387	-0.00277947305	-0.00113606257
0.04065557625	-0.00291956312	-0.00080327070
0.04064546705	-0.00305707988	-0.00046808705
0.04063511649	-0.00319171381	-0.00013121702
0.04062454225	-0.00332359696	0.00020733737
0.04061376950	-0.00345274618	0.00054745632
0.04060284330	-0.00357894476	0.00088853946
0.04059178190	-0.00370229275	0.00123050687
0.04058061300	-0.00382277095	0.00157309752
0.04056936063	-0.00394039436	0.00191612938
0.04055805844	-0.00405507400	0.00225918960
0.04054672756	-0.00416684694	0.00260207173
0.04053539040	-0.00427572850	0.00294454042
0.04052406931	-0.00438172755	0.00328634179
0.04051278576	-0.00448485447	0.00362722666
0.04050155981	-0.00458512619	0.00396694920
0.04049041020	-0.00468256465	0.00430526795
0.04047934962	-0.00477723600	0.00464205786
0.04046840459	-0.00486908200	0.00497691371
0.04045758562	-0.00495817456	0.00530966557
0.04044690324	-0.00504457608	0.00564015221
0.04043636708	-0.00512834739	0.00596826878
0.04042600419	-0.00520940638	0.00629350268
0.04041580241	-0.00528797170	0.00661608743
0.04040579556	-0.00536389918	0.00693538516
0.04039596599	-0.00543743152	0.00725170088
0.04038634500	-0.00550843598	0.00756444931
0.04037692523	-0.00557706359	0.00787366721
0.04036770946	-0.00564338215	0.00817929052
0.04035871012	-0.00570738532	0.00848105379
0.04034992930	-0.00576913644	0.00877883134
0.04034136705	-0.00582870774	0.00907254383
0.04033302577	-0.00588614996	0.00936207604
0.04032490695	-0.00594151569	0.00964732145
0.04031701122	-0.00599485912	0.00992818218
0.04030933555	-0.00604625479	0.01020464819
0.04030188441	-0.00609572331	0.01047656542
0.04029465783	-0.00614331181	0.01074381278
0.04028764734	-0.00618911959	0.01100644682
0.04028085152	-0.00623319582	0.01126445050
0.04027427761	-0.00627553122	0.01151756452
0.04026790658	-0.00631628283	0.01176608264
0.04026175226	-0.00635539413	0.01200965658
0.04025580076	-0.00639298326	0.01224842966
0.04025004526	-0.00642912015	0.01248250359
0.04024449492	-0.00646377272	0.01271161258
0.04023913581	-0.00649705151	0.01293591109
0.04023396456	-0.00652899882	0.01315540340
0.04022897740	-0.00655965752	0.01337009946
0.04022417024	-0.00658907110	0.01358001457
0.04021953878	-0.00661728265	0.01378516930
0.04021507849	-0.00664433529	0.01398558913
0.04021078462	-0.00667027208	0.01418130411
0.04020665213	-0.00669513658	0.01437234853
0.04020267596	-0.00671897126	0.01455876086
0.04019884618	-0.00674184660	0.01474074094
0.04019516926	-0.00676373399	0.01491810213
0.04019163627	-0.00678469628	0.01509092574
0.04018823062	-0.00680484012	0.01525959520
0.04018497043	-0.00682406631	0.01542364795
0.04018182805	-0.00684254512	0.01558365533
0.04017881966	-0.00686018807	0.01573920783
0.04017591815	-0.00687716003	0.01589091891
0.04017314434	-0.00689334485	0.01603828246
0.04017047649	-0.00690887456	0.01618171509
0.04016791108	-0.00692377419	0.01632134968
0.04016545616	-0.00693800124	0.01645695830
0.04016309837	-0.00695163712	0.01658879585
0.04016083456	-0.00696470367	0.01671693423
0.04015866018	-0.00697723026	0.01684149618
0.04015657532	-0.00698921944	0.01696248371
0.04015457720	-0.00700068994	0.01707993481
0.04015265987	-0.00701167843	0.01719397729
0.04015082037	-0.00702220429	0.01730468430
0.04014905562	-0.00703228710	0.01741212870
0.04014736275	-0.00704194532	0.01751638319
0.04014573879	-0.00705119749	0.01761751996
0.04014417883	-0.00706007334	0.01771569223
0.04014268415	-0.00706856693	0.01781087883
0.04014125237	-0.00707669328	0.01790312325
0.04013987898	-0.00708447913	0.01799253376
0.04013856138	-0.00709194050	0.01807917916
0.04013729427	-0.00709910828	0.01816323474
0.04013607738	-0.00710598495	0.01824475878
0.04013491663	-0.00711253799	0.01832354998
0.04013380222	-0.00711882353	0.01839984250
0.04013274123	-0.00712480252	0.01847332367
0.04013146898	-0.00713196513	0.01855616501
0.04013177072	-0.00713026708	0.01863930727
0.04013364177	-0.00711972808	0.01872177568
0.04013705331	-0.00710047048	0.01880260338
0.04014195301	-0.00707271786	0.01888084272
0.04014826621	-0.00703679258	0.01895557643
0.04015589760	-0.00699311212	0.01902592833
0.04016473335	-0.00694218439	0.01909107359
0.04017464356	-0.00688460199	0.01915024846
0.04018548499	-0.00682103550	0.01920275916
0.04019710407	-0.00675222582	0.01924799005
0.04020933987	-0.00667897571	0.01928541084
0.04022202716	-0.00660214058	0.01931458280
0.04023499939	-0.00652261860	0.01933516393
0.04016057320	0.00980538784	-0.01195593982
0.04018180055	0.00971803347	-0.01213072482
0.04019331072	0.00967031766	-0.01220006703
0.04020324251	0.00962894399	-0.01225233869
0.04021262606	0.00958968068	-0.01229545149
0.04022158949	0.00955201596	-0.01233286231
0.04023033431	0.00951511806	-0.01236612585
0.04023910543	0.00947795678	-0.01239591984
0.04024767919	0.00944148243	-0.01242333663
0.04025632357	0.00940455651	-0.01244841620
0.04026508104	0.00936699093	-0.01247141345
0.04027378129	0.00932951288	-0.01249289040
0.04028257767	0.00929145878	-0.01251278303
0.04029157864	0.00925234897	-0.01253103167
0.04030064909	0.00921276034	-0.01254799053
0.04030981002	0.00917259432	-0.01256372279
0.04031912106	0.00913157969	-0.01257819433
0.04032859121	0.00908966454	-0.01259144139
0.04033822843	0.00904680042	-0.01260349095
0.04034803965	0.00900294213	-0.01261436112
0.04035803916	0.00895801012	-0.01262404610
0.04036821445	0.00891204425	-0.01263258731
0.04037856408	0.00886503432	-0.01264000152
0.04038913505	0.00881674771	-0.01264619758
0.04039989958	0.00876729059	-0.01265123031
0.04041086346	0.00871661543	-0.01265508526
0.04042203309	0.00866467028	-0.01265774412
0.04043341124	0.00861141834	-0.01265918999
0.04044500056	0.00855682183	-0.01265940569
0.04045682566	0.00850073691	-0.01265831796
0.04046897008	0.00844273244	-0.01265569883
0.04048121858	0.00838380658	-0.01265201922
0.04049369625	0.00832333071	-0.01264698586
0.04050656513	0.00826047527	-0.01264015713
0.04051948083	0.00819688622	-0.01263232821
0.04053277907	0.00813087271	-0.01262265374
0.04054620439	0.00806365796	-0.01261171935
0.04055998221	0.00799406740	-0.01259891036
0.04057386740	0.00792329192	-0.01258481311
0.04058814100	0.00784984588	-0.01256863435
0.04060254843	0.00777498112	-0.01255098715
0.04061718780	0.00769813778	-0.01253156956
0.04063210151	0.00761902862	-0.01251018899
0.04064726526	0.00753771165	-0.01248682737
0.04066260606	0.00745451133	-0.01246162874
0.04067817269	0.00736909336	-0.01243437895
0.04069395609	0.00728142899	-0.01240501661
0.04070994651	0.00719148980	-0.01237347868
0.04072613355	0.00709924759	-0.01233970080
0.04074250591	0.00700467577	-0.01230361506
0.04075905160	0.00690774807	-0.01226515230
0.04077581370	0.00680810454	-0.01222402790
0.04079268905	0.00670625013	-0.01218047553
0.04080968382	0.00660204340	-0.01213436021
0.04082684547	0.00649507196	-0.01208535370
0.04084411530	0.00638557088	-0.01203350719
0.04086144466	0.00627372381	-0.01197887076
0.04087890314	0.00615894053	-0.01192096979
0.04089637450	0.00604183937	-0.01186010771
0.04091388376	0.00592210993	-0.01179600088
0.04093145337	0.00579943062	-0.01172830799
0.04094896297	0.00567447811	-0.01165737631
0.04096644806	0.00554683728	-0.01158282654
0.04098388012	0.00541653405	-0.01150454894
0.04100122992	0.00528359873	-0.01142243236
0.04101846766	0.00514806575	-0.01133636509
0.04103556309	0.00500997330	-0.01124623578
0.04105248550	0.00486936388	-0.01115193312
0.04106920382	0.00472628480	-0.01105334579
0.04108568675	0.00458078758	-0.01095036352
0.04110190285	0.00443292824	-0.01084287734
0.04111783794	0.00428260124	-0.01073063901
0.04113345084	0.00412995063	-0.01061357742
0.04114867869	0.00397536320	-0.01049185875
0.04116355648	0.00381823103	-0.01036479835
0.04117797372	0.00365947410	-0.01023299183
0.04119197831	0.00349831292	-0.01009559901
0.04120546831	0.00333566360	-0.00995322532
0.04121846638	0.00317100931	-0.00980525861
0.04123092532	0.00300467426	-0.00965177881
0.04124280834	0.00283690510	-0.00949284233
0.04125410187	0.00266764867	-0.00932823311
0.04126478014	0.00249703632	-0.00915788973
0.04127482032	0.00232518349	-0.00898173878
0.04128419902	0.00215225036	-0.00879975802
0.04129289427	0.00197842198	-0.00861196671
0.04130089164	0.00180377946	-0.00841828559
0.04130817772	0.00162841136	-0.00821863854
0.04131473615	0.00145253120	-0.00801308740
0.04132055624	0.00127628459	-0.00780164136
0.04132563019	0.00109979992	-0.00758430322
0.04132995204	0.00092321983	-0.00736109941
0.04133351825	0.00074668574	-0.00713206222
0.04133633010	0.00057016124	-0.00689700309
0.04133838287	0.00039417240	-0.00665641875
0.04133968382	0.00021866051	-0.00641018190
0.04134023911	0.00004359308	-0.00615813280
0.04134005591	-0.00013056857	-0.00590074160
0.04133914569	-0.00030381598	-0.00563798741
0.04133751928	-0.00047620403	-0.00536971391
0.04133519569	-0.00064720009	-0.00509656123
0.04133218649	-0.00081708635	-0.00481814214
0.04132851589	-0.00098541618	-0.00453501082
0.04132420061	-0.00115226486	-0.00424708229
0.04131926446	-0.00131744266	-0.00395460136
0.04131373255	-0.00148080147	-0.00365781144
0.04130762562	-0.00164235673	-0.00335671128
0.04130097791	-0.00180180311	-0.00305179981
0.04129380516	-0.00195931762	-0.00274286802
0.04128615112	-0.00211447305	-0.00243063779
0.04127802613	-0.00226756013	-0.00211475223
0.04126947963	-0.00241812355	-0.00179600382
0.04126052526	-0.00256638382	-0.00147419414
0.04125120259	-0.00271211269	-0.00114978466
0.04124154200	-0.00285525547	-0.00082303774
0.04123156230	-0.00299592071	-0.00049390237
0.04122131235	-0.00313379618	-0.00016306298
0.04121080986	-0.00326900915	0.00016947307
0.04120007975	-0.00340157303	0.00050358562
0.04118916631	-0.00353126731	0.00083869086
0.04117808807	-0.00365818714	0.00117470606
0.04116687271	-0.00378230901	0.00151137419
0.04115554440	-0.00390364383	0.00184851456
0.04114413686	-0.00402209806	0.00218572368
0.04113267165	-0.00413770385	0.00252279672
0.04112117167	-0.00425047182	0.00285950116
0.04110965980	-0.00436040608	0.00319558656
0.04109815817	-0.00446751226	0.00353080710
0.04108668753	-0.00457180248	0.00386492013
0.04107526744	-0.00467329385	0.00419768726
0.04106391148	-0.00477204827	0.00452898255
0.04105264697	-0.00486800238	0.00485840988
0.04104148554	-0.00496122318	0.00518579975
0.04103043876	-0.00505176853	0.00551099139
0.04101951731	-0.00513969556	0.00583387895
0.04100874932	-0.00522491626	0.00615396265
0.04099812382	-0.00530764668	0.00647146317
0.04098767578	-0.00538773647	0.00678576023
0.04097738871	-0.00546542634	0.00709714379
0.04096729510	-0.00554057784	0.00740504477
0.04095738885	-0.00561333851	0.00770949411
0.04094767384	-0.00568377319	0.00801042630
0.04093816367	-0.00575187149	0.00830758142
0.04092886166	-0.00581769313	0.00860083437
0.04091976901	-0.00588130718	0.00889010508
0.04091088924	-0.00594276129	0.00917527911
0.04090222495	-0.00600210501	0.00945625056
0.04089377785	-0.00605938968	0.00973292204
0.04088554590	-0.00611468779	0.01000528132
0.04087753461	-0.00616801708	0.01027317724
0.04086974509	-0.00621942172	0.01053649036
0.04086216974	-0.00626899950	0.01079527313
0.04085480794	-0.00631679812	0.01104950748
0.04084766807	-0.00636280472	0.01129894096
0.04084073154	-0.00640717705	0.01154385594
0.04083401332	-0.00644985476	0.01178391459
0.04082750013	-0.00649095549	0.01201925392
0.04082118566	-0.00653054913	0.01224997149
0.04081508004	-0.00656860045	0.01247580954
0.04080916981	-0.00660521991	0.01269691637
0.04080345215	-0.00664044903	0.01291329560
0.04079792384	-0.00667432999	0.01312495644
0.04079258127	-0.00670690568	0.01333191340
0.04078742060	-0.00673821867	0.01353418618
0.04078243773	-0.00676831168	0.01373179932
0.04077762830	-0.00679722741	0.01392478191
0.04077298763	-0.00682500917	0.01411316718
0.04076851098	-0.00685169925	0.01429699254
0.04076418839	-0.00687736977	0.01447645177
0.04076002702	-0.00690199015	0.01465136487
0.04075601811	-0.00692562328	0.01482181067
0.04075214464	-0.00694837948	0.01498816091
0.04074842587	-0.00697015494	0.01514996879
0.04074483330	-0.00699112508	0.01530778763
0.04074138414	-0.00701119735	0.01546122209
0.04073805029	-0.00703054258	0.01561086658
0.04073485375	-0.00704903967	0.01575623241
0.04073177217	-0.00706682434	0.01589772334
0.04072880185	-0.00708392334	0.01603546922
0.04072595151	-0.00710029184	0.01616925051
0.04072320740	-0.00711601359	0.01629931472
0.04072056633	-0.00713111127	0.01642573258
0.04071802360	-0.00714561575	0.01654862408
0.04071557938	-0.00715952976	0.01666799239
0.04071323091	-0.00717287244	0.01678387535
0.04071097207	-0.00718568184	0.01689639777
0.04070879978	-0.00719797825	0.01700563166
0.04070671089	-0.00720978218	0.01711164874
0.04070470240	-0.00722111300	0.01721452057
0.04070277126	-0.00723199019	0.01731431821
0.04070091221	-0.00724244540	0.01741119128
0.04069912665	-0.00725247272	0.01750512054
0.04069741212	-0.00726208767	0.01759614921
0.04069576391	-0.00727131831	0.01768438320
0.04069417928	-0.00728018155	0.01776989030
0.04069265252	-0.00728871054	0.01785284148
0.04069118323	-0.00729690880	0.01793329449
0.04068977785	-0.00730474154	0.01801105542
0.04068842605	-0.00731226751	0.01808635196
0.04068713572	-0.00731944376	0.01815888203
0.04068562001	-0.00732786427	0.01824011170
0.04068566907	-0.00732759186	0.01832179025
0.04068728216	-0.00731862970	0.01840296007
0.04069043468	-0.00730108184	0.01848266952
0.04069507873	-0.00727515205	0.01855998407
0.04070114420	-0.00724114154	0.01863399730
0.04070854031	-0.00719944557	0.01870384145
0.04071715756	-0.00715054899	0.01876869767
0.04072687013	-0.00709502078	0.01882780558
0.04073753848	-0.00703350757	0.01888047220
0.04074901220	-0.00696672629	0.01892608005
0.04076113292	-0.00689545599	0.01896409442
0.04077373734	-0.00682052886	0.01899406964
0.04078666008	-0.00674282064	0.01901565427
0.04073911753	0.00983837322	-0.01172117840
0.04075954239	0.00975340909	-0.01189339764
0.04077066677	0.00970680255	-0.01196177761
0.04078028275	0.00966632418	-0.01201334400
0.04078937863	0.00962786974	-0.01205589997
0.04079807586	0.00959094836	-0.01209284190
0.04080656783	0.00955475307	-0.01212570305
0.04081509038	0.00951828147	-0.01215515837
0.04082342721	0.00948246144	-0.01218226994
0.04083183684	0.00944618361	-0.01220708807
0.04084036017	0.00940926488	-0.01222986465
0.04084883266	0.00937241456	-0.01225114353
0.04085740237	0.00933498559	-0.01227086836
0.04086617409	0.00929651007	-0.01228898535
0.04087501739	0.00925755034	-0.01230583598
0.04088395254	0.00921801004	-0.01232148298
0.04089303725	0.00917762435	-0.01233589547
0.04090228032	0.00913634224	-0.01234910934
0.04091168951	0.00909411603	-0.01236115136
0.04092127164	0.00905090115	-0.01237203958
0.04093104066	0.00900661950	-0.01238176896
0.04094098458	0.00896130942	-0.01239037948
0.04095110213	0.00891496039	-0.01239788747
0.04096143892	0.00886734492	-0.01240420576
0.04097196822	0.00881856591	-0.01240938679
0.04098269577	0.00876857638	-0.01241341665
0.04099362793	0.00871732494	-0.01241627767
0.04100476751	0.00866477502	-0.01241795342
0.04101611726	0.00861088903	-0.01241842719
0.04102770115	0.00855552588	-0.01241762843
0.04103960030	0.00849826406	-0.01241533815
0.04105160643	0.00844007667	-0.01241200683
0.04106384084	0.00838034962	-0.01240735347
0.04107646075	0.00831827248	-0.01240095409
0.04108913265	0.00825545049	-0.01239356967
0.04110218208	0.00819023279	-0.01238439001
0.04111536162	0.00812381213	-0.01237397517
0.04112889003	0.00805504124	-0.01236173555
0.04114252981	0.00798508141	-0.01234823203
0.04115655379	0.00791248157	-0.01233270375
0.04117071520	0.00783846252	-0.01231573692
0.04118510943	0.00776247681	-0.01229704158
0.04119977787	0.00768424285	-0.01227643204
0.04121469720	0.00760381608	-0.01225388964
0.04122979675	0.00752151212	-0.01222955129
0.04124512413	0.00743700344	-0.01220321069
0.04126067077	0.00735026070	-0.01217480764
0.04127642744	0.00726125489	-0.01214428035
0.04129238427	0.00716995718	-0.01211156572
0.04130853051	0.00707634028	-0.01207659710
0.04132485473	0.00698037721	-0.01203930665
0.04134139917	0.00688171486	-0.01199941968
0.04135806359	0.00678084512	-0.01195715837
0.04137485423	0.00667762847	-0.01191239176
0.04139181760	0.00657166042	-0.01186480316
0.04140889675	0.00646316910	-0.01181443937
0.04142604441	0.00635233254	-0.01176134656
0.04144332879	0.00623857219	-0.01170506720
0.04146063663	0.00612249088	-0.01164588993
0.04147799256	0.00600378359	-0.01158354059
0.04149541883	0.00588213405	-0.01151768893
0.04151279792	0.00575820228	-0.01144866550
0.04153016474	0.00563158068	-0.01137610403
0.04154749161	0.00550229277	-0.01129989637
0.04156475008	0.00537036638	-0.01121993292
0.04158191113	0.00523583336	-0.01113610349
0.04159894524	0.00509872921	-0.01104829820
0.04161582240	0.00495909368	-0.01095640717
0.04163251221	0.00481697120	-0.01086032040
0.04164898397	0.00467241036	-0.01075992892
0.04166520681	0.00452546416	-0.01065512497
0.04168116685	0.00437602726	-0.01054566693
0.04169682352	0.00422423873	-0.01043148295
0.04171211468	0.00407047582	-0.01031272960
0.04172707499	0.00391414074	-0.01018874598
0.04174159492	0.00375613342	-0.01006010083
0.04175572194	0.00359568771	-0.00992598394
0.04176935465	0.00343370013	-0.00978697352
0.04178251542	0.00326966206	-0.00964247866
0.04179515706	0.00310388958	-0.00949257269
0.04180724255	0.00293662312	-0.00933730693
0.04181875797	0.00276780890	-0.00917647102
0.04182967718	0.00259757422	-0.00901000303
0.04183997680	0.00242603083	-0.00883782963
0.04184963283	0.00225333458	-0.00865992683
0.04185862246	0.00207966597	-0.00847631081
0.04186693045	0.00190510349	-0.00828690316
0.04187454249	0.00172973293	-0.00809162858
0.04188144105	0.00155376319	-0.00789054457
0.04188761426	0.00137733659	-0.00768365832
0.04189305307	0.00120057871	-0.00747097110
0.04189775015	0.00102362933	-0.00725250715
0.04190170053	0.00084662716	-0.00702829647
0.04190490433	0.00066953559	-0.00679815658
0.04190735450	0.00049287288	-0.00656256472
0.04190905703	0.00031658138	-0.00632139857
0.04191001680	0.00014062877	-0.00607450403
0.04191023851	-0.00003452962	-0.00582233355
0.04190973218	-0.00020888471	-0.00556486787
0.04190850732	-0.00038249049	-0.00530195699
0.04190658014	-0.00055481991	-0.00503421800
0.04190396150	-0.00072615091	-0.00476127958
0.04190067297	-0.00089604087	-0.00448367653
0.04189673007	-0.00106456279	-0.00420132914
0.04189215469	-0.00123152761	-0.00391447490
0.04188697018	-0.00139678684	-0.00362335073
0.04188119602	-0.00156035407	-0.00332795790
0.04187486431	-0.00172192450	-0.00302877987
0.04186799012	-0.00188167156	-0.00272561832
0.04186061484	-0.00203916888	-0.00241917203
0.04185274860	-0.00219470253	-0.00210910076
0.04184443854	-0.00234781767	-0.00179617162
0.04183569806	-0.00249873013	-0.00148019780
0.04182656527	-0.00264721024	-0.00116162784
0.04181706970	-0.00279319996	-0.00084071926
0.04180722982	-0.00293680421	-0.00051742725
0.04179709313	-0.00307770860	-0.00019241613
0.04178667729	-0.00321603566	0.00013430170
0.04177600689	-0.00335179547	0.00046260581
0.04176512544	-0.00348476418	0.00079192830
0.04175405162	-0.00361503216	0.00112218382
0.04174281304	-0.00374257185	0.00145311927
0.04173143393	-0.00386739018	0.00178455530
0.04171994795	-0.00398938941	0.00211609744
0.04170837704	-0.00410859702	0.00244754255
0.04169674445	-0.00422501911	0.00277866084
0.04168507353	-0.00433865525	0.00310920530
0.04167338690	-0.00444950656	0.00343893339
0.04166170596	-0.00455758060	0.00376760558
0.04165005093	-0.00466288986	0.00409498651
0.04163843621	-0.00476549208	0.00442094950
0.04162688979	-0.00486531918	0.00474510720
0.04161542429	-0.00496243343	0.00506729063
0.04160405227	-0.00505688828	0.00538733952
0.04159278530	-0.00514873729	0.00570514715
0.04158165250	-0.00523788701	0.00602022615
0.04157064402	-0.00532455069	0.00633278491
0.04155979582	-0.00540857241	0.00664222014
0.04154909255	-0.00549019060	0.00694880740
0.04153856773	-0.00556926167	0.00725199326
0.04152821647	-0.00564592965	0.00755180313
0.04151804367	-0.00572025648	0.00784817018
0.04150806403	-0.00579222800	0.00814083986
0.04149828199	-0.00586190043	0.00842968771
0.04148869984	-0.00592933978	0.00871463302
0.04147932216	-0.00599459071	0.00899556213
0.04147015260	-0.00605769990	0.00927236981
0.04146119391	-0.00611871590	0.00954495920
0.04145244497	-0.00617770920	0.00981331601
0.04144391228	-0.00623469483	0.01007729193
0.04143559798	-0.00628971416	0.01033676914
0.04142749532	-0.00634286341	0.01059179620
0.04141960445	-0.00639418888	0.01084235407
0.04141193482	-0.00644367435	0.01108819696
0.04140446832	-0.00649147806	0.01132959631
0.04139722098	-0.00653753620	0.01156622436
0.04139018013	-0.00658196575	0.01179821212
0.04138333995	-0.00662483651	0.01202565315
0.04137671152	-0.00666611042	0.01224829745
0.04137028185	-0.00670589771	0.01246628742
0.04136404868	-0.00674423913	0.01267962608
0.04135800931	-0.00678117618	0.01288832195
0.04135216062	-0.00681675118	0.01309238878
0.04134649923	-0.00685100620	0.01329184546
0.04134102146	-0.00688398353	0.01348671566
0.04133572335	-0.00691572555	0.01367702752
0.04133060058	-0.00694627529	0.01386281329
0.04132564875	-0.00697567486	0.01404410936
0.04132085792	-0.00700399782	0.01422110369
0.04131623584	-0.00703121189	0.01439362267
0.04131177403	-0.00705737991	0.01456174275
0.04130745504	-0.00708261550	0.01472582441
0.04130329920	-0.00710681079	0.01488543606
0.04129927731	-0.00713014575	0.01504111363
0.04129540751	-0.00715252426	0.01519247545
0.04129166080	-0.00717412242	0.01534009757
0.04128806031	-0.00719481484	0.01548350811
0.04128458314	-0.00721474046	0.01562309837
0.04128122546	-0.00723392764	0.01575899536
0.04127799657	-0.00725232952	0.01589098759
0.04127488244	-0.00727003194	0.01601931543
0.04127187983	-0.00728705840	0.01614404848
0.04126898390	-0.00730344112	0.01626530409
0.04126619493	-0.00731918307	0.01638308654
0.04126351019	-0.00733430376	0.01649743350
0.04126092338	-0.00734884254	0.01660846691
0.04125843136	-0.00736282056	0.01671625764
0.04125603089	-0.00737625921	0.01682087631
0.04125371889	-0.00738917872	0.01692239338
0.04125149222	-0.00740159944	0.01702087882
0.04124934532	-0.00741355482	0.01711647877
0.04124727967	-0.00742503900	0.01720917581
0.04124529278	-0.00743606804	0.01729901290
0.04124337975	-0.00744667118	0.01738609370
0.04124153769	-0.00745686620	0.01747048499
0.04123976055	-0.00746668831	0.01755235356
0.04123804778	-0.00747614203	0.01763175664
0.04123640632	-0.00748519060	0.01770850744
0.04123482534	-0.00749389510	0.01778282741
0.04123331350	-0.00750220915	0.01785442470
0.04123156637	-0.00751180534	0.01793407974
0.04123137196	-0.00751287232	0.01801432244
0.04123273324	-0.00750539768	0.01809421201
0.04123562962	-0.00748946823	0.01817281182
0.04124001750	-0.00746526898	0.01824920036
0.04124583119	-0.00743308106	0.01832248204
0.04125298433	-0.00739327858	0.01839179770
0.04126137179	-0.00734632441	0.01845633469
0.04127087186	-0.00729276494	0.01851533636
0.04128134878	-0.00723322386	0.01856811098
0.04129265548	-0.00716839510	0.01861403980
0.04130463640	-0.00709903489	0.01865258435
0.04131713045	-0.00702595303	0.01868329275
0.04132997380	-0.00695000361	0.01870580495
0.04132844140	0.00986816670	-0.01148809477
0.04134808362	0.00978553847	-0.01165771745
0.04135882997	0.00974001879	-0.01172511900
0.04136813586	0.00970041842	-0.01177596638
0.04137694872	0.00966275826	-0.01181795255
0.04138538370	0.00962656733	-0.01185441330
0.04139362625	0.00959106294	-0.01188686008
0.04140190325	0.00955527025	-0.01191596462
0.04141000584	0.00952009448	-0.01194275927
0.04141818308	0.00948445529	-0.01196730411
0.04142647439	0.00944817452	-0.01198984790
0.04143472099	0.00941194343	-0.01201091679
0.04144306566	0.00937513151	-0.01203046172
0.04145160957	0.00933728258	-0.01204843455
0.04146022691	0.00929894438	-0.01206516434
0.04146893731	0.00926002273	-0.01208071336
0.04147779650	0.00922025919	-0.01209505381
0.04148681308	0.00917960363	-0.01210822123
0.04149599465	0.00913800910	-0.01212024216
0.04150534791	0.00909543168	-0.01213113459
0.04151488643	0.00905179470	-0.01214089416
0.04152459876	0.00900713495	-0.01214955949
0.04153448382	0.00896144163	-0.01215714646
0.04154458579	0.00891449236	-0.01216357177
0.04155487899	0.00886638679	-0.01216888554
0.04156536912	0.00881707844	-0.01217307436
0.04157606246	0.00876651655	-0.01217612123
0.04158696191	0.00871466473	-0.01217801015
0.04159807026	0.00866148561	-0.01217872489
0.04160941087	0.00860684086	-0.01217819754
0.04162106237	0.00855031867	-0.01217621783
0.04163282351	0.00849286694	-0.01217321640
0.04164481175	0.00843388619	-0.01216892416
0.04165717944	0.00837258524	-0.01216293436
0.04166960403	0.00831052840	-0.01215597465
0.04168240077	0.00824610504	-0.01214726909
0.04169533036	0.00818047726	-0.01213735287
0.04170860482	0.00811252525	-0.01212566085
0.04172199433	0.00804338057	-0.01211272907
0.04173576340	0.00797162694	-0.01209782828
0.04174967315	0.00789845393	-0.01208151852
0.04176381620	0.00782332657	-0.01206352156
0.04177823292	0.00774596904	-0.01204365845
0.04179290095	0.00766643416	-0.01202190995
0.04180775194	0.00758502870	-0.01199840606
0.04182283229	0.00750143194	-0.01197294815
0.04183813394	0.00741561400	-0.01194547724
0.04185364814	0.00732754529	-0.01191593276
0.04186936554	0.00723719637	-0.01188425285
0.04188527594	0.00714453929	-0.01185037216
0.04190136846	0.00704954635	-0.01181422415
0.04191768441	0.00695187142	-0.01177554386
0.04193412657	0.00685199322	-0.01173454230
0.04195070119	0.00674977421	-0.01169109244
0.04196745378	0.00664481795	-0.01164488896
0.04198432916	0.00653734559	-0.01159597437
0.04200128149	0.00642752951	-0.01154439109
0.04201837747	0.00631480304	-0.01148969832
0.04203550690	0.00619975336	-0.01143217031
0.04205269401	0.00608208098	-0.01137154218
0.04206996075	0.00596147507	-0.01130749461
0.04208719258	0.00583857887	-0.01124034180
0.04210442375	0.00571299245	-0.01116973029
0.04212162740	0.00558473700	-0.01109555356
0.04213877590	0.00545383790	-0.01101770357
0.04215584099	0.00532032445	-0.01093607171
0.04217279391	0.00518422955	-0.01085054958
0.04218960537	0.00504559022	-0.01076102875
0.04220624564	0.00490444808	-0.01066740062
0.04222268467	0.00476084884	-0.01056955754
0.04223889216	0.00461484251	-0.01046739298
0.04225485453	0.00446632409	-0.01036067191
0.04227053189	0.00431542770	-0.01024932182
0.04228586290	0.00416252097	-0.01013348993
0.04230088179	0.00400701655	-0.01001253871
0.04231548024	0.00384979404	-0.00988701058
0.04232970513	0.00369010106	-0.00975612485
0.04234345584	0.00352881421	-0.00962043306
0.04235675436	0.00336543340	-0.00947936525
0.04236955365	0.00320026651	-0.00933298831
0.04238181651	0.00303354774	-0.00918134863
0.04239352876	0.00286522282	-0.00902424154
0.04240466390	0.00269541501	-0.00886160466
0.04241519814	0.00252423240	-0.00869336481
0.04242510689	0.00235182650	-0.00851949634
0.04243436664	0.00217837327	-0.00834001246
0.04244296140	0.00200394858	-0.00815483568
0.04245087601	0.00182863554	-0.00796389152
0.04245809191	0.00165263835	-0.00776723330
0.04246459611	0.00147609606	-0.00756486625
0.04247037838	0.00129913142	-0.00735679023
0.04247543013	0.00112188131	-0.00714302734
0.04247974501	0.00094448173	-0.00692360536
0.04248332205	0.00076689598	-0.00669834785
0.04248615202	0.00058963418	-0.00646771286
0.04248823967	0.00041263987	-0.00623158303
0.04248958864	0.00023588096	-0.00598980983
0.04249020129	0.00005980651	-0.00574282829
0.04249008620	-0.00011557376	-0.00549062078
0.04248925159	-0.00029031281	-0.00523304350
0.04248771103	-0.00046388963	-0.00497069085
0.04248547459	-0.00063657757	-0.00470320721
0.04248256134	-0.00080793843	-0.00443110828
0.04247898556	-0.00097804279	-0.00415431946
0.04247476728	-0.00114670244	-0.00387307110
0.04246992812	-0.00131376862	-0.00358759364
0.04246448625	-0.00147925303	-0.00329789081
0.04245847172	-0.00164285171	-0.00300443078
0.04245189885	-0.00180473431	-0.00270702577
0.04244480672	-0.00196447578	-0.00240635169
0.04243720517	-0.00212235715	-0.00210208469
0.04242913906	-0.00227792462	-0.00179496682
0.04242062151	-0.00243138909	-0.00148482263
0.04241168912	-0.00258251974	-0.00117208786
0.04240237053	-0.00273125529	-0.00085701519
0.04239268383	-0.00287769692	-0.00053956585
0.04238267509	-0.00302152847	-0.00022038425
0.04237236187	-0.00316286765	0.00010051232
0.04236176837	-0.00330172120	0.00042300323
0.04235093724	-0.00343786229	0.00074653640
0.04233988725	-0.00357137644	0.00107102395
0.04232864585	-0.00370223210	0.00139621677
0.04231723727	-0.00383043231	0.00172193687
0.04230569504	-0.00395587530	0.00204779885
0.04229404137	-0.00407858389	0.00237360127
0.04228229982	-0.00419855973	0.00269911718
0.04227049409	-0.00431579795	0.00302410301
0.04225864724	-0.00443029522	0.00334831957
0.04224678121	-0.00454205458	0.00367153054
0.04223491683	-0.00465108399	0.00399350360
0.04222306923	-0.00475743703	0.00431411143
0.04221126700	-0.00486104107	0.00463297547
0.04219952368	-0.00496195363	0.00494992733
0.04218785272	-0.00506022384	0.00526480734
0.04217626656	-0.00515590157	0.00557750798
0.04216479520	-0.00524888829	0.00588755427
0.04215342990	-0.00533939412	0.00619514249
0.04214220750	-0.00542725799	0.00649968629
0.04213111378	-0.00551271569	0.00680144700
0.04212018319	-0.00559561887	0.00709988681
0.04210941203	-0.00567610792	0.00739502573
0.04209880619	-0.00575424186	0.00768679564
0.04208838140	-0.00583000285	0.00797494743
0.04207814320	-0.00590344364	0.00825935732
0.04206809494	-0.00597462720	0.00853994403
0.04205824223	-0.00604359519	0.00881659475
0.04204858973	-0.00611039145	0.00908920496
0.04203914122	-0.00617506176	0.00935767839
0.04202989648	-0.00623767455	0.00962199873
0.04202086300	-0.00629824224	0.00988202056
0.04201204390	-0.00635680341	0.01013762775
0.04200343328	-0.00641345265	0.01038886502
0.04199503209	-0.00646823482	0.01063571238
0.04198685078	-0.00652113056	0.01087793073
0.04197887180	-0.00657229829	0.01111578067
0.04197111215	-0.00662167100	0.01134894448
0.04196355983	-0.00666936491	0.01157754725
0.04195620954	-0.00671544961	0.01180167858
0.04194907323	-0.00675988441	0.01202109622
0.04194213845	-0.00680277918	0.01223593673
0.04193540349	-0.00684417390	0.01244620255
0.04192886619	-0.00688410941	0.01265190154
0.04192252392	-0.00692262741	0.01285304670
0.04191637378	-0.00695976948	0.01304965613
0.04191041253	-0.00699557747	0.01324175264
0.04190463660	-0.00703009342	0.01342936347
0.04189904207	-0.00706336008	0.01361251989
0.04189362489	-0.00709541936	0.01379125728
0.04188837515	-0.00712634616	0.01396575781
0.04188330121	-0.00715610660	0.01413585423
0.04187839486	-0.00718476350	0.01430162066
0.04187363832	-0.00721243346	0.01446340633
0.04186905288	-0.00723900496	0.01462079481
0.04186460877	-0.00726466208	0.01477430472
0.04186032498	-0.00728930551	0.01492356802
0.04185617175	-0.00731311619	0.01506914243
0.04185217321	-0.00733596481	0.01521057282
0.04184830603	-0.00735799328	0.01534823814
0.04184456625	-0.00737923150	0.01548226247
0.04184096374	-0.00739963078	0.01561244238
0.04183748418	-0.00741927890	0.01573901115
0.04183412436	-0.00743820014	0.01586203720
0.04183087931	-0.00745642802	0.01598163527
0.04182774937	-0.00747396579	0.01609781070
0.04182473189	-0.00749083337	0.01621060102
0.04182182041	-0.00750707130	0.01632012528
0.04181901174	-0.00752270159	0.01642645324
0.04181630257	-0.00753774647	0.01652965437
0.04181368973	-0.00755222705	0.01662979805
0.04181117000	-0.00756616453	0.01672695315
0.04180873756	-0.00757959404	0.01682126230
0.04180639397	-0.00759250984	0.01691270993
0.04180413669	-0.00760492855	0.01700133870
0.04180196064	-0.00761688053	0.01708725003
0.04179986284	-0.00762838442	0.01717050968
0.04179783688	-0.00763947737	0.01725128025
0.04179588208	-0.00765016492	0.01732961844
0.04179400584	-0.00766040851	0.01740534458
0.04179219686	-0.00767027142	0.01747867385
0.04179046455	-0.00767970410	0.01754932465
0.04178849095	-0.00769043605	0.01762738850
0.04178805509	-0.00769280404	0.01770617452
0.04178916351	-0.00768678055	0.01778475902
0.04179179961	-0.00767243555	0.01786222066
0.04179592404	-0.00764993568	0.01793765129
0.04180147553	-0.00761954236	0.01801016653
0.04180837224	-0.00758160888	0.01807891623
0.04181651346	-0.00753657641	0.01814309435
0.04182578178	-0.00748496899	0.01820194846
0.04183604541	-0.00742738760	0.01825478856
0.04184716087	-0.00736450332	0.01830099513
0.04185897573	-0.00729704964	0.01834002645
0.04187133140	-0.00722581407	0.01837142492
0.04188406600	-0.00715162903	0.01839482241
0.04190817106	0.00989388460	-0.01126461820
0.04192707627	0.00981346162	-0.01143170610
0.04193746495	0.00976897064	-0.01149814833
0.04194647686	0.00973020208	-0.01154828910
0.04195502090	0.00969329534	-0.01158971334
0.04196320646	0.00965779775	-0.01162569833
0.04197121149	0.00962294961	-0.01165773418
0.04197925436	0.00958780249	-0.01168648905
0.04198713338	0.00955323946	-0.01171296706
0.04199508861	0.00951820816	-0.01173723723
0.04200315800	0.00948253508	-0.01175954525
0.04201118835	0.00944689402	-0.01178040051
0.04201931742	0.00941067037	-0.01179976071
0.04202764286	0.00937341930	-0.01181758293
0.04203604332	0.00933567435	-0.01183418456
0.04204453780	0.00929734343	-0.01184962736
0.04205318017	0.00925817430	-0.01186388640
0.04206197880	0.00921811763	-0.01187699684
0.04207094116	0.00917712720	-0.01188898503
0.04208007380	0.00913515968	-0.01189986883
0.04208938996	0.00909213981	-0.01190964457
0.04209887870	0.00904810288	-0.01191834954
0.04210853909	0.00900303778	-0.01192599920
0.04211841394	0.00895672710	-0.01193251388
0.04212847860	0.00890926733	-0.01193794153
0.04213873870	0.00886061250	-0.01194226922
0.04214920047	0.00881071243	-0.01194548055
0.04215986683	0.00875953094	-0.01194755995
0.04217074066	0.00870703083	-0.01194849162
0.04218184468	0.00865307649	-0.01194821016
0.04219325514	0.00859726549	-0.01194651352
0.04220477756	0.00854052134	-0.01194381367
0.04221652568	0.00848225871	-0.01193985272
0.04222864711	0.00842170509	-0.01193424014
0.04224082994	0.00836038514	-0.01192767227
0.04225337941	0.00829672720	-0.01191940539
0.04226606409	0.00823186369	-0.01190995129
0.04227908944	0.00816470145	-0.01189876786
0.04229223310	0.00809634321	-0.01188636781
0.04230575145	0.00802540642	-0.01187205164
0.04231941331	0.00795305041	-0.01185635478
0.04233330858	0.00787875234	-0.01183901004
0.04234747660	0.00780224194	-0.01181984483
0.04236189593	0.00772356958	-0.01179883943
0.04237650049	0.00764303341	-0.01177611733
0.04239133549	0.00756031937	-0.01175148714
0.04240639329	0.00747539707	-0.01172489105
0.04242166565	0.00738823637	-0.01169626966
0.04243714371	0.00729880728	-0.01166556233
0.04245281774	0.00720708122	-0.01163270495
0.04246867740	0.00711302984	-0.01159763223
0.04248476308	0.00701631381	-0.01156008844
0.04250098050	0.00691739911	-0.01152027407
0.04251733589	0.00681615012	-0.01147806584
0.04253387375	0.00671217829	-0.01143316917
0.04255054063	0.00660569800	-0.01138562260
0.04256729206	0.00649687622	-0.01133546502
0.04258419323	0.00638515784	-0.01128227147
0.04260113697	0.00627111490	-0.01122630267
0.04261814705	0.00615445333	-0.01116730257
0.04263524512	0.00603486765	-0.01110496215
0.04265231956	0.00591298482	-0.01103958031
0.04266940397	0.00578841243	-0.01097081567
0.04268647226	0.00566116946	-0.01089856332
0.04270349759	0.00553127900	-0.01082271679
0.04272045246	0.00539876794	-0.01074316897
0.04273730884	0.00526366667	-0.01065981296
0.04275403815	0.00512600968	-0.01057254175
0.04277061133	0.00498583590	-0.01048124811
0.04278699897	0.00484318830	-0.01038582571
0.04280317135	0.00469811408	-0.01028616927
0.04281911518	0.00455050865	-0.01018205003
0.04283479125	0.00440050138	-0.01007339496
0.04285013911	0.00424845055	-0.00996034246
0.04286519247	0.00409377921	-0.00984227721
0.04287984435	0.00393734707	-0.00971971679
0.04289414098	0.00377841539	-0.00959190851
0.04290798268	0.00361784131	-0.00945937875
0.04292139103	0.00345513322	-0.00932157742
0.04293431918	0.00329059109	-0.00917856540
0.04294672990	0.00312444305	-0.00903038449
0.04295860876	0.00295663444	-0.00887683544
0.04296992899	0.00278728467	-0.00871785555
0.04298066647	0.00261649833	-0.00855337182
0.04299079612	0.00244442277	-0.00838335709
0.04300029384	0.00227122953	-0.00820782180
0.04300914296	0.00209699201	-0.00802668939
0.04301732760	0.00192179075	-0.00783988624
0.04302482827	0.00174582540	-0.00764746171
0.04303163098	0.00156923181	-0.00744941926
0.04303772447	0.00139213002	-0.00724575743
0.04304309897	0.00121465410	-0.00703649629
0.04304774691	0.00103693740	-0.00682166162
0.04305166629	0.00085894326	-0.00660108272
0.04305484591	0.00068117365	-0.00637519944
0.04305728937	0.00050357333	-0.00614389914
0.04305899912	0.00032611055	-0.00590703862
0.04305997544	0.00014922803	-0.00566503636
0.04306022551	-0.00002706386	-0.00541787628
0.04305975637	-0.00020281700	-0.00516542053
0.04305857911	-0.00037751656	-0.00490824189
0.04305670305	-0.00055143121	-0.00464599969
0.04305414490	-0.00072412734	-0.00437919142
0.04305091780	-0.00089567314	-0.00410774739
0.04304703998	-0.00106588130	-0.00383189108
0.04304253140	-0.00123460295	-0.00355184677
0.04303740903	-0.00140184792	-0.00326762051
0.04303170090	-0.00156731335	-0.00297966585
0.04302542064	-0.00173116506	-0.00268780506
0.04301860506	-0.00189297967	-0.00239269218
0.04301126374	-0.00205303310	-0.00209401897
0.04300343933	-0.00221087300	-0.00179250351
0.04299514460	-0.00236670532	-0.00148798117
0.04298641471	-0.00252029837	-0.00118087541
0.04297727739	-0.00267158785	-0.00087143422
0.04296775032	-0.00282067120	-0.00055962459
0.04295787814	-0.00296723097	-0.00024607181
0.04294767825	-0.00311138012	0.00006920222
0.04293717445	-0.00325312218	0.00038607672
0.04292640848	-0.00339222773	0.00070401480
0.04291539913	-0.00352877759	0.00102292625
0.04290417363	-0.00366273646	0.00134256583
0.04289275616	-0.00379410361	0.00166275696
0.04288118003	-0.00392277357	0.00198312293
0.04286946766	-0.00404876473	0.00230346404
0.04285764282	-0.00417207452	0.00262355613
0.04284572947	-0.00429269380	0.00294315901
0.04283375104	-0.00441061505	0.00326203675
0.04282172991	-0.00452583701	0.00357995619
0.04280968744	-0.00463836334	0.00389668802
0.04279763938	-0.00474824356	0.00421210437
0.04278561483	-0.00485540085	0.00452583516
0.04277362812	-0.00495988819	0.00483771268
0.04276169355	-0.00506175049	0.00514757791
0.04274982433	-0.00516103411	0.00545532260
0.04273805119	-0.00525763581	0.00576048375
0.04272636647	-0.00535176249	0.00606324611
0.04271480774	-0.00544324845	0.00636303962
0.04270336188	-0.00553232662	0.00666011208
0.04269206415	-0.00561884439	0.00695394066
0.04268091196	-0.00570293854	0.00724454032
0.04266991214	-0.00578466521	0.00753184176
0.04265908133	-0.00586400318	0.00781560112
0.04264842612	-0.00594100184	0.00809569536
0.04263795084	-0.00601572121	0.00837204270
0.04262766207	-0.00608820009	0.00864453122
0.04261756543	-0.00615847958	0.00891305712
0.04260766563	-0.00622660283	0.00917752474
0.04259796337	-0.00629263623	0.00943791592
0.04258846699	-0.00635658972	0.00969408802
0.04257918060	-0.00641849928	0.00994592658
0.04257009911	-0.00647845782	0.01019347269
0.04256122421	-0.00653650881	0.01043670551
0.04255256730	-0.00659262999	0.01067539237
0.04254411139	-0.00664697973	0.01090978349
0.04253587441	-0.00669948819	0.01113957086
0.04252784498	-0.00675027071	0.01136487389
0.04252001834	-0.00679939659	0.01158577841
0.04251240726	-0.00684682280	0.01180204964
0.04250499982	-0.00689265872	0.01201381855
0.04249779485	-0.00693694362	0.01222108706
0.04249079071	-0.00697971765	0.01242386239
0.04248398527	-0.00702102194	0.01262215686
0.04247737608	-0.00706089757	0.01281598783
0.04247096034	-0.00709938598	0.01300537728
0.04246473489	-0.00713652886	0.01319035159
0.04245869618	-0.00717236866	0.01337094113
0.04245284051	-0.00720694711	0.01354718030
0.04244715805	-0.00724034023	0.01371924571
0.04244165773	-0.00727251283	0.01388697623
0.04243633158	-0.00730352761	0.01405044375
0.04243116161	-0.00733350382	0.01420998668
0.04242616996	-0.00736232679	0.01436520317
0.04242132638	-0.00739018415	0.01451659522
0.04241665065	-0.00741697386	0.01466380786
0.04241211236	-0.00744288106	0.01480738119
0.04240773654	-0.00746777313	0.01494687621
0.04240349948	-0.00749179454	0.01508265995
0.04239939717	-0.00751497661	0.01521485371
0.04239543995	-0.00753726910	0.01534326178
0.04239161330	-0.00755876147	0.01546811060
0.04238791402	-0.00757947878	0.01558946751
0.04238433704	-0.00759945573	0.01570744466
0.04238088280	-0.00761869588	0.01582204845
0.04237754867	-0.00763721953	0.01593331626
0.04237432810	-0.00765506834	0.01604136433
0.04237121784	-0.00767226512	0.01614626134
0.04236821453	-0.00768883289	0.01624807569
0.04236531493	-0.00770479359	0.01634687567
0.04236251575	-0.00772016921	0.01644272910
0.04235981095	-0.00773499645	0.01653577521
0.04235720213	-0.00774926975	0.01662600020
0.04235468673	-0.00776300622	0.01671344645
0.04235225953	-0.00777623730	0.01679821319
0.04234991743	-0.00778898242	0.01688036520
0.04234765372	-0.00780128053	0.01696006105
0.04234546760	-0.00781313811	0.01703735689
0.04234336687	-0.00782451507	0.01711207989
0.04234133983	-0.00783547668	0.01718443923
0.04233939654	-0.00784597058	0.01725416314
0.04233721008	-0.00785776027	0.01733067574
0.04233654423	-0.00786134696	0.01740803625
0.04233740890	-0.00785668897	0.01748533768
0.04233979123	-0.00784384042	0.01756167374
0.04234365593	-0.00782295059	0.01763614947
0.04234894603	-0.00779426222	0.01770789170
0.04235558406	-0.00775810885	0.01777605933
0.04236347368	-0.00771491095	0.01783985315
0.04237250173	-0.00766517127	0.01789852523
0.04238254044	-0.00760946904	0.01795138770
0.04239345002	-0.00754845344	0.01799782079
0.04240508126	-0.00748283614	0.01803728013
0.04241727836	-0.00741338317	0.01806930308
0.04242988159	-0.00734090604	0.01809351420
0.04249858740	0.00991661621	-0.01104275833
0.04251677399	0.00983835035	-0.01120728724
0.04252681233	0.00979486809	-0.01127275716
0.04253553573	0.00975691593	-0.01132218019
0.04254381549	0.00972074954	-0.01136303192
0.04255175550	0.00968593371	-0.01139853107
0.04255952644	0.00965173131	-0.01143014614
0.04256733827	0.00961722001	-0.01145854130
0.04257499646	0.00958326062	-0.01148469297
0.04258273218	0.00954882863	-0.01150867860
0.04259058196	0.00951375513	-0.01153074073
0.04259839814	0.00947869633	-0.01155137236
0.04260631347	0.00944305354	-0.01157053767
0.04261442215	0.00940639321	-0.01158819875
0.04262260726	0.00936923469	-0.01160466157
0.04263088717	0.00933148795	-0.01161998739
0.04263931390	0.00929290689	-0.01163415400
0.04264789562	0.00925344302	-0.01164719619
0.04265663961	0.00921305081	-0.01165914008
0.04266555233	0.00917168754	-0.01167000343
0.04267464665	0.00912927933	-0.01167978318
0.04268391215	0.00908585998	-0.01168851536
0.04269334805	0.00904141805	-0.01169621500
0.04270299579	0.00899574113	-0.01170280596
0.04271283172	0.00894892253	-0.01170833406
0.04272286142	0.00890091680	-0.01171278686
0.04273309103	0.00885167434	-0.01171614853
0.04274352355	0.00880115916	-0.01171840393
0.04275416187	0.00874933428	-0.01171953768
0.04276502813	0.00869606678	-0.01171948682
0.04277619613	0.00864096365	-0.01171805730
0.04278747817	0.00858492397	-0.01171564298
0.04279898429	0.00852737659	-0.01171199681
0.04281085733	0.00846756771	-0.01170674411
0.04282279600	0.00840698228	-0.01170055073
0.04283509553	0.00834408769	-0.01169270433
0.04284753236	0.00827998664	-0.01168369394
0.04286030535	0.00821361267	-0.01167299988
0.04287319963	0.00814603963	-0.01166111216
0.04288646340	0.00807591883	-0.01164736026
0.04289987320	0.00800437927	-0.01163225566
0.04291351618	0.00793091024	-0.01161554196
0.04292743063	0.00785524714	-0.01159705277
0.04294159602	0.00777743783	-0.01157676792
0.04295594855	0.00769777190	-0.01155480458
0.04297053219	0.00761594192	-0.01153097846
0.04298533975	0.00753191704	-0.01150523287
0.04300036345	0.00744566660	-0.01147750964
0.04301559489	0.00735716007	-0.01144774929
0.04303102486	0.00726636826	-0.01141588896
0.04304664351	0.00717326221	-0.01138186464
0.04306249027	0.00707750944	-0.01134542958
0.04307847381	0.00697956316	-0.01130677411
0.04309460037	0.00687928973	-0.01126577860
0.04311091336	0.00677630854	-0.01122215898
0.04312736106	0.00667082724	-0.01117594999
0.04314390041	0.00656300735	-0.01112718708
0.04316059501	0.00645230550	-0.01107546083
0.04317734077	0.00633927848	-0.01102101878
0.04319416096	0.00622363773	-0.01096361351
0.04321107689	0.00610508326	-0.01090294619
0.04322797996	0.00598422565	-0.01083930075
0.04324490301	0.00586068013	-0.01077234773
0.04326182077	0.00573446353	-0.01070198380
0.04327870717	0.00560559667	-0.01062810408
0.04329553548	0.00547410408	-0.01055060302
0.04331227841	0.00534001374	-0.01046937522
0.04332890811	0.00520335760	-0.01038431512
0.04334539618	0.00506417198	-0.01029531691
0.04336171387	0.00492249717	-0.01020227561
0.04337783208	0.00477837758	-0.01010508722
0.04339373778	0.00463170915	-0.01000352919
0.04340939250	0.00448261654	-0.00989752803
0.04342473674	0.00433144866	-0.00978721359
0.04343980363	0.00417763917	-0.00967199236
0.04345448770	0.00402202771	-0.00955235767
0.04346883442	0.00386388951	-0.00942758431
0.04348274523	0.00370406202	-0.00929817408
0.04349624124	0.00354206237	-0.00916359643
0.04350927591	0.00337818258	-0.00902390644
0.04352181202	0.00321264472	-0.00887914144
0.04353383494	0.00304539385	-0.00872910758
0.04354531770	0.00287654553	-0.00857374187
0.04355623589	0.00270620091	-0.00841297158
0.04356656403	0.00253450319	-0.00824676813
0.04357627751	0.00236161948	-0.00807513930
0.04358535905	0.00218762078	-0.00789800949
0.04359379210	0.00201258507	-0.00771530595
0.04360155632	0.00183670742	-0.00752707425
0.04360863685	0.00166012052	-0.00733331613
0.04361502140	0.00148294168	-0.00713402885
0.04362069915	0.00130530214	-0.00692923059
0.04362566136	0.00112733262	-0.00671894513
0.04362990504	0.00094899656	-0.00650300747
0.04363341718	0.00077078757	-0.00628183963
0.04363620025	0.00059265167	-0.00605533358
0.04363825558	0.00041455755	-0.00582335142
0.04363958142	0.00023694136	-0.00558629535
0.04364018366	0.00005981413	-0.00534415084
0.04364006815	-0.00011687484	-0.00509678587
0.04363924361	-0.00029261722	-0.00484475198
0.04363771862	-0.00046767681	-0.00458772319
0.04363550762	-0.00064162485	-0.00432617908
0.04363262259	-0.00081452707	-0.00406005475
0.04362908002	-0.00098619720	-0.00378956692
0.04362489825	-0.00115648637	-0.00351493378
0.04362009303	-0.00132540251	-0.00323616364
0.04361469043	-0.00149264413	-0.00295369561
0.04360870334	-0.00165837302	-0.00266736182
0.04360216637	-0.00182216791	-0.00237779473
0.04359508876	-0.00198429933	-0.00208470146
0.04358751098	-0.00214431682	-0.00178877638
0.04357944544	-0.00230242119	-0.00148986548
0.04357092580	-0.00245838013	-0.00118838007
0.04356197888	-0.00261212644	-0.00088456345
0.04355262189	-0.00276375370	-0.00057838821
0.04354289802	-0.00291294356	-0.00027046074
0.04353282447	-0.00305980415	0.00003919261
0.04352242457	-0.00320433578	0.00035045096
0.04351173909	-0.00334630678	0.00066279249
0.04350078682	-0.00348579323	0.00097612478
0.04348959469	-0.00362275614	0.00129020649
0.04347818675	-0.00375719108	0.00160486248
0.04346659605	-0.00388898906	0.00191972474
0.04345484513	-0.00401816408	0.00223459537
0.04344295791	-0.00414470939	0.00254925304
0.04343095857	-0.00426861171	0.00286346097
0.04341887081	-0.00438985936	0.00317698658
0.04340671739	-0.00450844689	0.00348959988
0.04339452011	-0.00462437369	0.00380107464
0.04338229531	-0.00473768525	0.00411128251
0.04337007249	-0.00484830074	0.00441986190
0.04335786676	-0.00495626859	0.00472664584
0.04334569315	-0.00506162954	0.00503147604
0.04333356560	-0.00516442642	0.00533424363
0.04332151550	-0.00526455157	0.00563449752
0.04330953624	-0.00536220838	0.00593241113
0.04329766602	-0.00545722690	0.00622743061
0.04328589283	-0.00554983692	0.00651979041
0.04327425262	-0.00563988190	0.00680898266
0.04326274391	-0.00572749489	0.00709501734
0.04325137440	-0.00581272916	0.00737782407
0.04324016163	-0.00589556020	0.00765716424
0.04322911316	-0.00597603408	0.00793291562
0.04321823429	-0.00605420785	0.00820499599
0.04320753253	-0.00613011752	0.00847329436
0.04319701443	-0.00620380142	0.00873770773
0.04318668564	-0.00627530012	0.00899814109
0.04317654769	-0.00634467792	0.00925457446
0.04316660982	-0.00641194238	0.00950686804
0.04315687703	-0.00647712690	0.00975490905
0.04314734508	-0.00654032264	0.00999873505
0.04313801641	-0.00660157167	0.01023832436
0.04312890329	-0.00666084900	0.01047345074
0.04311998936	-0.00671831272	0.01070435418
0.04311129338	-0.00677389037	0.01093073628
0.04310280468	-0.00682769629	0.01115271087
0.04309451900	-0.00687979944	0.01137036007
0.04308644990	-0.00693015461	0.01158345653
0.04307858602	-0.00697887059	0.01179212572
0.04307092674	-0.00702598590	0.01199636901
0.04306347094	-0.00707154005	0.01219619306
0.04305621698	-0.00711557356	0.01239160951
0.04304916289	-0.00715812701	0.01258263498
0.04304230630	-0.00719924140	0.01276929066
0.04303564446	-0.00723895809	0.01295160211
0.04302917421	-0.00727731922	0.01312959875
0.04302289220	-0.00731436630	0.01330331407
0.04301678876	-0.00735017640	0.01347291913
0.04301087328	-0.00738471310	0.01363825891
0.04300513812	-0.00741803902	0.01379940308
0.04299956511	-0.00745027575	0.01395667929
0.04299417718	-0.00748130584	0.01410970019
0.04298894368	-0.00751132010	0.01425895124
0.04298388512	-0.00754021407	0.01440409048
0.04297897055	-0.00756817670	0.01454564049
0.04297422580	-0.00759507243	0.01468317830
0.04296962689	-0.00762104804	0.01481705909
0.04296516973	-0.00764613615	0.01494740136
0.04296086513	-0.00767028524	0.01507401711
0.04295669841	-0.00769358628	0.01519712597
0.04295266637	-0.00771606505	0.01531679416
0.04294876387	-0.00773775741	0.01543313128
0.04294499145	-0.00775866726	0.01554614476
0.04294134652	-0.00777881527	0.01565587182
0.04293782244	-0.00779824418	0.01576242591
0.04293441591	-0.00781697756	0.01586587463
0.04293112354	-0.00783503923	0.01596628527
0.04292794203	-0.00785245191	0.01606372506
0.04292486803	-0.00786923839	0.01615826074
0.04292189527	-0.00788543685	0.01625002817
0.04291902543	-0.00790104194	0.01633901529
0.04291625593	-0.00791607129	0.01642526416
0.04291358139	-0.00793055736	0.01650887188
0.04291099864	-0.00794452035	0.01658990219
0.04290850066	-0.00795800093	0.01666850966
0.04290608656	-0.00797100649	0.01674474987
0.04290376447	-0.00798349561	0.01681845682
0.04290152237	-0.00799553539	0.01688983367
0.04289937089	-0.00800707094	0.01695861846
0.04289697835	-0.00801987886	0.01703356678
0.04289608683	-0.00802464596	0.01710948448
0.04289670948	-0.00802131686	0.01718548150
0.04289883711	-0.00800993024	0.01726066684
0.04290243846	-0.00799061841	0.01733415902
0.04290746078	-0.00796360583	0.01740509642
0.04291383100	-0.00792920657	0.01747264736
0.04292145724	-0.00788782078	0.01753601985
0.04293023065	-0.00783993011	0.01759447093
0.04294002765	-0.00778609232	0.01764731531
0.04295071229	-0.00772693485	0.01769393343
0.04296213886	-0.00766314769	0.01773377873
0.04297415457	-0.00759547546	0.01776638407
0.04298660216	-0.00752470881	0.01779136719
0.04308947228	0.00993603638	-0.01082635944
0.04310697057	0.00985984425	-0.01098835230
0.04311667185	0.00981733411	-0.01105285508
0.04312511712	0.00978016944	-0.01110156281
0.04313314168	0.00974471802	-0.01114184234
0.04314084429	0.00971056100	-0.01117685490
0.04314838862	0.00967698300	-0.01120804750
0.04315597655	0.00964308711	-0.01123608001
0.04316342055	0.00960971212	-0.01126190212
0.04317094314	0.00957586075	-0.01128559906
0.04317857949	0.00954136854	-0.01130741024
0.04318618737	0.00950687441	-0.01132781291
0.04319389466	0.00947179521	-0.01134677733
0.04320179217	0.00943570845	-0.01136427028
0.04320976733	0.00939911953	-0.01138058684
0.04321783789	0.00936194042	-0.01139578771
0.04322605407	0.00932393105	-0.01140985325
0.04323442383	0.00928504371	-0.01142281790
0.04324295430	0.00924523358	-0.01143470750
0.04325165181	0.00920445849	-0.01144553970
0.04326052889	0.00916264594	-0.01145531206
0.04326957561	0.00911982825	-0.01146405934
0.04327879134	0.00907599368	-0.01147179619
0.04328821617	0.00903093469	-0.01147844982
0.04329782744	0.00898474150	-0.01148406404
0.04330763066	0.00893736915	-0.01148862685
0.04331763190	0.00888876861	-0.01149212298
0.04332783418	0.00883890411	-0.01149453770
0.04333824046	0.00878773887	-0.01149585603
0.04334887224	0.00873514260	-0.01149601736
0.04335980097	0.00868073159	-0.01149483529
0.04337084556	0.00862538091	-0.01149268637
0.04338211241	0.00856853332	-0.01148933395
0.04339373967	0.00850945345	-0.01148441845
0.04340543649	0.00844958722	-0.01147857665
0.04341748823	0.00838744040	-0.01147112616
0.04342967908	0.00832408650	-0.01146253432
0.04344220138	0.00825848533	-0.01145230288
0.04345484762	0.00819168234	-0.01144090017
0.04346785794	0.00812236213	-0.01142768337
0.04348101647	0.00805162389	-0.01141314114
0.04349440764	0.00797896891	-0.01139702734
0.04350806869	0.00790413812	-0.01137918157
0.04352197998	0.00782717696	-0.01135958324
0.04353607994	0.00774836658	-0.01133834352
0.04355041129	0.00766740614	-0.01131528489
0.04356496729	0.00758426433	-0.01129035182
0.04357974059	0.00749891000	-0.01126348726
0.04359472323	0.00741131211	-0.01123463293
0.04360990649	0.00732144091	-0.01120372719
0.04362528099	0.00722926683	-0.01117070725
0.04364088520	0.00713446422	-0.01113533504
0.04365663071	0.00703747370	-0.01109779114
0.04367252370	0.00693816362	-0.01105795948
0.04368860653	0.00683616122	-0.01101556611
0.04370482917	0.00673166758	-0.01097064214
0.04372114993	0.00662483886	-0.01092321977
0.04373763081	0.00651514331	-0.01087290453
0.04375417077	0.00640312273	-0.01081993136
0.04377079259	0.00628849403	-0.01076406116
0.04378751717	0.00617096271	-0.01070500494
0.04380423894	0.00605112320	-0.01064303229
0.04382098998	0.00592859834	-0.01057782524
0.04383774579	0.00580340290	-0.01050928205
0.04385448108	0.00567555550	-0.01043729942
0.04387116987	0.00554507843	-0.01036177333
0.04388778561	0.00541199733	-0.01028259990
0.04390430115	0.00527634170	-0.01019967503
0.04392068878	0.00513814537	-0.01011289432
0.04393692040	0.00499744601	-0.01002215415
0.04395296753	0.00485428537	-0.00992735180
0.04396881740	0.00470856000	-0.00982827076
0.04398443229	0.00456038998	-0.00972483719
0.04399975371	0.00441011495	-0.00961717276
0.04401481416	0.00425717926	-0.00950470500
0.04402950980	0.00410240266	-0.00938790399
0.04404388526	0.00394507439	-0.00926607101
0.04405784324	0.00378601236	-0.00913968429
0.04407140436	0.00362474253	-0.00900823214
0.04408452244	0.00346154910	-0.00887176411
0.04409716036	0.00329664817	-0.00873031332
0.04410930330	0.00312998460	-0.00858369114
0.04412092418	0.00296167024	-0.00843183441
0.04413199834	0.00279180289	-0.00827467070
0.04414250001	0.00262052167	-0.00811217010
0.04415240411	0.00244798939	-0.00794433791
0.04416169285	0.00227427467	-0.00777109947
0.04417034908	0.00209945307	-0.00759238297
0.04417835172	0.00192371513	-0.00740823033
0.04418568508	0.00174719043	-0.00721864170
0.04419233600	0.00156999359	-0.00702361315
0.04419829264	0.00139225310	-0.00682316104
0.04420354521	0.00121409705	-0.00661730729
0.04420808979	0.00103548911	-0.00640589242
0.04421191173	0.00085691442	-0.00618932127
0.04421501241	0.00067832034	-0.00596749027
0.04421739211	0.00049967606	-0.00574026666
0.04421904720	0.00032141104	-0.00550803697
0.04421998234	0.00014353700	-0.00527078812
0.04422020223	-0.00003399551	-0.00502839377
0.04421971339	-0.00021068489	-0.00478138492
0.04421852366	-0.00038678990	-0.00452944979
0.04421664533	-0.00056188686	-0.00427305064
0.04421408924	-0.00073603899	-0.00401212718
0.04421087025	-0.00090906116	-0.00374688960
0.04420700513	-0.00108080461	-0.00347755014
0.04420250842	-0.00125127537	-0.00320411931
0.04419740431	-0.00142017353	-0.00292702222
0.04419170495	-0.00158765681	-0.00264610046
0.04418544282	-0.00175330638	-0.00236196563
0.04417862681	-0.00191738721	-0.00207433961
0.04417129525	-0.00207945110	-0.00178389383
0.04416346016	-0.00223969370	-0.00149048447
0.04415515373	-0.00239788229	-0.00119451104
0.04414640185	-0.00255394689	-0.00089621222
0.04413722125	-0.00270797726	-0.00059556599
0.04412765365	-0.00285965447	-0.00029316035
0.04411771602	-0.00300908188	0.00001097411
0.04410743117	-0.00315625663	0.00031671648
0.04409683891	-0.00330094513	0.00062355961
0.04408595791	-0.00344321879	0.00093140903
0.04407481481	-0.00358303510	0.00124002726
0.04406343347	-0.00372038598	0.00154924062
0.04405184659	-0.00385515923	0.00185868963
0.04404007680	-0.00398736453	0.00216817819
0.04402814810	-0.00411699112	0.00247748784
0.04401608479	-0.00424402172	0.00278638518
0.04400391081	-0.00436844066	0.00309464094
0.04399164920	-0.00449023842	0.00340202832
0.04397932216	-0.00460941029	0.00370832414
0.04396694651	-0.00472599777	0.00401339969
0.04395455211	-0.00483991629	0.00431690169
0.04394215472	-0.00495120986	0.00461866399
0.04392977008	-0.00505991514	0.00491852907
0.04391741280	-0.00516607144	0.00521638755
0.04390511478	-0.00526956705	0.00551179997
0.04389287047	-0.00537060169	0.00580492883
0.04388071857	-0.00546900157	0.00609523612
0.04386864817	-0.00556499312	0.00638294340
0.04385669580	-0.00565841627	0.00666755735
0.04384486101	-0.00574940030	0.00694908324
0.04383315238	-0.00583799567	0.00722744968
0.04382158823	-0.00592417471	0.00750242325
0.04381017705	-0.00600798030	0.00777388254
0.04379892508	-0.00608946655	0.00804174500
0.04378784068	-0.00616866674	0.00830590058
0.04377693131	-0.00624561655	0.00856624710
0.04376620347	-0.00632035401	0.00882269024
0.04375565954	-0.00639294133	0.00907520833
0.04374530958	-0.00646338380	0.00932366433
0.04373515948	-0.00653171236	0.00956794719
0.04372520578	-0.00659801636	0.00980809103
0.04371545165	-0.00666233648	0.01004407343
0.04370591021	-0.00672464522	0.01027567444
0.04369656573	-0.00678510014	0.01050312409
0.04368743775	-0.00684362648	0.01072613339
0.04367851627	-0.00690033746	0.01094481080
0.04366979757	-0.00695530161	0.01115923481
0.04366129595	-0.00700847178	0.01136918532
0.04365300060	-0.00705995607	0.01157478249
0.04364491144	-0.00710979226	0.01177602720
0.04363702787	-0.00715801921	0.01197292553
0.04362934875	-0.00720467684	0.01216548850
0.04362187255	-0.00724980524	0.01235373201
0.04361459734	-0.00729344498	0.01253767651
0.04360752079	-0.00733563706	0.01271734673
0.04360064013	-0.00737642333	0.01289277123
0.04359395236	-0.00741584507	0.01306398259
0.04358744796	-0.00745398023	0.01323114648
0.04358113681	-0.00749079138	0.01339411380
0.04357501156	-0.00752634098	0.01355295208
0.04356905392	-0.00756075269	0.01370797850
0.04356328755	-0.00759390670	0.01385881982
0.04355768150	-0.00762599655	0.01400594538
0.04355225692	-0.00765691571	0.01414902591
0.04354698243	-0.00768685647	0.01428856691
0.04354188456	-0.00771568080	0.01442416098
0.04353693913	-0.00774353741	0.01455615181
0.04353214202	-0.00777046024	0.01468465513
0.04352750442	-0.00779639660	0.01480949044
0.04352301156	-0.00782143886	0.01493087073
0.04351866025	-0.00784561346	0.01504886113
0.04351444531	-0.00786895736	0.01516356874
0.04351036734	-0.00789147480	0.01527500197
0.04350642383	-0.00791318687	0.01538319787
0.04350260805	-0.00793413725	0.01548826719
0.04349891668	-0.00795435029	0.01559027643
0.04349534628	-0.00797385055	0.01568929180
0.04349189353	-0.00799266150	0.01578537948
0.04348855501	-0.00801080669	0.01587860515
0.04348532428	-0.00802832569	0.01596910137
0.04348220305	-0.00804521341	0.01605685774
0.04347918872	-0.00806148799	0.01614191605
0.04347627581	-0.00807718283	0.01622437123
0.04347346105	-0.00809231888	0.01630428609
0.04347073718	-0.00810693839	0.01638181119
0.04346810317	-0.00812104967	0.01645700160
0.04346556751	-0.00813461014	0.01652969794
0.04346311783	-0.00814768856	0.01660009749
0.04346076533	-0.00816022782	0.01666794790
0.04345817779	-0.00817399682	0.01674134772
0.04345706979	-0.00817988547	0.01681583201
0.04345745752	-0.00817782532	0.01689052753
0.04345933530	-0.00816784033	0.01696455852
0.04346267574	-0.00815004653	0.01703705704
0.04346743022	-0.00812465079	0.01710717313
0.04347353001	-0.00809194841	0.01717408472
0.04348088759	-0.00805231984	0.01723700734
0.04348939848	-0.00800622635	0.01729520328
0.04349894329	-0.00795420475	0.01734799025
0.04350939004	-0.00789686137	0.01739474937
0.04352059663	-0.00783486502	0.01743493243
0.04353241346	-0.00776893939	0.01746806832
0.04354468600	-0.00769985469	0.01749376855
0.04367057744	0.00995204568	-0.01061888943
0.04368742764	0.00987781421	-0.01077841451
0.04369681016	0.00983622538	-0.01084197304
0.04370499190	0.00979980770	-0.01088998116
0.04371277427	0.00976503525	-0.01092969961
0.04372025129	0.00973150426	-0.01096423413
0.04372758006	0.00969851998	-0.01099501077
0.04373495476	0.00966520978	-0.01102268489
0.04374219461	0.00963239111	-0.01104818082
0.04374951388	0.00959909284	-0.01107159087
0.04375694645	0.00956515473	-0.01109315136
0.04376435528	0.00953119899	-0.01111332469
0.04377186363	0.00949665743	-0.01113208671
0.04377955904	0.00946111820	-0.01114940855
0.04378733313	0.00942507320	-0.01116557502
0.04379520306	0.00938843633	-0.01118064626
0.04380321730	0.00935097331	-0.01119460501
0.04381138364	0.00931263719	-0.01120748533
0.04381970904	0.00927338381	-0.01121931282
0.04382819972	0.00923317154	-0.01123010501
0.04383686788	0.00919192920	-0.01123985999
0.04384570404	0.00914968769	-0.01124861137
0.04385470773	0.00910643496	-0.01125637341
0.04386391775	0.00906196818	-0.01126307648
0.04387331235	0.00901637459	-0.01126876247
0.04388289700	0.00896960970	-0.01127341983
0.04389267768	0.00892162505	-0.01127703380
0.04390265745	0.00887238506	-0.01127959003
0.04391283929	0.00882185315	-0.01128107394
0.04392324412	0.00876990159	-0.01128142711
0.04393394108	0.00871615562	-0.01128047036
0.04394475548	0.00866146717	-0.01127856395
0.04395579017	0.00860529244	-0.01127548104
0.04396717880	0.00854691383	-0.01127087624
0.04397864055	0.00848773959	-0.01126535902
0.04399045128	0.00842631259	-0.01125827517
0.04400240261	0.00836367813	-0.01125007161
0.04401468063	0.00829882140	-0.01124027028
0.04402708488	0.00823276043	-0.01122931913
0.04403984775	0.00816421199	-0.01121660142
0.04405276065	0.00809424654	-0.01120258433
0.04406590538	0.00802237688	-0.01118703143
0.04407931817	0.00794834934	-0.01116978793
0.04409298021	0.00787220706	-0.01115083290
0.04410683207	0.00779422304	-0.01113027186
0.04412091528	0.00771410281	-0.01110793369
0.04413522350	0.00763181463	-0.01108376395
0.04414974976	0.00754732691	-0.01105770672
0.04416448657	0.00746060815	-0.01102970484
0.04417942561	0.00737162805	-0.01099969783
0.04419455800	0.00728035649	-0.01096762409
0.04420992120	0.00718647445	-0.01093325377
0.04422542965	0.00709041041	-0.01089675830
0.04424108949	0.00699203464	-0.01085802498
0.04425694199	0.00689098206	-0.01081678941
0.04427293875	0.00678744736	-0.01077307934
0.04428903944	0.00668158160	-0.01072692396
0.04430530445	0.00657286430	-0.01067794289
0.04432163573	0.00646182278	-0.01062635924
0.04433805552	0.00634817929	-0.01057194184
0.04435458434	0.00623164469	-0.01051441094
0.04437111956	0.00611279781	-0.01045402276
0.04438769249	0.00599126892	-0.01039047013
0.04440427938	0.00586707082	-0.01032365289
0.04442085570	0.00574022009	-0.01025346927
0.04443739618	0.00561073686	-0.01017981678
0.04445387499	0.00547864458	-0.01010259300
0.04447026566	0.00534397045	-0.01002169526
0.04448654116	0.00520674591	-0.00993702057
0.04450267403	0.00506700617	-0.00984846663
0.04451863640	0.00492479047	-0.00975593201
0.04453441575	0.00477999601	-0.00965920595
0.04454997510	0.00463273849	-0.00955821434
0.04456525702	0.00448334860	-0.00945307121
0.04458029330	0.00433128121	-0.00934322400
0.04459498184	0.00417733670	-0.00922912087
0.04460936639	0.00402081811	-0.00911008825
0.04462335099	0.00386252436	-0.00898658211
0.04463695573	0.00370199010	-0.00885810866
0.04465013487	0.00353949198	-0.00872471230
0.04466285146	0.00337524034	-0.00858642222
0.04467509051	0.00320917994	-0.00844305477
0.04468682488	0.00304141908	-0.00829454669
0.04469802974	0.00287205237	-0.00814082589
0.04470867908	0.00270121502	-0.00798186128
0.04471874746	0.00252906566	-0.00781765583
0.04472821663	0.00235567071	-0.00764813585
0.04473706892	0.00218110338	-0.00747323046
0.04474528263	0.00200554985	-0.00729297814
0.04475284132	0.00182913670	-0.00710737760
0.04475973104	0.00165197598	-0.00691642382
0.04476593907	0.00147419350	-0.00672013147
0.04477145466	0.00129591482	-0.00651852071
0.04477627303	0.00111710391	-0.00631143736
0.04478037805	0.00093823754	-0.00609926999
0.04478377011	0.00075926441	-0.00588191927
0.04478644849	0.00058015431	-0.00565925735
0.04478840790	0.00040133000	-0.00543165586
0.04478965177	0.00022280392	-0.00519910316
0.04479018380	0.00004452789	-0.00496147826
0.04479000846	-0.00013300327	-0.00471929272
0.04478913284	-0.00031004325	-0.00447224818
0.04478756728	-0.00048617351	-0.00422079049
0.04478532154	-0.00066145482	-0.00396486370
0.04478240891	-0.00083570324	-0.00370467177
0.04477884467	-0.00100877021	-0.00344042132
0.04477464226	-0.00118065990	-0.00317212486
0.04476982406	-0.00135107418	-0.00290019419
0.04476440149	-0.00152016665	-0.00262447990
0.04475840502	-0.00168752122	-0.00234557366
0.04475184316	-0.00185339725	-0.00206321136
0.04474475221	-0.00201734915	-0.00177804259
0.04473714378	-0.00217956739	-0.00148993317
0.04472904866	-0.00233981907	-0.00119927132
0.04472049179	-0.00249803166	-0.00090629126
0.04471148942	-0.00265429110	-0.00061097606
0.04470208184	-0.00280827827	-0.00031389613
0.04469228573	-0.00296009187	-0.00001508606
0.04468212341	-0.00310972598	0.00028533330
0.04467163366	-0.00325694544	0.00058686883
0.04466083506	-0.00340181712	0.00088942417
0.04464975385	-0.00354429519	0.00119276561
0.04463841372	-0.00368436814	0.00149672095
0.04462684696	-0.00382192076	0.00180093886
0.04461507622	-0.00395695866	0.00210522509
0.04460312551	-0.00408946729	0.00240936395
0.04459101923	-0.00421942553	0.00271312537
0.04457878145	-0.00434681398	0.00301628331
0.04456643545	-0.00447161924	0.00331861410
0.04455400373	-0.00459383272	0.00361989753
0.04454150357	-0.00471349209	0.00392000464
0.04452896504	-0.00483050931	0.00421859013
0.04451640454	-0.00494492416	0.00451548874
0.04450383839	-0.00505676937	0.00481054377
0.04449128180	-0.00516608090	0.00510364538
0.04447876713	-0.00527274333	0.00539436535
0.04446628979	-0.00537695263	0.00568285579
0.04445388890	-0.00547853165	0.00596859388
0.04444155458	-0.00557770331	0.00625178895
0.04442932384	-0.00567430443	0.00653196166
0.04441719723	-0.00576846060	0.00680911284
0.04440518410	-0.00586021950	0.00708317019
0.04439330350	-0.00594955057	0.00735390530
0.04438156478	-0.00603649360	0.00762119762
0.04436997502	-0.00612109991	0.00788496433
0.04435854342	-0.00620340012	0.00814509634
0.04434727824	-0.00628342742	0.00840149231
0.04433618681	-0.00636121737	0.00865405864
0.04432527231	-0.00643683018	0.00890277206
0.04431454553	-0.00651026900	0.00914749823
0.04430401318	-0.00658156241	0.00938812780
0.04429367262	-0.00665079799	0.00962469165
0.04428352765	-0.00671801505	0.00985716666
0.04427359219	-0.00678318380	0.01008533893
0.04426385114	-0.00684646113	0.01030942903
0.04425432474	-0.00690777021	0.01052915700
0.04424500367	-0.00696722311	0.01074462614
0.04423588473	-0.00702488788	0.01095591152
0.04422698287	-0.00708071564	0.01116280003
0.04421828785	-0.00713481373	0.01136540673
0.04420980013	-0.00718721922	0.01156373206
0.04420151958	-0.00723797032	0.01175778159
0.04419344553	-0.00728710639	0.01194756570
0.04418557691	-0.00733466703	0.01213309967
0.04417791221	-0.00738069239	0.01231440323
0.04417044950	-0.00742522311	0.01249150033
0.04416318639	-0.00746830074	0.01266441871
0.04415612022	-0.00750996635	0.01283319007
0.04414924165	-0.00755029861	0.01299797494
0.04414256100	-0.00758925927	0.01315862989
0.04413607122	-0.00762691059	0.01331522041
0.04412975397	-0.00766337801	0.01346805363
0.04412363350	-0.00769853976	0.01361676985
0.04411767870	-0.00773259164	0.01376182295
0.04411191126	-0.00776542546	0.01390289582
0.04410629947	-0.00779723633	0.01404047757
0.04410087048	-0.00782788419	0.01417417576
0.04409559997	-0.00785751941	0.01430432302
0.04409048377	-0.00788617706	0.01443103244
0.04408553346	-0.00791380359	0.01455413069
0.04408073418	-0.00794049251	0.01467382441
0.04407608280	-0.00796627095	0.01479017766
0.04407157407	-0.00799117681	0.01490329512
0.04406720868	-0.00801521473	0.01501318615
0.04406298417	-0.00803840619	0.01511988764
0.04405889376	-0.00806079574	0.01522350769
0.04405493413	-0.00808240845	0.01532411178
0.04405110180	-0.00810326957	0.01542176509
0.04404739341	-0.00812340330	0.01551653273
0.04404380551	-0.00814283390	0.01560847939
0.04404033149	-0.00816160219	0.01569773442
0.04403697310	-0.00817970339	0.01578428903
0.04403372774	-0.00819715613	0.01586818471
0.04403058981	-0.00821399468	0.01594951435
0.04402755598	-0.00823024070	0.01602833978
0.04402461875	-0.00824593786	0.01610480778
0.04402177701	-0.00826109535	0.01617897286
0.04401903951	-0.00827566966	0.01625068200
0.04401639363	-0.00828973099	0.01632012685
0.04401385100	-0.00830322034	0.01638706424
0.04401108298	-0.00831787969	0.01645895896
0.04400977176	-0.00832481457	0.01653204519
0.04400993635	-0.00832394437	0.01660546606
0.04401157438	-0.00831527921	0.01667836079
0.04401466208	-0.00829891980	0.01674987474
0.04401915480	-0.00827505637	0.01681916948
0.04402498796	-0.00824396645	0.01688543260
0.04403207829	-0.00820601177	0.01694788721
0.04404032556	-0.00816163415	0.01700580110
0.04404961454	-0.00811135048	0.01705849528
0.04405981719	-0.00805574682	0.01710535195
0.04407079509	-0.00799547172	0.01714582177
0.04408240191	-0.00793122875	0.01717943026
0.04409448598	-0.00786376842	0.01720578340
0.04426223988	0.00996538299	-0.01041291658
0.04427845816	0.00989307231	-0.01056995753
0.04428752855	0.00985238814	-0.01063256266
0.04429545177	0.00981670461	-0.01067986325
0.04430299619	0.00978260014	-0.01071901296
0.04431025131	0.00974968543	-0.01075306208
0.04431736782	0.00971728597	-0.01078341553
0.04432453234	0.00968455317	-0.01081072383
0.04433157079	0.00965228309	-0.01083588637
0.04433868930	0.00961953057	-0.01085900213
0.04434592051	0.00958613955	-0.01088030430
0.04435313251	0.00955271553	-0.01090024074
0.04436044396	0.00951870520	-0.01091879264
0.04436793926	0.00948370726	-0.01093593531
0.04437551408	0.00944820019	-0.01095194353
0.04438318505	0.00941209978	-0.01096687685
0.04439099890	0.00937517751	-0.01098072032
0.04439896325	0.00933738719	-0.01099350758
0.04440708490	0.00929868527	-0.01100526398
0.04441536994	0.00925903072	-0.01101600693
0.04442383025	0.00921835361	-0.01102573502
0.04443245681	0.00917668345	-0.01103448075
0.04444124927	0.00913400789	-0.01104225797
0.04445024517	0.00909012879	-0.01104900012
0.04445942367	0.00904513041	-0.01105474726
0.04446879016	0.00899896875	-0.01105948822
0.04447835055	0.00895159590	-0.01106320879
0.04448810793	0.00890297648	-0.01106589497
0.04449806530	0.00885307412	-0.01106753258
0.04450824299	0.00880176364	-0.01106806531
0.04451870785	0.00874867922	-0.01106732102
0.04452929152	0.00869464972	-0.01106564419
0.04454009335	0.00863914473	-0.01106281744
0.04455124248	0.00858146439	-0.01105850925
0.04456246805	0.00852297942	-0.01105330253
0.04457403650	0.00846226964	-0.01104657046
0.04458574681	0.00840035226	-0.01103874016
0.04459777883	0.00833623779	-0.01102935318
0.04460993914	0.00827091692	-0.01101883767
0.04462245236	0.00820313855	-0.01100660230
0.04463511718	0.00813394442	-0.01099309334
0.04464801276	0.00806285889	-0.01097808382
0.04466117431	0.00798963367	-0.01096142445
0.04467458383	0.00791430961	-0.01094309398
0.04468818403	0.00783715159	-0.01092319245
0.04470201524	0.00775787153	-0.01090155500
0.04471607147	0.00767643728	-0.01087812828
0.04473034619	0.00759281682	-0.01085285746
0.04474483228	0.00750697819	-0.01082568651
0.04475952189	0.00741889059	-0.01079655612
0.04477440655	0.00732852338	-0.01076540589
0.04478952275	0.00723556418	-0.01073201397
0.04480478776	0.00714042933	-0.01069654292
0.04482020765	0.00704299110	-0.01065888336
0.04483582259	0.00694289206	-0.01061878024
0.04485158583	0.00684032061	-0.01057625806
0.04486745835	0.00673542267	-0.01053134310
0.04488349891	0.00662768910	-0.01048366878
0.04489961247	0.00651763277	-0.01043344673
0.04491582073	0.00640498131	-0.01038045349
0.04493214377	0.00628945099	-0.01032441846
0.04494848193	0.00617160506	-0.01026558478
0.04496486576	0.00605108126	-0.01020365593
0.04498127223	0.00592789048	-0.01013853329
0.04499767754	0.00580204729	-0.01007011666
0.04501405718	0.00567356974	-0.00999830509
0.04503038599	0.00554247910	-0.00992299765
0.04504663823	0.00540880034	-0.00984409313
0.04506278754	0.00527256255	-0.00976148994
0.04507880710	0.00513379856	-0.00967508716
0.04509466965	0.00499254509	-0.00958478466
0.04511036294	0.00484870010	-0.00949037736
0.04512585076	0.00470237497	-0.00939179096
0.04514107675	0.00455389141	-0.00928913205
0.04515607199	0.00440271499	-0.00918186764
0.04517073622	0.00424962666	-0.00907042452
0.04518511220	0.00409394342	-0.00895415371
0.04519910549	0.00393644511	-0.00883348955
0.04521273561	0.00377667523	-0.00870795577
0.04522595730	0.00361490293	-0.00857759180
0.04523873384	0.00345133276	-0.00844242304
0.04525105011	0.00328590949	-0.00830227080
0.04526287895	0.00311873788	-0.00815707174
0.04527419543	0.00294990940	-0.00800675418
0.04528497332	0.00277955540	-0.00785128593
0.04529518692	0.00260783033	-0.00769066771
0.04530481756	0.00243479843	-0.00752482684
0.04531384709	0.00226053064	-0.00735369337
0.04532225327	0.00208520877	-0.00717730252
0.04533001900	0.00190895639	-0.00699565156
0.04533712958	0.00173188301	-0.00680873446
0.04534357147	0.00155411174	-0.00661656427
0.04534933303	0.00137576564	-0.00641915946
0.04535440866	0.00119680906	-0.00621637107
0.04535878088	0.00101771022	-0.00600857173
0.04536244912	0.00083841921	-0.00579566629
0.04536541171	0.00065890648	-0.00557753171
0.04536766175	0.00047958797	-0.00535452508
0.04536920157	0.00030047678	-0.00512663611
0.04537003382	0.00012152614	-0.00489374910
0.04537016105	-0.00005677618	-0.00465635650
0.04536958963	-0.00023467865	-0.00441417313
0.04536832799	-0.00041176808	-0.00416762871
0.04536638483	-0.00058810273	-0.00391667156
0.04536377194	-0.00076349995	-0.00366149950
0.04536050316	-0.00093781146	-0.00340231356
0.04535659079	-0.00111103958	-0.00313912824
0.04535205547	-0.00128288813	-0.00287234220
0.04534690790	-0.00145350654	-0.00260181483
0.04534117654	-0.00162248170	-0.00232811819
0.04533486954	-0.00179006721	-0.00205100191
0.04532802117	-0.00195582044	-0.00177109403
0.04532064263	-0.00211992652	-0.00148826978
0.04531276329	-0.00228215261	-0.00120290625
0.04530440711	-0.00244242370	-0.00091523323
0.04529558988	-0.00260082185	-0.00062523868
0.04528635041	-0.00275702809	-0.00033347570
0.04527670507	-0.00291113636	-0.00003998269
0.04526667565	-0.00306313774	0.00025511959
0.04525629990	-0.00321279575	0.00055135192
0.04524559621	-0.00336017273	0.00084861617
0.04523459045	-0.00350521960	0.00114668240
0.04522330601	-0.00364792144	0.00144537994
0.04521177478	-0.00378816024	0.00174436558
0.04520001937	-0.00392593759	0.00204344697
0.04518806376	-0.00406123517	0.00234241124
0.04517593236	-0.00419402817	0.00264103168
0.04516364936	-0.00432429348	0.00293908551
0.04515123818	-0.00445201392	0.00323635222
0.04513872159	-0.00457717711	0.00353261464
0.04512611726	-0.00469981686	0.00382774361
0.04511345544	-0.00481984186	0.00412140181
0.04510075307	-0.00493728768	0.00441342492
0.04508802704	-0.00505218318	0.00470365713
0.04507529309	-0.00516456093	0.00499198824
0.04506258398	-0.00527430206	0.00527800116
0.04504989604	-0.00538159861	0.00556183787
0.04503726873	-0.00548627035	0.00584299059
0.04502469319	-0.00558853649	0.00612165664
0.04501220684	-0.00568823102	0.00639737056
0.04499981119	-0.00578547576	0.00667012886
0.04498751633	-0.00588031561	0.00693985842
0.04497534198	-0.00597271724	0.00720633582
0.04496329831	-0.00606271738	0.00746944143
0.04495139323	-0.00615036454	0.00772909222
0.04493963671	-0.00623568675	0.00798518011
0.04492803781	-0.00631871469	0.00823760464
0.04491660465	-0.00639948154	0.00848627294
0.04490534116	-0.00647804542	0.00873116025
0.04489425888	-0.00655440744	0.00897213493
0.04488336530	-0.00662859388	0.00920908932
0.04487265854	-0.00670069048	0.00944205118
0.04486214309	-0.00677073516	0.00967099671
0.04485183356	-0.00683869601	0.00989571805
0.04484171556	-0.00690472901	0.01011642642
0.04483180995	-0.00696875551	0.01033285080
0.04482210810	-0.00703088633	0.01054508947
0.04481260734	-0.00709118893	0.01075321413
0.04480332323	-0.00714961290	0.01095701855
0.04479424613	-0.00720626471	0.01115661283
0.04478537699	-0.00726118072	0.01135199697
0.04477671618	-0.00731439849	0.01154317601
0.04476826351	-0.00736595680	0.01173015979
0.04476001834	-0.00741589477	0.01191296292
0.04475197959	-0.00746425212	0.01209160446
0.04474414574	-0.00751106912	0.01226610757
0.04473651475	-0.00755638702	0.01243649922
0.04472908436	-0.00760024666	0.01260281023
0.04472184540	-0.00764272734	0.01276519603
0.04471480859	-0.00768379010	0.01292351882
0.04470796721	-0.00772349697	0.01307784207
0.04470130291	-0.00776197496	0.01322846295
0.04469484049	-0.00779910065	0.01337503515
0.04468854873	-0.00783507177	0.01351799727
0.04468244980	-0.00786977874	0.01365704422
0.04467651176	-0.00790341912	0.01379264888
0.04467076229	-0.00793585117	0.01392443360
0.04466517700	-0.00796722668	0.01405272009
0.04465975170	-0.00799758181	0.01417761877
0.04465449831	-0.00802686229	0.01429896342
0.04464940191	-0.00805516268	0.01441695438
0.04464445943	-0.00808251072	0.01453165465
0.04463966559	-0.00810894526	0.01464316652
0.04463502115	-0.00813447132	0.01475150022
0.04463052373	-0.00815911079	0.01485669251
0.04462616650	-0.00818290905	0.01495884886
0.04462194613	-0.00820589185	0.01505803371
0.04461785912	-0.00822808513	0.01515431119
0.04461390209	-0.00824951380	0.01524774538
0.04461007154	-0.00827020279	0.01533839994
0.04460636074	-0.00829019412	0.01542640105
0.04460277148	-0.00830948335	0.01551174148
0.04459930112	-0.00832808960	0.01559446243
0.04459594399	-0.00834604798	0.01567465473
0.04459269669	-0.00836338084	0.01575237926
0.04458955152	-0.00838013318	0.01582777900
0.04458650727	-0.00839631505	0.01590090793
0.04458357293	-0.00841188216	0.01597161929
0.04458073565	-0.00842690607	0.01604009914
0.04457800748	-0.00844132609	0.01610611343
0.04457506734	-0.00845683800	0.01617649475
0.04457355943	-0.00846478215	0.01624817049
0.04457350550	-0.00846506615	0.01632030031
0.04457490631	-0.00845768671	0.01639203856
0.04457774168	-0.00844272963	0.01646254416
0.04458197086	-0.00842036884	0.01653099052
0.04458753336	-0.00839086445	0.01659657515
0.04459435018	-0.00835455978	0.01665852914
0.04460232538	-0.00831187750	0.01671612614
0.04461134795	-0.00826331479	0.01676869086
0.04462129391	-0.00820943767	0.01681560704
0.04463202865	-0.00815087456	0.01685632463
0.04464340930	-0.00808830906	0.01689036625
0.04465528725	-0.00802247203	0.01691733280
0.04484401576	0.00997572310	-0.01021542789
0.04485963900	0.00990523044	-0.01037005566
0.04486841424	0.00986540446	-0.01043173199
0.04487609256	0.00983041798	-0.01047834232
0.04488341123	0.00979694840	-0.01051693596
0.04489045557	0.00976461980	-0.01055050979
0.04489737026	0.00973277685	-0.01058044810
0.04490433474	0.00970059392	-0.01060739643
0.04491118135	0.00966884643	-0.01063223055
0.04491810848	0.00963661413	-0.01065505546
0.04492514758	0.00960374489	-0.01067610129
0.04493217166	0.00957082814	-0.01069580215
0.04493929501	0.00953732483	-0.01071414418
0.04494659899	0.00950284381	-0.01073110653
0.04495398320	0.00946785063	-0.01074695455
0.04496146370	0.00943226288	-0.01076174719
0.04496908562	0.00939585757	-0.01077547161
0.04497685637	0.00935858922	-0.01078816107
0.04498478262	0.00932041491	-0.01079984067
0.04499287033	0.00928129411	-0.01081052766
0.04500113106	0.00924115818	-0.01082022113
0.04500955624	0.00920003522	-0.01082895249
0.04501814565	0.00915791263	-0.01083673525
0.04502693557	0.00911459676	-0.01084350570
0.04503590606	0.00907016903	-0.01084930216
0.04504506245	0.00902458588	-0.01085411388
0.04505441054	0.00897779997	-0.01085792709
0.04506395345	0.00892977609	-0.01086072818
0.04507369422	0.00888047807	-0.01086250332
0.04508365258	0.00882978320	-0.01086319821
0.04509389320	0.00877733429	-0.01086264732
0.04510425376	0.00872393796	-0.01086118029
0.04511483027	0.00866907672	-0.01085858868
0.04512574752	0.00861206781	-0.01085455397
0.04513674424	0.00855424578	-0.01084963414
0.04514807775	0.00849422609	-0.01084322812
0.04515955415	0.00843299886	-0.01083574442
0.04517134726	0.00836959902	-0.01082674306
0.04518327043	0.00830499093	-0.01081663358
0.04519554080	0.00823795444	-0.01080484852
0.04520796402	0.00816950365	-0.01079181457
0.04522061677	0.00809917406	-0.01077731361
0.04523353320	0.00802672258	-0.01076120158
0.04524669611	0.00795218788	-0.01074345692
0.04526005027	0.00787582701	-0.01072417455
0.04527363480	0.00779735807	-0.01070319550
0.04528744410	0.00771674852	-0.01068046747
0.04530147200	0.00763396595	-0.01065593670
0.04531571176	0.00754897799	-0.01062954822
0.04533015594	0.00746175337	-0.01060124387
0.04534479650	0.00737226094	-0.01057096437
0.04535966893	0.00728019477	-0.01053849546
0.04537469324	0.00718595955	-0.01050399138
0.04538987543	0.00708942943	-0.01046734589
0.04540525458	0.00699025445	-0.01042831277
0.04542078553	0.00688861692	-0.01038691350
0.04543643053	0.00678465786	-0.01034317167
0.04545224672	0.00667787912	-0.01029673370
0.04546814198	0.00656877962	-0.01024780047
0.04548413747	0.00645709221	-0.01019615584
0.04550025282	0.00634253847	-0.01014153783
0.04551639130	0.00622566660	-0.01008417733
0.04553258262	0.00610612161	-0.01002378787
0.04554880450	0.00598391259	-0.00996027236
0.04556503383	0.00585905221	-0.00989353213
0.04558124681	0.00573155656	-0.00982346771
0.04559741897	0.00560144485	-0.00974997963
0.04561352524	0.00546873994	-0.00967296811
0.04562953991	0.00533346870	-0.00959233297
0.04564543680	0.00519566167	-0.00950797459
0.04566118926	0.00505535326	-0.00941979415
0.04567678527	0.00491244218	-0.00932759200
0.04569218940	0.00476703570	-0.00923129369
0.04570734636	0.00461944689	-0.00913099886
0.04572228651	0.00446915174	-0.00902619304
0.04573691145	0.00431691239	-0.00891728291
0.04575126295	0.00416205954	-0.00880364279
0.04576524813	0.00400535449	-0.00868568662
0.04577888593	0.00384634945	-0.00856295474
0.04579213162	0.00368530631	-0.00843548196
0.04580494875	0.00352242409	-0.00830329013
0.04581732209	0.00335764760	-0.00816620531
0.04582922453	0.00319107825	-0.00802416415
0.04584063104	0.00302280451	-0.00787709539
0.04585151529	0.00285295403	-0.00772496585
0.04586185134	0.00268167726	-0.00756777420
0.04587162018	0.00250903637	-0.00740544874
0.04588080327	0.00233510012	-0.00723792044
0.04588937788	0.00216004612	-0.00706522147
0.04589732634	0.00198399506	-0.00688734780
0.04590463329	0.00180705399	-0.00670429247
0.04591128446	0.00162934345	-0.00651606701
0.04591726741	0.00145098405	-0.00632268834
0.04592257580	0.00127194060	-0.00612401243
0.04592719093	0.00109267290	-0.00592039690
0.04593111135	0.00091313246	-0.00571175054
0.04593433450	0.00073329042	-0.00549795489
0.04593685206	0.00055355597	-0.00527935325
0.04593866528	0.00037394290	-0.00505593664
0.04593977588	0.00019440582	-0.00482759438
0.04594018462	0.00001542549	-0.00459480079
0.04593989719	-0.00016324136	-0.00435728319
0.04593892024	-0.00034118691	-0.00411545601
0.04593726149	-0.00051846695	-0.00386927156
0.04593493132	-0.00069490016	-0.00361892186
0.04593194217	-0.00087033865	-0.00336460259
0.04592830532	-0.00104478288	-0.00310633013
0.04592403974	-0.00121793881	-0.00284449064
0.04591915543	-0.00138995165	-0.00257895181
0.04591367897	-0.00156041156	-0.00231026706
0.04590761812	-0.00172956632	-0.00203819902
0.04590100523	-0.00189697651	-0.00176335521
0.04589385107	-0.00206282203	-0.00148561978
0.04588618365	-0.00222687022	-0.00120535918
0.04587802601	-0.00238904379	-0.00092279890
0.04586939343	-0.00254942102	-0.00063793153
0.04586032329	-0.00270768332	-0.00035129366
0.04585083165	-0.00286392007	-0.00006292721
0.04584093974	-0.00301811943	0.00022704718
0.04583068430	-0.00317004389	0.00051816357
0.04582008350	-0.00331975140	0.00081032225
0.04580916279	-0.00346718986	0.00110329692
0.04579794529	-0.00361234109	0.00139691843
0.04578646243	-0.00375508452	0.00169085139
0.04577473671	-0.00389541791	0.00198490531
0.04576279205	-0.00403331939	0.00227887010
0.04575065285	-0.00416876065	0.00257252232
0.04573834331	-0.00430171508	0.00286564238
0.04572588700	-0.00443216193	0.00315801284
0.04571330686	-0.00456008520	0.00344941952
0.04570062089	-0.00468551503	0.00373973313
0.04568785947	-0.00480835709	0.00402862403
0.04567504001	-0.00492864291	0.00431592886
0.04566217988	-0.00504639766	0.00460149276
0.04564929533	-0.00516165064	0.00488520526
0.04563641937	-0.00527427989	0.00516665993
0.04562354926	-0.00538447343	0.00544598918
0.04561072467	-0.00549204842	0.00572269961
0.04559793775	-0.00559722022	0.00599697720
0.04558522621	-0.00569982040	0.00626836974
0.04557259246	-0.00579996705	0.00653686973
0.04556004728	-0.00589770238	0.00680240331
0.04554761098	-0.00599299050	0.00706475187
0.04553529451	-0.00608586522	0.00732379673
0.04552310651	-0.00617637233	0.00757945470
0.04551105769	-0.00626453741	0.00783161872
0.04549915784	-0.00635038875	0.00808018922
0.04548741580	-0.00643395721	0.00832507410
0.04547583623	-0.00651529894	0.00856624717
0.04546443134	-0.00659441310	0.00880357945
0.04545320935	-0.00667132379	0.00903696492
0.04544216912	-0.00674611494	0.00926642840
0.04543131577	-0.00681882313	0.00949194547
0.04542066456	-0.00688941451	0.00971331407
0.04541020177	-0.00695804403	0.00993073654
0.04539994883	-0.00702463145	0.01014395042
0.04538989779	-0.00708928629	0.01035304921
0.04538004648	-0.00715207542	0.01055810140
0.04537041102	-0.00721294706	0.01075890738
0.04536098234	-0.00727200675	0.01095557252
0.04535176189	-0.00732929018	0.01114809640
0.04534275051	-0.00738483427	0.01133648362
0.04533394845	-0.00743867727	0.01152074346
0.04532535550	-0.00749085778	0.01170088995
0.04531697098	-0.00754141512	0.01187694145
0.04530879377	-0.00759038922	0.01204892046
0.04530082219	-0.00763782100	0.01221685313
0.04529305433	-0.00768375108	0.01238076952
0.04528548123	-0.00772825925	0.01254082015
0.04527811396	-0.00777130601	0.01269687259
0.04527094614	-0.00781295316	0.01284898841
0.04526395945	-0.00785332897	0.01299745525
0.04525717914	-0.00789230874	0.01314193959
0.04525057399	-0.00793009174	0.01328286543
0.04524416654	-0.00796656733	0.01341993915
0.04523792476	-0.00800193507	0.01355361812
0.04523187671	-0.00803605195	0.01368353883
0.04522599801	-0.00806907088	0.01381001250
0.04522028449	-0.00810102903	0.01393314706
0.04521474832	-0.00813187160	0.01405278303
0.04520937460	-0.00816169402	0.01416911473
0.04520416029	-0.00819052460	0.01428220413
0.04519910013	-0.00821840307	0.01439215121
0.04519419492	-0.00824533485	0.01449896707
0.04518944234	-0.00827134222	0.01460268827
0.04518483557	-0.00829647130	0.01470341782
0.04518037124	-0.00832074850	0.01480121910
0.04517604587	-0.00834420040	0.01489615524
0.04517185606	-0.00836685255	0.01498828934
0.04516779827	-0.00838873055	0.01507768404
0.04516386566	-0.00840987749	0.01516446249
0.04516006005	-0.00843028931	0.01524861892
0.04515637878	-0.00844998559	0.01533019425
0.04515281611	-0.00846900222	0.01540927732
0.04514936859	-0.00848736218	0.01548592810
0.04514602836	-0.00850511168	0.01556028593
0.04514279409	-0.00852226162	0.01563240423
0.04513967499	-0.00853876708	0.01570214224
0.04513665800	-0.00855470079	0.01576968070
0.04513375554	-0.00857000068	0.01583479420
0.04513065765	-0.00858629961	0.01590370715
0.04512896669	-0.00859518276	0.01597400989
0.04512870687	-0.00859654683	0.01604487820
0.04512988192	-0.00859037595	0.01611548121
0.04513247500	-0.00857674189	0.01618499117
0.04513644905	-0.00855580322	0.01625259313
0.04514174750	-0.00852780355	0.01631749452
0.04514829548	-0.00849306875	0.01637893443
0.04515600118	-0.00845200324	0.01643619254
0.04516475773	-0.00840508540	0.01648859755
0.04517444516	-0.00835286214	0.01653553506
0.04518493264	-0.00829594258	0.01657645476
0.04519608083	-0.00823499114	0.01661087691
0.04520774424	-0.00817071982	0.01663839795
0.04543627109	0.00998359737	-0.01001934126
0.04545131404	0.00991488777	-0.01017154354
0.04545980028	0.00987590531	-0.01023228396
0.04546723839	0.00984160455	-0.01027819780
0.04547433531	0.00980876012	-0.01031622927
0.04548117240	0.00977700898	-0.01034932191
0.04548788842	0.00974571467	-0.01037883926
0.04549465584	0.00971407421	-0.01040542159
0.04550131328	0.00968284243	-0.01042992143
0.04550805157	0.00965112377	-0.01045244945
0.04551490098	0.00961877000	-0.01047323266
0.04552173936	0.00958635452	-0.01049269174
0.04552867673	0.00955335245	-0.01051081753
0.04553579142	0.00951938272	-0.01052759287
0.04554298692	0.00948489799	-0.01054327389
0.04555027875	0.00944981764	-0.01055791896
0.04555771042	0.00941392417	-0.01057151723
0.04556528917	0.00937717282	-0.01058410158
0.04557302151	0.00933952127	-0.01059569684
0.04558091331	0.00930092950	-0.01060632012
0.04558897577	0.00926133012	-0.01061597094
0.04559720078	0.00922074989	-0.01062467969
0.04560558823	0.00917917589	-0.01063245950
0.04561417319	0.00913641899	-0.01063924947
0.04562293657	0.00909255775	-0.01064508622
0.04563188362	0.00904754909	-0.01064995937
0.04564102008	0.00900134620	-0.01065385564
0.04565034907	0.00895391406	-0.01065676175
0.04565987366	0.00890521672	-0.01065866423
0.04566961299	0.00885513392	-0.01065951075
0.04567962956	0.00880331705	-0.01065914220
0.04568976703	0.00875055062	-0.01065787383
0.04570011807	0.00869633000	-0.01065550586
0.04571080321	0.00863998943	-0.01065173244
0.04572157061	0.00858282752	-0.01064708732
0.04573266860	0.00852349516	-0.01064099448
0.04574391031	0.00846295556	-0.01063384434
0.04575546357	0.00840026793	-0.01062521489
0.04576714843	0.00833637045	-0.01061549760
0.04577917460	0.00827007378	-0.01060414822
0.04579135468	0.00820236452	-0.01059157442
0.04580376279	0.00813278927	-0.01057756672
0.04581643211	0.00806111012	-0.01056198612
0.04582934617	0.00798736359	-0.01054481083
0.04584245177	0.00791179897	-0.01052613079
0.04585578688	0.00783414047	-0.01050579277
0.04586934622	0.00775435524	-0.01048374552
0.04588312397	0.00767241047	-0.01045993634
0.04589711379	0.00758827339	-0.01043431133
0.04591130862	0.00750191229	-0.01040681345
0.04592570083	0.00741329554	-0.01037738456
0.04594032491	0.00732212366	-0.01034581780
0.04595510360	0.00722878972	-0.01031225935
0.04597004281	0.00713316979	-0.01027660605
0.04598518053	0.00703492138	-0.01023862032
0.04600047315	0.00693422076	-0.01019832073
0.04601588420	0.00683120407	-0.01015572828
0.04603146918	0.00672538416	-0.01011050212
0.04604713891	0.00661724607	-0.01006283266
0.04606291396	0.00650652790	-0.01001251093
0.04607881350	0.00639295656	-0.00995928341
0.04609474373	0.00627706523	-0.00990336911
0.04611073355	0.00615850625	-0.00984449138
0.04612676137	0.00603728692	-0.00978255467
0.04614280479	0.00591341810	-0.00971746185
0.04615884070	0.00578691392	-0.00964911496
0.04617484533	0.00565779160	-0.00957741599
0.04619079429	0.00552607191	-0.00950226662
0.04620666251	0.00539177958	-0.00942356807
0.04622242445	0.00525494292	-0.00934122209
0.04623805408	0.00511559402	-0.00925513115
0.04625353962	0.00497363245	-0.00916510096
0.04626884640	0.00482916140	-0.00907105702
0.04628392031	0.00468248530	-0.00897309222
0.04629879087	0.00453309073	-0.00887071022
0.04631336167	0.00438172097	-0.00876429813
0.04632767344	0.00422772052	-0.00865325309
0.04634163496	0.00407183215	-0.00853796914
0.04635526454	0.00391361687	-0.00841800295
0.04636851805	0.00375332935	-0.00829338483
0.04638135935	0.00359116309	-0.00816413326
0.04639377314	0.00342706303	-0.00803007895
0.04640573237	0.00326112726	-0.00789115860
0.04641721198	0.00309344130	-0.00774730144
0.04642818558	0.00292412912	-0.00759847336
0.04643862704	0.00275333719	-0.00744467105
0.04644851707	0.00258112565	-0.00728582382
0.04645783676	0.00240756116	-0.00712186361
0.04646656298	0.00223281708	-0.00695281961
0.04647467754	0.00205701128	-0.00677868657
0.04648216447	0.00188024834	-0.00659945664
0.04648900884	0.00170264625	-0.00641513990
0.04649519745	0.00152432318	-0.00622575178
0.04650072327	0.00134524446	-0.00603115313
0.04650556649	0.00116586137	-0.00583168684
0.04650972480	0.00098612684	-0.00562726559
0.04651319480	0.00080601280	-0.00541777542
0.04651596683	0.00062592154	-0.00520354615
0.04651804112	0.00044586754	-0.00498457006
0.04651941846	0.00026580688	-0.00476074137
0.04652009797	0.00008621309	-0.00453251668
0.04652008459	-0.00009315175	-0.00429963554
0.04651938333	-0.00027188539	-0.00406249733
0.04651800093	-0.00045004110	-0.00382105831
0.04651594638	-0.00062743898	-0.00357550474
0.04651323082	-0.00080393158	-0.00332602709
0.04650986447	-0.00097951752	-0.00307264349
0.04650586469	-0.00115390505	-0.00281572783
0.04650124078	-0.00132723510	-0.00255515592
0.04649601749	-0.00149910133	-0.00229146283
0.04649020216	-0.00166974559	-0.00202442389
0.04648382528	-0.00183873193	-0.00175462646
0.04647689715	-0.00200623493	-0.00148196335
0.04646944444	-0.00217202231	-0.00120679053
0.04646148925	-0.00233601457	-0.00092932922
0.04645304634	-0.00249828614	-0.00064957648
0.04644415166	-0.00265851913	-0.00036805260
0.04643482093	-0.00281679828	-0.00008480293
0.04642507481	-0.00297310888	0.00020005213
0.04641494898	-0.00312721264	0.00048605973
0.04640446139	-0.00327916311	0.00077311869
0.04639363702	-0.00342890525	0.00106100636
0.04638249868	-0.00357641767	0.00134955518
0.04637107729	-0.00372157739	0.00163843750
0.04635939524	-0.00386437840	0.00192746478
0.04634747632	-0.00400479535	0.00221642971
0.04633534487	-0.00414279650	0.00250511215
0.04632302509	-0.00427835181	0.00279329575
0.04631054060	-0.00441143707	0.00308076616
0.04629791449	-0.00454203271	0.00336731221
0.04628516506	-0.00467016522	0.00365280459
0.04627232272	-0.00479573739	0.00393692128
0.04625940534	-0.00491877680	0.00421949996
0.04624643071	-0.00503930492	0.00450038679
0.04623341552	-0.00515734781	0.00477947107
0.04622039303	-0.00527278062	0.00505635698
0.04620736136	-0.00538578721	0.00533116754
0.04619436033	-0.00549618239	0.00560342363
0.04618138307	-0.00560417750	0.00587330010
0.04616846752	-0.00570960194	0.00614035789
0.04615561696	-0.00581257002	0.00640458558
0.04614284283	-0.00591312126	0.00666590865
0.04613016599	-0.00601121731	0.00692411331
0.04611759809	-0.00610688908	0.00717908185
0.04610514851	-0.00620017968	0.00743073100
0.04609282866	-0.00629111226	0.00767895475
0.04608064901	-0.00637971274	0.00792365445
0.04606861910	-0.00646600972	0.00816473881
0.04605674431	-0.00655005731	0.00840218030
0.04604503747	-0.00663185281	0.00863585255
0.04603350750	-0.00671141822	0.00886565125
0.04602215400	-0.00678883556	0.00909159833
0.04601098269	-0.00686414009	0.00931366881
0.04600000945	-0.00693729617	0.00953166638
0.04598922125	-0.00700845751	0.00974578462
0.04597864004	-0.00707754250	0.00995576956
0.04596825852	-0.00714465925	0.01016171003
0.04595807508	-0.00720987395	0.01036367136
0.04594810632	-0.00727313367	0.01056146049
0.04593834376	-0.00733454290	0.01075517813
0.04592878935	-0.00739413664	0.01094482349
0.04591944436	-0.00745195122	0.01113040072
0.04591030951	-0.00750802428	0.01131191856
0.04590138500	-0.00756239396	0.01148939047
0.04589267057	-0.00761509917	0.01166283417
0.04588416546	-0.00766617944	0.01183227146
0.04587586839	-0.00771567542	0.01199772774
0.04586777775	-0.00776362746	0.01215923227
0.04585988486	-0.00781011575	0.01231693074
0.04585220110	-0.00785510038	0.01247069605
0.04584472040	-0.00789864287	0.01262058784
0.04583742456	-0.00794087257	0.01276688438
0.04583033919	-0.00798166379	0.01290926475
0.04582343314	-0.00802121701	0.01304813854
0.04581672930	-0.00805942079	0.01318322344
0.04581019557	-0.00809647636	0.01331496150
0.04580386036	-0.00813223976	0.01344300316
0.04579769936	-0.00816686479	0.01356764930
0.04579170840	-0.00820038960	0.01368900532
0.04578589987	-0.00823275898	0.01380691845
0.04578025895	-0.00826406911	0.01392157701
0.04577478262	-0.00829434890	0.01403304197
0.04576946562	-0.00832363886	0.01414141100
0.04576430885	-0.00835194486	0.01424669603
0.04575931002	-0.00837928956	0.01434893345
0.04575446232	-0.00840571978	0.01444822377
0.04574976240	-0.00843126255	0.01454462936
0.04574520675	-0.00845594508	0.01463821233
0.04574079195	-0.00847979357	0.01472903478
0.04573651448	-0.00850283425	0.01481715835
0.04573236738	-0.00852511121	0.01490270315
0.04572835248	-0.00854662081	0.01498566488
0.04572446713	-0.00856738311	0.01506608414
0.04572070552	-0.00858743469	0.01514404781
0.04571706416	-0.00860679920	0.01521961492
0.04571353502	-0.00862552397	0.01529292121
0.04571011670	-0.00864362068	0.01536401953
0.04570681858	-0.00866104399	0.01543277505
0.04570362743	-0.00867786767	0.01549936319
0.04570055598	-0.00869402845	0.01556356717
0.04569730914	-0.00871107827	0.01563100609
0.04569544248	-0.00872086489	0.01569992622
0.04569498255	-0.00872327445	0.01576951953
0.04569593592	-0.00871827894	0.01583897010
0.04569828900	-0.00870593645	0.01590746370
0.04570200834	-0.00868639058	0.01597419729
0.04570704126	-0.00865986876	0.01603838848
0.04571331693	-0.00862667971	0.01609928469
0.04572074774	-0.00858720989	0.01615617198
0.04572923096	-0.00854191916	0.01620838338
0.04573865072	-0.00849133546	0.01625530677
0.04574888007	-0.00843604885	0.01629639201
0.04575978329	-0.00837670467	0.01633115741
0.04577121820	-0.00831399613	0.01635919539
0.04601854657	0.00998886081	-0.00983130336
0.04603304297	0.00992184074	-0.00998115266
0.04604125593	0.00988365929	-0.01004098296
0.04604846650	0.00985001025	-0.01008621870
0.04605535308	0.00981776052	-0.01012370185
0.04606199334	0.00978655903	-0.01015632456
0.04606852054	0.00975578721	-0.01018543019
0.04607510047	0.00972466374	-0.01021165364
0.04608157781	0.00969392360	-0.01023582543
0.04608813618	0.00966269487	-0.01025806130
0.04609480474	0.00963083302	-0.01027858524
0.04610146595	0.00959889606	-0.01029780524
0.04610822576	0.00956637266	-0.01031571646
0.04611515965	0.00953289142	-0.01033230515
0.04612217479	0.00949889264	-0.01034781878
0.04612928618	0.00946429739	-0.01036231509
0.04613653581	0.00942889345	-0.01037578511
0.04614393074	0.00939263671	-0.01038826132
0.04615147734	0.00935548544	-0.01039976828
0.04615918135	0.00931740015	-0.01041032296
0.04616705370	0.00927831459	-0.01041992530
0.04617508665	0.00923825425	-0.01042860470
0.04618328022	0.00919720593	-0.01043637394
0.04619166831	0.00915498482	-0.01044317474
0.04620023266	0.00911166674	-0.01044904213
0.04620897844	0.00906720907	-0.01045396610
0.04621791129	0.00902156551	-0.01045793381
0.04622703437	0.00897470124	-0.01046093230
0.04623635073	0.00892658051	-0.01046294843
0.04624587899	0.00887708542	-0.01046393174
0.04625567953	0.00882587560	-0.01046372915
0.04626560175	0.00877371436	-0.01046264240
0.04627573512	0.00872010939	-0.01046047984
0.04628619605	0.00866441131	-0.01045694755
0.04629674177	0.00860788416	-0.01045255654
0.04630761198	0.00854921291	-0.01044675429
0.04631862651	0.00848933490	-0.01043991428
0.04632994746	0.00842733271	-0.01043163136
0.04634140132	0.00836411934	-0.01042228005
0.04635319066	0.00829853509	-0.01041133793
0.04636513470	0.00823154012	-0.01039919480
0.04637730515	0.00816269172	-0.01038564932
0.04638973418	0.00809175698	-0.01037056726
0.04640240608	0.00801877036	-0.01035392662
0.04641526959	0.00794397368	-0.01033581268
0.04642836150	0.00786709709	-0.01031607766
0.04644167688	0.00778810739	-0.01029467127
0.04645521025	0.00770697146	-0.01027154184
0.04646895561	0.00762365612	-0.01024663651
0.04648290628	0.00753812926	-0.01021989931
0.04649705498	0.00745035883	-0.01019127319
0.04651143526	0.00736005155	-0.01016055829
0.04652597246	0.00726758934	-0.01012789324
0.04654067242	0.00717285015	-0.01009317778
0.04655557203	0.00707549868	-0.01005618251
0.04657062918	0.00697570543	-0.01001692330
0.04658580864	0.00687360184	-0.00997541872
0.04660116430	0.00676871143	-0.00993133994
0.04661660979	0.00666150585	-0.00988486759
0.04663216513	0.00655172829	-0.00983579943
0.04664784904	0.00643911085	-0.00978389000
0.04666357052	0.00632417226	-0.00972934713
0.04667935768	0.00620657195	-0.00967190346
0.04669518960	0.00608631557	-0.00961146496
0.04671104456	0.00596341221	-0.00954793597
0.04672690011	0.00583787419	-0.00948121999
0.04674273315	0.00570971684	-0.00941122049
0.04675851992	0.00557895899	-0.00933784052
0.04677423602	0.00544562330	-0.00926098268
0.04678985651	0.00530973599	-0.00918055008
0.04680535596	0.00517132695	-0.00909644645
0.04682072281	0.00503029665	-0.00900848262
0.04683592316	0.00488674438	-0.00891658406
0.04685090402	0.00474096625	-0.00882083739
0.04686569414	0.00459245918	-0.00872076339
0.04688019907	0.00444194818	-0.00861673080
0.04689445850	0.00428879127	-0.00850815830
0.04690838287	0.00413371322	-0.00839542126
0.04692198990	0.00397628370	-0.00827809175
0.04693523607	0.00381675044	-0.00815619595
0.04694808557	0.00365530160	-0.00802974916
0.04696052307	0.00349188231	-0.00789858656
0.04697252159	0.00332658751	-0.00776264496
0.04698405611	0.00315949991	-0.00762185405
0.04699510020	0.00299073997	-0.00747617891
0.04700562763	0.00282045032	-0.00732561443
0.04701561883	0.00264868920	-0.00717009090
0.04702505463	0.00247552126	-0.00700954119
0.04703391154	0.00230111581	-0.00684399175
0.04704217092	0.00212558795	-0.00667343620
0.04704981628	0.00194903994	-0.00649786587
0.04705683210	0.00177158729	-0.00631728951
0.04706320450	0.00159334585	-0.00613172114
0.04706892580	0.00141428150	-0.00594102628
0.04707397525	0.00123483718	-0.00574553389
0.04707834972	0.00105496724	-0.00554516034
0.04708204505	0.00087464442	-0.00533979595
0.04708505034	0.00069426422	-0.00512975781
0.04708736492	0.00051384183	-0.00491503935
0.04708898870	0.00033333479	-0.00469553949
0.04708991926	0.00015320946	-0.00447169799
0.04709016088	-0.00002676678	-0.00424326597
0.04708971704	-0.00020619724	-0.00401062862
0.04708859354	-0.00038513270	-0.00377374585
0.04708679810	-0.00056339471	-0.00353279851
0.04708434060	-0.00074083633	-0.00328797203
0.04708123029	-0.00091745438	-0.00303928624
0.04707748303	-0.00109295948	-0.00278710335
0.04707310742	-0.00126748837	-0.00253130681
0.04706812648	-0.00144063831	-0.00227241427
0.04706254715	-0.00161264526	-0.00201021306
0.04705639813	-0.00178307697	-0.00174527139
0.04704968930	-0.00195210274	-0.00147749021
0.04704244602	-0.00211949082	-0.00120721551
0.04703468947	-0.00228515967	-0.00093466439
0.04702643391	-0.00244917997	-0.00065983812
0.04701771391	-0.00261123474	-0.00038324143
0.04700854483	-0.00277140425	-0.00010492286
0.04699894676	-0.00292967102	0.00017499745
0.04698895434	-0.00308579620	0.00045607917
0.04697858529	-0.00323982916	0.00073821978
0.04696786410	-0.00339171204	0.00102120020
0.04695681324	-0.00354142042	0.00130485441
0.04694546313	-0.00368882914	0.00158886222
0.04693383598	-0.00383392860	0.00187303699
0.04692195546	-0.00397669016	0.00215717415
0.04690984577	-0.00411707886	0.00244105677
0.04689753108	-0.00425506142	0.00272447164
0.04688503503	-0.00439061032	0.00300720744
0.04687238081	-0.00452370267	0.00328905594
0.04685958694	-0.00465436140	0.00356988787
0.04684668387	-0.00478248673	0.00384938853
0.04683368979	-0.00490810241	0.00412739668
0.04682062291	-0.00503122640	0.00440375950
0.04680750030	-0.00515188163	0.00467836617
0.04679435536	-0.00526994069	0.00495083101
0.04678118705	-0.00538558326	0.00522126822
0.04676803527	-0.00549862216	0.00548921228
0.04675489406	-0.00560926464	0.00575482754
0.04674180155	-0.00571733827	0.00601768749
0.04672876180	-0.00582295367	0.00627777708
0.04671578685	-0.00592614775	0.00653502122
0.04670289806	-0.00602687988	0.00678921074
0.04669010774	-0.00612517822	0.00704022892
0.04667742593	-0.00622108330	0.00728799246
0.04666486466	-0.00631461594	0.00753239642
0.04665243506	-0.00640579982	0.00777334306
0.04664014732	-0.00649466137	0.00801074191
0.04662800747	-0.00658125273	0.00824456418
0.04661602892	-0.00666556947	0.00847468607
0.04660422123	-0.00674763158	0.00870100491
0.04659258471	-0.00682751922	0.00892353993
0.04658112563	-0.00690526636	0.00914226562
0.04656986043	-0.00698083575	0.00935699119
0.04655877678	-0.00705437975	0.00956790194
0.04654789706	-0.00712581558	0.00977475198
0.04653721464	-0.00719524995	0.00997762570
0.04652672840	-0.00726274833	0.01017658546
0.04651645538	-0.00732825678	0.01037144445
0.04650638770	-0.00739187874	0.01056229897
0.04649652775	-0.00745364852	0.01074914790
0.04648687724	-0.00751360185	0.01093199493
0.04647743731	-0.00757177585	0.01111084835
0.04646820858	-0.00762820817	0.01128572105
0.04645919116	-0.00768293729	0.01145663016
0.04645038466	-0.00773600243	0.01162359681
0.04644178815	-0.00778744388	0.01178664570
0.04643340036	-0.00783730178	0.01194580532
0.04642521285	-0.00788565661	0.01210121677
0.04641723729	-0.00793246816	0.01225275800
0.04640946793	-0.00797779765	0.01240048685
0.04640188671	-0.00802177529	0.01254467262
0.04639451953	-0.00806427469	0.01268500642
0.04638733538	-0.00810549723	0.01282188406
0.04638035740	-0.00814533093	0.01295503405
0.04637355354	-0.00818397832	0.01308488382
0.04636695246	-0.00822129480	0.01321109706
0.04636052996	-0.00825743486	0.01333396484
0.04635428189	-0.00829243749	0.01345359010
0.04634822084	-0.00832624729	0.01356982644
0.04634233204	-0.00835896103	0.01368285651
0.04633661256	-0.00839060815	0.01379274026
0.04633105714	-0.00842122989	0.01389957316
0.04632566672	-0.00845083258	0.01400336793
0.04632043910	-0.00847943924	0.01410416077
0.04631536747	-0.00850709732	0.01420204979
0.04631044848	-0.00853383446	0.01429709640
0.04630567863	-0.00855967843	0.01438936171
0.04630105452	-0.00858465604	0.01447890685
0.04629657258	-0.00860879410	0.01456579251
0.04629222579	-0.00863213765	0.01465013588
0.04628801598	-0.00865468344	0.01473193401
0.04628394051	-0.00867645202	0.01481122722
0.04627999351	-0.00869748060	0.01488810050
0.04627617147	-0.00871779344	0.01496261197
0.04627246622	-0.00873743887	0.01503489392
0.04626887629	-0.00875642937	0.01510499861
0.04626541117	-0.00877471926	0.01517279689
0.04626205752	-0.00879238324	0.01523845910
0.04625882831	-0.00880935708	0.01530177665
0.04625544637	-0.00882709748	0.01536778764
0.04625341749	-0.00883772248	0.01543536429
0.04625277040	-0.00884110845	0.01550371432
0.04625351427	-0.00883721598	0.01557203640
0.04625563854	-0.00882609038	0.01563952950
0.04625911317	-0.00880786109	0.01570540233
0.04626388918	-0.00878274027	0.01576888260
0.04626989962	-0.00875102037	0.01582922605
0.04627706090	-0.00871307080	0.01588572522
0.04628527435	-0.00866933373	0.01593771770
0.04629442805	-0.00862031905	0.01598459393
0.04630439891	-0.00856659852	0.01602580433
0.04631505483	-0.00850879923	0.01606086575
0.04632625697	-0.00844759634	0.01608936711
0.04661123120	0.00999185657	-0.00964456478
0.04662519448	0.00992649543	-0.00979205203
0.04663313984	0.00988910209	-0.00985096672
0.04664012722	0.00985609481	-0.00989551950
0.04664680721	0.00982443120	-0.00993244952
0.04665325398	0.00979377174	-0.00996459761
0.04665959535	0.00976351544	-0.00999328688
0.04666599065	0.00973290238	-0.01001914657
0.04667229047	0.00970264777	-0.01004298556
0.04667867138	0.00967190311	-0.01006492438
0.04668516146	0.00964052754	-0.01008518391
0.04669164771	0.00960906374	-0.01010415975
0.04669823206	0.00957701384	-0.01012185117
0.04670498721	0.00954401601	-0.01013824769
0.04671182392	0.00951049827	-0.01015358831
0.04671875672	0.00947638337	-0.01016793014
0.04672582608	0.00944146432	-0.01018126601
0.04673303888	0.00940569767	-0.01019362798
0.04674040135	0.00936904227	-0.01020504034
0.04674791913	0.00933145911	-0.01021551991
0.04675560281	0.00929288314	-0.01022506703
0.04676344510	0.00925333855	-0.01023371013
0.04677144609	0.00921281187	-0.01024146166
0.04677963854	0.00917112258	-0.01024826586
0.04678800499	0.00912834379	-0.01025415624
0.04679655055	0.00908443332	-0.01025912312
0.04680528075	0.00903934540	-0.01026315410
0.04681419876	0.00899304542	-0.01026623655
0.04682330767	0.00894549780	-0.01026835766
0.04683262550	0.00889658701	-0.01026946875
0.04684221060	0.00884598090	-0.01026942265
0.04685191799	0.00879442166	-0.01026850796
0.04686183400	0.00874142927	-0.01026654095
0.04687207097	0.00868637063	-0.01026323929
0.04688239505	0.00863047541	-0.01025909190
0.04689303742	0.00857246249	-0.01025356912
0.04690382455	0.00851324348	-0.01024702797
0.04691491286	0.00845192420	-0.01023907971
0.04692613518	0.00838939262	-0.01023008237
0.04693768702	0.00832451855	-0.01021953481
0.04694939416	0.00825823586	-0.01020780943
0.04696132589	0.00819011244	-0.01019471283
0.04697351343	0.00811992042	-0.01018011545
0.04698594175	0.00804769219	-0.01016399510
0.04699856150	0.00797366215	-0.01014643255
0.04701140837	0.00789756638	-0.01012728529
0.04702447770	0.00781937137	-0.01010650406
0.04703776435	0.00773904364	-0.01008403817
0.04705126267	0.00765654969	-0.01005983580
0.04706496630	0.00757185700	-0.01003384205
0.04707886838	0.00748493309	-0.01000600094
0.04709300145	0.00739549091	-0.00997611949
0.04710729346	0.00730390130	-0.00994432896
0.04712175014	0.00721004406	-0.00991053198
0.04713640730	0.00711359112	-0.00987450711
0.04715122431	0.00701470722	-0.00983626766
0.04716616716	0.00691351917	-0.00979582983
0.04718128812	0.00680956112	-0.00975287657
0.04719650364	0.00670329141	-0.00970757897
0.04721183316	0.00659445836	-0.00965974145
0.04722729492	0.00648279924	-0.00960912638
0.04724280076	0.00636881843	-0.00955593077
0.04725837795	0.00625218243	-0.00949989636
0.04727400625	0.00613289528	-0.00944093062
0.04728966461	0.00601096438	-0.00937893939
0.04730533124	0.00588640027	-0.00931382765
0.04732098369	0.00575921642	-0.00924550031
0.04733659887	0.00562942974	-0.00917386186
0.04735215299	0.00549706091	-0.00909881630
0.04736762175	0.00536213407	-0.00902026806
0.04738298030	0.00522467699	-0.00893812220
0.04739821732	0.00508459106	-0.00885219456
0.04741329969	0.00494197173	-0.00876241070
0.04742817557	0.00479710685	-0.00866885109
0.04744287288	0.00464950370	-0.00857105335
0.04745729922	0.00449986910	-0.00846936828
0.04747149320	0.00434757462	-0.00836323568
0.04748536700	0.00419332709	-0.00825301273
0.04749893773	0.00403670488	-0.00813828660
0.04751216249	0.00387794882	-0.00801907948
0.04752500589	0.00371724179	-0.00789540362
0.04753745254	0.00355452915	-0.00776709861
0.04754947561	0.00338990274	-0.00763410139
0.04756105014	0.00322344250	-0.00749634221
0.04757214968	0.00305526540	-0.00735378537
0.04758274794	0.00288551029	-0.00720642404
0.04759282517	0.00271423353	-0.00705418949
0.04760236192	0.00254149779	-0.00689701558
0.04761133442	0.00236746834	-0.00673492609
0.04761972363	0.00219225756	-0.00656791357
0.04762751259	0.00201596540	-0.00639596859
0.04763468522	0.00183870491	-0.00621909860
0.04764122704	0.00166058959	-0.00603731629
0.04764712976	0.00148158598	-0.00585049174
0.04765237174	0.00130212855	-0.00565894035
0.04765694912	0.00112217313	-0.00546258207
0.04766085695	0.00094169330	-0.00526131144
0.04766408325	0.00076107771	-0.00505543305
0.04766662642	0.00058034223	-0.00484494152
0.04766848555	0.00039944592	-0.00462974032
0.04766965678	0.00021884780	-0.00441025276
0.04767014373	0.00003832068	-0.00418624127
0.04766994840	-0.00014174444	-0.00395807708
0.04766907568	-0.00032139587	-0.00372572371
0.04766753208	-0.00050045665	-0.00348935664
0.04766532627	-0.00067878040	-0.00324915639
0.04766246653	-0.00085636215	-0.00300514439
0.04765896724	-0.00103291508	-0.00275767135
0.04765483634	-0.00120857158	-0.00250662822
0.04765009516	-0.00138293281	-0.00225251551
0.04764475022	-0.00155622871	-0.00199513225
0.04763882850	-0.00172803094	-0.00173502785
0.04763233939	-0.00189850347	-0.00147211116
0.04762530699	-0.00206741525	-0.00120671835
0.04761775157	-0.00223468277	-0.00093906241
0.04760968685	-0.00240037291	-0.00066914866
0.04760114604	-0.00256416984	-0.00039746656
0.04759214411	-0.00272614936	-0.00012406764
0.04758270058	-0.00288629124	0.00015092826
0.04757284905	-0.00304435631	0.00042709315
0.04756260692	-0.00320038969	0.00070432330
0.04755199823	-0.00335433087	0.00098240320
0.04754104508	-0.00350615240	0.00126116842
0.04752977731	-0.00365572707	0.00154030615
0.04751821698	-0.00380304179	0.00181963171
0.04750638754	-0.00394806467	0.00209894330
0.04749431307	-0.00409075759	0.00237802725
0.04748201763	-0.00423108413	0.00265667347
0.04746952488	-0.00436901355	0.00293467372
0.04745685803	-0.00450451968	0.00321182274
0.04744403581	-0.00463762194	0.00348799139
0.04743108862	-0.00476821809	0.00376287219
0.04741803499	-0.00489632812	0.00403630509
0.04740489346	-0.00502196652	0.00430813834
0.04739168146	-0.00514515310	0.00457826106
0.04737843247	-0.00526575808	0.00484629763
0.04736514626	-0.00538395684	0.00511235362
0.04735186276	-0.00549956044	0.00537597698
0.04733857690	-0.00561277192	0.00563732181
0.04732532691	-0.00572341721	0.00589597398
0.04731211764	-0.00583160323	0.00615191496
0.04729896169	-0.00593736428	0.00640506913
0.04728588086	-0.00604065753	0.00665523194
0.04727288806	-0.00614150844	0.00690228770
0.04725999401	-0.00623995497	0.00714615314
0.04724721132	-0.00633601565	0.00738672440
0.04723455172	-0.00642971194	0.00762390472
0.04722202603	-0.00652106814	0.00785760445
0.04720964091	-0.00661013442	0.00808779364
0.04719741031	-0.00669690464	0.00831435101
0.04718534442	-0.00678139686	0.00853717557
0.04717344423	-0.00686368933	0.00875628393
0.04716171656	-0.00694381472	0.00897165010
0.04715017836	-0.00702173430	0.00918308874
0.04713881798	-0.00709759893	0.00939077700
0.04712765824	-0.00717132485	0.00959447700
0.04711669314	-0.00724301724	0.00979426879
0.04710592206	-0.00731274084	0.00999021181
0.04709536246	-0.00738044082	0.01018212543
0.04708500703	-0.00744621948	0.01037010162
0.04707485860	-0.00751011047	0.01055413892
0.04706491934	-0.00757214892	0.01073424064
0.04705519077	-0.00763237139	0.01091041458
0.04704567393	-0.00769081507	0.01108267310
0.04703636929	-0.00774751801	0.01125103275
0.04702727685	-0.00780251906	0.01141551400
0.04701839601	-0.00785585823	0.01157614087
0.04700972584	-0.00790757538	0.01173294110
0.04700125815	-0.00795775119	0.01188605124
0.04699300487	-0.00800634528	0.01203535423
0.04698496058	-0.00805341856	0.01218090615
0.04697710741	-0.00809910188	0.01232296740
0.04696947148	-0.00814326844	0.01246124100
0.04696202197	-0.00818612022	0.01259610916
0.04695478225	-0.00822754493	0.01272731103
0.04694772035	-0.00826774611	0.01285525960
0.04694086514	-0.00830657880	0.01297963167
0.04693419257	-0.00834419797	0.01310070857
0.04692769851	-0.00838064341	0.01321859083
0.04692139574	-0.00841585966	0.01333313834
0.04691526956	-0.00844994398	0.01344452809
0.04690931712	-0.00848292633	0.01355281906
0.04690353318	-0.00851484862	0.01365810453
0.04689791873	-0.00854571767	0.01376039796
0.04689247164	-0.00857555685	0.01385973536
0.04688718511	-0.00860441421	0.01395621248
0.04688205583	-0.00863231795	0.01404988974
0.04687708030	-0.00865929641	0.01414082727
0.04687225510	-0.00868537699	0.01422908522
0.04686757668	-0.00871058708	0.01431472331
0.04686303795	-0.00873497256	0.01439785584
0.04685864074	-0.00875853066	0.01447848121
0.04685438242	-0.00878128237	0.01455663941
0.04685025707	-0.00880326553	0.01463241357
0.04684626115	-0.00882450496	0.01470586089
0.04684238639	-0.00884504996	0.01477711022
0.04683863124	-0.00886491374	0.01484621327
0.04683500527	-0.00888405046	0.01491304644
0.04683149508	-0.00890253561	0.01497777505
0.04682811382	-0.00892030421	0.01504019862
0.04682460567	-0.00893870099	0.01510477829
0.04682242235	-0.00895013054	0.01517100428
0.04682159460	-0.00895445982	0.01523810014
0.04682213408	-0.00895163847	0.01530527924
0.04682403320	-0.00894169931	0.01537175397
0.04682726520	-0.00892475802	0.01543674497
0.04683178473	-0.00890101179	0.01549949027
0.04683752870	-0.00887073712	0.01555925425
0.04684441750	-0.00883428663	0.01561533624
0.04685235652	-0.00879208508	0.01566707871
0.04686123786	-0.00874462449	0.01571387504
0.04687094235	-0.00869245852	0.01575517658
0.04688134158	-0.00863619612	0.01579049911
0.04689230015	-0.00857649452	0.01581942851
0.04720407665	0.00999260230	-0.00946233756
0.04721752900	0.00992884223	-0.00960749604
0.04722521692	0.00989221106	-0.00966550620
0.04723198922	0.00985982492	-0.00970938361
0.04723846989	0.00982872909	-0.00974576578
0.04724472975	0.00979859497	-0.00977744331
0.04725089148	0.00976883859	-0.00980571925
0.04725710815	0.00973872079	-0.00983121709
0.04726323610	0.00970893744	-0.00985472479
0.04726944508	0.00967866286	-0.00987636723
0.04727576213	0.00964775972	-0.00989636228
0.04728207866	0.00961675573	-0.00991509355
0.04728849271	0.00958516614	-0.00993256422
0.04729507428	0.00955263845	-0.00994876684
0.04730173765	0.00951958868	-0.00996393230
0.04730849683	0.00948594123	-0.00997811708
0.04731539084	0.00945149417	-0.00999131568
0.04732242641	0.00941620473	-0.01000355976
0.04732960962	0.00938003231	-0.01001487336
0.04733694599	0.00934293837	-0.01002527310
0.04734444583	0.00930485903	-0.01003475972
0.04735210222	0.00926581721	-0.01004336071
0.04735991535	0.00922579918	-0.01005108819
0.04736791689	0.00918462860	-0.01005788883
0.04737609012	0.00914237595	-0.01006379466
0.04738444007	0.00909899949	-0.01006879635
0.04739297222	0.00905445396	-0.01007288190
0.04740168972	0.00900870494	-0.01007603899
0.04741059566	0.00896171704	-0.01007825513
0.04741970753	0.00891337705	-0.01007948338
0.04742908167	0.00886336083	-0.01007958218
0.04743857856	0.00881238999	-0.01007882762
0.04744828147	0.00875999648	-0.01007704351
0.04745829879	0.00870556310	-0.01007395862
0.04746840533	0.00865028602	-0.01007004077
0.04747882399	0.00859291717	-0.01006478216
0.04748938767	0.00853434309	-0.01005852408
0.04750024728	0.00847369228	-0.01005089348
0.04751124180	0.00841182830	-0.01004223268
0.04752255987	0.00834764974	-0.01003206082
0.04753403365	0.00828206484	-0.01002073376
0.04754573007	0.00821465187	-0.01000806566
0.04755767938	0.00814518784	-0.00999393144
0.04756986725	0.00807370316	-0.00997830876
0.04758224619	0.00800042501	-0.00996127409
0.04759485075	0.00792509524	-0.00994269000
0.04760767659	0.00784768006	-0.00992250817
0.04762071887	0.00776814568	-0.00990067893
0.04763397225	0.00768645827	-0.00987715144
0.04764743073	0.00760258492	-0.00985187187
0.04766108779	0.00751649278	-0.00982478529
0.04767497500	0.00742790090	-0.00979570528
0.04768902285	0.00733716927	-0.00976475614
0.04770323695	0.00724417956	-0.00973184325
0.04771765205	0.00714861075	-0.00969675283
0.04773222897	0.00705062202	-0.00965949574
0.04774693485	0.00695033563	-0.00962008601
0.04776182040	0.00684729617	-0.00957821784
0.04777680480	0.00674194899	-0.00953405325
0.04779190693	0.00663404742	-0.00948740305
0.04780714453	0.00652333388	-0.00943803718
0.04782243222	0.00641029868	-0.00938614231
0.04783779647	0.00629461530	-0.00933146893
0.04785321767	0.00617628623	-0.00927392598
0.04786867542	0.00605531724	-0.00921342079
0.04788414857	0.00593171715	-0.00914985981
0.04789961534	0.00580549767	-0.00908314939
0.04791505324	0.00567667388	-0.00901319543
0.04793043912	0.00554526452	-0.00893990329
0.04794574929	0.00541129174	-0.00886317878
0.04796095949	0.00527478127	-0.00878292823
0.04797605862	0.00513563547	-0.00869897235
0.04799101432	0.00499394607	-0.00861123683
0.04800577593	0.00484999280	-0.00851979632
0.04802037053	0.00470329324	-0.00842420461
0.04803470778	0.00455453631	-0.00832479538
0.04804882518	0.00440310702	-0.00822102872
0.04806263673	0.00424969455	-0.00811324442
0.04807615886	0.00409388592	-0.00800104417
0.04808934939	0.00393591520	-0.00788444639
0.04810217332	0.00377596012	-0.00776346047
0.04811461525	0.00361396634	-0.00763793026
0.04812664851	0.00345002266	-0.00750779289
0.04813824822	0.00328420636	-0.00737297916
0.04814938799	0.00311663104	-0.00723345270
0.04816004151	0.00294743183	-0.00708920504
0.04817018885	0.00277666329	-0.00694016848
0.04817981035	0.00260438620	-0.00678627781
0.04818888201	0.00243076187	-0.00662755432
0.04819738445	0.00225590003	-0.00646398954
0.04820530029	0.00207989837	-0.00629557334
0.04821261296	0.00190286753	-0.00612231196
0.04821930742	0.00172491875	-0.00594421684
0.04822537483	0.00154601925	-0.00576116245
0.04823079276	0.00136659510	-0.00557345117
0.04823555664	0.00118660361	-0.00538100641
0.04823966084	0.00100601926	-0.00518372676
0.04824309234	0.00082522385	-0.00498190485
0.04824584869	0.00064423392	-0.00477553638
0.04824792819	0.00046301011	-0.00456452924
0.04824932566	0.00028200407	-0.00434929088
0.04825004407	0.00010099404	-0.00412959459
0.04825008405	-0.00007963473	-0.00390579822
0.04824944964	-0.00025992807	-0.00367786867
0.04824814616	-0.00043971053	-0.00344597628
0.04824618114	-0.00061883639	-0.00321029680
0.04824356193	-0.00079729888	-0.00297085316
0.04824030152	-0.00097481382	-0.00272798500
0.04823640720	-0.00115150931	-0.00248159041
0.04823189867	-0.00132699052	-0.00223215336
0.04822678205	-0.00150148136	-0.00197948414
0.04822108263	-0.00167455760	-0.00172411395
0.04821480936	-0.00184637789	-0.00146595924
0.04820798508	-0.00201671199	-0.00120534666
0.04820062919	-0.00218547456	-0.00094248516
0.04819275486	-0.00235272869	-0.00067738392
0.04818439398	-0.00251815996	-0.00041051758
0.04817556111	-0.00268183971	-0.00014194054
0.04816627520	-0.00284374506	0.00012822773
0.04815656881	-0.00300363671	0.00039957123
0.04814645905	-0.00316155566	0.00067198512
0.04813596943	-0.00331743880	0.00094525740
0.04812512167	-0.00347125581	0.00121922527
0.04811394507	-0.00362287762	0.00149358310
0.04810246146	-0.00377228768	0.00176814819
0.04809069407	-0.00391945106	0.00204272149
0.04807866681	-0.00406432658	0.00231709252
0.04806640362	-0.00420687481	0.00259105432
0.04805392810	-0.00434706191	0.00286440169
0.04804126348	-0.00448485856	0.00313693230
0.04802842865	-0.00462028077	0.00340851720
0.04801545391	-0.00475322402	0.00367885601
0.04800235809	-0.00488370465	0.00394778987
0.04798916000	-0.00501173377	0.00421516813
0.04797587740	-0.00513732817	0.00448087994
0.04796254381	-0.00526035589	0.00474455945
0.04794915976	-0.00538098798	0.00500630398
0.04793576512	-0.00549903405	0.00526567457
0.04792235572	-0.00561469279	0.00552281544
0.04790896981	-0.00572778881	0.00577732454
0.04789561298	-0.00583842529	0.00602918001
0.04788229837	-0.00594663401	0.00627830578
0.04786904813	-0.00605237008	0.00652450182
0.04785587579	-0.00615565634	0.00676765349
0.04784279264	-0.00625652823	0.00700767762
0.04782981185	-0.00635500206	0.00724447142
0.04781694572	-0.00645109716	0.00747793911
0.04780420565	-0.00654483574	0.00770799192
0.04779159891	-0.00663626604	0.00793459879
0.04777913993	-0.00672538032	0.00815764094
0.04776683950	-0.00681219474	0.00837701903
0.04775469925	-0.00689678568	0.00859274715
0.04774272653	-0.00697918452	0.00880479891
0.04773093875	-0.00705935118	0.00901299424
0.04771932497	-0.00713743492	0.00921750247
0.04770790834	-0.00721335114	0.00941809347
0.04769668351	-0.00728720351	0.00961484312
0.04768565034	-0.00735905595	0.00980780803
0.04767482666	-0.00742885290	0.00999681359
0.04766420575	-0.00749669548	0.01018194760
0.04765379084	-0.00756261668	0.01036320829
0.04764358453	-0.00762665103	0.01054059858
0.04763358874	-0.00768883457	0.01071412584
0.04762380487	-0.00774920400	0.01088380191
0.04761423379	-0.00780779697	0.01104964277
0.04760487583	-0.00786465197	0.01121166829
0.04759573073	-0.00791980867	0.01136990179
0.04758679789	-0.00797330671	0.01152437032
0.04757806939	-0.00802522686	0.01167520601
0.04756955738	-0.00807552868	0.01182229663
0.04756125677	-0.00812427273	0.01196569655
0.04755314989	-0.00817159035	0.01210565758
0.04754526304	-0.00821735455	0.01224189420
0.04753756565	-0.00826176764	0.01237477549
0.04753008126	-0.00830471725	0.01250405090
0.04752277804	-0.00834640762	0.01263011940
0.04751568500	-0.00838669372	0.01275267049
0.04750877828	-0.00842573078	0.01287197606
0.04750205381	-0.00846355936	0.01298813431
0.04749552446	-0.00850012406	0.01310101116
0.04748917570	-0.00853552249	0.01321077817
0.04748300471	-0.00856978512	0.01331749333
0.04747700630	-0.00860295449	0.01342124778
0.04747118151	-0.00863503789	0.01352205570
0.04746552826	-0.00866605907	0.01361995289
0.04746003981	-0.00869606659	0.01371503281
0.04745471284	-0.00872508921	0.01380735490
0.04744954390	-0.00875315581	0.01389697832
0.04744452955	-0.00878029435	0.01398396227
0.04743966625	-0.00880653275	0.01406836550
0.04743494685	-0.00883191769	0.01415029952
0.04743037320	-0.00885644688	0.01422976398
0.04742594264	-0.00888014175	0.01430679858
0.04742164926	-0.00890304071	0.01438148459
0.04741748948	-0.00892516915	0.01445387834
0.04741345494	-0.00894657720	0.01452410531
0.04740954401	-0.00896727883	0.01459221666
0.04740576635	-0.00898722812	0.01465809417
0.04740210848	-0.00900650126	0.01472189827
0.04739858371	-0.00902503271	0.01478343635
0.04739496045	-0.00904404095	0.01484660721
0.04739263329	-0.00905622782	0.01491149991
0.04739163481	-0.00906145146	0.01497735366
0.04739197902	-0.00905965106	0.01504339636
0.04739366108	-0.00905084758	0.01510885374
0.04739665742	-0.00903514349	0.01517295836
0.04740092617	-0.00901272163	0.01523495866
0.04740640796	-0.00898384310	0.01529412774
0.04741302709	-0.00894884433	0.01534977189
0.04742069291	-0.00890813318	0.01540123874
0.04742930151	-0.00886218436	0.01544792489
0.04743873758	-0.00881153391	0.01548928298
0.04744887646	-0.00875677313	0.01552482813
0.04745958624	-0.00869854167	0.01555414360
0.04778682591	0.00999126513	-0.00928752575
0.04779979681	0.00992902484	-0.00943042865
0.04780724124	0.00989311855	-0.00948756107
0.04781380978	0.00986132366	-0.00953078252
0.04782010139	0.00983076869	-0.00956663184
0.04782618379	0.00980113531	-0.00959785126
0.04783217481	0.00977185565	-0.00962572435
0.04783822161	0.00974221039	-0.00965086883
0.04784418599	0.00971287685	-0.00967405279
0.04785023125	0.00968305113	-0.00969540507
0.04785638345	0.00965259927	-0.00971514053
0.04786253815	0.00962203467	-0.00973363151
0.04786878976	0.00959088507	-0.00975088473
0.04787520569	0.00955880693	-0.00976689558
0.04788170352	0.00952620478	-0.00978188728
0.04788829684	0.00949300457	-0.00979591571
0.04789502327	0.00945900925	-0.00980897688
0.04790188936	0.00942417666	-0.00982110210
0.04790890107	0.00938846674	-0.00983231510
0.04791606382	0.00935184141	-0.00984263236
0.04792338763	0.00931423790	-0.00985205495
0.04793086593	0.00927567792	-0.00986060949
0.04793849903	0.00923614749	-0.00986830780
0.04794631751	0.00919547428	-0.00987509879
0.04795430539	0.00915372625	-0.00988101315
0.04796246764	0.00911086208	-0.00988604183
0.04797080963	0.00906683701	-0.00989017323
0.04797933451	0.00902161680	-0.00989339533
0.04798804539	0.00897516626	-0.00989569594
0.04799695924	0.00892737440	-0.00989702974
0.04800613046	0.00887792474	-0.00989726048
0.04801542476	0.00882751920	-0.00989665248
0.04802492247	0.00877570120	-0.00989503664
0.04803472821	0.00872186880	-0.00989215219
0.04804462505	0.00866718602	-0.00988844711
0.04805482798	0.00861043653	-0.00988343416
0.04806517604	0.00855248281	-0.00987743985
0.04807581487	0.00849247513	-0.00987010590
0.04808658931	0.00843125364	-0.00986175985
0.04809768145	0.00836774455	-0.00985193996
0.04810892951	0.00830283153	-0.00984098652
0.04812039818	0.00823610278	-0.00982872081
0.04813211679	0.00816734003	-0.00981502199
0.04814407164	0.00809657181	-0.00979986758
0.04815621703	0.00802401837	-0.00978333003
0.04816858643	0.00794942711	-0.00976527669
0.04818117575	0.00787276398	-0.00974566019
0.04819398047	0.00779399490	-0.00972443178
0.04820699553	0.00771308574	-0.00970154161
0.04822021526	0.00763000325	-0.00967693682
0.04823363346	0.00754471421	-0.00965056353
0.04824728078	0.00745694356	-0.00962224152
0.04826109010	0.00736704090	-0.00959208854
0.04827506696	0.00727488968	-0.00956001260
0.04828924504	0.00718017571	-0.00952580715
0.04830358654	0.00708305281	-0.00948948080
0.04831805974	0.00698363891	-0.00945104551
0.04833271380	0.00688148865	-0.00941020614
0.04834747054	0.00677703492	-0.00936711620
0.04836234828	0.00667003589	-0.00932159254
0.04837736428	0.00656023895	-0.00927341226
0.04839243584	0.00644812092	-0.00922275235
0.04840758861	0.00633336201	-0.00916937155
0.04842280362	0.00621596327	-0.00911318026
0.04843806107	0.00609592889	-0.00905408723
0.04845334046	0.00597326610	-0.00899200034
0.04846862059	0.00584798496	-0.00892682733
0.04848387959	0.00572009878	-0.00885847548
0.04849909492	0.00558962450	-0.00878685150
0.04851424346	0.00545658240	-0.00871186251
0.04852930154	0.00532099626	-0.00863341610
0.04854425827	0.00518276941	-0.00855133763
0.04855908201	0.00504199004	-0.00846555294
0.04857372328	0.00489893011	-0.00837613126
0.04858820831	0.00475311716	-0.00828264166
0.04860244882	0.00460522290	-0.00818540173
0.04861648120	0.00445464533	-0.00808389073
0.04863022124	0.00430205666	-0.00797843213
0.04864368476	0.00414705229	-0.00786864133
0.04865683023	0.00398985982	-0.00775453326
0.04866962312	0.00383065205	-0.00763611466
0.04868204800	0.00366937495	-0.00751323343
0.04869407840	0.00350611444	-0.00738582693
0.04870568955	0.00334094529	-0.00725382653
0.04871685513	0.00317397786	-0.00711719525
0.04872754887	0.00300534372	-0.00697592314
0.04873775068	0.00283509574	-0.00682994346
0.04874744076	0.00266329289	-0.00667919198
0.04875659492	0.00249009270	-0.00652368761
0.04876519348	0.00231560234	-0.00636342098
0.04877321871	0.00213991734	-0.00619838133
0.04878065362	0.00196314606	-0.00602857378
0.04878748267	0.00178539754	-0.00585400857
0.04879369650	0.00160663971	-0.00567456439
0.04879927204	0.00142729047	-0.00549053131
0.04880420403	0.00124730859	-0.00530183602
0.04880848621	0.00106666945	-0.00510838095
0.04881210464	0.00088574816	-0.00491044741
0.04881505610	0.00070456195	-0.00470803216
0.04881733815	0.00052307299	-0.00450104723
0.04881894441	0.00034172569	-0.00428988510
0.04881987723	0.00016030361	-0.00407432932
0.04882013597	-0.00002081364	-0.00385472503
0.04881972387	-0.00020166947	-0.00363104236
0.04881864518	-0.00038208998	-0.00340344674
0.04881690634	-0.00056193010	-0.00317210938
0.04881451382	-0.00074118137	-0.00293705461
0.04881147934	-0.00091956224	-0.00269861155
0.04880780951	-0.00109719664	-0.00245668502
0.04880352256	-0.00127369379	-0.00221174332
0.04879862417	-0.00144927167	-0.00196360730
0.04879313808	-0.00162351024	-0.00171279092
0.04878707279	-0.00179656296	-0.00145921777
0.04878044994	-0.00196820050	-0.00120320541
0.04877328807	-0.00213833582	-0.00094495893
0.04876559986	-0.00230702835	-0.00068449108
0.04875741591	-0.00247396520	-0.00042226246
0.04874875036	-0.00263921344	-0.00015833007
0.04873962162	-0.00280274763	0.00010718704
0.04873006122	-0.00296432852	0.00037388426
0.04872008596	-0.00312399316	0.00064165579
0.04870971887	-0.00328167604	0.00091029302
0.04869898126	-0.00343734405	0.00117963477
0.04868790186	-0.00359086645	0.00144938228
0.04867650227	-0.00374222348	0.00171935481
0.04866480548	-0.00389137726	0.00198935598
0.04865283521	-0.00403828377	0.00225917842
0.04864061524	-0.00418290073	0.00252861823
0.04862816909	-0.00432519138	0.00279747313
0.04861551997	-0.00446512343	0.00306554367
0.04860268690	-0.00460270962	0.00333270115
0.04858970004	-0.00473784335	0.00359865199
0.04857657845	-0.00487053749	0.00386323851
0.04856334121	-0.00500079993	0.00412631123
0.04855000633	-0.00512864453	0.00438775935
0.04853660733	-0.00525393745	0.00464722638
0.04852314543	-0.00537684543	0.00490480190
0.04850966044	-0.00549717688	0.00516005938
0.04849614900	-0.00561512619	0.00541313379
0.04848264933	-0.00573051688	0.00566363454
0.04846916772	-0.00584344852	0.00591153671
0.04845571776	-0.00595395043	0.00615676387
0.04844232198	-0.00606197583	0.00639912030
0.04842899439	-0.00616754505	0.00663849244
0.04841574684	-0.00627069114	0.00687479723
0.04840259302	-0.00637142830	0.00710793299
0.04838954574	-0.00646977381	0.00733780491
0.04837661691	-0.00656574792	0.00756432506
0.04836381438	-0.00665939697	0.00778746139
0.04835115304	-0.00675071173	0.00800709752
0.04833864420	-0.00683970662	0.00822313571
0.04832629011	-0.00692645611	0.00843558774
0.04831409860	-0.00701099038	0.00864442678
0.04830208750	-0.00709326814	0.00884947788
0.04829024655	-0.00717343696	0.00905090292
0.04827859918	-0.00725141162	0.00924847915
0.04826714068	-0.00732729421	0.00944227853
0.04825587135	-0.00740114787	0.00963235501
0.04824480936	-0.00747291642	0.00981853969
0.04823394852	-0.00754269977	0.01000091642
0.04822329249	-0.00761053030	0.01017948317
0.04821284423	-0.00767644195	0.01035424249
0.04820260605	-0.00774047025	0.01052520134
0.04819257972	-0.00780265142	0.01069237108
0.04818276645	-0.00786302274	0.01085576716
0.04817316690	-0.00792162232	0.01101540886
0.04816378115	-0.00797848953	0.01117131887
0.04815460888	-0.00803366376	0.01132352355
0.04814564246	-0.00808722581	0.01147215086
0.04813689424	-0.00813913526	0.01161709313
0.04812835942	-0.00818945233	0.01175840310
0.04812002058	-0.00823830865	0.01189632442
0.04811190413	-0.00828557728	0.01203058248
0.04810397981	-0.00833146062	0.01216153382
0.04809627123	-0.00837584640	0.01228893770
0.04808874682	-0.00841893928	0.01241317977
0.04808143563	-0.00846059441	0.01253396157
0.04807431401	-0.00850096710	0.01265154601
0.04806737798	-0.00854009860	0.01276602905
0.04806064048	-0.00857793368	0.01287728235
0.04805408713	-0.00861457023	0.01298547229
0.04804771516	-0.00865003915	0.01309065589
0.04804151945	-0.00868438358	0.01319292226
0.04803550107	-0.00871761126	0.01329228623
0.04802965801	-0.00874974632	0.01338878342
0.04802398357	-0.00878083778	0.01348250507
0.04801847445	-0.00881091490	0.01357350967
0.04801312721	-0.00884000708	0.01366185546
0.04800793844	-0.00886814279	0.01374760070
0.04800290459	-0.00889535048	0.01383080324
0.04799801850	-0.00892167751	0.01391157187
0.04799328199	-0.00894712210	0.01398990745
0.04798869241	-0.00897170609	0.01406584935
0.04798424384	-0.00899546845	0.01413947711
0.04797993267	-0.00901843503	0.01421084616
0.04797575049	-0.00904065677	0.01428007882
0.04797169559	-0.00906214830	0.01434722565
0.04796777768	-0.00908286378	0.01441217357
0.04796398322	-0.00910287996	0.01447507833
0.04796032565	-0.00912213093	0.01453575481
0.04795659982	-0.00914169808	0.01459756362
0.04795414147	-0.00915458493	0.01466116369
0.04795298487	-0.00916064144	0.01472580937
0.04795314616	-0.00915979709	0.01479074276
0.04795462309	-0.00915206172	0.01485520256
0.04795739505	-0.00913752537	0.01491843305
0.04796142344	-0.00911635733	0.01497969290
0.04796665247	-0.00908880413	0.01503826391
0.04797301014	-0.00905518680	0.01509345937
0.04798040963	-0.00901589717	0.01514463217
0.04798875087	-0.00897139338	0.01519118235
0.04799792237	-0.00892219468	0.01523256417
0.04800780310	-0.00886887541	0.01526829245
0.04801826461	-0.00881205842	0.01529794832
0.04837989246	0.00998794037	-0.00911384783
0.04839239349	0.00992719499	-0.00925448962
0.04839959941	0.00989200305	-0.00931074067
0.04840596805	0.00986079128	-0.00935330288
0.04841207397	0.00983077013	-0.00938861602
0.04841798192	0.00980163121	-0.00941937405
0.04842380497	0.00977282253	-0.00944684101
0.04842968452	0.00974364436	-0.00947162864
0.04843548773	0.00971475557	-0.00949448549
0.04844137158	0.00968537386	-0.00951554404
0.04844736118	0.00965536856	-0.00953501615
0.04845335617	0.00962523887	-0.00955326313
0.04845944737	0.00959452493	-0.00957029506
0.04846569966	0.00956289205	-0.00958611002
0.04847203389	0.00953073337	-0.00960092379
0.04847846318	0.00949797638	-0.00961479159
0.04848502381	0.00946442886	-0.00962771092
0.04849172217	0.00943004925	-0.00963971267
0.04849856408	0.00939479803	-0.00965082030
0.04850555484	0.00935863758	-0.00966105014
0.04851270421	0.00932150623	-0.00967040357
0.04852000595	0.00928342448	-0.00967890635
0.04852746048	0.00924437812	-0.00968657000
0.04853509732	0.00920419879	-0.00969334563
0.04854290122	0.00916295197	-0.00969926259
0.04855087706	0.00912059673	-0.00970431215
0.04855903012	0.00907708883	-0.00970848307
0.04856736355	0.00903239421	-0.00971176363
0.04857588046	0.00898647789	-0.00971414194
0.04858459731	0.00893923104	-0.00971557425
0.04859356661	0.00889034485	-0.00971592949
0.04860265916	0.00884050168	-0.00971546053
0.04861195245	0.00878925633	-0.00971400521
0.04862154736	0.00873602200	-0.00971131287
0.04863123507	0.00868193085	-0.00970781228
0.04864122281	0.00862579802	-0.00970303615
0.04865135563	0.00856846213	-0.00969729665
0.04866177400	0.00850909506	-0.00969024988
0.04867232852	0.00844851373	-0.00968220902
0.04868319480	0.00838567179	-0.00967273090
0.04869421706	0.00832142850	-0.00966214072
0.04870545777	0.00825538196	-0.00965026668
0.04871694533	0.00818731859	-0.00963699208
0.04872866667	0.00811726504	-0.00962229435
0.04874057784	0.00804543470	-0.00960624201
0.04875271123	0.00797158050	-0.00958870710
0.04876506303	0.00789566813	-0.00956964315
0.04877762898	0.00781766325	-0.00954900238
0.04879040433	0.00773753144	-0.00952673588
0.04880338371	0.00765523912	-0.00950279180
0.04881656124	0.00757075272	-0.00947711727
0.04882996661	0.00748380305	-0.00944953814
0.04884353514	0.00739472939	-0.00942016581
0.04885727221	0.00730341699	-0.00938891087
0.04887121049	0.00720955845	-0.00935557384
0.04888531352	0.00711330230	-0.00932016116
0.04889955071	0.00701476217	-0.00928268283
0.04891396966	0.00691350273	-0.00924285409
0.04892849480	0.00680994449	-0.00920082023
0.04894314392	0.00670385045	-0.00915640399
0.04895793377	0.00659497299	-0.00910938949
0.04897278431	0.00648377550	-0.00905994432
0.04898772039	0.00636994494	-0.00900783531
0.04900272364	0.00625348092	-0.00895297430
0.04901777488	0.00613438615	-0.00889527149
0.04903285421	0.00601266627	-0.00883463619
0.04904794105	0.00588832971	-0.00877097753
0.04906301413	0.00576138808	-0.00870420418
0.04907805150	0.00563185655	-0.00863422423
0.04909303065	0.00549975355	-0.00856094609
0.04910792847	0.00536510099	-0.00848427865
0.04912273426	0.00522780318	-0.00840405185
0.04913741716	0.00508794483	-0.00832019172
0.04915192882	0.00494579018	-0.00823276226
0.04916629465	0.00480087677	-0.00814134746
0.04918042845	0.00465385912	-0.00804624932
0.04919436549	0.00450414831	-0.00794696581
0.04920802339	0.00435239959	-0.00784380452
0.04922141732	0.00419821679	-0.00773639431
0.04923450649	0.00404182112	-0.00762474673
0.04924725682	0.00388338044	-0.00750886596
0.04925965288	0.00372284110	-0.00738860393
0.04927166843	0.00356028620	-0.00726389825
0.04928327882	0.00339578800	-0.00713468089
0.04929445787	0.00322945367	-0.00700091434
0.04930517933	0.00306141128	-0.00686258720
0.04931542304	0.00289171201	-0.00671963374
0.04932516903	0.00272041309	-0.00657199067
0.04933439301	0.00254766826	-0.00641967468
0.04934307505	0.00237358218	-0.00626267550
0.04935119707	0.00219824824	-0.00610098179
0.04935874171	0.00202177251	-0.00593459758
0.04936569300	0.00184426187	-0.00576353199
0.04937204109	0.00166568499	-0.00558766783
0.04937776230	0.00148645157	-0.00540728316
0.04938285075	0.00130652183	-0.00522230788
0.04938729958	0.00112587214	-0.00503264819
0.04939109400	0.00094487082	-0.00483857435
0.04939423004	0.00076353579	-0.00464008411
0.04939670455	0.00058183081	-0.00443709358
0.04939851003	0.00040019293	-0.00422998057
0.04939964822	0.00021841113	-0.00401853866
0.04940011730	0.00003685924	-0.00380310055
0.04939991970	-0.00014450370	-0.00358363950
0.04939905863	-0.00032550539	-0.00336031611
0.04939753952	-0.00050600147	-0.00313329712
0.04939536797	-0.00068598175	-0.00290260821
0.04939255443	-0.00086516748	-0.00266856816
0.04938910490	-0.00104367832	-0.00243108834
0.04938503614	-0.00122112775	-0.00219062165
0.04938035343	-0.00139772773	-0.00194699926
0.04937507895	-0.00157306261	-0.00170071821
0.04936922076	-0.00174728059	-0.00145170898
0.04936279934	-0.00192015340	-0.00120028021
0.04935583237	-0.00209159235	-0.00094663312
0.04934833201	-0.00226165321	-0.00069078395
0.04934032759	-0.00243002480	-0.00043317942
0.04933183286	-0.00259676990	-0.00017387904
0.04932286563	-0.00276186057	0.00008699860
0.04931345643	-0.00292505779	0.00034906014
0.04930362173	-0.00308639466	0.00061219893
0.04929338402	-0.00324580332	0.00087620974
0.04928276424	-0.00340324796	0.00114093305
0.04927179051	-0.00355859628	0.00140607691
0.04926048417	-0.00371182535	0.00167146257
0.04924886795	-0.00386289441	0.00193689636
0.04923696534	-0.00401175668	0.00220217405
0.04922479996	-0.00415836711	0.00246709476
0.04921239519	-0.00430268606	0.00273145922
0.04919977421	-0.00444467837	0.00299507084
0.04918695610	-0.00458435351	0.00325780124
0.04917397089	-0.00472160295	0.00351936359
0.04916083783	-0.00485643612	0.00377960148
0.04914757620	-0.00498885774	0.00403836659
0.04913420426	-0.00511887876	0.00429554829
0.04912075545	-0.00524636363	0.00455079932
0.04910723172	-0.00537147467	0.00480420170
0.04909367270	-0.00549401933	0.00505534123
0.04908007585	-0.00561418756	0.00530434382
0.04906647933	-0.00573180198	0.00555083023
0.04905289006	-0.00584695853	0.00579477257
0.04903932211	-0.00595968410	0.00603609410
0.04902579827	-0.00606993009	0.00627460342
0.04901233307	-0.00617771437	0.00651018805
0.04899893886	-0.00628306759	0.00674276513
0.04898562981	-0.00638600189	0.00697223407
0.04897241921	-0.00648653255	0.00719850107
0.04895931949	-0.00658467787	0.00742147911
0.04894633903	-0.00668048228	0.00764113516
0.04893349314	-0.00677393513	0.00785735523
0.04892079362	-0.00686504911	0.00807004324
0.04890824334	-0.00695389680	0.00827920867
0.04889585061	-0.00704050715	0.00848482435
0.04888363361	-0.00712483777	0.00868672034
0.04887158277	-0.00720703443	0.00888505123
0.04885972178	-0.00728701140	0.00907960157
0.04884804653	-0.00736486917	0.00927043947
0.04883655780	-0.00744067001	0.00945761628
0.04882527401	-0.00751435729	0.00964096873
0.04881418956	-0.00758602962	0.00982057681
0.04880330848	-0.00765571875	0.00999643823
0.04879263411	-0.00772345807	0.01016855521
0.04878216913	-0.00778928256	0.01033693428
0.04877191566	-0.00785322801	0.01050158637
0.04876187526	-0.00791533127	0.01066252639
0.04875204890	-0.00797563011	0.01081977305
0.04874243698	-0.00803416359	0.01097334841
0.04873303950	-0.00809097082	0.01112327818
0.04872384911	-0.00814613256	0.01126968617
0.04871487830	-0.00819960852	0.01141246922
0.04870612261	-0.00825145853	0.01155167848
0.04869756488	-0.00830181438	0.01168754952
0.04868923159	-0.00835054939	0.01181981848
0.04868109282	-0.00839786579	0.01194882959
0.04867317223	-0.00844365165	0.01207435171
0.04866543852	-0.00848811176	0.01219675736
0.04865792075	-0.00853110169	0.01231575995
0.04865059555	-0.00857277668	0.01243161354
0.04864345898	-0.00861317861	0.01254441185
0.04863652407	-0.00865225255	0.01265403221
0.04862977657	-0.00869009655	0.01276063585
0.04862321382	-0.00872674197	0.01286427887
0.04861683073	-0.00876223246	0.01296504832
0.04861062840	-0.00879657626	0.01306295969
0.04860460490	-0.00882979786	0.01315804838
0.04859875357	-0.00886194670	0.01325040343
0.04859307115	-0.00889305254	0.01334008241
0.04858755423	-0.00892314528	0.01342714262
0.04858219940	-0.00895225387	0.01351164139
0.04857700313	-0.00898040728	0.01359363563
0.04857195822	-0.00900765352	0.01367323147
0.04856706650	-0.00903399131	0.01375043095
0.04856232533	-0.00905944293	0.01382527310
0.04855772876	-0.00908404782	0.01389783570
0.04855327319	-0.00910783237	0.01396817335
0.04854895014	-0.00913084817	0.01403640516
0.04854475785	-0.00915311057	0.01410258115
0.04854070603	-0.00917457388	0.01416659324
0.04853678114	-0.00919531533	0.01422859260
0.04853299670	-0.00921526879	0.01428840145
0.04852917683	-0.00923536374	0.01434884747
0.04852659512	-0.00924891961	0.01441115071
0.04852528734	-0.00925577851	0.01447458070
0.04852527169	-0.00925586057	0.01453839381
0.04852654838	-0.00924916484	0.01460184188
0.04852909966	-0.00923576928	0.01466418103
0.04853289015	-0.00921582992	0.01472468039
0.04853786754	-0.00918957902	0.01478263068
0.04854396350	-0.00915732248	0.01483735247
0.04855109504	-0.00911943630	0.01488820420
0.04855916592	-0.00907636232	0.01493458967
0.04856806845	-0.00902860313	0.01497596508
0.04857768533	-0.00897671629	0.01501184531
0.04858789162	-0.00892130794	0.01504180972
0.04896280040	0.00998284724	-0.00894718228
0.04897485847	0.00992352254	-0.00908563572
0.04898183876	0.00988901076	-0.00914103243
0.04898801798	0.00985835460	-0.00918295513
0.04899394776	0.00982884247	-0.00921774751
0.04899969006	0.00980017527	-0.00924805706
0.04900535350	0.00977181612	-0.00927512890
0.04901107402	0.00974308397	-0.00929956876
0.04901672387	0.00971462003	-0.00932210668
0.04902245406	0.00968566260	-0.00934287839
0.04902828877	0.00965608419	-0.00936209281
0.04903413153	0.00962637036	-0.00938010079
0.04904006976	0.00959607314	-0.00939691555
0.04904616595	0.00956486628	-0.00941253765
0.04905234404	0.00953313203	-0.00942717581
0.04905861671	0.00950079934	-0.00944088462
0.04906501896	0.00946768062	-0.00945366296
0.04907155701	0.00943373488	-0.00946554132
0.04907823658	0.00939892312	-0.00947654288
0.04908506285	0.00936320815	-0.00948668380
0.04909204530	0.00932652935	-0.00949596577
0.04909917805	0.00928890610	-0.00950441374
0.04910646158	0.00925032394	-0.00951203893
0.04911392442	0.00921061833	-0.00951879453
0.04912155199	0.00916985234	-0.00952470862
0.04912934910	0.00912798547	-0.00952977277
0.04913732095	0.00908497395	-0.00953397608
0.04914547068	0.00904078390	-0.00953730713
0.04915380139	0.00899538053	-0.00953975428
0.04916232905	0.00894865712	-0.00954127530
0.04917110436	0.00890031219	-0.00954174397
0.04918000300	0.00885100936	-0.00954140244
0.04918909969	0.00880031436	-0.00954009501
0.04919849180	0.00874765488	-0.00953758060
0.04920797822	0.00869413257	-0.00953426989
0.04921775876	0.00863859271	-0.00952971438
0.04922768422	0.00858185110	-0.00952421275
0.04923789011	0.00852310031	-0.00951743462
0.04924823253	0.00846313502	-0.00950967968
0.04925888093	0.00840093516	-0.00950052227
0.04926968520	0.00833733663	-0.00949027338
0.04928070570	0.00827194702	-0.00947876774
0.04929196996	0.00820455723	-0.00946589255
0.04930346550	0.00813519215	-0.00945162516
0.04931515001	0.00806405858	-0.00943603044
0.04932705487	0.00799091478	-0.00941898483
0.04933917653	0.00791572620	-0.00940044275
0.04935151096	0.00783845826	-0.00938035731
0.04936405369	0.00775907626	-0.00935868053
0.04937679965	0.00767754633	-0.00933536152
0.04938974325	0.00759383457	-0.00931034839
0.04940291329	0.00750767743	-0.00928347270
0.04941624734	0.00741940433	-0.00925483994
0.04942975069	0.00732890224	-0.00922436312
0.04944345500	0.00723587030	-0.00919184945
0.04945732511	0.00714045198	-0.00915730334
0.04947133148	0.00704275680	-0.00912073298
0.04948552023	0.00694235908	-0.00908186342
0.04949981829	0.00683966745	-0.00904083223
0.04951424290	0.00673444960	-0.00899746773
0.04952881034	0.00662646268	-0.00895156069
0.04954344312	0.00651615726	-0.00890326987
0.04955816531	0.00640322677	-0.00885236977
0.04957295910	0.00628766947	-0.00879877361
0.04958780592	0.00616948666	-0.00874239299
0.04960268643	0.00604868251	-0.00868313860
0.04961758065	0.00592526389	-0.00862092096
0.04963246788	0.00579924081	-0.00855565006
0.04964732675	0.00567062678	-0.00848723532
0.04966213530	0.00553943848	-0.00841558644
0.04967687100	0.00540569603	-0.00834061357
0.04969152331	0.00526930475	-0.00826215098
0.04970606212	0.00513034603	-0.00818012496
0.04972044022	0.00498907668	-0.00809459461
0.04973468217	0.00484504393	-0.00800515805
0.04974870384	0.00469888581	-0.00791210259
0.04976253937	0.00455002600	-0.00781494391
0.04977610823	0.00439910344	-0.00771397469
0.04978942495	0.00424573016	-0.00760883648
0.04980244944	0.00409012121	-0.00749953772
0.04981514809	0.00393243975	-0.00738608023
0.04982750551	0.00377263252	-0.00726831974
0.04983949568	0.00361077994	-0.00714619418
0.04985109411	0.00344695190	-0.00701963609
0.04986227475	0.00328125252	-0.00688860751
0.04987301145	0.00311380649	-0.00675309572
0.04988328396	0.00294466343	-0.00661303597
0.04989307224	0.00277387890	-0.00646836590
0.04990235188	0.00260160303	-0.00631910009
0.04991110276	0.00242793806	-0.00616522751
0.04991930652	0.00225297533	-0.00600673625
0.04992694549	0.00207681873	-0.00584362936
0.04993400328	0.00189957306	-0.00567591491
0.04994046962	0.00172120777	-0.00550347961
0.04994632032	0.00154212455	-0.00532659022
0.04995154893	0.00136228510	-0.00514517966
0.04995614802	0.00118166673	-0.00495915768
0.04996010207	0.00100063119	-0.00476878413
0.04996340639	0.00081919705	-0.00457405770
0.04996605720	0.00063732964	-0.00437489832
0.04996804598	0.00045545882	-0.00417166998
0.04996937388	0.00027337884	-0.00396417568
0.04997003799	0.00009145790	-0.00375273638
0.04997004002	-0.00009034263	-0.00353732825
0.04996938221	-0.00027185197	-0.00331810732
0.04996806900	-0.00045292656	-0.00309523609
0.04996610521	-0.00063355452	-0.00286874146
0.04996350012	-0.00081345990	-0.00263893243
0.04996025913	-0.00099275821	-0.00240572651
0.04995639762	-0.00117106718	-0.00216956200
0.04995192047	-0.00134859288	-0.00193027978
0.04994684843	-0.00152492410	-0.00168836084
0.04994118909	-0.00170020392	-0.00144374213
0.04993496187	-0.00187420518	-0.00119672381
0.04992818359	-0.00204683770	-0.00094750339
0.04992086594	-0.00221815365	-0.00069610032
0.04991303701	-0.00238784372	-0.00044294816
0.04990471016	-0.00255596657	-0.00018810871
0.04989590264	-0.00272249182	0.00006829994
0.04988664399	-0.00288718086	0.00032589513
0.04987695036	-0.00305006298	0.00058456947
0.04986684372	-0.00321106814	0.00084412103
0.04985634460	-0.00337015797	0.00110439189
0.04984548054	-0.00352719876	0.00136509665
0.04983427260	-0.00368216456	0.00162605851
0.04982274325	-0.00383501195	0.00188708644
0.04981091572	-0.00398569149	0.00214797924
0.04979881344	-0.00413415553	0.00240853900
0.04978645965	-0.00428036176	0.00266856933
0.04977387745	-0.00442427227	0.00292787645
0.04976108599	-0.00456589344	0.00318633237
0.04974811509	-0.00470511495	0.00344365669
0.04973498416	-0.00484194298	0.00369969426
0.04972171268	-0.00497637922	0.00395429800
0.04970831908	-0.00510843185	0.00420735744
0.04969483672	-0.00523796380	0.00445853417
0.04968126819	-0.00536513305	0.00470790311
0.04966765292	-0.00548974632	0.00495506179
0.04965398916	-0.00561198915	0.00520012760
0.04964031493	-0.00573168350	0.00544273211
0.04962663776	-0.00584892178	0.00568284469
0.04961297213	-0.00596372851	0.00592038837
0.04959934108	-0.00607605346	0.00615517586
0.04958575958	-0.00618591213	0.00638709580
0.04957224044	-0.00629333290	0.00661606552
0.04955879828	-0.00639832592	0.00684198555
0.04954544683	-0.00650090457	0.00706476308
0.04953219896	-0.00660108532	0.00728431197
0.04951906357	-0.00669891075	0.00750059832
0.04950605633	-0.00679436887	0.00771351047
0.04949318951	-0.00688747075	0.00792295388
0.04948046655	-0.00697828713	0.00812893594
0.04946789618	-0.00706684574	0.00833142914
0.04945549691	-0.00715310328	0.00853026835
0.04944325986	-0.00723720362	0.00872560126
0.04943120889	-0.00731906069	0.00891721936
0.04941934049	-0.00739877338	0.00910518715
0.04940765587	-0.00747640309	0.00928955349
0.04939617370	-0.00755189282	0.00947016050
0.04938488891	-0.00762533991	0.00964708452
0.04937380589	-0.00769677551	0.00982032300
0.04936292835	-0.00776623244	0.00998987786
0.04935225930	-0.00783374519	0.01015575525
0.04934180120	-0.00789934911	0.01031796567
0.04933155591	-0.00796308063	0.01047652354
0.04932152474	-0.00802497720	0.01063144702
0.04931170837	-0.00808507754	0.01078275759
0.04930210709	-0.00814342054	0.01093048032
0.04929271384	-0.00820008682	0.01107473509
0.04928354124	-0.00825503629	0.01121542301
0.04927458514	-0.00830832842	0.01135259372
0.04926582866	-0.00836009498	0.01148647512
0.04925729828	-0.00841020974	0.01161681355
0.04924896448	-0.00845887457	0.01174394149
0.04924085092	-0.00850597801	0.01186763698
0.04923292663	-0.00855172478	0.01198826004
0.04922522060	-0.00859597105	0.01210553532
0.04921770977	-0.00863887186	0.01221970849
0.04921039025	-0.00868046963	0.01233087110
0.04920327511	-0.00872070984	0.01243890588
0.04919635029	-0.00875969060	0.01254396914
0.04918961319	-0.00879744370	0.01264611610
0.04918305878	-0.00883401326	0.01274543184
0.04917668821	-0.00886940800	0.01284193245
0.04917049958	-0.00890365277	0.01293565312
0.04916448631	-0.00893679737	0.01302668079
0.04915864518	-0.00896887204	0.01311507213
0.04915297279	-0.00899990711	0.01320088352
0.04914746574	-0.00902993203	0.01328417139
0.04914212054	-0.00905897623	0.01336499179
0.04913692998	-0.00908708828	0.01344344826
0.04913189586	-0.00911426745	0.01351954394
0.04912701554	-0.00914053641	0.01359331754
0.04912228309	-0.00916593505	0.01366484517
0.04911769489	-0.00919049021	0.01373418059
0.04911324244	-0.00921425412	0.01380143986
0.04910892391	-0.00923724276	0.01386667246
0.04910474900	-0.00925941072	0.01392977507
0.04910070419	-0.00928083559	0.01399089448
0.04909680303	-0.00930145118	0.01404985989
0.04909290058	-0.00932202631	0.01410898977
0.04909020731	-0.00933619880	0.01417003725
0.04908876039	-0.00934380354	0.01423228660
0.04908857986	-0.00934475196	0.01429500801
0.04908966820	-0.00933903301	0.01435746613
0.04909201035	-0.00932671330	0.01441892869
0.04909557396	-0.00930793633	0.01447867510
0.04910030999	-0.00928292089	0.01453600489
0.04910615364	-0.00925195850	0.01459024592
0.04911302554	-0.00921541012	0.01464076227
0.04912083318	-0.00917370205	0.01468696167
0.04912947256	-0.00912732095	0.01472830248
0.04913882998	-0.00907680835	0.01476430001
0.04914878397	-0.00902275432	0.01479453223
0.04955597368	0.00997593748	-0.00878153805
0.04956759926	0.00991801188	-0.00891779924
0.04957435848	0.00988417107	-0.00897233886
0.04958035185	0.00985406346	-0.00901361956
0.04958610861	0.00982505419	-0.00904788858
0.04959168804	0.00979685323	-0.00907774711
0.04959719443	0.00976893860	-0.00910442123
0.04960275838	0.00974064768	-0.00912851055
0.04960825715	0.00971260415	-0.00915072683
0.04961383585	0.00968406673	-0.00917120883
0.04961951783	0.00965491104	-0.00919016252
0.04962521038	0.00962560914	-0.00920792852
0.04963099759	0.00959572480	-0.00922452298
0.04963693963	0.00956494015	-0.00923994885
0.04964296344	0.00953362664	-0.00925440798
0.04964908131	0.00950171468	-0.00926795431
0.04965532693	0.00946902125	-0.00928058801
0.04966170642	0.00943550593	-0.00929233918
0.04966822532	0.00940113023	-0.00930323072
0.04967488874	0.00936585740	-0.00931327863
0.04968170589	0.00932962785	-0.00932248487
0.04968867121	0.00929245985	-0.00933087361
0.04969578525	0.00925433870	-0.00933845577
0.04970307557	0.00921510363	-0.00934518655
0.04971052825	0.00917481537	-0.00935109282
0.04971814803	0.00913343381	-0.00935616641
0.04972594000	0.00909091566	-0.00936039680
0.04973390731	0.00904722722	-0.00936377281
0.04974205304	0.00900233390	-0.00936628310
0.04975039269	0.00895613108	-0.00936788688
0.04975897518	0.00890832452	-0.00936846268
0.04976768093	0.00885955930	-0.00936824221
0.04977658201	0.00880941198	-0.00936707607
0.04978577229	0.00875732460	-0.00936473252
0.04979505822	0.00870436861	-0.00936160464
0.04980463236	0.00864941916	-0.00935726219
0.04981435112	0.00859326941	-0.00935199078
0.04982434515	0.00853513247	-0.00934547318
0.04983447595	0.00847578097	-0.00933799598
0.04984490689	0.00841422091	-0.00932915053
0.04985549346	0.00835126504	-0.00931923403
0.04986629394	0.00828653034	-0.00930808757
0.04987733497	0.00821981220	-0.00929560218
0.04988860466	0.00815113375	-0.00928175512
0.04990006233	0.00808069528	-0.00926660773
0.04991173833	0.00800826033	-0.00925004075
0.04992362935	0.00793379413	-0.00923200949
0.04993573162	0.00785726186	-0.00921246794
0.04994804094	0.00777862857	-0.00919136905
0.04996055250	0.00769786011	-0.00916866287
0.04997326100	0.00761492226	-0.00914429849
0.04998619436	0.00752955710	-0.00911811308
0.04999929238	0.00744208426	-0.00909020635
0.05001256024	0.00735239243	-0.00906049373
0.05002602860	0.00726018726	-0.00902878893
0.05003966356	0.00716560722	-0.00899509446
0.05005343665	0.00706875776	-0.00895941675
0.05006739248	0.00696922280	-0.00892149043
0.05008146049	0.00686739920	-0.00888144559
0.05009565735	0.00676305931	-0.00883911601
0.05010999885	0.00665596508	-0.00879429896
0.05012441005	0.00654655430	-0.00874714469
0.05013891423	0.00643452690	-0.00869743514
0.05015349415	0.00631987982	-0.00864508493
0.05016813180	0.00620261297	-0.00859000708
0.05018280845	0.00608272907	-0.00853211367
0.05019750465	0.00596023350	-0.00847131658
0.05021220031	0.00583513469	-0.00840752717
0.05022687461	0.00570744452	-0.00834065617
0.05024150617	0.00557717797	-0.00827061460
0.05025607299	0.00544435339	-0.00819731386
0.05027056474	0.00530887716	-0.00812059251
0.05028495203	0.00517082739	-0.00804037712
0.05029918880	0.00503045352	-0.00795672206
0.05031329877	0.00488731249	-0.00786923929
0.05032719987	0.00474202587	-0.00777820183
0.05034092515	0.00459403001	-0.00768314268
0.05035439590	0.00444394759	-0.00758434001
0.05036762603	0.00429139885	-0.00748144781
0.05038057619	0.00413659274	-0.00737447152
0.05039321325	0.00397968776	-0.00726341070
0.05040552187	0.00382063108	-0.00714812484
0.05041747626	0.00365950047	-0.00702855218
0.05042905213	0.00349636349	-0.00690462593
0.05044022358	0.00333132126	-0.00677630766
0.05045096458	0.00316449514	-0.00664358343
0.05046125485	0.00299593318	-0.00650638947
0.05047107425	0.00282568934	-0.00636466437
0.05048039835	0.00265391013	-0.00621842068
0.05048920683	0.00248069541	-0.00606764663
0.05049748112	0.00230613453	-0.00591232979
0.05050520324	0.00213032916	-0.00575247227
0.05051235646	0.00195338208	-0.00558808112
0.05051893007	0.00177526351	-0.00541904692
0.05052489949	0.00159636716	-0.00524562536
0.05053025768	0.00141665619	-0.00506775231
0.05053499670	0.00123610889	-0.00488534103
0.05053910033	0.00105508039	-0.00469864118
0.05054256322	0.00087358994	-0.00450765235
0.05054538099	0.00069160446	-0.00431229825
0.05054754414	0.00050954651	-0.00411292929
0.05054905327	0.00032721570	-0.00390935769
0.05054990444	0.00014497449	-0.00370189292
0.05055009863	-0.00003721336	-0.00349051398
0.05054963716	-0.00021917872	-0.00327537240
0.05054852355	-0.00040077877	-0.00305662649
0.05054676184	-0.00058200000	-0.00283430434
0.05054436016	-0.00076256935	-0.00260870531
0.05054132334	-0.00094259812	-0.00237975290
0.05053766542	-0.00112170847	-0.00214787109
0.05053339089	-0.00130010051	-0.00191291022
0.05052851909	-0.00147736760	-0.00167533551
0.05052305717	-0.00165364771	-0.00143509020
0.05051702345	-0.00182871487	-0.00119246608
0.05051043398	-0.00200247747	-0.00094765698
0.05050329990	-0.00217498411	-0.00070068543
0.05049564814	-0.00234592746	-0.00045197207
0.05048749162	-0.00251536209	-0.00020158083
0.05047884703	-0.00268325524	0.00005037071
0.05046974295	-0.00284936881	0.00030351047
0.05046019518	-0.00301372834	0.00055773039
0.05045022516	-0.00317626166	0.00081283184
0.05043985298	-0.00333692788	0.00106865856
0.05042910561	-0.00349559201	0.00132493160
0.05041800381	-0.00365222514	0.00158147618
0.05040656974	-0.00380678120	0.00183810392
0.05039482639	-0.00395920822	0.00209461665
0.05038279694	-0.00410945600	0.00235081947
0.05037050450	-0.00425747959	0.00260651888
0.05035797204	-0.00440323844	0.00286152391
0.05034521874	-0.00454673583	0.00311570703
0.05033227421	-0.00468785981	0.00336879422
0.05031915798	-0.00482661332	0.00362063167
0.05030588968	-0.00496299508	0.00387107352
0.05029248791	-0.00509701051	0.00412000956
0.05027898589	-0.00522852119	0.00436711013
0.05026538684	-0.00535768067	0.00461244325
0.05025172995	-0.00548429512	0.00485561801
0.05023801422	-0.00560854560	0.00509674352
0.05022427750	-0.00573025356	0.00533546198
0.05021052792	-0.00584950787	0.00557174017
0.05019678032	-0.00596633071	0.00580550091
0.05018305795	-0.00608067025	0.00603656103
0.05016937620	-0.00619253971	0.00626481028
0.05015574834	-0.00630196519	0.00649016627
0.05014218936	-0.00640895491	0.00671253065
0.05012871342	-0.00651352036	0.00693181162
0.05011533383	-0.00661567621	0.00714792395
0.05010205994	-0.00671546318	0.00736083294
0.05008890781	-0.00681286802	0.00757042920
0.05007589012	-0.00690790019	0.00777661981
0.05006301085	-0.00700062858	0.00797941008
0.05005027917	-0.00709107973	0.00817877223
0.05003771386	-0.00717920945	0.00837454585
0.05002530671	-0.00726515967	0.00856687190
0.05001308176	-0.00734884409	0.00875554870
0.05000103607	-0.00743035994	0.00894063719
0.04998917128	-0.00750976771	0.00912218386
0.04997750627	-0.00758701016	0.00930003608
0.04996603650	-0.00766218328	0.00947426666
0.04995476672	-0.00773531762	0.00964487279
0.04994370096	-0.00780644547	0.00981185611
0.04993284259	-0.00787560078	0.00997522241
0.04992219438	-0.00794281846	0.01013498173
0.04991175851	-0.00800813457	0.01029114805
0.04990153658	-0.00807158617	0.01044373900
0.04989152958	-0.00813321171	0.01059277545
0.04988173806	-0.00819304979	0.01073828187
0.04987215527	-0.00825118086	0.01088037425
0.04986279393	-0.00830756510	0.01101895793
0.04985365019	-0.00836226158	0.01115408104
0.04984470751	-0.00841540194	0.01128596392
0.04983599230	-0.00846686058	0.01141436294
0.04982747548	-0.00851683881	0.01153959905
0.04981918068	-0.00856522581	0.01166145925
0.04981107728	-0.00861222598	0.01178029130
0.04980319418	-0.00865769634	0.01189583087
0.04979550864	-0.00870179152	0.01200831539
0.04978801686	-0.00874455450	0.01211783426
0.04978073190	-0.00878593126	0.01222427548
0.04977363991	-0.00882601988	0.01232779055
0.04976673835	-0.00886485255	0.01242843377
0.04976002227	-0.00890247383	0.01252628829
0.04975349283	-0.00893889296	0.01262137079
0.04974714822	-0.00897413510	0.01271371620
0.04974098190	-0.00900825042	0.01280340941
0.04973499071	-0.00904126959	0.01289050618
0.04972917125	-0.00907322339	0.01297506197
0.04972352019	-0.00910414173	0.01305713233
0.04971803400	-0.00913405449	0.01313677240
0.04971270552	-0.00916301077	0.01321408320
0.04970753650	-0.00919101038	0.01328906891
0.04970252432	-0.00921807639	0.01336176793
0.04969766307	-0.00924424910	0.01343225470
0.04969294911	-0.00926955583	0.01350058213
0.04968837392	-0.00929404935	0.01356686329
0.04968393564	-0.00931774627	0.01363114708
0.04967964391	-0.00934060154	0.01369333488
0.04967548525	-0.00936269306	0.01375356914
0.04967147321	-0.00938395469	0.01381168593
0.04966749630	-0.00940498101	0.01386950025
0.04966469907	-0.00941974114	0.01392928930
0.04966311995	-0.00942806308	0.01399035213
0.04966278070	-0.00942984990	0.01405197282
0.04966368602	-0.00942508077	0.01411342893
0.04966582340	-0.00941381125	0.01417399994
0.04966916343	-0.00939617265	0.01423297571
0.04967366030	-0.00937237049	0.01428966480
0.04967925266	-0.00934268223	0.01434340259
0.04968586475	-0.00930745401	0.01439355904
0.04969340775	-0.00926709675	0.01443954613
0.04970178136	-0.00922208141	0.01448082469
0.04971087553	-0.00917293360	0.01451691077
0.04972057228	-0.00912022745	0.01454738130
0.05014916299	0.00996739087	-0.00861975473
0.05016037364	0.00991081964	-0.00875385854
0.05016692003	0.00987762946	-0.00880755358
0.05017273421	0.00984805417	-0.00884820125
0.05017832398	0.00981953318	-0.00888195371
0.05018374610	0.00979178518	-0.00891136677
0.05018910066	0.00976430257	-0.00893764778
0.05019451318	0.00973644065	-0.00896139013
0.05019986569	0.00970880603	-0.00898328793
0.05020529770	0.00968067726	-0.00900348267
0.05021083169	0.00965193297	-0.00902217740
0.05021637863	0.00962303209	-0.00903970288
0.05022201939	0.00959354981	-0.00905607803
0.05022781188	0.00956317640	-0.00907130802
0.05023368595	0.00953227281	-0.00908558809
0.05023965349	0.00950077086	-0.00909897155
0.05024574698	0.00946849197	-0.00911145978
0.05025197236	0.00943539629	-0.00912308248
0.05025833509	0.00940144582	-0.00913386230
0.05026484014	0.00936660423	-0.00914381503
0.05027149649	0.00933081296	-0.00915294292
0.05027829886	0.00929408918	-0.00916126936
0.05028524790	0.00925641795	-0.00916880501
0.05029237021	0.00921764222	-0.00917550698
0.05029965251	0.00917782038	-0.00918140097
0.05030709945	0.00913691275	-0.00918647908
0.05031471605	0.00909487648	-0.00919073113
0.05032250544	0.00905167808	-0.00919414620
0.05033047069	0.00900728315	-0.00919671321
0.05033862682	0.00896158909	-0.00919839278
0.05034702106	0.00891430874	-0.00919906797
0.05035553840	0.00886606915	-0.00919896052
0.05036424832	0.00881645737	-0.00919792708
0.05037324131	0.00876492949	-0.00919574480
0.05038233117	0.00871252752	-0.00919278998
0.05039170338	0.00865815568	-0.00918864984
0.05040121981	0.00860258515	-0.00918359750
0.05041100641	0.00854504899	-0.00917732830
0.05042092987	0.00848629841	-0.00917011632
0.05043114770	0.00842536477	-0.00916156921
0.05044152079	0.00836303830	-0.00915197097
0.05045210540	0.00829894514	-0.00914116881
0.05046292732	0.00823288503	-0.00912905738
0.05047397521	0.00816487944	-0.00911561393
0.05048520996	0.00809512229	-0.00910089642
0.05049666094	0.00802338229	-0.00908478973
0.05050832506	0.00794962446	-0.00906724999
0.05052019880	0.00787381375	-0.00904823211
0.05053227819	0.00779591500	-0.00902768990
0.05054455869	0.00771589378	-0.00900557436
0.05055703528	0.00763371559	-0.00898183551
0.05056973498	0.00754912798	-0.00895631592
0.05058259980	0.00746244105	-0.00892910982
0.05059563479	0.00737354522	-0.00890013494
0.05060886962	0.00728215248	-0.00886921126
0.05062227164	0.00718839644	-0.00883633949
0.05063581337	0.00709237859	-0.00880152439
0.05064953799	0.00699369224	-0.00876450981
0.05066337732	0.00689272279	-0.00872541869
0.05067734753	0.00678924714	-0.00868409008
0.05069146391	0.00668303195	-0.00864032752
0.05070565398	0.00657450257	-0.00859427309
0.05071994025	0.00646336528	-0.00854571595
0.05073430604	0.00634961576	-0.00849457208
0.05074873389	0.00623325258	-0.00844075588
0.05076320562	0.00611427710	-0.00838418081
0.05077770236	0.00599269323	-0.00832476010
0.05079220456	0.00586850791	-0.00826240643
0.05080669198	0.00574173143	-0.00819703187
0.05082114375	0.00561237716	-0.00812854872
0.05083553844	0.00548046175	-0.00805686962
0.05084986589	0.00534589262	-0.00798183729
0.05086409743	0.00520874472	-0.00790337863
0.05087818815	0.00506926032	-0.00782154350
0.05089216091	0.00492700589	-0.00773595715
0.05090593572	0.00478258691	-0.00764687898
0.05091954450	0.00463545217	-0.00755385863
0.05093291041	0.00448620848	-0.00745716039
0.05094604672	0.00433448413	-0.00735645023
0.05095891481	0.00418048216	-0.00725173075
0.05097148207	0.00402435649	-0.00714299938
0.05098373319	0.00386605479	-0.00703011926
0.05099564267	0.00370565225	-0.00691302900
0.05100718638	0.00354321419	-0.00679166242
0.05101833864	0.00337883880	-0.00666598073
0.05102907354	0.00321264419	-0.00653596885
0.05103937080	0.00304467695	-0.00640156396
0.05104921023	0.00287498945	-0.00626270559
0.05105856737	0.00270372470	-0.00611940439
0.05106742179	0.00253098026	-0.00597164789
0.05107575470	0.00235684348	-0.00581942319
0.05108354787	0.00218141395	-0.00566273152
0.05109078427	0.00200479241	-0.00550157898
0.05109745281	0.00182694994	-0.00533585984
0.05110352853	0.00164827233	-0.00516581920
0.05110900389	0.00146872421	-0.00499139579
0.05111387044	0.00128828488	-0.00481250621
0.05111811137	0.00110730292	-0.00462939035
0.05112172070	0.00092579823	-0.00444204867
0.05112469346	0.00074373933	-0.00425040847
0.05112701928	0.00056154156	-0.00405480715
0.05112869821	0.00037900982	-0.00385506577
0.05112972537	0.00019650087	-0.00365148271
0.05113010106	0.00001398081	-0.00344403969
0.05112982571	-0.00016838284	-0.00323288391
0.05112890196	-0.00035044810	-0.00301816960
0.05112733313	-0.00053219980	-0.00279992596
0.05112512627	-0.00071336784	-0.00257844308
0.05112228562	-0.00089405935	-0.00235365017
0.05111882399	-0.00107390098	-0.00212595738
0.05111474545	-0.00125308689	-0.00189522412
0.05111006802	-0.00143121514	-0.00166190038
0.05110479840	-0.00160841860	-0.00142593543
0.05109895387	-0.00178447260	-0.00118761295
0.05109254970	-0.00195928419	-0.00094712315
0.05108559654	-0.00213289842	-0.00070449150
0.05107812015	-0.00230501011	-0.00046012610
0.05107013304	-0.00247566979	-0.00021409293
0.05106165135	-0.00264484238	0.00003349104
0.05105270269	-0.00281229045	0.00028226393
0.05104330252	-0.00297803586	0.00053211714
0.05103347174	-0.00314200445	0.00078285527
0.05102323004	-0.00330415285	0.00103432372
0.05101260377	-0.00346434494	0.00128624985
0.05100161339	-0.00362254894	0.00153846086
0.05099028077	-0.00377871627	0.00179077101
0.05097862859	-0.00393279252	0.00204298513
0.05096667981	-0.00408472504	0.00229491126
0.05095445735	-0.00423446639	0.00254635878
0.05094198404	-0.00438197344	0.00279713951
0.05092927909	-0.00452724648	0.00304712639
0.05091637185	-0.00467017206	0.00329605165
0.05090328196	-0.00481075000	0.00354376282
0.05089002913	-0.00494897613	0.00379011531
0.05087663214	-0.00508485318	0.00403499922
0.05086312402	-0.00521824155	0.00427809336
0.05084950857	-0.00534929037	0.00451945918
0.05083582474	-0.00547780547	0.00475871698
0.05082207221	-0.00560396336	0.00499596793
0.05080828867	-0.00572758521	0.00523086457
0.05079448275	-0.00584875638	0.00546337119
0.05078066967	-0.00596749676	0.00569341050
0.05076687284	-0.00608375306	0.00592080334
0.05075310802	-0.00619753624	0.00614544058
0.05073938890	-0.00630887021	0.00636724013
0.05072573084	-0.00641776132	0.00658610479
0.05071214837	-0.00652421926	0.00680194377
0.05069865521	-0.00662825691	0.00701467275
0.05068526115	-0.00672991322	0.00722425628
0.05067198256	-0.00682917369	0.00743058724
0.05065883252	-0.00692604629	0.00763357425
0.05064581555	-0.00702059803	0.00783322068
0.05063294119	-0.00711285431	0.00802949850
0.05062022848	-0.00720277015	0.00822225188
0.05060766988	-0.00729048549	0.00841161531
0.05059528954	-0.00737591389	0.00859739372
0.05058308509	-0.00745915091	0.00877964467
0.05057105859	-0.00754025615	0.00895841231
0.05055922908	-0.00761917218	0.00913354915
0.05054759254	-0.00769599364	0.00930512455
0.05053615405	-0.00777075050	0.00947313552
0.05052491799	-0.00784347448	0.00963758340
0.05051388802	-0.00791419907	0.00979847362
0.05050306723	-0.00798295873	0.00995581584
0.05049245810	-0.00804978912	0.01010962357
0.05048206252	-0.00811472696	0.01025991393
0.05047188175	-0.00817781036	0.01040670724
0.05046191661	-0.00823907770	0.01055002735
0.05045216066	-0.00829860917	0.01068998653
0.05044262670	-0.00835636530	0.01082649414
0.05043331117	-0.00841240474	0.01095959690
0.05042419786	-0.00846685888	0.01108950782
0.05041531310	-0.00851960293	0.01121599295
0.05040662829	-0.00857083741	0.01133936210
0.05039816694	-0.00862045232	0.01145941095
0.05038989889	-0.00866865155	0.01157647533
0.05038185284	-0.00871529310	0.01169030161
0.05037400643	-0.00876053112	0.01180111921
0.05036635594	-0.00880440906	0.01190901547
0.05035891440	-0.00884687348	0.01201388345
0.05035166817	-0.00888802238	0.01211587000
0.05034461480	-0.00892788831	0.01221502851
0.05033774941	-0.00896651625	0.01231144027
0.05033107318	-0.00900391593	0.01240512247
0.05032458434	-0.00904011285	0.01249610983
0.05031827646	-0.00907515748	0.01258448521
0.05031214639	-0.00910908091	0.01267030347
0.05030619079	-0.00914191434	0.01275361920
0.05030040632	-0.00917368812	0.01283448707
0.05029478950	-0.00920443256	0.01291296131
0.05028933317	-0.00923419723	0.01298914049
0.05028403906	-0.00926298250	0.01306302980
0.05027890457	-0.00929081183	0.01313466730
0.05027392379	-0.00931772590	0.01320412582
0.05026909308	-0.00934375246	0.01327145744
0.05026440394	-0.00936894477	0.01333677230
0.05025985443	-0.00939332007	0.01340011875
0.05025545415	-0.00941683372	0.01346140267
0.05025118967	-0.00943956386	0.01352076232
0.05024707451	-0.00946144453	0.01357804039
0.05024303238	-0.00948288597	0.01363456322
0.05024014049	-0.00949819525	0.01369311376
0.05023843840	-0.00950719395	0.01375300558
0.05023794947	-0.00950977722	0.01381353649
0.05023868042	-0.00950591495	0.01387399683
0.05024062121	-0.00949565216	0.01393367774
0.05024374521	-0.00947910843	0.01399187954
0.05024800972	-0.00945647657	0.01404791985
0.05025335671	-0.00942802041	0.01410114165
0.05025971393	-0.00939407180	0.01415092097
0.05026699617	-0.00935502676	0.01419667419
0.05027510675	-0.00931134097	0.01423786490
0.05028393921	-0.00926352455	0.01427401017
0.05029337907	-0.00921213611	0.01430468623
0.05073211974	0.00995749495	-0.00846440914
0.05074293895	0.00990221315	-0.00859642670
0.05074928391	0.00986964344	-0.00864930402
0.05075492823	0.00984057616	-0.00868933843
0.05076035956	0.00981252143	-0.00872259001
0.05076563227	0.00978520616	-0.00875157085
0.05077084254	0.00975813646	-0.00877747017
0.05077611106	0.00973068469	-0.00880087521
0.05078132441	0.00970344117	-0.00882246329
0.05078661678	0.00967570335	-0.00884237832
0.05079200984	0.00964735275	-0.00886082051
0.05079741802	0.00961883576	-0.00887811129
0.05080291916	0.00958973845	-0.00889427212
0.05080856905	0.00955975889	-0.00890931021
0.05081430027	0.00952924797	-0.00892341458
0.05082012433	0.00949813888	-0.00893663788
0.05082607256	0.00946625728	-0.00894898265
0.05083215077	0.00943356385	-0.00896047819
0.05083836428	0.00940002108	-0.00897114686
0.05084471798	0.00936559304	-0.00898100431
0.05085122057	0.00933022214	-0.00899005301
0.05085786710	0.00929392451	-0.00899831563
0.05086465828	0.00925668500	-0.00900580258
0.05087161980	0.00921835008	-0.00901247276
0.05087873897	0.00917897595	-0.00901835078
0.05088602038	0.00913852331	-0.00902342899
0.05089346897	0.00909694977	-0.00902769753
0.05090108783	0.00905422201	-0.00903114572
0.05090888005	0.00901030581	-0.00903376274
0.05091686019	0.00896510055	-0.00903551054
0.05092507382	0.00891832580	-0.00903627643
0.05093341032	0.00887059139	-0.00903627280
0.05094193670	0.00882149444	-0.00903536197
0.05095074024	0.00877050442	-0.00903332950
0.05095964167	0.00871863522	-0.00903053587
0.05096881981	0.00866481889	-0.00902658476
0.05097814166	0.00860980555	-0.00902173753
0.05098772872	0.00855284739	-0.00901570138
0.05099745262	0.00849467510	-0.00900873862
0.05100746528	0.00843434433	-0.00900047221
0.05101763274	0.00837262377	-0.00899117380
0.05102800930	0.00830914833	-0.00898069632
0.05103861996	0.00824372192	-0.00896893789
0.05104945391	0.00817636440	-0.00895587572
0.05106047351	0.00810726366	-0.00894156461
0.05107170719	0.00803619332	-0.00892589334
0.05108315209	0.00796311823	-0.00890881888
0.05109480488	0.00788800314	-0.00889029695
0.05110666184	0.00781081267	-0.00887028224
0.05111871867	0.00773151214	-0.00884872663
0.05113097062	0.00765006680	-0.00882558106
0.05114344387	0.00756622946	-0.00880069320
0.05115608247	0.00748030112	-0.00877415211
0.05116889138	0.00739217381	-0.00874587774
0.05118189932	0.00730156565	-0.00871569599
0.05119507481	0.00720860560	-0.00868360588
0.05120839133	0.00711339137	-0.00864961064
0.05122189067	0.00701552530	-0.00861346281
0.05123550696	0.00691538180	-0.00857527866
0.05124925583	0.00681274215	-0.00853490220
0.05126315212	0.00670737755	-0.00849214290
0.05127712569	0.00659970147	-0.00844713522
0.05129119833	0.00648942625	-0.00839967510
0.05130535386	0.00637654639	-0.00834967986
0.05131957537	0.00626105924	-0.00829706523
0.05133384519	0.00614296482	-0.00824174601
0.05134814500	0.00602226569	-0.00818363672
0.05136245577	0.00589896738	-0.00812265137
0.05137675780	0.00577307867	-0.00805870327
0.05139103075	0.00564461140	-0.00799170599
0.05140525370	0.00551358062	-0.00792157340
0.05141941667	0.00537989480	-0.00784815214
0.05143349168	0.00524362586	-0.00777136948
0.05144743492	0.00510500921	-0.00769127108
0.05146126845	0.00496362049	-0.00760749476
0.05147491427	0.00482004979	-0.00752028710
0.05148840322	0.00467375787	-0.00742921346
0.05150166027	0.00452533628	-0.00733452514
0.05151469808	0.00437442112	-0.00723589938
0.05152747876	0.00422120975	-0.00713333619
0.05153997020	0.00406585175	-0.00702683101
0.05155215715	0.00390829525	-0.00691625046
0.05156401438	0.00374861302	-0.00680153351
0.05157551798	0.00358686823	-0.00668261464
0.05158664246	0.00342315630	-0.00655945473
0.05159736206	0.00325759224	-0.00643203764
0.05160765652	0.00309022121	-0.00630030150
0.05161750564	0.00292109413	-0.00616418675
0.05162688496	0.00275035065	-0.00602370227
0.05163577395	0.00257808608	-0.00587883496
0.05164415366	0.00240438593	-0.00572957150
0.05165200565	0.00222934775	-0.00557591228
0.05165931263	0.00205307036	-0.00541786255
0.05166606316	0.00187552568	-0.00525532005
0.05167223198	0.00169709185	-0.00508851994
0.05167781110	0.00151773493	-0.00491740359
0.05168279159	0.00133743520	-0.00474189082
0.05168715610	0.00115653491	-0.00456221226
0.05169089811	0.00097505460	-0.00437836920
0.05169401210	0.00079296434	-0.00419029233
0.05169648690	0.00061067245	-0.00399830675
0.05169832207	0.00042798896	-0.00380224184
0.05169951183	0.00024526509	-0.00360238553
0.05170005587	0.00006246917	-0.00339872206
0.05169995380	-0.00012023284	-0.00319139451
0.05169920746	-0.00030269981	-0.00298055324
0.05169781945	-0.00048491498	-0.00276622849
0.05169579585	-0.00066661118	-0.00254870154
0.05169314035	-0.00084789149	-0.00232790693
0.05168986457	-0.00102838699	-0.00210424176
0.05168597221	-0.00120828610	-0.00187757392
0.05168148004	-0.00138719152	-0.00164833901
0.05167639432	-0.00156523118	-0.00141649190
0.05167073138	-0.00174218175	-0.00118230857
0.05166450571	-0.00191794904	-0.00094597577
0.05165772750	-0.00209257469	-0.00070752167
0.05165042139	-0.00226575570	-0.00046734249
0.05164259951	-0.00243753874	-0.00022550605
0.05163427744	-0.00260788651	0.00001787129
0.05162548189	-0.00277656236	0.00026243738
0.05161622796	-0.00294358463	0.00050808317
0.05160653603	-0.00310887726	0.00075461639
0.05159642539	-0.00327239458	0.00100188405
0.05158592179	-0.00343399944	0.00124961956
0.05157504538	-0.00359365737	0.00149765206
0.05156381771	-0.00375131739	0.00174579839
0.05155226118	-0.00390692280	0.00199386629
0.05154039852	-0.00406041868	0.00224166664
0.05152825242	-0.00421175520	0.00248901160
0.05151584557	-0.00436088684	0.00273571572
0.05150319717	-0.00450781101	0.00298165246
0.05149033631	-0.00465241291	0.00322656001
0.05147728268	-0.00479468940	0.00347028725
0.05146405610	-0.00493463355	0.00371269086
0.05145067545	-0.00507224553	0.00395366126
0.05143717355	-0.00520738474	0.00419288540
0.05142355478	-0.00534019596	0.00443041854
0.05140985775	-0.00547048486	0.00466589165
0.05139608286	-0.00559842350	0.00489939845
0.05138226752	-0.00572383291	0.00513060131
0.05136842091	-0.00584679505	0.00535946225
0.05135455851	-0.00596732763	0.00558590390
0.05134070391	-0.00608537599	0.00580975092
0.05132687318	-0.00620094898	0.00603089535
0.05131308039	-0.00631406839	0.00624925540
0.05129934123	-0.00642473881	0.00646473498
0.05128567057	-0.00653296820	0.00667724432
0.05127208248	-0.00663876777	0.00688670001
0.05125858717	-0.00674217473	0.00709306591
0.05124520130	-0.00684317345	0.00729623707
0.05123193830	-0.00694177047	0.00749612362
0.05121880318	-0.00703803099	0.00769272712
0.05120580583	-0.00713197928	0.00788601931
0.05119296552	-0.00722356973	0.00807584877
0.05118027534	-0.00731294021	0.00826234382
0.05116775953	-0.00740000430	0.00844531570
0.05115541624	-0.00748485590	0.00862481877
0.05114324794	-0.00756755368	0.00880089501
0.05113127380	-0.00764804017	0.00897340179
0.05111949030	-0.00772640863	0.00914240524
0.05110790283	-0.00780268846	0.00930790215
0.05109651606	-0.00787691088	0.00946989362
0.05108533397	-0.00794910889	0.00962838476
0.05107435992	-0.00801931653	0.00978338485
0.05106359668	-0.00808756906	0.00993490695
0.05105304640	-0.00815390289	0.01008296772
0.05104271061	-0.00821835581	0.01022758693
0.05103259039	-0.00828096594	0.01036878787
0.05102267958	-0.00834181319	0.01050667926
0.05101299105	-0.00840085848	0.01064117428
0.05100352152	-0.00845816006	0.01077231829
0.05099425512	-0.00851384895	0.01090031735
0.05098521806	-0.00856780128	0.01102494670
0.05097638221	-0.00862021668	0.01114650555
0.05096777099	-0.00867098605	0.01126479779
0.05095935466	-0.00872031259	0.01138014797
0.05095116174	-0.00876805544	0.01149231257
0.05094317023	-0.00881436816	0.01160151341
0.05093537649	-0.00885929461	0.01170783584
0.05092779351	-0.00890278201	0.01181117773
0.05092040788	-0.00894492819	0.01191168151
0.05091321722	-0.00898576605	0.01200939969
0.05090621671	-0.00902534094	0.01210441175
0.05089940757	-0.00906366307	0.01219673539
0.05089278807	-0.00910075826	0.01228640508
0.05088635188	-0.00913667725	0.01237350177
0.05088009587	-0.00917145152	0.01245807946
0.05087401674	-0.00920511267	0.01254019185
0.05086811119	-0.00923769144	0.01261989278
0.05086237575	-0.00926921855	0.01269723563
0.05085680329	-0.00929974399	0.01277231660
0.05085139550	-0.00932926868	0.01284514183
0.05084614981	-0.00935781646	0.01291574905
0.05084106031	-0.00938542834	0.01298420953
0.05083612339	-0.00941213247	0.01305057456
0.05083133054	-0.00943798256	0.01311495148
0.05082667978	-0.00946299642	0.01317738809
0.05082218064	-0.00948712990	0.01323779454
0.05081781976	-0.00951046129	0.01329630510
0.05081361059	-0.00953292495	0.01335276876
0.05080951296	-0.00955474080	0.01340804589
0.05080653676	-0.00957055387	0.01346539895
0.05080472255	-0.00958017982	0.01352415551
0.05080409514	-0.00958350648	0.01358362671
0.05080466311	-0.00958049506	0.01364311530
0.05080641868	-0.00957118068	0.01370192383
0.05080933786	-0.00955567187	0.01375936284
0.05081338085	-0.00953414943	0.01381475889
0.05081849280	-0.00950686428	0.01386746252
0.05082460478	-0.00947413466	0.01391685582
0.05083163504	-0.00943634240	0.01396235972
0.05083949040	-0.00939392861	0.01400344071
0.05084806787	-0.00934738857	0.01403961715
0.05085725635	-0.00929726602	0.01407046492
0.05132527614	0.00994601619	-0.00830991514
0.05133571287	0.00989200649	-0.00843984417
0.05134186036	0.00986004986	-0.00849190198
0.05134733794	0.00983148490	-0.00853132149
0.05135261358	0.00980389145	-0.00856407040
0.05135773936	0.00977700448	-0.00859261726
0.05136280763	0.00975034362	-0.00861813309
0.05136793438	0.00972329810	-0.00864119884
0.05137301062	0.00969644208	-0.00866247530
0.05137816534	0.00966909173	-0.00868210857
0.05138341945	0.00964113140	-0.00870029604
0.05138869072	0.00961299508	-0.00871734994
0.05139405407	0.00958427960	-0.00873329418
0.05139956317	0.00955469073	-0.00874813790
0.05140515330	0.00952456945	-0.00876206405
0.05141083559	0.00949385026	-0.00877512463
0.05141664025	0.00946236303	-0.00878732323
0.05142257294	0.00943006899	-0.00879868879
0.05142863886	0.00939693107	-0.00880924338
0.05143484281	0.00936291377	-0.00881900248
0.05144119324	0.00932796047	-0.00882796878
0.05144768549	0.00929208624	-0.00883616426
0.05145432032	0.00925527576	-0.00884359905
0.05146112255	0.00921737896	-0.00885023381
0.05146808007	0.00917844990	-0.00885609210
0.05147519740	0.00913844964	-0.00886116651
0.05148247937	0.00909733624	-0.00886544746
0.05148992908	0.00905507657	-0.00886892455
0.05149754960	0.00901163660	-0.00887158721
0.05150535503	0.00896691764	-0.00887339866
0.05151338937	0.00892064598	-0.00887425039
0.05152154623	0.00887341437	-0.00887434567
0.05152989022	0.00882482989	-0.00887355236
0.05153850548	0.00877437530	-0.00887166418
0.05154721953	0.00872303663	-0.00886902627
0.05155620464	0.00866977349	-0.00886525831
0.05156533286	0.00861531517	-0.00886061023
0.05157472131	0.00855893279	-0.00885480077
0.05158424646	0.00850133674	-0.00884808080
0.05159405474	0.00844160673	-0.00884008822
0.05160401723	0.00838049011	-0.00883108263
0.05161418634	0.00831763049	-0.00882092257
0.05162458627	0.00825283594	-0.00880950953
0.05163520670	0.00818612472	-0.00879682070
0.05164601147	0.00811767874	-0.00878290784
0.05165702808	0.00804727650	-0.00876766353
0.05166825384	0.00797488269	-0.00875104554
0.05167968567	0.00790046187	-0.00873301044
0.05169132006	0.00782397847	-0.00871351377
0.05170315295	0.00774539756	-0.00869250831
0.05171517984	0.00766468414	-0.00866994589
0.05172742606	0.00758159626	-0.00864567915
0.05173983772	0.00749642590	-0.00861979219
0.05175241964	0.00740906673	-0.00859220710
0.05176519962	0.00731924293	-0.00856275558
0.05177814732	0.00722707886	-0.00853143505
0.05179123718	0.00713266852	-0.00849824725
0.05180450960	0.00703562319	-0.00846295324
0.05181790098	0.00693630641	-0.00842566277
0.05183142643	0.00683450384	-0.00838622476
0.05184510032	0.00672999119	-0.00834445448
0.05185885485	0.00662317013	-0.00830047898
0.05187271105	0.00651375906	-0.00825410085
0.05188665328	0.00640175135	-0.00820523875
0.05190066512	0.00628714311	-0.00815380974
0.05191472946	0.00616993308	-0.00809972995
0.05192882847	0.00605012250	-0.00804291523
0.05194294368	0.00592771550	-0.00798328087
0.05195705588	0.00580271941	-0.00792074149
0.05197114529	0.00567514457	-0.00785521189
0.05198519149	0.00554500446	-0.00778660718
0.05199918467	0.00541220861	-0.00771477790
0.05201309755	0.00527682597	-0.00763965170
0.05202688740	0.00513908513	-0.00756127017
0.05204057549	0.00499857093	-0.00747928343
0.05205408582	0.00485585811	-0.00739392564
0.05206744816	0.00471041942	-0.00730477751
0.05208058928	0.00456283121	-0.00721207768
0.05209352126	0.00441273743	-0.00711551447
0.05210620691	0.00426032979	-0.00701508536
0.05211861468	0.00410575356	-0.00691078392
0.05213072937	0.00394895738	-0.00680248019
0.05214252603	0.00379001162	-0.00669011353
0.05215398098	0.00362897736	-0.00657361909
0.05216506895	0.00346594726	-0.00645295747
0.05217576438	0.00330103327	-0.00632811153
0.05218604701	0.00313427918	-0.00619902034
0.05219589666	0.00296573444	-0.00606562527
0.05220528891	0.00279553539	-0.00592793349
0.05221420317	0.00262377514	-0.00578593130
0.05222262034	0.00245053733	-0.00563960500
0.05223052181	0.00227591754	-0.00548895420
0.05223789004	0.00210001266	-0.00533398327
0.05224471329	0.00192279548	-0.00517459344
0.05225096604	0.00174463650	-0.00501101008
0.05225663985	0.00156550318	-0.00484317722
0.05226172538	0.00138537686	-0.00467101777
0.05226620479	0.00120459341	-0.00449475336
0.05227007101	0.00102317400	-0.00431438605
0.05227331801	0.00084109031	-0.00412984985
0.05227593391	0.00065874353	-0.00394145782
0.05227791772	0.00047594892	-0.00374904748
0.05227926290	0.00029305204	-0.00355289652
0.05227996847	0.00011002352	-0.00335299159
0.05228003332	-0.00007297230	-0.00314947177
0.05227945847	-0.00025579518	-0.00294248360
0.05227824587	-0.00043842678	-0.00273205826
0.05227640061	-0.00062060289	-0.00251846841
0.05227392588	-0.00080242257	-0.00230165379
0.05227083216	-0.00098352144	-0.00208199866
0.05226712276	-0.00116408209	-0.00185937917
0.05226281323	-0.00134371201	-0.00163421680
0.05225790943	-0.00152253418	-0.00140647185
0.05225242672	-0.00170032669	-0.00117641272
0.05224637884	-0.00187699416	-0.00094422271
0.05223977551	-0.00205257483	-0.00070993259
0.05223264030	-0.00222676802	-0.00047392688
0.05222498491	-0.00239961652	-0.00023627513
0.05221682441	-0.00257108087	0.00000290694
0.05220818458	-0.00274092531	0.00024327677
0.05219908016	-0.00290916468	0.00048472493
0.05218953102	-0.00307572109	0.00072706228
0.05217955602	-0.00324054661	0.00097013751
0.05216918032	-0.00340350315	0.00121368998
0.05215842373	-0.00356455361	0.00145755083
0.05214730750	-0.00372364466	0.00170153946
0.05213585370	-0.00388071738	0.00194546655
0.05212408480	-0.00403571462	0.00218914584
0.05211202328	-0.00418858424	0.00243239229
0.05209969167	-0.00433927837	0.00267502316
0.05208710911	-0.00448779160	0.00291691251
0.05207430441	-0.00463400786	0.00315780443
0.05206129732	-0.00477792108	0.00339754919
0.05204810770	-0.00491952165	0.00363600477
0.05203475453	-0.00505880719	0.00387306201
0.05202127039	-0.00519563619	0.00410841584
0.05200766020	-0.00533014908	0.00434211554
0.05199396224	-0.00546215149	0.00457380260
0.05198017756	-0.00559181098	0.00480356349
0.05196634330	-0.00571894857	0.00503107028
0.05195246912	-0.00584364282	0.00525628281
0.05193857079	-0.00596590928	0.00547912368
0.05192467199	-0.00608569199	0.00569942137
0.05191078913	-0.00620299771	0.00591706905
0.05189693660	-0.00631784616	0.00613198533
0.05188313040	-0.00643024017	0.00634407523
0.05186938573	-0.00654018602	0.00655325003
0.05185571697	-0.00664769327	0.00675942723
0.05184213476	-0.00675279738	0.00696257006
0.05182865597	-0.00685548166	0.00716257572
0.05181529440	-0.00695575124	0.00735935586
0.05180205551	-0.00705366950	0.00755291029
0.05178894956	-0.00714925959	0.00774321057
0.05177599598	-0.00724247533	0.00793010958
0.05176318850	-0.00733345246	0.00811372966
0.05175055141	-0.00742210465	0.00829388824
0.05173808340	-0.00750852413	0.00847063656
0.05172578731	-0.00759276864	0.00864401447
0.05171368243	-0.00767478068	0.00881388412
0.05170176572	-0.00775465213	0.00898030849
0.05169004289	-0.00783241185	0.00914328419
0.05167851888	-0.00790809051	0.00930281205
0.05166719795	-0.00798172066	0.00945889689
0.05165608376	-0.00805333588	0.00961154761
0.05164517934	-0.00812297108	0.00976077686
0.05163448712	-0.00819066231	0.00990660080
0.05162400886	-0.00825644707	0.01004903872
0.05161374589	-0.00832036320	0.01018811330
0.05160369236	-0.00838249027	0.01032392978
0.05159386118	-0.00844278966	0.01045640512
0.05158424934	-0.00850131922	0.01058558332
0.05157484134	-0.00855820946	0.01071166362
0.05156566323	-0.00861333761	0.01083443024
0.05155668739	-0.00866690222	0.01095417200
0.05154793709	-0.00871879523	0.01107070084
0.05153938307	-0.00876921898	0.01118433023
0.05153105361	-0.00881803392	0.01129482655
0.05152292711	-0.00886539287	0.01140240415
0.05151500001	-0.00891134010	0.01150714642
0.05150728525	-0.00895582355	0.01160895594
0.05149976964	-0.00899894082	0.01170797076
0.05149245088	-0.00904072515	0.01180424255
0.05148532424	-0.00908122220	0.01189784899
0.05147839094	-0.00912044271	0.01198880824
0.05147164932	-0.00915841282	0.01207715454
0.05146509312	-0.00919518347	0.01216296693
0.05145871927	-0.00923078653	0.01224629854
0.05145252450	-0.00926525400	0.01232720222
0.05144650552	-0.00929861700	0.01240573094
0.05144065892	-0.00933090663	0.01248193725
0.05143497760	-0.00936217328	0.01255591500
0.05142946320	-0.00939241841	0.01262767125
0.05142411316	-0.00942166624	0.01269724339
0.05141892162	-0.00944995810	0.01276470113
0.05141388496	-0.00947732254	0.01283009497
0.05140899469	-0.00950381363	0.01289352951
0.05140424881	-0.00952944976	0.01295505197
0.05139965674	-0.00955418735	0.01301457669
0.05139520520	-0.00957810478	0.01307223400
0.05139090757	-0.00960113681	0.01312787906
0.05138676176	-0.00962330115	0.01318191251
0.05138370827	-0.00963959196	0.01323806716
0.05138178856	-0.00964981932	0.01329568465
0.05138102878	-0.00965386399	0.01335408947
0.05138143930	-0.00965167884	0.01341259687
0.05138301450	-0.00964328933	0.01347052090
0.05138573293	-0.00962879327	0.01352718247
0.05138955763	-0.00960835964	0.01358191726
0.05139443686	-0.00958222673	0.01363408357
0.05140030497	-0.00955069936	0.01368306978
0.05140708362	-0.00951414538	0.01372830159
0.05141468312	-0.00947299150	0.01376924868
0.05142300396	-0.00942771830	0.01380543099
0.05143193845	-0.00937885474	0.01383642432
0.05190816242	0.00993343290	-0.00816149883
0.05191823815	0.00988063576	-0.00828940889
0.05192419865	0.00984926441	-0.00834067368
0.05192951812	0.00982117931	-0.00837949788
0.05193464600	0.00979402677	-0.00841175976
0.05193963222	0.00976754936	-0.00843988594
0.05194456552	0.00974127959	-0.00846502982
0.05194955745	0.00971462281	-0.00848776612
0.05195450320	0.00968813771	-0.00850873991
0.05195952689	0.00966115833	-0.00852809925
0.05196464866	0.00963357176	-0.00854603873
0.05196978949	0.00960580009	-0.00856286193
0.05197502148	0.00957745047	-0.00857859495
0.05198039635	0.00954823602	-0.00859324876
0.05198585190	0.00951848822	-0.00860700052
0.05199139891	0.00948814285	-0.00861990162
0.05199706652	0.00945703381	-0.00863195663
0.05200286026	0.00942512282	-0.00864319412
0.05200878521	0.00939237328	-0.00865363588
0.05201484608	0.00935875007	-0.00866329721
0.05202105109	0.00932419749	-0.00867218104
0.05202739583	0.00928872964	-0.00868030865
0.05203388114	0.00925233101	-0.00868768995
0.05204053099	0.00921485484	-0.00869428723
0.05204733383	0.00917635314	-0.00870012304
0.05205429408	0.00913678736	-0.00870519022
0.05206141652	0.00909611596	-0.00870947949
0.05206870421	0.00905430600	-0.00871298065
0.05207616021	0.00901132363	-0.00871568340
0.05208379820	0.00896707202	-0.00871755216
0.05209166065	0.00892128388	-0.00871848236
0.05209964523	0.00887453563	-0.00871866870
0.05210781423	0.00882644390	-0.00871798423
0.05211624882	0.00877650413	-0.00871623039
0.05212478295	0.00872567575	-0.00871373787
0.05213358270	0.00867294472	-0.00871014142
0.05214252490	0.00861902039	-0.00870568022
0.05215172248	0.00856319202	-0.00870008389
0.05216105652	0.00850615058	-0.00869359253
0.05217066826	0.00844699879	-0.00868585811
0.05218043353	0.00838646361	-0.00867712892
0.05219040295	0.00832419697	-0.00866726877
0.05220059995	0.00826001092	-0.00865618232
0.05221101468	0.00819392220	-0.00864384680
0.05222161239	0.00812610701	-0.00863031108
0.05223241966	0.00805634855	-0.00861547133
0.05224343401	0.00798461133	-0.00859928612
0.05225465255	0.00791085976	-0.00858171282
0.05226607198	0.00783505808	-0.00856270777
0.05227768847	0.00775717114	-0.00854222461
0.05228949773	0.00767716371	-0.00852021606
0.05230152431	0.00759479887	-0.00849653945
0.05231371626	0.00751035997	-0.00847127421
0.05232607826	0.00742374226	-0.00844434448
0.05233863723	0.00733467574	-0.00841558743
0.05235136392	0.00724328038	-0.00838499900
0.05236423367	0.00714964664	-0.00835257957
0.05237728557	0.00705339437	-0.00831809821
0.05239045815	0.00695487673	-0.00828165860
0.05240376604	0.00685388357	-0.00824311428
0.05241722316	0.00675019493	-0.00820228601
0.05243076392	0.00664420121	-0.00815929391
0.05244440866	0.00653562664	-0.00811394684
0.05245814221	0.00642446350	-0.00806616477
0.05247194866	0.00631070674	-0.00801586605
0.05248581137	0.00619435391	-0.00796296809
0.05249971304	0.00607540499	-0.00790738802
0.05251363569	0.00595386278	-0.00784904239
0.05252756063	0.00582973327	-0.00778784706
0.05254146855	0.00570302535	-0.00772371806
0.05255533955	0.00557375103	-0.00765657168
0.05256916397	0.00544182087	-0.00758626218
0.05258291520	0.00530730102	-0.00751271760
0.05259655159	0.00517041352	-0.00743597575
0.05261009360	0.00503075208	-0.00735569839
0.05262346720	0.00488887674	-0.00727210797
0.05263670108	0.00474427175	-0.00718479973
0.05264972383	0.00459749894	-0.00709400043
0.05266254689	0.00444820978	-0.00699940884
0.05267513384	0.00429659059	-0.00690102013
0.05268745361	0.00414278254	-0.00679882611
0.05269949109	0.00398673478	-0.00669270009
0.05271122163	0.00382851538	-0.00658258183
0.05272262176	0.00366818344	-0.00646840715
0.05273366646	0.00350582901	-0.00635013642
0.05274433036	0.00334156110	-0.00622775156
0.05275459325	0.00317542220	-0.00610119260
0.05276443497	0.00300746040	-0.00597040177
0.05277383117	0.00283780882	-0.00583538468
0.05278276121	0.00266655851	-0.00569612708
0.05279120590	0.00249379133	-0.00555261493
0.05279914646	0.00231960093	-0.00540484708
0.05280656518	0.00214408239	-0.00525282716
0.05281345002	0.00196720936	-0.00509645962
0.05281977527	0.00178934494	-0.00493596069
0.05282553209	0.00161045800	-0.00477127684
0.05283071074	0.00143053088	-0.00460233393
0.05283529296	0.00124989328	-0.00442934510
0.05283927119	0.00106856700	-0.00425231312
0.05284263892	0.00088652526	-0.00407117514
0.05284538363	0.00070416236	-0.00388623286
0.05284750385	0.00052129861	-0.00369733142
0.05284899229	0.00033827408	-0.00350473885
0.05284984741	0.00015506161	-0.00330844409
0.05285006737	-0.00002817606	-0.00310858236
0.05284965249	-0.00021129955	-0.00290529660
0.05284860406	-0.00039428902	-0.00269861886
0.05284692632	-0.00057688321	-0.00248881360
0.05284462191	-0.00075917722	-0.00227582544
0.05284170029	-0.00094081118	-0.00206002649
0.05283816439	-0.00112196203	-0.00184130064
0.05283402863	-0.00130224200	-0.00162005602
0.05282929845	-0.00148176926	-0.00139625796
0.05282398832	-0.00166032336	-0.00117016768
0.05281811127	-0.00183780780	-0.00094196517
0.05281167657	-0.00201425755	-0.00071168358
0.05280470676	-0.00218937430	-0.00047969635
0.05279721313	-0.00236319711	-0.00024607458
0.05278921026	-0.00253568446	-0.00001093334
0.05278072303	-0.00270660154	0.00022539394
0.05277176584	-0.00287595986	0.00046279756
0.05276235806	-0.00304367983	0.00070109138
0.05275251812	-0.00320971135	0.00094012574
0.05274227061	-0.00337391553	0.00117964569
0.05273163502	-0.00353625274	0.00141948434
0.05272063225	-0.00369666749	0.00165946358
0.05270928409	-0.00385509875	0.00189939694
0.05269761271	-0.00401148725	0.00213910091
0.05268564039	-0.00416577871	0.00237839317
0.05267338945	-0.00431792305	0.00261709363
0.05266087900	-0.00446791213	0.00285507696
0.05264813754	-0.00461562877	0.00309209292
0.05263518484	-0.00476106414	0.00332799314
0.05262204081	-0.00490420602	0.00356263691
0.05260872446	-0.00504504962	0.00379591550
0.05259526817	-0.00518345271	0.00402753149
0.05258167731	-0.00531955140	0.00425752852
0.05256798983	-0.00545315149	0.00448555813
0.05255420737	-0.00558441609	0.00471169997
0.05254036682	-0.00571316636	0.00493563532
0.05252647825	-0.00583947758	0.00515732203
0.05251255769	-0.00596336321	0.00537668271
0.05249862890	-0.00608476612	0.00559354952
0.05248470856	-0.00620369108	0.00580781675
0.05247081137	-0.00632015582	0.00601940339
0.05245695360	-0.00643416152	0.00622821560
0.05244315073	-0.00654571283	0.00643416565
0.05242941746	-0.00665481779	0.00663717196
0.05241576476	-0.00676151016	0.00683719719
0.05240220975	-0.00686577223	0.00703414062
0.05238876651	-0.00696760785	0.00722791536
0.05237544096	-0.00706707860	0.00741851960
0.05236224364	-0.00716420658	0.00760592471
0.05234919418	-0.00725894510	0.00778998771
0.05233628689	-0.00735142778	0.00797082529
0.05232354607	-0.00744156849	0.00814826074
0.05231097094	-0.00752945781	0.00832234238
0.05229856468	-0.00761515251	0.00849310805
0.05228634666	-0.00769859520	0.00866042444
0.05227431433	-0.00777987637	0.00882435155
0.05226247365	-0.00785902433	0.00898488584
0.05225082985	-0.00793606928	0.00914202789
0.05223938745	-0.00801104327	0.00929578223
0.05222815037	-0.00808397950	0.00944615742
0.05221712188	-0.00815491248	0.00959316571
0.05220630466	-0.00822387796	0.00973682281
0.05219570074	-0.00829091311	0.00987714751
0.05218531164	-0.00835605554	0.01001416198
0.05217513183	-0.00841938442	0.01014796810
0.05216517422	-0.00848086164	0.01027848642
0.05215543608	-0.00854054463	0.01040575964
0.05214590227	-0.00859856334	0.01052998053
0.05213659865	-0.00865479617	0.01065094184
0.05212749814	-0.00870944048	0.01076892250
0.05211862381	-0.00876238935	0.01088374211
0.05210994691	-0.00881384413	0.01099570357
0.05210149546	-0.00886366665	0.01110458267
0.05209324824	-0.00891200894	0.01121058666
0.05208520180	-0.00895891562	0.01131379706
0.05207736898	-0.00900433540	0.01141412090
0.05206973685	-0.00904836559	0.01151169208
0.05206230317	-0.00909103976	0.01160656143
0.05205506330	-0.00913240385	0.01169880492
0.05204801847	-0.00917246908	0.01178844115
0.05204116706	-0.00921126191	0.01187550411
0.05203450293	-0.00924883347	0.01196007102
0.05202802302	-0.00928521599	0.01204219416
0.05202172411	-0.00932044181	0.01212192557
0.05201560296	-0.00935454244	0.01219931738
0.05200965615	-0.00938754931	0.01227442132
0.05200387666	-0.00941951316	0.01234732902
0.05199826607	-0.00945043601	0.01241804836
0.05199282184	-0.00948034243	0.01248661643
0.05198753815	-0.00950927403	0.01255310145
0.05198241138	-0.00953725972	0.01261755314
0.05197743308	-0.00956435390	0.01268007347
0.05197260121	-0.00959057551	0.01274070911
0.05196792508	-0.00961588158	0.01279937836
0.05196339151	-0.00964035050	0.01285620780
0.05195901378	-0.00966391755	0.01291105844
0.05195482835	-0.00968639390	0.01296389310
0.05195170690	-0.00970312141	0.01301888994
0.05194969167	-0.00971390504	0.01307540416
0.05194880999	-0.00971861904	0.01313277319
0.05194907386	-0.00971720845	0.01319032444
0.05195047970	-0.00970968972	0.01324738316
0.05195300839	-0.00969615051	0.01330328039
0.05195662566	-0.00967674870	0.01335736079
0.05196128269	-0.00965171055	0.01340899032
0.05196691697	-0.00962132816	0.01345756367
0.05197345343	-0.00958595606	0.01350251136
0.05198080571	-0.00954600719	0.01354330642
0.05198887764	-0.00950194810	0.01357947056
0.05199756483	-0.00945429358	0.01361057979
0.05250121235	0.00991940542	-0.00801382451
0.05251093513	0.00986780592	-0.00813971394
0.05251671227	0.00983701347	-0.00819018433
0.05252187647	0.00980940333	-0.00822841194
0.05252685912	0.00978268739	-0.00826018541
0.05253170806	0.00975661571	-0.00828788951
0.05253650852	0.00973073352	-0.00831266001
0.05254136768	0.00970446207	-0.00833506528
0.05254618487	0.00967834478	-0.00835573488
0.05255107939	0.00965173335	-0.00837481865
0.05255607067	0.00962451755	-0.00839250837
0.05256108280	0.00959710774	-0.00840909911
0.05256618514	0.00956912124	-0.00842461908
0.05257142750	0.00954027844	-0.00843908097
0.05257675014	0.00951090146	-0.00845265630
0.05258216350	0.00948092734	-0.00846539580
0.05258769568	0.00945019392	-0.00847730502
0.05259335206	0.00941866346	-0.00848841213
0.05259913762	0.00938629980	-0.00849873864
0.05260505695	0.00935306820	-0.00850829970
0.05261111808	0.00931891389	-0.00851709840
0.05261731684	0.00928385000	-0.00852515540
0.05262365411	0.00924786082	-0.00853248034
0.05263015307	0.00921080291	-0.00853903713
0.05263680267	0.00917272623	-0.00854484735
0.05264360729	0.00913359258	-0.00854990406
0.05265057160	0.00909336088	-0.00855419825
0.05265769866	0.00905199835	-0.00855771998
0.05266499149	0.00900947134	-0.00856045916
0.05267246337	0.00896568485	-0.00856238142
0.05268015527	0.00892037794	-0.00856338600
0.05268796881	0.00887411090	-0.00856365928
0.05269596405	0.00882650980	-0.00856307938
0.05270421921	0.00877708264	-0.00856145525
0.05271257457	0.00872676252	-0.00855910352
0.05272119010	0.00867456148	-0.00855567361
0.05272994732	0.00862116916	-0.00855139427
0.05273895508	0.00856589277	-0.00854600569
0.05274809897	0.00850940405	-0.00853973752
0.05275751510	0.00845082852	-0.00853225543
0.05276708399	0.00839087297	-0.00852379671
0.05277685449	0.00832919755	-0.00851423029
0.05278684928	0.00826561825	-0.00850346397
0.05279705897	0.00820015036	-0.00849147501
0.05280745016	0.00813296440	-0.00847830947
0.05281804856	0.00806384822	-0.00846386706
0.05282885188	0.00799276619	-0.00844810712
0.05283985740	0.00791968256	-0.00843098781
0.05285106204	0.00784456139	-0.00841246629
0.05286246217	0.00776736733	-0.00839249705
0.05287405374	0.00768806495	-0.00837103367
0.05288586051	0.00760642229	-0.00834793808
0.05289783241	0.00752271418	-0.00832328520
0.05290997402	0.00743683743	-0.00829700117
0.05292231137	0.00734852783	-0.00826892852
0.05293481628	0.00725790102	-0.00823906177
0.05294746497	0.00716504395	-0.00820739998
0.05296029522	0.00706958499	-0.00817372008
0.05297324771	0.00697186700	-0.00813811985
0.05298633655	0.00687168401	-0.00810045734
0.05299957521	0.00676882040	-0.00806055873
0.05301290031	0.00666365538	-0.00801853738
0.05302633146	0.00655591897	-0.00797420832
0.05303985399	0.00644560240	-0.00792749281
0.05305345247	0.00633269949	-0.00787831048
0.05306711075	0.00621720662	-0.00782658004
0.05308081203	0.00609912254	-0.00777221990
0.05309453882	0.00597844876	-0.00771514787
0.05310827292	0.00585518993	-0.00765528107
0.05312199554	0.00572935354	-0.00759253675
0.05313568725	0.00560095018	-0.00752683240
0.05314933856	0.00546989143	-0.00745802592
0.05316292352	0.00533624069	-0.00738604581
0.05317640155	0.00520021352	-0.00731092621
0.05318979231	0.00506141247	-0.00723234024
0.05320302373	0.00492038295	-0.00715049902
0.05321612346	0.00477662075	-0.00706501198
0.05322902185	0.00463067321	-0.00697609432
0.05324172979	0.00448219933	-0.00688345505
0.05325421155	0.00433138011	-0.00678708712
0.05326643663	0.00417835265	-0.00668698067
0.05327838996	0.00402306661	-0.00658301222
0.05329004722	0.00386558784	-0.00647512196
0.05330138518	0.00370597348	-0.00636324639
0.05331237906	0.00354431099	-0.00624734569
0.05332300372	0.00338070648	-0.00612740092
0.05333323901	0.00321520115	-0.00600335302
0.05334306480	0.00304784177	-0.00587514513
0.05335245686	0.00287875830	-0.00574278133
0.05336139450	0.00270803971	-0.00560624686
0.05336985846	0.00253576611	-0.00546552736
0.05337782985	0.00236202926	-0.00532062100
0.05338529079	0.00218692243	-0.00517153062
0.05339222895	0.00201042016	-0.00501816391
0.05339861852	0.00183287815	-0.00486072811
0.05340445022	0.00165426668	-0.00469917212
0.05340971398	0.00147456913	-0.00453342467
0.05341439117	0.00129410900	-0.00436369060
0.05341847373	0.00111290873	-0.00418997339
0.05342195473	0.00093094311	-0.00401221321
0.05342482102	0.00074859949	-0.00383070068
0.05342707068	0.00056570326	-0.00364528837
0.05342869573	0.00038258897	-0.00345623485
0.05342969407	0.00019923167	-0.00326353127
0.05343006319	0.00001579246	-0.00306730906
0.05342980269	-0.00016759016	-0.00286770759
0.05342891328	-0.00035089484	-0.00266475977
0.05342739833	-0.00053386332	-0.00245872198
0.05342525999	-0.00071658678	-0.00224954360
0.05342250670	-0.00089870991	-0.00203758477
0.05341914104	-0.00108040398	-0.00182273698
0.05341517630	-0.00126128605	-0.00160539517
0.05341061756	-0.00144146950	-0.00138552963
0.05340547836	-0.00162073537	-0.00116339446
0.05339977107	-0.00179898615	-0.00093916635
0.05339350451	-0.00197625349	-0.00071288075
0.05338670020	-0.00215224158	-0.00048490018
0.05337936904	-0.00232698578	-0.00025529722
0.05337152508	-0.00250044251	-0.00002418623
0.05336319235	-0.00267237804	0.00020810837
0.05335438489	-0.00284280058	0.00044147664
0.05334512155	-0.00301162886	0.00067573547
0.05333542035	-0.00317881071	0.00091073688
0.05332530530	-0.00334420646	0.00114623156
0.05331479554	-0.00350777406	0.00138205459
0.05330391164	-0.00366945586	0.00161803040
0.05329267506	-0.00382918879	0.00185397533
0.05328110770	-0.00398691155	0.00208970867
0.05326923159	-0.00414256774	0.00232505083
0.05325706885	-0.00429610512	0.00255982437
0.05324463852	-0.00444751288	0.00279390462
0.05323196879	-0.00459667281	0.00302704695
0.05321907942	-0.00474357333	0.00325910439
0.05320599032	-0.00488819970	0.00348993759
0.05319272057	-0.00503054472	0.00371943830
0.05317930225	-0.00517046554	0.00394731663
0.05316574123	-0.00530809395	0.00417361079
0.05315207506	-0.00544323602	0.00439798219
0.05313830600	-0.00557605037	0.00462050386
0.05312447059	-0.00570635841	0.00484086617
0.05311057933	-0.00583423217	0.00505902506
0.05309664848	-0.00595968302	0.00527490322
0.05308270187	-0.00608265271	0.00548833641
0.05306875640	-0.00620314408	0.00569922011
0.05305482707	-0.00632117286	0.00590747372
0.05304093040	-0.00643673863	0.00611300454
0.05302708213	-0.00654984447	0.00631572586
0.05301329723	-0.00666049685	0.00651555703
0.05299958702	-0.00676872789	0.00671246020
0.05298596882	-0.00687451890	0.00690633670
0.05297245698	-0.00697787245	0.00709710110
0.05295905785	-0.00707884834	0.00728475002
0.05294578228	-0.00717746760	0.00746925471
0.05293265000	-0.00727368313	0.00765047624
0.05291965593	-0.00736762635	0.00782852577
0.05290682439	-0.00745921141	0.00800323237
0.05289415506	-0.00754852719	0.00817464151
0.05288165148	-0.00763562952	0.00834278907
0.05286933309	-0.00772046115	0.00850754621
0.05285719779	-0.00780311117	0.00866897002
0.05284525180	-0.00788360732	0.00882705678
0.05283350061	-0.00796197933	0.00898180689
0.05282194901	-0.00803825878	0.00913322456
0.05281060116	-0.00811247847	0.00928131804
0.05279946058	-0.00818467254	0.00942609917
0.05278853017	-0.00825487637	0.00956758324
0.05277781220	-0.00832312687	0.00970578854
0.05276730844	-0.00838946138	0.00984073671
0.05275701362	-0.00845395862	0.00997252637
0.05274694066	-0.00851658106	0.01010108155
0.05273708711	-0.00857738569	0.01022644372
0.05272743819	-0.00863650180	0.01034879924
0.05271801955	-0.00869380909	0.01046794925
0.05270880466	-0.00874950360	0.01058416296
0.05269981639	-0.00880347966	0.01069726746
0.05269102650	-0.00885593744	0.01080755529
0.05268246272	-0.00890674035	0.01091481146
0.05267410425	-0.00895603948	0.01101923625
0.05266594773	-0.00900387979	0.01112090930
0.05265800591	-0.00905021083	0.01121974201
0.05265026610	-0.00909512956	0.01131586420
0.05264272614	-0.00913866985	0.01140932585
0.05263538147	-0.00918087791	0.01150020126
0.05262823333	-0.00922176545	0.01158850941
0.05262128017	-0.00926135924	0.01167428405
0.05261451592	-0.00929971058	0.01175760060
0.05260793758	-0.00933685203	0.01183851050
0.05260154196	-0.00937281628	0.01191706496
0.05259532586	-0.00940763518	0.01199331528
0.05258928589	-0.00944134054	0.01206731238
0.05258341508	-0.00947398336	0.01213914567
0.05257771498	-0.00950556625	0.01220882385
0.05257218304	-0.00953611412	0.01227638366
0.05256681350	-0.00956566885	0.01234189186
0.05256160274	-0.00959425970	0.01240539741
0.05255654238	-0.00962194135	0.01246699966
0.05255163031	-0.00964873327	0.01252674471
0.05254687573	-0.00967459317	0.01258455477
0.05254226559	-0.00969959940	0.01264055271
0.05253781302	-0.00972368786	0.01269460528
0.05253359469	-0.00974645221	0.01274624377
0.05253041184	-0.00976359226	0.01280008271
0.05252830736	-0.00977490809	0.01285549090
0.05252730971	-0.00978026774	0.01291181871
0.05252743241	-0.00977960871	0.01296840576
0.05252867380	-0.00977293869	0.01302458861
0.05253101706	-0.00976033545	0.01307970858
0.05253443052	-0.00974194598	0.01313311944
0.05253886822	-0.00971798477	0.01318419498
0.05254427073	-0.00968873138	0.01323233639
0.05255056618	-0.00965452723	0.01327697927
0.05255767154	-0.00961577163	0.01331760021
0.05256549398	-0.00957291723	0.01335372297
0.05257393242	-0.00952646480	0.01338492405
0.05309418490	0.00990422622	-0.00786941786
0.05310356862	0.00985378948	-0.00799332037
0.05310916906	0.00982355988	-0.00804300895
0.05311418344	0.00979641183	-0.00808064922
0.05311902583	0.00977012084	-0.00811194150
0.05312374209	0.00974444423	-0.00813922963
0.05312841406	0.00971893957	-0.00816363195
0.05313314477	0.00969304355	-0.00818571051
0.05313783748	0.00966728475	-0.00820607985
0.05314260690	0.00964103202	-0.00822489134
0.05314747175	0.00961417772	-0.00824233403
0.05315235913	0.00958712083	-0.00825869478
0.05315733576	0.00955948856	-0.00827400374
0.05316244959	0.00953100835	-0.00828827521
0.05316764328	0.00950199322	-0.00830167530
0.05317292692	0.00947238143	-0.00831425410
0.05317832759	0.00944201469	-0.00832601805
0.05318385056	0.00941085576	-0.00833699493
0.05318950070	0.00937886890	-0.00834720600
0.05319528251	0.00934601976	-0.00835666620
0.05320120378	0.00931225447	-0.00836537883
0.05320726059	0.00927758521	-0.00837336392
0.05321345389	0.00924199610	-0.00838063086
0.05321980604	0.00920534690	-0.00838714511
0.05322630654	0.00916768559	-0.00839292730
0.05323295966	0.00912897435	-0.00839797072
0.05323977000	0.00908917251	-0.00840226664
0.05324674060	0.00904824747	-0.00840580533
0.05325387446	0.00900616575	-0.00840857693
0.05326118446	0.00896283418	-0.00841054822
0.05326871014	0.00891799794	-0.00841162213
0.05327635689	0.00887220170	-0.00841197703
0.05328418263	0.00882508066	-0.00841149592
0.05329226275	0.00877615506	-0.00840999494
0.05330044361	0.00872633243	-0.00840777729
0.05330887930	0.00867465012	-0.00840450643
0.05331745586	0.00862177866	-0.00840040112
0.05332627820	0.00856704268	-0.00839521169
0.05333523623	0.00851109527	-0.00838915779
0.05334446116	0.00845308409	-0.00838191821
0.05335383800	0.00839369631	-0.00837371973
0.05336341389	0.00833260014	-0.00836443620
0.05337321077	0.00826961537	-0.00835397843
0.05338321972	0.00820475588	-0.00834232370
0.05339340862	0.00813818668	-0.00832951543
0.05340380236	0.00806970016	-0.00831545670
0.05341439878	0.00799926055	-0.00830010762
0.05342519539	0.00792683196	-0.00828342712
0.05343618926	0.00785237828	-0.00826537315
0.05344737698	0.00777586399	-0.00824590104
0.05345875472	0.00769725343	-0.00822496521
0.05347034546	0.00761631952	-0.00820243203
0.05348210097	0.00753332879	-0.00817837209
0.05349402572	0.00744817961	-0.00815271348
0.05350614486	0.00736061337	-0.00812530387
0.05351843126	0.00727074155	-0.00809613646
0.05353086199	0.00717864764	-0.00806520908
0.05354347354	0.00708396837	-0.00803230618
0.05355620867	0.00698703657	-0.00799751995
0.05356908100	0.00688765035	-0.00796071276
0.05358210356	0.00678559832	-0.00792171601
0.05359521510	0.00668124881	-0.00788063663
0.05360843453	0.00657433752	-0.00783729558
0.05362174765	0.00646485464	-0.00779161537
0.05363513950	0.00635279294	-0.00774351693
0.05364859440	0.00623814763	-0.00769292022
0.05366209603	0.00612091631	-0.00763974491
0.05367562738	0.00600109926	-0.00758391006
0.05368917074	0.00587869983	-0.00752533403
0.05370270780	0.00575372416	-0.00746393526
0.05371621961	0.00562618146	-0.00739963245
0.05372969684	0.00549598437	-0.00733228702
0.05374311418	0.00536319358	-0.00726182793
0.05375643209	0.00522801838	-0.00718828584
0.05376966947	0.00509006996	-0.00711134485
0.05378275616	0.00494987948	-0.00703120519
0.05379571879	0.00480695400	-0.00694748995
0.05380848946	0.00466182674	-0.00686040331
0.05382107848	0.00451416411	-0.00676966410
0.05383345087	0.00436414189	-0.00667526319
0.05384557663	0.00421189324	-0.00657718915
0.05385744079	0.00405736836	-0.00647532162
0.05386901935	0.00390063092	-0.00636960124
0.05388028932	0.00374173619	-0.00625996517
0.05389122618	0.00358076911	-0.00614637345
0.05390180502	0.00341783297	-0.00602880634
0.05391200578	0.00325296776	-0.00590720568
0.05392180838	0.00308621895	-0.00578151551
0.05393118871	0.00291771341	-0.00565173847
0.05394012608	0.00274753811	-0.00551785933
0.05394860117	0.00257577147	-0.00537986343
0.05395659500	0.00240250340	-0.00523774829
0.05396408955	0.00222782541	-0.00509151605
0.05397107226	0.00205171294	-0.00494107746
0.05397751720	0.00187451441	-0.00478663119
0.05398341474	0.00169620152	-0.00462812845
0.05398875448	0.00151675865	-0.00446550073
0.05399351744	0.00133650326	-0.00429894491
0.05399769516	0.00115545837	-0.00412846512
0.05400128026	0.00097360034	-0.00395400447
0.05400425905	0.00079130968	-0.00377584288
0.05400662918	0.00060841676	-0.00359384007
0.05400838202	0.00042525071	-0.00340824551
0.05400951495	0.00024178869	-0.00321905241
0.05401002482	0.00005819025	-0.00302638860
0.05400991057	-0.00012540705	-0.00283038997
0.05400917235	-0.00030898039	-0.00263109018
0.05400781270	-0.00049227452	-0.00242873789
0.05400583333	-0.00067537670	-0.00222328695
0.05400324168	-0.00085793623	-0.00201508602
0.05400004000	-0.00104011878	-0.00180403379
0.05399624053	-0.00122154625	-0.00159051254
0.05399184795	-0.00140232729	-0.00137449723
0.05398687497	-0.00158224450	-0.00115623509
0.05398133329	-0.00176119939	-0.00093589960
0.05397523127	-0.00193922040	-0.00071352835
0.05396858948	-0.00211601423	-0.00048947330
0.05396141842	-0.00229161266	-0.00026380840
0.05395373164	-0.00246597011	-0.00003664727
0.05394555233	-0.00263885399	0.00019169437
0.05393689418	-0.00281026931	0.00042110645
0.05392777552	-0.00298013321	0.00065140884
0.05391821397	-0.00314839150	0.00088245520
0.05390823294	-0.00331490386	0.00111400173
0.05389785126	-0.00347962587	0.00134588548
0.05388708914	-0.00364249784	0.00157793336
0.05387596773	-0.00380345474	0.00180996452
0.05386450862	-0.00396243332	0.00204180099
0.05385273359	-0.00411937516	0.00227326585
0.05384066455	-0.00427422595	0.00250418430
0.05382832046	-0.00442697230	0.00273443237
0.05381572917	-0.00457749505	0.00296377087
0.05380291043	-0.00472577997	0.00319205428
0.05378988413	-0.00487180990	0.00341914458
0.05377666940	-0.00501557528	0.00364493404
0.05376329800	-0.00515693276	0.00386914011
0.05374977625	-0.00529600985	0.00409179582
0.05373614131	-0.00543261301	0.00431257211
0.05372239599	-0.00556689640	0.00453153572
0.05370857652	-0.00569868183	0.00474838580
0.05369469377	-0.00582803808	0.00496307653
0.05368076420	-0.00595497451	0.00517553069
0.05366681167	-0.00607943186	0.00538558759
0.05365285331	-0.00620141105	0.00559314386
0.05363890437	-0.00632092592	0.00579811937
0.05362498160	-0.00643797447	0.00600042252
0.05361110097	-0.00655255825	0.00619996765
0.05359727770	-0.00666468228	0.00639667505
0.05358352343	-0.00677437701	0.00659050636
0.05356985564	-0.00688162286	0.00678136495
0.05355628895	-0.00698642116	0.00696916683
0.05354283012	-0.00708882995	0.00715390713
0.05352949024	-0.00718886924	0.00733555699
0.05351628918	-0.00728649156	0.00751398142
0.05350322243	-0.00738182612	0.00768928626
0.05349031426	-0.00747478743	0.00786130617
0.05347756484	-0.00756546268	0.00803008390
0.05346497806	-0.00765390673	0.00819565343
0.05345257336	-0.00774006256	0.00835789025
0.05344034910	-0.00782401781	0.00851684866
0.05342831176	-0.00790579974	0.00867252480
0.05341646707	-0.00798543756	0.00882491883
0.05340482004	-0.00806296242	0.00897403473
0.05339337509	-0.00813840669	0.00911988041
0.05338213596	-0.00821180416	0.00926246733
0.05337110578	-0.00828318990	0.00940181037
0.05336028703	-0.00835260048	0.00953792734
0.05334968170	-0.00842007299	0.00967083938
0.05333928482	-0.00848568572	0.00980064194
0.05332910929	-0.00854940170	0.00992726242
0.05331915291	-0.00861127751	0.01005074107
0.05330940129	-0.00867144167	0.01017125809
0.05329987983	-0.00872977531	0.01028862267
0.05329056257	-0.00878647302	0.01040309468
0.05328147215	-0.00884143046	0.01051450839
0.05327258087	-0.00889484652	0.01062314637
0.05326391613	-0.00894658625	0.01072880247
0.05325545757	-0.00899679978	0.01083167025
0.05324720191	-0.00904553233	0.01093182754
0.05323916180	-0.00909273436	0.01102918995
0.05323132480	-0.00913850242	0.01112388331
0.05322368883	-0.00918287067	0.01121595681
0.05321624942	-0.00922588555	0.01130548309
0.05320900781	-0.00926755927	0.01139248152
0.05320196249	-0.00930791889	0.01147698558
0.05319510750	-0.00934701584	0.01155906892
0.05318843989	-0.00938488303	0.01163878220
0.05318195650	-0.00942155344	0.01171617578
0.05317565417	-0.00945705929	0.01179130016
0.05316952955	-0.00949143269	0.01186420545
0.05316357571	-0.00952472490	0.01193497891
0.05315779417	-0.00955693913	0.01200363002
0.05315218240	-0.00958810060	0.01207019517
0.05314673467	-0.00961825144	0.01213473970
0.05314144739	-0.00964742124	0.01219731179
0.05313631221	-0.00967566491	0.01225800827
0.05313132702	-0.00970300244	0.01231687470
0.05312650085	-0.00972939227	0.01237383701
0.05312182081	-0.00975491265	0.01242901448
0.05311729985	-0.00977950017	0.01248227941
0.05311305570	-0.00980252422	0.01253274545
0.05310981887	-0.00982004613	0.01258544693
0.05310763284	-0.00983186150	0.01263976598
0.05310652708	-0.00983783251	0.01269506575
0.05310651652	-0.00983788952	0.01275069792
0.05310760130	-0.00983203186	0.01280601023
0.05310976678	-0.00982032785	0.01286035420
0.05311298376	-0.00980291402	0.01291309271
0.05311720902	-0.00977999350	0.01296360744
0.05312238611	-0.00975183374	0.01301130614
0.05312844628	-0.00971876343	0.01305562961
0.05313530973	-0.00968116869	0.01309605818
0.05314288688	-0.00963948864	0.01313211786
0.05315107990	-0.00959421034	0.01316338590
0.05367684579	0.00988826251	-0.00773058315
0.05368590920	0.00983893603	-0.00785256543
0.05369134222	0.00980924458	-0.00790149788
0.05369621446	0.00978253863	-0.00793856990
0.05370092368	0.00975665438	-0.00796939636
0.05370551385	0.00973135607	-0.00799628164
0.05371006365	0.00970621302	-0.00802032726
0.05371467219	0.00968067668	-0.00804208903
0.05371924642	0.00965526145	-0.00806216716
0.05372389672	0.00962935254	-0.00808071438
0.05372864115	0.00960284483	-0.00809791707
0.05373340965	0.00957612639	-0.00811405428
0.05373826645	0.00954883388	-0.00812915797
0.05374325774	0.00952070149	-0.00814324392
0.05374832842	0.00949203354	-0.00815647311
0.05375348829	0.00946276947	-0.00816889502
0.05375876346	0.00943275467	-0.00818051688
0.05376415907	0.00940195238	-0.00819136612
0.05376967989	0.00937032728	-0.00820146372
0.05377533033	0.00933784539	-0.00821082447
0.05378111798	0.00930445368	-0.00821945182
0.05378703913	0.00927016346	-0.00822736521
0.05379309479	0.00923495866	-0.00823457381
0.05379930658	0.00919870212	-0.00824104451
0.05380566445	0.00916143994	-0.00824679708
0.05381217263	0.00912313463	-0.00825182499
0.05381883563	0.00908374594	-0.00825611980
0.05382565646	0.00904324144	-0.00825967198
0.05383263811	0.00900158783	-0.00826247189
0.05383979306	0.00895869365	-0.00826448739
0.05384715950	0.00891431000	-0.00826562487
0.05385464642	0.00886896655	-0.00826605521
0.05386230967	0.00882230731	-0.00826566597
0.05387022198	0.00877386416	-0.00826428010
0.05387823546	0.00872452021	-0.00826218812
0.05388649862	0.00867333703	-0.00825906674
0.05389490179	0.00862096686	-0.00825512532
0.05390354614	0.00856675100	-0.00825012376
0.05391232568	0.00851132471	-0.00824427228
0.05392136695	0.00845385683	-0.00823726205
0.05393055923	0.00839501581	-0.00822930995
0.05393994804	0.00833447749	-0.00822029448
0.05394955462	0.00827206537	-0.00821012929
0.05395937046	0.00820779195	-0.00819879170
0.05396936469	0.00814181701	-0.00818632266
0.05397956137	0.00807393726	-0.00817262842
0.05398995854	0.00800411683	-0.00815766983
0.05400055383	0.00793231967	-0.00814140656
0.05401134452	0.00785850956	-0.00812379733
0.05402232738	0.00778265077	-0.00810479827
0.05403349879	0.00770470748	-0.00808436460
0.05404488098	0.00762445727	-0.00806236690
0.05405642747	0.00754215875	-0.00803887169
0.05406814260	0.00745771174	-0.00801380893
0.05408005073	0.00737086307	-0.00798703115
0.05409212568	0.00728172018	-0.00795853031
0.05410434533	0.00719036334	-0.00792830311
0.05411674498	0.00709643722	-0.00789614112
0.05412926932	0.00700026511	-0.00786213126
0.05414193153	0.00690164901	-0.00782614003
0.05415474420	0.00680038161	-0.00778800375
0.05416764809	0.00669682084	-0.00774782333
0.05418066149	0.00659070782	-0.00770542534
0.05419377061	0.00648203179	-0.00766073350
0.05420696094	0.00637078450	-0.00761366998
0.05422021725	0.00625696012	-0.00756415596
0.05423352369	0.00614055510	-0.00751211234
0.05424686370	0.00602156857	-0.00745745937
0.05426022003	0.00590000266	-0.00740011661
0.05427357482	0.00577586226	-0.00734000370
0.05428690960	0.00564915523	-0.00727704045
0.05430021519	0.00551979527	-0.00721109166
0.05431346687	0.00538784051	-0.00714208677
0.05432662614	0.00525349419	-0.00707005320
0.05433971114	0.00511637585	-0.00699468539
0.05435265357	0.00497700300	-0.00691617339
0.05436547906	0.00483489353	-0.00683415317
0.05437812142	0.00469056713	-0.00674881857
0.05439059040	0.00454369731	-0.00665989771
0.05440285172	0.00439445493	-0.00656737954
0.05441487591	0.00424296932	-0.00647125117
0.05442664811	0.00408919124	-0.00637139520
0.05443814458	0.00393318233	-0.00626775275
0.05444934264	0.00377499602	-0.00616026163
0.05446021801	0.00361471488	-0.00604888177
0.05447074601	0.00345243951	-0.00593359269
0.05448090668	0.00328820874	-0.00581433712
0.05449068001	0.00312206682	-0.00569105996
0.05450004202	0.00295413767	-0.00556376251
0.05450897205	0.00278450634	-0.00543242913
0.05451745074	0.00261324964	-0.00529704489
0.05452545905	0.00244045571	-0.00515760670
0.05453297884	0.00226621438	-0.00501411605
0.05453999735	0.00209050197	-0.00486648660
0.05454648857	0.00191365991	-0.00471490895
0.05455244256	0.00173566123	-0.00455933645
0.05455784860	0.00155649134	-0.00439970324
0.05456268745	0.00137646182	-0.00423619866
0.05456695024	0.00119559628	-0.00406882747
0.05457062920	0.00101387261	-0.00389753552
0.05457371018	0.00083166466	-0.00372259263
0.05457619039	0.00064880766	-0.00354386527
0.05457806063	0.00046562544	-0.00336159427
0.05457931779	0.00028209725	-0.00317577482
0.05457995814	0.00009838106	-0.00298653126
0.05457998001	-0.00008538645	-0.00279399620
0.05457938302	-0.00026918107	-0.00259820401
0.05457816895	-0.00045275048	-0.00239939597
0.05457633907	-0.00063617819	-0.00219753015
0.05457389994	-0.00081911800	-0.00199294433
0.05457085345	-0.00100173015	-0.00178554394
0.05456721087	-0.00118364130	-0.00157569930
0.05456297651	-0.00136495554	-0.00136338968
0.05455816228	-0.00154545703	-0.00114885583
0.05455277925	-0.00172504638	-0.00093226809
0.05454683537	-0.00190374892	-0.00071366604
0.05454035027	-0.00208127390	-0.00049339165
0.05453333409	-0.00225764963	-0.00027152007
0.05452579989	-0.00243282864	-0.00004816414
0.05451777006	-0.00260657955	0.00017636865
0.05450925793	-0.00277890428	0.00040196820
0.05450028137	-0.00294971850	0.00062845724
0.05449085758	-0.00311896609	0.00085569106
0.05448100941	-0.00328650619	0.00108343110
0.05447075535	-0.00345229214	0.00131151637
0.05446011528	-0.00361626230	0.00153977617
0.05444911002	-0.00377834983	0.00176803238
0.05443776087	-0.00393848964	0.00199610967
0.05442608935	-0.00409662140	0.00222383373
0.05441411716	-0.00425268886	0.00245103228
0.05440186315	-0.00440667617	0.00267758210
0.05438935485	-0.00455846332	0.00290324921
0.05437661197	-0.00470803358	0.00312788950
0.05436365437	-0.00485536745	0.00335136630
0.05435050117	-0.00500045317	0.00357357242
0.05433718385	-0.00514314697	0.00379423227
0.05432370913	-0.00528357220	0.00401337406
0.05431011378	-0.00542153583	0.00423067782
0.05429640112	-0.00555718768	0.00444620437
0.05428260703	-0.00569035000	0.00465966122
0.05426874273	-0.00582108849	0.00487100093
0.05425482488	-0.00594941059	0.00508014641
0.05424087732	-0.00607525606	0.00528694037
0.05422691738	-0.00619862405	0.00549128058
0.05421296056	-0.00631952658	0.00569308737
0.05419902377	-0.00643796016	0.00589227026
0.05418512321	-0.00655392489	0.00608874460
0.05417127432	-0.00666742438	0.00628243157
0.05415748901	-0.00677848753	0.00647329241
0.05414378493	-0.00688709388	0.00666123242
0.05413017691	-0.00699324362	0.00684616900
0.05411667209	-0.00709699310	0.00702809590
0.05410328182	-0.00719836132	0.00720698418
0.05409002601	-0.00729730052	0.00738270258
0.05407690074	-0.00739393773	0.00755535195
0.05406393023	-0.00748818787	0.00772477226
0.05405111507	-0.00758013649	0.00789100367
0.05403845947	-0.00766983748	0.00805407839
0.05402598290	-0.00775723410	0.00821387602
0.05401368413	-0.00784241260	0.00837044823
0.05400156987	-0.00792539972	0.00852379101
0.05398964607	-0.00800622421	0.00867390434
0.05397791798	-0.00808491679	0.00882079196
0.05396639021	-0.00816150944	0.00896446144
0.05395506674	-0.00823603559	0.00910492394
0.05394395090	-0.00830852998	0.00924219389
0.05393304538	-0.00837902891	0.00937628868
0.05392235235	-0.00844756921	0.00950722895
0.05391186715	-0.00851422867	0.00963510717
0.05390160263	-0.00857897096	0.00975985389
0.05389155685	-0.00864185221	0.00988150823
0.05388171580	-0.00870300016	0.01000024454
0.05387210460	-0.00876229739	0.01011587963
0.05386269786	-0.00881993699	0.01022866449
0.05385351799	-0.00887581599	0.01033844021
0.05384453782	-0.00893013192	0.01044547987
0.05383578442	-0.00898275154	0.01054958573
0.05382723785	-0.00903382393	0.01065094495
0.05381889493	-0.00908339458	0.01074963362
0.05381076818	-0.00913141485	0.01084557132
0.05380284543	-0.00917798087	0.01093888013
0.05379512465	-0.00922312705	0.01102960844
0.05378760148	-0.00926690003	0.01111782732
0.05378027714	-0.00930931251	0.01120355646
0.05377315019	-0.00935039184	0.01128682911
0.05376621476	-0.00939018955	0.01136771725
0.05375946794	-0.00942873885	0.01144627070
0.05375290662	-0.00946607303	0.01152253908
0.05374652767	-0.00950222461	0.01159657208
0.05374032777	-0.00953722602	0.01166841905
0.05373430007	-0.00957112872	0.01173816517
0.05372844603	-0.00960393649	0.01180582066
0.05372276313	-0.00963567489	0.01187142156
0.05371724571	-0.00966638623	0.01193503184
0.05371189017	-0.00969610043	0.01199669896
0.05370668824	-0.00972487259	0.01205651731
0.05370163778	-0.00975272317	0.01211453193
0.05369674767	-0.00977961139	0.01217067227
0.05369200515	-0.00980561535	0.01222505419
0.05368742301	-0.00983067237	0.01227755526
0.05368315996	-0.00985392541	0.01232689199
0.05367987696	-0.00987179408	0.01237849550
0.05367761797	-0.00988406991	0.01243176079
0.05367641334	-0.00989060967	0.01248606337
0.05367627930	-0.00989133708	0.01254076660
0.05367721766	-0.00988624366	0.01259522912
0.05367921576	-0.00987538882	0.01264881242
0.05368224675	-0.00985889919	0.01270088828
0.05368627000	-0.00983696716	0.01275084616
0.05369123185	-0.00980984868	0.01279810035
0.05369706656	-0.00977786031	0.01284209683
0.05370369737	-0.00974137558	0.01288231979
0.05371103786	-0.00970082066	0.01291829765
0.05371899332	-0.00965666950	0.01294960860
0.05426962568	0.00987104144	-0.00759232989
0.05427837569	0.00982281342	-0.00771239072
0.05428364442	0.00979365507	-0.00776056605
0.05428837698	0.00976738735	-0.00779706890
0.05429295525	0.00974190643	-0.00782742854
0.05429742135	0.00971698338	-0.00785390998
0.05430185085	0.00969219916	-0.00787759788
0.05430633903	0.00966701978	-0.00789904169
0.05431079649	0.00964194564	-0.00791882753
0.05431532935	0.00961637815	-0.00793710929
0.05431995503	0.00959021463	-0.00795407069
0.05432460621	0.00956383241	-0.00796998310
0.05432934473	0.00953687746	-0.00798488019
0.05433421505	0.00950909067	-0.00799877917
0.05433916427	0.00948076776	-0.00801183596
0.05434420185	0.00945184932	-0.00802409943
0.05434935300	0.00942218440	-0.00803557759
0.05435462273	0.00939173670	-0.00804629750
0.05436001570	0.00936047134	-0.00805627987
0.05436553623	0.00932835467	-0.00806553930
0.05437119169	0.00929533455	-0.00807407942
0.05437697863	0.00926142138	-0.00808191907
0.05438289807	0.00922659894	-0.00808906721
0.05438897090	0.00919073311	-0.00809549213
0.05439518756	0.00915386811	-0.00810121275
0.05440155218	0.00911596681	-0.00810622274
0.05440806921	0.00907698936	-0.00811051390
0.05441474162	0.00903690351	-0.00811407694
0.05442157239	0.00899567615	-0.00811690243
0.05442857363	0.00895321750	-0.00811895927
0.05443578217	0.00890928452	-0.00812015723
0.05444311053	0.00886439208	-0.00812065992
0.05445061254	0.00881819284	-0.00812035933
0.05445835833	0.00877023027	-0.00811908504
0.05446620561	0.00872136328	-0.00811711526
0.05447429746	0.00867067743	-0.00811413958
0.05448252838	0.00861880687	-0.00811035824
0.05449099588	0.00856510939	-0.00810554044
0.05449959800	0.00851020261	-0.00809988725
0.05450845668	0.00845327633	-0.00809310189
0.05451746540	0.00839498048	-0.00808539163
0.05452666807	0.00833499849	-0.00807663949
0.05453608526	0.00827315750	-0.00806676190
0.05454570886	0.00820946867	-0.00805573624
0.05455550920	0.00814408660	-0.00804360106
0.05456550956	0.00807681229	-0.00803026572
0.05457570812	0.00800760977	-0.00801569179
0.05458610268	0.00793644286	-0.00799983971
0.05459669069	0.00786327520	-0.00798266893
0.05460746911	0.00778807091	-0.00796413638
0.05461843450	0.00771079398	-0.00794419809
0.05462960837	0.00763122662	-0.00792272874
0.05464094595	0.00754961961	-0.00789979094
0.05465245148	0.00746587424	-0.00787531645
0.05466414847	0.00737974269	-0.00784916259
0.05467601174	0.00729132847	-0.00782132012
0.05468801995	0.00720070860	-0.00779178464
0.05470020719	0.00710753569	-0.00776035473
0.05471252009	0.00701212354	-0.00772711216
0.05472497135	0.00691427805	-0.00769192749
0.05473757316	0.00681379596	-0.00765464187
0.05475026827	0.00671102488	-0.00761535036
0.05476307431	0.00660571136	-0.00757388503
0.05477597793	0.00649784368	-0.00753017082
0.05478896505	0.00638741261	-0.00748413112
0.05480202089	0.00627441127	-0.00743568837
0.05481513004	0.00615883502	-0.00738476465
0.05482827640	0.00604068188	-0.00733128144
0.05484144318	0.00591995275	-0.00727515949
0.05485461297	0.00579665129	-0.00721631961
0.05486776776	0.00567078408	-0.00715468280
0.05488089850	0.00554226586	-0.00709011715
0.05489398111	0.00541115223	-0.00702255260
0.05490697808	0.00527764048	-0.00695201345
0.05491990681	0.00514135843	-0.00687820426
0.05493270085	0.00500281005	-0.00680130520
0.05494538484	0.00486152402	-0.00672096483
0.05495789429	0.00471800661	-0.00663736691
0.05497023840	0.00457193841	-0.00655024870
0.05498238361	0.00442348537	-0.00645959728
0.05499430098	0.00427277309	-0.00636539839
0.05500597574	0.00411975290	-0.00626753755
0.05501738447	0.00396448437	-0.00616595633
0.05502850475	0.00380701921	-0.00606059326
0.05503931258	0.00364743761	-0.00595140817
0.05504978354	0.00348583751	-0.00583837989
0.05505989776	0.00332225660	-0.00572145204
0.05506963534	0.00315673795	-0.00560057036
0.05507897242	0.00298940255	-0.00547573490
0.05508788841	0.00282033356	-0.00534692961
0.05509636393	0.00264960618	-0.00521413931
0.05510437988	0.00247730681	-0.00507736034
0.05511191804	0.00230352362	-0.00493659356
0.05511896544	0.00212823383	-0.00479175549
0.05512549607	0.00195177187	-0.00464302882
0.05513149968	0.00177411215	-0.00449036905
0.05513696525	0.00159524109	-0.00433371286
0.05514187330	0.00141546439	-0.00417324224
0.05514621459	0.00123480627	-0.00400896254
0.05514998099	0.00105324614	-0.00384082231
0.05515315790	0.00087115119	-0.00366908149
0.05515574212	0.00068836151	-0.00349361309
0.05515772392	0.00050519562	-0.00331464953
0.05515909972	0.00032163484	-0.00313218785
0.05515986523	0.00013783557	-0.00294634903
0.05516001821	-0.00004606647	-0.00275726239
0.05515955774	-0.00023004561	-0.00256496299
0.05515848490	-0.00041385257	-0.00236968484
0.05515680053	-0.00059756707	-0.00217139015
0.05515451031	-0.00078084747	-0.00197040596
0.05515161581	-0.00096384858	-0.00176664431
0.05514812737	-0.00114620189	-0.00156046371
0.05514404889	-0.00132800696	-0.00135184767
0.05513939155	-0.00150904951	-0.00114103050
0.05513416577	-0.00168922934	-0.00092817945
0.05512837910	-0.00186856868	-0.00071333600
0.05512205026	-0.00204677938	-0.00049683225
0.05511518902	-0.00222388632	-0.00027874450
0.05510780796	-0.00239984019	-0.00005918480
0.05509992867	-0.00257441086	0.00016154754
0.05509156415	-0.00274759721	0.00038334241
0.05508273177	-0.00291931350	0.00060602540
0.05507344832	-0.00308950171	0.00082945346
0.05506373610	-0.00325802049	0.00105339325
0.05505361325	-0.00342482100	0.00127768571
0.05504309931	-0.00358983972	0.00150216258
0.05503221476	-0.00375300802	0.00172664845
0.05502098061	-0.00391425901	0.00195097066
0.05500941810	-0.00407353053	0.00217495750
0.05499754870	-0.00423076444	0.00239843925
0.05498539115	-0.00438594242	0.00262129346
0.05497297264	-0.00453894372	0.00284329131
0.05496031280	-0.00468974915	0.00306429013
0.05494743148	-0.00483833690	0.00328415463
0.05493434778	-0.00498469303	0.00350277821
0.05492109285	-0.00512867345	0.00371989218
0.05490767381	-0.00527039732	0.00393552006
0.05489412698	-0.00540967224	0.00414935082
0.05488045622	-0.00554664363	0.00436143953
0.05486669704	-0.00568113432	0.00457150198
0.05485286096	-0.00581320692	0.00477948914
0.05483896483	-0.00594286694	0.00498532415
0.05482503246	-0.00607005326	0.00518885303
0.05481108135	-0.00619476327	0.00538997476
0.05479712721	-0.00631700718	0.00558861014
0.05478318714	-0.00643678004	0.00578466982
0.05476927751	-0.00655408054	0.00597807017
0.05475541396	-0.00666891092	0.00616873329
0.05474160869	-0.00678129848	0.00635662006
0.05472787946	-0.00689122197	0.00654163767
0.05471424131	-0.00699868045	0.00672370494
0.05470070174	-0.00710372856	0.00690281429
0.05468727234	-0.00720638431	0.00707893669
0.05467397307	-0.00730659972	0.00725194461
0.05466080055	-0.00740449956	0.00742193399
0.05464777893	-0.00749999925	0.00758875000
0.05463490924	-0.00759318266	0.00775243032
0.05462219600	-0.00768410273	0.00791300543
0.05460965865	-0.00777270302	0.00807035894
0.05459729641	-0.00785906838	0.00822453996
0.05458511616	-0.00794322505	0.00837554436
0.05457312411	-0.00802520130	0.00852337195
0.05456132569	-0.00810502742	0.00866802619
0.05454972574	-0.00818273500	0.00880951439
0.05453832843	-0.00825835713	0.00894784734
0.05452713731	-0.00833192821	0.00908303909
0.05451615525	-0.00840348425	0.00921510658
0.05450538463	-0.00847306184	0.00934406997
0.05449482105	-0.00854073821	0.00947001880
0.05448447735	-0.00860647773	0.00959288671
0.05447435179	-0.00867033607	0.00971271170
0.05446443078	-0.00873244011	0.00982966236
0.05445473914	-0.00879267398	0.00994356298
0.05444525207	-0.00885122915	0.01005465584
0.05443599171	-0.00890800412	0.01016278871
0.05442693145	-0.00896319493	0.01026822533
0.05441809800	-0.00901667016	0.01037077620
0.05440947186	-0.00906857778	0.01047062220
0.05440104995	-0.00911896348	0.01056783770
0.05439284464	-0.00916777960	0.01066234617
0.05438484403	-0.00921512181	0.01075426596
0.05437704618	-0.00926102475	0.01084364472
0.05436944679	-0.00930553524	0.01093055191
0.05436204711	-0.00934866648	0.01101500757
0.05435484572	-0.00939044608	0.01109704467
0.05434783686	-0.00943092568	0.01117673353
0.05434101768	-0.00947013876	0.01125412320
0.05433438511	-0.00950811891	0.01132926248
0.05432793604	-0.00954489894	0.01140220029
0.05432166721	-0.00958051159	0.01147298519
0.05431557182	-0.00961500850	0.01154170035
0.05430965129	-0.00964839403	0.01160835666
0.05430390311	-0.00968069405	0.01167298982
0.05429832168	-0.00971195105	0.01173566245
0.05429290342	-0.00974219527	0.01179642125
0.05428764013	-0.00977148195	0.01185535825
0.05428252963	-0.00979983204	0.01191251793
0.05427758065	-0.00982720555	0.01196783318
0.05427278059	-0.00985368042	0.01202141653
0.05426814205	-0.00987919477	0.01207315066
0.05426386593	-0.00990265546	0.01212136125
0.05426054256	-0.00992084934	0.01217186757
0.05425821629	-0.00993356410	0.01222407747
0.05425691828	-0.00994065137	0.01227737883
0.05425666595	-0.00994202847	0.01233114676
0.05425746271	-0.00993767934	0.01238475087
0.05425929784	-0.00992765471	0.01243756270
0.05426214674	-0.00991207155	0.01248896308
0.05426597129	-0.00989111169	0.01253834938
0.05427072061	-0.00986501977	0.01258514261
0.05427633186	-0.00983410040	0.01262879414
0.05428273134	-0.00979871465	0.01266879222
0.05428983574	-0.00975927592	0.01270466789
0.05429755346	-0.00971624509	0.01273600054
0.05485207476	0.00985321898	-0.00745933658
0.05486052853	0.00980604096	-0.00757754055
0.05486564152	0.00977739282	-0.00762498373
0.05487024152	0.00975154477	-0.00766093607
0.05487469541	0.00972645023	-0.00769084395
0.05487904356	0.00970188682	-0.00771693446
0.05488335866	0.00967744659	-0.00774027596
0.05488773233	0.00965260946	-0.00776141166
0.05489207861	0.00962786248	-0.00778091421
0.05489649963	0.00960262249	-0.00779893854
0.05490101218	0.00957678919	-0.00781566573
0.05490555158	0.00955072962	-0.00783135989
0.05491017733	0.00952409867	-0.00784605626
0.05491493231	0.00949664361	-0.00785977333
0.05491976566	0.00946865196	-0.00787266227
0.05492468657	0.00944006541	-0.00788477133
0.05492971936	0.00941073650	-0.00789610926
0.05493486891	0.00938062939	-0.00790670273
0.05494013979	0.00934970959	-0.00791657220
0.05494553624	0.00931794381	-0.00792573210
0.05495106543	0.00928528072	-0.00793418621
0.05495672410	0.00925172988	-0.00794195281
0.05496251334	0.00921727492	-0.00794904065
0.05496845333	0.00918178462	-0.00795541933
0.05497453494	0.00914530142	-0.00796110698
0.05498076225	0.00910778855	-0.00796609748
0.05498713961	0.00906920653	-0.00797038284
0.05499366999	0.00902952327	-0.00797395399
0.05500035634	0.00898870586	-0.00797680169
0.05500721039	0.00894666614	-0.00797889585
0.05501426773	0.00890316664	-0.00798014945
0.05502144419	0.00885870812	-0.00798071919
0.05502879170	0.00881295152	-0.00798050129
0.05503637790	0.00876545134	-0.00797933157
0.05504406584	0.00871704344	-0.00797747664
0.05505199342	0.00866683625	-0.00797463826
0.05506005911	0.00861544665	-0.00797100804
0.05506835694	0.00856224820	-0.00796636399
0.05507678876	0.00850784168	-0.00796089854
0.05508547217	0.00845143693	-0.00795432630
0.05509430459	0.00839366615	-0.00794684546
0.05510332845	0.00833422005	-0.00793834334
0.05511256364	0.00827292926	-0.00792873898
0.05512200245	0.00820980367	-0.00791800984
0.05513161634	0.00814499291	-0.00790619220
0.05514142785	0.00807830212	-0.00789319839
0.05515143527	0.00800969521	-0.00787899066
0.05516163659	0.00793913591	-0.00786353016
0.05517202940	0.00786658771	-0.00784677708
0.05518261083	0.00779201460	-0.00782868911
0.05519337764	0.00771538041	-0.00780922306
0.05520435063	0.00763647178	-0.00778825749
0.05521548665	0.00755553200	-0.00776585132
0.05522678983	0.00747246379	-0.00774193806
0.05523828292	0.00738702445	-0.00771637951
0.05524994162	0.00729931373	-0.00768916538
0.05526174537	0.00720940557	-0.00766029024
0.05527372710	0.00711696017	-0.00762955925
0.05528583527	0.00702228227	-0.00759704940
0.05529808216	0.00692518151	-0.00756263508
0.05531047953	0.00682545852	-0.00752616202
0.05532297205	0.00672345105	-0.00748771981
0.05533557671	0.00661891084	-0.00744714569
0.05534828056	0.00651182529	-0.00740436580
0.05536106996	0.00640218422	-0.00735930472
0.05537393055	0.00628997978	-0.00731188606
0.05538684733	0.00617520631	-0.00726203310
0.05539980463	0.00605786073	-0.00720966848
0.05541278612	0.00593794282	-0.00715471411
0.05542577480	0.00581545509	-0.00709709196
0.05543875310	0.00569040287	-0.00703672412
0.05545171212	0.00556270192	-0.00697348186
0.05546462838	0.00543240546	-0.00690729561
0.05547746530	0.00529970507	-0.00683818677
0.05549023960	0.00516423654	-0.00676586947
0.05550288659	0.00502649086	-0.00669051459
0.05551542997	0.00488600709	-0.00661178260
0.05552780689	0.00474327863	-0.00652984782
0.05554002603	0.00459799289	-0.00644445611
0.05555205451	0.00445031115	-0.00635559283
0.05556386392	0.00430035541	-0.00626324246
0.05557543956	0.00414807756	-0.00616729331
0.05558675837	0.00399353526	-0.00606768743
0.05559779816	0.00383677851	-0.00596436400
0.05560853522	0.00367788529	-0.00585728282
0.05561894539	0.00351695098	-0.00574642206
0.05562900891	0.00335401220	-0.00563172624
0.05563870597	0.00318911087	-0.00551314191
0.05564801289	0.00302236522	-0.00539066792
0.05565690912	0.00285385657	-0.00526428788
0.05566537529	0.00268365862	-0.00513398640
0.05567339229	0.00251185609	-0.00499975928
0.05568094182	0.00233853556	-0.00486160679
0.05568801074	0.00216367512	-0.00471944816
0.05569457304	0.00198760250	-0.00457345864
0.05570061820	0.00181029339	-0.00442359572
0.05570613494	0.00163173523	-0.00426979851
0.05571110359	0.00145222805	-0.00411224206
0.05571551457	0.00127179666	-0.00395093227
0.05571935938	0.00109042192	-0.00378582020
0.05572262307	0.00090846460	-0.00361715649
0.05572530205	0.00072576949	-0.00344482030
0.05572738610	0.00054264994	-0.00326903606
0.05572887120	0.00035908930	-0.00308980261
0.05572975256	0.00017524239	-0.00290723764
0.05573002739	-0.00000875594	-0.00272146743
0.05572969431	-0.00019287870	-0.00253252758
0.05572875373	-0.00037687952	-0.00234064528
0.05572720605	-0.00056083450	-0.00214578654
0.05572505621	-0.00074440645	-0.00194826828
0.05572230540	-0.00092774493	-0.00174800870
0.05571896311	-0.00111048616	-0.00154535516
0.05571503290	-0.00129272529	-0.00134029509
0.05571052520	-0.00147424967	-0.00113305669
0.05570544985	-0.00165495831	-0.00092380424
0.05569981401	-0.00183487045	-0.00071258096
0.05569363554	-0.00201370056	-0.00049970958
0.05568692385	-0.00219147022	-0.00028526741
0.05567969107	-0.00236812834	-0.00006936571
0.05567195804	-0.00254344612	0.00014770398
0.05566373740	-0.00271741951	0.00036583162
0.05565504607	-0.00288996145	0.00058484555
0.05564590043	-0.00306101213	0.00080460436
0.05563632225	-0.00323042980	0.00102487967
0.05562632933	-0.00339816353	0.00124551435
0.05561594087	-0.00356414803	0.00146634249
0.05560517703	-0.00372831300	0.00168719130
0.05559405850	-0.00389058988	0.00190789070
0.05558260627	-0.00405091476	0.00212827151
0.05557084156	-0.00420922772	0.00234816648
0.05555878300	-0.00436550811	0.00256745395
0.05554645744	-0.00451963451	0.00278591004
0.05553388443	-0.00467158540	0.00300339351
0.05552108376	-0.00482133679	0.00321977042
0.05550807450	-0.00496887262	0.00343493478
0.05549488748	-0.00511404862	0.00364862447
0.05548153019	-0.00525697988	0.00386085864
0.05546803852	-0.00539747468	0.00407133478
0.05545441679	-0.00553567418	0.00428010257
0.05544070013	-0.00567140186	0.00448688563
0.05542690039	-0.00580471736	0.00469163354
0.05541303451	-0.00593562434	0.00489426964
0.05539912631	-0.00606406088	0.00509464318
0.05538519341	-0.00619002269	0.00529265427
0.05537125172	-0.00631351826	0.00548822424
0.05535731847	-0.00643454128	0.00568126481
0.05534341021	-0.00655308906	0.00587169336
0.05532954275	-0.00666916255	0.00605943290
0.05531572853	-0.00678278754	0.00624444398
0.05530198544	-0.00689394202	0.00642663563
0.05528832867	-0.00700262400	0.00660592803
0.05527476606	-0.00710888646	0.00678231234
0.05526130942	-0.00721274647	0.00695575951
0.05524797873	-0.00731415587	0.00712614552
0.05523477115	-0.00741323722	0.00729356168
0.05522171072	-0.00750990649	0.00745785814
0.05520879889	-0.00760424590	0.00761907021
0.05519604045	-0.00769630744	0.00777722673
0.05518345484	-0.00778603505	0.00793221516
0.05517104164	-0.00787351217	0.00808408216
0.05515880797	-0.00795876457	0.00823282352
0.05514676019	-0.00804182008	0.00837843884
0.05513490397	-0.00812270855	0.00852093138
0.05512324432	-0.00820146122	0.00866030818
0.05511178560	-0.00827811081	0.00879657967
0.05510053154	-0.00835269143	0.00892975955
0.05508948521	-0.00842523880	0.00905986433
0.05507864918	-0.00849578925	0.00918691373
0.05506801929	-0.00856441948	0.00931099447
0.05505760835	-0.00863109453	0.00943204314
0.05504741484	-0.00869586965	0.00955009666
0.05503742556	-0.00875887078	0.00966531817
0.05502766502	-0.00881998368	0.00977753904
0.05501810901	-0.00887939813	0.00988699327
0.05500877937	-0.00893701415	0.00999353494
0.05499965009	-0.00899302620	0.01009741897
0.05499074747	-0.00904730475	0.01019846362
0.05498205246	-0.00909999658	0.01029684383
0.05497356208	-0.00915114759	0.01039263233
0.05496528855	-0.00920071112	0.01048575623
0.05495722023	-0.00924878230	0.01057633040
0.05494935525	-0.00929539603	0.01066440169
0.05494168941	-0.00934059927	0.01075003809
0.05493422394	-0.00938440568	0.01083325992
0.05492695748	-0.00942684317	0.01091409989
0.05491988437	-0.00946796341	0.01099262672
0.05491300179	-0.00950780017	0.01106888871
0.05490630674	-0.00954638730	0.01114293389
0.05489979613	-0.00958375790	0.01121481042
0.05489346672	-0.00961994497	0.01128456612
0.05488731182	-0.00965500031	0.01135228220
0.05488133278	-0.00968892884	0.01141797020
0.05487552711	-0.00972175674	0.01148166548
0.05486988926	-0.00975352666	0.01154342934
0.05486441568	-0.00978426912	0.01160330780
0.05485909824	-0.00981403947	0.01166139059
0.05485393472	-0.00984285912	0.01171772165
0.05484893372	-0.00987068891	0.01177223716
0.05484408277	-0.00989760654	0.01182504642
0.05483939428	-0.00992355102	0.01187603699
0.05483511101	-0.00994719207	0.01192316324
0.05483175412	-0.00996567962	0.01197261090
0.05482936825	-0.00997879790	0.01202380023
0.05482798527	-0.00998639380	0.01207613109
0.05482762371	-0.00998837868	0.01212898994
0.05482828840	-0.00998472940	0.01218175708
0.05482997044	-0.00997548853	0.01223381384
0.05483264732	-0.00996076390	0.01228454990
0.05483628333	-0.00994072736	0.01233337045
0.05484083016	-0.00991561279	0.01237970310
0.05484622776	-0.00988571343	0.01242300464
0.05485240535	-0.00985137847	0.01246276740
0.05485928257	-0.00981300904	0.01249852519
0.05486677083	-0.00977105359	0.01252985881
0.05544461888	0.00983424859	-0.00732682332
0.05545278262	0.00978811054	-0.00744316922
0.05545774271	0.00975996832	-0.00748987939
0.05546221240	0.00973453665	-0.00752528045
0.05546654393	0.00970982559	-0.00755473572
0.05547077599	0.00968561923	-0.00758043447
0.05547497839	0.00966152062	-0.00760342873
0.05547923925	0.00963702343	-0.00762425537
0.05548347593	0.00961260150	-0.00764347376
0.05548778665	0.00958768696	-0.00766123967
0.05549218762	0.00956218182	-0.00767773160
0.05549661668	0.00953644299	-0.00769320649
0.05550113113	0.00951013418	-0.00770770105
0.05550577222	0.00948300894	-0.00772123502
0.05551049115	0.00945534670	-0.00773395489
0.05551529679	0.00942709026	-0.00774590831
0.05552021261	0.00939809558	-0.00775710469
0.05552524338	0.00936832730	-0.00776757035
0.05553039356	0.00933775132	-0.00777732548
0.05553566731	0.00930633469	-0.00778638434
0.05554107159	0.00927402689	-0.00779475084
0.05554660337	0.00924083667	-0.00780244273
0.05555226376	0.00920674749	-0.00780946854
0.05555807226	0.00917163102	-0.00781579918
0.05556402017	0.00913552795	-0.00782145197
0.05557011150	0.00909840183	-0.00782642098
0.05557635053	0.00906021358	-0.00783069849
0.05558274019	0.00902093128	-0.00783427559
0.05558928341	0.00898052218	-0.00783714326
0.05559599158	0.00893889976	-0.00783927240
0.05560289903	0.00889583207	-0.00784057910
0.05560992484	0.00885180590	-0.00784121337
0.05561711909	0.00880649037	-0.00784107551
0.05562454699	0.00875945094	-0.00784000747
0.05563207677	0.00871150062	-0.00783826453
0.05563984130	0.00866177050	-0.00783556033
0.05564774292	0.00861086038	-0.00783207808
0.05565587225	0.00855815941	-0.00782760438
0.05566413487	0.00850425173	-0.00782232326
0.05567264412	0.00844836699	-0.00781596044
0.05568130131	0.00839111989	-0.00780870525
0.05569014736	0.00833220832	-0.00780044922
0.05569920154	0.00827146638	-0.00779111396
0.05570845649	0.00820890269	-0.00778067701
0.05571788482	0.00814466201	-0.00776917246
0.05572750830	0.00807855354	-0.00775651551
0.05573732537	0.00801054110	-0.00774266913
0.05574733416	0.00794058832	-0.00772759516
0.05575753241	0.00786865859	-0.00771125452
0.05576791743	0.00779471574	-0.00769360566
0.05577848614	0.00771872346	-0.00767460616
0.05578925868	0.00764047277	-0.00765413839
0.05580019346	0.00756019958	-0.00763225769
0.05581129452	0.00747780801	-0.00760889929
0.05582258383	0.00739306046	-0.00758392940
0.05583403799	0.00730605294	-0.00755733669
0.05584563718	0.00721685639	-0.00752911475
0.05585741320	0.00712513849	-0.00749907522
0.05586931631	0.00703119506	-0.00746729042
0.05588135835	0.00693483942	-0.00743363849
0.05589355067	0.00683587607	-0.00739796968
0.05590583982	0.00673463302	-0.00736036824
0.05591824219	0.00663086716	-0.00732067651
0.05593074521	0.00652456501	-0.00727882181
0.05594333564	0.00641571551	-0.00723472991
0.05595599956	0.00630430980	-0.00718832561
0.05596872237	0.00619034125	-0.00713953336
0.05598148884	0.00607380572	-0.00708827699
0.05599428305	0.00595470189	-0.00703447956
0.05600708845	0.00583303109	-0.00697806418
0.05601988789	0.00570879749	-0.00691895408
0.05603267262	0.00558191787	-0.00685702364
0.05604541973	0.00545244308	-0.00679220382
0.05605809361	0.00532055905	-0.00672451320
0.05607071028	0.00518590953	-0.00665367530
0.05608320679	0.00504897260	-0.00657985195
0.05609560593	0.00490929767	-0.00650271530
0.05610784647	0.00476736536	-0.00642243045
0.05611993659	0.00462286990	-0.00633875171
0.05613184408	0.00447596791	-0.00625166281
0.05614354105	0.00432677785	-0.00616114702
0.05615501293	0.00417525219	-0.00606709538
0.05616623697	0.00402144669	-0.00596945043
0.05617719125	0.00386540970	-0.00586815206
0.05618785234	0.00370721698	-0.00576316002
0.05619819635	0.00354696141	-0.00565445191
0.05620820367	0.00338467854	-0.00554197307
0.05621785458	0.00322040919	-0.00542567093
0.05622712557	0.00305426882	-0.00530554319
0.05623599619	0.00288633696	-0.00518157310
0.05624444707	0.00271668581	-0.00505374510
0.05625245910	0.00254539844	-0.00492205446
0.05626001394	0.00237255984	-0.00478650090
0.05626709828	0.00219814902	-0.00464700630
0.05627368617	0.00202248698	-0.00450373866
0.05627976680	0.00184555074	-0.00435665739
0.05628532867	0.00166732874	-0.00420570398
0.05629035194	0.00148811537	-0.00405104671
0.05629482669	0.00130793598	-0.00389269200
0.05629874413	0.00112677296	-0.00373059336
0.05630208895	0.00094498061	-0.00356499230
0.05630485718	0.00076240841	-0.00339577401
0.05630703815	0.00057936457	-0.00322315511
0.05630862743	0.00039583441	-0.00304713611
0.05630961975	0.00021197122	-0.00286783153
0.05631001181	0.00002790891	-0.00268536459
0.05630980173	-0.00015632420	-0.00249977146
0.05630898932	-0.00034048469	-0.00231127256
0.05630757459	-0.00052464502	-0.00211983762
0.05630556167	-0.00070847252	-0.00192577362
0.05630295148	-0.00089211148	-0.00172900474
0.05629975264	-0.00107520293	-0.00152986739
0.05629596835	-0.00125783763	-0.00132835280
0.05629160836	-0.00143980456	-0.00112468314
0.05628668191	-0.00162100200	-0.00091901973
0.05628119579	-0.00180144622	-0.00071140744
0.05627516703	-0.00198085438	-0.00050215980
0.05626860466	-0.00215924478	-0.00029135505
0.05626152037	-0.00233656459	-0.00007910361
0.05625393425	-0.00251258637	0.00013431063
0.05624585860	-0.00268730322	0.00034877776
0.05623730988	-0.00286062677	0.00056412889
0.05622830408	-0.00303249546	0.00078022424
0.05621886241	-0.00320276721	0.00099684038
0.05620900234	-0.00337138904	0.00121382209
0.05619874273	-0.00353829394	0.00143100584
0.05618810339	-0.00370340998	0.00164822148
0.05617710472	-0.00386666697	0.00186530150
0.05616576742	-0.00402799929	0.00208207926
0.05615411247	-0.00418734529	0.00229838998
0.05614215837	-0.00434468204	0.00251411284
0.05612993159	-0.00449988751	0.00272902884
0.05611745163	-0.00465293785	0.00294299823
0.05610473819	-0.00480380696	0.00315588842
0.05609181030	-0.00495247670	0.00336759409
0.05607869845	-0.00509880267	0.00357785960
0.05606541047	-0.00524289587	0.00378669986
0.05605198180	-0.00538456540	0.00399382077
0.05603841723	-0.00552394809	0.00419926677
0.05602475149	-0.00566086818	0.00440276921
0.05601099671	-0.00579538233	0.00460427634
0.05599716995	-0.00592749240	0.00480371175
0.05598329497	-0.00605713569	0.00500092789
0.05596938953	-0.00618430626	0.00519582601
0.05595546970	-0.00630901093	0.00538832799
0.05594155285	-0.00643124200	0.00557834666
0.05592765565	-0.00655099549	0.00576580040
0.05591379409	-0.00666827104	0.00595061317
0.05589998084	-0.00678309295	0.00613274519
0.05588623387	-0.00689543848	0.00631210734
0.05587256854	-0.00700530462	0.00648862113
0.05585899301	-0.00711274269	0.00666227656
0.05584551926	-0.00721776881	0.00683304454
0.05583216732	-0.00732033471	0.00700080451
0.05581893485	-0.00742056069	0.00716564329
0.05580584576	-0.00751836331	0.00732741589
0.05579290193	-0.00761382316	0.00748615532
0.05578010841	-0.00770699125	0.00764188884
0.05576748459	-0.00779781195	0.00779450766
0.05575503044	-0.00788636727	0.00794405609
0.05574275327	-0.00797268250	0.00809052980
0.05573065963	-0.00805678504	0.00823392824
0.05571875537	-0.00813870433	0.00837425444
0.05570704569	-0.00821847122	0.00851151516
0.05569553513	-0.00829611808	0.00864572053
0.05568422760	-0.00837167873	0.00877688386
0.05567312636	-0.00844518859	0.00890502128
0.05566223411	-0.00851668373	0.00903015202
0.05565154702	-0.00858624029	0.00915236006
0.05564107780	-0.00865382402	0.00927158489
0.05563082515	-0.00871948972	0.00938786235
0.05562077628	-0.00878336236	0.00950135022
0.05561095536	-0.00884532939	0.00961188681
0.05560133878	-0.00890557882	0.00971969798
0.05559194809	-0.00896401224	0.00982464403
0.05558275786	-0.00902082244	0.00992697116
0.05557379397	-0.00907588187	0.01002650529
0.05556503785	-0.00912933606	0.01012341548
0.05555648661	-0.00918123110	0.01021777283
0.05554815228	-0.00923152134	0.01030950806
0.05554002354	-0.00928030138	0.01039873254
0.05553209854	-0.00932760632	0.01048549240
0.05552437320	-0.00937348328	0.01056985412
0.05551684874	-0.00941794637	0.01065183829
0.05550952384	-0.00946102378	0.01073147737
0.05550239295	-0.00950276721	0.01080883849
0.05549545331	-0.00954321071	0.01088396919
0.05548870193	-0.00958238837	0.01095691673
0.05548213578	-0.00962033355	0.01102772852
0.05547575167	-0.00965707955	0.01109645162
0.05546954296	-0.00969267827	0.01116316533
0.05546351097	-0.00972713520	0.01122788180
0.05545765322	-0.00976047682	0.01129063602
0.05545196422	-0.00979274593	0.01135148803
0.05544644043	-0.00982397332	0.01141048311
0.05544107382	-0.00985421444	0.01146770876
0.05543586214	-0.00988349112	0.01152320837
0.05543081383	-0.00991176508	0.01157692130
0.05542591656	-0.00993911376	0.01162895373
0.05542118255	-0.00996547708	0.01167919795
0.05541689741	-0.00998927877	0.01172524320
0.05541351228	-0.01000804004	0.01177363332
0.05541107206	-0.01002154187	0.01182380098
0.05540960925	-0.01002962665	0.01187515801
0.05540914338	-0.01003220005	0.01192710229
0.05540968068	-0.01002923202	0.01197902483
0.05541121397	-0.01002075720	0.01203031689
0.05541372277	-0.01000687450	0.01208037710
0.05541717368	-0.00998774596	0.01212861856
0.05542152096	-0.00996359490	0.01217447568
0.05542670726	-0.00993470333	0.01221741083
0.05543266469	-0.00990140870	0.01225692063
0.05543931583	-0.00986410002	0.01229254187
0.05544657508	-0.00982321336	0.01232385693
0.05603703072	0.00981449706	-0.00719705501
0.05604491543	0.00976937149	-0.00731157392
0.05604972801	0.00974172238	-0.00735756300
0.05605407183	0.00971669676	-0.00739242162
0.05605828508	0.00969235980	-0.00742143136
0.05606240484	0.00966850187	-0.00744674440
0.05606649819	0.00964473671	-0.00746939669
0.05607064982	0.00962057138	-0.00748991876
0.05607478032	0.00959646689	-0.00750885709
0.05607898417	0.00957187019	-0.00752636820
0.05608327700	0.00954668559	-0.00754262799
0.05608759908	0.00952126014	-0.00755788648
0.05609200555	0.00949526611	-0.00757218176
0.05609653617	0.00946846317	-0.00758553470
0.05610114405	0.00944112288	-0.00759808734
0.05610583780	0.00941318912	-0.00760988667
0.05611064005	0.00938452122	-0.00762094276
0.05611555546	0.00935508422	-0.00763128158
0.05612058839	0.00932484443	-0.00764092304
0.05612574292	0.00929376925	-0.00764988123
0.05613102582	0.00926180894	-0.00765816019
0.05613643425	0.00922897146	-0.00766577715
0.05614196936	0.00919524012	-0.00767274044
0.05614764999	0.00916048938	-0.00767902219
0.05615346785	0.00912475824	-0.00768463900
0.05615942689	0.00908801057	-0.00768958509
0.05616553130	0.00905020768	-0.00769385298
0.05617178399	0.00901131782	-0.00769743396
0.05617818785	0.00897130841	-0.00770031921
0.05618475396	0.00893009451	-0.00770248057
0.05619151543	0.00888744953	-0.00770383712
0.05619839447	0.00884384670	-0.00770453245
0.05620543935	0.00879896312	-0.00770447081
0.05621271297	0.00875237485	-0.00770350002
0.05622008854	0.00870487274	-0.00770186449
0.05622769409	0.00865560989	-0.00769928927
0.05623543565	0.00860516952	-0.00769594953
0.05624340059	0.00855295592	-0.00769164010
0.05625149807	0.00849953707	-0.00768653697
0.05625983732	0.00844416186	-0.00768037649
0.05626832338	0.00838742803	-0.00767333957
0.05627699575	0.00832904041	-0.00766532173
0.05628587308	0.00826883649	-0.00765624708
0.05629494835	0.00820682368	-0.00764609323
0.05630419526	0.00814314199	-0.00763489219
0.05631363484	0.00807760459	-0.00762256195
0.05632326569	0.00801017521	-0.00760906614
0.05633308605	0.00794081739	-0.00759436730
0.05634309383	0.00786949441	-0.00757842706
0.05635328649	0.00779616999	-0.00756120460
0.05636366111	0.00772080767	-0.00754265827
0.05637423717	0.00764320276	-0.00752267411
0.05638497462	0.00756358396	-0.00750130404
0.05639587737	0.00748185678	-0.00747848494
0.05640696667	0.00739778860	-0.00745408728
0.05641821998	0.00731147180	-0.00742809875
0.05642961817	0.00722297437	-0.00740051204
0.05644119196	0.00713197134	-0.00737114499
0.05645289334	0.00703874980	-0.00734006549
0.05646473374	0.00694312671	-0.00730715530
0.05647672412	0.00684491032	-0.00727226900
0.05648881283	0.00674441919	-0.00723548577
0.05650101565	0.00664141521	-0.00719665286
0.05651332042	0.00653588408	-0.00715569874
0.05652571427	0.00642781385	-0.00711255036
0.05653818369	0.00631719476	-0.00706713369
0.05655071450	0.00620401920	-0.00701937433
0.05656329187	0.00608828201	-0.00696919726
0.05657590029	0.00596998081	-0.00691652669
0.05658852365	0.00584911585	-0.00686128688
0.05660114520	0.00572569012	-0.00680340214
0.05661375632	0.00559962142	-0.00674274989
0.05662633469	0.00547095832	-0.00667926162
0.05663884562	0.00533988126	-0.00661295324
0.05665130444	0.00520604174	-0.00654355731
0.05666364995	0.00506990531	-0.00647122701
0.05667590400	0.00493103145	-0.00639564572
0.05668800697	0.00478988836	-0.00631696974
0.05669996654	0.00464617691	-0.00623496151
0.05671175118	0.00450004921	-0.00614960322
0.05672333352	0.00435162029	-0.00606087701
0.05673469910	0.00420084319	-0.00596867657
0.05674582547	0.00404777182	-0.00587294495
0.05675669102	0.00389245295	-0.00577362272
0.05676727259	0.00373496019	-0.00567066963
0.05677754657	0.00357538396	-0.00556406273
0.05678749348	0.00341375882	-0.00545374823
0.05679709373	0.00325012452	-0.00533967435
0.05680632400	0.00308459381	-0.00522183772
0.05681516390	0.00291724451	-0.00510022130
0.05682359414	0.00274814733	-0.00497480933
0.05683159560	0.00257738375	-0.00484559663
0.05683914990	0.00240503723	-0.00471258236
0.05684624361	0.00223108766	-0.00457569099
0.05685285083	0.00205584949	-0.00443508351
0.05685896053	0.00187930102	-0.00429072124
0.05686456098	0.00170143170	-0.00414254791
0.05686963220	0.00152253036	-0.00399072530
0.05687416398	0.00134262294	-0.00383526032
0.05687814724	0.00116169325	-0.00367610885
0.05688156635	0.00098008930	-0.00351350361
0.05688441698	0.00079766516	-0.00334733554
0.05688668807	0.00061472396	-0.00317781376
0.05688837479	0.00043125297	-0.00300494037
0.05688947140	0.00024740396	-0.00282882682
0.05688997413	0.00006330989	-0.00264959336
0.05688988068	-0.00012099960	-0.00246727665
0.05688919024	-0.00030528402	-0.00228209063
0.05688790245	-0.00048961229	-0.00209400855
0.05688602071	-0.00067365620	-0.00190332777
0.05688354564	-0.00085755487	-0.00170997821
0.05688048505	-0.00104095410	-0.00151428571
0.05687684182	-0.00122394034	-0.00131624510
0.05687262499	-0.00140630424	-0.00111607270
0.05686784329	-0.00158794339	-0.00091392697
0.05686250311	-0.00176887115	-0.00070985430
0.05685662068	-0.00194880739	-0.00050415931
0.05685020468	-0.00212776721	-0.00029692108
0.05684326636	-0.00230569609	-0.00008824917
0.05683582509	-0.00248236802	0.00012157991
0.05682789285	-0.00265777329	0.00033245647
0.05681948563	-0.00283182232	0.00054421431
0.05681061903	-0.00300445186	0.00075671530
0.05680131372	-0.00317551953	0.00096974081
0.05679158686	-0.00334497041	0.00118313753
0.05678145694	-0.00351273584	0.00139674429
0.05677094345	-0.00367874230	0.00161039350
0.05676006647	-0.00384291807	0.00182392022
0.05674884643	-0.00400519592	0.00203716030
0.05673730405	-0.00416551251	0.00224995139
0.05672545768	-0.00432384268	0.00246217354
0.05671333346	-0.00448006389	0.00267361251
0.05670095077	-0.00463415006	0.00288413001
0.05668832922	-0.00478607301	0.00309359485
0.05667548781	-0.00493581260	0.00330190235
0.05666245666	-0.00508322439	0.00350880321
0.05664924393	-0.00522841534	0.00371430829
0.05663588460	-0.00537119542	0.00391813163
0.05662238390	-0.00551169722	0.00412031268
0.05660877615	-0.00564974580	0.00432059028
0.05659507373	-0.00578539489	0.00451891143
0.05658129383	-0.00591864461	0.00471520001
0.05656746011	-0.00604943153	0.00490931158
0.05655359045	-0.00617774816	0.00510114855
0.05653970107	-0.00630359963	0.00529063336
0.05652580944	-0.00642697695	0.00547767992
0.05651193237	-0.00654787487	0.00566220764
0.05649808598	-0.00666629177	0.00584414138
0.05648428315	-0.00678225052	0.00602344112
0.05647054192	-0.00689572766	0.00620001950
0.05645687780	-0.00700671921	0.00637379938
0.05644329924	-0.00711527486	0.00654476963
0.05642981841	-0.00722140982	0.00671290115
0.05641645532	-0.00732507574	0.00687807674
0.05640320812	-0.00742639067	0.00704037891
0.05639010063	-0.00752527180	0.00719966735
0.05637713507	-0.00762179810	0.00735597288
0.05636431678	-0.00771601962	0.00750932126
0.05635166507	-0.00780788117	0.00765960730
0.05633918030	-0.00789746337	0.00780687307
0.05632686994	-0.00798479104	0.00795111411
0.05631474072	-0.00806989114	0.00809232974
0.05630279865	-0.00815279270	0.00823052277
0.05629104912	-0.00823352621	0.00836569971
0.05627949684	-0.00831212371	0.00849787037
0.05626814589	-0.00838861869	0.00862704772
0.05625699967	-0.00846304630	0.00875324746
0.05624606109	-0.00853544237	0.00887648841
0.05623532656	-0.00860588241	0.00899685189
0.05622480870	-0.00867433295	0.00911428013
0.05621450645	-0.00874084833	0.00922880798
0.05620440739	-0.00880555248	0.00934058803
0.05619453538	-0.00886833461	0.00944946525
0.05618486738	-0.00892938088	0.00955565769
0.05617542464	-0.00898859453	0.00965903158
0.05616618231	-0.00904616659	0.00975982475
0.05615716588	-0.00910197152	0.00985787045
0.05614835720	-0.00915615361	0.00995333210
0.05613975349	-0.00920875905	0.01004627921
0.05613136663	-0.00925974328	0.01013664593
0.05612318554	-0.00930920031	0.01022454031
0.05611520845	-0.00935716545	0.01031000771
0.05610743138	-0.00940368591	0.01039311317
0.05609985554	-0.00944877630	0.01047387753
0.05609247964	-0.00949246505	0.01055233297
0.05608529825	-0.00953480389	0.01062854510
0.05607830864	-0.00957582711	0.01070256069
0.05607150789	-0.00961556904	0.01077442628
0.05606489300	-0.00965406331	0.01084418852
0.05605846080	-0.00969134345	0.01091189371
0.05605220476	-0.00972746147	0.01097761930
0.05604612613	-0.00976242343	0.01104137801
0.05604022244	-0.00979625610	0.01110320450
0.05603448828	-0.00982900239	0.01116315753
0.05602892013	-0.00986069336	0.01122128167
0.05602351004	-0.00989138452	0.01127766227
0.05601825575	-0.00992109811	0.01133234215
0.05601316550	-0.00994979675	0.01138526375
0.05600822716	-0.00997755759	0.01143653019
0.05600345271	-0.01000432153	0.01148603835
0.05599917078	-0.01002826191	0.01153102485
0.05599576301	-0.01004727274	0.01157837712
0.05599327448	-0.01006113204	0.01162754001
0.05599173823	-0.01006967801	0.01167793711
0.05599117471	-0.01007281090	0.01172897758
0.05599159145	-0.01007049415	0.01178006301
0.05599298287	-0.01006275479	0.01183059447
0.05599533046	-0.01004968316	0.01187997953
0.05599860302	-0.01003143186	0.01192763918
0.05600275723	-0.01000821399	0.01197301467
0.05600773842	-0.00998030068	0.01201557400
0.05601348144	-0.00994801800	0.01205481822
0.05601991175	-0.00991174316	0.01209028721
0.05602694666	-0.00987190017	0.01212156513
0.05661909294	0.00979438178	-0.00707211036
0.05662671367	0.00975022558	-0.00718486350
0.05663138632	0.00972304908	-0.00723015533
0.05663561060	0.00969841286	-0.00726448938
0.05663971144	0.00967443474	-0.00729306809
0.05664372440	0.00965091115	-0.00731800791
0.05664771396	0.00962746606	-0.00734032921
0.05665176164	0.00960361928	-0.00736055634
0.05665579103	0.00957981959	-0.00737922346
0.05665989306	0.00955552814	-0.00739648768
0.05666408284	0.00953065138	-0.00741252238
0.05666830293	0.00950552698	-0.00742757103
0.05667260644	0.00947983538	-0.00744167296
0.05667703171	0.00945334210	-0.00745485011
0.05668153365	0.00942631120	-0.00746724023
0.05668612063	0.00939868759	-0.00747888973
0.05669081447	0.00937033377	-0.00748980927
0.05669561974	0.00934121525	-0.00750002447
0.05670054071	0.00931129867	-0.00750955497
0.05670558137	0.00928055180	-0.00751841472
0.05671074832	0.00924892563	-0.00752660785
0.05671603888	0.00921642737	-0.00753415110
0.05672145425	0.00918304019	-0.00754105261
0.05672701264	0.00914864124	-0.00754728568
0.05673270616	0.00911326787	-0.00755286618
0.05673853868	0.00907688430	-0.00755778854
0.05674451431	0.00903945218	-0.00756204547
0.05675063594	0.00900093994	-0.00756562846
0.05675690645	0.00896131518	-0.00756852888
0.05676333657	0.00892049445	-0.00757071944
0.05676995830	0.00887825629	-0.00757212208
0.05677669678	0.00883506099	-0.00757287434
0.05678359860	0.00879059326	-0.00757288416
0.05679072443	0.00874443929	-0.00757200492
0.05679795222	0.00869736880	-0.00757047082
0.05680540539	0.00864855588	-0.00756801763
0.05681299349	0.00859856793	-0.00756481295
0.05682080081	0.00854682372	-0.00756065941
0.05682873986	0.00849387577	-0.00755572538
0.05683691604	0.00843899139	-0.00754975730
0.05684523786	0.00838275207	-0.00754292811
0.05685374351	0.00832486934	-0.00753513711
0.05686245101	0.00826518389	-0.00752631077
0.05687135372	0.00820370199	-0.00751642679
0.05688042631	0.00814055911	-0.00750551522
0.05688968916	0.00807557223	-0.00749349668
0.05689914098	0.00800870501	-0.00748033545
0.05690878013	0.00793992089	-0.00746599475
0.05691860467	0.00786918308	-0.00745043687
0.05692861220	0.00779645516	-0.00743362173
0.05693879996	0.00772170055	-0.00741550838
0.05694918679	0.00764471867	-0.00739598633
0.05695973410	0.00756573137	-0.00737510433
0.05697044569	0.00748464544	-0.00735280082
0.05698134212	0.00740123306	-0.00732895029
0.05699240163	0.00731558313	-0.00730353954
0.05700360579	0.00722776085	-0.00727656042
0.05701498428	0.00713744827	-0.00724783663
0.05702649072	0.00704492415	-0.00721743191
0.05703813615	0.00695000894	-0.00718523147
0.05704993116	0.00685251449	-0.00715109398
0.05706182580	0.00675275031	-0.00711509387
0.05707383529	0.00665048310	-0.00707708303
0.05708594784	0.00654569779	-0.00703699107
0.05709815096	0.00643838159	-0.00699474604
0.05711043150	0.00632852387	-0.00695027505
0.05712277567	0.00621611610	-0.00690350483
0.05713516905	0.00610115218	-0.00685436147
0.05714759651	0.00598362872	-0.00680277030
0.05716004235	0.00586354491	-0.00674865664
0.05717249021	0.00574090267	-0.00669194592
0.05718493161	0.00561562077	-0.00663251840
0.05719734476	0.00548774562	-0.00657030614
0.05720969589	0.00535745240	-0.00650532254
0.05722199965	0.00522440005	-0.00643730872
0.05723419651	0.00508904213	-0.00636640975
0.05724630744	0.00495094782	-0.00629231960
0.05725827437	0.00481057337	-0.00621518633
0.05727010448	0.00466762606	-0.00613478005
0.05728176692	0.00452225371	-0.00605108154
0.05729323481	0.00437456804	-0.00596407190
0.05730449379	0.00422452266	-0.00587364735
0.05731552175	0.00407216973	-0.00577975145
0.05732629734	0.00391755452	-0.00568232542
0.05733679770	0.00376074857	-0.00558132904
0.05734699947	0.00360183999	-0.00547673888
0.05735688334	0.00344086237	-0.00536850195
0.05736642982	0.00327785444	-0.00525656727
0.05737561581	0.00311292640	-0.00514093047
0.05738442101	0.00294615438	-0.00502157425
0.05739282617	0.00277760772	-0.00489848267
0.05740081220	0.00260736635	-0.00477165013
0.05740836071	0.00243551228	-0.00464107529
0.05741545817	0.00226202627	-0.00450668503
0.05742207875	0.00208721645	-0.00436863379
0.05742821119	0.00191106235	-0.00422688462
0.05743384359	0.00173355442	-0.00408138342
0.05743895585	0.00155497614	-0.00393228581
0.05744353751	0.00137535398	-0.00377959916
0.05744757920	0.00119467319	-0.00362328156
0.05745106502	0.00101327563	-0.00346355744
0.05745399034	0.00083101984	-0.00330032316
0.05745634370	0.00064820404	-0.00313378072
0.05745811992	0.00046481739	-0.00296393371
0.05745931285	0.00028101014	-0.00279089066
0.05745991827	0.00009691435	-0.00261476898
0.05745993347	-0.00008743909	-0.00243560579
0.05745935710	-0.00027181255	-0.00225360884
0.05745818842	-0.00045627151	-0.00206875469
0.05745643019	-0.00064049212	-0.00188133159
0.05745408272	-0.00082460852	-0.00169127484
0.05745115307	-0.00100827115	-0.00149890025
0.05744764381	-0.00119156232	-0.00130420599
0.05744356335	-0.00137427433	-0.00110740285
0.05743891988	-0.00155630412	-0.00090864650
0.05743371945	-0.00173766227	-0.00070798472
0.05742797752	-0.00191807132	-0.00050571369
0.05742170245	-0.00209754332	-0.00030191322
0.05741490506	-0.00227602212	-0.00009669202
0.05740760404	-0.00245328316	0.00010968048
0.05739981104	-0.00262931405	0.00031709478
0.05739154162	-0.00280402405	0.00052538735
0.05738281099	-0.00297734835	0.00073442163
0.05737363933	-0.00314914432	0.00094398360
0.05736404345	-0.00331935521	0.00115392183
0.05735404152	-0.00348791077	0.00136407739
0.05734365269	-0.00365473606	0.00157428522
0.05733289675	-0.00381975785	0.00178438282
0.05732179384	-0.00398290741	0.00199420848
0.05731036443	-0.00414411984	0.00220360221
0.05729862673	-0.00430336785	0.00241244492
0.05728660652	-0.00446052844	0.00262052692
0.05727432306	-0.00461557342	0.00282771138
0.05726179589	-0.00476847266	0.00303386846
0.05724904393	-0.00491920408	0.00323889417
0.05723609695	-0.00506762327	0.00344254522
0.05722296342	-0.00521383330	0.00364482872
0.05720967785	-0.00535764507	0.00384546642
0.05719624587	-0.00549918703	0.00404449314
0.05718270141	-0.00563828512	0.00424165481
0.05716905708	-0.00577499026	0.00443689732
0.05715533014	-0.00590930089	0.00463014485
0.05714154418	-0.00604115294	0.00482125595
0.05712771716	-0.00617053740	0.00501013415
0.05711386543	-0.00629745785	0.00519670244
0.05710000655	-0.00642190406	0.00538087584
0.05708615744	-0.00654386955	0.00556257471
0.05707233433	-0.00666335154	0.00574172483
0.05705855030	-0.00678037148	0.00591828594
0.05704482344	-0.00689490528	0.00609217240
0.05703116936	-0.00700694805	0.00626330837
0.05701759681	-0.00711654788	0.00643168166
0.05700411811	-0.00722371913	0.00659726318
0.05699075326	-0.00732841339	0.00675993894
0.05697750088	-0.00743074652	0.00691978737
0.05696438462	-0.00753063639	0.00707667261
0.05695140709	-0.00762816035	0.00723062343
0.05693857386	-0.00772336754	0.00738166415
0.05692590418	-0.00781620324	0.00752969303
0.05691339874	-0.00790674670	0.00767474999
0.05690106518	-0.00799502228	0.00781683049
0.05688891039	-0.00808105653	0.00795593372
0.05687694054	-0.00816487811	0.00809206227
0.05686516118	-0.00824651711	0.00822522242
0.05685357716	-0.00832600529	0.00835542368
0.05684219274	-0.00840337581	0.00848267868
0.05683101147	-0.00847866355	0.00860700276
0.05682003640	-0.00855190412	0.00872841429
0.05680926419	-0.00862317240	0.00884699209
0.05679870740	-0.00869243567	0.00896268099
0.05678836516	-0.00875974783	0.00907551488
0.05677822544	-0.00882523178	0.00918564142
0.05676831173	-0.00888877848	0.00929291191
0.05675860161	-0.00895057222	0.00939753695
0.05674911600	-0.00901051789	0.00949938841
0.05673983064	-0.00906880474	0.00959869618
0.05673077058	-0.00912530928	0.00969530042
0.05672191813	-0.00918017447	0.00978935922
0.05671327061	-0.00923344664	0.00988094057
0.05670483971	-0.00928508230	0.00996998185
0.05669661463	-0.00933517485	0.01005658794
0.05668859367	-0.00938375979	0.01014080347
0.05668077292	-0.00943088443	0.01022269212
0.05667315359	-0.00947656383	0.01030227493
0.05666573444	-0.00952082666	0.01037958380
0.05665851013	-0.00956372466	0.01045468289
0.05665147800	-0.00960529233	0.01052761825
0.05664463514	-0.00964556426	0.01059843567
0.05663797861	-0.00968457429	0.01066718111
0.05663150528	-0.00972235619	0.01073390014
0.05662520869	-0.00975896205	0.01079866843
0.05661909006	-0.00979439847	0.01086149922
0.05661314692	-0.00982869249	0.01092242682
0.05660737392	-0.00986188715	0.01098150881
0.05660176757	-0.00989401373	0.01103878908
0.05659632001	-0.00992512777	0.01109435086
0.05659102896	-0.00995525192	0.01114823648
0.05658590249	-0.00998434970	0.01120039126
0.05658092864	-0.01001249792	0.01125091541
0.05657611916	-0.01003963850	0.01129971017
0.05657184499	-0.01006369489	0.01134367751
0.05656842009	-0.01008292855	0.01139002880
0.05656588965	-0.01009711486	0.01143822062
0.05656428715	-0.01010608820	0.01148768795
0.05656363390	-0.01010974380	0.01153785084
0.05656393858	-0.01010803900	0.01158812117
0.05656519713	-0.01010099368	0.01163790957
0.05656739283	-0.01008869010	0.01168663232
0.05657049657	-0.01007127191	0.01173371819
0.05657446734	-0.01004894249	0.01177861514
0.05657925295	-0.01002196265	0.01182079679
0.05658479090	-0.00999064756	0.01185976860
0.05659100939	-0.00995536317	0.01189507366
0.05659782852	-0.00991652193	0.01192629806
0.05721123080	0.00977326301	-0.00694750198
0.05721859286	0.00973006840	-0.00705848790
0.05722312803	0.00970336119	-0.00710308165
0.05722723472	0.00967911184	-0.00713689044
0.05723122493	0.00965549032	-0.00716503741
0.05723513269	0.00963229908	-0.00718960333
0.05723901999	0.00960917221	-0.00721159296
0.05724296519	0.00958564218	-0.00723152439
0.05724689485	0.00956214568	-0.00724991962
0.05725089645	0.00953815787	-0.00726693621
0.05725498455	0.00951358736	-0.00728274503
0.05725910395	0.00948876253	-0.00729758307
0.05726330581	0.00946337191	-0.00731149085
0.05726762703	0.00943718680	-0.00732449131
0.05727202432	0.00941046386	-0.00733671802
0.05727650579	0.00938314898	-0.00734821678
0.05728109249	0.00935510788	-0.00735899881
0.05728578888	0.00932630644	-0.00736908938
0.05729059915	0.00929671173	-0.00737850788
0.05729552719	0.00926629179	-0.00738726807
0.05730057944	0.00923499840	-0.00739537422
0.05730575340	0.00920283801	-0.00740284255
0.05731105028	0.00916979366	-0.00740968103
0.05731648769	0.00913574514	-0.00741586410
0.05732205811	0.00910072822	-0.00742140693
0.05732776534	0.00906470742	-0.00742630413
0.05733361344	0.00902764476	-0.00743054861
0.05733960525	0.00898950885	-0.00743413205
0.05734574363	0.00895026743	-0.00743704600
0.05735203899	0.00890983857	-0.00743926407
0.05735852222	0.00886800589	-0.00744071096
0.05736512135	0.00882521687	-0.00744151830
0.05737188130	0.00878116374	-0.00744159767
0.05737886057	0.00873544275	-0.00744080786
0.05738594173	0.00868880267	-0.00743937310
0.05739324372	0.00864043841	-0.00743703966
0.05740067951	0.00859090168	-0.00743396776
0.05740833036	0.00853962561	-0.00742996761
0.05741611210	0.00848714742	-0.00742520020
0.05742412631	0.00843275264	-0.00741942179
0.05743228498	0.00837700671	-0.00741279756
0.05744062494	0.00831962777	-0.00740523052
0.05744916366	0.00826045969	-0.00739664943
0.05745789480	0.00819950763	-0.00738703211
0.05746679404	0.00813690256	-0.00737640671
0.05747588107	0.00807246524	-0.00736469643
0.05748515473	0.00800615925	-0.00735186618
0.05749461351	0.00793794796	-0.00733787985
0.05750425558	0.00786779449	-0.00732270042
0.05751407870	0.00779566232	-0.00730628850
0.05752408026	0.00772151476	-0.00728860387
0.05753427848	0.00764515528	-0.00726953947
0.05754463619	0.00756679894	-0.00724914092
0.05755515707	0.00748635387	-0.00722734821
0.05756586100	0.00740359693	-0.00720403979
0.05757672702	0.00731861365	-0.00717920159
0.05758773735	0.00723146645	-0.00715282467
0.05759892065	0.00714184432	-0.00712473849
0.05761023215	0.00705001782	-0.00709500274
0.05762168251	0.00695581082	-0.00706350598
0.05763328194	0.00685903878	-0.00703011097
0.05764498217	0.00676000225	-0.00699488749
0.05765679788	0.00665847268	-0.00695769199
0.05766871761	0.00655443427	-0.00691845519
0.05768072926	0.00644787341	-0.00687710629
0.05769282005	0.00633877861	-0.00683357351
0.05770497658	0.00622714045	-0.00678778471
0.05771718478	0.00611295190	-0.00673966710
0.05772942995	0.00599620857	-0.00668914712
0.05774169676	0.00587690864	-0.00663615119
0.05775396926	0.00575505294	-0.00658060580
0.05776623910	0.00563056126	-0.00652239408
0.05777848502	0.00550347786	-0.00646144862
0.05779067414	0.00537397270	-0.00639778044
0.05780282046	0.00524171216	-0.00633113904
0.05781486611	0.00510713787	-0.00626166157
0.05782683117	0.00496982866	-0.00618905242
0.05783865912	0.00483022895	-0.00611345159
0.05785035665	0.00468805240	-0.00603463673
0.05786189359	0.00454344256	-0.00595258729
0.05787324355	0.00439650788	-0.00586728334
0.05788439229	0.00424720258	-0.00577862362
0.05789531802	0.00409557707	-0.00568655220
0.05790599966	0.00394167514	-0.00559101098
0.05791641466	0.00378556632	-0.00549195978
0.05792653995	0.00362733640	-0.00538937471
0.05793635634	0.00346701802	-0.00528320360
0.05794584450	0.00330464894	-0.00517339627
0.05795498154	0.00314033679	-0.00505994739
0.05796374725	0.00297415608	-0.00494283939
0.05797212247	0.00280617475	-0.00482205621
0.05798008813	0.00263647124	-0.00469759181
0.05798762586	0.00246512609	-0.00456944439
0.05799472201	0.00229212095	-0.00443754319
0.05800135087	0.00211775765	-0.00430203624
0.05800750098	0.00194201698	-0.00416288831
0.05801316025	0.00176489035	-0.00402004738
0.05801830851	0.00158665594	-0.00387366308
0.05802293505	0.00140734073	-0.00372374319
0.05802703025	0.00122693142	-0.00357024798
0.05803057796	0.00104576373	-0.00341339375
0.05803357322	0.00086370066	-0.00325308213
0.05803600426	0.00068103551	-0.00308950815
0.05803786553	0.00049775931	-0.00292267685
0.05803915050	0.00031402081	-0.00275269386
0.05803985452	0.00012995114	-0.00257967381
0.05803997449	-0.00005441755	-0.00240365422
0.05803950853	-0.00023885054	-0.00222483678
0.05803845556	-0.00042340985	-0.00204320122
0.05803681770	-0.00060777607	-0.00185902688
0.05803459496	-0.00079207830	-0.00167225424
0.05803179369	-0.00097597173	-0.00148318929
0.05802841614	-0.00115953450	-0.00129183343
0.05802447011	-0.00134256058	-0.00109839197
0.05801996328	-0.00152494634	-0.00090301781
0.05801490133	-0.00170669957	-0.00070576007
0.05800929901	-0.00188754554	-0.00050690659
0.05800316432	-0.00206749326	-0.00030653785
0.05799650770	-0.00224648498	-0.00010476168
0.05798934713	-0.00242429766	0.00009815946
0.05798169396	-0.00260091624	0.00030211636
0.05797356330	-0.00277624890	0.00050694810
0.05796497000	-0.00295022924	0.00071251975
0.05795593373	-0.00312271447	0.00091862184
0.05794647095	-0.00329364602	0.00112510482
0.05793659951	-0.00346295214	0.00133181206
0.05792633822	-0.00363055643	0.00153858100
0.05791570656	-0.00379638427	0.00174525161
0.05790472438	-0.00396036543	0.00195166458
0.05789341191	-0.00412243349	0.00215766233
0.05788178719	-0.00428255906	0.00236312665
0.05786987563	-0.00444061874	0.00256785238
0.05785769639	-0.00459658227	0.00277170413
0.05784526889	-0.00475041758	0.00297455348
0.05783261198	-0.00490210070	0.00317629715
0.05781975507	-0.00505148732	0.00337669777
0.05780670689	-0.00519867659	0.00357575885
0.05779350151	-0.00534348042	0.00377320974
0.05778014495	-0.00548602313	0.00396908073
0.05776667070	-0.00562613158	0.00416312478
0.05775309159	-0.00576385393	0.00435528673
0.05773942495	-0.00589918692	0.00454549108
0.05772569429	-0.00603206589	0.00473359933
0.05771191762	-0.00616248036	0.00491951619
0.05769811142	-0.00629043235	0.00510316522
0.05768429330	-0.00641591041	0.00528446251
0.05767048029	-0.00653890688	0.00546332942
0.05765668872	-0.00665941782	0.00563969265
0.05764293184	-0.00677746329	0.00581351173
0.05762922778	-0.00689301858	0.00598470276
0.05761559227	-0.00700607790	0.00615319113
0.05760203430	-0.00711668778	0.00631896370
0.05758856634	-0.00722486169	0.00648199137
0.05757520837	-0.00733055125	0.00664216333
0.05756195945	-0.00743387005	0.00679955400
0.05754884311	-0.00753473671	0.00695403193
0.05753586226	-0.00763322697	0.00710562388
0.05752302274	-0.00772938902	0.00725435275
0.05751034370	-0.00782316865	0.00740012021
0.05749782617	-0.00791464373	0.00754296407
0.05748547794	-0.00800383819	0.00768287974
0.05747330606	-0.00809077815	0.00781986623
0.05746131684	-0.00817549187	0.00795392598
0.05744951597	-0.00825800912	0.00808506501
0.05743790848	-0.00833836129	0.00821329254
0.05742649876	-0.00841658128	0.00833862088
0.05741529051	-0.00849270368	0.00846106497
0.05740428693	-0.00856676383	0.00858064280
0.05739348493	-0.00863883601	0.00869743068
0.05738289697	-0.00870888828	0.00881137601
0.05737252240	-0.00877697408	0.00892251172
0.05736234954	-0.00884321520	0.00903098064
0.05735240156	-0.00890750444	0.00913664025
0.05734265661	-0.00897002415	0.00923969385
0.05733313529	-0.00903068093	0.00934001885
0.05732381392	-0.00908966215	0.00943783729
0.05731471714	-0.00914684644	0.00953299616
0.05730582769	-0.00920237540	0.00962564826
0.05729714299	-0.00925629547	0.00971586007
0.05728867455	-0.00930856425	0.00980357217
0.05728041184	-0.00935927451	0.00988888630
0.05727235323	-0.00940846194	0.00997184637
0.05726449489	-0.00945617390	0.01005251467
0.05725683803	-0.00950242593	0.01013091247
0.05724938145	-0.00954724694	0.01020707137
0.05724211991	-0.00959068865	0.01028105409
0.05723505078	-0.00963278578	0.01035290595
0.05722817123	-0.00967357313	0.01042267202
0.05722147835	-0.00971308478	0.01049039752
0.05721496903	-0.00975135472	0.01055612733
0.05720863692	-0.00978843507	0.01061993534
0.05720248317	-0.00982433302	0.01068183530
0.05719650534	-0.00985907587	0.01074186117
0.05719069814	-0.00989270673	0.01080006933
0.05718505811	-0.00992525715	0.01085650299
0.05717957747	-0.00995678263	0.01091124332
0.05717425394	-0.00998730624	0.01096433213
0.05716909541	-0.01001679243	0.01101571755
0.05716409007	-0.01004531765	0.01106549694
0.05715924946	-0.01007282488	0.01111357578
0.05715498754	-0.01009697971	0.01115652734
0.05715155010	-0.01011641839	0.01120187905
0.05714898235	-0.01013091389	0.01124909921
0.05714731821	-0.01014029693	0.01129763420
0.05714657971	-0.01014445797	0.01134691499
0.05714677666	-0.01014334841	0.01139636382
0.05714790645	-0.01013698121	0.01144540093
0.05714995409	-0.01012543071	0.01149345142
0.05715289249	-0.01010883179	0.01153995193
0.05715668289	-0.01008737828	0.01158435729
0.05716127556	-0.01006132079	0.01162614689
0.05716661059	-0.01003096375	0.01166483078
0.05717261889	-0.00999666192	0.01169995544
0.05717922330	-0.00995881631	0.01173110904
0.05779300268	0.00975191491	-0.00682744978
0.05780011987	0.00970964188	-0.00693672740
0.05780452457	0.00968338487	-0.00698064612
0.05780851953	0.00965950684	-0.00701394694
0.05781240455	0.00963622765	-0.00704167626
0.05781621224	0.00961335558	-0.00706588042
0.05782000219	0.00959053439	-0.00708754910
0.05782384982	0.00956730862	-0.00710719426
0.05782768448	0.00954410346	-0.00712532625
0.05783159037	0.00952040745	-0.00714210300
0.05783558156	0.00949613126	-0.00715769292
0.05783960496	0.00947159441	-0.00717232685
0.05784370986	0.00944649315	-0.00718604639
0.05784793183	0.00942060431	-0.00719887539
0.05785222928	0.00939417748	-0.00721094346
0.05785661004	0.00936715952	-0.00722229580
0.05786109446	0.00933941917	-0.00723294417
0.05786568690	0.00931092273	-0.00724291347
0.05787039145	0.00928163761	-0.00725222285
0.05787521192	0.00925153220	-0.00726088590
0.05788015459	0.00922055896	-0.00726890699
0.05788521711	0.00918872365	-0.00727630190
0.05789040074	0.00915600921	-0.00728307839
0.05789572250	0.00912229791	-0.00728921197
0.05790117522	0.00908762404	-0.00729471719
0.05790676265	0.00905195240	-0.00729958879
0.05791248875	0.00901524537	-0.00730381991
0.05791835637	0.00897747172	-0.00730740239
0.05792436831	0.00893859938	-0.00731032797
0.05793053469	0.00889854781	-0.00731257108
0.05793688535	0.00885710552	-0.00731405905
0.05794335104	0.00881470774	-0.00731491794
0.05794997512	0.00877105392	-0.00731506277
0.05795681402	0.00872574988	-0.00731435743
0.05796375470	0.00867952442	-0.00731301676
0.05797091182	0.00863159230	-0.00731079693
0.05797820162	0.00858249030	-0.00730785120
0.05798570247	0.00853166522	-0.00730399697
0.05799333335	0.00847963970	-0.00729938825
0.05800119224	0.00842571668	-0.00729379057
0.05800919438	0.00837044626	-0.00728736180
0.05801737534	0.00831355288	-0.00728000847
0.05802575205	0.00825488351	-0.00727166151
0.05803431847	0.00819444219	-0.00726229887
0.05804305122	0.00813235565	-0.00725194688
0.05805196936	0.00806844822	-0.00724053120
0.05806107182	0.00800268345	-0.00722801738
0.05807035721	0.00793502463	-0.00721436992
0.05807982385	0.00786543481	-0.00719955245
0.05808946960	0.00779387737	-0.00718352629
0.05809929200	0.00772031550	-0.00716625190
0.05810930870	0.00764455659	-0.00714762544
0.05811948384	0.00756680920	-0.00712768964
0.05812982103	0.00748698273	-0.00710638595
0.05814033946	0.00740485856	-0.00708359656
0.05815101895	0.00732051896	-0.00705930663
0.05816184233	0.00723402373	-0.00703350645
0.05817283729	0.00714506851	-0.00700603095
0.05818396061	0.00705391600	-0.00697693602
0.05819522255	0.00696039336	-0.00694611344
0.05820663296	0.00686431951	-0.00691342978
0.05821814520	0.00676598644	-0.00687895048
0.05822977339	0.00666517018	-0.00684253633
0.05824150644	0.00656185420	-0.00680411913
0.05825333257	0.00645602412	-0.00676362916
0.05826523936	0.00634766766	-0.00672099573
0.05827721378	0.00623677455	-0.00667614779
0.05828924213	0.00612333686	-0.00662901362
0.05830131008	0.00600734930	-0.00657952075
0.05831340267	0.00588880904	-0.00652759666
0.05832550433	0.00576771593	-0.00647316889
0.05833760684	0.00564399070	-0.00641612325
0.05834968945	0.00551767558	-0.00635639293
0.05836172013	0.00538893557	-0.00629398668
0.05837371227	0.00525744415	-0.00622866193
0.05838560955	0.00512363155	-0.00616054844
0.05839743126	0.00498708586	-0.00608936040
0.05840912232	0.00484824018	-0.00601523028
0.05842068899	0.00470681428	-0.00593794285
0.05843210172	0.00456294765	-0.00585747631
0.05844333461	0.00441674562	-0.00577380983
0.05845437355	0.00426816298	-0.00568684452
0.05846519706	0.00411724850	-0.00559652496
0.05847578433	0.00396404456	-0.00550279372
0.05848611310	0.00380861874	-0.00540561068
0.05849616058	0.00365105465	-0.00530495154
0.05850590774	0.00349138405	-0.00520076493
0.05851533539	0.00332964372	-0.00509300141
0.05852442083	0.00316593889	-0.00498165477
0.05853314401	0.00300034248	-0.00486670722
0.05854148581	0.00283292113	-0.00474814257
0.05854942723	0.00266375183	-0.00462595440
0.05855694992	0.00249291371	-0.00450014046
0.05856404013	0.00232038932	-0.00437063225
0.05857067227	0.00214647440	-0.00423757173
0.05857683473	0.00197115096	-0.00410092528
0.05858251523	0.00179441137	-0.00396064288
0.05858769357	0.00161652868	-0.00381686846
0.05859235880	0.00143753037	-0.00366961022
0.05859650106	0.00125740453	-0.00351883045
0.05860010402	0.00107648097	-0.00336473776
0.05860316242	0.00089462699	-0.00320723876
0.05860566416	0.00071213113	-0.00304652189
0.05860760340	0.00052898622	-0.00288259348
0.05860897323	0.00034533956	-0.00271555647
0.05860976862	0.00016132137	-0.00254552279
0.05860998611	-0.00002303501	-0.00237253034
0.05860962333	-0.00020749767	-0.00219677502
0.05860867888	-0.00039212533	-0.00201823956
0.05860715427	-0.00057660283	-0.00183719483
0.05860504926	-0.00076105450	-0.00165358618
0.05860236952	-0.00094514006	-0.00146771026
0.05859911699	-0.00112893371	-0.00127957148
0.05859529889	-0.00131223105	-0.00108936996
0.05859092245	-0.00149492789	-0.00089725591
0.05858599299	-0.00167702938	-0.00070327966
0.05858052458	-0.00185826346	-0.00050772117
0.05857452488	-0.00203863622	-0.00031066145
0.05856800395	-0.00221808844	-0.00011220745
0.05856097913	-0.00239639852	0.00008738497
0.05855346146	-0.00257354891	0.00028800696
0.05854546563	-0.00274944675	0.00048950010
0.05853700612	-0.00292402415	0.00069173108
0.05852810212	-0.00309713821	0.00089449476
0.05851876977	-0.00326872864	0.00109764345
0.05850902659	-0.00343872225	0.00130102272
0.05849889106	-0.00360704132	0.00150447244
0.05848838236	-0.00377360988	0.00170783498
0.05847752006	-0.00393835630	0.00191095338
0.05846632413	-0.00410121274	0.00211367233
0.05845481245	-0.00426214782	0.00231587454
0.05844301008	-0.00442103778	0.00251735918
0.05843093606	-0.00457785039	0.00271799229
0.05841860968	-0.00473255177	0.00291764682
0.05840604971	-0.00488511611	0.00311622022
0.05839328520	-0.00503539929	0.00331348078
0.05838032516	-0.00518349665	0.00350942863
0.05836720316	-0.00532922117	0.00370380037
0.05835392560	-0.00547269312	0.00389662206
0.05834052555	-0.00561374038	0.00408765332
0.05832701604	-0.00575240839	0.00427683805
0.05831341446	-0.00588869233	0.00446410110
0.05829974418	-0.00602252697	0.00464930682
0.05828602330	-0.00615390043	0.00483236101
0.05827226836	-0.00628281327	0.00501318785
0.05825849707	-0.00640925287	0.00519170446
0.05824472649	-0.00653321045	0.00536783318
0.05823097306	-0.00665468097	0.00554150160
0.05821725019	-0.00677368314	0.00571266910
0.05820357602	-0.00689019171	0.00588125339
0.05818996636	-0.00700420002	0.00604718113
0.05817643046	-0.00711575309	0.00621043823
0.05816298092	-0.00722486355	0.00637099564
0.05814963765	-0.00733148308	0.00652874555
0.05813640017	-0.00743572306	0.00668375863
0.05812329183	-0.00753750287	0.00683590760
0.05811031588	-0.00763689668	0.00698521730
0.05809747837	-0.00773395176	0.00713170935
0.05808479834	-0.00782861445	0.00727528860
0.05807227717	-0.00792096124	0.00741599092
0.05805992276	-0.00801101565	0.00755381163
0.05804774230	-0.00809880341	0.00768874962
0.05803574225	-0.00818435239	0.00782080716
0.05802392844	-0.00826769202	0.00794999001
0.05801230602	-0.00834885339	0.00807630716
0.05800087952	-0.00842786910	0.00819977057
0.05798965279	-0.00850477347	0.00832039484
0.05797862916	-0.00857960161	0.00843819755
0.05796780578	-0.00865242715	0.00855325267
0.05795719502	-0.00872321894	0.00866551001
0.05794679639	-0.00879202998	0.00877500157
0.05793659862	-0.00885898095	0.00888186563
0.05792662449	-0.00892396648	0.00898596548
0.05791685275	-0.00898716697	0.00908749754
0.05790730367	-0.00904849073	0.00918634439
0.05789795414	-0.00910812323	0.00928272070
0.05788882838	-0.00916594521	0.00937647986
0.05787990956	-0.00922209693	0.00946776968
0.05787119520	-0.00927662489	0.00955665522
0.05786269662	-0.00932948780	0.00964308002
0.05785440356	-0.00938077778	0.00972714287
0.05784631444	-0.00943053068	0.00980888697
0.05783842554	-0.00947879392	0.00988837331
0.05783073804	-0.00952558349	0.00996562332
0.05782325077	-0.00957092852	0.01004066833
0.05781595863	-0.00961488070	0.01011356968
0.05780885901	-0.00965747496	0.01018437198
0.05780194913	-0.00969874631	0.01025311960
0.05779522610	-0.00973872902	0.01031985708
0.05778868688	-0.00977745729	0.01038462858
0.05778232520	-0.00981498329	0.01044750632
0.05777614214	-0.00985131473	0.01050850451
0.05777013530	-0.00988647917	0.01056765677
0.05776429944	-0.00992051981	0.01062501832
0.05775863113	-0.00995346839	0.01068063172
0.05775312269	-0.00998538042	0.01073457619
0.05774777183	-0.01001627932	0.01078689300
0.05774258624	-0.01004613047	0.01083753296
0.05773755431	-0.01007500995	0.01088659070
0.05773268733	-0.01010286182	0.01093397573
0.05772844141	-0.01012709508	0.01097594958
0.05772499614	-0.01014671490	0.01102033737
0.05772239670	-0.01016149209	0.01106661869
0.05772067735	-0.01017125407	0.01111425093
0.05771986079	-0.01017588683	0.01116267566
0.05771995785	-0.01017533629	0.01121132512
0.05772096723	-0.01016960887	0.01125962896
0.05772287558	-0.01015877145	0.01130702086
0.05772565769	-0.01014295059	0.01135294518
0.05772927694	-0.01012233107	0.01139686351
0.05773368591	-0.01009715377	0.01143826094
0.05773882715	-0.01006771286	0.01147665213
0.05774463416	-0.01003435243	0.01151158698
0.05775103243	-0.00999746250	0.01154265590
0.05838482554	0.00972964699	-0.00670764447
0.05839170266	0.00968828904	-0.00681521202
0.05839597910	0.00966247944	-0.00685845484
0.05839986412	0.00963897062	-0.00689124700
0.05840364556	0.00961603190	-0.00691855797
0.05840735464	0.00959347734	-0.00694239973
0.05841104864	0.00957096030	-0.00696374685
0.05841480007	0.00954803729	-0.00698310505
0.05841854100	0.00952512213	-0.00700097321
0.05842235245	0.00950171659	-0.00701750947
0.05842624799	0.00947773337	-0.00703287981
0.05843017660	0.00945348328	-0.00704730899
0.05843418574	0.00942867017	-0.00706083961
0.05843830969	0.00940307635	-0.00707349641
0.05844250848	0.00937694442	-0.00708540509
0.05844678972	0.00935022222	-0.00709661027
0.05845117304	0.00932278146	-0.00710712418
0.05845566270	0.00929458887	-0.00711697139
0.05846026269	0.00926561220	-0.00712617080
0.05846497678	0.00923582016	-0.00713473583
0.05846981105	0.00920516595	-0.00714267094
0.05847476332	0.00917365459	-0.00714999145
0.05847983487	0.00914126892	-0.00715670495
0.05848504215	0.00910789372	-0.00716278799
0.05849037836	0.00907356176	-0.00716825450
0.05849584716	0.00903823817	-0.00717309937
0.05850145244	0.00900188567	-0.00717731594
0.05850719703	0.00896447319	-0.00718089622
0.05851308370	0.00892596883	-0.00718383214
0.05851912228	0.00888629348	-0.00718609894
0.05852534157	0.00884524043	-0.00718762653
0.05853167497	0.00880323285	-0.00718853551
0.05853816432	0.00875997728	-0.00718874427
0.05854486405	0.00871508906	-0.00718812171
0.05855166536	0.00866927721	-0.00718687349
0.05855867877	0.00862177615	-0.00718476546
0.05856582369	0.00857310788	-0.00718194408
0.05857317569	0.00852273273	-0.00717823378
0.05858065679	0.00847115893	-0.00717378177
0.05858836146	0.00841770663	-0.00716836265
0.05859620813	0.00836291076	-0.00716212714
0.05860423114	0.00830650204	-0.00715498522
0.05861244688	0.00824833044	-0.00714686995
0.05862084959	0.00818839896	-0.00713775941
0.05862941682	0.00812683010	-0.00712767820
0.05863816700	0.00806345176	-0.00711655436
0.05864709917	0.00799822744	-0.00710435406
0.05865621206	0.00793112036	-0.00709104245
0.05866550408	0.00786209352	-0.00707658380
0.05867497325	0.00779111018	-0.00706094010
0.05868461723	0.00771813347	-0.00704407252
0.05869445309	0.00764297460	-0.00702588039
0.05870444628	0.00756583575	-0.00700640359
0.05871460033	0.00748662757	-0.00698558505
0.05872493377	0.00740513592	-0.00696331062
0.05873542715	0.00732143986	-0.00693956470
0.05874606392	0.00723559657	-0.00691433690
0.05875687081	0.00714730831	-0.00688746747
0.05876780610	0.00705683000	-0.00685900862
0.05877887969	0.00696399208	-0.00682885527
0.05879010109	0.00686861690	-0.00679687778
0.05880142520	0.00677098796	-0.00676313736
0.05881286565	0.00667088584	-0.00672749905
0.05882441166	0.00656829331	-0.00668989572
0.05883605180	0.00646319524	-0.00665025873
0.05884777400	0.00635557855	-0.00660851851
0.05885956559	0.00624543216	-0.00656460508
0.05887141322	0.00613274726	-0.00651844781
0.05888330294	0.00601751765	-0.00646997529
0.05889522015	0.00589973956	-0.00641911608
0.05890714967	0.00577941182	-0.00636579876
0.05891908339	0.00565645615	-0.00630991183
0.05893100108	0.00553091277	-0.00625138903
0.05894287153	0.00540294174	-0.00619023697
0.05895470754	0.00527222364	-0.00612622086
0.05896645436	0.00513917738	-0.00605946321
0.05897813044	0.00500340024	-0.00598968789
0.05898968217	0.00486531412	-0.00591701997
0.05900111537	0.00472464485	-0.00584125124
0.05901240112	0.00458152790	-0.00576235870
0.05902351401	0.00443606553	-0.00568032067
0.05903444005	0.00428821309	-0.00559504059
0.05904515808	0.00413801776	-0.00550646358
0.05905564757	0.00398552050	-0.00541453287
0.05906588656	0.00383078701	-0.00531920842
0.05907585253	0.00367389870	-0.00522046556
0.05908552663	0.00351488646	-0.00511825369
0.05909488981	0.00335378616	-0.00501252415
0.05910391961	0.00319070060	-0.00490326987
0.05911259609	0.00302570116	-0.00479047285
0.05912090022	0.00285885318	-0.00467411680
0.05912881306	0.00269023222	-0.00455419492
0.05913631631	0.00251991603	-0.00443070453
0.05914339613	0.00234788804	-0.00430357934
0.05915002708	0.00217443795	-0.00417295538
0.05915619737	0.00199954897	-0.00403880063
0.05916189460	0.00182321446	-0.00390106699
0.05916709852	0.00164570230	-0.00375989283
0.05917179798	0.00146704054	-0.00361528673
0.05917598290	0.00128721862	-0.00346721296
0.05917963677	0.00110656046	-0.00331587262
0.05918275403	0.00092493764	-0.00316117714
0.05918532232	0.00074263395	-0.00300330849
0.05918733549	0.00055964401	-0.00284227430
0.05918878629	0.00037611367	-0.00267817478
0.05918966931	0.00019217221	-0.00251111926
0.05918998076	0.00000785417	-0.00234114593
0.05918971779	-0.00017661137	-0.00216844503
0.05918887869	-0.00036127983	-0.00199300219
0.05918746440	-0.00054584038	-0.00181507993
0.05918547441	-0.00073041251	-0.00163462835
0.05918291375	-0.00091466057	-0.00145193493
0.05917978406	-0.00109865478	-0.00126700697
0.05917609202	-0.00128219243	-0.00108003946
0.05917184435	-0.00146516882	-0.00089117996
0.05916704609	-0.00164758643	-0.00070047992
0.05916171058	-0.00182917594	-0.00050821151
0.05915584521	-0.00200994056	-0.00031445626
0.05914945963	-0.00218981957	-0.00011932020
0.05914257055	-0.00236859293	0.00007694736
0.05913518870	-0.00254624056	0.00027423792
0.05912732836	-0.00272266863	0.00047239563
0.05911900366	-0.00289780779	0.00067128876
0.05911023328	-0.00307151507	0.00087071649
0.05910103306	-0.00324372848	0.00107053300
0.05909142017	-0.00341437344	0.00127058608
0.05908141278	-0.00358337094	0.00147071803
0.05907102975	-0.00375064371	0.00167077361
0.05906029036	-0.00391611875	0.00187059821
0.05904921433	-0.00407972683	0.00207003883
0.05903781937	-0.00424143459	0.00226897913
0.05902613018	-0.00440111800	0.00246722253
0.05901416565	-0.00455874288	0.00266463657
0.05900194496	-0.00471427354	0.00286109557
0.05898948679	-0.00486768240	0.00305649775
0.05897681980	-0.00501882554	0.00325061700
0.05896395326	-0.00516779452	0.00344345016
0.05895092026	-0.00531440344	0.00363474099
0.05893772756	-0.00545876855	0.00382451145
0.05892440779	-0.00560071876	0.00401252774
0.05891097416	-0.00574029684	0.00419873286
0.05889744409	-0.00587749640	0.00438305207
0.05888384085	-0.00601225170	0.00456535250
0.05887018257	-0.00614454948	0.00474554110
0.05885648587	-0.00627438883	0.00492354264
0.05884276849	-0.00640175602	0.00509927533
0.05882904758	-0.00652664115	0.00527266250
0.05881533963	-0.00664903810	0.00544363259
0.05880165820	-0.00676896425	0.00561214489
0.05878802143	-0.00688639381	0.00577811873
0.05877444523	-0.00700131930	0.00594148199
0.05876093905	-0.00711378422	0.00610221971
0.05874751562	-0.00722380037	0.00626030289
0.05873419479	-0.00733131951	0.00641562668
0.05872097652	-0.00743645081	0.00656825807
0.05870788395	-0.00753911442	0.00671807388
0.05869492066	-0.00763938297	0.00686509713
0.05868209292	-0.00773730278	0.00700934813
0.05866941966	-0.00783282075	0.00715073490
0.05865690255	-0.00792601203	0.00728929139
0.05864454964	-0.00801689971	0.00742501284
0.05863236824	-0.00810550912	0.00755789803
0.05862036495	-0.00819186775	0.00768794905
0.05860854571	-0.00827600471	0.00781517145
0.05859691581	-0.00835795076	0.00793957392
0.05858547992	-0.00843773821	0.00806116814
0.05857424202	-0.00851540111	0.00817996834
0.05856320554	-0.00859097434	0.00829599172
0.05855236792	-0.00866453087	0.00840930992
0.05854174137	-0.00873604034	0.00851987512
0.05853132562	-0.00880555533	0.00862771842
0.05852110977	-0.00887319534	0.00873297359
0.05851111622	-0.00893885690	0.00883550965
0.05850132430	-0.00900271839	0.00893551623
0.05849175396	-0.00906468987	0.00903288101
0.05848238267	-0.00912495486	0.00912781138
0.05847323419	-0.00918339627	0.00922016702
0.05846429215	-0.00924015296	0.00931009083
0.05845555416	-0.00929527148	0.00939764643
0.05844703135	-0.00934871167	0.00948278032
0.05843871373	-0.00940056497	0.00956558833
0.05843059977	-0.00945086740	0.00964611299
0.05842268585	-0.00949966643	0.00972441396
0.05841497313	-0.00954697846	0.00980051284
0.05840746049	-0.00959283287	0.00987444069
0.05840014292	-0.00963728130	0.00994625745
0.05839301787	-0.00968035889	0.01001600705
0.05838608259	-0.00972210081	0.01008373315
0.05837933424	-0.00976254156	0.01014947959
0.05837276982	-0.00980171554	0.01021328984
0.05836638315	-0.00983967490	0.01027523445
0.05836017525	-0.00987642792	0.01033532808
0.05835414374	-0.00991200242	0.01039360398
0.05834828346	-0.00994644164	0.01045011625
0.05834259099	-0.00997977754	0.01050490678
0.05833705878	-0.01001206558	0.01055805285
0.05833168449	-0.01004332954	0.01060959522
0.05832647564	-0.01007353578	0.01065948728
0.05832142081	-0.01010275997	0.01070782100
0.05831653103	-0.01013094726	0.01075450981
0.05831230514	-0.01015524266	0.01079550924
0.05830885617	-0.01017502708	0.01083893457
0.05830622925	-0.01019006940	0.01088427667
0.05830445891	-0.01020019390	0.01093100395
0.05830356847	-0.01020528233	0.01097856857
0.05830356971	-0.01020527527	0.01102641288
0.05830446260	-0.01020017280	0.01107397595
0.05830623535	-0.01019003451	0.01112070014
0.05830886459	-0.01017497881	0.01116603767
0.05831231578	-0.01015518157	0.01120945698
0.05831654375	-0.01013087407	0.01125044902
0.05832149349	-0.01010234035	0.01128853321
0.05832710105	-0.01006991394	0.01132326303
0.05833329453	-0.01003397393	0.01135423132
0.05897648797	0.00970687436	-0.00659013278
0.05898313378	0.00966640952	-0.00669601808
0.05898728633	0.00964103698	-0.00673859584
0.05899106504	0.00961788900	-0.00677088746
0.05899474625	0.00959528308	-0.00679778667
0.05899835987	0.00957303898	-0.00682127171
0.05900196091	0.00955081941	-0.00684230225
0.05900561915	0.00952819250	-0.00686137785
0.05900926921	0.00950556104	-0.00687898618
0.05901298908	0.00948243969	-0.00689528553
0.05901679186	0.00945874312	-0.00691043944
0.05902062851	0.00943477365	-0.00692466681
0.05902454471	0.00941024257	-0.00693801118
0.05902857352	0.00938493749	-0.00695049808
0.05903267653	0.00935909423	-0.00696224946
0.05903686112	0.00933266156	-0.00697330934
0.05904114625	0.00930551412	-0.00698369042
0.05904553606	0.00927761903	-0.00699341692
0.05905003447	0.00924894439	-0.00700250750
0.05905464516	0.00921945922	-0.00701097540
0.05905937406	0.00918911741	-0.00701882517
0.05906421915	0.00915792333	-0.00702607170
0.05906918171	0.00912585967	-0.00703272240
0.05907427767	0.00909281368	-0.00703875483
0.05907950054	0.00905881667	-0.00704418231
0.05908485392	0.00902383404	-0.00704899988
0.05909034164	0.00898782888	-0.00705320108
0.05909596648	0.00895077028	-0.00705677810
0.05910173121	0.00891262650	-0.00705972302
0.05910764535	0.00887331981	-0.00706201188
0.05911373672	0.00883264818	-0.00706357706
0.05911994128	0.00879102303	-0.00706453397
0.05912629937	0.00874815784	-0.00706480418
0.05913286351	0.00870367715	-0.00706426143
0.05913952900	0.00865827080	-0.00706310258
0.05914640234	0.00861119231	-0.00706110277
0.05915340601	0.00856294930	-0.00705840195
0.05916061286	0.00851301527	-0.00705483129
0.05916794786	0.00846188446	-0.00705053148
0.05917550210	0.00840889373	-0.00704528584
0.05918319707	0.00835456331	-0.00703923826
0.05919106591	0.00829862997	-0.00703230200
0.05919912450	0.00824094664	-0.00702441220
0.05920736737	0.00818151531	-0.00701554706
0.05921577293	0.00812045436	-0.00700572953
0.05922435903	0.00805759517	-0.00699488995
0.05923312480	0.00799290120	-0.00698299511
0.05924206906	0.00792633562	-0.00697001077
0.05925119035	0.00785786135	-0.00695590185
0.05926048681	0.00778744159	-0.00694063098
0.05926995622	0.00771503936	-0.00692416003
0.05927961510	0.00764046965	-0.00690639138
0.05928943017	0.00756392841	-0.00688736223
0.05929940485	0.00748532751	-0.00686701688
0.05930955705	0.00740445717	-0.00684524475
0.05931986802	0.00732139336	-0.00682202954
0.05933032182	0.00723619070	-0.00679736017
0.05934094424	0.00714855791	-0.00677108207
0.05935169500	0.00705874234	-0.00674324392
0.05936258367	0.00696657761	-0.00671374368
0.05937361938	0.00687188943	-0.00668245535
0.05938475860	0.00677495306	-0.00664943612
0.05939601442	0.00667555351	-0.00661455512
0.05940737638	0.00657367287	-0.00657774627
0.05941883339	0.00646929529	-0.00653894203
0.05943037373	0.00636240693	-0.00649807387
0.05944198504	0.00625299592	-0.00645507289
0.05945365435	0.00614105262	-0.00640986952
0.05946536806	0.00602656993	-0.00636239343
0.05947711192	0.00590954317	-0.00631257421
0.05948887113	0.00578997023	-0.00626034148
0.05950063767	0.00566777377	-0.00620558633
0.05951239184	0.00554299205	-0.00614824309
0.05952410324	0.00541578037	-0.00608831631
0.05953578407	0.00528582620	-0.00602557870
0.05954738109	0.00515353745	-0.00596014588
0.05955891198	0.00501852038	-0.00589175097
0.05957032455	0.00488118594	-0.00582051203
0.05958162418	0.00474126592	-0.00574622758
0.05959278259	0.00459889189	-0.00566887351
0.05960377483	0.00445416308	-0.00558842732
0.05961458705	0.00430703545	-0.00550479475
0.05962519839	0.00415755458	-0.00541792142
0.05963558861	0.00400576011	-0.00532775124
0.05964573604	0.00385171588	-0.00523424429
0.05965561846	0.00369550120	-0.00513737551
0.05966521718	0.00353714609	-0.00503709510
0.05967451330	0.00337668556	-0.00493335515
0.05968348459	0.00321422003	-0.00482614778
0.05969211124	0.00304981940	-0.00471545480
0.05970037433	0.00288354774	-0.00460125983
0.05970825501	0.00271547920	-0.00448355571
0.05971573498	0.00254569023	-0.00436233936
0.05972280036	0.00237416508	-0.00423754663
0.05972942588	0.00220118759	-0.00410930785
0.05973559960	0.00202674213	-0.00397759251
0.05974130897	0.00185082300	-0.00384235437
0.05974653374	0.00167369311	-0.00370372647
0.05975126257	0.00149538097	-0.00356171772
0.05975548519	0.00131587740	-0.00341629430
0.05975918491	0.00113550052	-0.00326765006
0.05976235593	0.00095412611	-0.00311570106
0.05976498563	0.00077203330	-0.00296062306
0.05976706756	0.00058921848	-0.00280242487
0.05976859416	0.00040582602	-0.00264120409
0.05976955969	0.00022198432	-0.00247706749
0.05976996001	0.00003772906	-0.00231005356
0.05976979185	-0.00014671348	-0.00214034704
0.05976905320	-0.00033139548	-0.00196793630
0.05976774445	-0.00051601037	-0.00179307582
0.05976586484	-0.00070067293	-0.00161572023
0.05976341879	-0.00088505206	-0.00143614814
0.05976040766	-0.00106921411	-0.00125436962
0.05975683759	-0.00125295804	-0.00107057465
0.05975271487	-0.00143617867	-0.00088490819
0.05974804418	-0.00161887590	-0.00069742276
0.05974283826	-0.00180078311	-0.00050838297
0.05973710415	-0.00198190073	-0.00031787080
0.05973085115	-0.00216216657	-0.00012599134
0.05972409536	-0.00234136218	0.00006701244
0.05971684720	-0.00251946504	0.00026103246
0.05970912054	-0.00269638036	0.00045591534
0.05970092917	-0.00287203741	0.00065153095
0.05969229130	-0.00304629318	0.00084768269
0.05968322244	-0.00321908406	0.00104422660
0.05967373943	-0.00339033413	0.00124101262
0.05966386013	-0.00355996314	0.00143788548
0.05965360308	-0.00372789258	0.00163469228
0.05964298728	-0.00389404815	0.00183128073
0.05963203219	-0.00405835927	0.00202750010
0.05962075535	-0.00422079069	0.00222323500
0.05960918109	-0.00438121813	0.00241829303
0.05959732817	-0.00453960554	0.00261254320
0.05958521562	-0.00469591549	0.00280586120
0.05957286204	-0.00485011868	0.00299814602
0.05956029571	-0.00500207143	0.00318917702
0.05954752610	-0.00515186160	0.00337894792
0.05953458588	-0.00529930445	0.00356720940
0.05952148208	-0.00544451226	0.00375397952
0.05950824694	-0.00558731501	0.00393903084
0.05949489381	-0.00572775289	0.00412230556
0.05948144015	-0.00586581796	0.00430372934
0.05946790910	-0.00600144401	0.00448317205
0.05945431880	-0.00613461646	0.00466054178
0.05944068595	-0.00626533298	0.00483576390
0.05942702831	-0.00639357875	0.00500875769
0.05941336308	-0.00651934280	0.00517944744
0.05939970681	-0.00664261797	0.00534776249
0.05938607318	-0.00676342035	0.00551366204
0.05937248035	-0.00688172363	0.00567706698
0.05935894426	-0.00699751954	0.00583790642
0.05934547459	-0.00711085009	0.00599616455
0.05933208418	-0.00722172628	0.00615181246
0.05931879278	-0.00733009999	0.00630474816
0.05930560078	-0.00743607817	0.00645503512
0.05929253114	-0.00753958180	0.00660255410
0.05927958774	-0.00764068195	0.00674732638
0.05926677703	-0.00773942402	0.00688937103
0.05925411782	-0.00783575551	0.00702859913
0.05924161210	-0.00792975021	0.00716504277
0.05922926803	-0.00802143080	0.00729869714
0.05921709302	-0.00811082223	0.00742956090
0.05920509380	-0.00819795162	0.00755763597
0.05919327644	-0.00828284775	0.00768292770
0.05918164636	-0.00836554106	0.00780544451
0.05917020832	-0.00844606359	0.00792519777
0.05915896644	-0.00852444912	0.00804220138
0.05914792428	-0.00860073230	0.00815647215
0.05913707950	-0.00867498541	0.00826807949
0.05912644420	-0.00874717891	0.00837697783
0.05911601829	-0.00881736496	0.00848319742
0.05910579123	-0.00888566185	0.00858686767
0.05909578506	-0.00895196804	0.00868786312
0.05908597968	-0.00901645985	0.00878636682
0.05907639469	-0.00907904913	0.00888227139
0.05906700816	-0.00913991740	0.00897577717
0.05905784339	-0.00919894976	0.00906674989
0.05904888446	-0.00925628364	0.00915532773
0.05904012906	-0.00931196564	0.00924157291
0.05903158813	-0.00936595674	0.00932543474
0.05902325194	-0.00941834768	0.00940700621
0.05901511904	-0.00946917463	0.00948632917
0.05900718588	-0.00951848507	0.00956346201
0.05899945361	-0.00956629586	0.00963842648
0.05899192115	-0.00961263660	0.00971125333
0.05898458358	-0.00965755887	0.00978200118
0.05897743841	-0.00970109797	0.00985071327
0.05897048293	-0.00974328928	0.00991743256
0.05896371435	-0.00978416747	0.00998220222
0.05895712970	-0.00982376715	0.01004506503
0.05895072289	-0.00986214044	0.01010608991
0.05894449490	-0.00989929616	0.01016529193
0.05893844335	-0.00993526238	0.01022270401
0.05893256316	-0.00997008240	0.01027837911
0.05892685094	-0.01000378837	0.01033235851
0.05892129922	-0.01003643567	0.01038471756
0.05891590569	-0.01006804843	0.01043549652
0.05891067766	-0.01009859400	0.01048465129
0.05890560388	-0.01012814761	0.01053227123
0.05890069516	-0.01015665557	0.01057827356
0.05889649277	-0.01018099617	0.01061831880
0.05889304413	-0.01020092625	0.01066079991
0.05889039426	-0.01021621296	0.01070521883
0.05888857789	-0.01022667769	0.01075105480
0.05888761893	-0.01023219821	0.01079777044
0.05888752999	-0.01023271004	0.01084481803
0.05888831226	-0.01022820720	0.01089164600
0.05888995542	-0.01021874229	0.01093770532
0.05889243785	-0.01020442585	0.01098245600
0.05889572699	-0.01018542515	0.01102537337
0.05889977986	-0.01016196218	0.01106595427
0.05890454380	-0.01013431115	0.01110372292
0.05890995732	-0.01010279526	0.01113823652
0.05891595105	-0.01006778301	0.01116909043
0.05955779017	0.00968404417	-0.00647680640
0.05956421683	0.00964443649	-0.00658106491
0.05956825172	0.00961948377	-0.00662299941
0.05957192934	0.00959668255	-0.00665480690
0.05957551521	0.00957439650	-0.00668130774
0.05957903795	0.00955245088	-0.00670444764
0.05958255047	0.00953051735	-0.00672517186
0.05958611991	0.00950817517	-0.00674397390
0.05958968337	0.00948581663	-0.00676133075
0.05959331595	0.00946296864	-0.00677740071
0.05959703028	0.00943954783	-0.00679234500
0.05960077919	0.00941584838	-0.00680637691
0.05960460673	0.00939158869	-0.00681954081
0.05960854476	0.00936656145	-0.00683186301
0.05961255636	0.00934099599	-0.00684346183
0.05961664868	0.00931484201	-0.00685438077
0.05962084003	0.00928797691	-0.00686463292
0.05962513448	0.00926036820	-0.00687424218
0.05962953586	0.00923198432	-0.00688322695
0.05963404777	0.00920279460	-0.00689160033
0.05963867599	0.00917275358	-0.00689936694
0.05964341863	0.00914186498	-0.00690654125
0.05964827702	0.00911011143	-0.00691313050
0.05965326654	0.00907738246	-0.00691911323
0.05965838103	0.00904370801	-0.00692450214
0.05966362402	0.00900905379	-0.00692929246
0.05966899928	0.00897338318	-0.00693347788
0.05967450957	0.00893666546	-0.00693705077
0.05968015760	0.00889886905	-0.00694000339
0.05968595264	0.00885991753	-0.00694231251
0.05969192158	0.00881961333	-0.00694391286
0.05969800277	0.00877835669	-0.00694491490
0.05970423517	0.00873586767	-0.00694524329
0.05971066946	0.00869177965	-0.00694477631
0.05971720482	0.00864676412	-0.00694370250
0.05972394398	0.00860009286	-0.00694180579
0.05973081227	0.00855225976	-0.00693921999
0.05973788001	0.00850275092	-0.00693578266
0.05974507494	0.00845204719	-0.00693162832
0.05975248495	0.00839950141	-0.00692654853
0.05976003441	0.00834561975	-0.00692068073
0.05976775536	0.00829014480	-0.00691394130
0.05977566317	0.00823293232	-0.00690626737
0.05978375263	0.00817398330	-0.00689763723
0.05979200301	0.00811341223	-0.00688807230
0.05980043155	0.00805105382	-0.00687750510
0.05980903749	0.00798687146	-0.00686590301
0.05981781976	0.00792082830	-0.00685323238
0.05982677698	0.00785288720	-0.00683945873
0.05983590742	0.00778301129	-0.00682454537
0.05984520899	0.00771116351	-0.00680845479
0.05985469765	0.00763716244	-0.00679109228
0.05986434135	0.00756119810	-0.00677249250
0.05987414338	0.00748318352	-0.00675260112
0.05988412109	0.00740291313	-0.00673131089
0.05989425639	0.00732045989	-0.00670860487
0.05990453388	0.00723587605	-0.00668447138
0.05991497849	0.00714887645	-0.00665876072
0.05992555131	0.00705970124	-0.00663151827
0.05993626156	0.00696818710	-0.00660264487
0.05994711807	0.00687416294	-0.00657201801
0.05995807873	0.00677789615	-0.00653969106
0.05996915615	0.00667917598	-0.00650553706
0.05998034019	0.00657798389	-0.00646949096
0.05999162006	0.00647430334	-0.00643148622
0.06000298436	0.00636811980	-0.00639145538
0.06001442106	0.00625942060	-0.00634933055
0.06002591753	0.00614819534	-0.00630504321
0.06003746049	0.00603443609	-0.00625852403
0.06004903607	0.00591813729	-0.00620970364
0.06006062977	0.00579929592	-0.00615851265
0.06007223373	0.00567783556	-0.00610484463
0.06008382868	0.00555379264	-0.00604863447
0.06009538503	0.00542731786	-0.00598988483
0.06010691442	0.00529810533	-0.00592837553
0.06011836506	0.00516655241	-0.00586421568
0.06012975386	0.00503227400	-0.00579714718
0.06014103001	0.00489567055	-0.00572728149
0.06015219849	0.00475647960	-0.00565442351
0.06016323159	0.00461482893	-0.00557854811
0.06017410485	0.00447081495	-0.00549963204
0.06018480453	0.00432439415	-0.00541758322
0.06019531009	0.00417561065	-0.00533234779
0.06020560156	0.00402450279	-0.00524387031
0.06021565754	0.00387113265	-0.00515211096
0.06022545612	0.00371557752	-0.00505704439
0.06023497876	0.00355786662	-0.00495862153
0.06024420674	0.00339803411	-0.00485679521
0.06025311803	0.00323617818	-0.00475155678
0.06026169298	0.00307236727	-0.00464288791
0.06026991276	0.00290666426	-0.00453077212
0.06027775861	0.00273914197	-0.00441520193
0.06028521229	0.00256987556	-0.00429617390
0.06029225986	0.00239885014	-0.00417362587
0.06029887623	0.00222634385	-0.00404768283
0.06030504931	0.00205234222	-0.00391831565
0.06031076646	0.00187684047	-0.00378547988
0.06031600743	0.00170009668	-0.00364930350
0.06032076070	0.00152213985	-0.00350979574
0.06032501582	0.00134296210	-0.00336692455
0.06032875600	0.00116287599	-0.00322087694
0.06033197516	0.00098176133	-0.00307157334
0.06033466046	0.00079989275	-0.00291918358
0.06033680520	0.00061726832	-0.00276371761
0.06033840152	0.00043403103	-0.00260527051
0.06033944338	0.00025030837	-0.00244394664
0.06033992631	0.00006613713	-0.00227978470
0.06033984667	-0.00011825911	-0.00211296424
0.06033920214	-0.00030292944	-0.00194347618
0.06033799264	-0.00048757141	-0.00177156738
0.06033621715	-0.00067229526	-0.00159719668
0.06033387953	-0.00085677433	-0.00142063431
0.06033098087	-0.00104107121	-0.00124189286
0.06032752680	-0.00122498653	-0.00106115759
0.06032352319	-0.00140841466	-0.00087857096
0.06031897444	-0.00159135302	-0.00069418641
0.06031389264	-0.00177353767	-0.00050826140
0.06030828457	-0.00195496632	-0.00032087825
0.06030215916	-0.00213557544	-0.00013214114
0.06029553193	-0.00231514810	0.00005771299
0.06028841301	-0.00249365949	0.00024857653
0.06028081590	-0.00267101391	0.00044029849
0.06027275404	-0.00284713932	0.00063275032
0.06026424517	-0.00302189271	0.00082573943
0.06025530451	-0.00319520895	0.00101912366
0.06024594857	-0.00336701085	0.00121275509
0.06023619491	-0.00353721699	0.00140648076
0.06022606176	-0.00370574770	0.00160015004
0.06021556786	-0.00387252745	0.00179361288
0.06020473238	-0.00403748442	0.00198672077
0.06019357272	-0.00420058152	0.00217935926
0.06018211283	-0.00436169429	0.00237133994
0.06017037132	-0.00452078491	0.00256253326
0.06015836712	-0.00467781428	0.00275281629
0.06014611870	-0.00483275145	0.00294208877
0.06013365396	-0.00498545307	0.00313013526
0.06012098261	-0.00513600340	0.00331694659
0.06010813682	-0.00528421887	0.00350228003
0.06009512396	-0.00543020792	0.00368615000
0.06008197580	-0.00557380165	0.00386833511
0.06006870587	-0.00571503773	0.00404877684
0.06005533163	-0.00585390676	0.00422740127
0.06004187608	-0.00599034211	0.00440408088
0.06002835737	-0.00612432794	0.00457872488
0.06001479226	-0.00625586057	0.00475125926
0.06000119853	-0.00638492414	0.00492160431
0.05998759340	-0.00651150668	0.00508968527
0.05997399348	-0.00663560004	0.00525543236
0.05996041254	-0.00675721905	0.00541880470
0.05994686874	-0.00687633693	0.00557972471
0.05993337806	-0.00699294468	0.00573812266
0.05991995039	-0.00710708288	0.00589398198
0.05990659864	-0.00721876175	0.00604727383
0.05989334249	-0.00732793330	0.00619789894
0.05988018272	-0.00743470234	0.00634591749
0.05986714208	-0.00753899067	0.00649121398
0.05985422474	-0.00764086786	0.00663380803
0.05984143734	-0.00774037841	0.00677371756
0.05982879857	-0.00783747044	0.00691085654
0.05981631069	-0.00793221641	0.00704525531
0.05980398195	-0.00802463860	0.00717690902
0.05979181989	-0.00811476159	0.00730581622
0.05977983134	-0.00820261218	0.00743197868
0.05976802248	-0.00828821878	0.00755540152
0.05975639883	-0.00837161157	0.00767609295
0.05974496528	-0.00845282230	0.00779406403
0.05973372606	-0.00853188448	0.00790932833
0.05972268483	-0.00860883255	0.00802190231
0.05971183948	-0.00868373812	0.00813185323
0.05970120200	-0.00875657246	0.00823913768
0.05969077244	-0.00882738729	0.00834378509
0.05968054065	-0.00889629972	0.00844592072
0.05967052829	-0.00896321011	0.00854542431
0.05966071582	-0.00902829274	0.00864247273
0.05965112249	-0.00909146123	0.00873696321
0.05964172694	-0.00915289509	0.00882908943
0.05963255205	-0.00921248162	0.00891872286
0.05962358230	-0.00927035681	0.00900599715
0.05961481548	-0.00932656728	0.00909097321
0.05960626234	-0.00938107515	0.00917360300
0.05959791341	-0.00943397046	0.00925397680
0.05958976728	-0.00948528952	0.00933213581
0.05958182050	-0.00953507982	0.00940813720
0.05957407422	-0.00958335864	0.00948200284
0.05956652735	-0.00963015579	0.00955376320
0.05955917512	-0.00967552276	0.00962347562
0.05955201506	-0.00971949506	0.00969118267
0.05954504450	-0.00976210821	0.00975692665
0.05953826070	-0.00980339706	0.00982075004
0.05953166073	-0.00984339640	0.00988269500
0.05952523858	-0.00988215832	0.00994282887
0.05951899519	-0.00991969217	0.01000116711
0.05951292820	-0.00995602623	0.01005774229
0.05950703258	-0.00999120386	0.01011260630
0.05950130499	-0.01002525738	0.01016579980
0.05949573806	-0.01005824209	0.01021739634
0.05949032946	-0.01009018245	0.01026743567
0.05948508631	-0.01012104678	0.01031587605
0.05947999757	-0.01015090986	0.01036280437
0.05947507377	-0.01017971915	0.01040814142
0.05947089758	-0.01020408850	0.01044726822
0.05946745293	-0.01022414415	0.01048883886
0.05946478466	-0.01023965172	0.01053236596
0.05946292766	-0.01025043001	0.01057733921
0.05946190631	-0.01025635312	0.01062323132
0.05946173403	-0.01025735185	0.01066950427
0.05946241310	-0.01025341453	0.01071561554
0.05946393458	-0.01024458716	0.01076102452
0.05946627848	-0.01023097286	0.01080519883
0.05946941410	-0.01021273068	0.01084762057
0.05947330054	-0.01019007381	0.01088779237
0.05947788736	-0.01016326702	0.01092524328
0.05948311541	-0.01013262370	0.01095953420
0.05948891775	-0.01009850216	0.01099026310
0.06014912536	0.00966040454	-0.00636360025
0.06015533696	0.00962164916	-0.00646622961
0.06015925612	0.00959711418	-0.00650751981
0.06016283419	0.00957465818	-0.00653884240
0.06016632613	0.00955269061	-0.00656494416
0.06016975927	0.00953104225	-0.00658773830
0.06017318448	0.00950939364	-0.00660815561
0.06017666633	0.00948733508	-0.00662668348
0.06018014431	0.00946524846	-0.00664378831
0.06018369070	0.00944267287	-0.00665962834
0.06018731770	0.00941952681	-0.00667436243
0.06019097996	0.00939609649	-0.00668819834
0.06019471989	0.00937210729	-0.00670118125
0.06019856822	0.00934735696	-0.00671333815
0.06020248946	0.00932206843	-0.00672478386
0.06020649057	0.00929619227	-0.00673556129
0.06021058921	0.00926960866	-0.00674568392
0.06021478935	0.00924228548	-0.00675517535
0.06021909475	0.00921419152	-0.00676405370
0.06022350893	0.00918529638	-0.00677233192
0.06022803753	0.00915555530	-0.00678001471
0.06023267880	0.00912497136	-0.00678711613
0.06023743407	0.00909352707	-0.00679364325
0.06024231823	0.00906111429	-0.00679957553
0.06024732541	0.00902776157	-0.00680492513
0.06025245909	0.00899343491	-0.00680968741
0.06025772296	0.00895809805	-0.00681385625
0.06026311976	0.00892172039	-0.00681742419
0.06026865217	0.00888427054	-0.00682038364
0.06027432919	0.00884567338	-0.00682271210
0.06028017680	0.00880573577	-0.00682434662
0.06028613570	0.00876484685	-0.00682539285
0.06029224347	0.00872273324	-0.00682577841
0.06029854902	0.00867903703	-0.00682538606
0.06030495530	0.00863441159	-0.00682439619
0.06031156136	0.00858814674	-0.00682260137
0.06031829533	0.00854072282	-0.00682012940
0.06032522503	0.00849163838	-0.00681682406
0.06033228092	0.00844136102	-0.00681281387
0.06033954776	0.00838925943	-0.00680789846
0.06034695274	0.00833582584	-0.00680220897
0.06035452681	0.00828080861	-0.00679566485
0.06036228484	0.00822406630	-0.00678820514
0.06037022189	0.00816559894	-0.00677980828
0.06037831804	0.00810551715	-0.00677049416
0.06038658997	0.00804365893	-0.00676019748
0.06039503700	0.00797998765	-0.00674888618
0.06040365816	0.00791446640	-0.00673652721
0.06041245218	0.00784705802	-0.00672308671
0.06042141742	0.00777772555	-0.00670852860
0.06043055192	0.00770643185	-0.00669281605
0.06043987113	0.00763299910	-0.00667585720
0.06044934414	0.00755761142	-0.00665768423
0.06045897419	0.00748018302	-0.00663824414
0.06046877800	0.00740051246	-0.00661743300
0.06047873816	0.00731866979	-0.00659523323
0.06048883982	0.00723470485	-0.00657163259
0.06049910704	0.00714833861	-0.00654648616
0.06050950226	0.00705980406	-0.00651983610
0.06052003437	0.00696894092	-0.00649158612
0.06053071187	0.00687558130	-0.00646161708
0.06054149407	0.00677998477	-0.00642997870
0.06055239311	0.00668194482	-0.00639654782
0.06056339914	0.00658144225	-0.00636126042
0.06057450169	0.00647845990	-0.00632405100
0.06058568966	0.00637298249	-0.00628485313
0.06059695136	0.00626499665	-0.00624359996
0.06060827448	0.00615449118	-0.00620022398
0.06061964608	0.00604145735	-0.00615465692
0.06063105261	0.00592588873	-0.00610683040
0.06064247993	0.00580778142	-0.00605667605
0.06065392029	0.00568705993	-0.00600408987
0.06066535490	0.00556375886	-0.00594900738
0.06067675493	0.00543802436	-0.00589142935
0.06068813146	0.00530955715	-0.00583114259
0.06069943415	0.00517874414	-0.00576824989
0.06071067917	0.00504520878	-0.00570250177
0.06072181706	0.00490934116	-0.00563400324
0.06073285239	0.00477088447	-0.00556256547
0.06074375805	0.00462996281	-0.00548816235
0.06075451006	0.00448666974	-0.00541076993
0.06076509478	0.00434096234	-0.00533029828
0.06077549200	0.00419288323	-0.00524669406
0.06078568201	0.00404246952	-0.00515990250
0.06079564373	0.00388978153	-0.00506988391
0.06080535552	0.00373489455	-0.00497661263
0.06081479902	0.00357783703	-0.00488004037
0.06082395566	0.00341864228	-0.00478012065
0.06083280367	0.00325740628	-0.00467684413
0.06084132353	0.00309419605	-0.00457019230
0.06084949652	0.00292907326	-0.00446014864
0.06085730399	0.00276210944	-0.00434670534
0.06086472776	0.00259337845	-0.00422985860
0.06087175385	0.00242286627	-0.00410954824
0.06087835734	0.00225084539	-0.00398589399
0.06088452605	0.00207730248	-0.00385886814
0.06089024720	0.00190223368	-0.00372842791
0.06089550060	0.00172589226	-0.00359469635
0.06090027455	0.00154830771	-0.00345768301
0.06090455845	0.00136947346	-0.00331735755
0.06090833539	0.00118969649	-0.00317390028
0.06091159904	0.00100886066	-0.00302723586
0.06091433639	0.00082723610	-0.00287752835
0.06091654046	0.00064482255	-0.00272478875
0.06091820314	0.00046176160	-0.00256910971
0.06091931806	0.00027817984	-0.00241059313
0.06091988050	0.00009411516	-0.00224927795
0.06091988640	-0.00009021159	-0.00208533857
0.06091933320	-0.00027484640	-0.00191876841
0.06091822031	-0.00045949097	-0.00174980680
0.06091654651	-0.00064425100	-0.00157841670
0.06091431507	-0.00082880430	-0.00140486006
0.06091152685	-0.00101320973	-0.00122915195
0.06090818699	-0.00119726959	-0.00105147293
0.06090430095	-0.00138087785	-0.00087196296
0.06089987282	-0.00156402944	-0.00069067638
0.06089491411	-0.00174646313	-0.00050786356
0.06088943129	-0.00192817397	-0.00032360713
0.06088343294	-0.00210909708	-0.00013801032
0.06087693404	-0.00228901711	0.00004869589
0.06086994441	-0.00246790695	0.00023640438
0.06086247717	-0.00264567006	0.00042496658
0.06085454542	-0.00282223310	0.00061425550
0.06084616646	-0.00299745309	0.00080408256
0.06083735518	-0.00317126342	0.00099430741
0.06082812781	-0.00334358565	0.00118478426
0.06081850155	-0.00351433723	0.00137536247
0.06080849436	-0.00368343737	0.00156589370
0.06079812468	-0.00385080934	0.00175623016
0.06078741143	-0.00401638008	0.00194622552
0.06077637182	-0.00418011072	0.00213576633
0.06076502945	-0.00434187666	0.00232466815
0.06075340279	-0.00450163831	0.00251280287
0.06074151059	-0.00465935496	0.00270004893
0.06072937123	-0.00481499403	0.00288630691
0.06071701223	-0.00496841252	0.00307136647
0.06070444350	-0.00511969110	0.00325521567
0.06069169673	-0.00526864745	0.00343761828
0.06067877957	-0.00541538615	0.00361858518
0.06066572339	-0.00555973947	0.00379790095
0.06065254182	-0.00570174258	0.00397550642
0.06063925233	-0.00584138462	0.00415132808
0.06062587778	-0.00597859860	0.00432524106
0.06061243632	-0.00611336741	0.00449715565
0.06059894474	-0.00624568606	0.00466699848
0.06058542083	-0.00637553766	0.00483469089
0.06057188183	-0.00650290925	0.00500015907
0.06055834438	-0.00662779171	0.00516333411
0.06054482237	-0.00675019863	0.00532417509
0.06053133391	-0.00687010280	0.00548260594
0.06051789503	-0.00698749447	0.00563855809
0.06050451578	-0.00710241279	0.00579201425
0.06049120918	-0.00721486722	0.00594294565
0.06047799481	-0.00732480996	0.00609125574
0.06046487382	-0.00743234362	0.00623700143
0.06045186876	-0.00753739087	0.00638007093
0.06043898407	-0.00764001978	0.00652048224
0.06042622656	-0.00774027394	0.00665825217
0.06041361480	-0.00783810210	0.00679329750
0.06040115131	-0.00793357539	0.00692564690
0.06038884444	-0.00802671572	0.00705529546
0.06037670183	-0.00811754729	0.00718224162
0.06036473041	-0.00820609653	0.00730648700
0.06035293646	-0.00829239157	0.00742803654
0.06034132562	-0.00837646225	0.00754689818
0.06032990287	-0.00845834008	0.00766308270
0.06031867255	-0.00853805830	0.00777660337
0.06030763843	-0.00861565111	0.00788747626
0.06029679862	-0.00869118944	0.00799576654
0.06028616498	-0.00876464540	0.00810143291
0.06027573774	-0.00883607025	0.00820450397
0.06026550708	-0.00890557990	0.00830510092
0.06025549430	-0.00897307664	0.00840310862
0.06024568042	-0.00903873268	0.00849869780
0.06023608434	-0.00910246342	0.00859177026
0.06022668529	-0.00916444633	0.00868251312
0.06021750567	-0.00922457093	0.00877080344
0.06020853040	-0.00928297175	0.00885677047
0.06019975736	-0.00933969543	0.00894047379
0.06019119712	-0.00939470522	0.00902186794
0.06018284045	-0.00944809047	0.00910104056
0.06017468598	-0.00949988759	0.00917803218
0.06016673039	-0.00955014409	0.00925289877
0.06015897477	-0.00959887764	0.00932566228
0.06015141810	-0.00964611829	0.00939635292
0.06014405568	-0.00969191745	0.00946502675
0.06013688511	-0.00973631077	0.00953172566
0.06012990375	-0.00977933392	0.00959649131
0.06012310891	-0.00982102197	0.00965936549
0.06011649768	-0.00986140982	0.00972038971
0.06011006418	-0.00990054955	0.00977962978
0.06010380927	-0.00993845102	0.00983710151
0.06009773061	-0.00997514275	0.00989283710
0.06009182325	-0.01001066811	0.00994688742
0.06008608387	-0.01004505962	0.00999929247
0.06008050521	-0.01007837246	0.01005012403
0.06007508493	-0.01011063141	0.01009942134
0.06006982997	-0.01014180578	0.01014714496
0.06006472947	-0.01017196990	0.01019337935
0.06005979370	-0.01020107239	0.01023804880
0.06005564711	-0.01022545587	0.01027626021
0.06005220997	-0.01024562224	0.01031692178
0.06004952694	-0.01026133579	0.01035955681
0.06004763301	-0.01027241292	0.01040366543
0.06004655300	-0.01027872418	0.01044873051
0.06004630106	-0.01028019585	0.01049422371
0.06004688051	-0.01027681074	0.01053961165
0.06004828373	-0.01026860838	0.01058436221
0.06005049234	-0.01025568462	0.01062795072
0.06005347745	-0.01023819046	0.01066986616
0.06005720017	-0.01021633034	0.01070961709
0.06006161224	-0.01019035978	0.01074673748
0.06006665683	-0.01016058238	0.01078079213
0.06007226942	-0.01012734636	0.01081138177
0.06073010134	0.00963680365	-0.00625435252
0.06073610908	0.00959886698	-0.00635540593
0.06073991826	0.00957473359	-0.00639607281
0.06074340164	0.00955260958	-0.00642692629
0.06074680417	0.00953094835	-0.00645264190
0.06075015200	0.00950958597	-0.00647510148
0.06075349401	0.00948821154	-0.00649522179
0.06075689240	0.00946642589	-0.00651348428
0.06076028888	0.00944460101	-0.00653034518
0.06076375309	0.00942228761	-0.00654596262
0.06076729679	0.00939940603	-0.00656049315
0.06077087636	0.00937623482	-0.00657413927
0.06077453268	0.00935250608	-0.00658694688
0.06077829540	0.00932802236	-0.00659894359
0.06078213039	0.00930300047	-0.00661024090
0.06078604439	0.00927739188	-0.00662088113
0.06079005448	0.00925107936	-0.00663087815
0.06079416454	0.00922403119	-0.00664025522
0.06079837823	0.00919621647	-0.00664903024
0.06080269903	0.00916760510	-0.00665721600
0.06080713242	0.00913815295	-0.00666481724
0.06081167679	0.00910786249	-0.00667184764
0.06081633347	0.00907671615	-0.00667831414
0.06082111689	0.00904460799	-0.00668419705
0.06082602144	0.00901156526	-0.00668950802
0.06083105056	0.00897755424	-0.00669424253
0.06083620788	0.00894253897	-0.00669839466
0.06084149609	0.00890648903	-0.00670195708
0.06084691785	0.00886937317	-0.00670492237
0.06085248192	0.00883111755	-0.00670726873
0.06085821339	0.00879153322	-0.00670893539
0.06086405518	0.00875099877	-0.00671002344
0.06087004361	0.00870924704	-0.00671046333
0.06087622587	0.00866592849	-0.00671014206
0.06088250850	0.00862167916	-0.00670923234
0.06088898704	0.00857580611	-0.00670753487
0.06089559229	0.00852877675	-0.00670517177
0.06090238970	0.00848010151	-0.00670199275
0.06090931230	0.00843023534	-0.00669812065
0.06091644187	0.00837856207	-0.00669336273
0.06092370830	0.00832556064	-0.00668784418
0.06093114148	0.00827098491	-0.00668148735
0.06093875582	0.00821469611	-0.00667423311
0.06094654663	0.00815669338	-0.00666606005
0.06095449475	0.00809708363	-0.00665698663
0.06096261633	0.00803570801	-0.00664694959
0.06097091077	0.00797252988	-0.00663591742
0.06097937719	0.00790751229	-0.00662385767
0.06098801441	0.00784061803	-0.00661073705
0.06099682091	0.00777181009	-0.00659652010
0.06100579483	0.00770105127	-0.00658117061
0.06101495111	0.00762816716	-0.00656459944
0.06102425996	0.00755333626	-0.00654683644
0.06103372454	0.00747647392	-0.00652782990
0.06104336100	0.00739738266	-0.00650747899
0.06105315257	0.00731612974	-0.00648576560
0.06106308489	0.00723276270	-0.00646267692
0.06107318122	0.00714700838	-0.00643807261
0.06108340527	0.00705909294	-0.00641199180
0.06109376562	0.00696885901	-0.00638434088
0.06110427045	0.00687614174	-0.00635500397
0.06111488044	0.00678119328	-0.00632402734
0.06112560725	0.00668381113	-0.00629129145
0.06113644134	0.00658397552	-0.00625673326
0.06114737251	0.00648166863	-0.00622028826
0.06115838997	0.00637687455	-0.00618189105
0.06116948234	0.00626957920	-0.00614147576
0.06118063761	0.00615977064	-0.00609897588
0.06119184317	0.00604743936	-0.00605432414
0.06120308579	0.00593257813	-0.00600745314
0.06121435166	0.00581518221	-0.00595829548
0.06122563313	0.00569517700	-0.00590674949
0.06123691186	0.00557259535	-0.00585275128
0.06124815977	0.00544757910	-0.00579629992
0.06125938741	0.00531983527	-0.00573718882
0.06127054581	0.00518974077	-0.00567551480
0.06128165043	0.00505692728	-0.00561103658
0.06129265310	0.00492177493	-0.00554385307
0.06130355803	0.00478403237	-0.00547378141
0.06131433867	0.00464382018	-0.00540079459
0.06132497149	0.00450122918	-0.00532486801
0.06133544299	0.00435621702	-0.00524591379
0.06134573323	0.00420882493	-0.00516387910
0.06135582280	0.00405908879	-0.00507870983
0.06136569089	0.00390706730	-0.00499036642
0.06137531614	0.00375283381	-0.00489882296
0.06138468037	0.00359641602	-0.00480403187
0.06139376519	0.00343784648	-0.00470594738
0.06140254904	0.00327721901	-0.00460455947
0.06141101256	0.00311459929	-0.00449984952
0.06141913717	0.00295004785	-0.00439180092
0.06142690428	0.00278363495	-0.00428040561
0.06143429581	0.00261543327	-0.00416565942
0.06144129773	0.00244542957	-0.00404750406
0.06144788534	0.00227389094	-0.00392605429
0.06145404633	0.00210080514	-0.00380128370
0.06145976786	0.00192616921	-0.00367315116
0.06146502975	0.00175023178	-0.00354177500
0.06146982017	0.00157302283	-0.00340716508
0.06147412837	0.00139453704	-0.00326929267
0.06147793737	0.00121507601	-0.00312833173
0.06148124060	0.00103452750	-0.00298421090
0.06148402488	0.00085315731	-0.00283708877
0.06148628299	0.00067096678	-0.00268697733
0.06148800660	0.00048809615	-0.00253396686
0.06148918904	0.00030467112	-0.00237815697
0.06148982531	0.00012073064	-0.00221958678
0.06148991104	-0.00006350709	-0.00205842579
0.06148944338	-0.00024808506	-0.00189466974
0.06148842132	-0.00043270902	-0.00172855082
0.06148684340	-0.00061748029	-0.00156003586
0.06148471240	-0.00080208101	-0.00138937894
0.06148202892	-0.00098656645	-0.00121659742
0.06147879764	-0.00117074056	-0.00104186739
0.06147502364	-0.00135449692	-0.00086532640
0.06147071073	-0.00153782811	-0.00068702958
0.06146586985	-0.00172047552	-0.00050722059
0.06146050721	-0.00190243166	-0.00032598228
0.06145463105	-0.00208363035	-0.00014341696
0.06144825580	-0.00226385783	0.00004025011
0.06144139101	-0.00244308479	0.00022491232
0.06143404944	-0.00262121388	0.00041042340
0.06142624386	-0.00279817056	0.00059665792
0.06141799114	-0.00297381191	0.00078343113
0.06140930588	-0.00314806988	0.00097060444
0.06140020398	-0.00332086489	0.00115803414
0.06139070237	-0.00349211334	0.00134557184
0.06138081868	-0.00366173334	0.00153307139
0.06137057109	-0.00382964706	0.00172038719
0.06135997827	-0.00399578029	0.00190737505
0.06134905724	-0.00416009244	0.00209392249
0.06133783125	-0.00432245880	0.00227984886
0.06132631862	-0.00448283814	0.00246502749
0.06131453796	-0.00464118820	0.00264933817
0.06130250752	-0.00479747483	0.00283268228
0.06129025446	-0.00495155544	0.00301485439
0.06127778886	-0.00510350722	0.00319583995
0.06126514194	-0.00525314910	0.00337540893
0.06125232165	-0.00540058196	0.00355356890
0.06123935890	-0.00554563921	0.00373011014
0.06122626745	-0.00568835365	0.00390497288
0.06121306476	-0.00582871302	0.00407808407
0.06119977354	-0.00596664998	0.00424932133
0.06118641192	-0.00610214627	0.00441859603
0.06117299673	-0.00623519559	0.00458583545
0.06115954575	-0.00636578012	0.00475096192
0.06114607623	-0.00649388595	0.00491390258
0.06113260483	-0.00661950302	0.00507458937
0.06111914551	-0.00674264377	0.00523298132
0.06110571637	-0.00686328053	0.00538900384
0.06109233345	-0.00698140290	0.00554258948
0.06107900698	-0.00709704864	0.00569372027
0.06106575003	-0.00721022648	0.00584236754
0.06105258209	-0.00732088880	0.00598843730
0.06103950466	-0.00742913611	0.00613198341
0.06102654010	-0.00753489195	0.00627289758
0.06101369308	-0.00763822291	0.00641119630
0.06100097060	-0.00773917171	0.00654689531
0.06098839106	-0.00783768773	0.00667991409
0.06097595725	-0.00793384083	0.00681027972
0.06096367761	-0.00802765253	0.00693798723
0.06095155987	-0.00811914668	0.00706303497
0.06093961104	-0.00820834939	0.00718542442
0.06092783750	-0.00829528844	0.00730516033
0.06091624498	-0.00837999343	0.00742225040
0.06090483857	-0.00846249558	0.00753670516
0.06089362269	-0.00854282788	0.00764853753
0.06088260123	-0.00862102432	0.00775776327
0.06087177249	-0.00869715513	0.00786444555
0.06086114821	-0.00877119325	0.00796854504
0.06085072877	-0.00884318952	0.00807008956
0.06084050471	-0.00891325862	0.00816919647
0.06083049694	-0.00898130477	0.00826575543
0.06082068703	-0.00904749812	0.00835993141
0.06081109355	-0.00911175584	0.00845163047
0.06080169626	-0.00917425336	0.00854103354
0.06079251714	-0.00923488240	0.00862802296
0.06078354152	-0.00929377604	0.00871272379
0.06077476737	-0.00935098092	0.00879519434
0.06076620505	-0.00940646143	0.00887539159
0.06075784558	-0.00946030617	0.00895340066
0.06074968768	-0.00951255171	0.00902926144
0.06074172806	-0.00956324552	0.00910302874
0.06073396784	-0.00961240570	0.00917472461
0.06072640600	-0.00966006247	0.00924437894
0.06071903796	-0.00970626716	0.00931204661
0.06071186135	-0.00975105557	0.00937776885
0.06070487359	-0.00979446353	0.00944158666
0.06069807200	-0.00983652623	0.00950354122
0.06069145374	-0.00987727877	0.00956367338
0.06068501301	-0.00991677314	0.00962204748
0.06067875061	-0.00995501972	0.00967867965
0.06067266423	-0.00999204726	0.00973360177
0.06066674898	-0.01002789912	0.00978686366
0.06066100158	-0.01006260800	0.00983850474
0.06065541488	-0.01009622895	0.00988859508
0.06064998653	-0.01012878707	0.00993717342
0.06064472326	-0.01016025263	0.00998420249
0.06063961442	-0.01019069950	0.01002976443
0.06063467003	-0.01022007747	0.01007378685
0.06063055515	-0.01024446070	0.01011111710
0.06062712857	-0.01026471990	0.01015090208
0.06062443469	-0.01028061826	0.01019267536
0.06062250858	-0.01029196998	0.01023594718
0.06062137542	-0.01029864240	0.01028021021
0.06062105003	-0.01030055757	0.01032494552
0.06062153668	-0.01029769310	0.01036962862
0.06062282900	-0.01029008247	0.01041373565
0.06062491006	-0.01027781460	0.01045674948
0.06062775270	-0.01026103285	0.01049816583
0.06063131994	-0.01023993336	0.01053749912
0.06063556559	-0.01021476277	0.01057428821
0.06064043501	-0.01018581535	0.01060810178
0.06064586597	-0.01015342963	0.01063854339
0.06132110108	0.00961245694	-0.00614514663
0.06132690865	0.00957533502	-0.00624462124
0.06133060960	0.00955160155	-0.00628466364
0.06133399970	0.00952980830	-0.00631504715
0.06133731410	0.00950845229	-0.00634037586
0.06134057778	0.00948737493	-0.00636250020
0.06134383772	0.00946627379	-0.00638232293
0.06134715374	0.00944476015	-0.00640031943
0.06135046975	0.00942319623	-0.00641693589
0.06135385279	0.00940114425	-0.00643233021
0.06135731423	0.00937852634	-0.00644665665
0.06136081210	0.00935561353	-0.00646011250
0.06136438580	0.00933214454	-0.00647274432
0.06136806390	0.00930792668	-0.00648458035
0.06137181362	0.00928317075	-0.00649572875
0.06137564148	0.00925782903	-0.00650623132
0.06137956399	0.00923178694	-0.00651610225
0.06138358494	0.00920501310	-0.00652536448
0.06138770791	0.00917747695	-0.00653403567
0.06139193631	0.00914914867	-0.00654212845
0.06139627549	0.00911998477	-0.00654964763
0.06140072394	0.00908998713	-0.00655660650
0.06140528302	0.00905913808	-0.00656301183
0.06140996669	0.00902733387	-0.00656884483
0.06141476963	0.00899460047	-0.00657411659
0.06141969519	0.00896090442	-0.00657882276
0.06142474696	0.00892621010	-0.00658295756
0.06142992758	0.00889048723	-0.00658651385
0.06143523971	0.00885370474	-0.00658948435
0.06144069183	0.00881579000	-0.00659184795
0.06144630819	0.00877655828	-0.00659354601
0.06145203390	0.00873637767	-0.00659467519
0.06145790399	0.00869498724	-0.00659516869
0.06146396401	0.00865204566	-0.00659491767
0.06147012399	0.00860817187	-0.00659408732
0.06147647604	0.00856268999	-0.00659248631
0.06148295357	0.00851605460	-0.00659023123
0.06148961972	0.00846778793	-0.00658717757
0.06149641002	0.00841833242	-0.00658344262
0.06150340335	0.00836708687	-0.00657884113
0.06151053220	0.00831451707	-0.00657349246
0.06151782546	0.00826038233	-0.00656732182
0.06152529709	0.00820454653	-0.00656027187
0.06153294262	0.00814700793	-0.00655232135
0.06154074364	0.00808786977	-0.00654348734
0.06154871580	0.00802697634	-0.00653370859
0.06155685856	0.00796429096	-0.00652295415
0.06156517111	0.00789977668	-0.00651119213
0.06157365240	0.00783339622	-0.00649838982
0.06158230097	0.00776511255	-0.00648451239
0.06159111509	0.00769488838	-0.00646952425
0.06160010922	0.00762255272	-0.00645333892
0.06160925464	0.00754827849	-0.00643598402
0.06161855442	0.00747198217	-0.00641740905
0.06162802418	0.00739347022	-0.00639751630
0.06163764773	0.00731280712	-0.00637628711
0.06164741125	0.00723003819	-0.00635370816
0.06165733717	0.00714489604	-0.00632964356
0.06166739047	0.00705760008	-0.00630412953
0.06167757939	0.00696799584	-0.00627707511
0.06168791186	0.00687592149	-0.00624836761
0.06169834983	0.00678162182	-0.00621804993
0.06170890455	0.00668489832	-0.00618600611
0.06171956673	0.00658573065	-0.00615217408
0.06173032649	0.00648410038	-0.00611649035
0.06174117331	0.00637999094	-0.00607889050
0.06175209611	0.00627338756	-0.00603930968
0.06176308321	0.00616427759	-0.00599768238
0.06177412229	0.00605265076	-0.00595394230
0.06178520045	0.00593849905	-0.00590802305
0.06179630421	0.00582181687	-0.00585985819
0.06180742602	0.00570253053	-0.00580934838
0.06181854799	0.00558067117	-0.00575643032
0.06182964275	0.00545637632	-0.00570110139
0.06184072036	0.00532935930	-0.00564316155
0.06185173320	0.00519998709	-0.00558270179
0.06186269603	0.00506789955	-0.00551948884
0.06187356196	0.00493346692	-0.00545361572
0.06188433483	0.00479644331	-0.00538490538
0.06189498867	0.00465694577	-0.00531332998
0.06190550038	0.00451506245	-0.00523886430
0.06191585659	0.00437075155	-0.00516142249
0.06192603768	0.00422405293	-0.00508095225
0.06193602450	0.00407500128	-0.00499740011
0.06194579653	0.00392365366	-0.00491072667
0.06195533271	0.00377008153	-0.00482090578
0.06196461503	0.00361431186	-0.00472789059
0.06197362526	0.00345637641	-0.00463163602
0.06198234209	0.00329636692	-0.00453213141
0.06199074633	0.00313434770	-0.00442935802
0.06199881950	0.00297037817	-0.00432329920
0.06200654314	0.00280452734	-0.00421394659
0.06201389925	0.00263686668	-0.00410129573
0.06202087377	0.00246738380	-0.00398529014
0.06202744221	0.00229634036	-0.00386603973
0.06203359217	0.00212372523	-0.00374351937
0.06203931071	0.00194953633	-0.00361768950
0.06204457774	0.00177401773	-0.00348866389
0.06204938129	0.00159719982	-0.00335645263
0.06205371046	0.00141907857	-0.00322102860
0.06205754820	0.00123995022	-0.00308255950
0.06206088775	0.00105970642	-0.00294097788
0.06206371575	0.00087860861	-0.00279643694
0.06206602477	0.00069665974	-0.00264894961
0.06206780624	0.00051399871	-0.00249860386
0.06206905324	0.00033075031	-0.00234549702
0.06206976051	0.00014695454	-0.00218966832
0.06206992334	-0.00003717304	-0.00203128250
0.06206953864	-0.00022167246	-0.00187033748
0.06206860498	-0.00040625351	-0.00170705848
0.06206712068	-0.00059101315	-0.00154141603
0.06206508803	-0.00077563787	-0.00137365653
0.06206250737	-0.00096017938	-0.00120379948
0.06205938298	-0.00114444327	-0.00103201658
0.06205571951	-0.00132832278	-0.00085844299
0.06205152055	-0.00151180812	-0.00068313456
0.06204679645	-0.00169464338	-0.00050632833
0.06204155316	-0.00187681851	-0.00032810732
0.06203579859	-0.00205826609	-0.00014857288
0.06202954665	-0.00223877394	0.00003205535
0.06202280661	-0.00241831059	0.00021367131
0.06201559086	-0.00259677792	0.00039613108
0.06200791187	-0.00277410018	0.00057931076
0.06199978606	-0.00295013457	0.00076302941
0.06199122775	-0.00312481164	0.00094715024
0.06198225252	-0.00329805068	0.00113153160
0.06197287699	-0.00346976705	0.00131602734
0.06196311851	-0.00363987783	0.00150049356
0.06195299497	-0.00380830410	0.00168478682
0.06194252477	-0.00397497051	0.00186876507
0.06193172477	-0.00413983481	0.00205231684
0.06192061787	-0.00430277220	0.00223526525
0.06190922219	-0.00446373982	0.00241748506
0.06189755623	-0.00462269389	0.00259885746
0.06188563809	-0.00477959873	0.00277928464
0.06187349456	-0.00493431219	0.00295856602
0.06186113588	-0.00508690800	0.00313668456
0.06184859283	-0.00523720637	0.00331341633
0.06183587358	-0.00538530448	0.00348876569
0.06182300863	-0.00553103694	0.00366252855
0.06181001183	-0.00567443416	0.00383464460
0.06179690064	-0.00581548254	0.00400504125
0.06178369759	-0.00595411440	0.00417359860
0.06177042080	-0.00609031032	0.00434022914
0.06175708711	-0.00622406276	0.00450486077
0.06174371429	-0.00635535294	0.00466741686
0.06173031959	-0.00648416604	0.00482782547
0.06171691967	-0.00661049109	0.00498601941
0.06170352858	-0.00673433934	0.00514195771
0.06169016437	-0.00685568274	0.00529556723
0.06167684309	-0.00697451021	0.00544678162
0.06166357512	-0.00709085815	0.00559558228
0.06165037361	-0.00720473455	0.00574194065
0.06163725792	-0.00731609201	0.00588576527
0.06162422990	-0.00742502892	0.00602710701
0.06161131170	-0.00753146970	0.00616586103
0.06159850825	-0.00763547948	0.00630204235
0.06158582668	-0.00773710010	0.00643566566
0.06157328525	-0.00783628161	0.00656665311
0.06156088700	-0.00793309255	0.00669503019
0.06154864045	-0.00802755409	0.00682079192
0.06153655340	-0.00811968972	0.00694393654
0.06152463297	-0.00820952522	0.00706446539
0.06151288560	-0.00829708807	0.00718238303
0.06150131713	-0.00838240756	0.00729769695
0.06148993273	-0.00846551466	0.00741041739
0.06147873692	-0.00854644211	0.00752055698
0.06146773367	-0.00862522367	0.00762813111
0.06145692149	-0.00870192889	0.00773320102
0.06144631202	-0.00877653152	0.00783572930
0.06143590574	-0.00884908199	0.00793574300
0.06142569356	-0.00891969372	0.00803335569
0.06141569601	-0.00898827290	0.00812846176
0.06140589521	-0.00905498757	0.00822122049
0.06139630936	-0.00911975669	0.00831154213
0.06138691881	-0.00918275363	0.00839960151
0.06137774507	-0.00924387233	0.00848528615
0.06136877390	-0.00930324440	0.00856871698
0.06136000333	-0.00936091645	0.00864995107
0.06135144355	-0.00941685403	0.00872894778
0.06134308582	-0.00947114501	0.00880578972
0.06133492890	-0.00952382606	0.00888051617
0.06132696961	-0.00957494464	0.00895318077
0.06131920902	-0.00962451923	0.00902380565
0.06131164618	-0.00967258027	0.00909242042
0.06130427657	-0.00971917897	0.00915907872
0.06129709789	-0.00976435128	0.00922382116
0.06129010760	-0.00980813318	0.00928668810
0.06128330306	-0.00985056000	0.00934772005
0.06127668145	-0.00989166698	0.00940695724
0.06127023709	-0.00993150605	0.00946446255
0.06126397073	-0.00997008810	0.00952025242
0.06125788005	-0.01000744209	0.00957435836
0.06125196026	-0.01004361139	0.00962682921
0.06124620810	-0.01007862884	0.00967770375
0.06124061651	-0.01011254937	0.00972705039
0.06123518317	-0.01014539837	0.00977490735
0.06122991460	-0.01017714712	0.00982123951
0.06122480034	-0.01020786899	0.00986612669
0.06121985016	-0.01023751496	0.00990949976
0.06121577000	-0.01026188427	0.00994595167
0.06121235715	-0.01028222245	0.00998486135
0.06120965572	-0.01029829173	0.01002577264
0.06120770082	-0.01030990428	0.01006820587
0.06120651792	-0.01031692441	0.01011166356
0.06120612250	-0.01031927006	0.01015563621
0.06120651971	-0.01031691384	0.01019960828
0.06120770436	-0.01030988326	0.01024306424
0.06120966097	-0.01029826050	0.01028549460
0.06121236404	-0.01028218138	0.01032640191
0.06121577845	-0.01026183385	0.01036530657
0.06121986005	-0.01023745577	0.01040175245
0.06122455637	-0.01020933219	0.01043531226
0.06122980741	-0.01017779200	0.01046559255
0.06191211158	0.00958663426	-0.00603971650
0.06191772837	0.00955028954	-0.00613765792
0.06192132545	0.00952693927	-0.00617709328
0.06192462579	0.00950546359	-0.00620701972
0.06192785523	0.00948440106	-0.00623197188
0.06193103768	0.00946359808	-0.00625376981
0.06193421828	0.00944276032	-0.00627330262
0.06193745462	0.00942150902	-0.00629103975
0.06194069270	0.00940019703	-0.00630741777
0.06194399709	0.00937839759	-0.00632259426
0.06194737875	0.00935603455	-0.00633672124
0.06195079733	0.00933337171	-0.00634999105
0.06195429078	0.00931015415	-0.00636245082
0.06195788669	0.00928619373	-0.00637412933
0.06196155351	0.00926169548	-0.00638513162
0.06196529760	0.00923661249	-0.00639549892
0.06196913488	0.00921083269	-0.00640524575
0.06197306907	0.00918432505	-0.00641439472
0.06197710369	0.00915705933	-0.00642296326
0.06198124205	0.00912900599	-0.00643096382
0.06198548938	0.00910012214	-0.00643840130
0.06198984429	0.00907040911	-0.00644528860
0.06199430816	0.00903984916	-0.00645163236
0.06199889448	0.00900834061	-0.00645741458
0.06200359819	0.00897590822	-0.00646264588
0.06200842261	0.00894251881	-0.00646732203
0.06201337123	0.00890813704	-0.00647143742
0.06201844668	0.00887273282	-0.00647498505
0.06202365159	0.00883627522	-0.00647795780
0.06202899420	0.00879869282	-0.00648033521
0.06203449794	0.00875980489	-0.00648206064
0.06204011000	0.00871996953	-0.00648322660
0.06204586418	0.00867893171	-0.00648376888
0.06205180446	0.00863635805	-0.00648358253
0.06205784421	0.00859285105	-0.00648282573
0.06206407226	0.00854775122	-0.00648131461
0.06207042452	0.00850150087	-0.00647916057
0.06207696189	0.00845363351	-0.00647622456
0.06208362230	0.00840457962	-0.00647261866
0.06209048187	0.00835375234	-0.00646816465
0.06209747558	0.00830160489	-0.00646297645
0.06210463133	0.00824790179	-0.00645698193
0.06211196266	0.00819250950	-0.00645012547
0.06211946531	0.00813542542	-0.00644238597
0.06212712160	0.00807674930	-0.00643377920
0.06213494665	0.00801632843	-0.00642424583
0.06214294002	0.00795412613	-0.00641375544
0.06215110098	0.00789010543	-0.00640227668
0.06215942854	0.00782422904	-0.00638977742
0.06216792137	0.00775645987	-0.00637622342
0.06217657781	0.00768676061	-0.00636157970
0.06218541185	0.00761496352	-0.00634576229
0.06219439584	0.00754123621	-0.00632879672
0.06220353272	0.00746549624	-0.00631063369
0.06221283762	0.00738755388	-0.00629117839
0.06222229492	0.00730747095	-0.00627041170
0.06223189128	0.00722529063	-0.00624831982
0.06224164836	0.00714075111	-0.00622477111
0.06225153234	0.00705406534	-0.00619979903
0.06226155118	0.00696508163	-0.00617331516
0.06227171248	0.00687364109	-0.00614520983
0.06228197949	0.00677998143	-0.00611552281
0.06229236302	0.00668390801	-0.00608414151
0.06230285406	0.00658539996	-0.00605100483
0.06231344299	0.00648443826	-0.00601605026
0.06232411959	0.00638100574	-0.00597921434
0.06233487307	0.00627508700	-0.00594043319
0.06234569202	0.00616666870	-0.00589964227
0.06235656446	0.00605573986	-0.00585677627
0.06236747779	0.00594229172	-0.00581176975
0.06237841884	0.00582631790	-0.00576455723
0.06238938016	0.00570774561	-0.00571504156
0.06240034430	0.00558660433	-0.00566316004
0.06241128462	0.00546302751	-0.00560890855
0.06242221064	0.00533673450	-0.00555209317
0.06243307609	0.00520808279	-0.00549279949
0.06244389506	0.00507672008	-0.00543080180
0.06245462190	0.00494300718	-0.00536618759
0.06246526010	0.00480670339	-0.00529878536
0.06247578425	0.00466792243	-0.00522856648
0.06248617169	0.00452674989	-0.00515550520
0.06249640919	0.00438314451	-0.00507951759
0.06250647743	0.00423714483	-0.00500055190
0.06251635753	0.00408878444	-0.00491855528
0.06252602928	0.00393811880	-0.00483348852
0.06253547189	0.00378521758	-0.00474532527
0.06254466756	0.00363010705	-0.00465401937
0.06255359822	0.00347281823	-0.00455952642
0.06256224282	0.00331344083	-0.00446183519
0.06257058234	0.00315203788	-0.00436092684
0.06257859844	0.00298866772	-0.00425678467
0.06258627277	0.00282339816	-0.00414940010
0.06259358745	0.00265629951	-0.00403876835
0.06260052840	0.00248736018	-0.00392483470
0.06260707137	0.00231683662	-0.00380770448
0.06261320387	0.00214471874	-0.00368735376
0.06261891292	0.00197100534	-0.00356374447
0.06262417848	0.00179593602	-0.00343698606
0.06262898851	0.00161954160	-0.00330708885
0.06263333197	0.00144181929	-0.00317402722
0.06263719180	0.00126306011	-0.00303796296
0.06264056100	0.00108315944	-0.00289883229
0.06264342613	0.00090237453	-0.00275678331
0.06264577954	0.00072070985	-0.00261182981
0.06264761246	0.00053830296	-0.00246405755
0.06264891774	0.00035527777	-0.00231356168
0.06264968990	0.00017167527	-0.00216038154
0.06264992391	-0.00001229161	-0.00200467728
0.06264961645	-0.00019666002	-0.00184644893
0.06264876572	-0.00038114371	-0.00168591501
0.06264736983	-0.00056583546	-0.00152304956
0.06264543062	-0.00075042601	-0.00135809163
0.06264294820	-0.00093496367	-0.00119106275
0.06263992643	-0.00111925565	-0.00102213042
0.06263636963	-0.00130319492	-0.00085142746
0.06263228108	-0.00148676943	-0.00067901037
0.06262767066	-0.00166972592	-0.00050510987
0.06262254403	-0.00185205194	-0.00032980911
0.06261690880	-0.00203367888	-0.00015320846
0.06261077836	-0.00221439617	0.00002447780
0.06260416173	-0.00239417030	0.00020314421
0.06259707094	-0.00257290246	0.00038264909
0.06258951813	-0.00275051577	0.00056287007
0.06258151934	-0.00292686759	0.00074362988
0.06257308857	-0.00310188718	0.00092479346
0.06256424110	-0.00327549280	0.00110622120
0.06255499324	-0.00344759883	0.00128776914
0.06254536205	-0.00361812141	0.00146929552
0.06253536515	-0.00378698063	0.00165065902
0.06252502067	-0.00395410010	0.00183171970
0.06251434527	-0.00411943596	0.00201236710
0.06250336149	-0.00428286342	0.00219242792
0.06249208731	-0.00444433808	0.00237177838
0.06248054103	-0.00460381473	0.00255030102
0.06246874063	-0.00476125625	0.00272789887
0.06245671252	-0.00491652098	0.00290437598
0.06244446708	-0.00506967929	0.00307971300
0.06243203461	-0.00522055274	0.00325369182
0.06241942353	-0.00536923490	0.00342631384
0.06240666388	-0.00551556162	0.00359738032
0.06239376961	-0.00565956105	0.00376683047
0.06238075812	-0.00580121827	0.00393459222
0.06236765178	-0.00594046533	0.00410054804
0.06235446867	-0.00607728173	0.00426461149
0.06234122563	-0.00621165874	0.00442671114
0.06232794038	-0.00634357669	0.00458677134
0.06231463015	-0.00647301988	0.00474472108
0.06230131160	-0.00659997650	0.00490049402
0.06228799884	-0.00672445667	0.00505404921
0.06227470984	-0.00684643197	0.00520531490
0.06226146066	-0.00696589071	0.00535422583
0.06224826181	-0.00708286795	0.00550076282
0.06223512648	-0.00719737100	0.00564489743
0.06222207390	-0.00730935270	0.00578654060
0.06220910625	-0.00741890934	0.00592574042
0.06219624546	-0.00752596626	0.00606239529
0.06218349666	-0.00763058717	0.00619651887
0.06217086713	-0.00773281303	0.00632812489
0.06215837497	-0.00783259456	0.00645713799
0.06214602346	-0.00792999905	0.00658358221
0.06213382117	-0.00802504729	0.00670745252
0.06212177597	-0.00811776245	0.00682874709
0.06210989505	-0.00820816996	0.00694746713
0.06209818494	-0.00829629703	0.00706361702
0.06208665153	-0.00838217265	0.00717720403
0.06207530009	-0.00846582753	0.00728823814
0.06206413521	-0.00854729416	0.00739673170
0.06205316095	-0.00862660608	0.00750269978
0.06204237603	-0.00870383214	0.00760620173
0.06203179191	-0.00877894691	0.00770720197
0.06202140925	-0.00885200040	0.00780572685
0.06201121929	-0.00892310478	0.00790188630
0.06200124215	-0.00899216818	0.00799557919
0.06199146051	-0.00905935651	0.00808695940
0.06198189223	-0.00912459056	0.00817594116
0.06197251817	-0.00918804158	0.00826269349
0.06196335942	-0.00924960572	0.00834710881
0.06195440214	-0.00930941312	0.00842930414
0.06194564445	-0.00936751037	0.00850933533
0.06193709633	-0.00942386412	0.00858716400
0.06192874929	-0.00947856152	0.00866287039
0.06192060213	-0.00953163932	0.00873649316
0.06191265178	-0.00958314493	0.00880808485
0.06190489928	-0.00963309724	0.00887766762
0.06189734368	-0.00968152685	0.00894527081
0.06188998060	-0.00972848486	0.00901094691
0.06188280777	-0.00977400733	0.00907473588
0.06187582268	-0.00981813037	0.00913667746
0.06186902275	-0.00986088945	0.00919681156
0.06186240520	-0.00990231993	0.00925517776
0.06185596442	-0.00994247364	0.00931183756
0.06184970113	-0.00998136198	0.00936680765
0.06184361304	-0.01001901408	0.00942011923
0.06183769541	-0.01005547332	0.00947182014
0.06183194501	-0.01009077267	0.00952194858
0.06182635492	-0.01012496690	0.00957057136
0.06182092278	-0.01015808168	0.00961772619
0.06181565496	-0.01019008926	0.00966337995
0.06181054115	-0.01022106253	0.00970761029
0.06180559090	-0.01025095365	0.00975035114
0.06180154901	-0.01027529349	0.00978595831
0.06179815411	-0.01029569162	0.00982402440
0.06179544998	-0.01031190955	0.00986410310
0.06179347169	-0.01032375769	0.00990572453
0.06179224498	-0.01033109758	0.00994840072
0.06179178584	-0.01033384341	0.00999163133
0.06179210027	-0.01033196310	0.01003490952
0.06179318415	-0.01032547863	0.01007772788
0.06179502336	-0.01031446577	0.01011958443
0.06179759396	-0.01029905326	0.01015998842
0.06180086258	-0.01027942125	0.01019846615
0.06180478702	-0.01025579926	0.01023456652
0.06180931686	-0.01022846352	0.01026786627
0.06181439431	-0.01019773373	0.01029797499
0.06249284115	0.00956046824	-0.00593879327
0.06249827788	0.00952486270	-0.00603526261
0.06250177652	0.00950187771	-0.00607411497
0.06250499163	0.00948070510	-0.00610360242
0.06250814034	0.00945992280	-0.00612819282
0.06251124551	0.00943938202	-0.00614967713
0.06251435058	0.00941879606	-0.00616893133
0.06251751103	0.00939779564	-0.00618641911
0.06252067483	0.00937672473	-0.00620256793
0.06252390422	0.00935516700	-0.00621753495
0.06252720979	0.00933304794	-0.00623147003
0.06253055268	0.00931062452	-0.00624456085
0.06253396953	0.00928764784	-0.00625685504
0.06253748695	0.00926393407	-0.00626838184
0.06254107458	0.00923968277	-0.00627924336
0.06254473861	0.00921484784	-0.00628948029
0.06254849442	0.00918931955	-0.00629910743
0.06255234566	0.00916306722	-0.00630814708
0.06255629576	0.00913606092	-0.00631661645
0.06256034799	0.00910827138	-0.00632452785
0.06256450743	0.00907965628	-0.00633188618
0.06256877281	0.00905021643	-0.00633870404
0.06257314550	0.00901993402	-0.00634498792
0.06257763859	0.00898870936	-0.00635072056
0.06258224727	0.00895656604	-0.00635591216
0.06258697477	0.00892347114	-0.00636055857
0.06259182454	0.00888938966	-0.00636465437
0.06259679918	0.00885429161	-0.00636819268
0.06260190129	0.00881814625	-0.00637116654
0.06260713886	0.00878088328	-0.00637355609
0.06261253459	0.00874232581	-0.00637530658
0.06261803758	0.00870282242	-0.00637650662
0.06262368051	0.00866212372	-0.00637709445
0.06262950587	0.00861990384	-0.00637696877
0.06263543016	0.00857674975	-0.00637628117
0.06264153914	0.00853201745	-0.00637485480
0.06264777104	0.00848613764	-0.00637279621
0.06265418468	0.00843865454	-0.00636997144
0.06266072024	0.00838998730	-0.00636648771
0.06266745122	0.00833956264	-0.00636217339
0.06267431497	0.00828782189	-0.00635713732
0.06268133844	0.00823453452	-0.00635130988
0.06268853477	0.00817956942	-0.00634463705
0.06269589992	0.00812292318	-0.00633709788
0.06270341686	0.00806469228	-0.00632870695
0.06271110026	0.00800472685	-0.00631940671
0.06271894972	0.00794299021	-0.00630916726
0.06272696460	0.00787944538	-0.00629795777
0.06273514399	0.00781405507	-0.00628574666
0.06274348663	0.00774678215	-0.00627250024
0.06275199097	0.00767758927	-0.00625818413
0.06276067056	0.00760631180	-0.00624271672
0.06276949870	0.00753311234	-0.00622612159
0.06277847827	0.00745790947	-0.00620835058
0.06278762391	0.00738051705	-0.00618931162
0.06279692053	0.00730099444	-0.00616898514
0.06280635525	0.00721938277	-0.00614735697
0.06281594901	0.00713542556	-0.00612429939
0.06282566912	0.00704932960	-0.00609984336
0.06283552324	0.00696094587	-0.00607390280
0.06284551872	0.00687011828	-0.00604637092
0.06285561999	0.00677707783	-0.00601728458
0.06286583747	0.00668163357	-0.00598653436
0.06287616240	0.00658376412	-0.00595406009
0.06288658541	0.00648344994	-0.00591980018
0.06289709657	0.00638067328	-0.00588369210
0.06290768534	0.00627541814	-0.00584567292
0.06291834063	0.00616767057	-0.00580567903
0.06292905072	0.00605741892	-0.00576364605
0.06293980331	0.00594465371	-0.00571950946
0.06295058553	0.00582936786	-0.00567320470
0.06296139005	0.00571148941	-0.00562463670
0.06297219981	0.00559104632	-0.00557374338
0.06298298886	0.00546816812	-0.00552051917
0.06299376626	0.00534257996	-0.00546477597
0.06300448698	0.00521463028	-0.00540659430
0.06301516447	0.00508397427	-0.00534575556
0.06302575431	0.00495096375	-0.00528234213
0.06303625962	0.00481536302	-0.00521618765
0.06304665555	0.00467728260	-0.00514726284
0.06305691986	0.00453680567	-0.00507554145
0.06306703945	0.00439389150	-0.00500094138
0.06307699532	0.00424857739	-0.00492341140
0.06308676883	0.00410089587	-0.00484289927
0.06309634007	0.00395090092	-0.00475936598
0.06310568854	0.00379866049	-0.00467278500
0.06311479662	0.00364420020	-0.00458311085
0.06312364644	0.00348755037	-0.00449029978
0.06313221718	0.00332879879	-0.00439434001
0.06314049000	0.00316800728	-0.00429521264
0.06314844671	0.00300523315	-0.00419290095
0.06315606909	0.00284054306	-0.00408739613
0.06316333936	0.00267400623	-0.00397869314
0.06317024345	0.00250561183	-0.00386673887
0.06317675734	0.00233561135	-0.00375163440
0.06318286849	0.00216399570	-0.00363335690
0.06318856388	0.00199076450	-0.00351186970
0.06319382356	0.00181615309	-0.00338727822
0.06319863540	0.00164019271	-0.00325959296
0.06320298826	0.00146288171	-0.00312878970
0.06320686507	0.00128450615	-0.00299502470
0.06321025866	0.00110496497	-0.00285823759
0.06321315549	0.00092451139	-0.00271857166
0.06321554772	0.00074315132	-0.00257604153
0.06321742642	0.00056102103	-0.00243073084
0.06321878423	0.00037824358	-0.00228273268
0.06321961545	0.00019486087	-0.00213208646
0.06321991478	0.00001108334	-0.00197894804
0.06321967871	-0.00017312347	-0.00182331932
0.06321890507	-0.00035747712	-0.00166541259
0.06321759179	-0.00054206639	-0.00150520508
0.06321574029	-0.00072658612	-0.00134292897
0.06321335048	-0.00091108138	-0.00117860763
0.06321042582	-0.00109536099	-0.00101240457
0.06320697030	-0.00127931766	-0.00084445040
0.06320298698	-0.00146293723	-0.00067480218
0.06319848522	-0.00164596901	-0.00050368468
0.06319347045	-0.00182839827	-0.00033118109
0.06318794999	-0.00201015530	-0.00015739082
0.06318193674	-0.00219103112	0.00001747689
0.06317543948	-0.00237099029	0.00019331721
0.06316846989	-0.00254993337	0.00036999061
0.06316103982	-0.00272778245	0.00054737623
0.06315316490	-0.00290439507	0.00072530023
0.06314485886	-0.00307969931	0.00090362928
0.06313613667	-0.00325361244	0.00108222570
0.06312701437	-0.00342604800	0.00126094763
0.06311750871	-0.00359692124	0.00143965540
0.06310763704	-0.00376615132	0.00161820972
0.06309741722	-0.00393366091	0.00179647264
0.06308686574	-0.00409940465	0.00197433471
0.06307600480	-0.00426325779	0.00215162607
0.06306485217	-0.00442517449	0.00232822433
0.06305342600	-0.00458510821	0.00250401333
0.06304174414	-0.00474302049	0.00267889695
0.06302983261	-0.00489877014	0.00285268362
0.06301770192	-0.00505242439	0.00302535188
0.06300538191	-0.00520380611	0.00319668912
0.06299288119	-0.00535300542	0.00336669398
0.06298022939	-0.00549985943	0.00353517278
0.06296744050	-0.00564439410	0.00370206435
0.06295453189	-0.00578659331	0.00386729709
0.06294152574	-0.00592638886	0.00403075576
0.06292844009	-0.00606375925	0.00419235497
0.06291529172	-0.00619869463	0.00435202391
0.06290209836	-0.00633117449	0.00450968791
0.06288887716	-0.00646118233	0.00466527684
0.06287564479	-0.00658870552	0.00481872519
0.06286241538	-0.00671375313	0.00496999205
0.06284920683	-0.00683629641	0.00511900700
0.06283603518	-0.00695632308	0.00526570581
0.06282291106	-0.00707386695	0.00541006879
0.06280984768	-0.00718893468	0.00555206761
0.06279686415	-0.00730147935	0.00569161550
0.06278396295	-0.00741159526	0.00582875791
0.06277116575	-0.00751920862	0.00596339634
0.06275847792	-0.00762438179	0.00609554318
0.06274590684	-0.00772715489	0.00622521123
0.06273347046	-0.00782747930	0.00635232751
0.06272117225	-0.00792542110	0.00647691468
0.06270902084	-0.00802100075	0.00659896769
0.06269702417	-0.00811424107	0.00671848463
0.06268518947	-0.00820516719	0.00683546659
0.06267352335	-0.00829380602	0.00694991778
0.06266203177	-0.00838018630	0.00706184527
0.06265072005	-0.00846433847	0.00717125881
0.06263959286	-0.00854629478	0.00727817045
0.06262865434	-0.00862608857	0.00738259495
0.06261790337	-0.00870378799	0.00748458992
0.06260735131	-0.00877936840	0.00758412149
0.06259699892	-0.00885287942	0.00768121529
0.06258683777	-0.00892443198	0.00777597789
0.06257688760	-0.00899393608	0.00786831233
0.06256713161	-0.00906155560	0.00795836742
0.06255758731	-0.00912721305	0.00804606110
0.06254823611	-0.00919107762	0.00813155695
0.06253909863	-0.00925304765	0.00821475196
0.06253016143	-0.00931325180	0.00829575947
0.06252142274	-0.00937173660	0.00837463420
0.06251289231	-0.00942846983	0.00845133984
0.06250456189	-0.00948353788	0.00852595443
0.06249643035	-0.00953697760	0.00859851599
0.06248849467	-0.00958883632	0.00866907606
0.06248075589	-0.00963913331	0.00873765681
0.06247321310	-0.00968789933	0.00880428729
0.06246586199	-0.00973518535	0.00886901890
0.06245870034	-0.00978102755	0.00893189101
0.06245172569	-0.00982546213	0.00899294274
0.06244493549	-0.00986852468	0.00905221340
0.06243832701	-0.00991025069	0.00910974199
0.06243189473	-0.00995069187	0.00916558867
0.06242563931	-0.00998986007	0.00921977039
0.06241955850	-0.01002778464	0.00927231799
0.06241364761	-0.01006450891	0.00932327841
0.06240790347	-0.01010006597	0.00937268928
0.06240231924	-0.01013451043	0.00942061586
0.06239689258	-0.01016786822	0.00946709541
0.06239162966	-0.01020011254	0.00951209666
0.06238652039	-0.01023131575	0.00955569521
0.06238157402	-0.01026143121	0.00959782784
0.06237757228	-0.01028572918	0.00963262989
0.06237419813	-0.01030617077	0.00966989039
0.06237149503	-0.01032251694	0.00970917250
0.06236949795	-0.01033457660	0.00975001567
0.06236823282	-0.01034220877	0.00979194105
0.06236771612	-0.01034532425	0.00983445710
0.06236795457	-0.01034388662	0.00987706537
0.06236894507	-0.01033791269	0.00991926631
0.06237067471	-0.01032747227	0.00996056515
0.06237312102	-0.01031268742	0.01000047770
0.06237625230	-0.01029373096	0.01003853603
0.06238002814	-0.01027082455	0.01007429393
0.06238440010	-0.01024423605	0.01010733217
0.06238931242	-0.01021427645	0.01013726342
0.06308365862	0.00953310397	-0.00583875128
0.06308891939	0.00949822645	-0.00593375716
0.06309232141	0.00947560208	-0.00597202979
0.06309545273	0.00945472900	-0.00600108067
0.06309852198	0.00943422385	-0.00602531122
0.06310155102	0.00941394254	-0.00604648353
0.06310458164	0.00939360590	-0.00606546054
0.06310766724	0.00937285394	-0.00608270014
0.06311075773	0.00935202195	-0.00609862083
0.06311391306	0.00933070382	-0.00611337929
0.06311714349	0.00930882666	-0.00612712324
0.06312041159	0.00928664074	-0.00614003576
0.06312375271	0.00926390306	-0.00615216497
0.06312719251	0.00924043404	-0.00616354050
0.06313070182	0.00921642788	-0.00617426162
0.06313428662	0.00919183924	-0.00618436848
0.06313796180	0.00916656074	-0.00619387613
0.06314173090	0.00914056203	-0.00620280657
0.06314559731	0.00911381347	-0.00621117678
0.06314956422	0.00908628606	-0.00621899891
0.06315363658	0.00905793807	-0.00622627792
0.06315781323	0.00902876978	-0.00623302605
0.06316209555	0.00899876332	-0.00623924967
0.06316649621	0.00896782095	-0.00624493226
0.06317101062	0.00893596515	-0.00625008355
0.06317564198	0.00890316325	-0.00625469955
0.06318039367	0.00886938053	-0.00625877496
0.06318526826	0.00883458718	-0.00626230305
0.06319026830	0.00879875261	-0.00626527701
0.06319540159	0.00876180765	-0.00626767757
0.06320069005	0.00872357912	-0.00626945181
0.06320608469	0.00868440634	-0.00627068458
0.06321161708	0.00864404543	-0.00627131647
0.06321732825	0.00860217787	-0.00627124974
0.06322313776	0.00855937543	-0.00627062960
0.06322912835	0.00851500930	-0.00626928600
0.06323524053	0.00846949882	-0.00626732080
0.06324153110	0.00842239869	-0.00626460498
0.06324794243	0.00837411695	-0.00626124108
0.06325454545	0.00832409369	-0.00625706383
0.06326127980	0.00827275853	-0.00625217716
0.06326817156	0.00821988584	-0.00624651390
0.06327523343	0.00816534689	-0.00624002158
0.06328246159	0.00810913749	-0.00623267940
0.06328983966	0.00805135090	-0.00622450082
0.06329738185	0.00799184005	-0.00621543001
0.06330508781	0.00793056827	-0.00620543757
0.06331295698	0.00786749859	-0.00619449322
0.06332098852	0.00780259370	-0.00618256587
0.06332918126	0.00773581646	-0.00616962244
0.06333753374	0.00766712951	-0.00615562908
0.06334605907	0.00759637125	-0.00614050653
0.06335473150	0.00752369936	-0.00612427647
0.06336355385	0.00744903346	-0.00610689186
0.06337254024	0.00737219095	-0.00608826329
0.06338167614	0.00729322873	-0.00606837082
0.06339094911	0.00721218600	-0.00604719986
0.06340037936	0.00712881144	-0.00602462657
0.06340993533	0.00704330588	-0.00600067946
0.06341962438	0.00695552290	-0.00597527477
0.06342945362	0.00686530915	-0.00594830851
0.06343938863	0.00677288909	-0.00591981472
0.06344943944	0.00667807537	-0.00588968710
0.06345959754	0.00658084614	-0.00585786638
0.06346985382	0.00648118134	-0.00582429190
0.06348019861	0.00637906267	-0.00578890206
0.06349062165	0.00627447357	-0.00575163485
0.06350111211	0.00616739948	-0.00571242759
0.06351165857	0.00605782809	-0.00567121683
0.06352224903	0.00594574927	-0.00562793898
0.06353287090	0.00583115522	-0.00558253037
0.06354351696	0.00571397483	-0.00553489800
0.06355417056	0.00559423456	-0.00548498037
0.06356480641	0.00547206012	-0.00543277060
0.06357543312	0.00534718234	-0.00537808618
0.06358600690	0.00521994079	-0.00532100280
0.06359654059	0.00508999805	-0.00526130876
0.06360699093	0.00495769710	-0.00519908147
0.06361736074	0.00482280715	-0.00513415964
0.06362762567	0.00468543561	-0.00506651334
0.06363776395	0.00454566328	-0.00499611587
0.06364776260	0.00440344997	-0.00492288693
0.06365760291	0.00425883176	-0.00484677581
0.06366726652	0.00411184014	-0.00476773090
0.06367673382	0.00396252765	-0.00468571337
0.06368598461	0.00381096056	-0.00460069655
0.06369500144	0.00365716385	-0.00451263563
0.06370376664	0.00350116716	-0.00442148750
0.06371225965	0.00334305640	-0.00432723990
0.06372046181	0.00318289218	-0.00422987384
0.06372835508	0.00302073080	-0.00412937259
0.06373592140	0.00285663783	-0.00402572714
0.06374314308	0.00269068138	-0.00391893219
0.06375000609	0.00252285138	-0.00380893622
0.06375648665	0.00235339444	-0.00369583617
0.06376257219	0.00218230242	-0.00357961028
0.06376824963	0.00200957577	-0.00346022325
0.06377349916	0.00183544563	-0.00333777654
0.06377830856	0.00165994363	-0.00321228089
0.06378266662	0.00148306926	-0.00308371336
0.06378655627	0.00130510367	-0.00295222488
0.06378997017	0.00112594929	-0.00281775834
0.06379289469	0.00094585536	-0.00268045240
0.06379532187	0.00076482920	-0.00254032239
0.06379724257	0.00058300580	-0.00239744995
0.06379864928	0.00040050735	-0.00225192610
0.06379953607	0.00021737663	-0.00210379030
0.06379989743	0.00003382161	-0.00195319422
0.06379972961	-0.00015018953	-0.00180014157
0.06379903014	-0.00033437814	-0.00164483852
0.06379779677	-0.00051882907	-0.00148726541
0.06379603050	-0.00070324125	-0.00132764768
0.06379373105	-0.00088765655	-0.00116601046
0.06379090153	-0.00107188542	-0.00100251336
0.06378754558	-0.00125582036	-0.00083728479
0.06378366604	-0.00143944511	-0.00067038231
0.06377927180	-0.00162251159	-0.00050202487
0.06377436805	-0.00180500284	-0.00033229567
0.06376896181	-0.00198684808	-0.00016129314
0.06376306553	-0.00216783995	0.00001077845
0.06375668771	-0.00234794112	0.00018381489
0.06374983973	-0.00252705158	0.00035767882
0.06374253314	-0.00270509241	0.00053225085
0.06373478316	-0.00288192140	0.00070736057
0.06372660324	-0.00305746546	0.00088287634
0.06371800807	-0.00323164095	0.00105866242
0.06370901337	-0.00340436059	0.00123457906
0.06369963562	-0.00357553879	0.00141048862
0.06368989188	-0.00374509384	0.00158625385
0.06367979976	-0.00391294749	0.00176173882
0.06366937555	-0.00407905294	0.00193683506
0.06365864108	-0.00424328552	0.00211137611
0.06364761395	-0.00440559799	0.00228524098
0.06363631215	-0.00456594254	0.00245831483
0.06362475336	-0.00472427937	0.00263050240
0.06361296322	-0.00488046786	0.00280161641
0.06360095235	-0.00503457210	0.00297163340
0.06358875012	-0.00518641630	0.00314034613
0.06357636533	-0.00533608721	0.00330775062
0.06356382718	-0.00548342320	0.00347365813
0.06355114970	-0.00562844809	0.00363800715
0.06353835020	-0.00577114459	0.00380072660
0.06352545066	-0.00591144429	0.00396170347
0.06351246906	-0.00604932471	0.00412085341
0.06349942216	-0.00618477491	0.00427810629
0.06348632760	-0.00631777358	0.00443338837
0.06347320252	-0.00644830342	0.00458663043
0.06346006353	-0.00657635104	0.00473776777
0.06344692478	-0.00670192446	0.00488675956
0.06343380411	-0.00682499462	0.00503353668
0.06342071751	-0.00694554869	0.00517803594
0.06340767571	-0.00706361924	0.00532023715
0.06339469195	-0.00717921227	0.00546011211
0.06338178517	-0.00729228115	0.00559757628
0.06336895816	-0.00740291817	0.00573267260
0.06335623234	-0.00751105046	0.00586530555
0.06334361327	-0.00761673901	0.00599548628
0.06333110846	-0.00772002312	0.00612322674
0.06331873566	-0.00782085484	0.00624845624
0.06330649855	-0.00791929906	0.00637119613
0.06329440580	-0.00801537587	0.00649144131
0.06328246540	-0.00810910779	0.00660918982
0.06327068463	-0.00820051963	0.00672444262
0.06325907016	-0.00828963802	0.00683720377
0.06324762800	-0.00837649143	0.00694748015
0.06323636353	-0.00846111004	0.00705528124
0.06322528151	-0.00854352588	0.00716061884
0.06321438611	-0.00862377203	0.00726350740
0.06320367643	-0.00870191598	0.00736400281
0.06319316365	-0.00877793389	0.00746207286
0.06318284867	-0.00885187494	0.00755774251
0.06317272337	-0.00892384883	0.00765111502
0.06316280711	-0.00899376747	0.00774209749
0.06315308361	-0.00906179264	0.00783083378
0.06314357003	-0.00912784859	0.00791724544
0.06313424830	-0.00919210245	0.00800149073
0.06312513860	-0.00925445472	0.00808347111
0.06311622790	-0.00931503258	0.00816329631
0.06310751447	-0.00937388252	0.00824101993
0.06309900789	-0.00943097339	0.00831660770
0.06309070014	-0.00948639085	0.00839013544
0.06308259013	-0.00954017181	0.00846164063
0.06307467493	-0.00959236354	0.00853117374
0.06306695556	-0.00964298566	0.00859875698
0.06305943112	-0.00969206909	0.00866441909
0.06305209741	-0.00973966465	0.00872821042
0.06304495226	-0.00978580863	0.00879016971
0.06303799324	-0.00983053733	0.00885033551
0.06303121784	-0.00987388643	0.00890874653
0.06302462337	-0.00991589153	0.00896544116
0.06301820442	-0.00995660422	0.00902047827
0.06301196159	-0.00999603682	0.00907387504
0.06300589265	-0.01003421883	0.00912566196
0.06299999299	-0.01007119354	0.00917588505
0.06299425945	-0.01010699419	0.00922458140
0.06298868534	-0.01014167517	0.00927181476
0.06298326830	-0.01017526267	0.00931762192
0.06297801432	-0.01020773083	0.00936197340
0.06297291348	-0.01023915152	0.00940494280
0.06296797481	-0.01026947924	0.00944646966
0.06296401616	-0.01029372258	0.00948047719
0.06296066599	-0.01031419381	0.00951694124
0.06295796735	-0.01033065355	0.00955543431
0.06295595510	-0.01034290935	0.00959550510
0.06295465530	-0.01035081791	0.00963668383
0.06295408486	-0.01035428681	0.00967848770
0.06295425119	-0.01035327547	0.00972042660
0.06295515213	-0.01034779574	0.00976200884
0.06295677595	-0.01033791166	0.00980274691
0.06295910159	-0.01032373877	0.00984216319
0.06296209895	-0.01030544279	0.00987979556
0.06296572940	-0.01028323764	0.00991520281
0.06296994640	-0.01025738302	0.00994796982
0.06297469621	-0.01022818134	0.00997771244
0.06366418245	0.00950555190	-0.00574294569
0.06366927710	0.00947136723	-0.00583654623
0.06367258752	0.00944908684	-0.00587426203
0.06367563926	0.00942849981	-0.00590289358
0.06367863297	0.00940825948	-0.00592677839
0.06368158958	0.00938822628	-0.00594765093
0.06368454929	0.00936812818	-0.00596636156
0.06368756360	0.00934761397	-0.00598336259
0.06369058419	0.00932701076	-0.00599906399
0.06369366890	0.00930592211	-0.00601362191
0.06369682763	0.00928427667	-0.00602718200
0.06370002435	0.00926231838	-0.00603992302
0.06370329315	0.00923980983	-0.00605189347
0.06370665884	0.00921657546	-0.00606312337
0.06371009332	0.00919280440	-0.00607370927
0.06371360240	0.00916845205	-0.00608369082
0.06371720049	0.00914341323	-0.00609308329
0.06372089107	0.00911765791	-0.00610190839
0.06372467742	0.00909115676	-0.00611018287
0.06372856271	0.00906388102	-0.00611791874
0.06373255174	0.00903578951	-0.00612512100
0.06373664346	0.00900688204	-0.00613180158
0.06374083926	0.00897714067	-0.00613796670
0.06374515140	0.00894646953	-0.00614360053
0.06374957553	0.00891489001	-0.00614871241
0.06375411479	0.00888236970	-0.00615329845
0.06375877249	0.00884887419	-0.00615735348
0.06376355118	0.00881437379	-0.00616087093
0.06376845338	0.00877883808	-0.00616384410
0.06377348666	0.00874219896	-0.00616625429
0.06377867226	0.00870428679	-0.00616805032
0.06378396296	0.00866543210	-0.00616931348
0.06378938927	0.00862539624	-0.00616998660
0.06379499087	0.00858386767	-0.00616997527
0.06380069017	0.00854140374	-0.00616941873
0.06380656711	0.00849739008	-0.00616815330
0.06381256431	0.00845223521	-0.00616627645
0.06381873667	0.00840550382	-0.00616366381
0.06382502860	0.00835759341	-0.00616041351
0.06383150867	0.00830795674	-0.00615636627
0.06383811864	0.00825701235	-0.00615162143
0.06384488374	0.00820453925	-0.00614611411
0.06385181630	0.00815041097	-0.00613979331
0.06385891268	0.00809462260	-0.00613263838
0.06386615712	0.00803726435	-0.00612466172
0.06387356338	0.00797819181	-0.00611580913
0.06388113119	0.00791736834	-0.00610605170
0.06388886004	0.00785475696	-0.00609535964
0.06389674915	0.00779032037	-0.00608370240
0.06390479745	0.00772402144	-0.00607104739
0.06391300354	0.00765582275	-0.00605736135
0.06392138013	0.00758556565	-0.00604256716
0.06392990237	0.00751340313	-0.00602668481
0.06393857300	0.00743925580	-0.00600966826
0.06394740568	0.00736294443	-0.00599143064
0.06395638639	0.00728452363	-0.00597195165
0.06396550309	0.00720403071	-0.00595121635
0.06397477534	0.00712121933	-0.00592910453
0.06398417260	0.00703628461	-0.00590564243
0.06399370199	0.00694908263	-0.00588074849
0.06400337035	0.00685946267	-0.00585432133
0.06401314437	0.00676764296	-0.00582639241
0.06402303373	0.00667343960	-0.00579685833
0.06403303013	0.00657683029	-0.00576566071
0.06404312471	0.00647779450	-0.00573273976
0.06405330804	0.00637631342	-0.00569803479
0.06406357014	0.00627236995	-0.00566148467
0.06407390044	0.00616594896	-0.00562302761
0.06408428778	0.00605703755	-0.00558260106
0.06409472044	0.00594562495	-0.00554014230
0.06410518612	0.00583170272	-0.00549558855
0.06411567770	0.00571520053	-0.00544884875
0.06412617892	0.00559614346	-0.00539986199
0.06413666512	0.00547465359	-0.00534862014
0.06414714448	0.00535046716	-0.00529494601
0.06415757440	0.00522391532	-0.00523891073
0.06416796713	0.00509466766	-0.00518030912
0.06417828053	0.00496305879	-0.00511921397
0.06418851712	0.00482886261	-0.00505546873
0.06419865308	0.00469218357	-0.00498904290
0.06420866704	0.00455310020	-0.00491990938
0.06421854615	0.00441157285	-0.00484798957
0.06422827199	0.00426763644	-0.00477323327
0.06423782650	0.00412132151	-0.00469558946
0.06424719032	0.00397267920	-0.00461501953
0.06425634355	0.00382177420	-0.00453149668
0.06426526894	0.00366863087	-0.00444497675
0.06427394900	0.00351327824	-0.00435541724
0.06428236343	0.00335580042	-0.00426280542
0.06429049374	0.00319625688	-0.00416712226
0.06429832208	0.00303470298	-0.00406835105
0.06430583050	0.00287120319	-0.00396648256
0.06431300146	0.00270582462	-0.00386151125
0.06431982095	0.00253855793	-0.00375338712
0.06432626545	0.00236964503	-0.00364220322
0.06433232233	0.00219907873	-0.00352793879
0.06433797853	0.00202686027	-0.00341055980
0.06434321434	0.00185321675	-0.00329016404
0.06434801749	0.00167818019	-0.00316676240
0.06435237670	0.00150175116	-0.00304033320
0.06435627492	0.00132420610	-0.00291102231
0.06435970468	0.00114545078	-0.00277877569
0.06436265228	0.00096573063	-0.00264372763
0.06436510960	0.00078505430	-0.00250589413
0.06436706739	0.00060355555	-0.00236535489
0.06436851795	0.00042135570	-0.00222219901
0.06436945520	0.00023849841	-0.00207646597
0.06436987337	0.00005518920	-0.00192830347
0.06436976857	-0.00012860118	-0.00177771689
0.06436913800	-0.00031259776	-0.00162490665
0.06436797925	-0.00049688164	-0.00146985594
0.06436629297	-0.00068115569	-0.00131278389
0.06436407869	-0.00086545876	-0.00115371721
0.06436133916	-0.00104960285	-0.00099281182
0.06435807774	-0.00123348030	-0.00083019404
0.06435429705	-0.00141707290	-0.00066592185
0.06435000553	-0.00160013504	-0.00050020872
0.06434520814	-0.00178264769	-0.00033313777
0.06433991164	-0.00196453908	-0.00016480652
0.06433412803	-0.00214560342	0.00000458548
0.06432786559	-0.00232580163	0.00017493467
0.06432113535	-0.00250503314	0.00034610574
0.06431394860	-0.00268321814	0.00051798075
0.06430632019	-0.00286021467	0.00069039255
0.06429826328	-0.00303594856	0.00086321112
0.06428979228	-0.00321033534	0.00103630260
0.06428092262	-0.00338328696	0.00120952924
0.06427167051	-0.00355471709	0.00138275540
0.06426205274	-0.00372454320	0.00155584576
0.06425208664	-0.00389268619	0.00172866631
0.06424178833	-0.00405909793	0.00190110959
0.06423117928	-0.00422365385	0.00207301235
0.06422027693	-0.00438630542	0.00224425495
0.06420909906	-0.00454700361	0.00241472386
0.06419766321	-0.00470570739	0.00258432463
0.06418599465	-0.00486227673	0.00275287409
0.06417410409	-0.00501677270	0.00292034690
0.06416202044	-0.00516902088	0.00308654093
0.06414975268	-0.00531910478	0.00325144976
0.06413732955	-0.00546686399	0.00341488933
0.06412476514	-0.00561232036	0.00357679785
0.06411207668	-0.00575545545	0.00373710475
0.06409928597	-0.00589620070	0.00389569914
0.06408641088	-0.00603453270	0.00405249770
0.06407346815	-0.00617043949	0.00420743092
0.06406047534	-0.00630389902	0.00436042601
0.06404744954	-0.00643489323	0.00451141461
0.06403440731	-0.00656340803	0.00466033280
0.06402136282	-0.00668945044	0.00480713985
0.06400833380	-0.00681299112	0.00495176787
0.06399533620	-0.00693401673	0.00509415468
0.06398238086	-0.00705255865	0.00523427960
0.06396948099	-0.00716862228	0.00537211463
0.06395665541	-0.00728216126	0.00550757729
0.06394390715	-0.00739326597	0.00564070818
0.06393125741	-0.00750186443	0.00577141460
0.06391871191	-0.00760801632	0.00589970655
0.06390627824	-0.00771176017	0.00602559518
0.06389397401	-0.00781304866	0.00614901194
0.06388180306	-0.00791194553	0.00626997696
0.06386977410	-0.00800847056	0.00638848514
0.06385789515	-0.00810264594	0.00650453442
0.06384617354	-0.00819449621	0.00661812567
0.06383461598	-0.00828404770	0.00672926280
0.06382322854	-0.00837132863	0.00683795249
0.06381201664	-0.00845636895	0.00694420401
0.06380098510	-0.00853920042	0.00704802889
0.06379013817	-0.00861985595	0.00714944128
0.06377947508	-0.00869840232	0.00724849549
0.06376900689	-0.00877481647	0.00734516082
0.06375873460	-0.00884914720	0.00743946160
0.06374865041	-0.00892150296	0.00753149800
0.06373877330	-0.00899179752	0.00762118088
0.06372908747	-0.00906019061	0.00770864949
0.06371960975	-0.00912660820	0.00779382875
0.06371032258	-0.00919121538	0.00787687192
0.06370124572	-0.00925391474	0.00795768461
0.06369236648	-0.00931483204	0.00803637319
0.06368368325	-0.00937401367	0.00811299018
0.06367520538	-0.00943142958	0.00818750320
0.06366692509	-0.00948716466	0.00825998602
0.06365884133	-0.00954125590	0.00833047555
0.06365095125	-0.00959375049	0.00839902128
0.06364325586	-0.00964466836	0.00846564542
0.06363575426	-0.00969404060	0.00853037644
0.06362844238	-0.00974191788	0.00859326365
0.06362131806	-0.00978833657	0.00865434523
0.06361437892	-0.00983333305	0.00871365914
0.06360762249	-0.00987694310	0.00877124353
0.06360104612	-0.00991920241	0.00882713622
0.06359464450	-0.00996016242	0.00888139485
0.06358841817	-0.00999983591	0.00893403678
0.06358236493	-0.01003825253	0.00898509217
0.06357648024	-0.01007545552	0.00903460621
0.06357076098	-0.01011147822	0.00908261540
0.06356520056	-0.01014637483	0.00912918209
0.06355979662	-0.01018017176	0.00917434263
0.06355455499	-0.01021284409	0.00921806919
0.06354946592	-0.01024446316	0.00926043348
0.06354453820	-0.01027498461	0.00930137764
0.06354062383	-0.01029916343	0.00933462782
0.06353729972	-0.01031965057	0.00937033132
0.06353460853	-0.01033620643	0.00940806953
0.06353258493	-0.01034863742	0.00944740003
0.06353125510	-0.01035679820	0.00948786168
0.06353063630	-0.01036059336	0.00952898012
0.06353073657	-0.01035997853	0.00957027327
0.06353155459	-0.01035496090	0.00961125700
0.06353307975	-0.01034559913	0.00965145082
0.06353529228	-0.01033200267	0.00969038349
0.06353816358	-0.01031433049	0.00972759857
0.06354165668	-0.01029278925	0.00976265973
0.06354572684	-0.01026763089	0.00979515593
0.06355032224	-0.01023914970	0.00982470617
0.06425477624	0.00947690030	-0.00564793649
0.06425970848	0.00944339846	-0.00574013971
0.06426292897	0.00942145787	-0.00577730173
0.06426590244	0.00940115374	-0.00580551622
0.06426882180	0.00938117549	-0.00582905711
0.06427170702	0.00936138799	-0.00584963141
0.06427459682	0.00934152623	-0.00586807701
0.06427754080	0.00932124766	-0.00588484057
0.06428049239	0.00930087132	-0.00590032372
0.06428350735	0.00928001030	-0.00591468199
0.06428659527	0.00925859475	-0.00592805897
0.06428972143	0.00923686241	-0.00594062919
0.06429291873	0.00921458136	-0.00595244147
0.06429621113	0.00919157997	-0.00596352620
0.06429957159	0.00916804243	-0.00597397728
0.06430300574	0.00914392485	-0.00598383385
0.06430652752	0.00911912422	-0.00599311139
0.06431014034	0.00909361083	-0.00600183130
0.06431384742	0.00906735564	-0.00601001013
0.06431765185	0.00904033015	-0.00601765973
0.06432155833	0.00901249372	-0.00602478513
0.06432556588	0.00898384568	-0.00603139796
0.06432967590	0.00895436806	-0.00603750431
0.06433390028	0.00892396679	-0.00604308902
0.06433823488	0.00889266223	-0.00604816103
0.06434268277	0.00886042223	-0.00605271655
0.06434724723	0.00882721265	-0.00605675057
0.06435193074	0.00879300397	-0.00606025663
0.06435673582	0.00875776590	-0.00606322818
0.06436166982	0.00872143142	-0.00606564706
0.06436675329	0.00868383436	-0.00606746376
0.06437194074	0.00864529663	-0.00606875618
0.06437726167	0.00860558472	-0.00606946927
0.06438275441	0.00856439394	-0.00606951186
0.06438834417	0.00852226752	-0.00606901744
0.06439410813	0.00847860520	-0.00606782848
0.06439999101	0.00843380497	-0.00606603823
0.06440604582	0.00838744127	-0.00606352679
0.06441221899	0.00833990130	-0.00606038805
0.06441857673	0.00829065022	-0.00605646855
0.06442506291	0.00824009576	-0.00605186318
0.06443170193	0.00818802143	-0.00604650928
0.06443850575	0.00813430302	-0.00604035728
0.06444547090	0.00807893492	-0.00603338670
0.06445258222	0.00802200433	-0.00602560891
0.06445985305	0.00796336949	-0.00601697131
0.06446728316	0.00790299376	-0.00600744547
0.06447487211	0.00784084019	-0.00599700208
0.06448261920	0.00777687149	-0.00598561111
0.06449052340	0.00771105052	-0.00597324050
0.06449858343	0.00764333986	-0.00595985752
0.06450681157	0.00757358370	-0.00594538719
0.06451518385	0.00750193049	-0.00592984781
0.06452370294	0.00742830180	-0.00591319439
0.06453238205	0.00735252171	-0.00589534250
0.06454120764	0.00727464259	-0.00587627151
0.06455016810	0.00719469993	-0.00585596616
0.06455928231	0.00711245224	-0.00583430977
0.06456852075	0.00702808909	-0.00581132641
0.06457789031	0.00694146901	-0.00578693665
0.06458739755	0.00685244385	-0.00576104167
0.06459701026	0.00676122576	-0.00573367044
0.06460673775	0.00666763422	-0.00570472241
0.06461657195	0.00657164650	-0.00567414005
0.06462650425	0.00647324161	-0.00564186447
0.06463652546	0.00637240027	-0.00560783586
0.06464662584	0.00626910484	-0.00557199397
0.06465679510	0.00616333966	-0.00553427791
0.06466702234	0.00605509124	-0.00549462599
0.06467729612	0.00594434821	-0.00545297640
0.06468760441	0.00583110148	-0.00540926722
0.06469794020	0.00571528154	-0.00536340928
0.06470828760	0.00559691208	-0.00531534228
0.06471862259	0.00547611164	-0.00526505694
0.06472895294	0.00535262179	-0.00521238118
0.06473923719	0.00522676540	-0.00515738181
0.06474948704	0.00509821899	-0.00509985993
0.06475966145	0.00496730892	-0.00503988390
0.06476976265	0.00483381371	-0.00497730178
0.06477976733	0.00469783491	-0.00491208255
0.06478965453	0.00455944886	-0.00484419874
0.06479941155	0.00441861640	-0.00477357343
0.06480902027	0.00427537135	-0.00470015690
0.06481846287	0.00412974328	-0.00462389877
0.06482772031	0.00398178201	-0.00454476061
0.06483677296	0.00383155065	-0.00446271554
0.06484560379	0.00367907298	-0.00437772002
0.06485419549	0.00352437740	-0.00428973218
0.06486252802	0.00336754626	-0.00419873886
0.06487058310	0.00320863793	-0.00410472098
0.06487834301	0.00304770681	-0.00400766182
0.06488579000	0.00288481634	-0.00390755200
0.06489290663	0.00272003261	-0.00380438576
0.06489967895	0.00255334699	-0.00369811452
0.06490608368	0.00238499679	-0.00358882759
0.06491210820	0.00221497574	-0.00347650520
0.06491773942	0.00204328583	-0.00336111451
0.06492295778	0.00187015021	-0.00324274977
0.06492775096	0.00169560126	-0.00312142199
0.06493210763	0.00151964060	-0.00299711071
0.06493601077	0.00134254003	-0.00286995689
0.06493945278	0.00116420861	-0.00273990945
0.06494241991	0.00098488797	-0.00260709842
0.06494490393	0.00080458811	-0.00247154042
0.06494689546	0.00062344150	-0.00233331327
0.06494838663	0.00044156864	-0.00219250419
0.06494937121	0.00025901401	-0.00204915262
0.06494984323	0.00007598072	-0.00190340240
0.06494979861	-0.00010755799	-0.00175526050
0.06494923429	-0.00029133079	-0.00160492175
0.06494814770	-0.00047541510	-0.00145237204
0.06494653913	-0.00065951770	-0.00129782435
0.06494440793	-0.00084367447	-0.00114130689
0.06494175655	-0.00102769900	-0.00098297197
0.06493858804	-0.00121148348	-0.00082294384
0.06493490480	-0.00139500776	-0.00066128084
0.06493071487	-0.00157802877	-0.00049819107
0.06492602297	-0.00176052544	-0.00033375757
0.06492083559	-0.00194242501	-0.00016807688
0.06491516431	-0.00212352332	-0.00000134396
0.06490901716	-0.00230377955	0.00016633833
0.06490240488	-0.00248309267	0.00033483672
0.06489533847	-0.00266138195	0.00050403470
0.06488783240	-0.00283850574	0.00067376833
0.06487989957	-0.00301438885	0.00084390925
0.06487155411	-0.00318894600	0.00101432543
0.06486281115	-0.00336208842	0.00118488115
0.06485368661	-0.00353372906	0.00135544270
0.06484419703	-0.00370378463	0.00152587675
0.06483435947	-0.00387217523	0.00169605116
0.06482418984	-0.00403885142	0.00186585950
0.06481370927	-0.00420368877	0.00203514168
0.06480293501	-0.00436663749	0.00220377944
0.06479188466	-0.00452764741	0.00237166053
0.06478057559	-0.00468667629	0.00253869136
0.06476903269	-0.00484358469	0.00270469276
0.06475726676	-0.00499843075	0.00286963765
0.06474530625	-0.00515104141	0.00303332885
0.06473316027	-0.00530149699	0.00319575765
0.06472085715	-0.00544963836	0.00335674455
0.06470841098	-0.00559548539	0.00351622752
0.06469583893	-0.00573901855	0.00367413653
0.06468316257	-0.00588016914	0.00383036278
0.06467039969	-0.00601891287	0.00398482395
0.06465756699	-0.00615523677	0.00413745122
0.06464468194	-0.00628911806	0.00428817270
0.06463176155	-0.00642053800	0.00443692089
0.06461882231	-0.00654948176	0.00458363269
0.06460587843	-0.00667595540	0.00472826745
0.06459294752	-0.00679992933	0.00487075851
0.06458004547	-0.00692138972	0.00501104467
0.06456718318	-0.00704036677	0.00514910485
0.06455437389	-0.00715686528	0.00528491118
0.06454163622	-0.00727083920	0.00541838326
0.06452897348	-0.00738237700	0.00554955938
0.06451640660	-0.00749140759	0.00567834960
0.06450394148	-0.00759798938	0.00580476285
0.06449158580	-0.00770216008	0.00592880945
0.06447935696	-0.00780387308	0.00605042299
0.06446725899	-0.00790319093	0.00616962240
0.06445530063	-0.00800013311	0.00628640255
0.06444348991	-0.00809472151	0.00640076134
0.06443183422	-0.00818698037	0.00651269952
0.06442034029	-0.00827693574	0.00662222086
0.06440901424	-0.00836461558	0.00672933184
0.06439786154	-0.00845004960	0.00683404153
0.06438688704	-0.00853326934	0.00693636120
0.06437609506	-0.00861430747	0.00703630470
0.06436548500	-0.00869323010	0.00713392479
0.06435506776	-0.00877001495	0.00722919223
0.06434484444	-0.00884471040	0.00732213076
0.06433480756	-0.00891742367	0.00741283749
0.06432497570	-0.00898807038	0.00750122699
0.06431533358	-0.00905680822	0.00758743398
0.06430589765	-0.00912356486	0.00767138663
0.06429665089	-0.00918850331	0.00775323337
0.06428761259	-0.00925152830	0.00783288382
0.06427877047	-0.00931276412	0.00791044106
0.06427012296	-0.00937225710	0.00798595657
0.06426167925	-0.00942997821	0.00805939978
0.06425343175	-0.00948601164	0.00813084247
0.06424537947	-0.00954039439	0.00820032097
0.06423751964	-0.00959317357	0.00826788381
0.06422985323	-0.00964436946	0.00833355320
0.06422237940	-0.00969401326	0.00839735731
0.06421509414	-0.00974215549	0.00845934445
0.06420799534	-0.00978883260	0.00851955223
0.06420108067	-0.00983408103	0.00857801804
0.06419434769	-0.00987793666	0.00863477946
0.06418779380	-0.00992043525	0.00868987373
0.06418141378	-0.00996162810	0.00874335730
0.06417520813	-0.01000152841	0.00879524771
0.06416917465	-0.01004016600	0.00884557477
0.06416330890	-0.01007758403	0.00889438280
0.06415760778	-0.01011381595	0.00894170780
0.06415206480	-0.01014891575	0.00898761072
0.06414667764	-0.01018291003	0.00903212742
0.06414145191	-0.01021577483	0.00907523172
0.06413637808	-0.01024758093	0.00911699346
0.06413146469	-0.01027828515	0.00915735731
0.06412759706	-0.01030238824	0.00918986004
0.06412430175	-0.01032287912	0.00922481157
0.06412162095	-0.01033951811	0.00926180213
0.06411958916	-0.01035211064	0.00930039805
0.06411823260	-0.01036050946	0.00934014681
0.06411756886	-0.01036461637	0.00938058241
0.06411760652	-0.01036438335	0.00942123077
0.06411834512	-0.01035981312	0.00946161532
0.06411977506	-0.01035095912	0.00950126260
0.06412187784	-0.01033792488	0.00953970778
0.06412462631	-0.01032086280	0.00957650012
0.06412798513	-0.01029997242	0.00961120826
0.06413191131	-0.01027549809	0.00964342528
0.06413635489	-0.01024772611	0.00967277348
0.06484524805	0.00944768528	-0.00555533936
0.06485002427	0.00941484486	-0.00564617727
0.06485315800	0.00939323421	-0.00568279811
0.06485605583	0.00937320508	-0.00571060501
0.06485890325	0.00935348175	-0.00573380971
0.06486171936	0.00933393340	-0.00575409246
0.06486454142	0.00931430180	-0.00577227894
0.06486741722	0.00929425276	-0.00578881027
0.06487030188	0.00927409756	-0.00580407998
0.06487324917	0.00925345847	-0.00581824295
0.06487626835	0.00923226711	-0.00583144075
0.06487932598	0.00921075521	-0.00584384383
0.06488245382	0.00918869618	-0.00585550130
0.06488567502	0.00916592217	-0.00586644385
0.06488896352	0.00914261260	-0.00587676287
0.06489232481	0.00911872429	-0.00588649697
0.06489577238	0.00909415631	-0.00589566183
0.06489930955	0.00906887928	-0.00590427856
0.06490293949	0.00904286443	-0.00591236350
0.06490666522	0.00901608351	-0.00591992834
0.06491049132	0.00898849641	-0.00592697816
0.06491441691	0.00896010202	-0.00593352426
0.06491844339	0.00893088230	-0.00593957265
0.06492258228	0.00890074497	-0.00594510877
0.06492682964	0.00886970938	-0.00595014119
0.06493118849	0.00883774362	-0.00595466624
0.06493566204	0.00880481383	-0.00595867903
0.06494025276	0.00877089064	-0.00596217324
0.06494496312	0.00873594394	-0.00596514244
0.06494980029	0.00869990770	-0.00596756900
0.06495478413	0.00866261913	-0.00596940500
0.06495987082	0.00862439183	-0.00597072511
0.06496508889	0.00858499724	-0.00597147631
0.06497047537	0.00854413729	-0.00597157053
0.06497595816	0.00850234158	-0.00597113577
0.06498161180	0.00845902351	-0.00597002038
0.06498738299	0.00841457087	-0.00596831356
0.06499332296	0.00836856754	-0.00596589973
0.06499938005	0.00832139077	-0.00596286873
0.06500561824	0.00827251771	-0.00595907263
0.06501198339	0.00822234563	-0.00595460209
0.06501849911	0.00817066245	-0.00594939658
0.06502517700	0.00811734609	-0.00594340791
0.06503201377	0.00806239029	-0.00593661576
0.06503899482	0.00800587936	-0.00592903053
0.06504613308	0.00794767408	-0.00592060114
0.06505342837	0.00788773786	-0.00591129965
0.06506088032	0.00782603374	-0.00590109721
0.06506848827	0.00776252447	-0.00588996428
0.06507625128	0.00769717291	-0.00587786932
0.06508416814	0.00762994164	-0.00586478014
0.06509225073	0.00756067762	-0.00585062378
0.06510047595	0.00748952489	-0.00583541698
0.06510884636	0.00741640597	-0.00581911573
0.06511737476	0.00734114816	-0.00580163794
0.06512604807	0.00726380166	-0.00578296269
0.06513485507	0.00718440019	-0.00576307443
0.06514381402	0.00710270700	-0.00574185986
0.06515289638	0.00701890628	-0.00571934100
0.06516210876	0.00693285893	-0.00569544045
0.06517145752	0.00684441931	-0.00567006187
0.06518091149	0.00675379369	-0.00564323186
0.06519047960	0.00666080482	-0.00561485260
0.06520015403	0.00656542960	-0.00558486742
0.06520992639	0.00646764658	-0.00555321827
0.06521978772	0.00636743601	-0.00551984621
0.06522972854	0.00626477978	-0.00548469186
0.06523973880	0.00615966171	-0.00544769519
0.06524980787	0.00605206775	-0.00540879539
0.06525992457	0.00594198596	-0.00536793149
0.06527007714	0.00582940663	-0.00532504244
0.06528025867	0.00571426106	-0.00528004091
0.06529045365	0.00559657159	-0.00523286718
0.06530063867	0.00547645336	-0.00518351088
0.06531082108	0.00535365310	-0.00513180486
0.06532096056	0.00522848570	-0.00507781180
0.06533106827	0.00510063436	-0.00502133883
0.06534110423	0.00497041749	-0.00496245011
0.06535107040	0.00483761807	-0.00490099813
0.06536094398	0.00470233489	-0.00483695136
0.06537070440	0.00456464213	-0.00477028202
0.06538033910	0.00442450114	-0.00470091478
0.06538983026	0.00428194469	-0.00462880045
0.06539916032	0.00413700142	-0.00455388923
0.06540831054	0.00398971984	-0.00447614291
0.06541726156	0.00384016158	-0.00439553453
0.06542599657	0.00368834985	-0.00431202118
0.06543449845	0.00353431244	-0.00422556157
0.06544274741	0.00337813002	-0.00413614214
0.06545072539	0.00321985986	-0.00404374380
0.06545841483	0.00305955547	-0.00394834984
0.06546579813	0.00289727928	-0.00384995070
0.06547285801	0.00273309638	-0.00374854043
0.06547958055	0.00256699885	-0.00364407182
0.06548594274	0.00239921954	-0.00353663062
0.06549193197	0.00222975304	-0.00342619796
0.06549753514	0.00205860210	-0.00331274220
0.06550273283	0.00188598601	-0.00319635414
0.06550751271	0.00171193750	-0.00307704495
0.06551186339	0.00153645923	-0.00295479529
0.06551576791	0.00135981845	-0.00282974145
0.06551921855	0.00118192743	-0.00270183514
0.06552220154	0.00100302410	-0.00257120232
0.06552470851	0.00082311972	-0.00243786020
0.06552672999	0.00064234556	-0.00230188477
0.06552825799	0.00046082127	-0.00216336141
0.06552928611	0.00027859211	-0.00202232955
0.06552980820	0.00009585885	-0.00187892930
0.06552982002	-0.00008740289	-0.00173316911
0.06552931826	-0.00027092531	-0.00158523843
0.06552830018	-0.00045478229	-0.00143512574
0.06552676578	-0.00063868444	-0.00128303810
0.06552471422	-0.00082266477	-0.00112900511
0.06552214764	-0.00100653843	-0.00097317561
0.06551906884	-0.00119019749	-0.00081567183
0.06551548000	-0.00137361997	-0.00065655241
0.06551138875	-0.00155656526	-0.00049602030
0.06550679961	-0.00173901032	-0.00033415839
0.06550171880	-0.00192088153	-0.00017106227
0.06549615750	-0.00210197626	-0.00000692248
0.06549012351	-0.00228225209	0.00015815883
0.06548362727	-0.00246160752	0.00032405040
0.06547667949	-0.00263996101	0.00049063714
0.06546929431	-0.00281717122	0.00065775819
0.06546148435	-0.00299316198	0.00082528681
0.06545326344	-0.00316784727	0.00099309281
0.06544464646	-0.00334113766	0.00116104240
0.06543564905	-0.00351294542	0.00132900382
0.06542628744	-0.00368318656	0.00149684561
0.06541657847	-0.00385178042	0.00166443752
0.06540653784	-0.00401867631	0.00183167412
0.06539618634	-0.00418374999	0.00199839839
0.06538554101	-0.00434695048	0.00216449342
0.06537461928	-0.00450822648	0.00232984823
0.06536343834	-0.00466753463	0.00249437009
0.06535202271	-0.00482473611	0.00265788369
0.06534038326	-0.00497988621	0.00282036032
0.06532854797	-0.00513281324	0.00298160758
0.06531652610	-0.00528359441	0.00314161460
0.06530434554	-0.00543207189	0.00330020625
0.06529202039	-0.00557826362	0.00345732033
0.06527956772	-0.00572214904	0.00361288734
0.06526700890	-0.00586365935	0.00376680052
0.06525436163	-0.00600276939	0.00391897854
0.06524164251	-0.00613946526	0.00406935323
0.06522886895	-0.00627372349	0.00421785361
0.06521605788	-0.00640552463	0.00436441304
0.06520322572	-0.00653485322	0.00450896918
0.06519038666	-0.00666171437	0.00465148151
0.06517755820	-0.00678607826	0.00479188458
0.06516475617	-0.00690793057	0.00493011811
0.06515199153	-0.00702730039	0.00506616065
0.06513927750	-0.00714419195	0.00519998449
0.06512663254	-0.00725855950	0.00533151121
0.06511406019	-0.00737048964	0.00546077693
0.06510158113	-0.00747991218	0.00558769436
0.06508920140	-0.00758688428	0.00571227136
0.06507692877	-0.00769144288	0.00583451754
0.06506478044	-0.00779354202	0.00595436849
0.06505276062	-0.00789324314	0.00607184200
0.06504087804	-0.00799056540	0.00618693294
0.06502914077	-0.00808553041	0.00629963915
0.06501755622	-0.00817816210	0.00640996128
0.06500613114	-0.00826848627	0.00651790295
0.06499487170	-0.00835653063	0.00662347048
0.06498378341	-0.00844232464	0.00672667271
0.06497287117	-0.00852589960	0.00682752067
0.06496213932	-0.00860728798	0.00692602794
0.06495158743	-0.00868655521	0.00702224576
0.06494122626	-0.00876367978	0.00711614632
0.06493105700	-0.00883870965	0.00720775274
0.06492107245	-0.00891175083	0.00729715926
0.06491129085	-0.00898272076	0.00738428392
0.06490169735	-0.00905177509	0.00746925715
0.06489230810	-0.00911884317	0.00755201021
0.06488310655	-0.00918408599	0.00763268689
0.06487411158	-0.00924741033	0.00771120064
0.06486531126	-0.00930893907	0.00778765139
0.06485670410	-0.00936871842	0.00786208961
0.06484829908	-0.00942672041	0.00793448647
0.06484008885	-0.00948302846	0.00800491180
0.06483207245	-0.00953767964	0.00807340140
0.06482424719	-0.00959072094	0.00814000285
0.06481661401	-0.00964217296	0.00820473835
0.06480917210	-0.00969206703	0.00826763578
0.06480191754	-0.00974045350	0.00832874247
0.06479484827	-0.00978736889	0.00838809549
0.06478796199	-0.00983284970	0.00844573166
0.06478125630	-0.00987693188	0.00850168800
0.06477472864	-0.00991965125	0.00855600123
0.06476837388	-0.00996105898	0.00860872658
0.06476219249	-0.01000116867	0.00865988178
0.06475618229	-0.01004001028	0.00870949629
0.06475033890	-0.01007762691	0.00875761363
0.06474465925	-0.01011405208	0.00880426925
0.06473913699	-0.01014933957	0.00884952276
0.06473376978	-0.01018351618	0.00889340958
0.06472856307	-0.01021655886	0.00893590506
0.06472350750	-0.01024853785	0.00897707726
0.06471861138	-0.01027941112	0.00901687323
0.06471479196	-0.01030342921	0.00904865108
0.06471152747	-0.01032391224	0.00908287210
0.06470885965	-0.01034062060	0.00911913506
0.06470682276	-0.01035335887	0.00915701482
0.06470544306	-0.01036197810	0.00919606727
0.06470473838	-0.01036637750	0.00923583457
0.06470471786	-0.01036650562	0.00927585046
0.06470538174	-0.01036236097	0.00931564582
0.06470672145	-0.01035399201	0.00935475406
0.06470871966	-0.01034149660	0.00939271668
0.06471135059	-0.01032502086	0.00942908861
0.06471458046	-0.01030475749	0.00946344341
0.06471836796	-0.01028094351	0.00949537832
0.06472266494	-0.01025385753	0.00952451891
0.06542541516	0.00941847791	-0.00546660746
0.06543004400	0.00938626752	-0.00555613394
0.06543309542	0.00936497189	-0.00559223486
0.06543592138	0.00934520563	-0.00561965018
0.06543870038	0.00932572613	-0.00564253183
0.06544145070	0.00930640668	-0.00566253441
0.06544420822	0.00928699551	-0.00568047186
0.06544701906	0.00926716632	-0.00569677994
0.06544983988	0.00924722308	-0.00571184447
0.06545272261	0.00922679675	-0.00572581966
0.06545567620	0.00920582035	-0.00573884512
0.06545866840	0.00918451994	-0.00575108743
0.06546172990	0.00916267395	-0.00576259596
0.06546488307	0.00914011814	-0.00577340166
0.06546810281	0.00911702743	-0.00578359353
0.06547139446	0.00909335927	-0.00579320970
0.06547477107	0.00906901475	-0.00580226600
0.06547823590	0.00904396477	-0.00581078328
0.06548179205	0.00901818083	-0.00581877764
0.06548544248	0.00899163494	-0.00582626067
0.06548919167	0.00896428748	-0.00583323745
0.06549303881	0.00893613692	-0.00583971901
0.06549698530	0.00890716518	-0.00584571124
0.06550104233	0.00887728165	-0.00585120017
0.06550520612	0.00884650475	-0.00585619402
0.06550947967	0.00881480279	-0.00586068921
0.06551386612	0.00878214220	-0.00586468100
0.06551836790	0.00874849375	-0.00586816318
0.06552298746	0.00871382747	-0.00587112945
0.06552773178	0.00867807831	-0.00587356266
0.06553262009	0.00864108668	-0.00587541641
0.06553761014	0.00860315830	-0.00587676231
0.06554272951	0.00856406931	-0.00587754930
0.06554801406	0.00852352794	-0.00587769217
0.06555339418	0.00848205085	-0.00587731379
0.06555894193	0.00843906439	-0.00587626805
0.06556460589	0.00839494672	-0.00587464035
0.06557043557	0.00834929063	-0.00587231914
0.06557638117	0.00830246398	-0.00586939049
0.06558250451	0.00825395528	-0.00586571165
0.06558875336	0.00820415188	-0.00586136935
0.06559515058	0.00815284588	-0.00585630504
0.06560170741	0.00809991727	-0.00585047182
0.06560842074	0.00804535912	-0.00584384954
0.06561527651	0.00798925306	-0.00583644771
0.06562228723	0.00793146227	-0.00582821668
0.06562945281	0.00787195017	-0.00581912894
0.06563677289	0.00781067986	-0.00580915614
0.06564424690	0.00774761411	-0.00579826916
0.06565187395	0.00768271577	-0.00578643700
0.06565965291	0.00761594745	-0.00577362795
0.06566759528	0.00754715873	-0.00575977098
0.06567567876	0.00747648949	-0.00574488135
0.06568390583	0.00740386316	-0.00572891600
0.06569228890	0.00732911007	-0.00571179506
0.06570081532	0.00725227840	-0.00569349733
0.06570947424	0.00717340020	-0.00567400700
0.06571828331	0.00709224321	-0.00565321397
0.06572721494	0.00700898653	-0.00563113833
0.06573627549	0.00692349332	-0.00560770462
0.06574547110	0.00683562031	-0.00558281884
0.06575477157	0.00674556822	-0.00555650538
0.06576418553	0.00665316294	-0.00552866899
0.06577370534	0.00655838095	-0.00549925382
0.06578332284	0.00646120043	-0.00546820264
0.06579302931	0.00636160119	-0.00543545735
0.06580281548	0.00625956467	-0.00540095940
0.06581267155	0.00615507419	-0.00536464958
0.06582258714	0.00604811521	-0.00532646791
0.06583255131	0.00593867523	-0.00528635427
0.06584255258	0.00582674398	-0.00524424841
0.06585258412	0.00571225350	-0.00520006474
0.06586263078	0.00559522493	-0.00515374413
0.06587266973	0.00547577012	-0.00510527521
0.06588270794	0.00535364074	-0.00505449546
0.06589270618	0.00522914408	-0.00500146372
0.06590267506	0.00510196973	-0.00494599279
0.06591257566	0.00497242854	-0.00488814291
0.06592240967	0.00484030775	-0.00482777073
0.06593215475	0.00470570350	-0.00476484429
0.06594179074	0.00456868794	-0.00469933552
0.06595130521	0.00442922294	-0.00463117061
0.06596068063	0.00428734023	-0.00456030087
0.06596989970	0.00414306759	-0.00448667705
0.06597894395	0.00399645232	-0.00441026121
0.06598779432	0.00384755460	-0.00433102629
0.06599643417	0.00369639712	-0.00424892998
0.06600484661	0.00354300711	-0.00416393156
0.06601301209	0.00338746363	-0.00407601713
0.06602091274	0.00322982290	-0.00398516755
0.06602853118	0.00307013760	-0.00389136615
0.06603584998	0.00290846917	-0.00379460322
0.06604285199	0.00274488180	-0.00369487261
0.06604952335	0.00257936821	-0.00359212842
0.06605584133	0.00241215698	-0.00348645305
0.06606179330	0.00224324357	-0.00337782849
0.06606736618	0.00207263142	-0.00326622418
0.06607254072	0.00190053615	-0.00315172774
0.06607730456	0.00172699080	-0.00303435044
0.06608164627	0.00155199901	-0.00291407400
0.06608554898	0.00137582372	-0.00279103030
0.06608900484	0.00119838022	-0.00266517367
0.06609200007	0.00101990292	-0.00253662624
0.06609452622	0.00084040427	-0.00240540575
0.06609657371	0.00066001437	-0.00227158645
0.06609813444	0.00047885205	-0.00213525199
0.06609920187	0.00029696331	-0.00199644174
0.06609976970	0.00011454666	-0.00185529231
0.06609983354	-0.00006842002	-0.00171181351
0.06609938983	-0.00025167234	-0.00156618972
0.06609843573	-0.00043528078	-0.00141841180
0.06609697092	-0.00061895964	-0.00126868124
0.06609499440	-0.00080273923	-0.00111702890
0.06609250804	-0.00098643619	-0.00096360034
0.06608951437	-0.00116994253	-0.00080851584
0.06608601540	-0.00135323450	-0.00065183431
0.06608201837	-0.00153607390	-0.00049375381
0.06607752760	-0.00171843584	-0.00033435708
0.06607254907	-0.00190024585	-0.00017373875
0.06606709358	-0.00208130288	-0.00001208516
0.06606116869	-0.00226156293	0.00015050223
0.06605478457	-0.00244092411	0.00031389408
0.06604795168	-0.00261930412	0.00047797667
0.06604068380	-0.00279656195	0.00064259211
0.06603299329	-0.00297262054	0.00080761521
0.06602489373	-0.00314739319	0.00097291752
0.06601639971	-0.00332078983	0.00113836714
0.06600752659	-0.00349272216	0.00130383416
0.06599829038	-0.00366310550	0.00146918894
0.06598870764	-0.00383185854	0.00163430303
0.06597879386	-0.00399892940	0.00179907199
0.06596856951	-0.00416419404	0.00196334171
0.06595805144	-0.00432760036	0.00212699658
0.06594725689	-0.00448909605	0.00228992689
0.06593620290	-0.00464863667	0.00245204073
0.06592491359	-0.00480608405	0.00261316645
0.06591339989	-0.00496149072	0.00277327385
0.06590168935	-0.00511468637	0.00293217505
0.06588979134	-0.00526574526	0.00308985718
0.06587773333	-0.00541451079	0.00324614926
0.06586552941	-0.00556099913	0.00340098896
0.06585319656	-0.00570518871	0.00355430731
0.06584075593	-0.00584701065	0.00370599947
0.06582822513	-0.00598643902	0.00385598509
0.06581562068	-0.00612345899	0.00400419661
0.06580295989	-0.00625804647	0.00415056398
0.06579025959	-0.00639018139	0.00429502133
0.06577753615	-0.00651984762	0.00443750709
0.06576480373	-0.00664704942	0.00457798088
0.06575207971	-0.00677175675	0.00471637837
0.06573937984	-0.00689395486	0.00485264020
0.06572671514	-0.00701367176	0.00498674459
0.06571409880	-0.00713091113	0.00511866396
0.06570154912	-0.00724562754	0.00524832179
0.06568906985	-0.00735790579	0.00537575216
0.06567668142	-0.00746767658	0.00550087026
0.06566438999	-0.00757499585	0.00562368300
0.06565220342	-0.00767989981	0.00574419929
0.06564013871	-0.00778234316	0.00586235660
0.06562820021	-0.00788238625	0.00597817169
0.06561639666	-0.00798004794	0.00609163941
0.06560473615	-0.00807534955	0.00620275754
0.06559322609	-0.00816831475	0.00631152664
0.06558187329	-0.00825896909	0.00641795020
0.06557068392	-0.00834734002	0.00652203438
0.06555966353	-0.00843345676	0.00662378780
0.06554881705	-0.00851735041	0.00672322127
0.06553814888	-0.00859905323	0.00682034811
0.06552765872	-0.00867862998	0.00691521811
0.06551735717	-0.00875605988	0.00700780482
0.06550724553	-0.00883139051	0.00709813077
0.06549731688	-0.00890472669	0.00718628747
0.06548758907	-0.00897598760	0.00727219626
0.06547804774	-0.00904532696	0.00735598349
0.06546870869	-0.00911267570	0.00743758334
0.06545955584	-0.00917819285	0.00751713521
0.06545060767	-0.00924178718	0.00759455615
0.06544185259	-0.00930358019	0.00766994313
0.06543328919	-0.00936361797	0.00774334566
0.06542492624	-0.00942187357	0.00781473650
0.06541675662	-0.00947842967	0.00788418369
0.06540877938	-0.00953332338	0.00795172248
0.06540099193	-0.00958660158	0.00801739957
0.06539339519	-0.00963828515	0.00808123713
0.06538598835	-0.00968840555	0.00814326276
0.06537876761	-0.00973701297	0.00820352287
0.06537173091	-0.00978414397	0.00826205398
0.06536487602	-0.00982983511	0.00831889239
0.06535820057	-0.00987412239	0.00837407458
0.06535170204	-0.00991704171	0.00842763673
0.06534537538	-0.00995864405	0.00847963298
0.06533922104	-0.00999894343	0.00853008117
0.06533323683	-0.01003796992	0.00857901047
0.06532741847	-0.01007576656	0.00862646359
0.06532176291	-0.01011236693	0.00867247547
0.06531626391	-0.01014782459	0.00871710446
0.06531091915	-0.01018216654	0.00876038553
0.06530573389	-0.01021537058	0.00880229549
0.06530069898	-0.01024750645	0.00884290068
0.06529582246	-0.01027853321	0.00888215042
0.06529205161	-0.01030245954	0.00891323716
0.06528881915	-0.01032292442	0.00894676048
0.06528616636	-0.01033968847	0.00898232737
0.06528412723	-0.01035255558	0.00901952083
0.06528272802	-0.01036137527	0.00905790479
0.06528198678	-0.01036604442	0.00909702925
0.06528191311	-0.01036650840	0.00913643551
0.06528250794	-0.01036276181	0.00917566156
0.06528376359	-0.01035484845	0.00921424751
0.06528566385	-0.01034286086	0.00925174099
0.06528818424	-0.01032693923	0.00928770240
0.06529129241	-0.01030726980	0.00932171014
0.06529494865	-0.01028408265	0.00935336550
0.06529910651	-0.01025764907	0.00938229735
0.06601563099	0.00938829806	-0.00537855732
0.06602011564	0.00935670916	-0.00546677946
0.06602308621	0.00933572504	-0.00550236319
0.06602584144	0.00931621901	-0.00552938896
0.06602855306	0.00929698104	-0.00555194920
0.06603123852	0.00927788849	-0.00557167300
0.06603393237	0.00925869592	-0.00558936264
0.06603667910	0.00923908483	-0.00560544849
0.06603943688	0.00921935200	-0.00562030881
0.06604225583	0.00919913692	-0.00563409704
0.06604514461	0.00917837398	-0.00564695086
0.06604807212	0.00915728370	-0.00565903307
0.06605106800	0.00913564943	-0.00567039325
0.06605415389	0.00911331050	-0.00568106256
0.06605730560	0.00909043736	-0.00569112769
0.06606052831	0.00906698815	-0.00570062627
0.06606383467	0.00904286589	-0.00570957429
0.06606722786	0.00901804180	-0.00571799231
0.06607071092	0.00899248764	-0.00572589624
0.06607428675	0.00896617566	-0.00573329752
0.06607795972	0.00893906673	-0.00574020124
0.06608172911	0.00891115893	-0.00574661817
0.06608559630	0.00888243413	-0.00575255408
0.06608957215	0.00885280337	-0.00575799557
0.06609365308	0.00882228414	-0.00576295054
0.06609784201	0.00879084501	-0.00576741550
0.06610214204	0.00875845265	-0.00577138582
0.06610655557	0.00872507801	-0.00577485541
0.06611108500	0.00869069125	-0.00577781812
0.06611573714	0.00865522829	-0.00578025726
0.06612053062	0.00861853267	-0.00578212790
0.06612542468	0.00858090239	-0.00578349872
0.06613044602	0.00854211823	-0.00578432049
0.06613562931	0.00850189456	-0.00578451086
0.06614090740	0.00846073538	-0.00578418769
0.06614634992	0.00841807977	-0.00578321023
0.06615190727	0.00837429638	-0.00578166025
0.06615762733	0.00832898683	-0.00577943008
0.06616346203	0.00828250971	-0.00577660215
0.06616947115	0.00823436471	-0.00577303874
0.06617560430	0.00818492947	-0.00576882275
0.06618188360	0.00813400016	-0.00576389760
0.06618831996	0.00808145880	-0.00575821763
0.06619491041	0.00802729788	-0.00575176286
0.06620164142	0.00797159632	-0.00574454195
0.06620852514	0.00791421970	-0.00573650663
0.06621556150	0.00785513148	-0.00572762986
0.06622275020	0.00779429480	-0.00571788371
0.06623009072	0.00773167245	-0.00570723956
0.06623758224	0.00766722729	-0.00569566688
0.06624522368	0.00760092196	-0.00568313446
0.06625302621	0.00753260863	-0.00566957316
0.06626096827	0.00746242310	-0.00565499681
0.06626905231	0.00739028967	-0.00563936330
0.06627729029	0.00731604172	-0.00562259489
0.06628567003	0.00723972538	-0.00560467015
0.06629418103	0.00716137113	-0.00558557304
0.06630284035	0.00708075109	-0.00556519654
0.06631162130	0.00699803936	-0.00554355892
0.06632053004	0.00691310136	-0.00552058662
0.06632957245	0.00682579615	-0.00549618789
0.06633871932	0.00673631901	-0.00547038502
0.06634797894	0.00664449887	-0.00544308528
0.06635734390	0.00655031189	-0.00541423361
0.06636680623	0.00645373583	-0.00538377361
0.06637635743	0.00635475011	-0.00535164800
0.06638598849	0.00625333571	-0.00531779906
0.06639568981	0.00614947550	-0.00528216840
0.06640545128	0.00604315443	-0.00524469689
0.06641526220	0.00593435949	-0.00520532521
0.06642511134	0.00582307984	-0.00516399392
0.06643499198	0.00570924830	-0.00512061917
0.06644488931	0.00559288476	-0.00507514241
0.06645478107	0.00547409792	-0.00502755129
0.06646467388	0.00535264429	-0.00497768784
0.06647452954	0.00522882369	-0.00492560718
0.06648435818	0.00510233200	-0.00487112764
0.06649412188	0.00497347263	-0.00481430567
0.06650382209	0.00484203704	-0.00475500198
0.06651343693	0.00470811875	-0.00469318420
0.06652294664	0.00457178795	-0.00462882402
0.06653233893	0.00443300698	-0.00456184911
0.06654159655	0.00429180660	-0.00449221129
0.06655070246	0.00414821372	-0.00441986187
0.06655963848	0.00400227446	-0.00434476314
0.06656838583	0.00385404759	-0.00426688801
0.06657692809	0.00370355528	-0.00418619474
0.06658524853	0.00355082420	-0.00410264320
0.06659332791	0.00339593183	-0.00401621912
0.06660114853	0.00323893340	-0.00392690337
0.06660869320	0.00307988072	-0.00383467931
0.06661594465	0.00291883429	-0.00373953708
0.06662288590	0.00275585736	-0.00364147035
0.06662950313	0.00259094335	-0.00354043449
0.06663577391	0.00242431660	-0.00343650866
0.06664168560	0.00225597340	-0.00332967567
0.06664722516	0.00208591789	-0.00321990600
0.06665237350	0.00191436206	-0.00310728418
0.06665711824	0.00174133927	-0.00299182159
0.06666144795	0.00156685411	-0.00287350095
0.06666534583	0.00139116523	-0.00275244987
0.06666880391	0.00121419093	-0.00262862518
0.06667180846	0.00103616210	-0.00250214529
0.06667435090	0.00085709238	-0.00237302843
0.06667642159	0.00067711070	-0.00224134717
0.06667801232	0.00049633507	-0.00210718343
0.06667911643	0.00031481219	-0.00197057652
0.06667972747	0.00013273832	-0.00183165959
0.06667984091	-0.00004990642	-0.00169044377
0.06667945299	-0.00023286104	-0.00154710849
0.06667856071	-0.00041619268	-0.00140164689
0.06667716349	-0.00059961933	-0.00125425501
0.06667526019	-0.00078316859	-0.00110496491
0.06667285239	-0.00096665867	-0.00095391892
0.06666994238	-0.00114998148	-0.00080123539
0.06666653200	-0.00133311159	-0.00064697347
0.06666262810	-0.00151581319	-0.00049132642
0.06665823481	-0.00169805958	-0.00033437679
0.06665335790	-0.00187977549	-0.00017621823
0.06664800775	-0.00206076141	-0.00001703299
0.06664219174	-0.00224097188	0.00014307821
0.06663591975	-0.00242030461	0.00030398792
0.06662920197	-0.00259867658	0.00046558383
0.06662205185	-0.00277594714	0.00062771093
0.06661448149	-0.00295203838	0.00079024559
0.06660650421	-0.00312686291	0.00095306113
0.06659813433	-0.00330033014	0.00111602751
0.06658938693	-0.00347235116	0.00127901664
0.06658027776	-0.00364284068	0.00144190071
0.06657082312	-0.00381171674	0.00160455305
0.06656103831	-0.00397892632	0.00176687025
0.06655094345	-0.00414434561	0.00192870104
0.06654055521	-0.00430792145	0.00208993114
0.06652989062	-0.00446960053	0.00225045208
0.06651896655	-0.00462933736	0.00241017280
0.06650780675	-0.00478699443	0.00256892526
0.06649642221	-0.00494262160	0.00272667784
0.06648484000	-0.00509604994	0.00288324708
0.06647306962	-0.00524735076	0.00303861820
0.06646113811	-0.00539636878	0.00319262430
0.06644905954	-0.00554311836	0.00334520294
0.06643685079	-0.00568757700	0.00349628569
0.06642453278	-0.00582967575	0.00364576962
0.06641212301	-0.00596938791	0.00379357535
0.06639963793	-0.00610669778	0.00393963597
0.06638709472	-0.00624158066	0.00408388228
0.06637451015	-0.00637401584	0.00422624927
0.06636190046	-0.00650398661	0.00436667609
0.06634927981	-0.00663149635	0.00450512252
0.06633666544	-0.00675651483	0.00464152535
0.06632407304	-0.00687902688	0.00477582612
0.06631151364	-0.00699905944	0.00490800273
0.06629900042	-0.00711661567	0.00503802779
0.06628655148	-0.00723165047	0.00516582657
0.06627417079	-0.00734424684	0.00529143123
0.06626187851	-0.00745433637	0.00541475936
0.06624968096	-0.00756197382	0.00553581695
0.06623758601	-0.00766719466	0.00565461223
0.06622561050	-0.00776995424	0.00577108454
0.06621375889	-0.00787031183	0.00588524960
0.06620203994	-0.00796828602	0.00599710226
0.06619046175	-0.00806389784	0.00610664026
0.06617903173	-0.00815717069	0.00621386405
0.06616775672	-0.00824812985	0.00631877701
0.06615664289	-0.00833680254	0.00642138511
0.06614569584	-0.00842321775	0.00652169680
0.06613492052	-0.00850740635	0.00661972264
0.06612432136	-0.00858940039	0.00671547568
0.06611389822	-0.00866926397	0.00680900436
0.06610366153	-0.00874697703	0.00690028347
0.06609361268	-0.00882258679	0.00698933502
0.06608374503	-0.00889619683	0.00707624783
0.06607407606	-0.00896772812	0.00716094642
0.06606459187	-0.00903733238	0.00724355321
0.06605530791	-0.00910494219	0.00732400518
0.06604620859	-0.00917071455	0.00740243747
0.06603731197	-0.00923456026	0.00747877062
0.06602860679	-0.00929659939	0.00755309871
0.06602009172	-0.00935687794	0.00762547027
0.06601177534	-0.00941536995	0.00769585966
0.06600365073	-0.00947215737	0.00776433312
0.06599571700	-0.00952727733	0.00783092538
0.06598797159	-0.00958077657	0.00789568227
0.06598041544	-0.00963267630	0.00795862591
0.06597304775	-0.00968300807	0.00801978362
0.06596586479	-0.00973182189	0.00807920089
0.06595886457	-0.00977915435	0.00813691372
0.06595204487	-0.00982504209	0.00819295787
0.06594540338	-0.00986952114	0.00824736930
0.06593893760	-0.00991262745	0.00830018366
0.06593264260	-0.00995441183	0.00835145399
0.06592651875	-0.00999488869	0.00840119825
0.06592056393	-0.01003408822	0.00844944529
0.06591477388	-0.01007205338	0.00849623704
0.06590914563	-0.01010881782	0.00854160795
0.06590367301	-0.01014443484	0.00858561510
0.06589835374	-0.01017893164	0.00862829304
0.06589319291	-0.01021228689	0.00866961994
0.06588818152	-0.01024456980	0.00870966052
0.06588332742	-0.01027574051	0.00874836627
0.06587960700	-0.01029956584	0.00877877072
0.06587640870	-0.01032000249	0.00881160412
0.06587377328	-0.01033681137	0.00884648154
0.06587173446	-0.01034979586	0.00888299406
0.06587031845	-0.01035880408	0.00892071362
0.06586954350	-0.01036373068	0.00895919799
0.06586941962	-0.01036451804	0.00899799596
0.06586994840	-0.01036115695	0.00903665268
0.06587112301	-0.01035368673	0.00907471492
0.06587292830	-0.01034219474	0.00911173645
0.06587534105	-0.01032681538	0.00914728321
0.06587833033	-0.01030772855	0.00918093845
0.06588185797	-0.01028515755	0.00921230760
0.06588587918	-0.01025936645	0.00924102289
0.06659553898	0.00935823404	-0.00529414734
0.06659988736	0.00932723750	-0.00538111635
0.06660278121	0.00930655098	-0.00541620311
0.06660546921	0.00928729387	-0.00544285458
0.06660811670	0.00926828707	-0.00546510591
0.06661074040	0.00924941183	-0.00548456179
0.06661337359	0.00923042874	-0.00550201324
0.06661605920	0.00921102669	-0.00551788544
0.06661875684	0.00919149565	-0.00553254943
0.06662151493	0.00917148322	-0.00554615789
0.06662434184	0.00915092509	-0.00555884662
0.06662720757	0.00913003652	-0.00557077484
0.06663014078	0.00910860555	-0.00558199229
0.06663316239	0.00908647486	-0.00559253034
0.06663624908	0.00906381071	-0.00560247345
0.06663940588	0.00904057186	-0.00561185883
0.06664264506	0.00901666321	-0.00562070255
0.06664596972	0.00899205624	-0.00562902492
0.06664938285	0.00896672298	-0.00563684165
0.06665288730	0.00894063590	-0.00564416405
0.06665648733	0.00891375638	-0.00565099722
0.06666018228	0.00888608207	-0.00565735167
0.06666397355	0.00885759484	-0.00566323307
0.06666787166	0.00882820728	-0.00566862856
0.06667187321	0.00879793603	-0.00567354571
0.06667598108	0.00876674987	-0.00567798113
0.06668019829	0.00873461573	-0.00568193032
0.06668452723	0.00870150471	-0.00568538729
0.06668897027	0.00866738712	-0.00568834600
0.06669353404	0.00863219980	-0.00569079024
0.06669823658	0.00859578926	-0.00569267644
0.06670303857	0.00855844619	-0.00569407051
0.06670796587	0.00851995575	-0.00569492501
0.06671305201	0.00848003817	-0.00569516021
0.06671823218	0.00843918544	-0.00569488932
0.06672357370	0.00839684869	-0.00569397660
0.06672902870	0.00835338761	-0.00569250040
0.06673464350	0.00830841214	-0.00569035674
0.06674037170	0.00826227213	-0.00568762460
0.06674627113	0.00821447786	-0.00568417102
0.06675229311	0.00816539774	-0.00568007531
0.06675845909	0.00811483185	-0.00567528270
0.06676477966	0.00806266415	-0.00566974875
0.06677125199	0.00800888651	-0.00566345363
0.06677786306	0.00795357537	-0.00565640519
0.06678462463	0.00789659856	-0.00564855651
0.06679153668	0.00783791958	-0.00563988093
0.06679859897	0.00777750160	-0.00563035099
0.06680581103	0.00771530745	-0.00561993851
0.06681317208	0.00765130004	-0.00560861342
0.06682068112	0.00758544199	-0.00559634500
0.06682834898	0.00751758796	-0.00558306587
0.06683615481	0.00744786989	-0.00556878856
0.06684410100	0.00737621292	-0.00555347182
0.06685219915	0.00730245329	-0.00553703994
0.06686043747	0.00722663525	-0.00551947132
0.06686880580	0.00714878774	-0.00550074966
0.06687732066	0.00706868708	-0.00548077089
0.06688595620	0.00698650265	-0.00545955157
0.06689471836	0.00690210196	-0.00543701991
0.06690361283	0.00681534636	-0.00541308632
0.06691261129	0.00672642591	-0.00538777114
0.06692172175	0.00663517249	-0.00536098399
0.06693093697	0.00654156192	-0.00533267059
0.06694024920	0.00644557161	-0.00530277534
0.06694965015	0.00634718057	-0.00527124173
0.06695913101	0.00624636939	-0.00523801284
0.06696868243	0.00614312051	-0.00520303108
0.06697829451	0.00603741840	-0.00516623811
0.06698795680	0.00592924955	-0.00512757541
0.06699765831	0.00581860264	-0.00508698433
0.06700739242	0.00570541119	-0.00504438262
0.06701714465	0.00558969396	-0.00499971232
0.06702689329	0.00547155661	-0.00495296020
0.06703664461	0.00535076027	-0.00490397256
0.06704636141	0.00522759769	-0.00485280105
0.06705605335	0.00510177072	-0.00479926920
0.06706568348	0.00497357573	-0.00474342994
0.06707525300	0.00484280815	-0.00468514779
0.06708474051	0.00470955906	-0.00462439005
0.06709412660	0.00457389677	-0.00456112816
0.06710339913	0.00443578409	-0.00449529122
0.06711254112	0.00429525083	-0.00442683151
0.06712153580	0.00415232312	-0.00435570093
0.06713036525	0.00400704593	-0.00428186198
0.06713901098	0.00385947670	-0.00420528754
0.06714745675	0.00370963711	-0.00412593644
0.06715568606	0.00355755333	-0.00404376909
0.06716367989	0.00340330130	-0.00395877090
0.06717142076	0.00324693530	-0.00387092277
0.06717889166	0.00308850634	-0.00378020806
0.06718607548	0.00292807403	-0.00368661680
0.06719295540	0.00276570073	-0.00359014249
0.06719951767	0.00260138049	-0.00349074170
0.06720574013	0.00243533363	-0.00338849053
0.06721161016	0.00226755724	-0.00328337256
0.06721711476	0.00209805611	-0.00317535928
0.06722223499	0.00192703878	-0.00306453229
0.06722695850	0.00175453887	-0.00295090305
0.06723127382	0.00158056190	-0.00283445522
0.06723516425	0.00140536244	-0.00271531240
0.06723862175	0.00122886161	-0.00259343377
0.06724163258	0.00105128698	-0.00246893421
0.06724418809	0.00087265328	-0.00234183240
0.06724627859	0.00069308832	-0.00221219930
0.06724789577	0.00051270930	-0.00208011522
0.06724903287	0.00033156361	-0.00194561936
0.06724968329	0.00014984532	-0.00180884163
0.06724984239	-0.00003246331	-0.00166979436
0.06724950621	-0.00021510456	-0.00152865230
0.06724867165	-0.00039814241	-0.00138541069
0.06724733785	-0.00058129837	-0.00124026045
0.06724550354	-0.00076459752	-0.00109323474
0.06724317005	-0.00094785951	-0.00094447279
0.06724033944	-0.00113097625	-0.00079409115
0.06723701338	-0.00131392068	-0.00064214911
0.06723319839	-0.00149645932	-0.00048883544
0.06722889840	-0.00167856377	-0.00033423241
0.06722411895	-0.00186015799	-0.00017843279
0.06721887008	-0.00204104402	-0.00002161490
0.06721315896	-0.00222117496	0.00013612127
0.06720699520	-0.00240044822	0.00029465009
0.06720038876	-0.00257878009	0.00045386058
0.06719335274	-0.00275603030	0.00061360050
0.06718589902	-0.00293212014	0.00077374774
0.06717804065	-0.00310696163	0.00093417729
0.06716979168	-0.00328046365	0.00109476090
0.06716116695	-0.00345253676	0.00125537226
0.06715218193	-0.00362309513	0.00141588530
0.06714285268	-0.00379205617	0.00157617507
0.06713319431	-0.00395936584	0.00173613914
0.06712322662	-0.00412490054	0.00189562897
0.06711296606	-0.00428860613	0.00205453156
0.06710242949	-0.00445042835	0.00221273965
0.06709163359	-0.00461032077	0.00237016301
0.06708060178	-0.00476814651	0.00252663701
0.06706934504	-0.00492395290	0.00268212874
0.06705789003	-0.00507757234	0.00283645893
0.06704624633	-0.00522907337	0.00298961105
0.06703444058	-0.00537830196	0.00314142203
0.06702248681	-0.00552527079	0.00329182937
0.06701040180	-0.00566995645	0.00344076519
0.06699820625	-0.00581228997	0.00358812837
0.06698591754	-0.00595224390	0.00373384046
0.06697355202	-0.00608980177	0.00387783519
0.06696112678	-0.00622493826	0.00402004420
0.06694865846	-0.00635763211	0.00416040326
0.06693616325	-0.00648786602	0.00429885226
0.06692365523	-0.00661564258	0.00443535114
0.06691115154	-0.00674093135	0.00456983774
0.06689866776	-0.00686371680	0.00470225448
0.06688621497	-0.00698402485	0.00483257897
0.06687380628	-0.00710185815	0.00496078399
0.06686145964	-0.00721717193	0.00508679654
0.06684917920	-0.00733004748	0.00521064695
0.06683698487	-0.00744041726	0.00533225511
0.06682488306	-0.00754833487	0.00545162612
0.06681288172	-0.00765383510	0.00556876759
0.06680099747	-0.00775687392	0.00568362062
0.06678923490	-0.00785750959	0.00579619997
0.06677760278	-0.00795576040	0.00590650048
0.06676610918	-0.00805164711	0.00601451983
0.06675476154	-0.00814519288	0.00612025841
0.06674356670	-0.00823642273	0.00622371946
0.06673253087	-0.00832536365	0.00632490881
0.06672165964	-0.00841204441	0.00642383471
0.06671095800	-0.00849649565	0.00652050750
0.06670043041	-0.00857874923	0.00661493999
0.06669007685	-0.00865886860	0.00670717930
0.06667990762	-0.00873683441	0.00679720143
0.06666992417	-0.00881269349	0.00688502785
0.06666012013	-0.00888654827	0.00697074488
0.06665051263	-0.00895832140	0.00705428002
0.06664108818	-0.00902816270	0.00713575197
0.06663186194	-0.00909600628	0.00721510033
0.06662281876	-0.00916200725	0.00729245626
0.06661397627	-0.00922607831	0.00736774354
0.06660532358	-0.00928833818	0.00744105353
0.06659685940	-0.00934883273	0.00751243386
0.06658859215	-0.00940753697	0.00758186034
0.06658051507	-0.00946453214	0.00764939753
0.06657262733	-0.00951985537	0.00771507967
0.06656492645	-0.00957355329	0.00777895173
0.06655741333	-0.00962564736	0.00784103581
0.06655008719	-0.00967616926	0.00790135892
0.06654294439	-0.00972516879	0.00795996572
0.06653598297	-0.00977268261	0.00801689167
0.06652920078	-0.00981874736	0.00807217204
0.06652259551	-0.00986339914	0.00812584227
0.06651616471	-0.00990667392	0.00817793749
0.06650990354	-0.00994862236	0.00822850973
0.06650381234	-0.00998925921	0.00827757704
0.06649788900	-0.01002861478	0.00832516794
0.06649212934	-0.01006673194	0.00837132364
0.06648653041	-0.01010364440	0.00841607809
0.06648108616	-0.01013940523	0.00845948720
0.06647579432	-0.01017404177	0.00850158509
0.06647065980	-0.01020753356	0.00854235122
0.06646567381	-0.01023994925	0.00858184876
0.06646084394	-0.01027125008	0.00862003123
0.06645717390	-0.01029496934	0.00864978501
0.06645401049	-0.01031536939	0.00868195940
0.06645139397	-0.01033221153	0.00871617718
0.06644935778	-0.01034529875	0.00875203717
0.06644792805	-0.01035447796	0.00878911894
0.06644712317	-0.01035964180	0.00882698776
0.06644695352	-0.01036072986	0.00886519964
0.06644742130	-0.01035772943	0.00890330658
0.06644852046	-0.01035067559	0.00894086181
0.06645023684	-0.01033965085	0.00897742504
0.06645254839	-0.01032478416	0.00901256758
0.06645542550	-0.01030624943	0.00904587744
0.06645883147	-0.01028426351	0.00907696407
0.06646272308	-0.01025908365	0.00910546302
0.06718548467	0.00932726981	-0.00521035098
0.06718969969	0.00929685794	-0.00529607334
0.06719251813	0.00927646588	-0.00533066565
0.06719513995	0.00925745534	-0.00535694469
0.06719772427	0.00923867766	-0.00537888863
0.06720028706	0.00922001797	-0.00539807787
0.06720286038	0.00920124277	-0.00541529226
0.06720548566	0.00918204822	-0.00543095177
0.06720812390	0.00916271761	-0.00544542033
0.06721082184	0.00914290651	-0.00545884980
0.06721358761	0.00912255189	-0.00547137412
0.06721639225	0.00910186385	-0.00548314898
0.06721926346	0.00908063503	-0.00549422425
0.06722222147	0.00905871143	-0.00550463150
0.06722524380	0.00903625519	-0.00551445301
0.06722833536	0.00901322568	-0.00552372551
0.06723150801	0.00898952961	-0.00553246522
0.06723476481	0.00896513878	-0.00554069216
0.06723810867	0.00894002545	-0.00554842185
0.06724154238	0.00891416235	-0.00555566545
0.06724507012	0.00888751129	-0.00556242809
0.06724869128	0.00886006958	-0.00556872003
0.06725240728	0.00883181906	-0.00557454682
0.06725622830	0.00880267385	-0.00557989614
0.06726015112	0.00877264973	-0.00558477522
0.06726417857	0.00874171574	-0.00558918080
0.06726831361	0.00870983904	-0.00559310846
0.06727255861	0.00867699089	-0.00559655236
0.06727691590	0.00864314176	-0.00559950655
0.06728139193	0.00860822936	-0.00560195528
0.06728600419	0.00857210317	-0.00560385632
0.06729071474	0.00853504667	-0.00560527290
0.06729554862	0.00849684934	-0.00560615928
0.06730053827	0.00845723718	-0.00560643831
0.06730562113	0.00841669038	-0.00560621869
0.06731086229	0.00837467190	-0.00560536955
0.06731621555	0.00833153264	-0.00560396592
0.06732172572	0.00828689074	-0.00560190740
0.06732734801	0.00824108743	-0.00559926964
0.06733313835	0.00819364342	-0.00559592429
0.06733904975	0.00814491808	-0.00559194719
0.06734510299	0.00809471531	-0.00558728535
0.06735130834	0.00804292096	-0.00558189549
0.06735766312	0.00798952636	-0.00557575796
0.06736415477	0.00793460547	-0.00556887983
0.06737079472	0.00787802833	-0.00556121545
0.06737758299	0.00781975852	-0.00555273863
0.06738451936	0.00775975923	-0.00554342230
0.06739160341	0.00769799335	-0.00553323873
0.06739883445	0.00763442381	-0.00552215832
0.06740621151	0.00756901326	-0.00551015083
0.06741374509	0.00750161880	-0.00549715059
0.06742141507	0.00743236855	-0.00548316890
0.06742922375	0.00736118853	-0.00546816534
0.06743718238	0.00728791778	-0.00545206622
0.06744527954	0.00721259870	-0.00543484971
0.06745350543	0.00713525874	-0.00541649934
0.06746187601	0.00705567834	-0.00539691389
0.06747036628	0.00697402224	-0.00537610827
0.06747898196	0.00689016007	-0.00535401245
0.06748772854	0.00680395536	-0.00533053893
0.06749657859	0.00671559310	-0.00530570617
0.06750553981	0.00662490805	-0.00527942610
0.06751460518	0.00653187571	-0.00525164521
0.06752376712	0.00643647315	-0.00522230868
0.06753301756	0.00633867902	-0.00519136079
0.06754234791	0.00623847349	-0.00515874542
0.06755174903	0.00613583859	-0.00512440575
0.06756121125	0.00603075835	-0.00508828424
0.06757072437	0.00592321878	-0.00505032316
0.06758027763	0.00581320805	-0.00501046464
0.06758986450	0.00570066042	-0.00496862803
0.06759947084	0.00558559351	-0.00492475594
0.06760907546	0.00546811003	-0.00487883433
0.06761868432	0.00534797565	-0.00483071362
0.06762826119	0.00522547617	-0.00478044215
0.06763781527	0.00510031932	-0.00472784852
0.06764731057	0.00497279454	-0.00467298224
0.06765674805	0.00484270120	-0.00461571157
0.06766610678	0.00471012797	-0.00455600347
0.06767536771	0.00457514130	-0.00449382919
0.06768451884	0.00443770448	-0.00442911922
0.06769354348	0.00429784639	-0.00436182634
0.06770242510	0.00415559240	-0.00429190298
0.06771114606	0.00401098635	-0.00421931188
0.06771968816	0.00386408438	-0.00414402592
0.06772803536	0.00371490768	-0.00406600449
0.06773617135	0.00356348191	-0.00398520852
0.06774407738	0.00340988154	-0.00390162315
0.06775173618	0.00325415990	-0.00381522927
0.06775913092	0.00309636720	-0.00372601028
0.06776624466	0.00293656217	-0.00363395611
0.06777306074	0.00277480630	-0.00353906008
0.06777956550	0.00261109426	-0.00344127994
0.06778573704	0.00244564242	-0.00334068882
0.06779156278	0.00227844862	-0.00323727104
0.06779702976	0.00210951831	-0.00313099907
0.06780211923	0.00193905661	-0.00302195165
0.06780681882	0.00176709743	-0.00291014032
0.06781111709	0.00159364716	-0.00279554966
0.06781499742	0.00141895633	-0.00267829934
0.06781845170	0.00124294888	-0.00255835080
0.06782146620	0.00106584903	-0.00243581551
0.06782403224	0.00088767263	-0.00231071255
0.06782614005	0.00070854634	-0.00218311131
0.06782778124	0.00052858658	-0.00205309049
0.06782894897	0.00034784137	-0.00192068919
0.06782963651	0.00016650263	-0.00178603414
0.06782983911	-0.00001544529	-0.00164913880
0.06782955262	-0.00019774794	-0.00151017335
0.06782877382	-0.00038046616	-0.00136913507
0.06782750163	-0.00056332498	-0.00122620983
0.06782573463	-0.00074634698	-0.00108143183
0.06782347392	-0.00092935330	-0.00093493730
0.06782072134	-0.00111223584	-0.00078684097
0.06781747839	-0.00129496595	-0.00063720224
0.06781375126	-0.00147731249	-0.00048620545
0.06780954370	-0.00165924539	-0.00033393264
0.06780486104	-0.00184068788	-0.00018047559
0.06779971297	-0.00202144354	-0.00002600882
0.06779410644	-0.00220146411	0.00012936844
0.06778805082	-0.00238064669	0.00028553237
0.06778155581	-0.00255890693	0.00044237332
0.06777463421	-0.00273610496	0.00059974180
0.06776729764	-0.00291216129	0.00075751720
0.06775955889	-0.00308698741	0.00091557617
0.06775143177	-0.00326049167	0.00107379228
0.06774293084	-0.00343258417	0.00123204094
0.06773407131	-0.00360317852	0.00139019785
0.06772486901	-0.00377219159	0.00154813974
0.06771533884	-0.00393956829	0.00170576519
0.06770550026	-0.00410518531	0.00186292836
0.06769536954	-0.00426898753	0.00201951752
0.06768496334	-0.00443091981	0.00217542663
0.06767429815	-0.00459093474	0.00233056630
0.06766339703	-0.00474889617	0.00248477525
0.06765227099	-0.00490484888	0.00263801935
0.06764094624	-0.00505862666	0.00279012344
0.06762943246	-0.00521029530	0.00294106932
0.06761775585	-0.00535970202	0.00309069767
0.06760593043	-0.00550685787	0.00323894597
0.06759397283	-0.00565173856	0.00338574690
0.06758190356	-0.00579427509	0.00353100111
0.06756973984	-0.00593443934	0.00367463110
0.06755749795	-0.00607221402	0.00381657122
0.06754519484	-0.00620757325	0.00395675398
0.06753284706	-0.00634049523	0.00409511593
0.06752047069	-0.00647096211	0.00423159768
0.06750807976	-0.00659897565	0.00436615934
0.06749569128	-0.00672450528	0.00449873981
0.06748332072	-0.00684753508	0.00462928235
0.06747097920	-0.00696808998	0.00475776434
0.06745867977	-0.00708617214	0.00488415871
0.06744644019	-0.00720173712	0.00500839416
0.06743426480	-0.00731486451	0.00513049927
0.06742217325	-0.00742548764	0.00525039612
0.06741017204	-0.00753365899	0.00536808901
0.06739826917	-0.00763941263	0.00548358494
0.06738648105	-0.00774270519	0.00559682670
0.06737481241	-0.00784359389	0.00570782814
0.06736327198	-0.00794209677	0.00581658409
0.06735186784	-0.00803823431	0.00592309219
0.06734060744	-0.00813202940	0.00602735274
0.06732949760	-0.00822350684	0.00612936887
0.06731854456	-0.00831269337	0.00622914625
0.06730775392	-0.00839961754	0.00632669295
0.06729713070	-0.00848430977	0.00642201909
0.06728667937	-0.00856680173	0.00651513724
0.06727640004	-0.00864715620	0.00660609322
0.06726630286	-0.00872535454	0.00669486422
0.06725638936	-0.00880144321	0.00678147117
0.06724665342	-0.00887552345	0.00686599795
0.06723711181	-0.00894751963	0.00694837496
0.06722775149	-0.00901757962	0.00702871726
0.06721858727	-0.00908563911	0.00710696702
0.06720960446	-0.00915185124	0.00718325148
0.06720082029	-0.00921613067	0.00725749758
0.06719222419	-0.00927859473	0.00732979403
0.06718381494	-0.00933928917	0.00740018758
0.06717560076	-0.00939818997	0.00746865542
0.06716757511	-0.00945537762	0.00753526049
0.06715973718	-0.00951088926	0.00760003651
0.06715208456	-0.00956477140	0.00766302765
0.06714461812	-0.00961704578	0.00772425592
0.06713733712	-0.00966774414	0.00778374809
0.06713023800	-0.00971691612	0.00784154793
0.06712331883	-0.00976459840	0.00789769041
0.06711657749	-0.00981082763	0.00795221029
0.06711001172	-0.00985563997	0.00800514250
0.06710361911	-0.00989907141	0.00805652168
0.06709739491	-0.00994117242	0.00810639882
0.06709133941	-0.00998195813	0.00815479206
0.06708545053	-0.01002145894	0.00820172962
0.06707972416	-0.01005971763	0.00824725195
0.06707415739	-0.01009676795	0.00829139254
0.06706874427	-0.01013266272	0.00833420614
0.06706348254	-0.01016742945	0.00837572642
0.06705837697	-0.01020104849	0.00841593413
0.06705341892	-0.01023358800	0.00845489088
0.06704861577	-0.01026501026	0.00849255217
0.06704499763	-0.01028861530	0.00852166346
0.06704187090	-0.01030896979	0.00855318605
0.06703927530	-0.01032583557	0.00858675038
0.06703724394	-0.01033901531	0.00862196293
0.06703580286	-0.01034835482	0.00865841088
0.06703497057	-0.01035374488	0.00869566689
0.06703475779	-0.01035512242	0.00873329418
0.06703516726	-0.01035247133	0.00877085160
0.06703619370	-0.01034582264	0.00880789882
0.06703782391	-0.01033525409	0.00884400151
0.06704003696	-0.01032088932	0.00887873639
0.06704280452	-0.01030289638	0.00891169622
0.06704609133	-0.01028148579	0.00894249458
0.06704985570	-0.01025690808	0.00897077039
0.06777529027	0.00929597097	-0.00512859577
0.06777937703	0.00926612628	-0.00521309939
0.06778212265	0.00924602059	-0.00524720827
0.06778468044	0.00922725010	-0.00527312318
0.06778720360	0.00920869565	-0.00529476652
0.06778970736	0.00919024608	-0.00531369501
0.06779222263	0.00917167366	-0.00533067756
0.06779478938	0.00915268155	-0.00534612902
0.06779736996	0.00913354661	-0.00536040641
0.06780000950	0.00911393210	-0.00537366077
0.06780271588	0.00909377623	-0.00538602419
0.06780546115	0.00907328415	-0.00539764898
0.06780827209	0.00905225291	-0.00540858510
0.06781116828	0.00903053173	-0.00541886425
0.06781412803	0.00900827877	-0.00542856667
0.06781715612	0.00898545399	-0.00543772863
0.06782026404	0.00896196588	-0.00544636641
0.06782345479	0.00893778652	-0.00545449981
0.06782673121	0.00891288842	-0.00546214414
0.06783009606	0.00888724452	-0.00546931043
0.06783355340	0.00886081712	-0.00547600380
0.06783710270	0.00883360315	-0.00548223430
0.06784074535	0.00880558442	-0.00548800735
0.06784449127	0.00877667656	-0.00549331114
0.06784833736	0.00874689454	-0.00549815262
0.06785228642	0.00871620759	-0.00550252859
0.06785634136	0.00868458316	-0.00550643477
0.06786050450	0.00865199264	-0.00550986542
0.06786477815	0.00861840664	-0.00551281470
0.06786916860	0.00858376377	-0.00551526729
0.06787369279	0.00854791633	-0.00551718224
0.06787831412	0.00851114086	-0.00551862024
0.06788305682	0.00847323102	-0.00551953717
0.06788795230	0.00843391838	-0.00551985836
0.06789294015	0.00839367173	-0.00551968817
0.06789808333	0.00835196550	-0.00551890042
0.06790333722	0.00830914206	-0.00551756697
0.06790874519	0.00826482748	-0.00551559083
0.06791426401	0.00821935470	-0.00551304449
0.06791994776	0.00817225449	-0.00550980400
0.06792575109	0.00812387749	-0.00550594190
0.06793169412	0.00807403129	-0.00550140689
0.06793778682	0.00802260360	-0.00549615682
0.06794402666	0.00796958521	-0.00549017220
0.06795040152	0.00791504768	-0.00548345938
0.06795692250	0.00785886324	-0.00547597396
0.06796358964	0.00780099548	-0.00546769012
0.06797040278	0.00774140769	-0.00545858124
0.06797736155	0.00768006277	-0.00544862001
0.06798446529	0.00761692370	-0.00543777730
0.06799171310	0.00755195316	-0.00542602331
0.06799911516	0.00748501061	-0.00541329405
0.06800665203	0.00741622051	-0.00539959961
0.06801432595	0.00734550969	-0.00538490042
0.06802214780	0.00727271995	-0.00536912468
0.06803010657	0.00719789189	-0.00535225041
0.06803819275	0.00712105152	-0.00533426095
0.06804642179	0.00704198329	-0.00531505782
0.06805476949	0.00696084745	-0.00529465439
0.06806324137	0.00687751566	-0.00527298228
0.06807184272	0.00679185360	-0.00524995605
0.06808054697	0.00670404137	-0.00522559234
0.06808936154	0.00661391650	-0.00519980533
0.06809827958	0.00652145421	-0.00517254225
0.06810729372	0.00642663123	-0.00514374904
0.06811639608	0.00632942586	-0.00511337076
0.06812557828	0.00622981791	-0.00508135205
0.06813483139	0.00612778899	-0.00504763687
0.06814414597	0.00602332272	-0.00501216845
0.06815351204	0.00591640465	-0.00497488983
0.06816291908	0.00580702247	-0.00493574391
0.06817236064	0.00569511116	-0.00489465158
0.06818182292	0.00558068725	-0.00485155602
0.06819128525	0.00546385060	-0.00480644240
0.06820075324	0.00534437129	-0.00475916517
0.06821019165	0.00522252838	-0.00470976946
0.06821960922	0.00509803532	-0.00465808874
0.06822897088	0.00497117483	-0.00460416932
0.06823827740	0.00484175011	-0.00454788298
0.06824750826	0.00470984749	-0.00448919643
0.06825664478	0.00457553165	-0.00442808072
0.06826567513	0.00443876634	-0.00436446770
0.06827458284	0.00429957956	-0.00429831063
0.06828335168	0.00415799591	-0.00422956247
0.06829196427	0.00401405817	-0.00415818622
0.06830040268	0.00386782120	-0.00408415474
0.06830865107	0.00371930576	-0.00400742798
0.06831669335	0.00356853699	-0.00392796738
0.06832451102	0.00341558794	-0.00384575783
0.06833208701	0.00326051102	-0.00376078022
0.06833940467	0.00310335568	-0.00367301800
0.06834644725	0.00294417978	-0.00358246099
0.06835319827	0.00278304399	-0.00348910236
0.06835964411	0.00261994355	-0.00339290097
0.06836576318	0.00245509101	-0.00329392713
0.06837154294	0.00228848496	-0.00319216588
0.06837697046	0.00212013146	-0.00308759057
0.06838202718	0.00195023231	-0.00298027726
0.06838670076	0.00177882167	-0.00287023754
0.06839097974	0.00160590683	-0.00275745684
0.06839484764	0.00143173436	-0.00264205110
0.06839829626	0.00125623091	-0.00252398389
0.06840131192	0.00107961748	-0.00240336340
0.06840388588	0.00090191096	-0.00228020909
0.06840600833	0.00072323691	-0.00215458883
0.06840767081	0.00054371095	-0.00202657976
0.06840886639	0.00036338174	-0.00189622087
0.06840958824	0.00018243906	-0.00176363582
0.06840983150	0.00000086928	-0.00162883912
0.06840959186	-0.00018107631	-0.00149199659
0.06840886600	-0.00036345556	-0.00135310738
0.06840765260	-0.00054599690	-0.00121235257
0.06840595013	-0.00072872053	-0.00106976728
0.06840375946	-0.00091144905	-0.00092548485
0.06840108222	-0.00109407435	-0.00077961822
0.06839791975	-0.00127656629	-0.00063222690
0.06839427793	-0.00145869599	-0.00048349097
0.06839016033	-0.00164043181	-0.00033349214
0.06838557209	-0.00182169628	-0.00018232129
0.06838052255	-0.00200229451	-0.00003014922
0.06837501847	-0.00218217692	0.00012292557
0.06836906896	-0.00236124035	0.00027678105
0.06836268350	-0.00253939984	0.00043130889
0.06835587457	-0.00271651595	0.00058636224
0.06834865355	-0.00289250846	0.00074182197
0.06834103298	-0.00306728833	0.00089756638
0.06833302641	-0.00324076349	0.00105347077
0.06832464816	-0.00341284355	0.00120941229
0.06831591318	-0.00358344163	0.00136526832
0.06830683703	-0.00375247409	0.00152091727
0.06829743443	-0.00391988485	0.00167625870
0.06828772452	-0.00408555091	0.00183114940
0.06827772337	-0.00424941621	0.00198547888
0.06826744743	-0.00441142476	0.00213914231
0.06825691303	-0.00457152828	0.00229205114
0.06824614285	-0.00472959128	0.00244404732
0.06823514792	-0.00488565613	0.00259509559
0.06822395402	-0.00503955796	0.00274502474
0.06821257090	-0.00519135991	0.00289381500
0.06820102435	-0.00534091046	0.00304131070
0.06818932833	-0.00548821906	0.00318744930
0.06817749938	-0.00563326059	0.00333216403
0.06816555775	-0.00577596605	0.00347535730
0.06815352054	-0.00591630667	0.00361695250
0.06814140393	-0.00605426438	0.00375688463
0.06812922475	-0.00618981278	0.00389508703
0.06811699941	-0.00632292954	0.00403149700
0.06810474390	-0.00645359628	0.00416605590
0.06809247221	-0.00658181399	0.00429872399
0.06808020119	-0.00670755197	0.00442944121
0.06806794621	-0.00683079392	0.00455815165
0.06805571840	-0.00695156382	0.00468483244
0.06804353077	-0.00706986336	0.00480945670
0.06803140087	-0.00718564842	0.00493195478
0.06801933321	-0.00729899696	0.00505235355
0.06800734719	-0.00740984315	0.00517057724
0.06799544940	-0.00751823838	0.00528662936
0.06798364786	-0.00762421602	0.00540051635
0.06797195881	-0.00772773336	0.00551218261
0.06796038705	-0.00782884662	0.00562164112
0.06794894131	-0.00792757354	0.00572888671
0.06793762966	-0.00802393438	0.00583391698
0.06792645954	-0.00811795176	0.00593673215
0.06791543779	-0.00820965025	0.00603733524
0.06790457062	-0.00829905634	0.00613573177
0.06789386367	-0.00838619839	0.00623192963
0.06788332196	-0.00847110658	0.00632593872
0.06787294999	-0.00855381239	0.00641777139
0.06786274799	-0.00863437796	0.00650747222
0.06785272595	-0.00871278534	0.00659501950
0.06784288547	-0.00878908061	0.00668043367
0.06783322068	-0.00886336385	0.00676379626
0.06782374802	-0.00893556110	0.00684504043
0.06781445483	-0.00900581833	0.00692427776
0.06780535562	-0.00907407275	0.00700145287
0.06779643614	-0.00914047560	0.00707668922
0.06778771322	-0.00920494342	0.00714991680
0.06777917661	-0.00926759220	0.00722122177
0.06777082514	-0.00932846754	0.00729064999
0.06776266686	-0.00938754637	0.00735818001
0.06775469542	-0.00944490846	0.00742387318
0.06774691003	-0.00950059094	0.00748776274
0.06773930836	-0.00955464021	0.00754989204
0.06773189127	-0.00960707823	0.00761028306
0.06772465801	-0.00965793684	0.00766896225
0.06771760512	-0.00970726549	0.00772597259
0.06771073071	-0.00975510087	0.00778134854
0.06770403269	-0.00980147967	0.00783512435
0.06769750885	-0.00984643806	0.00788733447
0.06769115680	-0.00989001207	0.00793801305
0.06768497188	-0.00993225196	0.00798721008
0.06767895436	-0.00997317322	0.00803494379
0.06767310216	-0.01001280634	0.00808124206
0.06766741126	-0.01005119401	0.00812614466
0.06766187876	-0.01008836999	0.00816968459
0.06765649885	-0.01012438689	0.00821191548
0.06765126926	-0.01015927233	0.00825287059
0.06764619461	-0.01019300751	0.00829253185
0.06764126643	-0.01022566002	0.00833095941
0.06763649188	-0.01025719322	0.00836811064
0.06763292616	-0.01028067831	0.00839659848
0.06762983711	-0.01030097955	0.00842748761
0.06762726392	-0.01031785938	0.00846041587
0.06762523937	-0.01033112029	0.00849499723
0.06762378938	-0.01034060716	0.00853082624
0.06762293255	-0.01034620898	0.00856748283
0.06762267989	-0.01034786024	0.00860453726
0.06762303465	-0.01034554162	0.00864155507
0.06762399227	-0.01033928025	0.00867810229
0.06762554044	-0.01032914936	0.00871375042
0.06762765931	-0.01031526748	0.00874808152
0.06763032178	-0.01029779700	0.00878069309
0.06763349394	-0.01027694235	0.00881120279
0.06763713561	-0.01025294758	0.00883925292
0.06835478813	0.00926492329	-0.00505017197
0.06835875359	0.00923561966	-0.00513350429
0.06836143005	0.00921578779	-0.00516714850
0.06836392696	0.00919724713	-0.00519271341
0.06836639188	0.00917890651	-0.00521406778
0.06836883941	0.00916065837	-0.00523274561
0.06837129933	0.00914228043	-0.00524950527
0.06837381026	0.00912348253	-0.00526475666
0.06837633581	0.00910453541	-0.00527885024
0.06837891960	0.00908510966	-0.00529193618
0.06838156927	0.00906514467	-0.00530414483
0.06838425782	0.00904484084	-0.00531562526
0.06838701117	0.00902399948	-0.00532642750
0.06838984827	0.00900247284	-0.00533658338
0.06839274819	0.00898041530	-0.00534617117
0.06839571557	0.00895778740	-0.00535522668
0.06839876158	0.00893449932	-0.00536376632
0.06840188913	0.00891052339	-0.00537180960
0.06840510103	0.00888583237	-0.00537937165
0.06840839996	0.00886039943	-0.00538646338
0.06841178991	0.00883418728	-0.00539308991
0.06841527039	0.00880719254	-0.00539926106
0.06841884281	0.00877939700	-0.00540498216
0.06842251678	0.00875071771	-0.00541024187
0.06842628937	0.00872116884	-0.00541504686
0.06843016332	0.00869071987	-0.00541939401
0.06843414148	0.00865933848	-0.00542327915
0.06843822616	0.00862699620	-0.00542669664
0.06844241964	0.00859366379	-0.00542964076
0.06844672803	0.00855928070	-0.00543209659
0.06845116777	0.00852370192	-0.00543402439
0.06845570351	0.00848719741	-0.00543548246
0.06846035873	0.00844956481	-0.00543642820
0.06846516387	0.00841054096	-0.00543678928
0.06847006054	0.00837058384	-0.00543666601
0.06847510967	0.00832917877	-0.00543593658
0.06848026817	0.00828666004	-0.00543466989
0.06848557804	0.00824266126	-0.00543277217
0.06849099747	0.00819750747	-0.00543031294
0.06849657887	0.00815073903	-0.00542717238
0.06850227839	0.00810269827	-0.00542341994
0.06850811552	0.00805319633	-0.00541900593
0.06851409999	0.00800212263	-0.00541388925
0.06852022935	0.00794946750	-0.00540805057
0.06852649194	0.00789530022	-0.00540149557
0.06853289853	0.00783949508	-0.00539418101
0.06853944918	0.00778201574	-0.00538608147
0.06854614380	0.00772282552	-0.00537717074
0.06855298203	0.00766188739	-0.00536742191
0.06855996328	0.00759916436	-0.00535680628
0.06856708670	0.00753461914	-0.00534529451
0.06857436215	0.00746811346	-0.00533282417
0.06858177085	0.00739976828	-0.00531940425
0.06858931497	0.00732951124	-0.00530499595
0.06859700507	0.00725718673	-0.00528952928
0.06860483047	0.00718283368	-0.00527298212
0.06861278199	0.00710647673	-0.00525533766
0.06862087457	0.00702790414	-0.00523650001
0.06862908477	0.00694727190	-0.00521648106
0.06863741793	0.00686445362	-0.00519521405
0.06864587915	0.00677931703	-0.00517261545
0.06865444266	0.00669203755	-0.00514870024
0.06866311562	0.00660245540	-0.00512338468
0.06867189134	0.00651054551	-0.00509661675
0.06868076266	0.00641628431	-0.00506834310
0.06868972187	0.00631964977	-0.00503850955
0.06869876078	0.00622062136	-0.00500706146
0.06870787070	0.00611918031	-0.00497394354
0.06871704236	0.00601530984	-0.00493909977
0.06872626602	0.00590899508	-0.00490247392
0.06873553137	0.00580022328	-0.00486400963
0.06874483208	0.00568893009	-0.00482362927
0.06875415462	0.00557513103	-0.00478127655
0.06876347883	0.00545892324	-0.00473693596
0.06877281002	0.00534008101	-0.00469046568
0.06878211386	0.00521887699	-0.00464190791
0.06879139868	0.00509503010	-0.00459110068
0.06880063026	0.00496881664	-0.00453808729
0.06880980920	0.00484004347	-0.00448274290
0.06881891539	0.00470879472	-0.00442503396
0.06882793051	0.00457513337	-0.00436493137
0.06883684284	0.00443902361	-0.00430236826
0.06884563622	0.00430049261	-0.00423729834
0.06885429463	0.00415956426	-0.00416967511
0.06886280096	0.00401628031	-0.00409946180
0.06887113755	0.00387069444	-0.00402663130
0.06887928878	0.00372282695	-0.00395114405
0.06888723873	0.00357270253	-0.00387296203
0.06889496916	0.00342039286	-0.00379206986
0.06890246322	0.00326594949	-0.00370844846
0.06890970442	0.00310942114	-0.00362208133
0.06891667621	0.00295086484	-0.00353295817
0.06892336225	0.00279034046	-0.00344107205
0.06892974902	0.00262784382	-0.00334638285
0.06893581521	0.00246358380	-0.00324895824
0.06894154831	0.00229755970	-0.00314878391
0.06894693545	0.00212977818	-0.00304583409
0.06895195825	0.00196043785	-0.00294018226
0.06895660441	0.00178957313	-0.00283184008
0.06896086247	0.00161719212	-0.00272079377
0.06896471607	0.00144353763	-0.00260715573
0.06896815695	0.00126853889	-0.00249089155
0.06897117148	0.00109241383	-0.00237210632
0.06897375087	0.00091518030	-0.00225081984
0.06897588527	0.00073696280	-0.00212709851
0.06897756619	0.00055787620	-0.00200101804
0.06897878661	0.00037796971	-0.00187261724
0.06897953961	0.00019743111	-0.00174201690
0.06897982023	0.00001624866	-0.00160923250
0.06897962402	-0.00016532940	-0.00147442570
0.06897894756	-0.00034735804	-0.00133759742
0.06897778932	-0.00052956901	-0.00119892418
0.06897614767	-0.00071198020	-0.00105844196
0.06897402326	-0.00089441565	-0.00091628135
0.06897141753	-0.00107676726	-0.00077255359
0.06896833167	-0.00125900346	-0.00062731822
0.06896477128	-0.00144089761	-0.00048075130
0.06896073976	-0.00162241652	-0.00033293423
0.06895624204	-0.00180348212	-0.00018395697
0.06895128716	-0.00198390098	-0.00003398682
0.06894588169	-0.00216362229	0.00011687848
0.06894003450	-0.00234254268	0.00026851859
0.06893375484	-0.00252057662	0.00042082646
0.06892705491	-0.00269758508	0.00057365776
0.06891994584	-0.00287348719	0.00072689480
0.06891243995	-0.00304819343	0.00088041744
0.06890455053	-0.00322161132	0.00103410268
0.06889629165	-0.00339365006	0.00118782931
0.06888767802	-0.00356422232	0.00134147633
0.06887872497	-0.00373324398	0.00149492379
0.06886944700	-0.00390065805	0.00164807220
0.06885986297	-0.00406634183	0.00180078082
0.06884998872	-0.00423023840	0.00195294041
0.06883984052	-0.00439229099	0.00210444728
0.06882943453	-0.00455245045	0.00225521370
0.06881879308	-0.00471058202	0.00240508471
0.06880792719	-0.00486672573	0.00255402400
0.06879686224	-0.00502071804	0.00270186412
0.06878560802	-0.00517261954	0.00284858385
0.06877418992	-0.00532227997	0.00299403095
0.06876262187	-0.00546970725	0.00313814292
0.06875092026	-0.00561487548	0.00328085353
0.06873910513	-0.00575771568	0.00342206684
0.06872719344	-0.00589819845	0.00356170714
0.06871520127	-0.00603630503	0.00369971004
0.06870314530	-0.00617200850	0.00383600966
0.06869104186	-0.00630528604	0.00397054408
0.06867890679	-0.00643611878	0.00410325533
0.06866675405	-0.00656450700	0.00423410386
0.06865460033	-0.00669041983	0.00436303057
0.06864246090	-0.00681384068	0.00448998037
0.06863034690	-0.00693479260	0.00461493017
0.06861827125	-0.00705327682	0.00473785328
0.06860625135	-0.00716924958	0.00485868158
0.06859429184	-0.00728278723	0.00497744037
0.06858241188	-0.00739382478	0.00509405591
0.06857061812	-0.00750241255	0.00520853097
0.06855891863	-0.00760858329	0.00532087144
0.06854732942	-0.00771229489	0.00543102328
0.06853585542	-0.00781360260	0.00553899864
0.06852450531	-0.00791252394	0.00564479234
0.06851328717	-0.00800907889	0.00574840196
0.06850220841	-0.00810328984	0.00584982765
0.06849127587	-0.00819518112	0.00594907230
0.06848049576	-0.00828477903	0.00604614131
0.06846987374	-0.00837211167	0.00614104238
0.06845941483	-0.00845720906	0.00623378523
0.06844912354	-0.00854010245	0.00632438196
0.06843900022	-0.00862085338	0.00641287601
0.06842905471	-0.00869944455	0.00649924669
0.06841928867	-0.00877592168	0.00658351399
0.06840969647	-0.00885038372	0.00666575718
0.06840029420	-0.00892275833	0.00674591206
0.06839106962	-0.00899318963	0.00682408689
0.06838203692	-0.00906161632	0.00690022860
0.06837318226	-0.00912818775	0.00697445711
0.06836452210	-0.00919282231	0.00704670526
0.06835604648	-0.00925563467	0.00711705676
0.06834775430	-0.00931667030	0.00718555668
0.06833965343	-0.00937590703	0.00725218482
0.06833173770	-0.00943342392	0.00731700102
0.06832400635	-0.00948925810	0.00738003806
0.06831645713	-0.00954345583	0.00744133853
0.06830909085	-0.00959603932	0.00750092432
0.06830190681	-0.00964704047	0.00755882164
0.06829490161	-0.00969650854	0.00761507266
0.06828807340	-0.00974448025	0.00766971137
0.06828142012	-0.00979099228	0.00772277155
0.06827493960	-0.00983608083	0.00777428717
0.06826862949	-0.00987978194	0.00782429190
0.06826248522	-0.00992214569	0.00787283479
0.06825650702	-0.00996318789	0.00791993413
0.06825069283	-0.01000293912	0.00796561751
0.06824503870	-0.01004144196	0.00800992400
0.06823954177	-0.01007873022	0.00805288617
0.06823419632	-0.01011485623	0.00809455657
0.06822900009	-0.01014984776	0.00813496806
0.06822395757	-0.01018368679	0.00817410368
0.06821906045	-0.01021644040	0.00821202218
0.06821431568	-0.01024807296	0.00824868273
0.06821080181	-0.01027143512	0.00827657578
0.06820775062	-0.01029167714	0.00830685964
0.06820520076	-0.01030856211	0.00833917923
0.06820318467	-0.01032189247	0.00837315566
0.06820172812	-0.01033151226	0.00840839057
0.06820084976	-0.01033730891	0.00844447086
0.06820056088	-0.01033921464	0.00848097354
0.06820086519	-0.01033720713	0.00851747063
0.06820175877	-0.01033130988	0.00855353425
0.06820323016	-0.01032159188	0.00858874158
0.06820526050	-0.01030816681	0.00862267984
0.06820782386	-0.01029119176	0.00865495115
0.06821088761	-0.01027086534	0.00868517715
0.06821441296	-0.01024742545	0.00871300346
0.06894431083	0.00923306875	-0.00497227033
0.06894815751	0.00920429960	-0.00505443698
0.06895076596	0.00918473890	-0.00508761871
0.06895320288	0.00916642610	-0.00511283528
0.06895561040	0.00914829762	-0.00513390200
0.06895800244	0.00913024945	-0.00515233031
0.06896040772	0.00911206468	-0.00516886809
0.06896286352	0.00909345972	-0.00518392026
0.06896533468	0.00907469933	-0.00519783083
0.06896786336	0.00905546126	-0.00521074906
0.06897045695	0.00903568609	-0.00522280355
0.06897308939	0.00901556959	-0.00523414019
0.06897578575	0.00899491721	-0.00524480905
0.06897856436	0.00897358419	-0.00525484208
0.06898140505	0.00895172122	-0.00526431562
0.06898431232	0.00892928940	-0.00527326503
0.06898729699	0.00890620056	-0.00528170680
0.06899036194	0.00888242731	-0.00528966018
0.06899350989	0.00885794264	-0.00529714013
0.06899674350	0.00883271994	-0.00530415741
0.06900006664	0.00880672236	-0.00531071717
0.06900347890	0.00877994619	-0.00531682897
0.06900698166	0.00875237319	-0.00532249808
0.06901058428	0.00872392183	-0.00532771359
0.06901428395	0.00869460553	-0.00533248192
0.06901808337	0.00866439396	-0.00533680003
0.06902198535	0.00863325506	-0.00534066385
0.06902599215	0.00860116051	-0.00534406785
0.06903010604	0.00856808121	-0.00534700642
0.06903433295	0.00853395742	-0.00534946502
0.06903868884	0.00849864681	-0.00535140510
0.06904313958	0.00846241287	-0.00535288265
0.06904770791	0.00842505713	-0.00535385655
0.06905242330	0.00838632165	-0.00535425673
0.06905722935	0.00834665377	-0.00535417956
0.06906218504	0.00830554952	-0.00535350751
0.06906724872	0.00826333526	-0.00535230661
0.06907246105	0.00821965201	-0.00535048621
0.06907778168	0.00817481705	-0.00534811294
0.06908326129	0.00812838017	-0.00534507102
0.06908885755	0.00808067554	-0.00534142689
0.06909458935	0.00803151778	-0.00533713243
0.06910046612	0.00798079805	-0.00533214756
0.06910648555	0.00792850616	-0.00532645314
0.06911263640	0.00787470920	-0.00532005418
0.06911892911	0.00781928348	-0.00531290859
0.06912536379	0.00776219272	-0.00530499134
0.06913194037	0.00770340030	-0.00529627661
0.06913865854	0.00764286925	-0.00528673791
0.06914551775	0.00758056262	-0.00527634697
0.06915251721	0.00751644317	-0.00526507489
0.06915966650	0.00745037483	-0.00525286077
0.06916694742	0.00738247518	-0.00523971253
0.06917436212	0.00731267261	-0.00522559216
0.06918192080	0.00724081410	-0.00521043142
0.06918961317	0.00716693692	-0.00519420808
0.06919743031	0.00709106437	-0.00517690517
0.06920538669	0.00701298848	-0.00515842932
0.06921345962	0.00693286106	-0.00513879105
0.06922165424	0.00685055762	-0.00511792515
0.06922997547	0.00676594793	-0.00509574996
0.06923839834	0.00667920282	-0.00507227886
0.06924692974	0.00659016515	-0.00504743018
0.06925556316	0.00649880958	-0.00502115259
0.06926429161	0.00640511225	-0.00499339350
0.06927310757	0.00630905081	-0.00496409944
0.06928200306	0.00621060439	-0.00493321651
0.06929096956	0.00610975387	-0.00490069017
0.06929999804	0.00600648208	-0.00486646514
0.06930907894	0.00590077375	-0.00483048591
0.06931820222	0.00579261569	-0.00479269687
0.06932736159	0.00568194423	-0.00475302182
0.06933654384	0.00556877389	-0.00471140505
0.06934572931	0.00545319914	-0.00466783036
0.06935492302	0.00533499842	-0.00462215961
0.06936409150	0.00521443810	-0.00457443213
0.06937324272	0.00509124243	-0.00452449045
0.06938234331	0.00496568146	-0.00447237493
0.06939139366	0.00483756565	-0.00441796403
0.06940037408	0.00470697694	-0.00436122398
0.06940926662	0.00457397664	-0.00430212554
0.06941805969	0.00443852941	-0.00424060308
0.06942673739	0.00430066157	-0.00417661081
0.06943528395	0.00416039634	-0.00411010273
0.06944368253	0.00401777446	-0.00404104233
0.06945191574	0.00387284842	-0.00396940251
0.06945996815	0.00372563810	-0.00389514425
0.06946782406	0.00357616774	-0.00381822999
0.06947546547	0.00342450767	-0.00373864416
0.06948287573	0.00327070859	-0.00365636769
0.06949003857	0.00311481849	-0.00357138412
0.06949693760	0.00295689360	-0.00348368308
0.06950355664	0.00279699299	-0.00339325750
0.06950988228	0.00263511306	-0.00330006829
0.06951589347	0.00247145907	-0.00320418053
0.06952157777	0.00230603099	-0.00310558056
0.06952692238	0.00213883609	-0.00300424344
0.06953190908	0.00197006983	-0.00290024014
0.06953652561	0.00179976687	-0.00279358239
0.06954076056	0.00162793611	-0.00268425717
0.06954459766	0.00145481664	-0.00257237343
0.06954802861	0.00128034023	-0.00245789871
0.06955103985	0.00110472175	-0.00234093506
0.06955362254	0.00092798001	-0.00222150261
0.06955576681	0.00075023846	-0.00209966633
0.06955746413	0.00057161119	-0.00197550047
0.06955870740	0.00039214797	-0.00184904369
0.06955948962	0.00021203456	-0.00172041394
0.06955980576	0.00003126110	-0.00158962764
0.06955965121	-0.00014992721	-0.00145684237
0.06955902248	-0.00033158251	-0.00132206075
0.06955791784	-0.00051343984	-0.00118545483
0.06955633554	-0.00069551485	-0.00104706140
0.06955427604	-0.00087763298	-0.00090700834
0.06955174060	-0.00105968621	-0.00076540520
0.06954873026	-0.00124164154	-0.00062231156
0.06954525034	-0.00142327456	-0.00047789949
0.06954130407	-0.00160455060	-0.00033225006
0.06953689621	-0.00178539099	-0.00018545232
0.06953203547	-0.00196560378	-0.00003767011
0.06952672826	-0.00214513697	0.00011099959
0.06952098319	-0.00232388698	0.00026043815
0.06951480931	-0.00250176774	0.00041053976
0.06950821850	-0.00267864068	0.00056116260
0.06950122169	-0.00285442430	0.00071219042
0.06949383095	-0.00302902861	0.00086350464
0.06948605933	-0.00320236075	0.00101498393
0.06947792063	-0.00337432954	0.00116650874
0.06946942934	-0.00354484724	0.00131795968
0.06946060054	-0.00371382927	0.00146921840
0.06945144854	-0.00388121775	0.00162018639
0.06944199186	-0.00404689030	0.00177072537
0.06943224618	-0.00421078919	0.00192072731
0.06942222755	-0.00437285687	0.00207008969
0.06941195194	-0.00453304339	0.00221872561
0.06940144134	-0.00469121467	0.00236648314
0.06939070677	-0.00484740849	0.00251332500
0.06937977318	-0.00500146265	0.00265908739
0.06936865042	-0.00515343521	0.00280374774
0.06935736347	-0.00530317716	0.00294715716
0.06934592619	-0.00545069497	0.00308925322
0.06933435487	-0.00559596193	0.00322997025
0.06932266929	-0.00573890913	0.00336921392
0.06931088628	-0.00587950656	0.00350690943
0.06929902181	-0.00601773474	0.00364299300
0.06928709242	-0.00615356632	0.00377739956
0.06927511431	-0.00628697795	0.00391006793
0.06926310323	-0.00641795033	0.00404094081
0.06925107303	-0.00654648299	0.00416997887
0.06923904028	-0.00667254496	0.00429712396
0.06922702014	-0.00679611933	0.00442232179
0.06921502372	-0.00691722824	0.00454554908
0.06920306390	-0.00703587250	0.00466677932
0.06919115787	-0.00715200867	0.00478594590
0.06917931042	-0.00726571154	0.00490307260
0.06916754045	-0.00737691694	0.00501808766
0.06915585469	-0.00748567417	0.00513099313
0.06914426121	-0.00759201531	0.00524179440
0.06913277584	-0.00769589888	0.00535043891
0.06912140358	-0.00779737918	0.00545693803
0.06911015310	-0.00789647347	0.00556128659
0.06909903244	-0.00799320149	0.00566348211
0.06908804902	-0.00808758540	0.00576352468
0.06907720965	-0.00817964929	0.00586141710
0.06906652055	-0.00826941923	0.00595716461
0.06905598736	-0.00835692313	0.00605077475
0.06904561514	-0.00844219079	0.00614225704
0.06903540839	-0.00852525327	0.00623162336
0.06902536757	-0.00860617147	0.00631891601
0.06901550237	-0.00868492876	0.00640411531
0.06900581452	-0.00876157051	0.00648724077
0.06899629861	-0.00883619452	0.00656836950
0.06898697039	-0.00890873005	0.00664743982
0.06897781802	-0.00897931939	0.00672455679
0.06896885537	-0.00904790271	0.00679966957
0.06896006903	-0.00911462749	0.00687289461
0.06895147507	-0.00917941394	0.00694416750
0.06894306384	-0.00924237543	0.00701356962
0.06893483428	-0.00930355727	0.00708114521
0.06892679409	-0.00936293817	0.00714687529
0.06891893728	-0.00942059652	0.00721081823
0.06891126313	-0.00947656943	0.00727300634
0.06890376944	-0.00953090299	0.00733348146
0.06889645701	-0.00958361966	0.00739226541
0.06888932515	-0.00963475141	0.00744938411
0.06888237055	-0.00968434730	0.00750487898
0.06887559138	-0.00973244405	0.00755878350
0.06886898563	-0.00977907836	0.00761113101
0.06886255115	-0.00982428643	0.00766195498
0.06885628564	-0.00986810431	0.00771128862
0.06885018461	-0.00991058189	0.00775918006
0.06884424827	-0.00995173530	0.00780564763
0.06883847456	-0.00999159520	0.00785071862
0.06883285961	-0.01003020406	0.00789443143
0.06882740059	-0.01006759569	0.00793681818
0.06882209189	-0.01010382220	0.00797793035
0.06881693127	-0.01013891146	0.00801780043
0.06881192305	-0.01017284624	0.00805641251
0.06880705911	-0.01020569309	0.00809382399
0.06880234618	-0.01023741740	0.00812999574
0.06879888530	-0.01026064987	0.00815730123
0.06879587334	-0.01028082517	0.00818698624
0.06879334838	-0.01029770720	0.00821870274
0.06879134252	-0.01031109838	0.00825207889
0.06878988134	-0.01032084204	0.00828672339
0.06878898355	-0.01032682417	0.00832223005
0.06878866066	-0.01032897478	0.00835818259
0.06878891681	-0.01032726872	0.00839415950
0.06878974872	-0.01032172594	0.00842973900
0.06879114571	-0.01031241129	0.00846450393
0.06879308991	-0.01029943376	0.00849804671
0.06879555649	-0.01028294518	0.00852997409
0.06879851410	-0.01026313851	0.00855991174
0.06880192531	-0.01024024555	0.00858750868
0.06952352838	0.00920153954	-0.00489751343
0.06952726266	0.00917328052	-0.00497855950
0.06952980650	0.00915397927	-0.00501129660
0.06953218635	0.00913588472	-0.00503617827
0.06953453920	0.00911795959	-0.00505696842
0.06953687835	0.00910010321	-0.00507515680
0.06953923151	0.00908210381	-0.00509148121
0.06954163472	0.00906368406	-0.00510634178
0.06954405395	0.00904510299	-0.00512007636
0.06954653001	0.00902604524	-0.00513283327
0.06954907004	0.00900645246	-0.00514473944
0.06955164885	0.00898651603	-0.00515593775
0.06955429073	0.00896604535	-0.00516647828
0.06955701344	0.00894489853	-0.00517639307
0.06955979748	0.00892322271	-0.00518575662
0.06956264725	0.00890097954	-0.00519460389
0.06956557324	0.00887808245	-0.00520295139
0.06956857827	0.00885450426	-0.00521081818
0.06957166502	0.00883021825	-0.00521821900
0.06957483609	0.00880519798	-0.00522516450
0.06957809527	0.00877940702	-0.00523165983
0.06958144219	0.00875284136	-0.00523771434
0.06958487824	0.00872548275	-0.00524333321
0.06958841250	0.00869725099	-0.00524850596
0.06959204230	0.00866815878	-0.00525323875
0.06959577030	0.00863817601	-0.00525752863
0.06959959926	0.00860727085	-0.00526137162
0.06960353141	0.00857541512	-0.00526476229
0.06960756897	0.00854257986	-0.00526769514
0.06961171775	0.00850870613	-0.00527015601
0.06961599324	0.00847365412	-0.00527210746
0.06962036243	0.00843768117	-0.00527360328
0.06962484739	0.00840059253	-0.00527460378
0.06962947668	0.00836213522	-0.00527504101
0.06963419576	0.00832274648	-0.00527500765
0.06963906176	0.00828193251	-0.00527439018
0.06964403441	0.00824001214	-0.00527325194
0.06964915311	0.00819663343	-0.00527150521
0.06965437884	0.00815210632	-0.00526921392
0.06965976071	0.00810598954	-0.00526626610
0.06966525778	0.00805860952	-0.00526272535
0.06967088837	0.00800978418	-0.00525854503
0.06967666166	0.00795940633	-0.00525368605
0.06968257544	0.00790746534	-0.00524812942
0.06968861888	0.00785402617	-0.00524187955
0.06969480211	0.00779896708	-0.00523489543
0.06970112528	0.00774225186	-0.00522715240
0.06970758833	0.00768384394	-0.00521862503
0.06971419102	0.00762370641	-0.00520928722
0.06972093282	0.00756180237	-0.00519911110
0.06972781300	0.00749809463	-0.00518806820
0.06973484084	0.00743244923	-0.00517609907
0.06974199876	0.00736498050	-0.00516321065
0.06974928883	0.00729561762	-0.00514936565
0.06975672096	0.00722420998	-0.00513449752
0.06976428516	0.00715079330	-0.00511858389
0.06977197281	0.00707538962	-0.00510160769
0.06977979794	0.00699779454	-0.00508347794
0.06978773852	0.00691815590	-0.00506420385
0.06979579953	0.00683635107	-0.00504372169
0.06980398574	0.00675225171	-0.00502195157
0.06981227291	0.00666602433	-0.00499890539
0.06982066767	0.00657751428	-0.00497450341
0.06982916371	0.00648669598	-0.00494869501
0.06983775417	0.00639354530	-0.00492142828
0.06984643173	0.00629803960	-0.00489265047
0.06985518859	0.00620015769	-0.00486230838
0.06986401642	0.00609988013	-0.00483034819
0.06987290640	0.00599718937	-0.00479671530
0.06988184916	0.00589206978	-0.00476135495
0.06989083487	0.00578450774	-0.00472421221
0.06989985734	0.00567444024	-0.00468521226
0.06990890365	0.00556188087	-0.00464429994
0.06991795459	0.00544692156	-0.00460145841
0.06992701490	0.00532934471	-0.00455655303
0.06993605200	0.00520941068	-0.00450962045
0.06994507343	0.00508684886	-0.00446050741
0.06995404667	0.00496192332	-0.00440925156
0.06996297193	0.00483444794	-0.00435573445
0.06997182993	0.00470450260	-0.00429992213
0.06998060303	0.00457214704	-0.00424178524
0.06998927979	0.00443734634	-0.00418125937
0.06999784457	0.00430012605	-0.00411829914
0.07000628183	0.00416050871	-0.00405285908
0.07001457500	0.00401853413	-0.00398490293
0.07002270694	0.00387425368	-0.00391440361
0.07003066242	0.00372768683	-0.00384132259
0.07003842594	0.00357885738	-0.00376562281
0.07004597976	0.00342783440	-0.00368728846
0.07005330741	0.00327466775	-0.00360630054
0.07006039282	0.00311940477	-0.00352264262
0.07006721977	0.00296210088	-0.00343630425
0.07007377227	0.00280281443	-0.00334727825
0.07008003698	0.00264154234	-0.00325552648
0.07008599313	0.00247848641	-0.00316111161
0.07009162835	0.00231364728	-0.00306402057
0.07009692988	0.00214703278	-0.00296422920
0.07010187971	0.00197883535	-0.00286180613
0.07010646562	0.00180908990	-0.00275676312
0.07011067622	0.00163780607	-0.00264908786
0.07011449537	0.00146521939	-0.00253888607
0.07011791473	0.00129126406	-0.00242612708
0.07012092080	0.00111615201	-0.00231091011
0.07012350470	0.00093990297	-0.00219325553
0.07012565657	0.00076263936	-0.00207322700
0.07012736783	0.00058447452	-0.00195089737
0.07012863133	0.00040545877	-0.00182630514
0.07012943999	0.00022577589	-0.00169956556
0.07012978872	0.00004541781	-0.00157069590
0.07012967277	-0.00013537318	-0.00143984990
0.07012908857	-0.00031664652	-0.00130703175
0.07012803423	-0.00049814043	-0.00117240928
0.07012650788	-0.00067986842	-0.00103602001
0.07012450980	-0.00086165731	-0.00089798924
0.07012204109	-0.00104339913	-0.00075842491
0.07011910266	-0.00122505959	-0.00061738657
0.07011569954	-0.00140641638	-0.00047504257
0.07011183483	-0.00158743346	-0.00033147359
0.07010751310	-0.00176803158	-0.00018676781
0.07010274278	-0.00194802026	-0.00004108577
0.07009753010	-0.00212734638	0.00010547628
0.07009188345	-0.00230590615	0.00025280134
0.07008581165	-0.00248361305	0.00040078485
0.07007932633	-0.00266032893	0.00054928735
0.07007243818	-0.00283597171	0.00069819397
0.07006515905	-0.00301045100	0.00084738766
0.07005750175	-0.00318367359	0.00099674870
0.07004947984	-0.00335554796	0.00114615908
0.07004110758	-0.00352598598	0.00129550101
0.07003239981	-0.00369490266	0.00144465768
0.07002337064	-0.00386223929	0.00159353151
0.07001403831	-0.00402787384	0.00174198656
0.07000441828	-0.00419174779	0.00188991601
0.06999452642	-0.00435380288	0.00203721845
0.06998437852	-0.00451398840	0.00218380778
0.06997399622	-0.00467217099	0.00232953495
0.06996339053	-0.00482838623	0.00247436180
0.06995258601	-0.00498247323	0.00261812803
0.06994159252	-0.00513448769	0.00276080976
0.06993043468	-0.00528428178	0.00290226133
0.06991912628	-0.00543186058	0.00304242038
0.06990768345	-0.00557719667	0.00318122178
0.06989612578	-0.00572022117	0.00331857278
0.06988446994	-0.00586090352	0.00345439940
0.06987273177	-0.00599922360	0.00358863849
0.06986092770	-0.00613515358	0.00372122575
0.06984907379	-0.00626866970	0.00385210070
0.06983718566	-0.00639975218	0.00398120673
0.06982527711	-0.00652839990	0.00410850468
0.06981336455	-0.00665458178	0.00423393735
0.06980146303	-0.00677828060	0.00435745118
0.06978958364	-0.00689951767	0.00447902276
0.06977773919	-0.00701829336	0.00459862572
0.06976594669	-0.00713456457	0.00471619491
0.06975421105	-0.00724840459	0.00483175268
0.06974255091	-0.00735975005	0.00494522912
0.06973097308	-0.00746864926	0.00505662565
0.06971948564	-0.00757513369	0.00516594715
0.06970810421	-0.00767916243	0.00527314249
0.06969683388	-0.00778078890	0.00537822230
0.06968568328	-0.00788003010	0.00548118139
0.06967466043	-0.00797690554	0.00558201728
0.06966377273	-0.00807143715	0.00568072998
0.06965302698	-0.00816364880	0.00577732218
0.06964242939	-0.00825356635	0.00587179899
0.06963198560	-0.00834121750	0.00596416781
0.06962170067	-0.00842663185	0.00605443795
0.06961157912	-0.00850984028	0.00614262108
0.06960162148	-0.00859090307	0.00622875843
0.06959183733	-0.00866980423	0.00631283125
0.06958222843	-0.00874658877	0.00639485863
0.06957278960	-0.00882135341	0.00647491561
0.06956353627	-0.00889402894	0.00655294289
0.06955445694	-0.00896475589	0.00662904250
0.06954556523	-0.00903347581	0.00670316568
0.06953684809	-0.00910033440	0.00677542564
0.06952832124	-0.00916525362	0.00684576055
0.06951997531	-0.00922834556	0.00691424956
0.06951180929	-0.00928965539	0.00698093613
0.06950383073	-0.00934916268	0.00704580243
0.06949603379	-0.00940694513	0.00710890543
0.06948841778	-0.00946303983	0.00717027699
0.06948098057	-0.00951749273	0.00722995825
0.06947372294	-0.00957032650	0.00728797093
0.06946664421	-0.00962157318	0.00734434069
0.06945974115	-0.00967128163	0.00739910819
0.06945301196	-0.00971948857	0.00745230650
0.06944645467	-0.00976623069	0.00750396846
0.06944006717	-0.00981154421	0.00755412710
0.06943384718	-0.00985546518	0.00760281520
0.06942779031	-0.00989804329	0.00765007998
0.06942189672	-0.00993929497	0.00769593980
0.06941616439	-0.00997925096	0.00774042168
0.06941058950	-0.01001795360	0.00778356336
0.06940516926	-0.01005543674	0.00782539655
0.06939989817	-0.01009175221	0.00786597171
0.06939477399	-0.01012692801	0.00790532094
0.06938980092	-0.01016094767	0.00794342936
0.06938497097	-0.01019387721	0.00798035306
0.06938029069	-0.01022568299	0.00801605451
0.06937688200	-0.01024878392	0.00804279928
0.06937390915	-0.01026888787	0.00807191196
0.06937140967	-0.01028575952	0.00810305124
0.06936941529	-0.01029920144	0.00813585203
0.06936795144	-0.01030905632	0.00816992978
0.06936703680	-0.01031520887	0.00820488496
0.06936668311	-0.01031758708	0.00824030775
0.06936689489	-0.01031616315	0.00827578284
0.06936766943	-0.01031095373	0.00831089433
0.06936899680	-0.01030201976	0.00834523056
0.06937086004	-0.01028946579	0.00837838898
0.06937323537	-0.01027343871	0.00840998084
0.06937609262	-0.01025412607	0.00843963574
0.06937939565	-0.01023175392	0.00846700601
0.07011276420	0.00916925692	-0.00482322434
0.07011638835	0.00914150211	-0.00490315494
0.07011886863	0.00912245795	-0.00493544940
0.07012119224	0.00910457992	-0.00495999767
0.07012349117	0.00908685662	-0.00498051246
0.07012577811	0.00906919075	-0.00499846195
0.07012807980	0.00905137558	-0.00501457392
0.07013043105	0.00903313993	-0.00502924368
0.07013279895	0.00901473724	-0.00504280299
0.07013522296	0.00899585887	-0.00505539923
0.07013771001	0.00897644758	-0.00506715765
0.07014023577	0.00895669043	-0.00507821816
0.07014282372	0.00893640070	-0.00508863084
0.07014549108	0.00891543929	-0.00509842778
0.07014821902	0.00889394990	-0.00510768171
0.07015101183	0.00887189472	-0.00511642714
0.07015387969	0.00884918872	-0.00512468067
0.07015682535	0.00882580499	-0.00513246107
0.07015985144	0.00880171702	-0.00513978294
0.07016296051	0.00877689860	-0.00514665678
0.07016615627	0.00875131371	-0.00515308776
0.07016943839	0.00872495802	-0.00515908501
0.07017280827	0.00869781331	-0.00516465362
0.07017627472	0.00866980065	-0.00516978353
0.07017983521	0.00864093207	-0.00517448066
0.07018349233	0.00861117767	-0.00517874213
0.07018724882	0.00858050584	-0.00518256407
0.07019110686	0.00854888854	-0.00518594114
0.07019506865	0.00851629698	-0.00518886795
0.07019913985	0.00848267297	-0.00519133069
0.07020333549	0.00844787920	-0.00519329302
0.07020762369	0.00841216698	-0.00519480662
0.07021202582	0.00837534521	-0.00519583314
0.07021656958	0.00833716579	-0.00519630675
0.07022120223	0.00829805603	-0.00519631649
0.07022597909	0.00825753215	-0.00519575281
0.07023086125	0.00821590556	-0.00519467637
0.07023588688	0.00817283128	-0.00519300235
0.07024101825	0.00812861198	-0.00519079206
0.07024630293	0.00808281523	-0.00518793720
0.07025170133	0.00803575985	-0.00518449866
0.07025723125	0.00798726700	-0.00518043122
0.07026290158	0.00793723114	-0.00517569675
0.07026871025	0.00788564117	-0.00517027644
0.07027464678	0.00783256001	-0.00516417411
0.07028072103	0.00777786781	-0.00515734980
0.07028693318	0.00772152843	-0.00514977922
0.07029328319	0.00766350538	-0.00514143733
0.07029977086	0.00760376180	-0.00513229840
0.07030639571	0.00754226085	-0.00512233500
0.07031315704	0.00747896538	-0.00511151905
0.07032006388	0.00741374354	-0.00509979256
0.07032709919	0.00734670646	-0.00508716146
0.07033426502	0.00727778406	-0.00507358923
0.07034157095	0.00720682818	-0.00505901093
0.07034900734	0.00713387297	-0.00504340411
0.07035656582	0.00705893926	-0.00502675157
0.07036425996	0.00698182616	-0.00500896469
0.07037206845	0.00690267762	-0.00499005141
0.07037999609	0.00682137281	-0.00496994945
0.07038804746	0.00673778531	-0.00494858068
0.07039619907	0.00665207733	-0.00492595554
0.07040445732	0.00656409673	-0.00490199622
0.07041281603	0.00647381768	-0.00487665276
0.07042126853	0.00638121578	-0.00484987396
0.07042980768	0.00628626812	-0.00482160776
0.07043842584	0.00618895321	-0.00479180168
0.07044711489	0.00608925127	-0.00476040259
0.07045586617	0.00598714442	-0.00472735661
0.07046467057	0.00588261664	-0.00469260968
0.07047351842	0.00577565394	-0.00465610757
0.07048240364	0.00566619395	-0.00461777683
0.07049131359	0.00555424934	-0.00457756283
0.07050022951	0.00543990954	-0.00453544814
0.07050915589	0.00532296086	-0.00449130153
0.07051806097	0.00520365776	-0.00444515707
0.07052695194	0.00508173469	-0.00439686561
0.07053579707	0.00495744981	-0.00434646216
0.07054459641	0.00483062042	-0.00429383133
0.07055333108	0.00470132435	-0.00423893898
0.07056198376	0.00456961980	-0.00418175567
0.07057054317	0.00443547226	-0.00412221814
0.07057899390	0.00429890652	-0.00406028149
0.07058732066	0.00415994450	-0.00399590075
0.07059550715	0.00401862504	-0.00392903990
0.07060353648	0.00387499842	-0.00385967189
0.07061139364	0.00372908373	-0.00378775872
0.07061906330	0.00358090433	-0.00371326377
0.07062652798	0.00343052802	-0.00363617106
0.07063377144	0.00327800389	-0.00355646161
0.07064077776	0.00312337857	-0.00347411906
0.07064753094	0.00296670674	-0.00338913288
0.07065401513	0.00280804600	-0.00330149577
0.07066021712	0.00264739379	-0.00321117054
0.07066611640	0.00248494851	-0.00311821749
0.07067170067	0.00232071144	-0.00302262414
0.07067695723	0.00215469095	-0.00292436707
0.07068186828	0.00198707654	-0.00282351265
0.07068642164	0.00181790329	-0.00272007264
0.07069060595	0.00164718163	-0.00261403544
0.07069440521	0.00147514354	-0.00250550359
0.07069781105	0.00130172561	-0.00239444817
0.07070081003	0.00112713686	-0.00228096560
0.07070339326	0.00095139792	-0.00216507654
0.07070555088	0.00077463018	-0.00204684328
0.07070727425	0.00059694624	-0.00192633732
0.07070855621	0.00041839693	-0.00180359699
0.07070938960	0.00023916408	-0.00167873491
0.07070976925	0.00005924138	-0.00155176913
0.07070969031	-0.00012113179	-0.00142284964
0.07070914914	-0.00030200223	-0.00129198213
0.07070814366	-0.00048311128	-0.00115933028
0.07070667193	-0.00066447037	-0.00102493232
0.07070473405	-0.00084590770	-0.00088891098
0.07070233094	-0.00102731537	-0.00075137264
0.07069946339	-0.00120865781	-0.00061237678
0.07069613617	-0.00138971484	-0.00047208807
0.07069235225	-0.00157044907	-0.00033058682
0.07068811600	-0.00175078071	-0.00018796029
0.07068343559	-0.00193052074	-0.00004436581
0.07067831705	-0.00210961492	0.00010010114
0.07067276858	-0.00228795933	0.00024532518
0.07066679878	-0.00246546699	0.00039120297
0.07066041899	-0.00264200020	0.00053759743
0.07065363971	-0.00281747633	0.00068439505
0.07064647254	-0.00299180461	0.00083148028
0.07063893005	-0.00316489150	0.00097873501
0.07063102559	-0.00333664517	0.00112604281
0.07062277316	-0.00350697712	0.00127328743
0.07061418736	-0.00367580198	0.00142035360
0.07060528213	-0.00384306024	0.00156714470
0.07059607539	-0.00400863022	0.00171352712
0.07058658240	-0.00417245266	0.00185939519
0.07057681885	-0.00433446861	0.00200464863
0.07056680033	-0.00449462662	0.00214920219
0.07055654813	-0.00465279404	0.00229290964
0.07054607327	-0.00480900434	0.00243573196
0.07053539988	-0.00496309791	0.00257751230
0.07052453787	-0.00511512812	0.00271822556
0.07051351144	-0.00526494835	0.00285772921
0.07050233433	-0.00541256231	0.00299596102
0.07049102254	-0.00555794188	0.00313285639
0.07047959540	-0.00570101824	0.00326832411
0.07046806946	-0.00584176030	0.00340229107
0.07045646042	-0.00598014728	0.00353469471
0.07044478458	-0.00611615094	0.00366547152
0.07043305785	-0.00624974707	0.00379456173
0.07042129575	-0.00638091548	0.00392190938
0.07040951198	-0.00650965437	0.00404747553
0.07039772280	-0.00663593256	0.00417120389
0.07038594314	-0.00675973257	0.00429304165
0.07037418409	-0.00688107485	0.00441296525
0.07036245835	-0.00699995936	0.00453094851
0.07035078275	-0.00711634336	0.00464692768
0.07033916234	-0.00723029862	0.00476092373
0.07032761548	-0.00734176261	0.00487286859
0.07031614904	-0.00745078262	0.00498276301
0.07030477111	-0.00755738951	0.00509061144
0.07029349711	-0.00766154300	0.00519636412
0.07028233219	-0.00776329558	0.00530003094
0.07027128497	-0.00786266401	0.00540160675
0.07026036342	-0.00795966759	0.00550108902
0.07024957493	-0.00805432800	0.00559847768
0.07023892626	-0.00814666889	0.00569377535
0.07022842364	-0.00823671593	0.00578698701
0.07021807270	-0.00832449659	0.00587811986
0.07020787847	-0.00841004029	0.00596718308
0.07019784549	-0.00849337770	0.00605418810
0.07018797441	-0.00857456850	0.00613917509
0.07017827463	-0.00865359733	0.00622212623
0.07016874797	-0.00873050885	0.00630306015
0.07015938947	-0.00880539868	0.00638204991
0.07015021423	-0.00887819915	0.00645903851
0.07014121113	-0.00894904899	0.00653412502
0.07013239348	-0.00901789119	0.00660726273
0.07012374862	-0.00908486963	0.00667856162
0.07011529192	-0.00914990800	0.00674796240
0.07010701427	-0.00921311713	0.00681554205
0.07009891473	-0.00927454203	0.00688134327
0.07009100067	-0.00933416313	0.00694534931
0.07008326643	-0.00939205744	0.00700761578
0.07007571135	-0.00944826203	0.00706817411
0.07006833334	-0.00950282269	0.00712706472
0.07006113319	-0.00955576230	0.00718430923
0.07005411021	-0.00960711296	0.00723993305
0.07004726125	-0.00965692333	0.00729397612
0.07004058456	-0.00970523012	0.00734647102
0.07003407818	-0.00975207001	0.00739745016
0.07002774006	-0.00979747923	0.00744694612
0.07002156794	-0.00984149381	0.00749499122
0.07001555751	-0.00988416325	0.00754163181
0.07000970891	-0.00992550428	0.00758688629
0.07000402014	-0.00996554768	0.00763078137
0.06999848744	-0.01000433571	0.00767335416
0.06999310807	-0.01004190220	0.00771463593
0.06998787660	-0.01007829873	0.00775467618
0.06998279084	-0.01011355341	0.00779350661
0.06997785483	-0.01014765050	0.00783111331
0.06997306074	-0.01018065552	0.00786755109
0.06996841494	-0.01021253581	0.00790278401
0.06996505937	-0.01023549919	0.00792897469
0.06996212676	-0.01025552511	0.00795752098
0.06995965411	-0.01027237916	0.00798808821
0.06995767275	-0.01028586409	0.00802031800
0.06995620790	-0.01029582209	0.00805383249
0.06995527827	-0.01030213663	0.00808823875
0.06995489574	-0.01030473383	0.00812313340
0.06995506521	-0.01030358329	0.00815810733
0.06995578451	-0.01029869849	0.00819275051
0.06995704443	-0.01029013658	0.00822665677
0.06995882889	-0.01027799774	0.00825942860
0.06996111513	-0.01026242402	0.00829068177
0.06996387413	-0.01024359769	0.00832004987
0.06996707102	-0.01022173909	0.00834718859
0.07069169889	0.00913736373	-0.00475190553
0.07069521879	0.00911009042	-0.00483076354
0.07069763865	0.00909129236	-0.00486263234
0.07069990873	0.00907362185	-0.00488686000
0.07070215628	0.00905609213	-0.00490710996
0.07070439345	0.00903860908	-0.00492482972
0.07070664603	0.00902097080	-0.00494073736
0.07070894769	0.00900291195	-0.00495522357
0.07071126657	0.00898468069	-0.00496861429
0.07071364087	0.00896597474	-0.00498105597
0.07071607729	0.00894673793	-0.00499267221
0.07071855233	0.00892715320	-0.00500360014
0.07072108872	0.00890703754	-0.00501388980
0.07072370316	0.00888625452	-0.00502357330
0.07072637744	0.00886494456	-0.00503272169
0.07072911575	0.00884307035	-0.00504136908
0.07073192797	0.00882054833	-0.00504953210
0.07073481680	0.00879735186	-0.00505722929
0.07073778482	0.00877345465	-0.00506447508
0.07074083453	0.00874883067	-0.00507127985
0.07074396954	0.00872344432	-0.00507764875
0.07074718961	0.00869729097	-0.00508359074
0.07075049609	0.00867035240	-0.00508911080
0.07075389757	0.00864255095	-0.00509419929
0.07075739162	0.00861389796	-0.00509886188
0.07076098082	0.00858436375	-0.00510309577
0.07076466783	0.00855391693	-0.00510689719
0.07076845481	0.00852252960	-0.00511026088
0.07077234395	0.00849017312	-0.00511318156
0.07077634075	0.00845679003	-0.00511564576
0.07078045980	0.00842224540	-0.00511761819
0.07078467029	0.00838678480	-0.00511914850
0.07078899295	0.00835022062	-0.00512019966
0.07079345464	0.00831230939	-0.00512070778
0.07079800434	0.00827346897	-0.00512075855
0.07080269565	0.00823322514	-0.00512024608
0.07080749094	0.00819188225	-0.00511922857
0.07081242720	0.00814910192	-0.00511762392
0.07081746794	0.00810517995	-0.00511549095
0.07082265928	0.00805969231	-0.00511272486
0.07082796292	0.00801295056	-0.00510938397
0.07083339610	0.00796477898	-0.00510542441
0.07083896751	0.00791507357	-0.00510080896
0.07084467516	0.00786382282	-0.00509551897
0.07085050894	0.00781108769	-0.00508955772
0.07085647842	0.00775675015	-0.00508288624
0.07086258382	0.00770077413	-0.00507548062
0.07086882513	0.00764312321	-0.00506731616
0.07087520217	0.00758376059	-0.00505836751
0.07088171451	0.00752264949	-0.00504860763
0.07088836149	0.00745975283	-0.00503800886
0.07089515187	0.00739494072	-0.00502651453
0.07090206918	0.00732832129	-0.00501412970
0.07090911539	0.00725982518	-0.00500081853
0.07091629981	0.00718930652	-0.00498651762
0.07092361309	0.00711679802	-0.00497120446
0.07093104712	0.00704231932	-0.00495486175
0.07093861507	0.00696567292	-0.00493740306
0.07094629625	0.00688699905	-0.00491883518
0.07095409530	0.00680617860	-0.00489909720
0.07096201666	0.00672308699	-0.00487811265
0.07097003752	0.00663788236	-0.00485589062
0.07097816405	0.00655041492	-0.00483235511
0.07098639023	0.00646065862	-0.00480745681
0.07099470955	0.00636858886	-0.00478114519
0.07100311502	0.00627418242	-0.00475336887
0.07101159919	0.00617741755	-0.00472407605
0.07102015412	0.00607827418	-0.00469321426
0.07102877133	0.00597673408	-0.00466073032
0.07103744190	0.00587278090	-0.00462657084
0.07104615637	0.00576640028	-0.00459068228
0.07105490874	0.00565753046	-0.00455299245
0.07106368664	0.00554618326	-0.00451344727
0.07107247175	0.00543244572	-0.00447202878
0.07108126831	0.00531610790	-0.00442860894
0.07109004534	0.00519741863	-0.00438321942
0.07109880971	0.00507611718	-0.00433571496
0.07110753044	0.00495245612	-0.00428612811
0.07111620744	0.00482625596	-0.00423434635
0.07112482219	0.00469759263	-0.00418033539
0.07113335769	0.00456652282	-0.00412406570
0.07114180282	0.00443301245	-0.00406547516
0.07115014240	0.00429708560	-0.00400451931
0.07115836137	0.00415876356	-0.00394115366
0.07116644368	0.00401808428	-0.00387534243
0.07117437271	0.00387509701	-0.00380705864
0.07118213362	0.00372982044	-0.00373626472
0.07118971130	0.00358227756	-0.00366292456
0.07119708850	0.00343253494	-0.00358702196
0.07120424919	0.00328064092	-0.00350853800
0.07121117764	0.00312664148	-0.00342745638
0.07121785801	0.00297059059	-0.00334376650
0.07122427464	0.00281254511	-0.00325746095
0.07123041440	0.00265250301	-0.00316850343
0.07123625708	0.00249065942	-0.00307695203
0.07124179043	0.00232701623	-0.00298279479
0.07124700183	0.00216158235	-0.00288600903
0.07125187366	0.00199454442	-0.00278665895
0.07125639381	0.00182593773	-0.00268475631
0.07126055095	0.00165577341	-0.00258029018
0.07126432923	0.00148428007	-0.00247336009
0.07126772023	0.00131139658	-0.00236393876
0.07127071060	0.00113732916	-0.00225212000
0.07127329144	0.00096209930	-0.00213792466
0.07127545288	0.00078582741	-0.00202141378
0.07127718627	0.00060862535	-0.00190265756
0.07127848440	0.00043054442	-0.00178169415
0.07127934008	0.00025176459	-0.00165863365
0.07127974806	0.00007228122	-0.00153349487
0.07127970339	-0.00010766911	-0.00140642423
0.07127920235	-0.00028813067	-0.00127742880
0.07127824275	-0.00046884782	-0.00114666836
0.07127682252	-0.00064983002	-0.00101418173
0.07127494161	-0.00083090678	-0.00088008926
0.07127260079	-0.00101197033	-0.00074449577
0.07126980074	-0.00119298385	-0.00060746070
0.07126654598	-0.00137372923	-0.00046914520
0.07126283933	-0.00155416780	-0.00032962920
0.07125868502	-0.00173421928	-0.00018899909
0.07125409094	-0.00191369604	-0.00004740913
0.07124906296	-0.00209254285	0.00009504597
0.07124360905	-0.00227065564	0.00023825237
0.07123773763	-0.00244794699	0.00038210792
0.07123145979	-0.00262427970	0.00052647779
0.07122478580	-0.00279957061	0.00067124979
0.07121772705	-0.00297372859	0.00081630984
0.07121029588	-0.00314665984	0.00096154135
0.07120250541	-0.00331827223	0.00110682942
0.07119436941	-0.00348847692	0.00125205929
0.07118590227	-0.00365718822	0.00139711716
0.07117711772	-0.00382434587	0.00154190734
0.07116803339	-0.00398982852	0.00168629842
0.07115866435	-0.00415357623	0.00183018590
0.07114902609	-0.00431552942	0.00197347058
0.07113913403	-0.00447563594	0.00211606800
0.07112900913	-0.00463376386	0.00225783463
0.07111866238	-0.00478994459	0.00239873070
0.07110811751	-0.00494401983	0.00253860258
0.07109738446	-0.00509604068	0.00267742408
0.07108648706	-0.00524586173	0.00281505565
0.07107543896	-0.00539348538	0.00295143516
0.07106425602	-0.00553888285	0.00308649858
0.07105295736	-0.00568198539	0.00322015614
0.07104155937	-0.00582276141	0.00335233558
0.07103007762	-0.00596118953	0.00348297493
0.07101852828	-0.00609724110	0.00361201140
0.07100692712	-0.00623089153	0.00373938594
0.07099528952	-0.00636212020	0.00386504321
0.07098362913	-0.00649092469	0.00398894450
0.07097196204	-0.00661727375	0.00411103435
0.07096030305	-0.00674114963	0.00423126072
0.07094866323	-0.00686257196	0.00434959988
0.07093705521	-0.00698154034	0.00446602585
0.07092549561	-0.00709801236	0.00458047623
0.07091398961	-0.00721205834	0.00469297068
0.07090255530	-0.00732361655	0.00480344284
0.07089119961	-0.00743273334	0.00491189289
0.07087993064	-0.00753943897	0.00501832483
0.07086876360	-0.00764369374	0.00512269022
0.07085770370	-0.00774554927	0.00522499827
0.07084675953	-0.00784502211	0.00532524383
0.07083593903	-0.00794213132	0.00542342434
0.07082524954	-0.00803689837	0.00551953968
0.07081469784	-0.00812934670	0.00561359238
0.07080429011	-0.00821950176	0.00570558727
0.07079403199	-0.00830739085	0.00579553144
0.07078392850	-0.00839304316	0.00588343386
0.07077398419	-0.00847648921	0.00596930576
0.07076419978	-0.00855778807	0.00605318633
0.07075458455	-0.00863692499	0.00613505859
0.07074514035	-0.00871394429	0.00621494077
0.07073586242	-0.00878894052	0.00629290402
0.07072676556	-0.00886184749	0.00636889352
0.07071783899	-0.00893280224	0.00644300554
0.07070909575	-0.00900174906	0.00651519528
0.07070052353	-0.00906883012	0.00658556972
0.07069213737	-0.00913397078	0.00665407191
0.07068392842	-0.00919728063	0.00672077679
0.07067589579	-0.00925880454	0.00678572633
0.07066804669	-0.00931852375	0.00684890480
0.07066037561	-0.00937651460	0.00691036653
0.07065288193	-0.00943281413	0.00697014252
0.07064556362	-0.00948746798	0.00702827250
0.07063842143	-0.00954049923	0.00708477801
0.07063145471	-0.00959194003	0.00713968421
0.07062466036	-0.00964183884	0.00719303031
0.07061803668	-0.00969023234	0.00724484849
0.07061158175	-0.00973715723	0.00729517070
0.07060529352	-0.00978264970	0.00734402910
0.07059916979	-0.00982674580	0.00739145556
0.07059320633	-0.00986949480	0.00743749562
0.07058740324	-0.00991091373	0.00748216769
0.07058175856	-0.00995103343	0.00752549818
0.07057626857	-0.00998989602	0.00756752362
0.07057093058	-0.01002753536	0.00760827485
0.07056573925	-0.01006400275	0.00764780042
0.07056069241	-0.01009932640	0.00768613169
0.07055579396	-0.01013349130	0.00772325563
0.07055103625	-0.01016656246	0.00775922586
0.07054642542	-0.01019850813	0.00779400792
0.07054312197	-0.01022133310	0.00781966965
0.07054022925	-0.01024127748	0.00784767449
0.07053778372	-0.01025810781	0.00787769408
0.07053581632	-0.01027162709	0.00790937649
0.07053435208	-0.01028167712	0.00794235026
0.07053340965	-0.01028814027	0.00797622881
0.07053300109	-0.01029094093	0.00801061495
0.07053313161	-0.01029004632	0.00804510552
0.07053379954	-0.01028546690	0.00807929615
0.07053499636	-0.01027725626	0.00811278600
0.07053670677	-0.01026551049	0.00814518242
0.07053890900	-0.01025036705	0.00817610560
0.07054157511	-0.01023200316	0.00820519298
0.07054467142	-0.01021063377	0.00823210356
0.07128064656	0.00910476461	-0.00468100512
0.07128406427	0.00907796745	-0.00475879513
0.07128642467	0.00905941339	-0.00479024008
0.07128864197	0.00904194885	-0.00481414850
0.07129083884	0.00902461138	-0.00483413473
0.07129302686	0.00900731003	-0.00485162569
0.07129523092	0.00898984764	-0.00486732985
0.07129748357	0.00897196465	-0.00488163323
0.07129975397	0.00895390397	-0.00489485603
0.07130207908	0.00893536966	-0.00490714373
0.07130446543	0.00891630656	-0.00491861833
0.07130689025	0.00889689358	-0.00492941417
0.07130937559	0.00887695135	-0.00493958123
0.07131193762	0.00885634608	-0.00494915166
0.07131455875	0.00883521494	-0.00495819486
0.07131724306	0.00881352114	-0.00496674452
0.07132000015	0.00879118259	-0.00497481728
0.07132283265	0.00876817287	-0.00498243148
0.07132574310	0.00874446593	-0.00498960135
0.07132873394	0.00872003594	-0.00499633717
0.07133180873	0.00869484768	-0.00500264409
0.07133496723	0.00866889626	-0.00500853085
0.07133821082	0.00864216345	-0.00501400237
0.07134154783	0.00861457283	-0.00501904938
0.07134497597	0.00858613509	-0.00502367734
0.07134849775	0.00855682076	-0.00502788352
0.07135211579	0.00852659866	-0.00503166423
0.07135583223	0.00849544105	-0.00503501432
0.07135964922	0.00846331940	-0.00503792859
0.07136357213	0.00843017703	-0.00504039393
0.07136761513	0.00839588131	-0.00504237603
0.07137174842	0.00836067219	-0.00504392263
0.07137599212	0.00832436548	-0.00504499794
0.07138037228	0.00828672228	-0.00504554000
0.07138483953	0.00824815118	-0.00504563119
0.07138944581	0.00820818734	-0.00504516922
0.07139415473	0.00816712816	-0.00504420992
0.07139900215	0.00812464178	-0.00504267380
0.07140395278	0.00808101725	-0.00504061729
0.07140905130	0.00803583877	-0.00503793899
0.07141426067	0.00798941081	-0.00503469472
0.07141959763	0.00794156069	-0.00503084193
0.07142507062	0.00789218596	-0.00502634429
0.07143067775	0.00784127469	-0.00502118334
0.07143640926	0.00778888592	-0.00501536179
0.07144227447	0.00773490342	-0.00500884171
0.07144827359	0.00767929119	-0.00500159949
0.07145440667	0.00762201289	-0.00499361081
0.07146067354	0.00756303179	-0.00498485069
0.07146707382	0.00750231116	-0.00497529248
0.07147360688	0.00743981399	-0.00496490892
0.07148028123	0.00737541235	-0.00495364466
0.07148708094	0.00730921141	-0.00494150391
0.07149400791	0.00724114250	-0.00492845149
0.07150107119	0.00717106205	-0.00491442554
0.07150826171	0.00709900133	-0.00489940346
0.07151557162	0.00702497885	-0.00488336788
0.07152301368	0.00694880040	-0.00486623454
0.07153056782	0.00687060260	-0.00484800910
0.07153823853	0.00679026802	-0.00482863198
0.07154603010	0.00670767390	-0.00480802835
0.07155392039	0.00662297436	-0.00478620601
0.07156191535	0.00653602197	-0.00476309071
0.07157000912	0.00644679047	-0.00473863382
0.07157819533	0.00635525500	-0.00471278545
0.07158646717	0.00626139212	-0.00468549491
0.07159481734	0.00616517980	-0.00465671106
0.07160323809	0.00606659766	-0.00462638212
0.07161172114	0.00596562718	-0.00459445557
0.07162025773	0.00586225167	-0.00456087871
0.07162883862	0.00575645640	-0.00452559866
0.07163745789	0.00564818025	-0.00448854452
0.07164610342	0.00553743416	-0.00444966273
0.07165475735	0.00542430288	-0.00440893482
0.07166342365	0.00530858011	-0.00436623590
0.07167207215	0.00519050918	-0.00432159529
0.07168070936	0.00506983409	-0.00427487156
0.07168930508	0.00494680191	-0.00422609486
0.07169785905	0.00482123634	-0.00417515547
0.07170635313	0.00469321139	-0.00412201899
0.07171477065	0.00456278234	-0.00406665583
0.07172310061	0.00442991549	-0.00400900497
0.07173132809	0.00429463421	-0.00394902238
0.07173943827	0.00415695919	-0.00388666406
0.07174741532	0.00401692753	-0.00382189449
0.07175524291	0.00387458743	-0.00375468673
0.07176290638	0.00372995721	-0.00368500371
0.07177039081	0.00358305946	-0.00361280973
0.07177767922	0.00343395959	-0.00353808846
0.07178475576	0.00328270516	-0.00346082102
0.07179160490	0.00312934154	-0.00338099115
0.07179821099	0.00297392196	-0.00329858821
0.07180455853	0.00281650258	-0.00321360468
0.07181063451	0.00265708189	-0.00312600514
0.07181641899	0.00249585176	-0.00303584551
0.07182189978	0.00233281472	-0.00294311434
0.07182706436	0.00216798016	-0.00284778966
0.07183189530	0.00200153193	-0.00274993355
0.07183638055	0.00183350551	-0.00264955780
0.07184050882	0.00166391273	-0.00254665208
0.07184426440	0.00149297885	-0.00244131301
0.07184763886	0.00132064497	-0.00233351490
0.07185061893	0.00114711458	-0.00222334896
0.07185319569	0.00097240996	-0.00211083626
0.07185535930	0.00079665056	-0.00199603659
0.07185710109	0.00061994750	-0.00187901887
0.07185841382	0.00044235254	-0.00175982104
0.07185929024	0.00026404381	-0.00163855076
0.07185972505	0.00008501828	-0.00151522753
0.07185971322	-0.00009449024	-0.00138999428
0.07185925097	-0.00027452353	-0.00126285941
0.07185833593	-0.00045482896	-0.00113397886
0.07185696599	-0.00063541404	-0.00100339202
0.07185514093	-0.00081610962	-0.00087121688
0.07185286136	-0.00099680802	-0.00073755672
0.07185012786	-0.00117747126	-0.00060247091
0.07184694472	-0.00135788327	-0.00046611713
0.07184331462	-0.00153800414	-0.00032857493
0.07183924162	-0.00171775311	-0.00018992980
0.07183473335	-0.00189694397	-0.00005033300
0.07182979554	-0.00207552049	0.00009012155
0.07182443594	-0.00225337849	0.00023132154
0.07181866277	-0.00243043016	0.00037316603
0.07181248685	-0.00260653877	0.00051552238
0.07180591827	-0.00278162067	0.00065827976
0.07179896819	-0.00295558442	0.00080132552
0.07179164873	-0.00312833594	0.00094454461
0.07178397276	-0.00329978284	0.00108782363
0.07177595385	-0.00346983599	0.00123104931
0.07176760613	-0.00363840937	0.00137410932
0.07175894316	-0.00380544197	0.00151690891
0.07174998228	-0.00397081285	0.00165931886
0.07174073837	-0.00413446139	0.00180123580
0.07173122670	-0.00429632738	0.00194256164
0.07172146252	-0.00445635802	0.00208321270
0.07171146646	-0.00461442209	0.00222304813
0.07170124946	-0.00477054900	0.00236202743
0.07169083489	-0.00492458174	0.00250000018
0.07168023268	-0.00507656920	0.00263693911
0.07166946629	-0.00522636716	0.00277270759
0.07165854929	-0.00537397675	0.00290724367
0.07164749740	-0.00551936853	0.00304048383
0.07163632949	-0.00566247386	0.00317233978
0.07162506180	-0.00580326065	0.00330274006
0.07161370980	-0.00594170694	0.00343162332
0.07160228947	-0.00607778370	0.00355892750
0.07159081648	-0.00621146592	0.00368459423
0.07157930606	-0.00634273262	0.00380856883
0.07156777176	-0.00647158076	0.00393081279
0.07155622954	-0.00659797900	0.00405127153
0.07154469405	-0.00672190935	0.00416989370
0.07153317634	-0.00684339066	0.00428665547
0.07152168895	-0.00696242214	0.00440153105
0.07151024831	-0.00707896171	0.00451445934
0.07149885969	-0.00719307828	0.00462545875
0.07148754095	-0.00730471091	0.00473446461
0.07147629904	-0.00741390501	0.00484147653
0.07146514207	-0.00752069025	0.00494649809
0.07145408503	-0.00762502752	0.00504948211
0.07144313322	-0.00772696758	0.00515043716
0.07143229516	-0.00782652675	0.00524935809
0.07142157876	-0.00792372387	0.00534624233
0.07141099134	-0.00801858018	0.00544108969
0.07140053965	-0.00811111894	0.00553390260
0.07139022985	-0.00820136537	0.00562468578
0.07138006757	-0.00828934658	0.00571344617
0.07137005782	-0.00837509157	0.00580019255
0.07136020516	-0.00845863067	0.00588493597
0.07135051037	-0.00854002235	0.00596771463
0.07134098261	-0.00861925247	0.00604851239
0.07133162376	-0.00869636501	0.00612734706
0.07132242927	-0.00877145346	0.00620428795
0.07131341362	-0.00884445309	0.00627928233
0.07130456638	-0.00891549922	0.00635242376
0.07129590029	-0.00898453750	0.00642366929
0.07128740344	-0.00905170834	0.00649312294
0.07127909048	-0.00911693877	0.00656073009
0.07127095286	-0.00918033716	0.00662656363
0.07126298973	-0.00924194821	0.00669066484
0.07125520813	-0.00930175397	0.00675301897
0.07124760271	-0.00935983012	0.00681367908
0.07124017289	-0.00941621365	0.00687267576
0.07123291667	-0.00947095005	0.00693004806
0.07122583481	-0.00952406260	0.00698581742
0.07121892665	-0.00957558347	0.00704000874
0.07121218919	-0.00962556093	0.00709266055
0.07120562073	-0.00967403165	0.00714380458
0.07119921940	-0.00972103230	0.00719347237
0.07119298319	-0.00976659905	0.00724169562
0.07118690992	-0.00981076796	0.00728850579
0.07118099546	-0.00985358808	0.00733394759
0.07117523986	-0.00989507670	0.00737803944
0.07116964119	-0.00993526474	0.00742080747
0.07116419580	-0.00997419417	0.00746228760
0.07115890102	-0.01001189886	0.00750251026
0.07115375162	-0.01004842985	0.00754152309
0.07114874545	-0.01008381543	0.00757935706
0.07114388626	-0.01011804130	0.00761600003
0.07113916657	-0.01015117196	0.00765150443
0.07113459233	-0.01018317661	0.00768583724
0.07113134175	-0.01020585782	0.00771097612
0.07112848987	-0.01022571471	0.00773844496
0.07112607259	-0.01024251484	0.00776792171
0.07112412048	-0.01025606156	0.00779906079
0.07112265831	-0.01026619631	0.00783149712
0.07112170472	-0.01027280050	0.00786485041
0.07112127187	-0.01027579684	0.00789872962
0.07112136528	-0.01027515026	0.00793273756
0.07112198378	-0.01027086832	0.00796647550
0.07112311945	-0.01026300115	0.00799954791
0.07112475781	-0.01025164080	0.00803156705
0.07112687802	-0.01023692023	0.00806215750
0.07112945320	-0.01021901172	0.00809096064
0.07113245083	-0.01019812493	0.00811763876
0.07186944916	0.00907204346	-0.00461173430
0.07187276844	0.00904570909	-0.00468847928
0.07187507131	0.00902739277	-0.00471950947
0.07187723748	0.00901012915	-0.00474310549
0.07187938521	0.00899297935	-0.00476283363
0.07188152554	0.00897585549	-0.00478010068
0.07188368249	0.00895856500	-0.00479560569
0.07188588754	0.00894085391	-0.00480973011
0.07188811083	0.00892296010	-0.00482278856
0.07189038814	0.00890459370	-0.00483492554
0.07189272579	0.00888570059	-0.00484626146
0.07189510177	0.00886645574	-0.00485692797
0.07189753744	0.00884668334	-0.00486697499
0.07190004846	0.00882625212	-0.00487643469
0.07190261786	0.00880529616	-0.00488537485
0.07190524960	0.00878377914	-0.00489382876
0.07190795300	0.00876162038	-0.00490181309
0.07191073063	0.00873879372	-0.00490934595
0.07191358500	0.00871527331	-0.00491644140
0.07191651849	0.00869103353	-0.00492310960
0.07191953458	0.00866603953	-0.00492935569
0.07192263309	0.00864028617	-0.00493518824
0.07192581537	0.00861375521	-0.00494061208
0.07192908953	0.00858637144	-0.00494561830
0.07193245339	0.00855814492	-0.00495021216
0.07193590942	0.00852904637	-0.00495439098
0.07193946019	0.00849904486	-0.00495815118
0.07194310782	0.00846811275	-0.00496148769
0.07194685441	0.00843622170	-0.00496439542
0.07195070522	0.00840331568	-0.00496686157
0.07195467399	0.00836926439	-0.00496885281
0.07195873193	0.00833430229	-0.00497041501
0.07196289855	0.00829824852	-0.00497151360
0.07196719910	0.00826086861	-0.00497208846
0.07197158583	0.00822256216	-0.00497221882
0.07197610908	0.00818287342	-0.00497180584
0.07198073364	0.00814209309	-0.00497090304
0.07198549428	0.00809989563	-0.00496943348
0.07199035686	0.00805656350	-0.00496745129
0.07199536468	0.00801168895	-0.00496485834
0.07200048193	0.00796556953	-0.00496170804
0.07200572483	0.00791803555	-0.00495795913
0.07201110161	0.00786898602	-0.00495357615
0.07201661046	0.00781840865	-0.00494854077
0.07202224197	0.00776636061	-0.00494285523
0.07202800519	0.00771272742	-0.00493648253
0.07203390036	0.00765747316	-0.00492939942
0.07203992754	0.00760056154	-0.00492158191
0.07204608661	0.00754195594	-0.00491300541
0.07205237722	0.00748161967	-0.00490364362
0.07205879878	0.00741951578	-0.00489346969
0.07206535955	0.00735551826	-0.00488242954
0.07207204410	0.00728972942	-0.00487052656
0.07207885430	0.00722208128	-0.00485772623
0.07208579892	0.00715243246	-0.00484396815
0.07209286917	0.00708081287	-0.00482922967
0.07210005745	0.00700723991	-0.00481349336
0.07210737611	0.00693152261	-0.00479667701
0.07211480571	0.00685379403	-0.00477878525
0.07212235058	0.00677393844	-0.00475975978
0.07213001485	0.00669183479	-0.00473952734
0.07213777704	0.00660763338	-0.00471809450
0.07214564290	0.00652118901	-0.00469538873
0.07215360669	0.00643247523	-0.00467136202
0.07216166221	0.00634146698	-0.00464596515
0.07216980279	0.00624814056	-0.00461914807
0.07217802133	0.00615247370	-0.00459086030
0.07218631022	0.00605444574	-0.00456105072
0.07219466136	0.00595403786	-0.00452966748
0.07220306619	0.00585123304	-0.00449665854
0.07221151565	0.00574601623	-0.00446197168
0.07222000391	0.00563832691	-0.00442553723
0.07222851912	0.00552817520	-0.00438730215
0.07223704382	0.00541564358	-0.00434724750
0.07224558176	0.00530052935	-0.00430525142
0.07225410353	0.00518307047	-0.00426134101
0.07226261529	0.00506301556	-0.00421537849
0.07227108761	0.00494060634	-0.00416739174
0.07227952007	0.00481566961	-0.00411727375
0.07228789490	0.00468827755	-0.00406499002
0.07229619574	0.00455848402	-0.00401051090
0.07230441173	0.00442625574	-0.00395377644
0.07231252819	0.00429161540	-0.00389474304
0.07232053052	0.00415458309	-0.00383336720
0.07232840316	0.00401519508	-0.00376961362
0.07233613001	0.00387349857	-0.00370345545
0.07234369661	0.00372951152	-0.00363485606
0.07235108825	0.00358325615	-0.00356378019
0.07235828817	0.00343479670	-0.00349021138
0.07236528074	0.00328418004	-0.00341413078
0.07237205062	0.00313145088	-0.00333552221
0.07237858233	0.00297666177	-0.00325437496
0.07238486057	0.00281986819	-0.00317068142
0.07239087240	0.00266106911	-0.00308440701
0.07239659819	0.00250045327	-0.00299560556
0.07240202580	0.00233802377	-0.00290426614
0.07240714281	0.00217379053	-0.00281036742
0.07241193199	0.00200793463	-0.00271396948
0.07241638134	0.00184049174	-0.00261508410
0.07242047963	0.00167147437	-0.00251370155
0.07242421129	0.00150110452	-0.00240991564
0.07242756788	0.00132932546	-0.00230370217
0.07243053623	0.00115633798	-0.00219514988
0.07243310740	0.00098216518	-0.00208428002
0.07243527157	0.00080692552	-0.00197115119
0.07243702007	0.00063072941	-0.00185583104
0.07243834562	0.00045362906	-0.00173835733
0.07243924095	0.00027580076	-0.00161883533
0.07243970071	0.00009724306	-0.00149728520
0.07243971978	-0.00008181292	-0.00137384649
0.07243929433	-0.00026140659	-0.00124852887
0.07243842185	-0.00044128824	-0.00112148456
0.07243710015	-0.00062146349	-0.00099275350
0.07243532888	-0.00080176453	-0.00086245137
0.07243310850	-0.00098208379	-0.00073067996
0.07243043948	-0.00116238214	-0.00059749852
0.07242732589	-0.00134244554	-0.00046306143
0.07242377029	-0.00152223288	-0.00032744780
0.07241977657	-0.00170166296	-0.00019074225
0.07241535213	-0.00188055097	-0.00005309312
0.07241050252	-0.00205883971	0.00008540642
0.07240523530	-0.00223642494	0.00022464561
0.07239955851	-0.00241321846	0.00036452464
0.07239348272	-0.00258908403	0.00050491305
0.07238701779	-0.00276393755	0.00064570131
0.07238017470	-0.00293768727	0.00078677820
0.07237296532	-0.00311023890	0.00092803015
0.07236540233	-0.00328149978	0.00106934524
0.07235749905	-0.00345138052	0.00121061167
0.07234926939	-0.00361979480	0.00135171852
0.07234072673	-0.00378668093	0.00149257200
0.07233188811	-0.00395191834	0.00163304498
0.07232276821	-0.00411544578	0.00177303524
0.07231338213	-0.00427720247	0.00191244576
0.07230374492	-0.00443713496	0.00205119366
0.07229387688	-0.00459511276	0.00218914065
0.07228378893	-0.00475116333	0.00232624558
0.07227350404	-0.00490513095	0.00246236111
0.07226303215	-0.00505706235	0.00259745897
0.07225239635	-0.00520681452	0.00273140538
0.07224161012	-0.00535438732	0.00286413853
0.07223068903	-0.00549975073	0.00299559545
0.07221965173	-0.00564283618	0.00312568926
0.07220851430	-0.00578361114	0.00325434932
0.07219729208	-0.00592205308	0.00338151486
0.07218600089	-0.00605813260	0.00350712456
0.07217465627	-0.00619182433	0.00363112071
0.07216327331	-0.00632310691	0.00375344927
0.07215186548	-0.00645197671	0.00387407194
0.07214044856	-0.00657840233	0.00399293498
0.07212903709	-0.00670236554	0.00410998774
0.07211764207	-0.00682388442	0.00422520629
0.07210627596	-0.00694295781	0.00433856503
0.07209495499	-0.00705954399	0.00445000412
0.07208368452	-0.00717371047	0.00455954078
0.07207248216	-0.00728539709	0.00466711196
0.07206135491	-0.00739464833	0.00477271672
0.07205031085	-0.00750149332	0.00487635825
0.07203936479	-0.00760589351	0.00497799059
0.07202852207	-0.00770789881	0.00507762171
0.07201779116	-0.00780752534	0.00517524644
0.07200717995	-0.00790479171	0.00527086219
0.07199669570	-0.00799971896	0.00536446872
0.07198634516	-0.00809233012	0.00545606837
0.07197613445	-0.00818265024	0.00554566575
0.07196606919	-0.00827070622	0.00563326763
0.07195615439	-0.00835652686	0.00571888266
0.07194639458	-0.00844014232	0.00580252165
0.07193679066	-0.00852161050	0.00588422189
0.07192735160	-0.00860091781	0.00596396802
0.07191807936	-0.00867810793	0.00604177746
0.07190896956	-0.00875327327	0.00611771773
0.07190003638	-0.00882635057	0.00619173812
0.07189126972	-0.00889747344	0.00626392958
0.07188268206	-0.00896658886	0.00633425091
0.07187426182	-0.00903383552	0.00640280332
0.07186602333	-0.00909914207	0.00646953436
0.07185795829	-0.00916261568	0.00653451502
0.07185006589	-0.00922430088	0.00659778585
0.07184235302	-0.00928418053	0.00665933306
0.07183481449	-0.00934232961	0.00671920850
0.07182744973	-0.00939878511	0.00677744232
0.07182025681	-0.00945359234	0.00683407294
0.07181323645	-0.00950677476	0.00688912169
0.07180638803	-0.00955836459	0.00694261320
0.07179970860	-0.00960840989	0.00699458535
0.07179319651	-0.00965694730	0.00704506944
0.07178684990	-0.00970401346	0.00709409657
0.07178066680	-0.00974964455	0.00714169805
0.07177464509	-0.00979387659	0.00718790489
0.07176878068	-0.00983675841	0.00723276101
0.07176307362	-0.00987830759	0.00727628484
0.07175752198	-0.00991855508	0.00731850222
0.07175212219	-0.00995754272	0.00735944848
0.07174687161	-0.00999530438	0.00739915367
0.07174176512	-0.01003189084	0.00743766452
0.07173680055	-0.01006733046	0.00747501162
0.07173198156	-0.01010160965	0.00751118370
0.07172730079	-0.01013479239	0.00754623203
0.07172276404	-0.01016684879	0.00758012495
0.07171956607	-0.01018938363	0.00760475592
0.07171675519	-0.01020914889	0.00763170337
0.07171436673	-0.01022591316	0.00766065134
0.07171243087	-0.01023948021	0.00769126046
0.07171097214	-0.01024969125	0.00772317187
0.07171000910	-0.01025642677	0.00775601142
0.07170955404	-0.01025960793	0.00778939411
0.07170961276	-0.01025919751	0.00782292856
0.07171018451	-0.01025520032	0.00785622160
0.07171126199	-0.01024766313	0.00788888290
0.07171283147	-0.01023667415	0.00792052954
0.07171487301	-0.01022236200	0.00795079049
0.07171736073	-0.01020489420	0.00797931098
0.07172026325	-0.01018447522	0.00800575661
0.07244795891	0.00903979050	-0.00454519516
0.07245118493	0.00901389838	-0.00462093486
0.07245343310	0.00899580984	-0.00465156604
0.07245555057	0.00897873895	-0.00467486154
0.07245765145	0.00896176926	-0.00469434138
0.07245974628	0.00894481586	-0.00471139301
0.07246185827	0.00892769054	-0.00472670642
0.07246401786	0.00891014468	-0.00474065862
0.07246619614	0.00889241133	-0.00475355894
0.07246842776	0.00887420646	-0.00476555088
0.07247071885	0.00885547688	-0.00477675332
0.07247304813	0.00883639388	-0.00478729536
0.07247543629	0.00881678498	-0.00479722685
0.07247789852	0.00879652135	-0.00480657993
0.07248041841	0.00877573409	-0.00481542087
0.07248299983	0.00875438737	-0.00482378259
0.07248565182	0.00873240185	-0.00483168174
0.07248837692	0.00870975160	-0.00483913624
0.07249117758	0.00868641098	-0.00484615998
0.07249405614	0.00866235456	-0.00485276300
0.07249701600	0.00863754786	-0.00485895043
0.07250005702	0.00861198549	-0.00486473067
0.07250318055	0.00858564921	-0.00487010847
0.07250639447	0.00855846496	-0.00487507527
0.07250969672	0.00853044222	-0.00487963612
0.07251308970	0.00850155188	-0.00488378842
0.07251657597	0.00847176323	-0.00488752866
0.07252015760	0.00844104877	-0.00489085189
0.07252383667	0.00840938029	-0.00489375307
0.07252761831	0.00837670247	-0.00489621973
0.07253151588	0.00834288714	-0.00489821946
0.07253550152	0.00830816358	-0.00489979638
0.07253959415	0.00827235410	-0.00490091704
0.07254381831	0.00823522844	-0.00490152308
0.07254812775	0.00819717767	-0.00490169077
0.07255257129	0.00815775468	-0.00490132451
0.07255711485	0.00811724380	-0.00490047566
0.07256179215	0.00807532548	-0.00489906969
0.07256657016	0.00803227598	-0.00489715855
0.07257149088	0.00798769514	-0.00489464719
0.07257651962	0.00794187399	-0.00489158678
0.07258167215	0.00789464563	-0.00488793726
0.07258695647	0.00784591054	-0.00488366399
0.07259237088	0.00779565602	-0.00487874879
0.07259790627	0.00774393750	-0.00487319345
0.07260357144	0.00769064216	-0.00486696185
0.07260936666	0.00763573415	-0.00486003108
0.07261529201	0.00757917728	-0.00485237749
0.07262134741	0.00752093498	-0.00484397682
0.07262753251	0.00746097065	-0.00483480316
0.07263384680	0.00739924738	-0.00482483001
0.07264029827	0.00733564100	-0.00481400452
0.07264687200	0.00727025108	-0.00480232929
0.07265356980	0.00720301032	-0.00478977046
0.07266040017	0.00713377944	-0.00477626900
0.07266735461	0.00706258706	-0.00476180222
0.07267442575	0.00698944952	-0.00474635262
0.07268162555	0.00691417891	-0.00472984000
0.07268893514	0.00683690498	-0.00471226794
0.07269635873	0.00675751354	-0.00469357942
0.07270390030	0.00667588525	-0.00467370264
0.07271153898	0.00659216671	-0.00465264304
0.07271928032	0.00650621489	-0.00463032971
0.07272711872	0.00641800318	-0.00460671524
0.07273504813	0.00632750628	-0.00458175104
0.07274306203	0.00623470031	-0.00455538769
0.07275115347	0.00613956273	-0.00452757534
0.07275931501	0.00604207264	-0.00449826351
0.07276753872	0.00594221094	-0.00446740100
0.07277581622	0.00583996030	-0.00443493639
0.07278413862	0.00573530536	-0.00440081810
0.07279250018	0.00562818618	-0.00436497763
0.07280088930	0.00551861211	-0.00432736245
0.07280928891	0.00540666349	-0.00428795319
0.07281770256	0.00529214101	-0.00424663086
0.07282610153	0.00517527755	-0.00420342047
0.07283449172	0.00505582614	-0.00415818769
0.07284284437	0.00493402339	-0.00411095831
0.07285115893	0.00480969906	-0.00406162785
0.07285941798	0.00468292361	-0.00401016173
0.07286760547	0.00455374954	-0.00395653027
0.07287571066	0.00442214396	-0.00390067453
0.07288371912	0.00428812892	-0.00384255135
0.07289161646	0.00415172396	-0.00378211767
0.07289938736	0.00401296454	-0.00371933844
0.07290701596	0.00387189690	-0.00365418688
0.07291448801	0.00372853870	-0.00358662680
0.07292178896	0.00358291176	-0.00351662338
0.07292890231	0.00343507926	-0.00344415999
0.07293581263	0.00328508733	-0.00336921786
0.07294250474	0.00313298013	-0.00329178086
0.07294896336	0.00297880954	-0.00321183824
0.07295517336	0.00282263037	-0.00312938230
0.07296112191	0.00266444205	-0.00304437924
0.07296678964	0.00250443035	-0.00295688095
0.07297216450	0.00234259891	-0.00286687696
0.07297723415	0.00217895810	-0.00277434656
0.07298198154	0.00201368642	-0.00267934793
0.07298639475	0.00184681969	-0.00258189283
0.07299046261	0.00167837107	-0.00248197211
0.07299416970	0.00150855942	-0.00237967688
0.07299750756	0.00133733010	-0.00227498440
0.07300046311	0.00116488131	-0.00216798103
0.07300302741	0.00099123690	-0.00205868819
0.07300519068	0.00081651442	-0.00194716334
0.07300694424	0.00064082355	-0.00183347293
0.07300828080	0.00046421694	-0.00171765451
0.07300919304	0.00028686910	-0.00159981110
0.07300967558	0.00010878010	-0.00147996346
0.07300972324	-0.00006982155	-0.00135824794
0.07300933211	-0.00024897299	-0.00123467537
0.07300849959	-0.00042842732	-0.00110939449
0.07300722340	-0.00060818838	-0.00098244567
0.07300550306	-0.00078808962	-0.00085394242
0.07300333891	-0.00096802363	-0.00072398512
0.07300073131	-0.00114795017	-0.00059263287
0.07299768413	-0.00132765718	-0.00046003689
0.07299419980	-0.00150710240	-0.00032627588
0.07299028208	-0.00168620423	-0.00019143361
0.07298593810	-0.00186477920	-0.00005565563
0.07298117330	-0.00204276924	0.00008096564
0.07297599503	-0.00222007003	0.00021832089
0.07297041115	-0.00239659304	0.00035631144
0.07296443199	-0.00257220251	0.00049480890
0.07295806724	-0.00274681393	0.00063370499
0.07295132764	-0.00292033528	0.00077288987
0.07294422487	-0.00309267203	0.00091225139
0.07293677138	-0.00326373136	0.00105167906
0.07292898028	-0.00343342361	0.00119106248
0.07292086527	-0.00360166219	0.00133029212
0.07291243953	-0.00376838477	0.00146927508
0.07290371984	-0.00393347117	0.00160788626
0.07289472069	-0.00409685955	0.00174602454
0.07288545697	-0.00425848858	0.00188359392
0.07287594356	-0.00441830423	0.00202051231
0.07286620046	-0.00457617670	0.00215664388
0.07285623853	-0.00473213162	0.00229194686
0.07284608036	-0.00488601452	0.00242627685
0.07283573592	-0.00503787006	0.00255960467
0.07282522791	-0.00518755639	0.00269179921
0.07281456974	-0.00533507221	0.00282279885
0.07280377684	-0.00548038690	0.00295254115
0.07279286761	-0.00562343203	0.00308094058
0.07278185799	-0.00576417461	0.00320792728
0.07277076318	-0.00590259161	0.00333344105
0.07275959888	-0.00603865326	0.00345742127
0.07274838044	-0.00617233387	0.00357981089
0.07273712286	-0.00630361171	0.00370055646
0.07272583949	-0.00643248259	0.00381961991
0.07271454597	-0.00655891507	0.00393694831
0.07270325669	-0.00668289071	0.00405249166
0.07269198262	-0.00680442683	0.00416622597
0.07268073614	-0.00692352195	0.00427812580
0.07266953327	-0.00704013468	0.00438813252
0.07265837947	-0.00715433118	0.00449626223
0.07264729210	-0.00726605206	0.00460245341
0.07263627818	-0.00737534092	0.00470670463
0.07262534579	-0.00748222635	0.00480901869
0.07261450954	-0.00758667035	0.00490935080
0.07260377480	-0.00768872203	0.00500770833
0.07259315002	-0.00778839729	0.00510408615
0.07258264302	-0.00788571454	0.00519848161
0.07257226106	-0.00798069462	0.00529089445
0.07256201082	-0.00807336036	0.00538132690
0.07255189844	-0.00816373661	0.00546978347
0.07254192948	-0.00825185009	0.00555627080
0.07253210896	-0.00833772941	0.00564079735
0.07252244141	-0.00842140455	0.00572337378
0.07251292778	-0.00850293285	0.00580403646
0.07250357692	-0.00858230128	0.00588277077
0.07249439082	-0.00865955320	0.00595959378
0.07248536528	-0.00873478001	0.00603457131
0.07247651420	-0.00880791982	0.00610765453
0.07246782778	-0.00887910462	0.00617893194
0.07245931824	-0.00894828265	0.00624836399
0.07245097434	-0.00901559094	0.00631604921
0.07244281008	-0.00908095972	0.00638193723
0.07243481741	-0.00914449498	0.00644609720
0.07242699557	-0.00920624108	0.00650856900
0.07241935128	-0.00926618165	0.00656933974
0.07241187951	-0.00932439104	0.00662846010
0.07240457970	-0.00938090616	0.00668595982
0.07239744999	-0.00943577220	0.00674187672
0.07239049108	-0.00948901276	0.00679623202
0.07238370236	-0.00954066011	0.00684905009
0.07237708093	-0.00959076209	0.00690036817
0.07237062519	-0.00963935533	0.00695021716
0.07236433332	-0.00968647644	0.00699862776
0.07235820336	-0.00973216157	0.00704563086
0.07235223322	-0.00977644671	0.00709125707
0.07234641891	-0.00981938051	0.00713554956
0.07234076044	-0.00986098077	0.00717852673
0.07233525590	-0.00990127848	0.00722021416
0.07232990179	-0.00994031538	0.00726064663
0.07232469549	-0.00997812531	0.00729985378
0.07231963197	-0.01001475878	0.00733788151
0.07231470911	-0.01005024423	0.00737476006
0.07230993041	-0.01008456874	0.00741047892
0.07230528867	-0.01011779580	0.00744508830
0.07230078952	-0.01014989639	0.00747855781
0.07229764295	-0.01017228518	0.00750270369
0.07229487244	-0.01019195670	0.00752915247
0.07229251276	-0.01020868064	0.00755759406
0.07229059370	-0.01022226122	0.00758769501
0.07228913956	-0.01023253948	0.00761910241
0.07228816881	-0.01023939512	0.00765144805
0.07228769382	-0.01024274790	0.00768435269
0.07228772064	-0.01024255859	0.00771743056
0.07228824894	-0.01023882939	0.00775029386
0.07228927198	-0.01023160395	0.00778255729
0.07229077672	-0.01022096684	0.00781384258
0.07229274406	-0.01020704256	0.00784378296
0.07229514909	-0.01018999410	0.00787202740
0.07229796148	-0.01017002104	0.00789824475
0.07303647564	0.00900689340	-0.00447900837
0.07303961019	0.00898143897	-0.00455374671
0.07304180447	0.00896357641	-0.00458398041
0.07304387391	0.00894669696	-0.00460697656
0.07304592853	0.00892990630	-0.00462620902
0.07304797842	0.00891312244	-0.00464304605
0.07305004595	0.00889616149	-0.00465816857
0.07305216059	0.00887878009	-0.00467194919
0.07305429433	0.00886120656	-0.00468469195
0.07305648074	0.00884316259	-0.00469653935
0.07305872575	0.00882459596	-0.00470760877
0.07306100877	0.00880567427	-0.00471802677
0.07306334986	0.00878622839	-0.00472784311
0.07306576376	0.00876613186	-0.00473708990
0.07306823459	0.00874551288	-0.00474583193
0.07307076613	0.00872433605	-0.00475410171
0.07307336716	0.00870252340	-0.00476191593
0.07307604018	0.00868004921	-0.00476929227
0.07307878756	0.00865688805	-0.00477624444
0.07308161164	0.00863301469	-0.00478278241
0.07308451572	0.00860839501	-0.00478891126
0.07308749970	0.00858302337	-0.00479463924
0.07309056492	0.00855688154	-0.00479997102
0.07309371906	0.00852989660	-0.00480489838
0.07309696014	0.00850207743	-0.00480942616
0.07310029054	0.00847339514	-0.00481355184
0.07310371276	0.00844381922	-0.00481727200
0.07310722885	0.00841332231	-0.00482058176
0.07311084086	0.00838187634	-0.00482347618
0.07311455380	0.00834942665	-0.00482594310
0.07311838064	0.00831584723	-0.00482795099
0.07312229442	0.00828136222	-0.00482954227
0.07312631354	0.00824579708	-0.00483068463
0.07313046179	0.00820892570	-0.00483132138
0.07313469440	0.00817113072	-0.00483152592
0.07313905870	0.00813197358	-0.00483120581
0.07314352172	0.00809173233	-0.00483041032
0.07314811617	0.00805009333	-0.00482906726
0.07315281007	0.00800732670	-0.00482722646
0.07315764416	0.00796303982	-0.00482479589
0.07316258486	0.00791751725	-0.00482182453
0.07316764748	0.00787059489	-0.00481827350
0.07317283981	0.00782217461	-0.00481410895
0.07317816023	0.00777224337	-0.00480931288
0.07318359995	0.00772085487	-0.00480388662
0.07318916753	0.00766789792	-0.00479779492
0.07319486324	0.00761333677	-0.00479101522
0.07320068721	0.00755713529	-0.00478352418
0.07320663936	0.00749925701	-0.00477529790
0.07321271939	0.00743966538	-0.00476631084
0.07321892681	0.00737832357	-0.00475653686
0.07322526940	0.00731510922	-0.00474592429
0.07323173270	0.00725011921	-0.00473447501
0.07323831846	0.00718328690	-0.00472215577
0.07324503496	0.00711447509	-0.00470890890
0.07325187394	0.00704371113	-0.00469471169
0.07325882825	0.00697101033	-0.00467954659
0.07326590951	0.00689618781	-0.00466333531
0.07327309939	0.00681937003	-0.00464608050
0.07328040196	0.00674044437	-0.00462772633
0.07328782107	0.00665929314	-0.00460820248
0.07329533645	0.00657605932	-0.00458751328
0.07330295347	0.00649060203	-0.00456558939
0.07331066665	0.00640289447	-0.00454238404
0.07331847008	0.00631291117	-0.00451784924
0.07332635740	0.00622062801	-0.00449193621
0.07333432180	0.00612602225	-0.00446459572
0.07334235600	0.00602907272	-0.00443577793
0.07335045227	0.00592976005	-0.00440543227
0.07335860237	0.00582806664	-0.00437350796
0.07336679761	0.00572397681	-0.00433995405
0.07337503233	0.00561743119	-0.00430470319
0.07338329516	0.00550843839	-0.00426770338
0.07339156945	0.00539707663	-0.00422893482
0.07339985850	0.00528314998	-0.00418828134
0.07340813435	0.00516688627	-0.00414576593
0.07341640256	0.00504804290	-0.00410125766
0.07342463508	0.00492685146	-0.00405478024
0.07343283124	0.00480314463	-0.00400623172
0.07344097396	0.00467699114	-0.00395557743
0.07344904748	0.00454844220	-0.00390278769
0.07345704120	0.00441746529	-0.00384780454
0.07346494092	0.00428408182	-0.00379058526
0.07347273249	0.00414831080	-0.00373108723
0.07348040081	0.00401018689	-0.00366927569
0.07348793027	0.00386975541	-0.00360512389
0.07349530680	0.00372703367	-0.00353859609
0.07350251607	0.00358204315	-0.00346965790
0.07350954180	0.00343484594	-0.00339829256
0.07351636875	0.00328548750	-0.00332448136
0.07352298195	0.00313401138	-0.00324820823
0.07352936629	0.00298046882	-0.00316946236
0.07353550682	0.00282491398	-0.00308823600
0.07354139082	0.00266734674	-0.00300449611
0.07354699919	0.00250794991	-0.00291829266
0.07355231996	0.00234672769	-0.00282961565
0.07355734087	0.00218369089	-0.00273844496
0.07356204510	0.00201901543	-0.00264483691
0.07356642078	0.00185273730	-0.00254880327
0.07357045680	0.00168487026	-0.00245033538
0.07357413790	0.00151563011	-0.00234952179
0.07357745561	0.00134496423	-0.00224634111
0.07358039693	0.00117306827	-0.00214087740
0.07358295297	0.00099996682	-0.00203315223
0.07358511395	0.00082577648	-0.00192322192
0.07358687120	0.00065060627	-0.00181115174
0.07358821742	0.00047450918	-0.00169697903
0.07358914527	0.00029765803	-0.00158080461
0.07358964933	0.00012005433	-0.00146264978
0.07358972435	-0.00005807601	-0.00134264776
0.07358936637	-0.00023676785	-0.00122081050
0.07358857270	-0.00041577713	-0.00109728328
0.07358734097	-0.00059510592	-0.00097210693
0.07358567058	-0.00077458893	-0.00084539279
0.07358356175	-0.00095411892	-0.00071723982
0.07358101473	-0.00113365460	-0.00058770697
0.07357803320	-0.00131298584	-0.00045694238
0.07357461948	-0.00149206929	-0.00032502427
0.07357077717	-0.00167082295	-0.00019203556
0.07356651318	-0.00184906473	-0.00005811908
0.07356183280	-0.00202673567	0.00007663352
0.07355674320	-0.00220373141	0.00021211438
0.07355125205	-0.00237996311	0.00034822596
0.07354536945	-0.00255529550	0.00048484189
0.07353910489	-0.00272964368	0.00062185517
0.07353246891	-0.00290291537	0.00075915730
0.07352547300	-0.00307501587	0.00089663760
0.07351812937	-0.00324585216	0.00103418695
0.07351045091	-0.00341533435	0.00117169637
0.07350245113	-0.00358337559	0.00130905771
0.07349414300	-0.00374991297	0.00144617896
0.07348554303	-0.00391482667	0.00158293704
0.07347666552	-0.00407805430	0.00171923192
0.07346752516	-0.00423953401	0.00185496864
0.07345813667	-0.00439921118	0.00199006589
0.07344851971	-0.00455695675	0.00212439025
0.07343868510	-0.00471279453	0.00225789940
0.07342865507	-0.00486657128	0.00239045182
0.07341843957	-0.00501832966	0.00252201745
0.07340806095	-0.00516792897	0.00265246785
0.07339753251	-0.00531536677	0.00278174156
0.07338686953	-0.00546061187	0.00290977670
0.07337609021	-0.00560359596	0.00303648906
0.07336521032	-0.00574428563	0.00316180957
0.07335424490	-0.00588265734	0.00328567860
0.07334320951	-0.00601868099	0.00340803623
0.07333211937	-0.00615233056	0.00352882608
0.07332098932	-0.00628358398	0.00364799528
0.07330983263	-0.00641243651	0.00376550600
0.07329866476	-0.00653885667	0.00388130609
0.07328749999	-0.00666282580	0.00399534623
0.07327634922	-0.00678436051	0.00410760235
0.07326522474	-0.00690345897	0.00421804919
0.07325414239	-0.00702008013	0.00432662931
0.07324310769	-0.00713428885	0.00443335773
0.07323213777	-0.00724602646	0.00453817442
0.07322123967	-0.00735533573	0.00464107747
0.07321042143	-0.00746224467	0.00474206930
0.07319969749	-0.00756671587	0.00484110629
0.07318907326	-0.00766879762	0.00493819522
0.07317855712	-0.00776850562	0.00503333096
0.07316815686	-0.00786585808	0.00512651087
0.07315787969	-0.00796087562	0.00521773461
0.07314773228	-0.00805358089	0.00530700434
0.07313772071	-0.00814399853	0.00539432446
0.07312785054	-0.00823215509	0.00547970146
0.07311812678	-0.00831807899	0.00556314366
0.07310855394	-0.00840180002	0.00564466151
0.07309913304	-0.00848337496	0.00572429053
0.07308987280	-0.00856279135	0.00580201681
0.07308077523	-0.00864009221	0.00587785705
0.07307183633	-0.00871536793	0.00595187541
0.07306306968	-0.00878855800	0.00602402493
0.07305446580	-0.00885979279	0.00609439165
0.07304603666	-0.00892902178	0.00616293767
0.07303777134	-0.00899638035	0.00622975888
0.07302968354	-0.00906180029	0.00629480694
0.07302176542	-0.00912538642	0.00635814919
0.07301401627	-0.00918718293	0.00641982486
0.07300644267	-0.00924717420	0.00647982191
0.07299903973	-0.00930543394	0.00653818989
0.07299180691	-0.00936199902	0.00659495815
0.07298474241	-0.00941691444	0.00665016388
0.07297784690	-0.00947020399	0.00670382818
0.07297111979	-0.00952189996	0.00675597520
0.07296455826	-0.00957204997	0.00680664153
0.07295816071	-0.00962069064	0.00685585767
0.07295192536	-0.00966785853	0.00690365390
0.07294585030	-0.00971358977	0.00695006072
0.07293993346	-0.00975792032	0.00699510833
0.07293417093	-0.00980089861	0.00703883915
0.07292856269	-0.00984254269	0.00708127157
0.07292310686	-0.00988288359	0.00712243088
0.07291779998	-0.00992196291	0.00716235134
0.07291263949	-0.00995981447	0.00720106218
0.07290762045	-0.00999648853	0.00723860845
0.07290274073	-0.01003201358	0.00727502006
0.07289800374	-0.01006637737	0.00731028726
0.07289340241	-0.01009964289	0.00734445918
0.07288894220	-0.01013178200	0.00737750668
0.07288584757	-0.01015402023	0.00740117280
0.07288311813	-0.01017359297	0.00742712773
0.07288078812	-0.01019027107	0.00745506717
0.07287888692	-0.01020385927	0.00748466356
0.07287743856	-0.01021419852	0.00751556992
0.07287646143	-0.01022116780	0.00754742388
0.07287596797	-0.01022468552	0.00757985199
0.07287596447	-0.01022471052	0.00761247407
0.07287645095	-0.01022124251	0.00764490764
0.07287742124	-0.01021432207	0.00767677246
0.07287886298	-0.01020403021	0.00770769493
0.07288075788	-0.01019048739	0.00773731253
0.07288308195	-0.01017385215	0.00776527800
0.07288580591	-0.01015431923	0.00779126349
0.07361470599	0.00897450767	-0.00441540728
0.07361775385	0.00894947173	-0.00448918208
0.07361989686	0.00893182581	-0.00451903332
0.07362192052	0.00891513006	-0.00454174141
0.07362393104	0.00889851133	-0.00456073583
0.07362593802	0.00888189037	-0.00457736634
0.07362796310	0.00886508745	-0.00459230517
0.07363003480	0.00884786419	-0.00460592064
0.07363212598	0.00883044444	-0.00461851177
0.07363426916	0.00881255532	-0.00463022006
0.07363647011	0.00879414553	-0.00464116142
0.07363870888	0.00877537920	-0.00465146003
0.07364100493	0.00875609033	-0.00466116551
0.07364337258	0.00873615477	-0.00467030996
0.07364579645	0.00871569793	-0.00467895674
0.07364828023	0.00869468485	-0.00468713798
0.07365083247	0.00867303884	-0.00469487039
0.07365345559	0.00865073440	-0.00470217141
0.07365615195	0.00862774630	-0.00470905464
0.07365892382	0.00860404949	-0.00471552989
0.07366177445	0.00857961019	-0.00472160226
0.07366470376	0.00855442255	-0.00472727982
0.07366771310	0.00852846836	-0.00473256718
0.07367080993	0.00850167575	-0.00473745643
0.07367399236	0.00847405307	-0.00474195223
0.07367726275	0.00844557161	-0.00474605213
0.07368062354	0.00841620106	-0.00474975277
0.07368407676	0.00838591421	-0.00475304937
0.07368762444	0.00835468310	-0.00475593708
0.07369127146	0.00832245375	-0.00475840402
0.07369503044	0.00828910216	-0.00476041951
0.07369887527	0.00825484762	-0.00476202438
0.07370282383	0.00821951855	-0.00476318734
0.07370689921	0.00818289283	-0.00476385333
0.07371105805	0.00814534507	-0.00476409303
0.07371534628	0.00810644484	-0.00476381699
0.07371973196	0.00806646422	-0.00476307250
0.07372424684	0.00802509521	-0.00476178958
0.07372885995	0.00798260209	-0.00476001609
0.07373361082	0.00793859940	-0.00475766282
0.07373846693	0.00789336556	-0.00475477672
0.07374344317	0.00784673913	-0.00475132000
0.07374854710	0.00779862334	-0.00474725956
0.07375377719	0.00774900480	-0.00474257758
0.07375912495	0.00769793556	-0.00473727497
0.07376459870	0.00764530602	-0.00473131732
0.07377019874	0.00759108049	-0.00472468235
0.07377592521	0.00753522295	-0.00471734709
0.07378177806	0.00747769698	-0.00470928793
0.07378775702	0.00741846612	-0.00470047969
0.07379386162	0.00735749361	-0.00469089660
0.07380009945	0.00729465880	-0.00468048810
0.07380645646	0.00723005602	-0.00466925540
0.07381293440	0.00716361928	-0.00465716584
0.07381954127	0.00709521337	-0.00464416302
0.07382626908	0.00702486441	-0.00463022422
0.07383311089	0.00695258675	-0.00461533185
0.07384007795	0.00687819841	-0.00459940947
0.07384715251	0.00680182270	-0.00458245881
0.07385433847	0.00672334851	-0.00456442520
0.07386163955	0.00664265973	-0.00454523971
0.07386903608	0.00655989590	-0.00452490565
0.07387653322	0.00647491818	-0.00450335517
0.07388412562	0.00638769961	-0.00448054209
0.07389180752	0.00629821455	-0.00445641903
0.07389957270	0.00620643868	-0.00443093780
0.07390741448	0.00611234903	-0.00440404978
0.07391532575	0.00601592423	-0.00437570574
0.07392329893	0.00591714463	-0.00434585572
0.07393132596	0.00581599238	-0.00431444955
0.07393939832	0.00571245149	-0.00428143688
0.07394751041	0.00560646316	-0.00424675148
0.07395565113	0.00549803528	-0.00421034185
0.07396380417	0.00538724407	-0.00417218779
0.07397197265	0.00527389682	-0.00413217582
0.07398012928	0.00515821656	-0.00409032701
0.07398827934	0.00503996484	-0.00404651367
0.07399639545	0.00491936847	-0.00400075756
0.07400447681	0.00479626294	-0.00395295912
0.07401250667	0.00467071532	-0.00390308362
0.07402046957	0.00454277559	-0.00385110135
0.07402835504	0.00441241160	-0.00379695535
0.07403614909	0.00427964413	-0.00374060327
0.07404383779	0.00414449170	-0.00368200295
0.07405140627	0.00400698822	-0.00362111987
0.07405883917	0.00386717812	-0.00355792736
0.07406612260	0.00372507838	-0.00349239011
0.07407324240	0.00358071016	-0.00342447411
0.07408018254	0.00343413450	-0.00335416250
0.07408692798	0.00328539622	-0.00328143664
0.07409346392	0.00313453832	-0.00320628051
0.07409977543	0.00298161139	-0.00312868327
0.07410584773	0.00282666899	-0.00304863709
0.07411166822	0.00266971142	-0.00296610964
0.07411721806	0.00251091867	-0.00288114913
0.07412248537	0.00235029544	-0.00279374595
0.07412745797	0.00218785301	-0.00270388058
0.07413211923	0.00202376480	-0.00261160756
0.07413645738	0.00185806694	-0.00251693863
0.07414046135	0.00169077380	-0.00241986566
0.07414411603	0.00152209822	-0.00232047472
0.07414741297	0.00135198953	-0.00221874570
0.07415033926	0.00118064091	-0.00211476049
0.07415288602	0.00100807766	-0.00200854079
0.07415504350	0.00083441547	-0.00190014182
0.07415680305	0.00065976269	-0.00178962774
0.07415815736	0.00048417269	-0.00167703567
0.07415909907	0.00030781658	-0.00156246432
0.07415962273	0.00013069729	-0.00144593551
0.07415972303	-0.00004696175	-0.00132757949
0.07415939599	-0.00022519329	-0.00120740923
0.07415863879	-0.00040375595	-0.00108556675
0.07415744902	-0.00058265014	-0.00096209326
0.07415582594	-0.00076171181	-0.00083709805
0.07415376968	-0.00094083386	-0.00071067873
0.07415128039	-0.00111997402	-0.00058289407
0.07414836156	-0.00129892403	-0.00045388926
0.07414501539	-0.00147763952	-0.00032374209
0.07414124536	-0.00165603811	-0.00019253464
0.07413705816	-0.00183393903	-0.00006040713
0.07413245894	-0.00201128252	0.00007254955
0.07412745469	-0.00218796419	0.00020622891
0.07412205290	-0.00236389490	0.00034053451
0.07411626346	-0.00253893987	0.00047534194
0.07411009568	-0.00271301385	0.00061054540
0.07410355989	-0.00288602434	0.00074603771
0.07409666738	-0.00305787649	0.00088170957
0.07408943016	-0.00322847707	0.00101745322
0.07408186091	-0.00339773603	0.00115316102
0.07407397291	-0.00356556630	0.00128872615
0.07406577898	-0.00373190435	0.00142405748
0.07405729535	-0.00389663081	0.00155903384
0.07404853612	-0.00405968273	0.00169355626
0.07403951582	-0.00422099778	0.00182753079
0.07403024897	-0.00438052082	0.00196087688
0.07402075493	-0.00453812348	0.00209346341
0.07401104449	-0.00469382784	0.00222524755
0.07400113948	-0.00484748189	0.00235609053
0.07399104987	-0.00499912635	0.00248596149
0.07398079765	-0.00514862164	0.00261473448
0.07397039603	-0.00529596424	0.00274234828
0.07395986014	-0.00544112244	0.00286874150
0.07394920795	-0.00558402804	0.00299383122
0.07393845508	-0.00572464725	0.00311754913
0.07392761644	-0.00586295605	0.00323983616
0.07391670742	-0.00599892403	0.00336063305
0.07390574311	-0.00613252485	0.00347988405
0.07389473821	-0.00626373613	0.00359753689
0.07388370589	-0.00639255262	0.00371355395
0.07387266146	-0.00651894279	0.00382788384
0.07386161904	-0.00664288779	0.00394047788
0.07385058951	-0.00676440355	0.00405131194
0.07383958505	-0.00688348790	0.00416036095
0.07382862130	-0.00700010015	0.00426756859
0.07381770388	-0.00711430387	0.00437294884
0.07380684965	-0.00722604114	0.00447644312
0.07379606568	-0.00733535387	0.00457804905
0.07378535999	-0.00744226959	0.00467776872
0.07377474682	-0.00754675139	0.00477555958
0.07376423163	-0.00764884682	0.00487142788
0.07375382273	-0.00774857137	0.00496536850
0.07374352787	-0.00784594305	0.00505737878
0.07373335423	-0.00794098229	0.00514745832
0.07372330842	-0.00803371155	0.00523560923
0.07371339652	-0.00812415530	0.00532183577
0.07370362406	-0.00821233987	0.00540614433
0.07369399603	-0.00829829353	0.00548854305
0.07368451691	-0.00838204589	0.00556904223
0.07367518782	-0.00846365318	0.00564767653
0.07366601733	-0.00854310348	0.00572443273
0.07365700747	-0.00862043948	0.00579932718
0.07364815440	-0.00869575062	0.00587242248
0.07363947145	-0.00876897769	0.00594367340
0.07363094943	-0.00884024950	0.00601316369
0.07362260004	-0.00890951673	0.00608085697
0.07361441269	-0.00897691316	0.00614684666
0.07360640076	-0.00904237208	0.00621108629
0.07359855665	-0.00910599718	0.00627364154
0.07359087969	-0.00916783248	0.00633455097
0.07358337630	-0.00922786309	0.00639380337
0.07357604175	-0.00928616208	0.00645144720
0.07356887551	-0.00934276629	0.00650751143
0.07356187582	-0.00939772053	0.00656203266
0.07355504335	-0.00945104877	0.00661503188
0.07354837751	-0.00950278331	0.00666653299
0.07354187555	-0.00955297157	0.00671657200
0.07353553590	-0.00960165012	0.00676517898
0.07352935681	-0.00964885550	0.00681238386
0.07352333640	-0.00969462379	0.00685821672
0.07351747262	-0.00973899094	0.00690270739
0.07351176165	-0.00978200516	0.00694589756
0.07350620344	-0.00982368473	0.00698780562
0.07350079613	-0.00986406071	0.00702845658
0.07349553632	-0.00990317455	0.00706788417
0.07349042149	-0.00994106008	0.00710611725
0.07348544676	-0.00997776728	0.00714320008
0.07348061005	-0.01001332470	0.00717916222
0.07347591465	-0.01004772074	0.00721399462
0.07347135363	-0.01008101788	0.00724774542
0.07346693227	-0.01011318885	0.00728038664
0.07346388825	-0.01013527745	0.00730359439
0.07346119912	-0.01015475009	0.00732907686
0.07345889857	-0.01017137879	0.00735653530
0.07345701556	-0.01018496885	0.00738564777
0.07345557389	-0.01019536118	0.00741607297
0.07345459185	-0.01020243414	0.00744745419
0.07345408190	-0.01020610493	0.00747942350
0.07345405054	-0.01020633059	0.00751160610
0.07345449818	-0.01020310848	0.00754362468
0.07345541911	-0.01019647630	0.00757510384
0.07345680163	-0.01018651170	0.00760567453
0.07345862819	-0.01017333131	0.00763497833
0.07346087571	-0.01015708943	0.00766267168
0.07346351587	-0.01013797620	0.00768842990
0.07420294036	0.00894151353	-0.00435211935
0.07420590314	0.00891689195	-0.00442493411
0.07420799563	0.00889946107	-0.00445440425
0.07420997412	0.00888294790	-0.00447682532
0.07421194107	0.00886650014	-0.00449558254
0.07421390565	0.00885004129	-0.00451200727
0.07421588875	0.00883339570	-0.00452676304
0.07421791798	0.00881632993	-0.00454021392
0.07421996703	0.00879906340	-0.00455265394
0.07422206741	0.00878132862	-0.00456422359
0.07422422472	0.00876307517	-0.00457503730
0.07422641966	0.00874446377	-0.00458521690
0.07422867109	0.00872533154	-0.00459481187
0.07423099290	0.00870555655	-0.00460385427
0.07423337023	0.00868526149	-0.00461240607
0.07423580665	0.00866441187	-0.00462049903
0.07423831049	0.00864293221	-0.00462814983
0.07424088413	0.00862079726	-0.00463537573
0.07424352988	0.00859798197	-0.00464219015
0.07424624996	0.00857446149	-0.00464860281
0.07424904755	0.00855020240	-0.00465461878
0.07425192261	0.00852519859	-0.00466024598
0.07425487647	0.00849943189	-0.00466548895
0.07425791641	0.00847283149	-0.00467034007
0.07426104062	0.00844540520	-0.00467480385
0.07426425141	0.00841712449	-0.00467887789
0.07426755120	0.00838795928	-0.00468255891
0.07427094198	0.00835788247	-0.00468584221
0.07427442575	0.00832686625	-0.00468872303
0.07427800728	0.00829485727	-0.00469118977
0.07428169883	0.00826173354	-0.00469321258
0.07428547514	0.00822770957	-0.00469483073
0.07428935357	0.00819261672	-0.00469601396
0.07429335653	0.00815623677	-0.00469670879
0.07429744204	0.00811893644	-0.00469698322
0.07430165464	0.00808029333	-0.00469675076
0.07430596341	0.00804057360	-0.00469605677
0.07431039917	0.00799947484	-0.00469483340
0.07431493192	0.00795725557	-0.00469312660
0.07431960003	0.00791353741	-0.00469084994
0.07432437199	0.00786859272	-0.00468804835
0.07432926226	0.00782226269	-0.00468468515
0.07433427823	0.00777445186	-0.00468072798
0.07433941843	0.00772514654	-0.00467615916
0.07434467466	0.00767439716	-0.00467097922
0.07435005501	0.00762209566	-0.00466515456
0.07435555980	0.00756820645	-0.00465866321
0.07436118919	0.00751269358	-0.00465148252
0.07436694315	0.00745552073	-0.00464358922
0.07437282144	0.00739665150	-0.00463495847
0.07437882363	0.00733604921	-0.00462556484
0.07438495708	0.00727359492	-0.00461535890
0.07439120819	0.00720938045	-0.00460434118
0.07439757866	0.00714334043	-0.00459247961
0.07440407625	0.00707534162	-0.00457971906
0.07441069323	0.00700540897	-0.00456603680
0.07441742286	0.00693355584	-0.00455141521
0.07442427606	0.00685960314	-0.00453577963
0.07443123557	0.00678367108	-0.00451913095
0.07443830519	0.00670565004	-0.00450141562
0.07444548851	0.00662542548	-0.00448256608
0.07445276641	0.00654313353	-0.00446258464
0.07446014387	0.00645863740	-0.00444140494
0.07446761568	0.00637190997	-0.00441898138
0.07447517620	0.00628292540	-0.00439526716
0.07448281935	0.00619165922	-0.00437021471
0.07449053861	0.00609808824	-0.00434377602
0.07449832701	0.00600219086	-0.00431590244
0.07450617713	0.00590394720	-0.00428654463
0.07451408107	0.00580333913	-0.00425565303
0.07452203049	0.00570035039	-0.00422317790
0.07453001987	0.00559492275	-0.00418905410
0.07453803833	0.00548706338	-0.00415323062
0.07454606994	0.00537684652	-0.00411568692
0.07455411763	0.00526408264	-0.00407631211
0.07456215477	0.00514899006	-0.00403512546
0.07457018638	0.00503133444	-0.00399200239
0.07457818570	0.00491133785	-0.00394696282
0.07458615185	0.00478883854	-0.00389990949
0.07459406840	0.00466390200	-0.00385080765
0.07460192016	0.00453657696	-0.00379962760
0.07460969681	0.00440683162	-0.00374631330
0.07461738457	0.00427468620	-0.00369082282
0.07462496974	0.00414015870	-0.00363311444
0.07463243767	0.00400328229	-0.00357315389
0.07463977324	0.00386410051	-0.00351091459
0.07464696275	0.00372263006	-0.00344636164
0.07465399223	0.00357889174	-0.00337946143
0.07466084588	0.00343294560	-0.00331019701
0.07466750884	0.00328483578	-0.00323854979
0.07467396652	0.00313460476	-0.00316450381
0.07468020417	0.00298230248	-0.00308804821
0.07468620716	0.00282798191	-0.00300917507
0.07469196303	0.00267164378	-0.00292785280
0.07469745320	0.00251346525	-0.00284412782
0.07470266587	0.00235345155	-0.00275799096
0.07470758896	0.00219161439	-0.00266942324
0.07471220605	0.00202812472	-0.00257847749
0.07471650543	0.00186301883	-0.00248516542
0.07472047610	0.00169631167	-0.00238947937
0.07472410312	0.00152821315	-0.00229150301
0.07472737802	0.00135867450	-0.00219121748
0.07473028802	0.00118788648	-0.00208870252
0.07473282425	0.00101587506	-0.00198397995
0.07473497699	0.00084275505	-0.00187710391
0.07473673762	0.00066863411	-0.00176813747
0.07473809882	0.00049356596	-0.00165711751
0.07473905322	0.00031772005	-0.00154414066
0.07473959535	0.00014110068	-0.00142922924
0.07473971984	-0.00003607122	-0.00131251057
0.07473942267	-0.00021382626	-0.00119399860
0.07473870093	-0.00039192576	-0.00107383216
0.07473755215	-0.00057036850	-0.00095205280
0.07473597550	-0.00074899166	-0.00082876781
0.07473397097	-0.00092768832	-0.00070407341
0.07473153864	-0.00110641521	-0.00057802821
0.07472868181	-0.00128496598	-0.00045077448
0.07472540257	-0.00146329523	-0.00032238955
0.07472170428	-0.00164132023	-0.00019295469
0.07471759341	-0.00181886156	-0.00006260752
0.07471307496	-0.00199585865	0.00006856182
0.07470815577	-0.00217220709	0.00020044822
0.07470284315	-0.00234781750	0.00033295634
0.07469714677	-0.00252255559	0.00046596369
0.07469107574	-0.00269633575	0.00059936571
0.07468464023	-0.00286906531	0.00073305650
0.07467785130	-0.00304064924	0.00086692815
0.07467072076	-0.00321099420	0.00100087425
0.07466326108	-0.00338000994	0.00113478849
0.07465548534	-0.00354760917	0.00126856539
0.07464740617	-0.00371372783	0.00140211470
0.07463903954	-0.00387824694	0.00153531713
0.07463039936	-0.00404110306	0.00166807479
0.07462149996	-0.00420223339	0.00180029473
0.07461235570	-0.00436158225	0.00193189715
0.07460298561	-0.00451902202	0.00206275322
0.07459340044	-0.00467457306	0.00219281964
0.07458362167	-0.00482808457	0.00232196032
0.07457365924	-0.00497959539	0.00245014366
0.07456353478	-0.00512896706	0.00257724617
0.07455326142	-0.00527619500	0.00270320685
0.07454285414	-0.00542124696	0.00282796485
0.07453233067	-0.00556405490	0.00295143850
0.07452170648	-0.00570458465	0.00307356025
0.07451099633	-0.00584281171	0.00319427159
0.07450021546	-0.00597870540	0.00331351394
0.07448937881	-0.00611223904	0.00343123217
0.07447850095	-0.00624338999	0.00354737459
0.07446759494	-0.00637215245	0.00366190381
0.07445667590	-0.00649849488	0.00377476920
0.07444575786	-0.00662239824	0.00388592271
0.07443485161	-0.00674387778	0.00399534016
0.07442396926	-0.00686293103	0.00410299666
0.07441312624	-0.00697951762	0.00420883700
0.07440232822	-0.00709369988	0.00431287418
0.07439159184	-0.00720542059	0.00441505100
0.07438092417	-0.00731472087	0.00451536465
0.07437033323	-0.00742162771	0.00461381688
0.07435983304	-0.00752610476	0.00471036621
0.07434942909	-0.00762819879	0.00480501835
0.07433912964	-0.00772792510	0.00489776822
0.07432894240	-0.00782530150	0.00498861312
0.07431887449	-0.00792034824	0.00507755261
0.07430893250	-0.00801308758	0.00516458872
0.07429912247	-0.00810354380	0.00524972562
0.07428944991	-0.00819174306	0.00533296954
0.07427991978	-0.00827771344	0.00541432850
0.07427053656	-0.00836148437	0.00549381259
0.07426130143	-0.00844311156	0.00557145569
0.07425222280	-0.00852258359	0.00564724522
0.07424330276	-0.00859994287	0.00572119719
0.07423453763	-0.00867527782	0.00579337265
0.07422594045	-0.00874853057	0.00586372808
0.07421750232	-0.00881982835	0.00593234497
0.07420923469	-0.00888912305	0.00599918845
0.07420112729	-0.00895654684	0.00606434948
0.07419319319	-0.00902203452	0.00612778345
0.07418542502	-0.00908568862	0.00618955436
0.07417782213	-0.00914755301	0.00624970017
0.07417039083	-0.00920761351	0.00630821044
0.07416312649	-0.00926594256	0.00636513256
0.07415602863	-0.00932257694	0.00642049513
0.07414909552	-0.00937756132	0.00647433416
0.07414232782	-0.00943091978	0.00652667053
0.07413572495	-0.00948268466	0.00657752789
0.07412928422	-0.00953290317	0.00662694165
0.07412300410	-0.00958161183	0.00667494150
0.07411688286	-0.00962884715	0.00672155698
0.07411091865	-0.00967464517	0.00676681777
0.07410510947	-0.00971904180	0.00681075334
0.07409945154	-0.00976208503	0.00685340465
0.07409394481	-0.00980379338	0.00689479007
0.07408858744	-0.00984419792	0.00693493433
0.07408337609	-0.00988333999	0.00697387065
0.07407830826	-0.00992125335	0.00701162753
0.07407337917	-0.00995798775	0.00704824842
0.07406858676	-0.00999357179	0.00708376254
0.07406393420	-0.01002799448	0.00711816156
0.07405941470	-0.01006131784	0.00715149258
0.07405503338	-0.01009351541	0.00718372880
0.07405204040	-0.01011545033	0.00720648306
0.07404939216	-0.01013481836	0.00723149748
0.07404712181	-0.01015139269	0.00725847881
0.07404525791	-0.01016497928	0.00728711070
0.07404382398	-0.01017541907	0.00731705748
0.07404283819	-0.01018258984	0.00734796805
0.07404231305	-0.01018640765	0.00737948000
0.07404225524	-0.01018682782	0.00741122390
0.07404266550	-0.01018384543	0.00744282757
0.07404353861	-0.01017749539	0.00747392049
0.07404486348	-0.01016785203	0.00750413812
0.07404662331	-0.01015502823	0.00753312619
0.07404879587	-0.01013917413	0.00756054484
0.07405135381	-0.01012047533	0.00758607261
0.07479103411	0.00890849674	-0.00429022819
0.07479391483	0.00888427837	-0.00436210290
0.07479595840	0.00886705728	-0.00439119987
0.07479789308	0.00885072245	-0.00441333990
0.07479981775	0.00883444178	-0.00443186483
0.07480174115	0.00881814147	-0.00444808804
0.07480368345	0.00880164984	-0.00446266456
0.07480567139	0.00878473821	-0.00447595424
0.07480767946	0.00876762173	-0.00448824628
0.07480973820	0.00875003813	-0.00449968013
0.07481185306	0.00873193786	-0.00451036880
0.07481400533	0.00871347831	-0.00452043182
0.07481621331	0.00869449963	-0.00452991854
0.07481849048	0.00867488208	-0.00453886096
0.07482082247	0.00865474569	-0.00454731968
0.07482321276	0.00863405640	-0.00455532613
0.07482566944	0.00861273997	-0.00456289695
0.07482819486	0.00859077133	-0.00457004921
0.07483079126	0.00856812566	-0.00457679617
0.07483346084	0.00854477827	-0.00458314743
0.07483620672	0.00852069608	-0.00458910807
0.07483902887	0.00849587279	-0.00459468584
0.07484192863	0.00847029022	-0.00459988521
0.07484491306	0.00844387861	-0.00460469887
0.07484798047	0.00841664524	-0.00460913115
0.07485113312	0.00838856177	-0.00461317970
0.07485437337	0.00835959832	-0.00461684134
0.07485770321	0.00832972792	-0.00462011144
0.07486112460	0.00829892291	-0.00462298532
0.07486464219	0.00826713055	-0.00462545166
0.07486826791	0.00823423081	-0.00462748141
0.07487197731	0.00820043356	-0.00462911234
0.07487578724	0.00816557299	-0.00463031518
0.07487971948	0.00812943470	-0.00463103796
0.07488373334	0.00809237776	-0.00463134614
0.07488787206	0.00805398753	-0.00463115604
0.07489210569	0.00801452448	-0.00463051118
0.07489646413	0.00797369158	-0.00462934577
0.07490091835	0.00793174181	-0.00462770393
0.07490550556	0.00788830361	-0.00462550189
0.07491019526	0.00784364350	-0.00462278266
0.07491500150	0.00779760521	-0.00461951060
0.07491993147	0.00775009458	-0.00461565409
0.07492498377	0.00770109761	-0.00461119560
0.07493015048	0.00765066316	-0.00460613527
0.07493543947	0.00759868468	-0.00460044030
0.07494085108	0.00754512668	-0.00459408903
0.07494638548	0.00748995328	-0.00458705910
0.07495204268	0.00743312826	-0.00457932758
0.07495782245	0.00737461529	-0.00457086995
0.07496372440	0.00731437776	-0.00456166116
0.07496975567	0.00725229840	-0.00455165282
0.07497590310	0.00718846660	-0.00454084484
0.07498216833	0.00712281759	-0.00452920572
0.07498855891	0.00705522008	-0.00451668154
0.07499506733	0.00698569782	-0.00450324959
0.07500168705	0.00691426330	-0.00448889221
0.07500842867	0.00684074017	-0.00447353649
0.07501527543	0.00676524567	-0.00445718248
0.07502223101	0.00668767163	-0.00443977773
0.07502929887	0.00660790501	-0.00442125603
0.07503646043	0.00652607869	-0.00440161871
0.07504372051	0.00644205783	-0.00438080085
0.07505107402	0.00635581515	-0.00435875742
0.07505851543	0.00626732469	-0.00433544222
0.07506603881	0.00617656176	-0.00431080824
0.07507363777	0.00608350301	-0.00428480807
0.07508130551	0.00598812660	-0.00425739367
0.07508903474	0.00589041245	-0.00422851628
0.07509681774	0.00579034215	-0.00419812694
0.07510464633	0.00568789919	-0.00416617650
0.07511251506	0.00558302588	-0.00413260088
0.07512041329	0.00547572871	-0.00409734956
0.07512832543	0.00536608001	-0.00406040168
0.07513625425	0.00525389335	-0.00402164886
0.07514417373	0.00513938246	-0.00398110862
0.07515208866	0.00502231699	-0.00393865943
0.07515997291	0.00490291442	-0.00389431940
0.07516782547	0.00478101572	-0.00384799354
0.07517563025	0.00465668478	-0.00379964706
0.07518337234	0.00452996916	-0.00374925028
0.07519104154	0.00440083742	-0.00369674807
0.07519862430	0.00426930920	-0.00364209891
0.07520610712	0.00413540202	-0.00358526151
0.07521347559	0.00399914833	-0.00352620184
0.07522071481	0.00386059083	-0.00346489342
0.07522781127	0.00371974590	-0.00340130175
0.07523475119	0.00357663404	-0.00333539361
0.07524151899	0.00343131429	-0.00326715196
0.07524810002	0.00328383018	-0.00319655827
0.07525447986	0.00313422364	-0.00312359665
0.07526064395	0.00298254403	-0.00304825621
0.07526657785	0.00282884369	-0.00297052898
0.07527226917	0.00267312378	-0.00289038402
0.07527769963	0.00251555875	-0.00280786610
0.07528285751	0.00235615430	-0.00272296641
0.07528773082	0.00219492255	-0.00263566652
0.07529230334	0.00203203209	-0.00254601761
0.07529656346	0.00186751932	-0.00245403134
0.07530050024	0.00170139976	-0.00235970052
0.07530409888	0.00153388046	-0.00226310651
0.07530735094	0.00136491450	-0.00216423161
0.07531024374	0.00119469028	-0.00206315353
0.07531276843	0.00102323442	-0.00195989414
0.07531491535	0.00085066085	-0.00185450659
0.07531667587	0.00067707654	-0.00174705285
0.07531804269	0.00050253559	-0.00163756957
0.07531900845	0.00032720577	-0.00152615138
0.07531956763	0.00015109273	-0.00141282104
0.07531971483	-0.00002558503	-0.00129770305
0.07531944601	-0.00020285610	-0.00118081229
0.07531875815	-0.00038048440	-0.00106228449
0.07531764874	-0.00055846713	-0.00094216154
0.07531611683	-0.00073664271	-0.00082054873
0.07531416233	-0.00091490437	-0.00069754099
0.07531178523	-0.00109320793	-0.00057319671
0.07530898864	-0.00127134886	-0.00044765536
0.07530577456	-0.00144928081	-0.00032099380
0.07530214623	-0.00162692074	-0.00019329247
0.07529810990	-0.00180409050	-0.00006468651
0.07529367046	-0.00198072879	0.00006473471
0.07528883455	-0.00215673121	0.00019486743
0.07528360934	-0.00233200811	0.00032561738
0.07527800427	-0.00250642573	0.00045686397
0.07527202829	-0.00267989814	0.00058850380
0.07526569137	-0.00285233248	0.00072043228
0.07525900436	-0.00302363360	0.00085254283
0.07525197889	-0.00319370802	0.00098473038
0.07524462721	-0.00336246534	0.00111688991
0.07523696220	-0.00352981810	0.00124891725
0.07522899631	-0.00369570169	0.00138072301
0.07522074525	-0.00385999755	0.00151218977
0.07521222275	-0.00402264177	0.00164322065
0.07520344294	-0.00418357111	0.00177372371
0.07519442000	-0.00434272940	0.00190361991
0.07518517267	-0.00449998972	0.00203278261
0.07517571164	-0.00465537079	0.00216116808
0.07516605803	-0.00480872301	0.00228864285
0.07515622177	-0.00496008338	0.00241517461
0.07514622414	-0.00510931456	0.00254064226
0.07513607816	-0.00525641092	0.00266498503
0.07512579867	-0.00540133976	0.00278814259
0.07511540317	-0.00554403314	0.00291003452
0.07510490697	-0.00568445655	0.00303059398
0.07509432469	-0.00582258505	0.00314976303
0.07508367142	-0.00595838766	0.00326748376
0.07507296194	-0.00609183745	0.00338370163
0.07506221067	-0.00622291144	0.00349836554
0.07505143058	-0.00635160338	0.00361143833
0.07504063663	-0.00647788169	0.00372287010
0.07502984270	-0.00660172717	0.00383261342
0.07501905953	-0.00672315439	0.00394064406
0.07500829911	-0.00684216060	0.00404693734
0.07499757671	-0.00695870574	0.00415143909
0.07498689804	-0.00707285093	0.00425416138
0.07497627950	-0.00718453966	0.00435504835
0.07496572817	-0.00729381227	0.00445409678
0.07495525203	-0.00740069522	0.00455130810
0.07494486494	-0.00750515270	0.00464664185
0.07493457238	-0.00760723074	0.00474010325
0.07492438258	-0.00770694444	0.00483168722
0.07491430318	-0.00780431144	0.00492139104
0.07490434126	-0.00789935178	0.00500921426
0.07489450337	-0.00799208753	0.00509515878
0.07488479551	-0.00808254280	0.00517922870
0.07487522318	-0.00817074357	0.00526143013
0.07486579132	-0.00825671774	0.00534177093
0.07485650438	-0.00834049458	0.00542026102
0.07484736359	-0.00842212924	0.00549693349
0.07483837726	-0.00850161083	0.00557177639
0.07482954747	-0.00857898145	0.00564480541
0.07482087072	-0.00865432855	0.00571608009
0.07481235976	-0.00872759556	0.00578555856
0.07480400599	-0.00879890816	0.00585332014
0.07479582062	-0.00886821942	0.00591933136
0.07478779365	-0.00893565993	0.00598368087
0.07477993788	-0.00900116593	0.00604632581
0.07477224614	-0.00906483888	0.00610732858
0.07476471785	-0.00912672245	0.00616672653
0.07475735914	-0.00918680316	0.00622450996
0.07475016553	-0.00924515284	0.00628072525
0.07474313655	-0.00930180821	0.00633540060
0.07473627054	-0.00935681375	0.00638857148
0.07472956812	-0.00941019372	0.00644025865
0.07472302874	-0.00946198043	0.00649048550
0.07471664976	-0.00951222091	0.00653928686
0.07471042967	-0.00956095164	0.00658669207
0.07470436678	-0.00960820905	0.00663273025
0.07469845927	-0.00965402918	0.00667743073
0.07469270517	-0.00969844788	0.00672082258
0.07468710078	-0.00974151293	0.00676294609
0.07468164602	-0.00978324306	0.00680381959
0.07467633908	-0.00982366936	0.00684346755
0.07467117665	-0.00986283303	0.00688192267
0.07466615628	-0.00990076781	0.00691921309
0.07466127330	-0.00993752318	0.00695538151
0.07465652563	-0.00997312779	0.00699045681
0.07465191635	-0.01000757125	0.00702443130
0.07464743881	-0.01004091512	0.00705735113
0.07464309796	-0.01007313375	0.00708919060
0.07464015550	-0.01009491381	0.00711150394
0.07463754798	-0.01011417469	0.00713606271
0.07463530800	-0.01013069086	0.00716257897
0.07463346371	-0.01014426894	0.00719074186
0.07463203837	-0.01015474995	0.00722022118
0.07463105001	-0.01016201120	0.00725067133
0.07463051118	-0.01016596769	0.00728173529
0.07463042871	-0.01016657310	0.00731304887
0.07463080365	-0.01016382033	0.00734424495
0.07463163125	-0.01015774163	0.00737495779
0.07463290099	-0.01014840814	0.00740482730
0.07463459679	-0.01013592913	0.00743350329
0.07463669724	-0.01012045070	0.00746064956
0.07463917591	-0.01010215407	0.00748594784
0.07536885237	0.00887604353	-0.00423072286
0.07537165527	0.00885221095	-0.00430169266
0.07537365226	0.00883519110	-0.00433043040
0.07537554517	0.00881902753	-0.00435229990
0.07537742949	0.00880290743	-0.00437060121
0.07537931356	0.00878675958	-0.00438663043
0.07538121688	0.00877041606	-0.00440103438
0.07538316536	0.00875365277	-0.00441416885
0.07538513425	0.00873668076	-0.00442631842
0.07538715317	0.00871924275	-0.00443762152
0.07538922740	0.00870129002	-0.00444818979
0.07539133883	0.00868297680	-0.00445814056
0.07539350521	0.00866414612	-0.00446752303
0.07539573966	0.00864468033	-0.00447636914
0.07539802822	0.00862469694	-0.00448473822
0.07540037432	0.00860416228	-0.00449266132
0.07540278583	0.00858300329	-0.00450015510
0.07540526503	0.00856119511	-0.00450723640
0.07540781415	0.00853871311	-0.00451391833
0.07541043534	0.00851553277	-0.00452021041
0.07541313164	0.00849162133	-0.00452611769
0.07541590308	0.00846697230	-0.00453164777
0.07541875095	0.00844156750	-0.00453680506
0.07542168216	0.00841533818	-0.00454158253
0.07542469508	0.00838829113	-0.00454598436
0.07542779195	0.00836039817	-0.00455000825
0.07543097510	0.00833162962	-0.00455365108
0.07543424646	0.00830195865	-0.00455690831
0.07543760798	0.00827135772	-0.00455977534
0.07544106421	0.00823977470	-0.00456224111
0.07544462676	0.00820709141	-0.00456427734
0.07544827193	0.00817351331	-0.00456592036
0.07545201609	0.00813887731	-0.00456714186
0.07545588043	0.00810297262	-0.00456789130
0.07545982550	0.00806615103	-0.00456823173
0.07546389327	0.00802800531	-0.00456808213
0.07546805472	0.00798879051	-0.00456748427
0.07547233890	0.00794821475	-0.00456637436
0.07547671766	0.00790652567	-0.00456479474
0.07548122716	0.00786335829	-0.00456266417
0.07548583781	0.00781897351	-0.00456002386
0.07549056329	0.00777321752	-0.00455683916
0.07549541059	0.00772599740	-0.00455307913
0.07550037840	0.00767729883	-0.00454872641
0.07550545905	0.00762716920	-0.00454378078
0.07551066020	0.00757550341	-0.00453821016
0.07551598221	0.00752226605	-0.00453199322
0.07552142527	0.00746742134	-0.00452510788
0.07552698939	0.00741093312	-0.00451753153
0.07553267439	0.00735276515	-0.00450923997
0.07553847989	0.00729288092	-0.00450020848
0.07554441285	0.00723116471	-0.00449038968
0.07555046050	0.00716770362	-0.00447978291
0.07555662443	0.00710243346	-0.00446835720
0.07556291199	0.00703522477	-0.00445605980
0.07556931589	0.00696610023	-0.00444286798
0.07557582978	0.00689507143	-0.00442876410
0.07558246393	0.00682196469	-0.00441367688
0.07558920209	0.00674689441	-0.00439760561
0.07559604779	0.00666975378	-0.00438049887
0.07560300439	0.00659043125	-0.00436229171
0.07561005382	0.00650905655	-0.00434298459
0.07561720074	0.00642549672	-0.00432251394
0.07562444017	0.00633972436	-0.00430083528
0.07563176672	0.00625171336	-0.00427790297
0.07563917456	0.00616143887	-0.00425367056
0.07564665746	0.00606887735	-0.00422809122
0.07565420874	0.00597400677	-0.00420111746
0.07566182127	0.00587680682	-0.00417270112
0.07566948749	0.00577725887	-0.00414279380
0.07567719936	0.00567534617	-0.00411134691
0.07568495152	0.00557101153	-0.00407829740
0.07569273354	0.00546426081	-0.00404359523
0.07570053018	0.00535516453	-0.00400721922
0.07570834401	0.00524353919	-0.00396906339
0.07571614967	0.00512959417	-0.00392914362
0.07572395166	0.00501310292	-0.00388734125
0.07573172449	0.00489427858	-0.00384367273
0.07573946702	0.00477296465	-0.00379804520
0.07574716349	0.00464922357	-0.00375042384
0.07575479924	0.00452310174	-0.00370077900
0.07576236419	0.00439456808	-0.00364905643
0.07576984503	0.00426364167	-0.00359521499
0.07577722845	0.00413033959	-0.00353921381
0.07578450026	0.00399469359	-0.00348101910
0.07579164578	0.00385674557	-0.00342060447
0.07579865169	0.00371651162	-0.00335793582
0.07580550439	0.00357401193	-0.00329298031
0.07581218851	0.00342930462	-0.00322572080
0.07581868960	0.00328243259	-0.00315613883
0.07582499342	0.00313343728	-0.00308421860
0.07583108558	0.00298236746	-0.00300994915
0.07583695181	0.00282927491	-0.00293332248
0.07584257985	0.00267416117	-0.00285430829
0.07584795166	0.00251719808	-0.00277294976
0.07585305560	0.00235839182	-0.00268923845
0.07585787981	0.00219775491	-0.00260315642
0.07586240825	0.00203545364	-0.00251475329
0.07586662937	0.00187152453	-0.00242404069
0.07587053233	0.00170598365	-0.00233101186
0.07587410248	0.00153903529	-0.00223574596
0.07587733138	0.00137063431	-0.00213822638
0.07588020648	0.00120096684	-0.00203852890
0.07588271893	0.00103006011	-0.00193667547
0.07588485913	0.00085802721	-0.00183271824
0.07588661849	0.00068497446	-0.00172671815
0.07588798970	0.00051095625	-0.00161871162
0.07588896538	0.00033613880	-0.00150879137
0.07588954004	0.00016052901	-0.00139698057
0.07588970820	-0.00001565696	-0.00128340105
0.07588946581	-0.00019244573	-0.00116806854
0.07588880978	-0.00036960378	-0.00105111583
0.07588773754	-0.00054712680	-0.00093258508
0.07588624805	-0.00072485437	-0.00081257972
0.07588434111	-0.00090267992	-0.00069119341
0.07588201664	-0.00108055838	-0.00056848433
0.07587927761	-0.00125828702	-0.00044458928
0.07587612590	-0.00143581855	-0.00031958464
0.07587256463	-0.00161306964	-0.00019355005
0.07586859986	-0.00178986341	-0.00006661828
0.07586423636	-0.00196613787	0.00006112204
0.07585948061	-0.00214178862	0.00018956844
0.07585433961	-0.00231672579	0.00031862771
0.07584882261	-0.00249081612	0.00044818104
0.07584293838	-0.00266397340	0.00057812620
0.07583669671	-0.00283610461	0.00070835982
0.07583010826	-0.00300711449	0.00083877662
0.07582318447	-0.00317690947	0.00096927280
0.07581593739	-0.00334539898	0.00109974463
0.07580837970	-0.00351249542	0.00123008914
0.07580052367	-0.00367813369	0.00136021783
0.07579238477	-0.00384219564	0.00149001501
0.07578397654	-0.00400461691	0.00161938484
0.07577531294	-0.00416533385	0.00174823631
0.07576640795	-0.00432428983	0.00187649113
0.07575728005	-0.00448135865	0.00200402476
0.07574793985	-0.00463655745	0.00213079308
0.07573840815	-0.00478973778	0.00225666511
0.07572869482	-0.00494093490	0.00238160788
0.07571882083	-0.00509001256	0.00250550258
0.07570879911	-0.00523696414	0.00262828866
0.07569864433	-0.00538175647	0.00274990633
0.07568837378	-0.00552432178	0.00287027631
0.07567800260	-0.00566462521	0.00298933250
0.07566754528	-0.00580264140	0.00310701748
0.07565701676	-0.00593833912	0.00322327398
0.07564643166	-0.00607169116	0.00333804807
0.07563580427	-0.00620267429	0.00345128920
0.07562514745	-0.00633128178	0.00356296041
0.07561447601	-0.00645748203	0.00367301253
0.07560380367	-0.00658125568	0.00378139871
0.07559314113	-0.00670261669	0.00388809470
0.07558250028	-0.00682156200	0.00399307598
0.07557189618	-0.00693805191	0.00409628943
0.07556133461	-0.00705214632	0.00419774621
0.07555083174	-0.00716378946	0.00429739173
0.07554039465	-0.00727302086	0.00439522240
0.07553003129	-0.00737986653	0.00449123936
0.07551975531	-0.00748429116	0.00458540308
0.07550957225	-0.00758634006	0.00467771835
0.07549949025	-0.00768602815	0.00476818008
0.07548951691	-0.00778337289	0.00485678554
0.07547965926	-0.00787839414	0.00494353423
0.07546992382	-0.00797111379	0.00502842801
0.07546031656	-0.00806155577	0.00511147085
0.07545084293	-0.00814974590	0.00519266874
0.07544150785	-0.00823571189	0.00527202942
0.07543231576	-0.00831948285	0.00534956263
0.07542326796	-0.00840111341	0.00542530071
0.07541437261	-0.00848059318	0.00549923232
0.07540563182	-0.00855796395	0.00557137281
0.07539704222	-0.00863331226	0.00564178032
0.07538861634	-0.00870658275	0.00571041451
0.07538034581	-0.00877789964	0.00577735266
0.07537224161	-0.00884721711	0.00584256264
0.07536429405	-0.00891466423	0.00590613086
0.07535651563	-0.00898017865	0.00596801615
0.07534889939	-0.00904386075	0.00602827937
0.07534144477	-0.00910575403	0.00608695730
0.07533415779	-0.00916584568	0.00614404094
0.07532703408	-0.00922420694	0.00619957568
0.07532007319	-0.00928087444	0.00625358939
0.07531327351	-0.00933589253	0.00630611696
0.07530663565	-0.00938928558	0.00635717905
0.07530015905	-0.00944108592	0.00640679882
0.07529384115	-0.00949134036	0.00645501055
0.07528768046	-0.00954008533	0.00650184320
0.07528167531	-0.00958735724	0.00654732553
0.07527582392	-0.00963319206	0.00659148650
0.07527012435	-0.00967762561	0.00663435481
0.07526457295	-0.00972070545	0.00667597012
0.07525916965	-0.00976245053	0.00671635070
0.07525391263	-0.00980289194	0.00675552077
0.07524879866	-0.00984207073	0.00679351254
0.07524382532	-0.00988002065	0.00683035381
0.07523898800	-0.00991679087	0.00686608654
0.07523428467	-0.00995241011	0.00690073928
0.07522971828	-0.00998686858	0.00693430498
0.07522528232	-0.01002022734	0.00696682886
0.07522098160	-0.01005246154	0.00699828625
0.07521808824	-0.01007408843	0.00702017810
0.07521552051	-0.01009324182	0.00704430074
0.07521331049	-0.01010969743	0.00707037134
0.07521148590	-0.01012326256	0.00709808425
0.07521006975	-0.01013377839	0.00712711457
0.07520907994	-0.01014112181	0.00715712193
0.07520852900	-0.01014520685	0.00718775453
0.07520842394	-0.01014598569	0.00721865323
0.07520876607	-0.01014344922	0.00724945577
0.07520955108	-0.01013762711	0.00727980102
0.07521076898	-0.01012858754	0.00730933321
0.07521240438	-0.01011643633	0.00733770610
0.07521443662	-0.01010131575	0.00736458704
0.07521684016	-0.01008340283	0.00738966089
0.07595667141	0.00884302869	-0.00417147843
0.07595939788	0.00881957835	-0.00424154622
0.07596134894	0.00880275841	-0.00426992587
0.07596320060	0.00878676517	-0.00429152571
0.07596504505	0.00877080487	-0.00430960411
0.07596689023	0.00875480883	-0.00432543994
0.07596875498	0.00873861288	-0.00433967187
0.07597066440	0.00872199740	-0.00435265161
0.07597259449	0.00870516945	-0.00436465913
0.07597457396	0.00868787664	-0.00437583188
0.07597660795	0.00867007109	-0.00438628009
0.07597867890	0.00865190391	-0.00439611894
0.07598080405	0.00863322096	-0.00440539746
0.07598299613	0.00861390666	-0.00441414752
0.07598524163	0.00859407603	-0.00442242719
0.07598754390	0.00857369582	-0.00443026716
0.07598991059	0.00855269410	-0.00443768406
0.07599234395	0.00853104624	-0.00444469456
0.07599484614	0.00850872778	-0.00445131160
0.07599741930	0.00848571439	-0.00445754460
0.07600006639	0.00846197362	-0.00446339860
0.07600278746	0.00843749880	-0.00446888105
0.07600558382	0.00841227176	-0.00447399629
0.07600846218	0.00838622472	-0.00447873758
0.07601142100	0.00835936400	-0.00448310892
0.07601446246	0.00833166160	-0.00448710808
0.07601758887	0.00830308804	-0.00449073203
0.07602080213	0.00827361660	-0.00449397628
0.07602410417	0.00824321988	-0.00449683632
0.07602749942	0.00821184635	-0.00449930136
0.07603099918	0.00817937968	-0.00450134384
0.07603458049	0.00814602095	-0.00450299873
0.07603825929	0.00811160977	-0.00450423862
0.07604205612	0.00807593892	-0.00450501438
0.07604593277	0.00803935303	-0.00450538672
0.07604992999	0.00800145215	-0.00450527723
0.07605401965	0.00796248598	-0.00450472596
0.07605822997	0.00792216773	-0.00450367105
0.07606253367	0.00788073983	-0.00450215316
0.07606696585	0.00783784372	-0.00450009348
0.07607149785	0.00779373482	-0.00449753150
0.07607614297	0.00774826171	-0.00449443352
0.07608090801	0.00770133269	-0.00449076927
0.07608579172	0.00765293318	-0.00448652156
0.07609078670	0.00760310909	-0.00448168981
0.07609590040	0.00755175675	-0.00447624270
0.07610113320	0.00749884084	-0.00447015916
0.07610648529	0.00744432567	-0.00446341744
0.07611195672	0.00738817517	-0.00445599521
0.07611754732	0.00733035319	-0.00444786862
0.07612325674	0.00727082329	-0.00443901325
0.07612909175	0.00720947133	-0.00442938275
0.07613503997	0.00714638212	-0.00441897587
0.07614110295	0.00708149207	-0.00440776219
0.07614728783	0.00701467353	-0.00439569008
0.07615358753	0.00694594810	-0.00438273686
0.07615999589	0.00687532651	-0.00436888486
0.07616652288	0.00680263773	-0.00435406442
0.07617315271	0.00672799332	-0.00433827408
0.07617988880	0.00665128788	-0.00432146346
0.07618673440	0.00657241127	-0.00430356885
0.07619367194	0.00649149016	-0.00428458985
0.07620070591	0.00640839344	-0.00426446424
0.07620783146	0.00632309360	-0.00424314806
0.07621504330	0.00623556437	-0.00422059624
0.07622233575	0.00614578075	-0.00419676291
0.07622970270	0.00605371902	-0.00417160177
0.07623713762	0.00595935698	-0.00414506594
0.07624463352	0.00586267410	-0.00411710780
0.07625218298	0.00576365152	-0.00408767953
0.07625977813	0.00566227225	-0.00405673313
0.07626741370	0.00555847964	-0.00402420652
0.07627507944	0.00545227889	-0.00399005015
0.07628276047	0.00534373873	-0.00395424256
0.07629045919	0.00523267860	-0.00391668011
0.07629815082	0.00511930357	-0.00387737712
0.07630583967	0.00500339084	-0.00383621770
0.07631350080	0.00488514925	-0.00379321671
0.07632113301	0.00476442485	-0.00374828337
0.07632872082	0.00464127859	-0.00370138287
0.07633624983	0.00451575578	-0.00365248559
0.07634371012	0.00438782567	-0.00360153812
0.07635108856	0.00425750681	-0.00354849973
0.07635837205	0.00412481581	-0.00349332996
0.07636554664	0.00398978378	-0.00343599528
0.07637259786	0.00385245179	-0.00337646938
0.07637951256	0.00371283566	-0.00331471855
0.07638627734	0.00357095529	-0.00325071032
0.07639287706	0.00342686784	-0.00318442749
0.07639929744	0.00328061565	-0.00311585166
0.07640552443	0.00313223963	-0.00304496709
0.07641154382	0.00298178798	-0.00297176281
0.07641734150	0.00282931192	-0.00289623074
0.07642290535	0.00267481337	-0.00281834124
0.07642821756	0.00251846161	-0.00273813593
0.07643326662	0.00236026326	-0.00265560672
0.07643804073	0.00220023123	-0.00257073615
0.07644252407	0.00203852953	-0.00248357232
0.07644670518	0.00187519483	-0.00239412682
0.07645057328	0.00171024369	-0.00230239329
0.07645411388	0.00154387770	-0.00220844874
0.07645731858	0.00137605347	-0.00211227766
0.07646017492	0.00120695486	-0.00201395388
0.07646267409	0.00103660971	-0.00191349943
0.07646480653	0.00086513025	-0.00181096548
0.07646656369	0.00069262216	-0.00170641196
0.07646793826	0.00051914013	-0.00159987503
0.07646892289	0.00034484882	-0.00149144555
0.07646951204	0.00016975634	-0.00138114707
0.07646970023	-0.00000592344	-0.00126909878
0.07646948336	-0.00018221526	-0.00115531723
0.07646885829	-0.00035888808	-0.00103993231
0.07646782239	-0.00053593614	-0.00092298645
0.07646637453	-0.00071320018	-0.00080458123
0.07646451443	-0.00089057385	-0.00068480903
0.07646224193	-0.00106801120	-0.00056372783
0.07645955982	-0.00124531127	-0.00044147177
0.07645646992	-0.00142242590	-0.00031811676
0.07645297521	-0.00159927148	-0.00019374164
0.07644908159	-0.00177567239	-0.00006847683
0.07644479367	-0.00195156596	0.00005758979
0.07644011778	-0.00212684781	0.00018435705
0.07643506079	-0.00230142787	0.00031173277
0.07642963172	-0.00247517341	0.00043959993
0.07642383918	-0.00264799794	0.00056785744
0.07641769278	-0.00281980828	0.00069640318
0.07641120300	-0.00299050911	0.00082513315
0.07640438106	-0.00316000675	0.00095394482
0.07639723884	-0.00332821051	0.00108273571
0.07638978881	-0.00349503265	0.00121140411
0.07638204308	-0.00366040759	0.00133986236
0.07637401684	-0.00382421761	0.00146799653
0.07636572346	-0.00398639792	0.00159571177
0.07635717672	-0.00414688448	0.00172291805
0.07634839044	-0.00430562022	0.00184953779
0.07633938278	-0.00446247964	0.00197544856
0.07633016430	-0.00461747833	0.00210060586
0.07632075546	-0.00477046903	0.00222488117
0.07631116610	-0.00492148526	0.00234824089
0.07630141686	-0.00507039184	0.00247056847
0.07629152055	-0.00521718121	0.00259180360
0.07628149171	-0.00536181975	0.00271188700
0.07627134739	-0.00550423983	0.00283074057
0.07626110257	-0.00564440629	0.00294829891
0.07625077161	-0.00578229335	0.00306450516
0.07624036928	-0.00591786953	0.00317930266
0.07622991006	-0.00605110736	0.00329263809
0.07621940809	-0.00618198335	0.00340446143
0.07620887613	-0.00631049031	0.00351473599
0.07619832880	-0.00643659664	0.00362341326
0.07618777971	-0.00656028283	0.00373044700
0.07617723948	-0.00668156220	0.00383581293
0.07616671990	-0.00680043143	0.00393948672
0.07615623585	-0.00691685113	0.00404141625
0.07614579315	-0.00703088007	0.00414161181
0.07613540772	-0.00714246313	0.00424002007
0.07612508666	-0.00725163910	0.00433663706
0.07611483787	-0.00735843352	0.00443146364
0.07610467484	-0.00746281157	0.00452446122
0.07609460309	-0.00756481787	0.00461563413
0.07608463072	-0.00766446715	0.00470497731
0.07607476527	-0.00776177669	0.00479248801
0.07606501373	-0.00785676616	0.00487816569
0.07605538256	-0.00794945729	0.00496201211
0.07604587771	-0.00803987383	0.00504403119
0.07603650460	-0.00812804141	0.00512422878
0.07602726811	-0.00821398758	0.00520261246
0.07601817268	-0.00829774128	0.00527919184
0.07600921964	-0.00837935662	0.00535399851
0.07600041704	-0.00845882371	0.00542702169
0.07599176699	-0.00853618403	0.00549827645
0.07598326629	-0.00861152319	0.00556781952
0.07597492719	-0.00868478706	0.00563561206
0.07596674160	-0.00875609838	0.00570172935
0.07595872026	-0.00882541244	0.00576614056
0.07595085375	-0.00889285680	0.00582892993
0.07594315431	-0.00895837052	0.00589005790
0.07593561516	-0.00902205287	0.00594958384
0.07592823580	-0.00908394720	0.00600754396
0.07592102209	-0.00914404137	0.00606392994
0.07591396981	-0.00920240599	0.00611878620
0.07590707852	-0.00925907766	0.00617214026
0.07590034664	-0.00931410053	0.00622402647
0.07589377477	-0.00936749910	0.00627446538
0.07588736237	-0.00941930572	0.00632347989
0.07588110693	-0.00946956699	0.00637110375
0.07587500699	-0.00951831928	0.00641736555
0.07586906092	-0.00956559895	0.00646229368
0.07586326695	-0.00961144192	0.00650591674
0.07585762317	-0.00965588397	0.00654826308
0.07585212602	-0.00969897244	0.00658937169
0.07584677538	-0.00974072648	0.00662926080
0.07584156948	-0.00978117718	0.00666795438
0.07583650513	-0.00982036548	0.00670548417
0.07583157994	-0.00985832505	0.00674187759
0.07582678939	-0.00989510483	0.00677717591
0.07582213146	-0.00993073356	0.00681140734
0.07581760901	-0.00996520204	0.00684456543
0.07581321566	-0.00999857087	0.00687669450
0.07580895606	-0.01003081596	0.00690777088
0.07580611209	-0.01005228623	0.00692924552
0.07580358458	-0.01007132825	0.00695293589
0.07580140509	-0.01008771903	0.00697856425
0.07579960093	-0.01010126664	0.00700583012
0.07579819482	-0.01011181244	0.00703441385
0.07579720452	-0.01011923297	0.00706398032
0.07579664256	-0.01012344135	0.00709418287
0.07579651608	-0.01012438831	0.00712466742
0.07579682667	-0.01012206278	0.00715507657
0.07579757040	-0.01011649197	0.00718505378
0.07579873784	-0.01010774110	0.00721424762
0.07580031422	-0.01009591262	0.00724231580
0.07580227967	-0.01008114503	0.00726892925
0.07580460947	-0.01006361125	0.00729377596
0.07653422263	0.00881060559	-0.00411449734
0.07653687658	0.00878752114	-0.00418369662
0.07653878389	0.00877089307	-0.00421173146
0.07654059621	0.00875506347	-0.00423307165
0.07654240259	0.00873925680	-0.00425093541
0.07654421061	0.00872340682	-0.00426658503
0.07654603850	0.00870735289	-0.00428065131
0.07654791058	0.00869087973	-0.00429348203
0.07654980355	0.00867419055	-0.00430535279
0.07655174527	0.00865703764	-0.00431640000
0.07655374075	0.00863937391	-0.00432673256
0.07655577295	0.00862134751	-0.00433646362
0.07655785862	0.00860280702	-0.00434564202
0.07656001012	0.00858363882	-0.00435429955
0.07656221438	0.00856395554	-0.00436249308
0.07656447465	0.00854372434	-0.00437025296
0.07656679839	0.00852287440	-0.00437759580
0.07656918780	0.00850138127	-0.00438453806
0.07657164502	0.00847922068	-0.00439109256
0.07657417213	0.00845636847	-0.00439726860
0.07657677203	0.00843279251	-0.00440307121
0.07657944482	0.00840848592	-0.00440850771
0.07658219177	0.00838343058	-0.00441358238
0.07658501943	0.00835755963	-0.00441828872
0.07658792634	0.00833087893	-0.00442263060
0.07659091465	0.00830336066	-0.00442660584
0.07659398661	0.00827497551	-0.00443021147
0.07659714412	0.00824569692	-0.00443344310
0.07660038906	0.00821549761	-0.00443629627
0.07660372577	0.00818432660	-0.00443876044
0.07660716527	0.00815206933	-0.00444080877
0.07661068527	0.00811892273	-0.00444247491
0.07661430129	0.00808472897	-0.00444373233
0.07661803330	0.00804928426	-0.00444453321
0.07662184425	0.00801292635	-0.00444493609
0.07662577370	0.00797526229	-0.00444486496
0.07662979440	0.00793653669	-0.00444435833
0.07663393377	0.00789646758	-0.00444335611
0.07663816533	0.00785529241	-0.00444189738
0.07664252323	0.00781265879	-0.00443990567
0.07664697964	0.00776881689	-0.00443741879
0.07665154751	0.00772361760	-0.00443440398
0.07665623347	0.00767697037	-0.00443083161
0.07666103635	0.00762886037	-0.00442668463
0.07666594896	0.00757933210	-0.00442196214
0.07667097857	0.00752828327	-0.00441663354
0.07667612558	0.00747567865	-0.00441067801
0.07668139018	0.00742148264	-0.00440407411
0.07668677245	0.00736565926	-0.00439679979
0.07669227223	0.00730817244	-0.00438883152
0.07669788921	0.00724898581	-0.00438014520
0.07670362997	0.00718798675	-0.00437069542
0.07670948249	0.00712525790	-0.00436048041
0.07671544830	0.00706073624	-0.00434947025
0.07672153433	0.00699429583	-0.00433761441
0.07672773371	0.00692595726	-0.00432489021
0.07673404045	0.00685573046	-0.00431128001
0.07674046425	0.00678344690	-0.00429671565
0.07674698973	0.00670921547	-0.00428119501
0.07675362022	0.00663293208	-0.00426466868
0.07676035886	0.00655448799	-0.00424707411
0.07676718856	0.00647400690	-0.00422841012
0.07677411366	0.00639135952	-0.00420861575
0.07678112940	0.00630651820	-0.00418764758
0.07678823064	0.00621945655	-0.00416546107
0.07679541179	0.00613014942	-0.00414201088
0.07680266689	0.00603857293	-0.00411725128
0.07680998952	0.00594470471	-0.00409113590
0.07681737285	0.00584852402	-0.00406361771
0.07682480959	0.00575001181	-0.00403464942
0.07683229203	0.00564915084	-0.00400418358
0.07683981497	0.00554588498	-0.00397215907
0.07684736836	0.00544021883	-0.00393852679
0.07685493765	0.00533221940	-0.00390326504
0.07686252507	0.00522170895	-0.00386627240
0.07687010644	0.00510888840	-0.00382756170
0.07687768582	0.00499353858	-0.00378701973
0.07688523885	0.00487586422	-0.00374465981
0.07689276423	0.00475571378	-0.00370039316
0.07690024678	0.00463314683	-0.00365418497
0.07690767237	0.00450820761	-0.00360600566
0.07691503117	0.00438086570	-0.00355580266
0.07692231029	0.00425113915	-0.00350353560
0.07692949681	0.00411904412	-0.00344916443
0.07693657699	0.00398461110	-0.00339265585
0.07694353658	0.00384788038	-0.00333398365
0.07695036261	0.00370886753	-0.00327311451
0.07695704185	0.00356759214	-0.00321001629
0.07696355938	0.00342411051	-0.00314467175
0.07696990110	0.00327846439	-0.00307706254
0.07697605315	0.00313069422	-0.00300717299
0.07698200148	0.00298084764	-0.00293499212
0.07698773216	0.00282897533	-0.00286051179
0.07699323317	0.00267507960	-0.00278370296
0.07699848696	0.00251932722	-0.00270460578
0.07700348212	0.00236172528	-0.00262321250
0.07700820694	0.00220228704	-0.00253950612
0.07701264579	0.00204117435	-0.00245353328
0.07701678731	0.00187842397	-0.00236530553
0.07702062079	0.00171405297	-0.00227481690
0.07702413190	0.00154826034	-0.00218214236
0.07702731224	0.00138100435	-0.00208726740
0.07703014948	0.00121246668	-0.00199026404
0.07703263485	0.00104267575	-0.00189115435
0.07703475883	0.00087174298	-0.00178998858
0.07703651291	0.00069977342	-0.00168682567
0.07703788979	0.00052682202	-0.00158170156
0.07703888212	0.00035305194	-0.00147470531
0.07703948437	0.00017847246	-0.00136586082
0.07703969103	0.00000329523	-0.00125528476
0.07703949797	-0.00017250268	-0.00114299446
0.07703890198	-0.00034869265	-0.00102911706
0.07703790040	-0.00052526751	-0.00091369521
0.07703649202	-0.00070206914	-0.00079682871
0.07703467647	-0.00087899139	-0.00067860874
0.07703245352	-0.00105598751	-0.00055909304
0.07702982581	-0.00123285825	-0.00043841325
0.07702679508	-0.00140955460	-0.00031664480
0.07702336419	-0.00158599270	-0.00019386574
0.07701953886	-0.00176199818	-0.00007020426
0.07701532359	-0.00193750770	0.00005425248
0.07701072457	-0.00211241694	0.00017940459
0.07700574850	-0.00228663565	0.00030516085
0.07700040421	-0.00246003159	0.00043140598
0.07699470016	-0.00263251803	0.00055803999
0.07698864578	-0.00280400169	0.00068496195
0.07698225137	-0.00297438716	0.00081206910
0.07697552796	-0.00314358067	0.00093926013
0.07696848724	-0.00331149147	0.00106643377
0.07696114150	-0.00347803165	0.00119348952
0.07695350265	-0.00364313522	0.00132034053
0.07694558567	-0.00380668486	0.00144687455
0.07693740375	-0.00396861540	0.00157299771
0.07692897048	-0.00412886243	0.00169862089
0.07692029951	-0.00428736847	0.00182366725
0.07691140872	-0.00444400871	0.00194801632
0.07690230860	-0.00459879727	0.00207162330
0.07689301929	-0.00475158803	0.00219436199
0.07688355060	-0.00490241284	0.00231619824
0.07687392284	-0.00505113760	0.00243701762
0.07686414873	-0.00519775382	0.00255676008
0.07685424263	-0.00534222746	0.00267536684
0.07684422140	-0.00548449106	0.00279276092
0.07683409986	-0.00562450916	0.00290887760
0.07682389221	-0.00576225558	0.00302366055
0.07681361309	-0.00589769862	0.00313705373
0.07680327681	-0.00603081057	0.00324900437
0.07679289738	-0.00616156770	0.00335946301
0.07678248744	-0.00628996237	0.00346839316
0.07677206148	-0.00641596300	0.00357574699
0.07676163294	-0.00653954990	0.00368147883
0.07675121238	-0.00666073585	0.00378556439
0.07674081151	-0.00677951724	0.00388797952
0.07673044499	-0.00689585500	0.00398867304
0.07672011870	-0.00700980677	0.00408765443
0.07670984834	-0.00712131812	0.00418487157
0.07669964099	-0.00723042711	0.00428032012
0.07668950453	-0.00733715882	0.00437400067
0.07667945224	-0.00744147892	0.00446587553
0.07666948968	-0.00754343134	0.00455594862
0.07665962488	-0.00764303066	0.00464421487
0.07664986532	-0.00774029397	0.00473067154
0.07664021795	-0.00783524076	0.00481531801
0.07663068918	-0.00792789260	0.00489815603
0.07662128491	-0.00801827306	0.00497918938
0.07661201055	-0.00810640761	0.00505842381
0.07660287095	-0.00819232363	0.00513586678
0.07659387053	-0.00827604991	0.00521152773
0.07658501066	-0.00835764004	0.00528543755
0.07657629926	-0.00843708461	0.00535758602
0.07656773847	-0.00851442480	0.00542798788
0.07655932523	-0.00858974534	0.00549669857
0.07655107153	-0.00866299327	0.00556368065
0.07654296953	-0.00873428989	0.00562900750
0.07653502976	-0.00880359157	0.00569264951
0.07652724306	-0.00887102443	0.00575468887
0.07651962139	-0.00893652882	0.00581508755
0.07651215819	-0.00900020302	0.00587390350
0.07650485296	-0.00906209018	0.00593117238
0.07649771146	-0.00912217880	0.00598688650
0.07649072957	-0.00918053892	0.00604108938
0.07648390687	-0.00923720706	0.00609380817
0.07647724183	-0.00929222721	0.00614507675
0.07647073504	-0.00934562399	0.00619491550
0.07646438595	-0.00939742973	0.00624334712
0.07645819212	-0.00944769085	0.00629040483
0.07645215211	-0.00949644365	0.00633611685
0.07644626432	-0.00954372445	0.00638051126
0.07644052700	-0.00958956911	0.00642361627
0.07643493829	-0.00963401337	0.00646545990
0.07642949467	-0.00967710435	0.00650608051
0.07642419603	-0.00971886137	0.00654549629
0.07641904059	-0.00975931557	0.00658373097
0.07641402523	-0.00979850771	0.00662081580
0.07640914758	-0.00983647144	0.00665677790
0.07640440322	-0.00987325545	0.00669165783
0.07639979014	-0.00990888849	0.00672548349
0.07639531110	-0.00994336193	0.00675824899
0.07639095984	-0.00997673591	0.00678999780
0.07638674088	-0.01000898710	0.00682070718
0.07638394484	-0.01003030286	0.00684178284
0.07638145656	-0.01004923369	0.00686505934
0.07637930707	-0.01006555788	0.00689026377
0.07637752329	-0.01007908428	0.00691710065
0.07637612766	-0.01008965449	0.00694525533
0.07637513779	-0.01009714475	0.00697439773
0.07637456619	-0.01010146738	0.00700418617
0.07637442012	-0.01010257175	0.00703427142
0.07637470141	-0.01010044495	0.00706430075
0.07637540652	-0.01009511188	0.00709392210
0.07637652650	-0.01008663496	0.00712278818
0.07637804720	-0.01007511345	0.00715056057
0.07637994944	-0.01006068225	0.00717691365
0.07638220934	-0.01004351035	0.00720153847
0.07712177316	0.00877764766	-0.00405774709
0.07712435585	0.00875492589	-0.00412608039
0.07712622000	0.00873848849	-0.00415377144
0.07712799345	0.00872282172	-0.00417485274
0.07712976221	0.00870716801	-0.00419250247
0.07713153347	0.00869146352	-0.00420796642
0.07713332487	0.00867555116	-0.00422186752
0.07713515997	0.00865921988	-0.00423454964
0.07713701617	0.00864266913	-0.00424628401
0.07713892049	0.00862565580	-0.00425720602
0.07714087781	0.00860813361	-0.00426742326
0.07714287159	0.00859024776	-0.00427704681
0.07714491810	0.00857184953	-0.00428612535
0.07714702936	0.00855282721	-0.00429469057
0.07714919271	0.00853329113	-0.00430279816
0.07715141132	0.00851320883	-0.00431047814
0.07715369244	0.00849251056	-0.00431774708
0.07715603824	0.00847117209	-0.00432462124
0.07715845081	0.00844916931	-0.00433111331
0.07716093220	0.00842647825	-0.00433723249
0.07716348525	0.00840306708	-0.00434298378
0.07716611009	0.00837892874	-0.00434837438
0.07716880797	0.00835404514	-0.00435340849
0.07717158527	0.00832835033	-0.00435807988
0.07717444061	0.00830184974	-0.00436239228
0.07717737611	0.00827451572	-0.00436634355
0.07718039397	0.00824631914	-0.00436993079
0.07718349607	0.00821723357	-0.00437314969
0.07718668426	0.00818723186	-0.00437599587
0.07718996280	0.00815626360	-0.00437845903
0.07719334238	0.00812421597	-0.00438051300
0.07719680144	0.00809128179	-0.00438219019
0.07720035503	0.00805730578	-0.00438346489
0.07720402260	0.00802208751	-0.00438429062
0.07720776818	0.00798595798	-0.00438472372
0.07721163025	0.00794853115	-0.00438469061
0.07721558234	0.00791004656	-0.00438422824
0.07721965112	0.00787022705	-0.00438327829
0.07722381092	0.00782930517	-0.00438187828
0.07722809491	0.00778693458	-0.00437995403
0.07723247610	0.00774336029	-0.00437754172
0.07723696709	0.00769843545	-0.00437460952
0.07724157434	0.00765207070	-0.00437112839
0.07724629675	0.00760425092	-0.00436708147
0.07725112735	0.00755501926	-0.00436246754
0.07725607324	0.00750427477	-0.00435725667
0.07726113481	0.00745198232	-0.00435142835
0.07726631229	0.00739810640	-0.00434496140
0.07727160575	0.00734261113	-0.00433783407
0.07727701507	0.00728546052	-0.00433002314
0.07728253995	0.00722661829	-0.00432150483
0.07728818681	0.00716597330	-0.00431223466
0.07729394397	0.00710360604	-0.00430221035
0.07729981293	0.00703945408	-0.00429140249
0.07730580043	0.00697339318	-0.00427976161
0.07731189980	0.00690544294	-0.00426726508
0.07731810522	0.00683561248	-0.00425389523
0.07732442610	0.00676373576	-0.00423958543
0.07733084751	0.00668991903	-0.00422433290
0.07733737266	0.00661405951	-0.00420808917
0.07734400459	0.00653604982	-0.00419079288
0.07735072668	0.00645601078	-0.00417244206
0.07735754312	0.00637381484	-0.00415297700
0.07736444926	0.00628943427	-0.00413235481
0.07737144006	0.00620284254	-0.00411053149
0.07737851007	0.00611401436	-0.00408746223
0.07738565344	0.00602292571	-0.00406310185
0.07739286390	0.00592955402	-0.00403740452
0.07740013473	0.00583387839	-0.00401032375
0.07740745880	0.00573587956	-0.00398181282
0.07741482856	0.00563554007	-0.00395182481
0.07742223886	0.00553280428	-0.00392029955
0.07742967986	0.00542767621	-0.00388718841
0.07743713734	0.00532022120	-0.00385246944
0.07744461337	0.00521026425	-0.00381604342
0.07745208432	0.00509800223	-0.00377792172
0.07745955406	0.00498321955	-0.00373799376
0.07746699878	0.00486611685	-0.00369627140
0.07747441709	0.00474654502	-0.00365266778
0.07748179410	0.00462456224	-0.00360714813
0.07748911593	0.00450021170	-0.00355968291
0.07749637289	0.00437346331	-0.00351022036
0.07750355228	0.00424433462	-0.00345872049
0.07751064139	0.00411284138	-0.00340514366
0.07751762667	0.00397901343	-0.00334945681
0.07752449411	0.00384289031	-0.00329163382
0.07753123091	0.00370448733	-0.00323164175
0.07753782401	0.00356382380	-0.00316944882
0.07754425871	0.00342095513	-0.00310503771
0.07755052111	0.00327592252	-0.00303839017
0.07755659751	0.00312876592	-0.00296949059
0.07756247404	0.00297953244	-0.00289832796
0.07756813695	0.00282827221	-0.00282489409
0.07757357432	0.00267498789	-0.00274916055
0.07757876887	0.00251984385	-0.00267116603
0.07758370927	0.00236284756	-0.00259090312
0.07758838393	0.00220401267	-0.00250835525
0.07759277741	0.00204349886	-0.00242356766
0.07759687843	0.00188134300	-0.00233655184
0.07760067636	0.00171756265	-0.00224730218
0.07760415704	0.00155235421	-0.00215589168
0.07760731210	0.00138567758	-0.00206230678
0.07761012930	0.00121771232	-0.00196661772
0.07761259993	0.00104848738	-0.00186884662
0.07761471452	0.00087811337	-0.00176904280
0.07761646459	0.00070669470	-0.00166726423
0.07761784286	0.00053428661	-0.00156354660
0.07761884201	0.00036105073	-0.00145797722
0.07761945648	0.00018699750	-0.00135058031
0.07761968076	0.00001233635	-0.00124147008
0.07761951069	-0.00016295384	-0.00113066458
0.07761894299	-0.00033864688	-0.00101828824
0.07761797499	-0.00051473421	-0.00090438390
0.07761660538	-0.00069105887	-0.00078904964
0.07761483370	-0.00086751489	-0.00067237543
0.07761265968	-0.00104405476	-0.00055441874
0.07761008581	-0.00122048092	-0.00043530875
0.07760711372	-0.00139674355	-0.00031512040
0.07760374620	-0.00157275854	-0.00019393096
0.07759998876	-0.00174835277	-0.00007186640
0.07759584580	-0.00192346227	0.00005098686
0.07759132336	-0.00209798278	0.00017453015
0.07758642800	-0.00227182388	0.00029867329
0.07758116835	-0.00244485385	0.00042330266
0.07757555271	-0.00261698573	0.00054831940
0.07756959034	-0.00278812612	0.00067362376
0.07756329136	-0.00295817958	0.00079911421
0.07755666662	-0.00312705227	0.00092469067
0.07754972761	-0.00329465333	0.00105025307
0.07754248642	-0.00346089477	0.00117570211
0.07753495482	-0.00362571015	0.00130095177
0.07752714753	-0.00378898261	0.00142589144
0.07751907755	-0.00395064657	0.00155042825
0.07751075831	-0.00411063730	0.00167447400
0.07750220327	-0.00426889690	0.00179795256
0.07749343005	-0.00442530128	0.00192074544
0.07748444907	-0.00457986309	0.00204280753
0.07747528012	-0.00473243736	0.00216401494
0.07746593299	-0.00488305430	0.00228433297
0.07745642767	-0.00503158088	0.00240364932
0.07744677675	-0.00517800772	0.00252190419
0.07743699447	-0.00532230035	0.00263903930
0.07742709744	-0.00546439150	0.00275497879
0.07741710035	-0.00560424540	0.00286965863
0.07740701724	-0.00574183552	0.00298302300
0.07739686258	-0.00587712991	0.00309501647
0.07738665055	-0.00601010065	0.00320558687
0.07737639501	-0.00614072376	0.00331468524
0.07736610849	-0.00626899118	0.00342227534
0.07735580530	-0.00639487133	0.00352831000
0.07734549877	-0.00651834441	0.00363274410
0.07733519937	-0.00663942258	0.00373555336
0.07732491869	-0.00675810198	0.00383671380
0.07731467124	-0.00687434388	0.00393617520
0.07730446292	-0.00698820480	0.00403394623
0.07729430919	-0.00709963098	0.00412997595
0.07728421713	-0.00720865975	0.00422425967
0.07727419458	-0.00731531575	0.00431679773
0.07726425465	-0.00741956513	0.00440755332
0.07725440289	-0.00752145116	0.00449652993
0.07724464727	-0.00762098823	0.00458372253
0.07723499521	-0.00771819326	0.00466912833
0.07722545362	-0.00781308558	0.00475274672
0.07721602886	-0.00790568657	0.00483457934
0.07720672680	-0.00799601964	0.00491462990
0.07719755279	-0.00808411011	0.00499290404
0.07718851168	-0.00816998516	0.00506940908
0.07717960785	-0.00825367342	0.00514415429
0.07717084273	-0.00833522801	0.00521716990
0.07716222410	-0.00841463995	0.00528844620
0.07715375412	-0.00849195016	0.00535799763
0.07714542987	-0.00856724244	0.00542587835
0.07713726309	-0.00864046503	0.00549205231
0.07712924619	-0.00871173779	0.00555659099
0.07712138947	-0.00878101816	0.00561946601
0.07711368404	-0.00884843080	0.00568075751
0.07710614158	-0.00891391738	0.00574042897
0.07709875574	-0.00897757516	0.00579853694
0.07709152605	-0.00903944710	0.00585511653
0.07708445814	-0.00909952234	0.00591016068
0.07707754799	-0.00915787033	0.00596371200
0.07707079522	-0.00921452752	0.00601579731
0.07706419832	-0.00926953773	0.00606644996
0.07705775788	-0.00932292569	0.00611569023
0.07705147337	-0.00937472374	0.00616354058
0.07704534237	-0.00942497807	0.00621003370
0.07703936350	-0.00947372494	0.00625519747
0.07703353517	-0.00952100060	0.00629905961
0.07702785567	-0.00956684088	0.00634164799
0.07702232314	-0.00961128144	0.00638299028
0.07701693417	-0.00965436919	0.00642312424
0.07701168859	-0.00969612365	0.00646206798
0.07700658467	-0.00973657594	0.00649984500
0.07700161933	-0.00977576669	0.00653648608
0.07699679023	-0.00981372951	0.00657201802
0.07699209304	-0.00985051280	0.00660648068
0.07698752576	-0.00988614538	0.00663990167
0.07698309106	-0.00992061915	0.00667227564
0.07697878280	-0.00995399379	0.00670364519
0.07697460535	-0.00998624672	0.00673398853
0.07697185746	-0.01000740485	0.00675466911
0.07696940877	-0.01002622098	0.00677753526
0.07696728977	-0.01004247473	0.00680231891
0.07696552699	-0.01005597577	0.00682872948
0.07696414257	-0.01006656599	0.00685645735
0.07696315398	-0.01007412139	0.00688517742
0.07696257371	-0.01007855352	0.00691455297
0.07696240909	-0.01007981048	0.00694423961
0.07696266223	-0.01007787756	0.00697388929
0.07696332990	-0.01007277738	0.00700315440
0.07696440366	-0.01006456967	0.00703169181
0.07696586995	-0.01005335051	0.00705916697
0.07696771029	-0.01003925128	0.00708525775
0.07696990157	-0.01002243708	0.00710965826
0.07770919079	0.00874473705	-0.00400220006
0.07771170469	0.00872236859	-0.00406968484
0.07771352700	0.00870611743	-0.00409703902
0.07771526272	0.00869060989	-0.00411786665
0.07771699491	0.00867510584	-0.00413530666
0.07771873044	0.00865954382	-0.00415058866
0.07772048634	0.00864377014	-0.00416432792
0.07772228548	0.00862757789	-0.00417686441
0.07772410588	0.00861116284	-0.00418846513
0.07772597379	0.00859428640	-0.00419926445
0.07772789393	0.00857690302	-0.00420936865
0.07772985028	0.00855915508	-0.00421888684
0.07773185864	0.00854089646	-0.00422786750
0.07773393069	0.00852201734	-0.00423634223
0.07773605415	0.00850262577	-0.00424436558
0.07773823214	0.00848268968	-0.00425196723
0.07774047170	0.00846214038	-0.00425916370
0.07774277496	0.00844095383	-0.00426597109
0.07774514398	0.00841910611	-0.00427240192
0.07774758077	0.00839657340	-0.00427846532
0.07775008812	0.00837332417	-0.00428416626
0.07775266616	0.00834935121	-0.00428951179
0.07775531614	0.00832463643	-0.00429450609
0.07775804430	0.00829911481	-0.00429914315
0.07776084930	0.00827279132	-0.00430342655
0.07776373323	0.00824563848	-0.00430735423
0.07776669827	0.00821762737	-0.00431092334
0.07776974626	0.00818873167	-0.00431412964
0.07777287903	0.00815892436	-0.00431696884
0.07777610074	0.00812815559	-0.00431943086
0.07777942180	0.00809631421	-0.00432149020
0.07778282131	0.00806358909	-0.00432317806
0.07778631391	0.00802982740	-0.00432446954
0.07778991851	0.00799483199	-0.00432531940
0.07779360022	0.00795892731	-0.00432578193
0.07779739642	0.00792173400	-0.00432578587
0.07780128146	0.00788348673	-0.00432536664
0.07780528124	0.00784391299	-0.00432446766
0.07780937088	0.00780324055	-0.00432312494
0.07781358260	0.00776112899	-0.00432126651
0.07781789023	0.00771781830	-0.00431892700
0.07782230603	0.00767316384	-0.00431607542
0.07782683631	0.00762707737	-0.00431268339
0.07783148000	0.00757954353	-0.00430873416
0.07783623039	0.00753060413	-0.00430422624
0.07784109437	0.00748015956	-0.00429913035
0.07784607234	0.00742817478	-0.00429342626
0.07785116456	0.00737461436	-0.00428709307
0.07785637110	0.00731944252	-0.00428010932
0.07786169188	0.00726262336	-0.00427245209
0.07786712660	0.00720412068	-0.00426409790
0.07787268152	0.00714382480	-0.00425500319
0.07787834531	0.00708181414	-0.00424516518
0.07788411943	0.00701802680	-0.00423455496
0.07789001043	0.00695234023	-0.00422312409
0.07789601183	0.00688477306	-0.00421084997
0.07790211799	0.00681533363	-0.00419771496
0.07790833803	0.00674385832	-0.00418365388
0.07791465745	0.00667045085	-0.00416866330
0.07792107935	0.00659500967	-0.00415269570
0.07792760668	0.00651742875	-0.00413569084
0.07793422326	0.00643782611	-0.00411764602
0.07794093314	0.00635607591	-0.00409850274
0.07794773178	0.00627215033	-0.00407821863
0.07795461425	0.00618602271	-0.00405675019
0.07796157521	0.00609766764	-0.00403405316
0.07796860893	0.00600706094	-0.00401008288
0.07797570927	0.00591417991	-0.00398479407
0.07798286965	0.00581900344	-0.00395814076
0.07799008308	0.00572151209	-0.00393007677
0.07799734215	0.00562168818	-0.00390055573
0.07800464177	0.00551947657	-0.00386951837
0.07801197233	0.00541488073	-0.00383691654
0.07801931988	0.00530796433	-0.00380272804
0.07802668636	0.00519855508	-0.00376685578
0.07803404871	0.00508684593	-0.00372930976
0.07804141057	0.00497262472	-0.00368998192
0.07804874866	0.00485608817	-0.00364888271
0.07805606154	0.00473708950	-0.00360592716
0.07806333459	0.00461568556	-0.00356108052
0.07807055417	0.00449191852	-0.00351431332
0.07807771072	0.00436575862	-0.00346557457
0.07808479174	0.00423722291	-0.00341482468
0.07809178472	0.00410632674	-0.00336202437
0.07809867631	0.00397309933	-0.00330714083
0.07810545271	0.00383757950	-0.00325014806
0.07811210131	0.00369978230	-0.00319101347
0.07811860921	0.00355972677	-0.00312970564
0.07812496193	0.00341746745	-0.00306620719
0.07813114575	0.00327304502	-0.00300049993
0.07813714715	0.00312649894	-0.00293256833
0.07814295244	0.00297787580	-0.00286240137
0.07814854802	0.00282722519	-0.00278999081
0.07815392211	0.00267455015	-0.00271530878
0.07815905767	0.00252001264	-0.00263839260
0.07816394346	0.00236362057	-0.00255923515
0.07816856800	0.00220538792	-0.00247782032
0.07817291604	0.00204547228	-0.00239419195
0.07817697641	0.00188391061	-0.00230836149
0.07818073854	0.00172072094	-0.00222032370
0.07818418844	0.00155609714	-0.00213014962
0.07818731776	0.00139000073	-0.00203782664
0.07819011438	0.00122260913	-0.00194342327
0.07819256963	0.00105395186	-0.00184696166
0.07819467411	0.00088413871	-0.00174849022
0.07819641936	0.00071327347	-0.00164806600
0.07819779814	0.00054141163	-0.00154572444
0.07819880313	0.00036871335	-0.00144155113
0.07819942877	0.00019519018	-0.00133557059
0.07819966954	0.00002104938	-0.00122789465
0.07819952127	-0.00015372844	-0.00111854203
0.07819898063	-0.00032891944	-0.00100763456
0.07819804490	-0.00050451374	-0.00089521525
0.07819671269	-0.00068035547	-0.00078138047
0.07819498349	-0.00085633893	-0.00066621902
0.07819285695	-0.00103241580	-0.00054978812
0.07819033542	-0.00120839023	-0.00043221453
0.07818742046	-0.00138421161	-0.00031357272
0.07818411474	-0.00155979561	-0.00019393918
0.07818042362	-0.00173497032	-0.00007343772
0.07817635138	-0.00190967118	0.00004784595
0.07817190392	-0.00208379399	0.00016981440
0.07816708764	-0.00225724821	0.00029237842
0.07816191101	-0.00242990261	0.00041542606
0.07815638216	-0.00260167002	0.00053885953
0.07815051018	-0.00277245698	0.00066258024
0.07814430502	-0.00294216797	0.00078648788
0.07813777735	-0.00311070913	0.00091048357
0.07813093846	-0.00327798952	0.00103446842
0.07812380026	-0.00344392106	0.00115834429
0.07811637436	-0.00360843689	0.00128202600
0.07810867523	-0.00377142061	0.00140540454
0.07810071571	-0.00393280627	0.00152838798
0.07809250904	-0.00409252881	0.00165088908
0.07808406851	-0.00425052996	0.00177283238
0.07807541147	-0.00440668633	0.00189410131
0.07806654825	-0.00456100915	0.00201465050
0.07805749835	-0.00471335458	0.00213435828
0.07804827150	-0.00486375127	0.00225318947
0.07803888737	-0.00501206720	0.00237103379
0.07802935846	-0.00515829215	0.00248783173
0.07801969884	-0.00530239125	0.00260352551
0.07800992492	-0.00544429739	0.00271804032
0.07800005121	-0.00558397455	0.00283131284
0.07799009161	-0.00572139583	0.00294328775
0.07798006045	-0.00585652907	0.00305391024
0.07796997174	-0.00598934613	0.00316312867
0.07795983920	-0.00611982281	0.00327089461
0.07794967526	-0.00624795064	0.00337717208
0.07793949405	-0.00637369805	0.00348191452
0.07792930877	-0.00649704511	0.00358507737
0.07791912981	-0.00661800341	0.00368663637
0.07790896867	-0.00673656885	0.00378656771
0.07789883967	-0.00685270301	0.00388482207
0.07788874871	-0.00696646135	0.00398140739
0.07787871107	-0.00707779073	0.00407627382
0.07786873380	-0.00718672782	0.00416941638
0.07785882469	-0.00729329677	0.00426083516
0.07784899667	-0.00739746425	0.00435049418
0.07783925530	-0.00749927286	0.00443839655
0.07782960850	-0.00759873682	0.00452453724
0.07782006361	-0.00769587288	0.00460891348
0.07781062749	-0.00779070020	0.00469152457
0.07780130646	-0.00788323999	0.00477237213
0.07779210635	-0.00797351551	0.00485145976
0.07778303248	-0.00806155188	0.00492879301
0.07777408966	-0.00814737615	0.00500437904
0.07776528224	-0.00823101678	0.00507822699
0.07775661171	-0.00831252638	0.00515036642
0.07774808573	-0.00839189644	0.00522078812
0.07773970646	-0.00846916758	0.00528950625
0.07773147110	-0.00854442275	0.00535657372
0.07772339117	-0.00861761129	0.00542195580
0.07771545931	-0.00868885170	0.00548572217
0.07770768560	-0.00875810244	0.00554784560
0.07770006141	-0.00882548674	0.00560840428
0.07769259817	-0.00889094757	0.00566736311
0.07768528970	-0.00895458117	0.00572477730
0.07767813556	-0.00901643034	0.00578068145
0.07767114125	-0.00907648480	0.00583506906
0.07766430289	-0.00913481345	0.00588798188
0.07765762009	-0.00919145267	0.00593944640
0.07765109139	-0.00924644609	0.00598949547
0.07764471736	-0.00929981856	0.00603814923
0.07763849749	-0.00935160242	0.00608542993
0.07763242941	-0.00940184363	0.00613136976
0.07762651176	-0.00945057841	0.00617599624
0.07762074297	-0.00949784294	0.00621933676
0.07761512137	-0.00954367299	0.00626141884
0.07760964514	-0.00958810418	0.00630226980
0.07760431090	-0.00963118319	0.00634192682
0.07759911849	-0.00967292972	0.00638040796
0.07759406619	-0.00971337488	0.00641773644
0.07758915098	-0.00975255917	0.00645394263
0.07758437055	-0.00979051615	0.00648905298
0.07757972063	-0.00982729396	0.00652310670
0.07757519926	-0.00986292144	0.00655613110
0.07757080901	-0.00989739102	0.00658812132
0.07756654386	-0.00993076195	0.00661911917
0.07756240806	-0.00996301235	0.00664910374
0.07755970766	-0.00998401259	0.00666939984
0.07755729817	-0.01000271264	0.00669186618
0.07755520958	-0.01001889347	0.00671623937
0.07755346801	-0.01003236559	0.00674223365
0.07755209532	-0.01004297125	0.00676954427
0.07755110880	-0.01005058624	0.00679785102
0.07755052091	-0.01005512142	0.00682682205
0.07755033908	-0.01005652367	0.00685611769
0.07755056562	-0.01005477659	0.00688539448
0.07755119765	-0.01004990062	0.00691430917
0.07755222719	-0.01004195286	0.00694252276
0.07755364124	-0.01003102636	0.00696970449
0.07755542199	-0.01001724908	0.00699553565
0.07755754710	-0.01000078235	0.00701971342
0.07828635258	0.00871245155	-0.00394874782
0.07828880115	0.00869042153	-0.00401541524
0.07829058358	0.00867434923	-0.00404244492
0.07829228328	0.00865899476	-0.00406302820
0.07829398055	0.00864363470	-0.00408026619
0.07829568192	0.00862820982	-0.00409537293
0.07829740388	0.00861256971	-0.00410895628
0.07829916860	0.00859651139	-0.00412135247
0.07830095474	0.00858022715	-0.00413282444
0.07830278779	0.00856348268	-0.00414350557
0.07830467234	0.00854623316	-0.00415350085
0.07830659284	0.00852861826	-0.00416291753
0.07830856465	0.00851049434	-0.00417180389
0.07831059913	0.00849175339	-0.00418019143
0.07831268437	0.00847250130	-0.00418813359
0.07831482342	0.00845270637	-0.00419565975
0.07831702314	0.00843230092	-0.00420278638
0.07831928561	0.00841126108	-0.00420952940
0.07832161287	0.00838956312	-0.00421590120
0.07832400688	0.00836718338	-0.00422191080
0.07832647039	0.00834409061	-0.00422756318
0.07832900354	0.00832027745	-0.00423286524
0.07833160757	0.00829572583	-0.00423782111
0.07833428857	0.00827037159	-0.00424242501
0.07833704526	0.00824421930	-0.00424668040
0.07833987970	0.00821724163	-0.00425058527
0.07834279404	0.00818940985	-0.00425413681
0.07834579008	0.00816069776	-0.00425733088
0.07834886965	0.00813107846	-0.00426016324
0.07835203679	0.00810050264	-0.00426262404
0.07835530166	0.00806886076	-0.00426468841
0.07835864397	0.00803633789	-0.00426638640
0.07836207799	0.00800278358	-0.00426769390
0.07836562210	0.00796800379	-0.00426856683
0.07836924246	0.00793231672	-0.00426905755
0.07837297538	0.00789534941	-0.00426909696
0.07837679598	0.00785733185	-0.00426871910
0.07838072946	0.00781799600	-0.00426786900
0.07838475166	0.00777756507	-0.00426658126
0.07838889393	0.00773570428	-0.00426478597
0.07839313086	0.00769264884	-0.00426251632
0.07839747438	0.00764825620	-0.00425974215
0.07840193065	0.00760243923	-0.00425643565
0.07840649866	0.00755518232	-0.00425258021
0.07841117190	0.00750652603	-0.00424817408
0.07841595710	0.00745637200	-0.00424318861
0.07842085467	0.00740468528	-0.00423760383
0.07842586487	0.00735143055	-0.00423139910
0.07843098780	0.00729657211	-0.00422455325
0.07843622338	0.00724007416	-0.00421704363
0.07844157135	0.00718190058	-0.00420884709
0.07844703779	0.00712194307	-0.00419992090
0.07845261172	0.00706027808	-0.00419026185
0.07845829454	0.00699684425	-0.00417984148
0.07846409264	0.00693152063	-0.00416861235
0.07846999971	0.00686432491	-0.00415655189
0.07847601028	0.00679526471	-0.00414364248
0.07848213320	0.00672417872	-0.00412982032
0.07848835438	0.00665116823	-0.00411508139
0.07849467681	0.00657613290	-0.00409937907
0.07850110335	0.00649896799	-0.00408265418
0.07850761825	0.00641978884	-0.00406490334
0.07851422542	0.00633847125	-0.00404606921
0.07852092043	0.00625498730	-0.00402610989
0.07852769844	0.00616931024	-0.00400498241
0.07853455424	0.00608141453	-0.00398264301
0.07854148219	0.00599127586	-0.00395904753
0.07854847629	0.00589887137	-0.00393415121
0.07855553009	0.00580417980	-0.00390790861
0.07856263674	0.00570718152	-0.00388027406
0.07856978893	0.00560785866	-0.00385120170
0.07857698169	0.00550615654	-0.00382063315
0.07858420556	0.00540207810	-0.00378852068
0.07859144691	0.00529568546	-0.00375484193
0.07859870753	0.00518680890	-0.00371950178
0.07860596488	0.00507563760	-0.00368250896
0.07861322241	0.00496196273	-0.00364375780
0.07862045737	0.00484597723	-0.00360325743
0.07862766822	0.00472753657	-0.00356092467
0.07863484063	0.00460669633	-0.00351672482
0.07864196119	0.00448349770	-0.00347062845
0.07864902047	0.00435791123	-0.00342258534
0.07865600616	0.00422995352	-0.00337255624
0.07866290592	0.00409963952	-0.00332050228
0.07866970662	0.00396699787	-0.00326639085
0.07867639466	0.00383206669	-0.00321019609
0.07868295759	0.00369486080	-0.00315188573
0.07868938270	0.00355539895	-0.00309142868
0.07869565570	0.00341373490	-0.00302880754
0.07870176306	0.00326990877	-0.00296400419
0.07870769142	0.00312395960	-0.00289700315
0.07871342726	0.00297593346	-0.00282779340
0.07871895716	0.00282587945	-0.00275636666
0.07872426945	0.00267380093	-0.00268269558
0.07872934732	0.00251985759	-0.00260681619
0.07873417963	0.00236405772	-0.00252872166
0.07873875502	0.00220641564	-0.00244839627
0.07874305840	0.00204708693	-0.00236588257
0.07874707871	0.00188610863	-0.00228119197
0.07875080547	0.00172349922	-0.00219431954
0.07875422482	0.00155945015	-0.00210533450
0.07875732846	0.00139392446	-0.00201422510
0.07876010439	0.00122709755	-0.00192105823
0.07876254396	0.00105899945	-0.00182585605
0.07876463785	0.00088973919	-0.00172866611
0.07876637764	0.00071941992	-0.00162954456
0.07876775610	0.00054809740	-0.00152852660
0.07876876594	0.00037593034	-0.00142569618
0.07876940161	0.00020293136	-0.00132107810
0.07876965756	0.00002930563	-0.00121478192
0.07876952962	-0.00014496459	-0.00110682698
0.07876901441	-0.00031965772	-0.00099733263
0.07876810917	-0.00049476262	-0.00088634202
0.07876681246	-0.00067012450	-0.00077394990
0.07876512368	-0.00084563789	-0.00066024395
0.07876304243	-0.00102125374	-0.00054528111
0.07876057094	-0.00119677785	-0.00042918586
0.07875771068	-0.00137215884	-0.00031203218
0.07875446423	-0.00154731219	-0.00019389581
0.07875083680	-0.00172206718	-0.00007489853
0.07874683254	-0.00189635868	0.00004487470
0.07874245722	-0.00207008258	0.00016532760
0.07873771712	-0.00224314819	0.00028637190
0.07873262052	-0.00241542481	0.00040789726
0.07872717541	-0.00258682509	0.00052980692
0.07872139070	-0.00275725547	0.00065200342
0.07871527618	-0.00292662042	0.00077438763
0.07870884235	-0.00309482604	0.00089686179
0.07870210032	-0.00326178134	0.00101932818
0.07869506181	-0.00342739816	0.00114168976
0.07868773827	-0.00359160928	0.00126386215
0.07868014396	-0.00375429871	0.00138573791
0.07867229152	-0.00391540017	0.00150722602
0.07866419403	-0.00407484831	0.00162824012
0.07865586463	-0.00423258451	0.00174870544
0.07864732037	-0.00438848605	0.00186850724
0.07863857154	-0.00454256283	0.00198759990
0.07862963732	-0.00469467209	0.00210586391
0.07862052739	-0.00484484098	0.00222326359
0.07861126113	-0.00499293849	0.00233969064
0.07860185092	-0.00513895357	0.00245508581
0.07859231067	-0.00528285100	0.00256939181
0.07858265660	-0.00542456384	0.00268253487
0.07857290306	-0.00556405581	0.00279445230
0.07856306380	-0.00570129968	0.00290508930
0.07855315299	-0.00583626309	0.00301439164
0.07854318451	-0.00596891769	0.00312230821
0.07853317194	-0.00609923908	0.00322879109
0.07852312756	-0.00622721841	0.00333380452
0.07851306539	-0.00635282411	0.00343730258
0.07850299846	-0.00647603612	0.00353924122
0.07849293711	-0.00659686553	0.00363959619
0.07848289273	-0.00671530797	0.00373834386
0.07847287943	-0.00683132535	0.00383543578
0.07846290317	-0.00694497208	0.00393087918
0.07845297900	-0.00705619566	0.00402462527
0.07844311395	-0.00716503209	0.00411666879
0.07843331579	-0.00727150509	0.00420700957
0.07842359724	-0.00737558180	0.00429561247
0.07841396390	-0.00747730418	0.00438248020
0.07840442358	-0.00757668630	0.00446760775
0.07839498360	-0.00767374473	0.00455099233
0.07838565075	-0.00776849849	0.00463263324
0.07837643130	-0.00786096862	0.00471253199
0.07836733106	-0.00795117820	0.00479069214
0.07835835529	-0.00803915221	0.00486711910
0.07834950878	-0.00812491754	0.00494181992
0.07834079588	-0.00820850249	0.00501480360
0.07833221807	-0.00828995919	0.00508609906
0.07832378292	-0.00836927956	0.00515569756
0.07831549261	-0.00844650396	0.00522361300
0.07830734445	-0.00852171447	0.00528989710
0.07829934972	-0.00859486155	0.00535451636
0.07829150130	-0.00866606234	0.00541753878
0.07828380905	-0.00873527629	0.00547893820
0.07827626460	-0.00880262526	0.00553879095
0.07826887912	-0.00886805347	0.00559706328
0.07826164661	-0.00893165616	0.00565380914
0.07825456665	-0.00899347597	0.00570906260
0.07824764464	-0.00905350321	0.00576281774
0.07824087678	-0.00911180621	0.00581511546
0.07823426272	-0.00916842128	0.00586598193
0.07822780103	-0.00922339190	0.00591544952
0.07822149226	-0.00927674300	0.00596353827
0.07821533590	-0.00932850690	0.00601027019
0.07820932967	-0.00937872938	0.00605567697
0.07820347219	-0.00942744660	0.00609978583
0.07819776194	-0.00947469465	0.00614262381
0.07819219728	-0.00952050927	0.00618421812
0.07818677639	-0.00956492601	0.00622459573
0.07818149598	-0.00960799134	0.00626379326
0.07817635587	-0.00964972513	0.00630182870
0.07817135435	-0.00969015848	0.00633872506
0.07816648844	-0.00972933174	0.00637451225
0.07816175589	-0.00976727843	0.00640921643
0.07815715249	-0.00980404645	0.00644287615
0.07815267629	-0.00983966464	0.00647551845
0.07814832979	-0.00987412595	0.00650713895
0.07814410707	-0.00990748919	0.00653777867
0.07814001226	-0.00993973318	0.00656741754
0.07813735787	-0.00996057812	0.00658734578
0.07813498652	-0.00997916291	0.00660942913
0.07813292771	-0.00999526988	0.00663340869
0.07813120714	-0.01000871037	0.00665900332
0.07812984640	-0.01001932700	0.00668591294
0.07812886262	-0.01002699544	0.00671382207
0.07812826821	-0.01003162591	0.00674240349
0.07812807068	-0.01003316418	0.00677132212
0.07812827253	-0.01003159224	0.00680023890
0.07812887121	-0.01002692851	0.00682881482
0.07812985915	-0.01001922757	0.00685671486
0.07813122388	-0.01000857962	0.00688361190
0.07813294824	-0.00999510933	0.00690919060
0.07813501059	-0.00997897445	0.00693315108
0.07887351210	0.00867966725	-0.00389548486
0.07887589645	0.00865797290	-0.00396133700
0.07887763951	0.00864207846	-0.00398804299
0.07887930361	0.00862687641	-0.00400838255
0.07888096634	0.00861165980	-0.00402541902
0.07888263389	0.00859637164	-0.00404035094
0.07888432224	0.00858086474	-0.00405377876
0.07888605287	0.00856494004	-0.00406603499
0.07888780506	0.00854878637	-0.00407737854
0.07888960355	0.00853217365	-0.00408794175
0.07889145281	0.00851505779	-0.00409782837
0.07889333775	0.00849757578	-0.00410714378
0.07889527330	0.00847958646	-0.00411593605
0.07889727050	0.00846098358	-0.00412423657
0.07889931781	0.00844187091	-0.00413209772
0.07890141820	0.00842221711	-0.00413954854
0.07890357837	0.00840195548	-0.00414660546
0.07890580035	0.00838106237	-0.00415328423
0.07890808614	0.00835951420	-0.00415959710
0.07891043767	0.00833728749	-0.00416555299
0.07891285762	0.00831435127	-0.00417115686
0.07891534617	0.00829069801	-0.00417641549
0.07891790456	0.00826630968	-0.00418133296
0.07892053869	0.00824112298	-0.00418590370
0.07892324738	0.00821514206	-0.00419013106
0.07892603263	0.00818833976	-0.00419401307
0.07892889657	0.00816068754	-0.00419754700
0.07893184098	0.00813215932	-0.00420072875
0.07893486764	0.00810272833	-0.00420355417
0.07893798052	0.00807234577	-0.00420601363
0.07894118952	0.00804090371	-0.00420808288
0.07894447495	0.00800858349	-0.00420979084
0.07894785070	0.00797523696	-0.00421111415
0.07895133466	0.00794067320	-0.00421200992
0.07895489397	0.00790520423	-0.00421252859
0.07895856394	0.00786846339	-0.00421260320
0.07896232043	0.00783067611	-0.00421226641
0.07896618793	0.00779157870	-0.00421146484
0.07897014303	0.00775138991	-0.00421023171
0.07897421617	0.00770978052	-0.00420849916
0.07897838272	0.00766698101	-0.00420629894
0.07898265429	0.00762285095	-0.00420360172
0.07898703688	0.00757730425	-0.00420038023
0.07899152954	0.00753032508	-0.00419661804
0.07899612597	0.00748195277	-0.00419231311
0.07900083272	0.00743209019	-0.00418743744
0.07900565021	0.00738070251	-0.00418197130
0.07901057872	0.00732775449	-0.00417589433
0.07901561835	0.00727321054	-0.00416918562
0.07902076905	0.00721703494	-0.00416182283
0.07902603059	0.00715919165	-0.00415378308
0.07903140887	0.00709957375	-0.00414502451
0.07903689323	0.00703825576	-0.00413554346
0.07904248505	0.00697517684	-0.00412531195
0.07904819054	0.00691021762	-0.00411428349
0.07905400358	0.00684339488	-0.00410243556
0.07905991883	0.00677471554	-0.00408975056
0.07906594490	0.00670402056	-0.00407616608
0.07907206809	0.00663140883	-0.00406167750
0.07907829130	0.00655678123	-0.00404623908
0.07908461728	0.00648003428	-0.00402979271
0.07909103072	0.00640128067	-0.00401233434
0.07909753540	0.00632039784	-0.00399380776
0.07910412697	0.00623735779	-0.00397417158
0.07911080070	0.00615213366	-0.00395338331
0.07911755148	0.00606469979	-0.00393139971
0.07912437381	0.00597503176	-0.00390817713
0.07913126179	0.00588310654	-0.00388367132
0.07913820911	0.00578890273	-0.00385783735
0.07914520902	0.00569240052	-0.00383063008
0.07915225441	0.00559358184	-0.00380200416
0.07915934032	0.00549239250	-0.00377190207
0.07916645750	0.00538883490	-0.00374027654
0.07917359261	0.00528296962	-0.00370710501
0.07918074731	0.00517462951	-0.00367229435
0.07918789958	0.00506400001	-0.00363585201
0.07919505266	0.00495087558	-0.00359767471
0.07920218433	0.00483544545	-0.00355777028
0.07920929298	0.00471756729	-0.00351605730
0.07921636453	0.00459729543	-0.00347250112
0.07922338583	0.00447467011	-0.00342707237
0.07923034756	0.00434966218	-0.00337972159
0.07923723759	0.00422228779	-0.00333040987
0.07924404379	0.00409256151	-0.00327909873
0.07925075321	0.00396051140	-0.00322575582
0.07925735247	0.00382617489	-0.00317035534
0.07926382929	0.00368956655	-0.00311286540
0.07927017112	0.00355070489	-0.00305325525
0.07927636389	0.00340964285	-0.00299150742
0.07928239423	0.00326642004	-0.00292760389
0.07928824898	0.00312107506	-0.00286152923
0.07929391478	0.00297365345	-0.00279327242
0.07929937836	0.00282420384	-0.00272282513
0.07930462818	0.00267272991	-0.00265016056
0.07930964767	0.00251938908	-0.00257531344
0.07931442580	0.00236419004	-0.00249827724
0.07931895130	0.00220714744	-0.00241903661
0.07932320929	0.00204841484	-0.00233763284
0.07932718878	0.00188802938	-0.00225407728
0.07933087939	0.00172600997	-0.00216836532
0.07933426742	0.00156254566	-0.00208056438
0.07933734459	0.00139760099	-0.00199066356
0.07934009903	0.00123134936	-0.00189872815
0.07934252214	0.00106382129	-0.00180478028
0.07934460465	0.00089512503	-0.00170886670
0.07934633819	0.00072536313	-0.00161104264
0.07934771555	0.00055459157	-0.00151134304
0.07934872949	0.00038296765	-0.00140985027
0.07934937443	0.00021050503	-0.00130658936
0.07934964484	0.00003740678	-0.00120166763
0.07934953652	-0.00013634319	-0.00109510505
0.07934904605	-0.00031052556	-0.00098701848
0.07934817065	-0.00048512795	-0.00087745122
0.07934690882	-0.00065999667	-0.00076649641
0.07934525988	-0.00083502645	-0.00065424059
0.07934322338	-0.00101016758	-0.00054074045
0.07934080143	-0.00118522745	-0.00042611820
0.07933799541	-0.00136015397	-0.00031044732
0.07933480782	-0.00153486244	-0.00019380281
0.07933124370	-0.00170918330	-0.00007630440
0.07932730712	-0.00188305090	0.00004196365
0.07932300369	-0.00205636123	0.00016090623
0.07931833955	-0.00222902347	0.00028043605
0.07931332283	-0.00240090744	0.00040044430
0.07930796135	-0.00257192560	0.00052083530
0.07930226388	-0.00274198436	0.00064151270
0.07929624003	-0.00291098816	0.00076237852
0.07928990012	-0.00307884309	0.00088333617
0.07928325509	-0.00324545811	0.00100428905
0.07927631647	-0.00341074499	0.00112514125
0.07926909556	-0.00357463617	0.00124580920
0.07926160638	-0.00373701607	0.00136618697
0.07925386141	-0.00389781813	0.00148618448
0.07924587355	-0.00405697668	0.00160571624
0.07923765577	-0.00421443278	0.00172470820
0.07922922486	-0.00437006439	0.00184304741
0.07922059104	-0.00452388009	0.00196068803
0.07921177316	-0.00467573823	0.00207751265
0.07920278087	-0.00482566444	0.00219348518
0.07919363325	-0.00497352875	0.00230849922
0.07918434255	-0.00511931930	0.00242249581
0.07917492255	-0.00526300050	0.00253541815
0.07916538924	-0.00540450561	0.00264719350
0.07915575682	-0.00554379809	0.00275775982
0.07914603890	-0.00568085039	0.00286706281
0.07913624949	-0.00581562997	0.00297504880
0.07912640231	-0.00594810828	0.00308166726
0.07911651081	-0.00607826071	0.00318687074
0.07910658715	-0.00620607803	0.00329062374
0.07909664519	-0.00633152869	0.00339288092
0.07908669781	-0.00645459253	0.00349359877
0.07907675529	-0.00657528009	0.00359275308
0.07906682889	-0.00669358679	0.00369032037
0.07905693257	-0.00680947483	0.00378625305
0.07904707230	-0.00692299761	0.00388055766
0.07903726290	-0.00703410325	0.00397318648
0.07902751139	-0.00714282708	0.00406413393
0.07901782549	-0.00724919242	0.00415339964
0.07900821775	-0.00735316685	0.00424094924
0.07899869376	-0.00745479171	0.00432678509
0.07898926127	-0.00755408092	0.00441090219
0.07897992755	-0.00765105088	0.00449329776
0.07897069931	-0.00774572045	0.00457397102
0.07896158281	-0.00783811050	0.00465292347
0.07895258376	-0.00792824395	0.00473015855
0.07894370744	-0.00801614564	0.00480568158
0.07893495859	-0.00810184227	0.00487949948
0.07892634151	-0.00818536200	0.00495162112
0.07891785775	-0.00826675649	0.00502207478
0.07890951475	-0.00834601808	0.00509085219
0.07890131468	-0.00842318685	0.00515796697
0.07889325500	-0.00849834404	0.00522346968
0.07888534675	-0.00857144119	0.00528732806
0.07887758302	-0.00864259410	0.00534960839
0.07886997348	-0.00871176322	0.00541028560
0.07886250999	-0.00877906901	0.00546943419
0.07885520348	-0.00884445695	0.00552702173
0.07884804812	-0.00890802128	0.00558310092
0.07884104352	-0.00896980449	0.00563770531
0.07883419495	-0.00902979744	0.00569082952
0.07882749873	-0.00908806793	0.00574251365
0.07882095452	-0.00914465218	0.00579278353
0.07881456093	-0.00919959349	0.00584167108
0.07880831850	-0.00925291689	0.00588919618
0.07880222672	-0.00930465471	0.00593538064
0.07879628335	-0.00935485249	0.00598025567
0.07879048706	-0.00940354633	0.00602384816
0.07878483635	-0.00945077228	0.00606618481
0.07877932958	-0.00949656599	0.00610729250
0.07877396499	-0.00954096297	0.00614719790
0.07876873934	-0.00958400946	0.00618593703
0.07876365243	-0.00962572550	0.00622352785
0.07875870257	-0.00966614217	0.00625999310
0.07875388684	-0.00970529970	0.00629536229
0.07874920301	-0.00974323153	0.00632966125
0.07874464694	-0.00977998532	0.00636292791
0.07874021673	-0.00981558991	0.00639518901
0.07873591475	-0.00985003878	0.00642644066
0.07873173523	-0.00988339028	0.00645672309
0.07872768215	-0.00991562395	0.00648601704
0.07872507390	-0.00993631089	0.00650558081
0.07872274095	-0.00995477739	0.00652728425
0.07872071227	-0.00997080714	0.00655087291
0.07871901319	-0.00998421240	0.00657607024
0.07871766501	-0.00999483619	0.00660258083
0.07871668468	-0.01000255410	0.00663009385
0.07871608455	-0.01000727574	0.00665828675
0.07871587221	-0.01000894583	0.00668682898
0.07871605034	-0.01000754482	0.00671538592
0.07871661669	-0.01000308912	0.00674362277
0.07871756410	-0.00999563088	0.00677120847
0.07871888064	-0.00998525746	0.00679781960
0.07872054973	-0.00997209032	0.00682314417
0.07872255046	-0.00995628366	0.00684688528
0.07945042388	0.00864752507	-0.00384421431
0.07945274721	0.00862615237	-0.00390928089
0.07945445274	0.00861042882	-0.00393567500
0.07945608284	0.00859537337	-0.00395577973
0.07945771256	0.00858029482	-0.00397262202
0.07945934778	0.00856513832	-0.00398738550
0.07946100397	0.00854975978	-0.00400066347
0.07946270198	0.00853396384	-0.00401278483
0.07946442166	0.00851793607	-0.00402400462
0.07946618705	0.00850145042	-0.00403445420
0.07946800251	0.00848446349	-0.00404423610
0.07946985338	0.00846710974	-0.00405345392
0.07947175418	0.00844925033	-0.00406215551
0.07947371566	0.00843078073	-0.00407037216
0.07947572661	0.00841180268	-0.00407815522
0.07947778994	0.00839228517	-0.00408553342
0.07947991218	0.00837216248	-0.00409252314
0.07948209532	0.00835141111	-0.00409913996
0.07948434133	0.00833000768	-0.00410539600
0.07948665210	0.00830792885	-0.00411130009
0.07948903028	0.00828514392	-0.00411685716
0.07949147604	0.00826164523	-0.00412207389
0.07949399060	0.00823741477	-0.00412695428
0.07949657976	0.00821239005	-0.00413149301
0.07949924236	0.00818657484	-0.00413569329
0.07950198040	0.00815994216	-0.00413955319
0.07950479595	0.00813246362	-0.00414307005
0.07950769078	0.00810411326	-0.00414623984
0.07951066663	0.00807486445	-0.00414905847
0.07951372741	0.00804466888	-0.00415151653
0.07951688275	0.00801342016	-0.00415359035
0.07952011354	0.00798129605	-0.00415530779
0.07952343331	0.00794815065	-0.00415664621
0.07952685947	0.00791379597	-0.00415756383
0.07953036012	0.00787853814	-0.00415810927
0.07953396960	0.00784201655	-0.00415821762
0.07953766447	0.00780445222	-0.00415792022
0.07954146857	0.00776558569	-0.00415716522
0.07954535916	0.00772563140	-0.00415598451
0.07954936586	0.00768426546	-0.00415431219
0.07955346475	0.00764171386	-0.00415217865
0.07955766713	0.00759783814	-0.00414955531
0.07956197888	0.00755255326	-0.00414641548
0.07956639908	0.00750584317	-0.00414274285
0.07957092163	0.00745774600	-0.00413853515
0.07957555292	0.00740816585	-0.00413376496
0.07958029338	0.00735706796	-0.00412841281
0.07958514330	0.00730441720	-0.00412245859
0.07959010279	0.00725017807	-0.00411588165
0.07959517182	0.00719431493	-0.00410865993
0.07960035017	0.00713679184	-0.00410077086
0.07960564360	0.00707750320	-0.00409217335
0.07961104175	0.00701652167	-0.00408286336
0.07961654597	0.00695378692	-0.00407281333
0.07962216229	0.00688918109	-0.00406197771
0.07962788478	0.00682272012	-0.00405033403
0.07963370823	0.00675441022	-0.00403786472
0.07963964103	0.00668409456	-0.00402450864
0.07964566983	0.00661186973	-0.00401026067
0.07965179745	0.00653763777	-0.00399507588
0.07965802654	0.00646129642	-0.00397889719
0.07966434220	0.00638295584	-0.00396171992
0.07967074808	0.00630249505	-0.00394348894
0.07967723993	0.00621988595	-0.00392416333
0.07968381312	0.00613510159	-0.00390370109
0.07969046263	0.00604811623	-0.00388205947
0.07969718309	0.00595890529	-0.00385919531
0.07970396870	0.00586744565	-0.00383506485
0.07971081326	0.00577371573	-0.00380962367
0.07971771019	0.00567769556	-0.00378282711
0.07972465246	0.00557936690	-0.00375463031
0.07973163521	0.00547867602	-0.00372497661
0.07973864936	0.00537562481	-0.00369381915
0.07974568185	0.00527027239	-0.00366113521
0.07975273420	0.00516245404	-0.00362683353
0.07975978490	0.00505235166	-0.00359092040
0.07976683701	0.00493976286	-0.00355329476
0.07977386879	0.00482487329	-0.00351396324
0.07978087857	0.00470754277	-0.00347284611
0.07978785253	0.00458782441	-0.00342990876
0.07979477773	0.00446575754	-0.00338512188
0.07980164499	0.00434131333	-0.00333843674
0.07980844235	0.00421450748	-0.00328981478
0.07981515787	0.00408535419	-0.00323921787
0.07982177879	0.00395388097	-0.00318661389
0.07982829193	0.00382012461	-0.00313197717
0.07983468517	0.00368409943	-0.00307527614
0.07984094613	0.00354582371	-0.00301648037
0.07984706092	0.00340534961	-0.00295557236
0.07985301639	0.00326271624	-0.00289253415
0.07985879951	0.00311796178	-0.00282735039
0.07986439709	0.00297113129	-0.00276001005
0.07986979604	0.00282227292	-0.00269050478
0.07987498492	0.00267139065	-0.00261880824
0.07987994741	0.00251863976	-0.00254495399
0.07988467256	0.00236402930	-0.00246893573
0.07988914920	0.00220757421	-0.00239073851
0.07989336266	0.00204942615	-0.00231040240
0.07989730203	0.00188962233	-0.00222793870
0.07990095701	0.00172818208	-0.00214334307
0.07990431406	0.00156529214	-0.00205668126
0.07990736494	0.00140091848	-0.00196794314
0.07991009789	0.00123523259	-0.00187719248
0.07991250436	0.00106826543	-0.00178445140
0.07991457514	0.00090012452	-0.00168976585
0.07991630192	0.00073091184	-0.00159319019
0.07991767751	0.00056068354	-0.00149475913
0.07991869468	0.00038959556	-0.00139455348
0.07991934789	0.00021766256	-0.00129259852
0.07991963158	0.00004508562	-0.00118899944
0.07991954155	-0.00012814982	-0.00108377675
0.07991907435	-0.00030182661	-0.00097704498
0.07991822717	-0.00047593118	-0.00086884753
0.07991699844	-0.00065031089	-0.00075927602
0.07991538744	-0.00082486073	-0.00064841589
0.07991339364	-0.00099953028	-0.00053632357
0.07991101905	-0.00117412854	-0.00042311909
0.07990826500	-0.00134860272	-0.00030887547
0.07990513386	-0.00152286796	-0.00019366696
0.07990163055	-0.00169675584	-0.00007761136
0.07989775901	-0.00187020021	0.00003920777
0.07989352476	-0.00204309715	0.00015669645
0.07988893380	-0.00221535574	0.00027476830
0.07988399407	-0.00238684633	0.00039331603
0.07987871327	-0.00255748121	0.00051224496
0.07987310001	-0.00272716674	0.00063145983
0.07986716374	-0.00289580738	0.00075086379
0.07986091460	-0.00306330919	0.00087036133
0.07985436337	-0.00322958112	0.00098985695
0.07984752142	-0.00339453489	0.00110925584
0.07984039986	-0.00355810258	0.00122847519
0.07983301251	-0.00372016908	0.00134741054
0.07982537168	-0.00388066751	0.00146597271
0.07981749010	-0.00403953194	0.00158407707
0.07980938057	-0.00419670313	0.00170165023
0.07980105965	-0.00435205970	0.00181858097
0.07979253745	-0.00450560898	0.00193482327
0.07978383255	-0.00465721036	0.00205026171
0.07977495454	-0.00480688808	0.00216485983
0.07976592220	-0.00495451313	0.00227851304
0.07975674768	-0.00510007289	0.00239116267
0.07974744461	-0.00524353145	0.00250275240
0.07973802878	-0.00538482223	0.00261321047
0.07972851422	-0.00552390847	0.00272247547
0.07971891441	-0.00566076233	0.00283049359
0.07970924319	-0.00579535108	0.00293721172
0.07969951416	-0.00592764598	0.00304257984
0.07968974060	-0.00605762225	0.00314655099
0.07967993459	-0.00618527028	0.00324908989
0.07967010979	-0.00631055857	0.00335015181
0.07966027899	-0.00643346684	0.00344969374
0.07965045236	-0.00655400512	0.00354769147
0.07964064107	-0.00667216862	0.00364412172
0.07963085890	-0.00678791983	0.00373893770
0.07962111182	-0.00690131118	0.00383214530
0.07961141447	-0.00701229140	0.00392369781
0.07960177383	-0.00712089516	0.00401358937
0.07959219757	-0.00722714540	0.00410181940
0.07958269809	-0.00733101014	0.00418835429
0.07957328094	-0.00743253011	0.00427319605
0.07956395385	-0.00753171908	0.00435633970
0.07955472398	-0.00762859331	0.00443778243
0.07954559803	-0.00772317147	0.00451752346
0.07953658218	-0.00781547431	0.00459556420
0.07952768213	-0.00790552458	0.00467190803
0.07951890309	-0.00799334695	0.00474656017
0.07951024978	-0.00807896799	0.00481952742
0.07950172649	-0.00816241569	0.00489081850
0.07949333478	-0.00824374126	0.00496046110
0.07948508197	-0.00832293745	0.00502844739
0.07947697027	-0.00840004407	0.00509479074
0.07946899723	-0.00847514153	0.00515954058
0.07946117367	-0.00854818243	0.00522266582
0.07945349290	-0.00861928128	0.00528423115
0.07944596440	-0.00868839946	0.00534421248
0.07943858024	-0.00875565612	0.00540268258
0.07943135112	-0.00882099791	0.00545961028
0.07942427136	-0.00888451815	0.00551504708
0.07941734062	-0.00894625913	0.00556902605
0.07941056406	-0.00900621228	0.00562154232
0.07940393809	-0.00906444485	0.00567263520
0.07939746237	-0.00912099300	0.00572233022
0.07939113557	-0.00917589984	0.00577065883
0.07938495819	-0.00922919050	0.00581764080
0.07937892976	-0.00928089729	0.00586329772
0.07937304807	-0.00933106556	0.00590766035
0.07936731181	-0.00937973132	0.00595075524
0.07936171951	-0.00942693058	0.00599260880
0.07935626957	-0.00947269891	0.00603324758
0.07935096023	-0.00951707176	0.00607269792
0.07934578832	-0.00956009517	0.00611099533
0.07934075363	-0.00960178931	0.00614815768
0.07933585449	-0.00964218528	0.00618420749
0.07933108802	-0.00968132313	0.00621917386
0.07932645202	-0.00971923628	0.00625308232
0.07932194244	-0.00975597212	0.00628597020
0.07931755737	-0.00979155950	0.00631786395
0.07931329912	-0.00982599240	0.00634876013
0.07930916202	-0.00985932875	0.00637869823
0.07930514995	-0.00989154872	0.00640765978
0.07930258636	-0.00991208051	0.00642687469
0.07930029071	-0.00993042990	0.00644821409
0.07929829147	-0.00994638194	0.00647142777
0.07929661360	-0.00995974981	0.00649624359
0.07929527809	-0.00997037693	0.00652237059
0.07929430174	-0.00997813886	0.00654950247
0.07929369684	-0.00998294471	0.00657732113
0.07929347103	-0.00998473820	0.00660550041
0.07929362714	-0.00998349832	0.00663370995
0.07929416322	-0.00997923960	0.00666161901
0.07929507250	-0.00997201190	0.00668890039
0.07929634352	-0.00996189987	0.00671523423
0.07929796030	-0.00994902192	0.00674031179
0.07929990258	-0.00993352887	0.00676383906
0.08008309334	0.00861492394	-0.00379310823
0.08008535538	0.00859387028	-0.00385739102
0.08008702290	0.00857831665	-0.00388347396
0.08008861849	0.00856340711	-0.00390334440
0.08009021464	0.00854846607	-0.00391999295
0.08009181694	0.00853344078	-0.00393458836
0.08009344036	0.00851819022	-0.00394771681
0.08009510510	0.00850252270	-0.00395970359
0.08009679160	0.00848662054	-0.00397079991
0.08009852321	0.00847026171	-0.00398113610
0.08010030414	0.00845340347	-0.00399081350
0.08010212018	0.00843617778	-0.00399993393
0.08010398545	0.00841844812	-0.00400854504
0.08010591038	0.00840011164	-0.00401667798
0.08010788412	0.00838126808	-0.00402438310
0.08010990952	0.00836188676	-0.00403168880
0.08011199292	0.00834190292	-0.00403861145
0.08011413628	0.00832129324	-0.00404516643
0.08011634153	0.00830003450	-0.00405136572
0.08011861054	0.00827810352	-0.00405721807
0.08012094589	0.00825546989	-0.00406272840
0.08012334777	0.00823212578	-0.00406790326
0.08012581741	0.00820805323	-0.00407274661
0.08012836043	0.00818319055	-0.00407725333
0.08013097576	0.00815754114	-0.00408142650
0.08013366534	0.00813107816	-0.00408526426
0.08013643122	0.00810377342	-0.00408876401
0.08013927514	0.00807560108	-0.00409192177
0.08014219883	0.00804653462	-0.00409473354
0.08014520610	0.00801652624	-0.00409719009
0.08014830631	0.00798547107	-0.00409926834
0.08015148097	0.00795354333	-0.00410099512
0.08015474321	0.00792059932	-0.00410234849
0.08015810998	0.00788645400	-0.00410328776
0.08016155033	0.00785140766	-0.00410385977
0.08016509762	0.00781510567	-0.00410400161
0.08016872912	0.00777776470	-0.00410374336
0.08017246802	0.00773912945	-0.00410303462
0.08017629224	0.00769941012	-0.00410190603
0.08018023058	0.00765828812	-0.00410029358
0.08018425984	0.00761598495	-0.00409822633
0.08018839102	0.00757236415	-0.00409567649
0.08019262984	0.00752734168	-0.00409261787
0.08019697543	0.00748090131	-0.00408903434
0.08020142190	0.00743307998	-0.00408492336
0.08020597548	0.00738378298	-0.00408025811
0.08021063658	0.00733297566	-0.00407501937
0.08021540552	0.00728062299	-0.00406918729
0.08022028242	0.00722668955	-0.00406274147
0.08022526726	0.00717113980	-0.00405566014
0.08023035984	0.00711393791	-0.00404792100
0.08023556578	0.00705497956	-0.00403948377
0.08024087501	0.00699433560	-0.00403034400
0.08024628886	0.00693194619	-0.00402047460
0.08025181318	0.00686769500	-0.00400983089
0.08025744221	0.00680159709	-0.00399839048
0.08026317090	0.00673365802	-0.00398613583
0.08026900739	0.00666372312	-0.00397300707
0.08027493869	0.00659188674	-0.00395899857
0.08028096755	0.00651805204	-0.00394406622
0.08028709653	0.00644211798	-0.00392815393
0.08029331112	0.00636419225	-0.00391125644
0.08029961484	0.00628415538	-0.00389331968
0.08030600355	0.00620197923	-0.00387430320
0.08031247271	0.00611763676	-0.00385416547
0.08031901743	0.00603110211	-0.00383286424
0.08032563241	0.00594235061	-0.00381035684
0.08033231200	0.00585135898	-0.00378659999
0.08033905012	0.00575810553	-0.00376154978
0.08034584029	0.00566257012	-0.00373516204
0.08035267565	0.00556473434	-0.00370739242
0.08035955140	0.00546454491	-0.00367818506
0.08036645864	0.00536200322	-0.00364749354
0.08037338458	0.00525716697	-0.00361529498
0.08038033063	0.00514987383	-0.00358149999
0.08038727578	0.00504030221	-0.00354611370
0.08039422291	0.00492825282	-0.00350903725
0.08040115077	0.00481390781	-0.00347027611
0.08040805763	0.00469712909	-0.00342975219
0.08041492994	0.00457796860	-0.00338743093
0.08042175498	0.00445646477	-0.00334328313
0.08042852370	0.00433258904	-0.00329726073
0.08043522435	0.00420635671	-0.00324932553
0.08044184514	0.00407778160	-0.00319943978
0.08044837355	0.00394689071	-0.00314757158
0.08045479657	0.00381372014	-0.00309369537
0.08046110228	0.00367828402	-0.00303777992
0.08046727846	0.00354060036	-0.00297979511
0.08047331143	0.00340072057	-0.00291972341
0.08047918822	0.00325868326	-0.00285754695
0.08048489597	0.00311452619	-0.00279325044
0.08049042169	0.00296829396	-0.00272682284
0.08049575244	0.00282003421	-0.00265825576
0.08050087690	0.00266975126	-0.00258752337
0.08050577900	0.00251759822	-0.00251465802
0.08051044790	0.00236358452	-0.00243965369
0.08051487255	0.00220772538	-0.00236249578
0.08051903845	0.00205017059	-0.00228322318
0.08052293483	0.00189095739	-0.00220184711
0.08052655145	0.00173010554	-0.00211836355
0.08052987494	0.00156779950	-0.00203283654
0.08053289712	0.00140400663	-0.00194525675
0.08053560634	0.00123889652	-0.00185568641
0.08053799411	0.00107250058	-0.00176414766
0.08054005130	0.00090492559	-0.00167068563
0.08054176963	0.00073627292	-0.00157535383
0.08054314197	0.00056659893	-0.00147818673
0.08054416112	0.00039605820	-0.00137926362
0.08054482155	0.00022466635	-0.00127860998
0.08054511769	0.00005262247	-0.00117632891
0.08054504536	-0.00012008647	-0.00107244143
0.08054460106	-0.00029324548	-0.00096705980
0.08054378197	-0.00046683984	-0.00086022748
0.08054258646	-0.00064071796	-0.00075203458
0.08054101374	-0.00081477507	-0.00064256547
0.08053906326	-0.00098896012	-0.00053187627
0.08053673689	-0.00116308365	-0.00042008490
0.08053403589	-0.00133709223	-0.00030726387
0.08053096257	-0.00151090083	-0.00019348671
0.08052752166	-0.00168434220	-0.00007886929
0.08052371704	-0.00185734968	0.00003650553
0.08051955406	-0.00202981948	0.00015254489
0.08051503862	-0.00220166059	0.00026916334
0.08051017848	-0.00237274386	0.00038625507
0.08050498120	-0.00254298147	0.00050372644
0.08049945523	-0.00271227972	0.00062148324
0.08049360984	-0.00288054310	0.00073942974
0.08048745501	-0.00304767767	0.00085747155
0.08048100134	-0.00321359237	0.00097551425
0.08047426002	-0.00337819887	0.00109346412
0.08046724199	-0.00354142894	0.00121123911
0.08045996085	-0.00370316791	0.00132873622
0.08045242874	-0.00386334862	0.00144586719
0.08044465821	-0.00402190490	0.00156254823
0.08043666188	-0.00417877718	0.00167870662
0.08042845605	-0.00433384478	0.00179423285
0.08042005075	-0.00448711379	0.00190908074
0.08041146426	-0.00463844466	0.00202313685
0.08040270610	-0.00478786022	0.00213636434
0.08039379475	-0.00493523245	0.00224866044
0.08038474224	-0.00508054798	0.00235996677
0.08037556205	-0.00522377057	0.00247022750
0.08036626973	-0.00536483384	0.00257937182
0.08035687917	-0.00550370081	0.00268733896
0.08034740369	-0.00564034332	0.00279407560
0.08033785698	-0.00577472850	0.00289952920
0.08032825246	-0.00590682742	0.00300365024
0.08031860327	-0.00603661511	0.00310639226
0.08030892136	-0.00616408164	0.00320772020
0.08029922025	-0.00628919549	0.00330758992
0.08028951255	-0.00641193631	0.00340595892
0.08027980837	-0.00653231363	0.00350280300
0.08027011875	-0.00665032243	0.00359809907
0.08026045729	-0.00676592552	0.00369180114
0.08025082999	-0.00687917433	0.00378391448
0.08024125123	-0.00699001822	0.00387439333
0.08023172799	-0.00709849122	0.00396323161
0.08022226788	-0.00720461586	0.00405042850
0.08021288312	-0.00730836061	0.00413595115
0.08020357926	-0.00740976561	0.00421980122
0.08019436394	-0.00750884447	0.00430197376
0.08018524428	-0.00760561328	0.00438246595
0.08017622689	-0.00770009058	0.00446127697
0.08016731791	-0.00779229694	0.00453840818
0.08015852300	-0.00788225497	0.00461386287
0.08014984732	-0.00796998919	0.00468764616
0.08014129556	-0.00805552599	0.00475976475
0.08013287197	-0.00813889322	0.00483022720
0.08012457816	-0.00822014162	0.00489906064
0.08011642131	-0.00829926437	0.00496625764
0.08010840365	-0.00837630099	0.00503183132
0.08010052282	-0.00845133108	0.00509583004
0.08009278945	-0.00852430828	0.00515822381
0.08008519703	-0.00859534579	0.00521907576
0.08007775485	-0.00866440596	0.00527836278
0.08007045522	-0.00873160660	0.00533615594
0.08006330859	-0.00879689554	0.00539242529
0.08005630945	-0.00886036515	0.00544722114
0.08004945748	-0.00892205754	0.00550057610
0.08004275772	-0.00898196471	0.00555248577
0.08003620668	-0.00904015335	0.00560298870
0.08002980406	-0.00909665955	0.00565211013
0.08002354854	-0.00915152624	0.00569988104
0.08001744062	-0.00920477866	0.00574632109
0.08001147983	-0.00925644906	0.00579145162
0.08000566401	-0.00930658260	0.00583530296
0.07999999188	-0.00935521524	0.00587790135
0.07999446199	-0.00940238289	0.00591927285
0.07998907276	-0.00944812108	0.00595944373
0.07998382248	-0.00949246519	0.00599844001
0.07997870802	-0.00953546102	0.00603629665
0.07997372915	-0.00957712892	0.00607303145
0.07996888425	-0.00961749996	0.00610866672
0.07996417047	-0.00965661405	0.00614323113
0.07995958563	-0.00969450455	0.00617674991
0.07995512578	-0.00973121859	0.00620925983
0.07995078901	-0.00976678505	0.00624078702
0.07994657756	-0.00980119837	0.00627132848
0.07994248587	-0.00983451606	0.00630092298
0.07993851769	-0.00986671895	0.00632955279
0.07993600027	-0.00988709330	0.00634842195
0.07993374338	-0.00990532296	0.00636940010
0.07993177500	-0.00992119438	0.00639224129
0.07993011968	-0.00993452167	0.00641667774
0.07992879812	-0.00994514874	0.00644242295
0.07992782692	-0.00995295113	0.00646917508
0.07992721831	-0.00995783747	0.00649662048
0.07992697994	-0.00995975054	0.00652443739
0.07992711484	-0.00995866794	0.00655229967
0.07992762129	-0.00995460234	0.00657988066
0.07992849292	-0.00994760135	0.00660685701
0.07992971874	-0.00993774697	0.00663291244
0.07993128336	-0.00992515459	0.00665774147
0.07993316717	-0.00990997169	0.00668105301
