Phi09DUCTEDFAN2FIXRPM_B1_1
3	0	0
214	76
0.03485177092	0.00276003407	-0.00461379678
0.03485560532	0.00271118088	-0.00467929915
0.03485750556	0.00268663925	-0.00470445415
0.03485908850	0.00266602199	-0.00472308153
0.03486054012	0.00264697306	-0.00473811211
0.03486189778	0.00262903163	-0.00475093071
0.03486319781	0.00261173547	-0.00476211349
0.03486447725	0.00259460020	-0.00477186076
0.03486571215	0.00257795268	-0.00478069609
0.03486693885	0.00256130815	-0.00478854848
0.03486816440	0.00254456979	-0.00479550936
0.03486936914	0.00252800701	-0.00480186651
0.03487057318	0.00251134430	-0.00480754293
0.03487179051	0.00249438388	-0.00481247815
0.03487300505	0.00247734596	-0.00481686304
0.03487421987	0.00246018550	-0.00482071656
0.03487544256	0.00244279149	-0.00482400453
0.03487667440	0.00242514064	-0.00482673870
0.03487791644	0.00240721188	-0.00482892728
0.03487916956	0.00238898616	-0.00483057514
0.03488043546	0.00237043171	-0.00483167470
0.03488171257	0.00235156381	-0.00483224696
0.03488300066	0.00233237842	-0.00483229891
0.03488430517	0.00231278550	-0.00483177630
0.03488562263	0.00229282741	-0.00483071082
0.03488695355	0.00227248675	-0.00482909393
0.03488829847	0.00225174460	-0.00482691515
0.03488965749	0.00223058833	-0.00482416586
0.03489103066	0.00220900502	-0.00482083722
0.03489242055	0.00218694123	-0.00481688940
0.03489383635	0.00216423399	-0.00481219753
0.03489525304	0.00214127041	-0.00480703206
0.03489668475	0.00211780963	-0.00480122579
0.03489814930	0.00209353753	-0.00479453629
0.03489960740	0.00206908857	-0.00478741617
0.03490109646	0.00204381751	-0.00477939166
0.03490258741	0.00201819617	-0.00477079735
0.03490410489	0.00199177965	-0.00476129377
0.03490562131	0.00196502551	-0.00475121309
0.03490716705	0.00193737264	-0.00474011950
0.03490871370	0.00190930146	-0.00472836081
0.03491027153	0.00188060247	-0.00471577244
0.03491184449	0.00185117212	-0.00470225581
0.03491342928	0.00182103819	-0.00468781009
0.03491501756	0.00179032754	-0.00467252056
0.03491661393	0.00175891899	-0.00465627630
0.03491821674	0.00172680737	-0.00463905215
0.03491982430	0.00169398783	-0.00462082234
0.03492143483	0.00166045573	-0.00460156061
0.03492304646	0.00162620732	-0.00458123947
0.03492465722	0.00159123912	-0.00455983094
0.03492627057	0.00155542534	-0.00453719435
0.03492787546	0.00151896006	-0.00451346532
0.03492947182	0.00148179701	-0.00448858036
0.03493106336	0.00144379240	-0.00446237722
0.03493264350	0.00140504165	-0.00443489717
0.03493420685	0.00136561912	-0.00440617652
0.03493575896	0.00132531886	-0.00437598078
0.03493728817	0.00128437510	-0.00434448213
0.03493879594	0.00124268336	-0.00431154442
0.03494028321	0.00120013883	-0.00427700802
0.03494173845	0.00115699542	-0.00424106690
0.03494316390	0.00111311306	-0.00420353862
0.03494455616	0.00106851237	-0.00416438335
0.03494591183	0.00102321577	-0.00412356102
0.03494722753	0.00097724730	-0.00408103163
0.03494849993	0.00093063243	-0.00403675559
0.03494972577	0.00088339824	-0.00399069363
0.03495090186	0.00083557367	-0.00394280683
0.03495202508	0.00078718912	-0.00389305699
0.03495309245	0.00073827663	-0.00384140673
0.03495410220	0.00068881300	-0.00378775076
0.03495505083	0.00063886268	-0.00373207379
0.03495593381	0.00058857062	-0.00367447313
0.03495675266	0.00053774283	-0.00361463165
0.03495750049	0.00048670668	-0.00355285802
0.03495817952	0.00043521101	-0.00348876069
0.03495878417	0.00038357956	-0.00342265127
0.03495931538	0.00033165043	-0.00335424907
0.03495977084	0.00027954760	-0.00328361211
0.03496014916	0.00022736546	-0.00321078265
0.03496045000	0.00017509850	-0.00313567257
0.03496067281	0.00012280324	-0.00305826893
0.03496081735	0.00007053050	-0.00297855285
0.03496088368	0.00001834495	-0.00289652893
0.03496087226	-0.00003368224	-0.00281221979
0.03496078391	-0.00008551415	-0.00272560156
0.03496061962	-0.00013711120	-0.00263665225
0.03496038088	-0.00018839490	-0.00254541321
0.03496006943	-0.00023930997	-0.00245189997
0.03495968729	-0.00028980763	-0.00235612425
0.03495923677	-0.00033983544	-0.00225810804
0.03495872047	-0.00038934216	-0.00215787546
0.03495814055	-0.00043832998	-0.00205535225
0.03495750153	-0.00048663196	-0.00195077046
0.03495680601	-0.00053426384	-0.00184407760
0.03495605666	-0.00058122868	-0.00173521144
0.03495525873	-0.00062738415	-0.00162438775
0.03495441547	-0.00067272795	-0.00151160036
0.03495352979	-0.00071727222	-0.00139678753
0.03495260812	-0.00076086093	-0.00128023339
0.03495165215	-0.00080357712	-0.00116177233
0.03495066816	-0.00084529238	-0.00104164858
0.03494965910	-0.00088603218	-0.00091982676
0.03494862974	-0.00092574473	-0.00079641517
0.03494758458	-0.00096439418	-0.00067151821
0.03494652689	-0.00100198935	-0.00054513734
0.03494546234	-0.00103845364	-0.00041748298
0.03494439278	-0.00107384212	-0.00028846867
0.03494332485	-0.00110804881	-0.00015839473
0.03494225917	-0.00114116089	-0.00002711361
0.03494120256	-0.00117306761	0.00010504825
0.03494015585	-0.00120384100	0.00023817403
0.03493912376	-0.00123343219	0.00037207519
0.03493810921	-0.00126184345	0.00050664808
0.03493711360	-0.00128911490	0.00064191238
0.03493614199	-0.00131518321	0.00077759589
0.03493519508	-0.00134010024	0.00091369850
0.03493427468	-0.00136388290	0.00105017123
0.03493338453	-0.00138649526	0.00118678656
0.03493252509	-0.00140798247	0.00132351458
0.03493169789	-0.00142835797	0.00146025621
0.03493090402	-0.00144764223	0.00159694107
0.03493014538	-0.00146583351	0.00173341557
0.03492942237	-0.00148296215	0.00186960301
0.03492873553	-0.00149905239	0.00200541581
0.03492808530	-0.00151412724	0.00214076017
0.03492747197	-0.00152820992	0.00227554425
0.03492689564	-0.00154132575	0.00240967801
0.03492635620	-0.00155350146	0.00254307356
0.03492585308	-0.00156477166	0.00267568272
0.03492538679	-0.00157514487	0.00280736210
0.03492495631	-0.00158466103	0.00293805069
0.03492456072	-0.00159335567	0.00306768978
0.03492419923	-0.00160125960	0.00319623801
0.03492387205	-0.00160837966	0.00332352214
0.03492357666	-0.00161478093	0.00344961316
0.03492331380	-0.00162045579	0.00357429952
0.03492308064	-0.00162547303	0.00369767391
0.03492287780	-0.00162982518	0.00381954465
0.03492270302	-0.00163356599	0.00393992015
0.03492255510	-0.00163672518	0.00405877459
0.03492243343	-0.00163931913	0.00417602088
0.03492233662	-0.00164138019	0.00429161701
0.03492226325	-0.00164294058	0.00440553523
0.03492221212	-0.00164402701	0.00451773722
0.03492218202	-0.00164466613	0.00462818812
0.03492217174	-0.00164488452	0.00473685642
0.03492217995	-0.00164471010	0.00484373622
0.03492220583	-0.00164416065	0.00494878085
0.03492224814	-0.00164326155	0.00505195523
0.03492230536	-0.00164204515	0.00515327466
0.03492237656	-0.00164053017	0.00525273291
0.03492246107	-0.00163873019	0.00535025947
0.03492255709	-0.00163668276	0.00544593483
0.03492266448	-0.00163438966	0.00553966627
0.03492278164	-0.00163188432	0.00563149507
0.03492290768	-0.00162918490	0.00572144946
0.03492304231	-0.00162629636	0.00580946343
0.03492318411	-0.00162324857	0.00589558179
0.03492333235	-0.00162005594	0.00597980989
0.03492348636	-0.00161673272	0.00606215529
0.03492364542	-0.00161329299	0.00614262758
0.03492380890	-0.00160975037	0.00622123830
0.03492397613	-0.00160611811	0.00629800086
0.03492414650	-0.00160240918	0.00637293036
0.03492431940	-0.00159863643	0.00644604356
0.03492449425	-0.00159481205	0.00651735869
0.03492467048	-0.00159094820	0.00658693113
0.03492484806	-0.00158704500	0.00665472754
0.03492502622	-0.00158311957	0.00672077835
0.03492520430	-0.00157918601	0.00678518014
0.03492538271	-0.00157523544	0.00684784103
0.03492556025	-0.00157129414	0.00690889973
0.03492573731	-0.00156735363	0.00696827888
0.03492591291	-0.00156343580	0.00702612368
0.03492608764	-0.00155952763	0.00708233844
0.03492626050	-0.00155565142	0.00713702614
0.03492643152	-0.00155180702	0.00719022693
0.03492660084	-0.00154799142	0.00724190761
0.03492676787	-0.00154421826	0.00729213559
0.03492693251	-0.00154049010	0.00734093964
0.03492709466	-0.00153680927	0.00738835855
0.03492725436	-0.00153317543	0.00743440716
0.03492741147	-0.00152959215	0.00747910816
0.03492756579	-0.00152606432	0.00752250169
0.03492771725	-0.00152259370	0.00756461688
0.03492786580	-0.00151918213	0.00760548279
0.03492801140	-0.00151583110	0.00764512835
0.03492815398	-0.00151254220	0.00768358229
0.03492829352	-0.00150931641	0.00772088790
0.03492843013	-0.00150615169	0.00775705621
0.03492856373	-0.00150305009	0.00779211060
0.03492869424	-0.00150001430	0.00782608595
0.03492882161	-0.00149704530	0.00785900966
0.03492894587	-0.00149414348	0.00789092728
0.03492906715	-0.00149130541	0.00792186313
0.03492918556	-0.00148852957	0.00795179744
0.03492930081	-0.00148582264	0.00798078591
0.03492941282	-0.00148318712	0.00800879128
0.03492946160	-0.00148203792	0.00802240613
0.03492957238	-0.00147942475	0.00803581680
0.03492974353	-0.00147537823	0.00804886608
0.03492997256	-0.00146994579	0.00806140096
0.03493025617	-0.00146319109	0.00807327448
0.03493059027	-0.00145519329	0.00808434745
0.03493097014	-0.00144604613	0.00809449005
0.03493139046	-0.00143585680	0.00810358335
0.03493184545	-0.00142474475	0.00811152074
0.03493232896	-0.00141284021	0.00811820918
0.03493283459	-0.00140028272	0.00812357024
0.03493335578	-0.00138721949	0.00812754107
0.03493388595	-0.00137380366	0.00813007512
0.03493441856	-0.00136019249	0.00813114267
0.03540789283	0.00281984489	-0.00460161541
0.03541170673	0.00277153866	-0.00466752502
0.03541360360	0.00274719501	-0.00469287877
0.03541518615	0.00272671784	-0.00471167040
0.03541663927	0.00270777816	-0.00472685198
0.03541799965	0.00268992579	-0.00473981146
0.03541930342	0.00267270379	-0.00475112915
0.03542058761	0.00265563056	-0.00476101022
0.03542182791	0.00263903537	-0.00476997404
0.03542306081	0.00262243447	-0.00477795485
0.03542429338	0.00260573185	-0.00478504494
0.03542550570	0.00258919794	-0.00479152879
0.03542671799	0.00257255750	-0.00479733242
0.03542794438	0.00255561289	-0.00480239749
0.03542916859	0.00253858482	-0.00480691222
0.03543039371	0.00252142844	-0.00481089598
0.03543162740	0.00250403276	-0.00481431577
0.03543287092	0.00248637455	-0.00481718353
0.03543412535	0.00246843278	-0.00481950763
0.03543539159	0.00245018838	-0.00482129307
0.03543667133	0.00243160952	-0.00482253260
0.03543796302	0.00241271148	-0.00482324693
0.03543926642	0.00239349019	-0.00482344305
0.03544058705	0.00237385538	-0.00482306769
0.03544192141	0.00235384940	-0.00482215197
0.03544327001	0.00233345472	-0.00482068750
0.03544463344	0.00231265230	-0.00481866392
0.03544601179	0.00229142936	-0.00481607273
0.03544740514	0.00226977284	-0.00481290514
0.03544881611	0.00224762906	-0.00480912189
0.03545025404	0.00222483453	-0.00480460005
0.03545169359	0.00220177695	-0.00479960530
0.03545314908	0.00217821490	-0.00479397324
0.03545463865	0.00215383332	-0.00478746527
0.03545612244	0.00212926785	-0.00478052613
0.03545763844	0.00210387167	-0.00477268990
0.03545915718	0.00207811741	-0.00476428527
0.03546070369	0.00205155893	-0.00475497822
0.03546224998	0.00202465466	-0.00474509516
0.03546382696	0.00199684186	-0.00473420718
0.03546540577	0.00196860186	-0.00472265603
0.03546699690	0.00193972445	-0.00471027966
0.03546860438	0.00191010549	-0.00469698073
0.03547022491	0.00187977249	-0.00468275798
0.03547185003	0.00184885240	-0.00466769503
0.03547348445	0.00181722340	-0.00465168239
0.03547512655	0.00178488000	-0.00463469490
0.03547677462	0.00175181695	-0.00461670680
0.03547842690	0.00171802928	-0.00459769180
0.03548008152	0.00168351285	-0.00457762238
0.03548173652	0.00164826380	-0.00455647055
0.03548339548	0.00161215544	-0.00453409725
0.03548504715	0.00157538216	-0.00451063547
0.03548669148	0.00153789713	-0.00448602224
0.03548833235	0.00149955556	-0.00446009719
0.03548996306	0.00146045272	-0.00443290028
0.03549157811	0.00142066286	-0.00440446674
0.03549318328	0.00137997859	-0.00437456486
0.03549476662	0.00133863467	-0.00434336357
0.03549632969	0.00129652564	-0.00431072812
0.03549787351	0.00125354553	-0.00427650034
0.03549938624	0.00120994893	-0.00424087064
0.03550087026	0.00116559453	-0.00420365852
0.03550232210	0.00112050240	-0.00416482386
0.03550373828	0.00107469440	-0.00412432629
0.03550511536	0.00102819403	-0.00408212551
0.03550644994	0.00098102619	-0.00403818159
0.03550773867	0.00093321744	-0.00399245490
0.03550897824	0.00088479616	-0.00394490615
0.03551016546	0.00083579223	-0.00389549675
0.03551129723	0.00078623716	-0.00384418892
0.03551237174	0.00073610679	-0.00379087780
0.03551338533	0.00068546516	-0.00373554727
0.03551433321	0.00063445760	-0.00367829250
0.03551521705	0.00058288776	-0.00361879950
0.03551602946	0.00053108479	-0.00355737200
0.03551677288	0.00047879464	-0.00349362253
0.03551744123	0.00042634294	-0.00342785776
0.03551803554	0.00037356565	-0.00335979975
0.03551855324	0.00032058690	-0.00328950474
0.03551899271	0.00026750121	-0.00321701367
0.03551935352	0.00021430227	-0.00314223871
0.03551963491	0.00016104631	-0.00306516621
0.03551983647	0.00010778388	-0.00298577673
0.03551995807	0.00005457954	-0.00290407403
0.03551999997	0.00000150451	-0.00282007979
0.03551996280	-0.00005140452	-0.00273376977
0.03551984743	-0.00010410828	-0.00264512161
0.03551965511	-0.00015652796	-0.00255417559
0.03551938742	-0.00020860824	-0.00246094657
0.03551904621	-0.00026030021	-0.00236544570
0.03551863364	-0.00031155127	-0.00226769435
0.03551815214	-0.00036230995	-0.00216771605
0.03551760378	-0.00041257908	-0.00206543696
0.03551699284	-0.00046218965	-0.00196108639
0.03551632185	-0.00051115776	-0.00185461241
0.03551559340	-0.00055948696	-0.00174595326
0.03551481256	-0.00060703292	-0.00163532239
0.03551398252	-0.00065379323	-0.00152271386
0.03551310613	-0.00069978049	-0.00140806658
0.03551218973	-0.00074483593	-0.00129166196
0.03551123498	-0.00078904395	-0.00117333638
0.03551024811	-0.00083227367	-0.00105333187
0.03550923205	-0.00087455075	-0.00093161388
0.03550819159	-0.00091582215	-0.00080829003
0.03550713121	-0.00095605082	-0.00068346427
0.03550605423	-0.00099524537	-0.00055713861
0.03550496635	-0.00103332689	-0.00042952211
0.03550386949	-0.00107035112	-0.00030052987
0.03550277034	-0.00110620884	-0.00017046013
0.03550166961	-0.00114098849	-0.00003916759
0.03550057425	-0.00117457578	0.00009302352
0.03549948516	-0.00120704333	0.00022619455
0.03549840720	-0.00123834013	0.00036015778
0.03549734344	-0.00126846709	0.00049480937
0.03549629539	-0.00129746433	0.00063016781
0.03549526830	-0.00132526542	0.00076596222
0.03549426302	-0.00135192197	0.00090219119
0.03549328149	-0.00137745014	0.00103880511
0.03549232769	-0.00140181133	0.00117557723
0.03549140223	-0.00142505013	0.00131247652
0.03549050681	-0.00144717869	0.00144940353
0.03548964272	-0.00146821651	0.00158628724
0.03548881204	-0.00148815992	0.00172297409
0.03548801538	-0.00150703824	0.00185938667
0.03548725345	-0.00152487450	0.00199543681
0.03548652689	-0.00154169050	0.00213103017
0.03548583616	-0.00155750823	0.00226607437
0.03548518155	-0.00157235180	0.00240047883
0.03548456314	-0.00158624679	0.00253415506
0.03548398051	-0.00159922709	0.00266705404
0.03548343436	-0.00161129943	0.00279903230
0.03548292384	-0.00162250287	0.00293002802
0.03548244818	-0.00163287213	0.00305998171
0.03548200670	-0.00164243742	0.00318885126
0.03548159984	-0.00165120342	0.00331646357
0.03548122512	-0.00165923590	0.00344288798
0.03548088352	-0.00166652467	0.00356791348
0.03548057221	-0.00167313948	0.00369163101
0.03548029203	-0.00167907051	0.00381384938
0.03548004076	-0.00168437149	0.00393457586
0.03547981731	-0.00168907176	0.00405378396
0.03547962118	-0.00169318658	0.00417138640
0.03547945106	-0.00169674770	0.00428734060
0.03547930558	-0.00169978695	0.00440161817
0.03547918363	-0.00170233049	0.00451418035
0.03547908405	-0.00170440451	0.00462499180
0.03547900568	-0.00170603513	0.00473402057
0.03547894724	-0.00170725015	0.00484126020
0.03547890793	-0.00170806675	0.00494666379
0.03547888660	-0.00170850981	0.00505019592
0.03547888168	-0.00170861184	0.00515187127
0.03547889230	-0.00170839145	0.00525168325
0.03547891782	-0.00170786130	0.00534956140
0.03547895639	-0.00170705992	0.00544558528
0.03547900795	-0.00170598789	0.00553966248
0.03547907086	-0.00170467916	0.00563183364
0.03547914419	-0.00170315221	0.00572212662
0.03547922773	-0.00170141114	0.00581047563
0.03547931998	-0.00169948636	0.00589692490
0.03547942022	-0.00169739235	0.00598147963
0.03547952774	-0.00169514343	0.00606414720
0.03547964183	-0.00169275379	0.00614493704
0.03547976181	-0.00169023718	0.00622386056
0.03547988701	-0.00168760701	0.00630093103
0.03548001679	-0.00168487643	0.00637616343
0.03548015050	-0.00168205850	0.00644957440
0.03548028752	-0.00167916562	0.00652118208
0.03548042725	-0.00167621067	0.00659104159
0.03548056967	-0.00167319332	0.00665911988
0.03548071395	-0.00167013108	0.00672544721
0.03548085935	-0.00166703928	0.00679011970
0.03548100634	-0.00166390785	0.00685304621
0.03548115359	-0.00166076486	0.00691436466
0.03548130155	-0.00165760082	0.00697399835
0.03548144910	-0.00165443948	0.00703209175
0.03548159690	-0.00165126661	0.00708854998
0.03548174386	-0.00164810580	0.00714347548
0.03548188996	-0.00164495744	0.00719690845
0.03548203536	-0.00164181808	0.00724881608
0.03548217940	-0.00163870222	0.00729926552
0.03548232195	-0.00163561280	0.00734828563
0.03548246288	-0.00163255265	0.00739591522
0.03548260221	-0.00162952161	0.00744216928
0.03548273976	-0.00162652356	0.00748707058
0.03548287531	-0.00162356390	0.00753065926
0.03548300876	-0.00162064475	0.00757296452
0.03548314002	-0.00161776835	0.00761401549
0.03548326901	-0.00161493656	0.00765384117
0.03548339567	-0.00161215133	0.00769247040
0.03548351992	-0.00160941420	0.00772994646
0.03548364187	-0.00160672330	0.00776628059
0.03548376142	-0.00160408096	0.00780149626
0.03548387843	-0.00160149032	0.00783562837
0.03548399287	-0.00159895272	0.00786870440
0.03548410470	-0.00159646915	0.00790076992
0.03548421406	-0.00159403648	0.00793184938
0.03548432106	-0.00159165296	0.00796192334
0.03548442536	-0.00158932597	0.00799104736
0.03548452689	-0.00158705750	0.00801918451
0.03548457026	-0.00158608754	0.00803281317
0.03548467907	-0.00158365122	0.00804625698
0.03548485176	-0.00157977708	0.00805935829
0.03548508583	-0.00157451052	0.00807196352
0.03548537795	-0.00156791326	0.00808392489
0.03548572395	-0.00156006262	0.00809510214
0.03548611900	-0.00155105061	0.00810536425
0.03548655762	-0.00154098284	0.00811459090
0.03548703382	-0.00152997732	0.00812267391
0.03548754121	-0.00151816304	0.00812951851
0.03548807310	-0.00150567848	0.00813504447
0.03548862263	-0.00149266999	0.00813918699
0.03548918287	-0.00147929006	0.00814189751
0.03548974692	-0.00146569555	0.00814314425
0.03592482541	0.00287897884	-0.00458980047
0.03592862227	0.00283120144	-0.00465609729
0.03593051735	0.00280704882	-0.00468164031
0.03593210079	0.00278670651	-0.00470058837
0.03593355653	0.00276787191	-0.00471591390
0.03593492065	0.00275010503	-0.00472900773
0.03593622910	0.00273295404	-0.00474045411
0.03593751896	0.00271594021	-0.00475046292
0.03593876552	0.00269939487	-0.00475954941
0.03594000548	0.00268283542	-0.00476765288
0.03594124588	0.00266616668	-0.00477486647
0.03594246656	0.00264965989	-0.00478147141
0.03594368789	0.00263304016	-0.00478739664
0.03594492409	0.00261611008	-0.00479258594
0.03594615873	0.00259909071	-0.00479722492
0.03594739489	0.00258193739	-0.00480133333
0.03594864029	0.00256453919	-0.00480487932
0.03594989622	0.00254687295	-0.00480787502
0.03595116376	0.00252891764	-0.00481032896
0.03595244380	0.00251065420	-0.00481224626
0.03595373810	0.00249205075	-0.00481361997
0.03595504505	0.00247312254	-0.00481447056
0.03595636445	0.00245386544	-0.00481480497
0.03595770187	0.00243418903	-0.00481457091
0.03595905379	0.00241413560	-0.00481379895
0.03596042074	0.00239368750	-0.00481248081
0.03596180333	0.00237282556	-0.00481060631
0.03596320167	0.00235153687	-0.00480816699
0.03596461586	0.00232980822	-0.00480515416
0.03596604855	0.00230758570	-0.00480152912
0.03596750924	0.00228470541	-0.00479717083
0.03596897228	0.00226155541	-0.00479234027
0.03597045220	0.00223789384	-0.00478687583
0.03597196740	0.00221340489	-0.00478054262
0.03597347749	0.00218872501	-0.00477377770
0.03597502104	0.00216320615	-0.00476612283
0.03597656816	0.00213732151	-0.00475790093
0.03597814429	0.00211062392	-0.00474878332
0.03597972104	0.00208357244	-0.00473909072
0.03598132983	0.00205560299	-0.00472840107
0.03598294137	0.00202719759	-0.00471705012
0.03598456635	0.00199814537	-0.00470487830
0.03598620890	0.00196834168	-0.00469178951
0.03598786570	0.00193781376	-0.00467778209
0.03598952818	0.00190668856	-0.00466293798
0.03599120116	0.00187484370	-0.00464714914
0.03599288303	0.00184227333	-0.00463039040
0.03599457210	0.00180897187	-0.00461263599
0.03599626660	0.00177493396	-0.00459385962
0.03599796467	0.00174015510	-0.00457403375
0.03599966434	0.00170463106	-0.00455313037
0.03600136934	0.00166823432	-0.00453101201
0.03600306819	0.00163115944	-0.00450780907
0.03600476089	0.00159335912	-0.00448345910
0.03600645146	0.00155468759	-0.00445780360
0.03600813308	0.00151523995	-0.00443088122
0.03600980017	0.00147509030	-0.00440272613
0.03601145871	0.00143402994	-0.00437310941
0.03601309647	0.00139229400	-0.00434219675
0.03601471511	0.00134977615	-0.00430985479
0.03601631574	0.00130636932	-0.00427592685
0.03601788620	0.00126232863	-0.00424059977
0.03601942900	0.00121751162	-0.00420369501
0.03602094060	0.00117193780	-0.00416517217
0.03602241747	0.00112562849	-0.00412499060
0.03602385609	0.00107860663	-0.00408310969
0.03602525298	0.00103089658	-0.00403948919
0.03602660470	0.00098252434	-0.00399408914
0.03602790786	0.00093351775	-0.00394686988
0.03602915916	0.00088390617	-0.00389779245
0.03603035540	0.00083372055	-0.00384681867
0.03603149472	0.00078293584	-0.00379384415
0.03603257330	0.00073161563	-0.00373885193
0.03603358612	0.00067990555	-0.00368193506
0.03603453495	0.00062760703	-0.00362278273
0.03603541198	0.00057505083	-0.00356169370
0.03603621979	0.00052198020	-0.00349828464
0.03603695186	0.00046872246	-0.00343285729
0.03603760928	0.00041511153	-0.00336513644
0.03603818923	0.00036127168	-0.00329517662
0.03603868988	0.00030729750	-0.00322301742
0.03603911068	0.00025318187	-0.00314857131
0.03603945070	0.00019898079	-0.00307182399
0.03603970934	0.00014474447	-0.00299275544
0.03603988628	0.00009053734	-0.00291136861
0.03603998159	0.00003643069	-0.00282768424
0.03603999573	-0.00001753910	-0.00274167774
0.03603992941	-0.00007133298	-0.00265332640
0.03603978367	-0.00012487195	-0.00256266942
0.03603955993	-0.00017810058	-0.00246972101
0.03603925988	-0.00023096993	-0.00237449178
0.03603888551	-0.00028342720	-0.00227700245
0.03603843910	-0.00033542074	-0.00217727598
0.03603792262	-0.00038695395	-0.00207523899
0.03603734011	-0.00043785591	-0.00197111800
0.03603669403	-0.00048814306	-0.00186486167
0.03603598688	-0.00053781937	-0.00175640876
0.03603522357	-0.00058673862	-0.00164597032
0.03603440723	-0.00063489831	-0.00153354066
0.03603354064	-0.00068231144	-0.00141905940
0.03603263002	-0.00072881663	-0.00130280516
0.03603167704	-0.00077449955	-0.00118461637
0.03603068785	-0.00081922699	-0.00106473279
0.03602966539	-0.00086302470	-0.00094312074
0.03602861442	-0.00090583847	-0.00081988714
0.03602753943	-0.00094763007	-0.00069513548
0.03602644376	-0.00098840786	-0.00056886832
0.03602533316	-0.00102809075	-0.00044129336
0.03602420959	-0.00106673504	-0.00031232725
0.03602307982	-0.00110422838	-0.00018226611
0.03602194462	-0.00114066038	-0.00005096694
0.03602081104	-0.00117591334	0.00008124832
0.03601968009	-0.00121006040	0.00021445915
0.03601855675	-0.00124304844	0.00034847869
0.03601744422	-0.00127487706	0.00048320293
0.03601634413	-0.00130558631	0.00061864914
0.03601526190	-0.00133510675	0.00075454781
0.03601419853	-0.00136348969	0.00089089624
0.03601315611	-0.00139075054	0.00102764419
0.03601213881	-0.00141684809	0.00116456570
0.03601114740	-0.00144182635	0.00130162866
0.03601018376	-0.00146569616	0.00143873322
0.03600924935	-0.00148847604	0.00157580775
0.03600834647	-0.00151016046	0.00171269876
0.03600747589	-0.00153077765	0.00184932810
0.03600663851	-0.00155034948	0.00198560707
0.03600583514	-0.00156889650	0.00212144079
0.03600506645	-0.00158643949	0.00225673636
0.03600433289	-0.00160300135	0.00239140264
0.03600363472	-0.00161860648	0.00252535058
0.03600297168	-0.00163328806	0.00265853032
0.03600234469	-0.00164705104	0.00279079836
0.03600175302	-0.00165993360	0.00292209203
0.03600119606	-0.00167196962	0.00305235112
0.03600067327	-0.00168318869	0.00318153274
0.03600018530	-0.00169359336	0.00330946398
0.03599972971	-0.00170325008	0.00343621252
0.03599930771	-0.00171214608	0.00356156791
0.03599891650	-0.00172035204	0.00368561933
0.03599855711	-0.00172785582	0.00380817612
0.03599822742	-0.00173471110	0.00392924441
0.03599792639	-0.00174094683	0.00404879703
0.03599765365	-0.00174657714	0.00416674654
0.03599740798	-0.00175163320	0.00428304978
0.03599718808	-0.00175614641	0.00439767776
0.03599699291	-0.00176014240	0.00451059125
0.03599682138	-0.00176364686	0.00462175446
0.03599667238	-0.00176668547	0.00473113499
0.03599654466	-0.00176928590	0.00483872584
0.03599643750	-0.00177146470	0.00494447989
0.03599634978	-0.00177324628	0.00504836139
0.03599627995	-0.00177466326	0.00515038437
0.03599622714	-0.00177573415	0.00525054191
0.03599619080	-0.00177647071	0.00534876359
0.03599616900	-0.00177691240	0.00544512804
0.03599616178	-0.00177705865	0.00553954321
0.03599616744	-0.00177694386	0.00563204907
0.03599618507	-0.00177658683	0.00572267308
0.03599621448	-0.00177599084	0.00581134972
0.03599625413	-0.00177518682	0.00589812263
0.03599630332	-0.00177418929	0.00598299685
0.03599636129	-0.00177301264	0.00606597959
0.03599642734	-0.00177167118	0.00614708012
0.03599650076	-0.00177017877	0.00622630972
0.03599658087	-0.00176854899	0.00630368151
0.03599666700	-0.00176679516	0.00637921038
0.03599675847	-0.00176493053	0.00645291282
0.03599685465	-0.00176296773	0.00652480689
0.03599695487	-0.00176092031	0.00659494742
0.03599705913	-0.00175878755	0.00666330171
0.03599716657	-0.00175658731	0.00672989981
0.03599727635	-0.00175433613	0.00679483740
0.03599738902	-0.00175202280	0.00685802405
0.03599750311	-0.00174967712	0.00691959690
0.03599761912	-0.00174728862	0.00697947992
0.03599773581	-0.00174488289	0.00703781684
0.03599785392	-0.00174244449	0.00709451360
0.03599797225	-0.00173999831	0.00714967207
0.03599809073	-0.00173754526	0.00720333251
0.03599820957	-0.00173508146	0.00725546252
0.03599832802	-0.00173262227	0.00730612900
0.03599844592	-0.00173017099	0.00735536084
0.03599856311	-0.00172773095	0.00740319688
0.03599867959	-0.00172530220	0.00744965230
0.03599879517	-0.00172288888	0.00749474992
0.03599890957	-0.00172049693	0.00753852988
0.03599902267	-0.00171812882	0.00758102145
0.03599913435	-0.00171578719	0.00762225383
0.03599924452	-0.00171347426	0.00766225611
0.03599935306	-0.00171119234	0.00770105718
0.03599945988	-0.00170894355	0.00773870034
0.03599956508	-0.00170672615	0.00777519704
0.03599966852	-0.00170454278	0.00781057083
0.03599977006	-0.00170239702	0.00784485665
0.03599986961	-0.00170029057	0.00787808204
0.03599996711	-0.00169822501	0.00791029259
0.03600006269	-0.00169619754	0.00794151287
0.03600015647	-0.00169420613	0.00797172378
0.03600024805	-0.00169225889	0.00800098073
0.03600033739	-0.00169035732	0.00802924716
0.03600037457	-0.00168956524	0.00804288723
0.03600048059	-0.00168730468	0.00805636160
0.03600065394	-0.00168360211	0.00806951231
0.03600089214	-0.00167850094	0.00808218517
0.03600119182	-0.00167206093	0.00809423161
0.03600154877	-0.00166435756	0.00810551040
0.03600195803	-0.00165548112	0.00811588929
0.03600241398	-0.00164553562	0.00812524660
0.03600291044	-0.00163463764	0.00813347264
0.03600344077	-0.00162291490	0.00814047096
0.03600399803	-0.00161050482	0.00814615950
0.03600457505	-0.00159755286	0.00815047158
0.03600516457	-0.00158421086	0.00815335664
0.03600575933	-0.00157063521	0.00815478085
0.03644180091	0.00293747279	-0.00457834480
0.03644558008	0.00289020636	-0.00464501001
0.03644747290	0.00286623783	-0.00467073333
0.03644905679	0.00284602515	-0.00468983046
0.03645051472	0.00282729144	-0.00470529328
0.03645188214	0.00280960643	-0.00471851527
0.03645319484	0.00279252327	-0.00473008445
0.03645448989	0.00277556609	-0.00474021528
0.03645574226	0.00275906805	-0.00474941889
0.03645698879	0.00274254779	-0.00475763955
0.03645823651	0.00272591096	-0.00476497121
0.03645946506	0.00270942941	-0.00477169191
0.03646069491	0.00269282873	-0.00477773343
0.03646194038	0.00267591176	-0.00478304162
0.03646318488	0.00265889981	-0.00478779951
0.03646443151	0.00264174838	-0.00479202724
0.03646568804	0.00262434667	-0.00479569409
0.03646695577	0.00260667154	-0.00479881234
0.03646823579	0.00258870201	-0.00480139068
0.03646952901	0.00257041899	-0.00480343438
0.03647083718	0.00255179057	-0.00480493675
0.03647215873	0.00253283195	-0.00480591802
0.03647349342	0.00251353894	-0.00480638510
0.03647484691	0.00249382100	-0.00480628665
0.03647621564	0.00247372032	-0.00480565269
0.03647760019	0.00245321916	-0.00480447507
0.03647900116	0.00243229821	-0.00480274376
0.03648041868	0.00241094442	-0.00480045036
0.03648185287	0.00238914444	-0.00479758626
0.03648330644	0.00236684416	-0.00479411332
0.03648478902	0.00234387934	-0.00478991234
0.03648627466	0.00232063820	-0.00478523970
0.03648777808	0.00229687856	-0.00477993653
0.03648931796	0.00227228402	-0.00477377160
0.03649085340	0.00224749149	-0.00476717437
0.03649242351	0.00222185205	-0.00475969421
0.03649399800	0.00219583919	-0.00475164832
0.03649560271	0.00216900498	-0.00474271330
0.03649720887	0.00214180883	-0.00473320427
0.03649884838	0.00211368563	-0.00472270591
0.03650049155	0.00208511781	-0.00471154806
0.03650214925	0.00205589398	-0.00469957359
0.03650382573	0.00202590903	-0.00468668764
0.03650551763	0.00199518989	-0.00467288815
0.03650721628	0.00196386346	-0.00465825539
0.03650892661	0.00193180686	-0.00464268276
0.03651064703	0.00189901388	-0.00462614509
0.03651237584	0.00186547859	-0.00460861661
0.03651411130	0.00183119528	-0.00459007101
0.03651585152	0.00179615909	-0.00457048075
0.03651759458	0.00176036538	-0.00454981779
0.03651934428	0.00172368590	-0.00452794625
0.03652108899	0.00168631530	-0.00450499396
0.03652282872	0.00164820578	-0.00448089899
0.03652456763	0.00160921073	-0.00445550470
0.03652629882	0.00156942500	-0.00442884846
0.03652801659	0.00152892251	-0.00440096339
0.03652972712	0.00148749337	-0.00437162331
0.03653141794	0.00144537297	-0.00434099074
0.03653309079	0.00140245414	-0.00430893370
0.03653474686	0.00135862880	-0.00427529697
0.03653637370	0.00131415247	-0.00424026390
0.03653797394	0.00126888162	-0.00420365785
0.03653954398	0.00122283521	-0.00416543820
0.03654108022	0.00117603402	-0.00412556400
0.03654257909	0.00112850041	-0.00408399436
0.03654403703	0.00108025820	-0.00404068871
0.03654545050	0.00103133286	-0.00399560678
0.03654681605	0.00098175166	-0.00394870856
0.03654813028	0.00093154344	-0.00389995471
0.03654938987	0.00088073861	-0.00384930668
0.03655059292	0.00082931122	-0.00379666056
0.03655173548	0.00077732443	-0.00374199858
0.03655281227	0.00072492407	-0.00368541167
0.03655382521	0.00067190954	-0.00362659220
0.03655476601	0.00061861297	-0.00356583401
0.03655563745	0.00056477513	-0.00350275790
0.03655643254	0.00051072480	-0.00343766069
0.03655715246	0.00045629405	-0.00337026995
0.03655779413	0.00040160718	-0.00330063849
0.03655835552	0.00034675882	-0.00322880456
0.03655883597	0.00029174110	-0.00315468098
0.03655923434	0.00023660972	-0.00307825277
0.03655954990	0.00018141458	-0.00299949936
0.03655978212	0.00012621997	-0.00291842291
0.03655993087	0.00007109719	-0.00283504324
0.03655999646	0.00001608233	-0.00274933541
0.03655997943	-0.00003878581	-0.00266127636
0.03655988062	-0.00009342804	-0.00257090425
0.03655970129	-0.00014778887	-0.00247823265
0.03655944295	-0.00020181930	-0.00238327159
0.03655910744	-0.00025546640	-0.00228604121
0.03655869688	-0.00030867833	-0.00218656387
0.03655821313	-0.00036145904	-0.00208476668
0.03655766001	-0.00041363581	-0.00198087336
0.03655703989	-0.00046522537	-0.00187483318
0.03655635518	-0.00051623213	-0.00176658540
0.03655561063	-0.00056650804	-0.00165633868
0.03655480928	-0.00061605052	-0.00154408762
0.03655395388	-0.00066487294	-0.00142977251
0.03655305049	-0.00071281140	-0.00131366917
0.03655210078	-0.00075995279	-0.00119561810
0.03655111084	-0.00080616164	-0.00107585680
0.03655008358	-0.00085146379	-0.00095435244
0.03654902373	-0.00089580388	-0.00083121123
0.03654793580	-0.00093914252	-0.00070653620
0.03654682314	-0.00098148783	-0.00058033048
0.03654569152	-0.00102275656	-0.00045280036
0.03654454295	-0.00106300553	-0.00032386405
0.03654338426	-0.00110211939	-0.00019381555
0.03654221626	-0.00114018883	-0.00006251413
0.03654104613	-0.00117709281	0.00006972053
0.03653987495	-0.00121290497	0.00020296609
0.03653870782	-0.00124757011	0.00033703656
0.03653754805	-0.00128108652	0.00047182775
0.03653639737	-0.00131349416	0.00060735572
0.03653526141	-0.00134472065	0.00074335237
0.03653414127	-0.00137481697	0.00087981373
0.03653303918	-0.00140379777	0.00101668887
0.03653195952	-0.00143161929	0.00115375272
0.03653090320	-0.00145832490	0.00129097208
0.03652987228	-0.00148392417	0.00142824669
0.03652886838	-0.00150843464	0.00156550434
0.03652789398	-0.00153184890	0.00170259161
0.03652695006	-0.00155419413	0.00183942967
0.03652603767	-0.00157549102	0.00197592925
0.03652515782	-0.00159575885	0.00211199496
0.03652431135	-0.00161501720	0.00224753340
0.03652349889	-0.00163328777	0.00238245289
0.03652272088	-0.00165059378	0.00251666384
0.03652197720	-0.00166696767	0.00265011554
0.03652126898	-0.00168241263	0.00278266447
0.03652059565	-0.00169696596	0.00291424716
0.03651995674	-0.00171066068	0.00304480265
0.03651935184	-0.00172352576	0.00317428731
0.03651878182	-0.00173556163	0.00330252845
0.03651824429	-0.00174683537	0.00342959202
0.03651774069	-0.00175733167	0.00355526825
0.03651726824	-0.00176712210	0.00367964448
0.03651682819	-0.00177619223	0.00380253065
0.03651641848	-0.00178459567	0.00392393171
0.03651603815	-0.00179236095	0.00404381987
0.03651568698	-0.00179950109	0.00416210750
0.03651536383	-0.00180604666	0.00427875090
0.03651506747	-0.00181202864	0.00439372046
0.03651479693	-0.00181747210	0.00450697651
0.03651455121	-0.00182240224	0.00461848279
0.03651432924	-0.00182684429	0.00472820649
0.03651412983	-0.00183082576	0.00483614004
0.03651395232	-0.00183436260	0.00494223613
0.03651379564	-0.00183747872	0.00504645869
0.03651365825	-0.00184020687	0.00514882109
0.03651353931	-0.00184256541	0.00524931608
0.03651343834	-0.00184456523	0.00534787332
0.03651335335	-0.00184624669	0.00544457047
0.03651328449	-0.00184760808	0.00553931586
0.03651323002	-0.00184868423	0.00563214879
0.03651318900	-0.00184949427	0.00572309633
0.03651316132	-0.00185004066	0.00581209323
0.03651314540	-0.00185035481	0.00589918255
0.03651314051	-0.00185045130	0.00598436915
0.03651314592	-0.00185034459	0.00606766008
0.03651316089	-0.00185004908	0.00614906447
0.03651318472	-0.00184957875	0.00622859344
0.03651321670	-0.00184894735	0.00630626000
0.03651325614	-0.00184816836	0.00638207890
0.03651330235	-0.00184725522	0.00645606652
0.03651335466	-0.00184622078	0.00652824083
0.03651341236	-0.00184507926	0.00659865637
0.03651347549	-0.00184382953	0.00666728078
0.03651354312	-0.00184248982	0.00673414391
0.03651361434	-0.00184107786	0.00679934097
0.03651368977	-0.00183958131	0.00686278230
0.03651376781	-0.00183803167	0.00692460420
0.03651384903	-0.00183641753	0.00698473136
0.03651393204	-0.00183476627	0.00704330670
0.03651401767	-0.00183306128	0.00710023704
0.03651410461	-0.00183132871	0.00715562367
0.03651419277	-0.00182956999	0.00720950686
0.03651428237	-0.00182778084	0.00726185468
0.03651437260	-0.00182597745	0.00731273373
0.03651446327	-0.00182416349	0.00736217297
0.03651455418	-0.00182234278	0.00741021125
0.03651464532	-0.00182051557	0.00745686391
0.03651473648	-0.00181868628	0.00750215387
0.03651482733	-0.00181686137	0.00754612123
0.03651491772	-0.00181504369	0.00758879534
0.03651500752	-0.00181323623	0.00763020547
0.03651509660	-0.00181144159	0.00767038078
0.03651518481	-0.00180966245	0.00770935023
0.03651527204	-0.00180790149	0.00774715714
0.03651535836	-0.00180615711	0.00778381315
0.03651544364	-0.00180443225	0.00781934191
0.03651552767	-0.00180273094	0.00785377837
0.03651561036	-0.00180105524	0.00788715016
0.03651569160	-0.00179940730	0.00791950284
0.03651577153	-0.00179778464	0.00795086114
0.03651585025	-0.00179618499	0.00798120629
0.03651592734	-0.00179461717	0.00801059356
0.03651600274	-0.00179308221	0.00803898674
0.03651603297	-0.00179246656	0.00805263583
0.03651613530	-0.00179038057	0.00806613827
0.03651630830	-0.00178684867	0.00807933575
0.03651654952	-0.00178191226	0.00809207355
0.03651685557	-0.00177562918	0.00810420232
0.03651722221	-0.00176807307	0.00811557986
0.03651764436	-0.00175933247	0.00812607278
0.03651811626	-0.00174950983	0.00813555807
0.03651863157	-0.00173872026	0.00814392452
0.03651918344	-0.00172709023	0.00815107404
0.03651976467	-0.00171475606	0.00815692280
0.03652036781	-0.00170186231	0.00816140224
0.03652098526	-0.00168856015	0.00816445983
0.03652160945	-0.00167500550	0.00816605974
0.03696876086	0.00299646798	-0.00456702871
0.03697252145	0.00294970471	-0.00463405127
0.03697441156	0.00292591692	-0.00465994972
0.03697599553	0.00290583116	-0.00467919166
0.03697745528	0.00288719610	-0.00469478798
0.03697882567	0.00286959089	-0.00470813460
0.03698014229	0.00285257366	-0.00471982325
0.03698144220	0.00283567148	-0.00473007286
0.03698270006	0.00281921905	-0.00473939050
0.03698395285	0.00280273645	-0.00474772529
0.03698520757	0.00278613013	-0.00475517202
0.03698644366	0.00276967239	-0.00476200551
0.03698768172	0.00275308939	-0.00476816039
0.03698893612	0.00273618431	-0.00477358455
0.03699019016	0.00271917855	-0.00477845846
0.03699144693	0.00270202783	-0.00478280261
0.03699271425	0.00268462145	-0.00478658742
0.03699399344	0.00266693635	-0.00478982533
0.03699528559	0.00264895154	-0.00479252518
0.03699659162	0.00263064794	-0.00479469236
0.03699791331	0.00261199358	-0.00479632047
0.03699924908	0.00259300362	-0.00479742949
0.03700059869	0.00257367379	-0.00479802629
0.03700196787	0.00255391346	-0.00479806050
0.03700335304	0.00253376472	-0.00479756156
0.03700475479	0.00251320970	-0.00479652147
0.03700617374	0.00249222897	-0.00479493032
0.03700761004	0.00247080934	-0.00479277981
0.03700906384	0.00244893730	-0.00479006138
0.03701053787	0.00242655859	-0.00478673746
0.03701204191	0.00240350868	-0.00478269070
0.03701354973	0.00238017576	-0.00477817287
0.03701507623	0.00235631743	-0.00477302781
0.03701664035	0.00233161685	-0.00476702801
0.03701820071	0.00230671110	-0.00476059529
0.03701979692	0.00228095064	-0.00475328663
0.03702139835	0.00225480907	-0.00474541353
0.03702303119	0.00222783786	-0.00473665786
0.03702466630	0.00220049657	-0.00472732914
0.03702633608	0.00217221933	-0.00471701879
0.03702801043	0.00214348872	-0.00470605074
0.03702970039	0.00211409294	-0.00469427032
0.03703141032	0.00208392644	-0.00468158388
0.03703313686	0.00205301584	-0.00466798898
0.03703487122	0.00202148792	-0.00465356423
0.03703661845	0.00198921933	-0.00463820446
0.03703837696	0.00195620353	-0.00462188451
0.03704014507	0.00192243422	-0.00460457859
0.03704192103	0.00188790533	-0.00458626041
0.03704370298	0.00185261162	-0.00456690239
0.03704548897	0.00181654808	-0.00454647650
0.03704728296	0.00177958575	-0.00452484844
0.03704907310	0.00174191926	-0.00450214349
0.03705085946	0.00170350036	-0.00447830020
0.03705264632	0.00166418164	-0.00445316383
0.03705442668	0.00162405767	-0.00442677048
0.03705619477	0.00158320214	-0.00439915219
0.03705795695	0.00154140406	-0.00437008558
0.03705970051	0.00149889896	-0.00433972995
0.03706142725	0.00145557890	-0.00430795471
0.03706313848	0.00141133483	-0.00427460617
0.03706482145	0.00136642254	-0.00423986412
0.03706647890	0.00132069749	-0.00420355387
0.03706810718	0.00127417809	-0.00416563455
0.03706970265	0.00122688455	-0.00412606496
0.03707126164	0.00117883868	-0.00408480392
0.03707278053	0.00113006372	-0.00404181055
0.03707425572	0.00108058459	-0.00399704426
0.03707568365	0.00103042800	-0.00395046470
0.03707706084	0.00097962223	-0.00390203218
0.03707838386	0.00092819717	-0.00385170777
0.03707965080	0.00087612599	-0.00379938804
0.03708085753	0.00082347137	-0.00374505445
0.03708199854	0.00077037928	-0.00368879576
0.03708307588	0.00071664719	-0.00363030761
0.03708408082	0.00066260844	-0.00356987882
0.03708501630	0.00060800145	-0.00350713445
0.03708587491	0.00055315634	-0.00344236629
0.03708665787	0.00049790338	-0.00337530476
0.03708736188	0.00044236687	-0.00330600093
0.03708798469	0.00038664142	-0.00323449173
0.03708852552	0.00033071845	-0.00316069031
0.03708898308	0.00027465332	-0.00308458105
0.03708935642	0.00021849562	-0.00300614282
0.03708964486	0.00016230945	-0.00292537699
0.03708984806	0.00010616612	-0.00284230243
0.03708996616	0.00005010142	-0.00275689389
0.03708999954	-0.00000584612	-0.00266912796
0.03708994885	-0.00006159713	-0.00257904174
0.03708981516	-0.00011709608	-0.00248664815
0.03708959982	-0.00017229395	-0.00239195668
0.03708930450	-0.00022713766	-0.00229498684
0.03708893117	-0.00028157520	-0.00219576042
0.03708848157	-0.00033561108	-0.00209420503
0.03708795928	-0.00038907083	-0.00199054154
0.03708736660	-0.00044197145	-0.00188471982
0.03708670584	-0.00049431777	-0.00177667969
0.03708598155	-0.00054596000	-0.00166662737
0.03708519672	-0.00059689542	-0.00155455770
0.03708435401	-0.00064713778	-0.00144041174
0.03708345937	-0.00069652074	-0.00132446240
0.03708251445	-0.00074513231	-0.00120655232
0.03708152522	-0.00079283485	-0.00108691667
0.03708049461	-0.00083965423	-0.00096552349
0.03707942731	-0.00088553397	-0.00084247829
0.03707832781	-0.00093043354	-0.00071788359
0.03707719948	-0.00097436076	-0.00059174312
0.03707604810	-0.00101723027	-0.00046426169
0.03707487570	-0.00105909938	-0.00033535915
0.03707368919	-0.00109984976	-0.00020532728
0.03707248944	-0.00113957311	-0.00007402771
0.03707128369	-0.00117814512	0.00005822228
0.03707007310	-0.00121563986	0.00019149842
0.03706886289	-0.00125200005	0.00032561565
0.03706765649	-0.00128722269	0.00046046962
0.03706645573	-0.00132134758	0.00059607514
0.03706526640	-0.00135429943	0.00073216561
0.03706408972	-0.00138612886	0.00086873571
0.03706292807	-0.00141684972	0.00100573388
0.03706178600	-0.00144641570	0.00114293594
0.03706066459	-0.00147486953	0.00128030758
0.03705956606	-0.00150221946	0.00141774818
0.03705849218	-0.00152848201	0.00155518491
0.03705744565	-0.00155364792	0.00169246447
0.03705642760	-0.00157774326	0.00182950732
0.03705543927	-0.00160078751	0.00196622363
0.03705448184	-0.00162279870	0.00210251754
0.03705355634	-0.00164379515	0.00223829511
0.03705266358	-0.00166379734	0.00237346416
0.03705180417	-0.00168282731	0.00250793452
0.03705097816	-0.00170091670	0.00264165465
0.03705018685	-0.00171806695	0.00277448104
0.03704942987	-0.00173431441	0.00290634941
0.03704870687	-0.00174969127	0.00303719804
0.03704801759	-0.00176422581	0.00316698253
0.03704736311	-0.00177791637	0.00329553047
0.03704674110	-0.00179083057	0.00342290605
0.03704615323	-0.00180295062	0.00354890020
0.03704559674	-0.00181434889	0.00367359838
0.03704507313	-0.00182500865	0.00379681117
0.03704458038	-0.00183498344	0.00391854236
0.03704411765	-0.00184430134	0.00403876345
0.03704368484	-0.00185297426	0.00415738671
0.03704328089	-0.00186103213	0.00427436785
0.03704290468	-0.00186850548	0.00438967666
0.03704255531	-0.00187541884	0.00450327301
0.03704223185	-0.00188179688	0.00461512021
0.03704193331	-0.00188766438	0.00472518499
0.03704165853	-0.00189304866	0.00483345922
0.03704140695	-0.00189796506	0.00493989541
0.03704117754	-0.00190243700	0.00504445717
0.03704096878	-0.00190649730	0.00514715720
0.03704077986	-0.00191016422	0.00524798791
0.03704061039	-0.00191344773	0.00534687907
0.03704045832	-0.00191638909	0.00544390733
0.03704032390	-0.00191898544	0.00553898142
0.03704020537	-0.00192127206	0.00563213998
0.03704010177	-0.00192326836	0.00572340964
0.03704001306	-0.00192497599	0.00581272547
0.03703993763	-0.00192642686	0.00590012992
0.03703987474	-0.00192763557	0.00598562768
0.03703982367	-0.00192861666	0.00606922563
0.03703978368	-0.00192938462	0.00615093276
0.03703975404	-0.00192995357	0.00623076004
0.03703973404	-0.00193033739	0.00630872034
0.03703972297	-0.00193054972	0.00638482829
0.03703972013	-0.00193060422	0.00645910017
0.03703972484	-0.00193051394	0.00653155382
0.03703973631	-0.00193029377	0.00660224352
0.03703975463	-0.00192994219	0.00667113724
0.03703977883	-0.00192947778	0.00673826465
0.03703980791	-0.00192891946	0.00680372042
0.03703984257	-0.00192825378	0.00686741573
0.03703988108	-0.00192751392	0.00692948601
0.03703992407	-0.00192668756	0.00698985668
0.03703997003	-0.00192580385	0.00704866982
0.03704001987	-0.00192484503	0.00710583317
0.03704007216	-0.00192383852	0.00716144740
0.03704012680	-0.00192278625	0.00721555282
0.03704018402	-0.00192168356	0.00726811796
0.03704024295	-0.00192054746	0.00731920910
0.03704030336	-0.00191938202	0.00736885529
0.03704036503	-0.00191819153	0.00741709537
0.03704042793	-0.00191697645	0.00746394486
0.03704049182	-0.00191574152	0.00750942677
0.03704055634	-0.00191449367	0.00755358116
0.03704062132	-0.00191323615	0.00759643745
0.03704068657	-0.00191197233	0.00763802499
0.03704075196	-0.00191070518	0.00767837301
0.03704081732	-0.00190943776	0.00771751054
0.03704088248	-0.00190817331	0.00775548090
0.03704094752	-0.00190691038	0.00779229594
0.03704101227	-0.00190565222	0.00782797941
0.03704107650	-0.00190440330	0.00786256626
0.03704114009	-0.00190316605	0.00789608421
0.03704120290	-0.00190194320	0.00792857879
0.03704126504	-0.00190073261	0.00796007488
0.03704132664	-0.00189953176	0.00799055407
0.03704138721	-0.00189835018	0.00802007146
0.03704144673	-0.00189718844	0.00804859125
0.03704146913	-0.00189675102	0.00806224717
0.03704156686	-0.00189484162	0.00807577568
0.03704173853	-0.00189148264	0.00808901817
0.03704198176	-0.00188671341	0.00810181939
0.03704229315	-0.00188058984	0.00811402925
0.03704266841	-0.00187318369	0.00812550461
0.03704310239	-0.00186458174	0.00813611093
0.03704358922	-0.00185488480	0.00814572386
0.03704412237	-0.00184420653	0.00815423069
0.03704469480	-0.00183267208	0.00816153169
0.03704529907	-0.00182041664	0.00816754126
0.03704592745	-0.00180758387	0.00817218895
0.03704657205	-0.00179432420	0.00817542027
0.03704722494	-0.00178079306	0.00817719732
0.03748581948	0.00305375794	-0.00455627413
0.03748956142	0.00300747144	-0.00462363046
0.03749144853	0.00298385438	-0.00464969266
0.03749303225	0.00296388813	-0.00466907005
0.03749449344	0.00294534580	-0.00468479131
0.03749586640	0.00292781538	-0.00469825461
0.03749718650	0.00291085973	-0.00471005513
0.03749849081	0.00289400883	-0.00472041608
0.03749975368	0.00287759862	-0.00472984053
0.03750101221	0.00286115074	-0.00473828234
0.03750227337	0.00284457235	-0.00474583701
0.03750351645	0.00282813609	-0.00475277630
0.03750476211	0.00281156874	-0.00475903754
0.03750602482	0.00279467383	-0.00476457058
0.03750728774	0.00277767280	-0.00476955342
0.03750855397	0.00276052152	-0.00477400691
0.03750983138	0.00274310947	-0.00477790253
0.03751112129	0.00272541362	-0.00478125289
0.03751242481	0.00270741300	-0.00478406695
0.03751374285	0.00268908852	-0.00478635025
0.03751507724	0.00267040817	-0.00478809663
0.03751642636	0.00265138704	-0.00478932585
0.03751779000	0.00263202080	-0.00479004473
0.03751917394	0.00261221874	-0.00479020381
0.03752057459	0.00259202283	-0.00478983202
0.03752199254	0.00257141507	-0.00478892146
0.03752342845	0.00255037594	-0.00478746237
0.03752488248	0.00252889210	-0.00478544650
0.03752635477	0.00250694989	-0.00478286539
0.03752784813	0.00248449490	-0.00477968197
0.03752937243	0.00246136239	-0.00477578071
0.03753090122	0.00243794038	-0.00477140892
0.03753244956	0.00241398631	-0.00476641306
0.03753403661	0.00238918307	-0.00476056918
0.03753562057	0.00236416761	-0.00475429176
0.03753724150	0.00233829010	-0.00474714513
0.03753886846	0.00231202398	-0.00473943525
0.03754052795	0.00228492038	-0.00473084912
0.03754219054	0.00225743877	-0.00472169083
0.03754388901	0.00222901279	-0.00471155831
0.03754559295	0.00220012494	-0.00470076979
0.03754731356	0.00217056312	-0.00468917297
0.03754905528	0.00214022140	-0.00467667537
0.03755081473	0.00210912608	-0.00466327420
0.03755258305	0.00207740375	-0.00464904644
0.03755436537	0.00204493067	-0.00463388832
0.03755616012	0.00201169996	-0.00461777469
0.03755796564	0.00197770497	-0.00460067975
0.03755978018	0.00194293929	-0.00458257722
0.03756160188	0.00190739729	-0.00456343950
0.03756342881	0.00187107360	-0.00454323854
0.03756526502	0.00183383864	-0.00452184162
0.03756709850	0.00179588695	-0.00449937149
0.03756892937	0.00175716982	-0.00447576724
0.03757076203	0.00171753915	-0.00445087595
0.03757258937	0.00167708918	-0.00442473246
0.03757440556	0.00163589335	-0.00439736779
0.03757621713	0.00159373971	-0.00436856129
0.03757801114	0.00155086381	-0.00433846914
0.03757978949	0.00150715701	-0.00430696211
0.03758155354	0.00146250937	-0.00427388797
0.03758329030	0.00141717682	-0.00423942308
0.03758500261	0.00137101392	-0.00420339467
0.03758668676	0.00132403853	-0.00416576163
0.03758833907	0.00127627032	-0.00412648249
0.03758995581	0.00122773053	-0.00408551582
0.03759153329	0.00117844187	-0.00404282046
0.03759306783	0.00112842869	-0.00399835551
0.03759455580	0.00107771716	-0.00395208029
0.03759599362	0.00102633503	-0.00390395477
0.03759737779	0.00097431164	-0.00385393968
0.03759870633	0.00092161934	-0.00380193208
0.03759997500	0.00086832033	-0.00374791265
0.03760117805	0.00081456065	-0.00369196809
0.03760231766	0.00076013601	-0.00363379721
0.03760338466	0.00070538078	-0.00357368398
0.03760438218	0.00065003124	-0.00351125757
0.03760530237	0.00059441862	-0.00344680493
0.03760614652	0.00053837158	-0.00338005925
0.03760691110	0.00048201434	-0.00331106992
0.03760759364	0.00042544150	-0.00323987259
0.03760819328	0.00036864375	-0.00316638075
0.03760870854	0.00031167615	-0.00309057815
0.03760913832	0.00025458795	-0.00301244314
0.03760948173	0.00019744308	-0.00293197632
0.03760973826	0.00014031279	-0.00284919566
0.03760990790	0.00008323262	-0.00276407560
0.03760999085	0.00002624080	-0.00267659240
0.03760998757	-0.00003058314	-0.00258678216
0.03760989895	-0.00008718367	-0.00249465713
0.03760972619	-0.00014351172	-0.00240022629
0.03760947080	-0.00019951411	-0.00230350858
0.03760913459	-0.00025513868	-0.00220452518
0.03760871917	-0.00031039044	-0.00210320425
0.03760822791	-0.00036509331	-0.00199976385
0.03760766301	-0.00041926456	-0.00189415444
0.03760702669	-0.00047290938	-0.00178631641
0.03760632333	-0.00052587637	-0.00167645356
0.03760555581	-0.00057816268	-0.00156456101
0.03760472675	-0.00062978237	-0.00145058055
0.03760384194	-0.00068056684	-0.00133478224
0.03760290303	-0.00073060513	-0.00121701083
0.03760191588	-0.00077975753	-0.00109749918
0.03760088341	-0.00082804995	-0.00097621621
0.03759981026	-0.00087542481	-0.00085326671
0.03759870091	-0.00092184049	-0.00072875272
0.03759755872	-0.00096730452	-0.00060267855
0.03759638950	-0.00101172954	-0.00047524755
0.03759519530	-0.00105517326	-0.00034638119
0.03759398305	-0.00109751454	-0.00021636901
0.03759275369	-0.00113884597	-0.00008507501
0.03759151452	-0.00117904018	0.00004718593
0.03759026680	-0.00121817154	0.00018048764
0.03758901581	-0.00125618085	0.00031464598
0.03758776511	-0.00129306380	0.00044955648
0.03758651661	-0.00132886003	0.00058523269
0.03758527625	-0.00136349145	0.00072140953
0.03758404539	-0.00139700829	0.00085808038
0.03758282650	-0.00142942362	0.00099519300
0.03758162435	-0.00146068869	0.00113252419
0.03758044012	-0.00149084555	0.00127003852
0.03757927621	-0.00151990119	0.00140763502
0.03757813453	-0.00154787111	0.00154524028
0.03757701798	-0.00157474426	0.00168270112
0.03757592785	-0.00160054561	0.00181993733
0.03757486555	-0.00162529346	0.00195685856
0.03757383243	-0.00164900460	0.00209336846
0.03757282970	-0.00167169614	0.00222937261
0.03757185834	-0.00169338735	0.00236477833
0.03757091913	-0.00171409908	0.00249949491
0.03757001227	-0.00173386223	0.00263347001
0.03756913927	-0.00175267649	0.00276656012
0.03756829988	-0.00177057733	0.00289870020
0.03756749393	-0.00178759604	0.00302982780
0.03756672130	-0.00180376026	0.00315989777
0.03756598325	-0.00181906630	0.00328873799
0.03756527753	-0.00183358227	0.00341641091
0.03756460604	-0.00184728795	0.00354270820
0.03756396606	-0.00186025647	0.00366771344
0.03756335928	-0.00187246891	0.00379123791
0.03756278377	-0.00188397867	0.00391328420
0.03756223878	-0.00189481339	0.00403382318
0.03756172435	-0.00190498389	0.00415276699
0.03756123953	-0.00191451949	0.00427007081
0.03756078326	-0.00192345027	0.00438570382
0.03756035474	-0.00193180019	0.00449962546
0.03755995311	-0.00193959342	0.00461179862
0.03755957745	-0.00194685427	0.00472218958
0.03755922667	-0.00195360990	0.00483078969
0.03755890027	-0.00195987504	0.00493755127
0.03755859730	-0.00196567260	0.00504243761
0.03755831624	-0.00197103550	0.00514546079
0.03755805634	-0.00197598183	0.00524661288
0.03755781726	-0.00198052074	0.00534582376
0.03755759695	-0.00198469429	0.00544316906
0.03755739572	-0.00198849854	0.00553855798
0.03755721181	-0.00199196917	0.00563202844
0.03755704425	-0.00199512587	0.00572360669
0.03755689308	-0.00199796951	0.00581322810
0.03755675665	-0.00200053246	0.00590093454
0.03755663423	-0.00200282935	0.00598673050
0.03755652509	-0.00200487478	0.00607062274
0.03755642850	-0.00200668335	0.00615262006
0.03755634373	-0.00200826927	0.00623273333
0.03755627006	-0.00200964656	0.00631097527
0.03755620676	-0.00201082905	0.00638736040
0.03755615313	-0.00201183056	0.00646190488
0.03755610845	-0.00201266436	0.00653462646
0.03755607192	-0.00201334598	0.00660557910
0.03755604363	-0.00201387352	0.00667473116
0.03755602259	-0.00201426591	0.00674211210
0.03755600772	-0.00201454320	0.00680781607
0.03755599979	-0.00201469090	0.00687175509
0.03755599696	-0.00201474380	0.00693406368
0.03755599991	-0.00201468869	0.00699466804
0.03755600701	-0.00201455644	0.00705370937
0.03755601925	-0.00201432819	0.00711109635
0.03755603511	-0.00201403256	0.00716692905
0.03755605444	-0.00201367200	0.00722124776
0.03755607752	-0.00201324148	0.00727402150
0.03755610339	-0.00201275880	0.00732531625
0.03755613181	-0.00201222840	0.00737516111
0.03755616253	-0.00201165506	0.00742359493
0.03755619550	-0.00201103944	0.00747063339
0.03755623045	-0.00201038656	0.00751629960
0.03755626699	-0.00200970385	0.00756063357
0.03755630492	-0.00200899494	0.00760366481
0.03755634404	-0.00200826355	0.00764542272
0.03755638416	-0.00200751303	0.00768593658
0.03755642511	-0.00200674681	0.00772523554
0.03755646668	-0.00200596865	0.00776336287
0.03755650894	-0.00200517728	0.00780033064
0.03755655170	-0.00200437625	0.00783616270
0.03755659470	-0.00200357046	0.00787089401
0.03755663778	-0.00200276269	0.00790455235
0.03755668078	-0.00200195624	0.00793718323
0.03755672379	-0.00200114928	0.00796881168
0.03755676695	-0.00200033910	0.00799941964
0.03755680972	-0.00199953589	0.00802906204
0.03755685210	-0.00199873977	0.00805770349
0.03755686615	-0.00199847558	0.00807136382
0.03755695857	-0.00199673808	0.00808491547
0.03755712806	-0.00199354763	0.00809819956
0.03755737226	-0.00198894161	0.00811106034
0.03755768782	-0.00198297401	0.00812334703
0.03755807039	-0.00197571476	0.00813491559
0.03755851477	-0.00196724891	0.00814563038
0.03755901497	-0.00195767570	0.00815536577
0.03755956434	-0.00194710730	0.00816400764
0.03756015563	-0.00193566760	0.00817145467
0.03756078119	-0.00192349066	0.00817761953
0.03756143304	-0.00191071923	0.00818242997
0.03756210301	-0.00189750301	0.00818582957
0.03756278285	-0.00188399693	0.00818777849
0.03800291766	0.00311049025	-0.00454585498
0.03800664063	0.00306466444	-0.00461352943
0.03800852445	0.00304121178	-0.00463974788
0.03801010763	0.00302136025	-0.00465925451
0.03801156996	0.00300290676	-0.00467509509
0.03801294519	0.00298544775	-0.00468866984
0.03801426846	0.00296855068	-0.00470057723
0.03801557682	0.00295174845	-0.00471104464
0.03801684437	0.00293537803	-0.00472057121
0.03801810828	0.00291896266	-0.00472911536
0.03801937552	0.00290241027	-0.00473677333
0.03802062520	0.00288599363	-0.00474381385
0.03802187808	0.00286944023	-0.00475017688
0.03802314868	0.00285255405	-0.00475581420
0.03802442005	0.00283555637	-0.00476090139
0.03802569530	0.00281840328	-0.00476545963
0.03802698234	0.00280098443	-0.00476946144
0.03802828250	0.00278327685	-0.00477291958
0.03802959689	0.00276525957	-0.00477584316
0.03803092645	0.00274691347	-0.00477823782
0.03803227299	0.00272820653	-0.00478009768
0.03803363493	0.00270915375	-0.00478144223
0.03803501204	0.00268975071	-0.00478227829
0.03803641017	0.00266990669	-0.00478255727
0.03803782569	0.00264966350	-0.00478230760
0.03803925923	0.00262900302	-0.00478152147
0.03804071146	0.00260790562	-0.00478018927
0.03804218255	0.00258635782	-0.00477830282
0.03804367267	0.00256434582	-0.00477585371
0.03804518466	0.00254181507	-0.00477280541
0.03804672851	0.00251860070	-0.00476904414
0.03804827754	0.00249509035	-0.00476481284
0.03804984697	0.00247104146	-0.00475996056
0.03805145615	0.00244613675	-0.00475426684
0.03805306291	0.00242101277	-0.00474813894
0.03805470774	0.00239501964	-0.00474114839
0.03805635938	0.00236863050	-0.00473359577
0.03805804466	0.00234139626	-0.00472517306
0.03805973384	0.00231377615	-0.00471617903
0.03806146010	0.00228520353	-0.00470621804
0.03806319271	0.00225616065	-0.00469560268
0.03806494301	0.00222643516	-0.00468418298
0.03806671554	0.00219592081	-0.00467186766
0.03806850691	0.00216464355	-0.00465865353
0.03807030817	0.00213272975	-0.00464461601
0.03807212455	0.00210005532	-0.00462965269
0.03807395449	0.00206661304	-0.00461373841
0.03807579634	0.00203239592	-0.00459684741
0.03807764836	0.00199739719	-0.00457895337
0.03807950870	0.00196161086	-0.00456002871
0.03808137543	0.00192503119	-0.00454004536
0.03808325272	0.00188752806	-0.00451887214
0.03808512840	0.00184929578	-0.00449662935
0.03808700260	0.00181028526	-0.00447325655
0.03808887986	0.00177034775	-0.00444860266
0.03809075298	0.00172957714	-0.00442270129
0.03809261607	0.00168804657	-0.00439558245
0.03809447581	0.00164554324	-0.00436702818
0.03809631907	0.00160230262	-0.00433719158
0.03809814779	0.00155821542	-0.00430594478
0.03809996344	0.00151317087	-0.00427313702
0.03810175277	0.00146742493	-0.00423894124
0.03810351871	0.00142083135	-0.00420318657
0.03810525754	0.00137340743	-0.00416583168
0.03810696548	0.00132517227	-0.00412683488
0.03810863878	0.00127614660	-0.00408615445
0.03811027367	0.00122635254	-0.00404374897
0.03811186642	0.00117581391	-0.00399957725
0.03811341330	0.00112455634	-0.00395359830
0.03811491065	0.00107260702	-0.00390577177
0.03811635490	0.00101999475	-0.00385605802
0.03811774401	0.00096669112	-0.00380435465
0.03811907361	0.00091275781	-0.00375064157
0.03812033776	0.00085834087	-0.00369500341
0.03812153872	0.00080323439	-0.00363714219
0.03812266694	0.00074777357	-0.00357733701
0.03812372570	0.00069169275	-0.00351522122
0.03812470673	0.00063532411	-0.00345107689
0.03812561139	0.00057849478	-0.00338464002
0.03812643592	0.00052132890	-0.00331595835
0.03812717767	0.00046392097	-0.00324506623
0.03812783566	0.00040626102	-0.00317187751
0.03812840824	0.00034840379	-0.00309637534
0.03812889415	0.00029039816	-0.00301853757
0.03812929232	0.00023230790	-0.00293836403
0.03812960206	0.00017420417	-0.00285587180
0.03812982318	0.00011612224	-0.00277103503
0.03812995574	0.00005810008	-0.00268382966
0.03813000000	0.00000021731	-0.00259429079
0.03812995669	-0.00005747052	-0.00250243004
0.03812982684	-0.00011491434	-0.00240825588
0.03812961179	-0.00017206085	-0.00231178665
0.03812931319	-0.00022885777	-0.00221304300
0.03812893256	-0.00028531058	-0.00211195359
0.03812847301	-0.00034124171	-0.00200873368
0.03812793666	-0.00039666864	-0.00190333437
0.03812732564	-0.00045159693	-0.00179569659
0.03812664412	-0.00050587362	-0.00168602174
0.03812589493	-0.00055949574	-0.00157430521
0.03812508060	-0.00061247765	-0.00146048953
0.03812420678	-0.00066464857	-0.00134484190
0.03812327508	-0.00071609848	-0.00122720922
0.03812229129	-0.00076668575	-0.00110782200
0.03812125827	-0.00081643623	-0.00098665005
0.03812018063	-0.00086529133	-0.00086379744
0.03811906282	-0.00091320833	-0.00073936573
0.03811790821	-0.00096019447	-0.00061335981
0.03811672259	-0.00100616045	-0.00048598154
0.03811550805	-0.00105116431	-0.00035715404
0.03811427154	-0.00109508221	-0.00022716457
0.03811301403	-0.00113800758	-0.00009587954
0.03811174292	-0.00117981003	0.00003638863
0.03811045950	-0.00122056424	0.00016971185
0.03810916915	-0.00126020908	0.00030390693
0.03810787553	-0.00129873896	0.00043886928
0.03810658063	-0.00133619334	0.00057461119
0.03810529054	-0.00137249139	0.00071086912
0.03810400673	-0.00140768293	0.00084763515
0.03810273179	-0.00144178024	0.00098485640
0.03810147064	-0.00147473216	0.00112231063
0.03810022463	-0.00150658007	0.00125996131
0.03809899628	-0.00153732968	0.00139770715
0.03809778767	-0.00156699547	0.00153547416
0.03809660186	-0.00159556463	0.00167310929
0.03809544032	-0.00162306103	0.00181053169
0.03809430461	-0.00164950179	0.00194765049
0.03809319627	-0.00167490245	0.00208436885
0.03809211665	-0.00169927891	0.00222059192
0.03809106693	-0.00172264924	0.00235622649
0.03809004804	-0.00174503311	0.00249118137
0.03808906033	-0.00176646063	0.00262540338
0.03808810552	-0.00178692980	0.00275874908
0.03808718351	-0.00180647517	0.00289115265
0.03808629427	-0.00182512715	0.00302255091
0.03808543780	-0.00184291272	0.00315289799
0.03808461562	-0.00185982616	0.00328202208
0.03808382549	-0.00187593605	0.00340998389
0.03808306957	-0.00189121979	0.00353657584
0.03808234515	-0.00190575122	0.00366187965
0.03808165417	-0.00191950924	0.00378570728
0.03808099476	-0.00193254710	0.00390806019
0.03808036627	-0.00194489199	0.00402890858
0.03807976888	-0.00195655365	0.00414816449
0.03807920173	-0.00196756078	0.00426578255
0.03807866386	-0.00197794298	0.00438173138
0.03807815456	-0.00198772368	0.00449596998
0.03807767304	-0.00199692653	0.00460846080
0.03807721848	-0.00200557536	0.00471916974
0.03807678983	-0.00201369715	0.00482808757
0.03807638667	-0.00202130602	0.00493516646
0.03807600812	-0.00202842439	0.00504036941
0.03807565269	-0.00203508524	0.00514370784
0.03807531967	-0.00204130652	0.00524517350
0.03807500881	-0.00204709652	0.00534469639
0.03807471801	-0.00205249811	0.00544235113
0.03807444770	-0.00205750629	0.00553804738
0.03807419609	-0.00206215709	0.00563182236
0.03807396223	-0.00206647049	0.00572370192
0.03807374622	-0.00207044660	0.00581362176
0.03807354638	-0.00207411822	0.00590162313
0.03807336200	-0.00207750001	0.00598771039
0.03807319235	-0.00208060664	0.00607189011
0.03807303671	-0.00208345277	0.00615417096
0.03807289435	-0.00208605275	0.00623456367
0.03807276453	-0.00208842073	0.00631308083
0.03807264654	-0.00209057069	0.00638973685
0.03807253963	-0.00209251663	0.00646454777
0.03807244311	-0.00209427203	0.00653753124
0.03807235611	-0.00209585305	0.00660874091
0.03807227878	-0.00209725744	0.00667814553
0.03807221006	-0.00209850443	0.00674577437
0.03807214882	-0.00209961522	0.00681172100
0.03807209592	-0.00210057428	0.00687589835
0.03807204936	-0.00210141798	0.00693843997
0.03807200993	-0.00210213227	0.00699927289
0.03807197583	-0.00210274968	0.00705853738
0.03807194818	-0.00210325028	0.00711614312
0.03807192533	-0.00210366389	0.00717218950
0.03807190712	-0.00210399346	0.00722671685
0.03807189385	-0.00210423358	0.00727969466
0.03807188449	-0.00210440287	0.00733118862
0.03807187878	-0.00210450611	0.00738122785
0.03807187644	-0.00210454858	0.00742985122
0.03807187740	-0.00210453112	0.00747707459
0.03807188138	-0.00210445904	0.00752292113
0.03807188795	-0.00210434029	0.00756743084
0.03807189687	-0.00210417884	0.00761063328
0.03807190793	-0.00210397879	0.00765255790
0.03807192091	-0.00210374385	0.00769323409
0.03807193561	-0.00210347781	0.00773269103
0.03807195179	-0.00210318498	0.00777097199
0.03807196950	-0.00210286424	0.00780808926
0.03807198855	-0.00210251945	0.00784406676
0.03807200862	-0.00210215593	0.00787893947
0.03807202955	-0.00210177681	0.00791273524
0.03807205113	-0.00210138596	0.00794549954
0.03807207343	-0.00210098188	0.00797725755
0.03807209662	-0.00210056163	0.00800799157
0.03807212009	-0.00210013609	0.00803775636
0.03807214387	-0.00209970494	0.00806651696
0.03807214898	-0.00209961229	0.00808017952
0.03807223537	-0.00209804523	0.00809375195
0.03807240185	-0.00209502213	0.00810707513
0.03807264611	-0.00209057843	0.00811999287
0.03807296482	-0.00208476618	0.00813235370
0.03807335362	-0.00207765350	0.00814401272
0.03807380726	-0.00206932374	0.00815483322
0.03807431965	-0.00205987452	0.00816468836
0.03807488400	-0.00204941657	0.00817346258
0.03807549291	-0.00203807248	0.00818105303
0.03807613852	-0.00202597519	0.00818737069
0.03807681260	-0.00201326651	0.00819234152
0.03807750672	-0.00200009541	0.00819590722
0.03807821235	-0.00198661628	0.00819802600
0.03852005438	0.00316668758	-0.00453576363
0.03852375816	0.00312130691	-0.00460374143
0.03852563846	0.00309801252	-0.00463010902
0.03852722086	0.00307827104	-0.00464973904
0.03852868407	0.00305990260	-0.00466569361
0.03853006129	0.00304251169	-0.00467937484
0.03853138746	0.00302567027	-0.00469138438
0.03853269956	0.00300891415	-0.00470195360
0.03853397148	0.00299258111	-0.00471157781
0.03853524045	0.00297619609	-0.00472021987
0.03853651342	0.00295966777	-0.00472797672
0.03853776937	0.00294326893	-0.00473511412
0.03853902911	0.00292672780	-0.00474157460
0.03854030721	0.00290984885	-0.00474731182
0.03854158664	0.00289285316	-0.00475249898
0.03854287051	0.00287569699	-0.00475715758
0.03854416676	0.00285827020	-0.00476126116
0.03854547673	0.00284054986	-0.00476482264
0.03854680154	0.00282251502	-0.00476785124
0.03854814214	0.00280414653	-0.00477035272
0.03854950036	0.00278541235	-0.00477232146
0.03855087461	0.00276632737	-0.00477377671
0.03855226467	0.00274688710	-0.00477472525
0.03855367643	0.00272700081	-0.00477511938
0.03855510628	0.00270671013	-0.00477498699
0.03855655484	0.00268599686	-0.00477432041
0.03855802279	0.00266484122	-0.00477311014
0.03855951033	0.00264322961	-0.00477134808
0.03856101766	0.00262114810	-0.00476902588
0.03856254763	0.00259854199	-0.00476610751
0.03856411034	0.00257524635	-0.00476248094
0.03856567892	0.00255164832	-0.00475838481
0.03856726872	0.00252750538	-0.00475367070
0.03856889929	0.00250250021	-0.00474812158
0.03857052812	0.00247726872	-0.00474213762
0.03857219605	0.00245116127	-0.00473529746
0.03857387160	0.00242465042	-0.00472789632
0.03857558184	0.00239728713	-0.00471963114
0.03857729678	0.00236953015	-0.00471079543
0.03857904996	0.00234081280	-0.00470099987
0.03858081035	0.00231161687	-0.00469055152
0.03858258945	0.00228172986	-0.00467930272
0.03858439186	0.00225104522	-0.00466716330
0.03858621420	0.00221958858	-0.00465412975
0.03858804744	0.00218748600	-0.00464027593
0.03858989690	0.00215461309	-0.00462550076
0.03859176102	0.00212096230	-0.00460977910
0.03859363818	0.00208652631	-0.00459308520
0.03859552664	0.00205129798	-0.00457539273
0.03859742456	0.00201527097	-0.00455667411
0.03859933003	0.00197843918	-0.00453690125
0.03860124729	0.00194067198	-0.00451594452
0.03860316405	0.00190216341	-0.00449392176
0.03860508047	0.00186286398	-0.00447077306
0.03860700118	0.00182262439	-0.00444634910
0.03860891894	0.00178153812	-0.00442068232
0.03861082776	0.00173967799	-0.00439380172
0.03861273451	0.00169683045	-0.00436549198
0.03861462583	0.00165323079	-0.00433590321
0.03861650375	0.00160876912	-0.00430490886
0.03861836981	0.00156333391	-0.00427235960
0.03862021053	0.00151718103	-0.00423842506
0.03862202894	0.00147016346	-0.00420293622
0.03862382126	0.00142229800	-0.00416585154
0.03862558368	0.00137360318	-0.00412712910
0.03862731238	0.00132409916	-0.00408672694
0.03862900354	0.00127380753	-0.00404460338
0.03863065335	0.00122275156	-0.00400071693
0.03863225804	0.00117095633	-0.00395502633
0.03863381386	0.00111844848	-0.00390749088
0.03863531712	0.00106525630	-0.00385807064
0.03863676578	0.00101135059	-0.00380666370
0.03863815534	0.00095679253	-0.00375324923
0.03863947963	0.00090172812	-0.00369790985
0.03864074105	0.00084594993	-0.00364035074
0.03864192963	0.00078979389	-0.00358084620
0.03864304882	0.00073299250	-0.00351903371
0.03864408995	0.00067587875	-0.00345519055
0.03864505443	0.00061827838	-0.00338905549
0.03864593829	0.00056031536	-0.00332067463
0.03864673869	0.00050208410	-0.00325008107
0.03864745454	0.00044357396	-0.00317718903
0.03864808402	0.00038483935	-0.00310198106
0.03864862572	0.00032592881	-0.00302443449
0.03864907840	0.00026690589	-0.00294454845
0.03864944116	0.00020784169	-0.00286233913
0.03864971367	0.00014877117	-0.00277778039
0.03864989584	0.00008973203	-0.00269084787
0.03864998772	0.00003080399	-0.00260157567
0.03864998989	-0.00002795741	-0.00250997481
0.03864990320	-0.00008650311	-0.00241605324
0.03864972883	-0.00014477972	-0.00231982873
0.03864946828	-0.00020273482	-0.00222132138
0.03864912295	-0.00026037437	-0.00212046040
0.03864869573	-0.00031751938	-0.00201745824
0.03864818862	-0.00037418753	-0.00191226662
0.03864760366	-0.00043038470	-0.00180482706
0.03864694485	-0.00048595651	-0.00169533853
0.03864621492	-0.00054089981	-0.00158379670
0.03864541631	-0.00059522924	-0.00147014488
0.03864455453	-0.00064877196	-0.00135464736
0.03864363118	-0.00070161883	-0.00123715321
0.03864265192	-0.00075362631	-0.00111789061
0.03864161959	-0.00080482027	-0.00099683024
0.03864053874	-0.00085514106	-0.00087407546
0.03863941380	-0.00090454492	-0.00074972734
0.03863824811	-0.00095303877	-0.00062379133
0.03863704747	-0.00100053143	-0.00049646783
0.03863581397	-0.00104708125	-0.00036768159
0.03863455460	-0.00109256176	-0.00023771758
0.03863327036	-0.00113706713	-0.00010644460
0.03863196869	-0.00118046409	0.00002582737
0.03863065095	-0.00122282756	0.00015916834
0.03862932261	-0.00126409451	0.00029339607
0.03862798740	-0.00130425812	0.00042840587
0.03862664741	-0.00134335758	0.00056420876
0.03862530886	-0.00138130946	0.00070054279
0.03862397330	-0.00141816308	0.00083739872
0.03862264346	-0.00145392995	0.00097472304
0.03862132441	-0.00148855656	0.00111229450
0.03862001763	-0.00152208357	0.00125007549
0.03861872579	-0.00155451543	0.00138796439
0.03861745111	-0.00158586563	0.00152588663
0.03861619683	-0.00161611957	0.00166368934
0.03861496456	-0.00164530004	0.00180129102
0.03861375604	-0.00167342297	0.00193860028
0.03861257296	-0.00170050268	0.00207551985
0.03861141686	-0.00172655382	0.00221195441
0.03861028906	-0.00175159329	0.00234781027
0.03860919067	-0.00177563957	0.00248299575
0.03860812219	-0.00179872199	0.00261745686
0.03860708553	-0.00182083685	0.00275105023
0.03860608075	-0.00184201778	0.00288370928
0.03860510795	-0.00186229431	0.00301537012
0.03860416729	-0.00188169273	0.00314598614
0.03860326048	-0.00190020536	0.00327538590
0.03860238536	-0.00191790116	0.00340362833
0.03860154430	-0.00193475522	0.00353050667
0.03860073465	-0.00195084201	0.00365610072
0.03859995855	-0.00196613832	0.00378022320
0.03859921422	-0.00198069722	0.00390287440
0.03859850112	-0.00199454543	0.00402402388
0.03859781955	-0.00200769163	0.00414358357
0.03859716878	-0.00202016387	0.00426150761
0.03859654792	-0.00203199131	0.00437776402
0.03859595635	-0.00204319679	0.00449231138
0.03859539340	-0.00205380345	0.00460511173
0.03859485829	-0.00206383466	0.00471613056
0.03859435005	-0.00207331719	0.00482535809
0.03859386835	-0.00208226456	0.00493274634
0.03859341238	-0.00209069869	0.00503825803
0.03859298067	-0.00209865262	0.00514190393
0.03859257256	-0.00210614415	0.00524367545
0.03859218790	-0.00211318071	0.00534350275
0.03859182456	-0.00211980596	0.00544145942
0.03859148306	-0.00212601384	0.00553745560
0.03859116162	-0.00213184076	0.00563152780
0.03859085927	-0.00213730694	0.00572370147
0.03859057621	-0.00214241174	0.00581391266
0.03859031073	-0.00214718839	0.00590220201
0.03859006213	-0.00215165158	0.00598857372
0.03858982971	-0.00215581602	0.00607303419
0.03858961274	-0.00215969647	0.00615559197
0.03858941048	-0.00216330737	0.00623625763
0.03858922222	-0.00216666302	0.00631504366
0.03858904722	-0.00216977755	0.00639196432
0.03858888475	-0.00217266514	0.00646703558
0.03858873408	-0.00217533945	0.00654027496
0.03858859432	-0.00217781728	0.00661173581
0.03858846565	-0.00218009602	0.00668138726
0.03858834700	-0.00218219524	0.00674925839
0.03858823713	-0.00218413721	0.00681544221
0.03858813700	-0.00218590542	0.00687985253
0.03858804450	-0.00218753779	0.00694262196
0.03858796048	-0.00218901943	0.00700367834
0.03858788302	-0.00219038451	0.00706316100
0.03858781332	-0.00219161208	0.00712098064
0.03858774963	-0.00219273311	0.00717723597
0.03858769177	-0.00219375103	0.00723196734
0.03858764008	-0.00219466012	0.00728514472
0.03858759346	-0.00219547975	0.00733683349
0.03858755161	-0.00219621508	0.00738706283
0.03858751423	-0.00219687184	0.00743587158
0.03858748124	-0.00219745110	0.00748327581
0.03858745235	-0.00219795845	0.00752929875
0.03858742706	-0.00219840232	0.00757398037
0.03858740514	-0.00219878705	0.00761735027
0.03858738633	-0.00219911710	0.00765943800
0.03858737041	-0.00219939655	0.00770027299
0.03858735712	-0.00219962955	0.00773988449
0.03858734621	-0.00219982095	0.00777831575
0.03858733773	-0.00219996978	0.00781557929
0.03858733143	-0.00220008020	0.00785169910
0.03858732700	-0.00220015798	0.00788671017
0.03858732423	-0.00220020657	0.00792064042
0.03858732287	-0.00220023042	0.00795353528
0.03858732299	-0.00220022834	0.00798542006
0.03858732476	-0.00220019720	0.00801627746
0.03858732754	-0.00220014852	0.00804616203
0.03858733135	-0.00220008159	0.00807503926
0.03858732696	-0.00220015871	0.00808870191
0.03858740665	-0.00219876058	0.00810229282
0.03858756934	-0.00219590358	0.00811565265
0.03858781280	-0.00219162119	0.00812862477
0.03858813371	-0.00218596359	0.00814105709
0.03858852772	-0.00217899708	0.00815280386
0.03858898953	-0.00217080329	0.00816372735
0.03858951298	-0.00216147825	0.00817369949
0.03859009114	-0.00215113124	0.00818260338
0.03859071648	-0.00213988353	0.00819033461
0.03859138093	-0.00212786695	0.00819680256
0.03859207606	-0.00211522235	0.00820193139
0.03859279316	-0.00210209795	0.00820566096
0.03859352344	-0.00208864759	0.00820794756
0.03903722857	0.00322237272	-0.00452599165
0.03904091300	0.00317742221	-0.00459425891
0.03904278956	0.00315428013	-0.00462076894
0.03904437099	0.00313464418	-0.00464051680
0.03904583484	0.00311635711	-0.00465658033
0.03904721381	0.00309903109	-0.00467036334
0.03904854263	0.00308224246	-0.00468247054
0.03904985821	0.00306552994	-0.00469313718
0.03905113423	0.00304923193	-0.00470285478
0.03905240797	0.00303287515	-0.00471159055
0.03905368636	0.00301636899	-0.00471944207
0.03905494826	0.00299998612	-0.00472667221
0.03905621452	0.00298345560	-0.00473322602
0.03905749978	0.00296658240	-0.00473905897
0.03905878691	0.00294958732	-0.00474434193
0.03906007902	0.00293242679	-0.00474909671
0.03906138410	0.00291499091	-0.00475329787
0.03906270348	0.00289725677	-0.00475695844
0.03906403829	0.00287920344	-0.00476008778
0.03906538949	0.00286081174	-0.00476269175
0.03906675894	0.00284204961	-0.00476476498
0.03906814503	0.00282293183	-0.00476632650
0.03906954756	0.00280345384	-0.00476738303
0.03907097246	0.00278352491	-0.00476788775
0.03907241611	0.00276318648	-0.00476786804
0.03907387914	0.00274242025	-0.00476731633
0.03907536227	0.00272120632	-0.00476622325
0.03907686570	0.00269953096	-0.00476458076
0.03907838963	0.00267738009	-0.00476238059
0.03907993697	0.00265469892	-0.00475958720
0.03908151791	0.00263132249	-0.00475609025
0.03908310540	0.00260763729	-0.00475212418
0.03908471491	0.00258340093	-0.00474754304
0.03908636617	0.00255829619	-0.00474213318
0.03908801637	0.00253295807	-0.00473628783
0.03908970667	0.00250673739	-0.00472959255
0.03909140537	0.00248010603	-0.00472233736
0.03909313980	0.00245261507	-0.00471422403
0.03909487972	0.00242472266	-0.00470554093
0.03909665899	0.00239586227	-0.00469590493
0.03909844634	0.00236651507	-0.00468561767
0.03910025339	0.00233646848	-0.00467453374
0.03910208481	0.00230561568	-0.00466256411
0.03910393722	0.00227398196	-0.00464970491
0.03910580152	0.00224169303	-0.00463602846
0.03910768312	0.00220862427	-0.00462143504
0.03910958048	0.00217476777	-0.00460589949
0.03911149197	0.00214011588	-0.00458939607
0.03911341588	0.00210466113	-0.00457189847
0.03911535037	0.00206839680	-0.00455337909
0.03911729354	0.00203131643	-0.00453380984
0.03911924973	0.00199328896	-0.00451306260
0.03912120650	0.00195450805	-0.00449125282
0.03912316407	0.00191492385	-0.00446832107
0.03912512716	0.00187438658	-0.00444411981
0.03912708845	0.00183298926	-0.00441868029
0.03912904190	0.00179080439	-0.00439203054
0.03913099452	0.00174761773	-0.00436395788
0.03913293278	0.00170366432	-0.00433460942
0.03913485877	0.00165883369	-0.00430385992
0.03913677410	0.00161301364	-0.00427156154
0.03913866507	0.00156645982	-0.00423788055
0.03914053480	0.00151902456	-0.00420264981
0.03914237947	0.00147072409	-0.00416582759
0.03914419523	0.00142157641	-0.00412737174
0.03914597821	0.00137160112	-0.00408724005
0.03914772454	0.00132081927	-0.00404539061
0.03914943033	0.00126925357	-0.00400178164
0.03915109175	0.00121692856	-0.00395637160
0.03915270496	0.00116387035	-0.00390911949
0.03915426622	0.00111010667	-0.00385998504
0.03915577343	0.00105560761	-0.00380886686
0.03915722197	0.00100043382	-0.00375574342
0.03915860548	0.00094473119	-0.00370069529
0.03915992645	0.00088829091	-0.00364343084
0.03916117455	0.00083144943	-0.00358421961
0.03916235336	0.00077393764	-0.00352270321
0.03916345384	0.00071608915	-0.00345915412
0.03916447744	0.00065772840	-0.00339331392
0.03916542000	0.00059897919	-0.00332522710
0.03916627847	0.00053993576	-0.00325492547
0.03916705167	0.00048058687	-0.00318232367
0.03916773762	0.00042098657	-0.00310740366
0.03916833475	0.00036118306	-0.00303014228
0.03916884163	0.00030123966	-0.00295053794
0.03916925720	0.00024122736	-0.00286860597
0.03916958097	0.00018118084	-0.00278431994
0.03916981268	0.00012113755	-0.00269765523
0.03916995223	0.00006117724	-0.00260864494
0.03916999998	0.00000135544	-0.00251729948
0.03916995665	-0.00005827879	-0.00242362632
0.03916982325	-0.00011767201	-0.00232764265
0.03916960112	-0.00017677167	-0.00222936804
0.03916929154	-0.00023558414	-0.00212873226
0.03916889717	-0.00029392916	-0.00202594494
0.03916841993	-0.00035182457	-0.00192095845
0.03916786173	-0.00040927655	-0.00181371489
0.03916722639	-0.00046612934	-0.00170441082
0.03916651656	-0.00052237966	-0.00159304219
0.03916573460	-0.00057804236	-0.00147955308
0.03916488585	-0.00063294266	-0.00136420491
0.03916397189	-0.00068717221	-0.00124684887
0.03916299826	-0.00074058569	-0.00112771084
0.03916196777	-0.00079320890	-0.00100676237
0.03916088491	-0.00084498120	-0.00088410611
0.03915975407	-0.00089585780	-0.00075984262
0.03915857858	-0.00094584529	-0.00063397795
0.03915736421	-0.00099485068	-0.00050671099
0.03915611308	-0.00104293256	-0.00037796812
0.03915483218	-0.00108996193	-0.00024803204
0.03915352254	-0.00113603363	-0.00011677395
0.03915219166	-0.00118101161	0.00001549868
0.03915084094	-0.00122497095	0.00014885391
0.03914947592	-0.00126784681	0.00028311049
0.03914810042	-0.00130963110	0.00041816363
0.03914671660	-0.00135036277	0.00055402308
0.03914533079	-0.00138995578	0.00069042851
0.03914394468	-0.00142845901	0.00082736935
0.03914256106	-0.00146588312	0.00096479148
0.03914118519	-0.00150217232	0.00110247465
0.03913981865	-0.00153736657	0.00124038017
0.03913846427	-0.00157146903	0.00137840612
0.03913712438	-0.00160449218	0.00151647735
0.03913580241	-0.00163641969	0.00165444120
0.03913450012	-0.00166727325	0.00179221551
0.03913321941	-0.00169706761	0.00192970841
0.03913196212	-0.00172581585	0.00206682219
0.03913072996	-0.00175353142	0.00220346108
0.03912952442	-0.00178022999	0.00233953093
0.03912834677	-0.00180592889	0.00247493956
0.03912719765	-0.00183065663	0.00260963219
0.03912607917	-0.00185440787	0.00274346556
0.03912499154	-0.00187721528	0.00287637231
0.03912393501	-0.00189910753	0.00300828787
0.03912290987	-0.00192011018	0.00313916490
0.03912191804	-0.00194021364	0.00326883234
0.03912095743	-0.00195948720	0.00339734734
0.03912003064	-0.00197790368	0.00352450398
0.03911913506	-0.00199553813	0.00365038016
0.03911827304	-0.00201236528	0.00377478937
0.03911744290	-0.00202843797	0.00389773073
0.03911664420	-0.00204378247	0.00401917316
0.03911587738	-0.00205840639	0.00413902852
0.03911514181	-0.00207233714	0.00425725044
0.03911443670	-0.00208560340	0.00437380636
0.03911376154	-0.00209822746	0.00448865444
0.03911311572	-0.00211023193	0.00460175633
0.03911249858	-0.00212163970	0.00471307712
0.03911190919	-0.00213247734	0.00482260648
0.03911134732	-0.00214275776	0.00493029628
0.03911081223	-0.00215250240	0.00503610898
0.03911030250	-0.00216174431	0.00514005469
0.03910981750	-0.00217050115	0.00524212449
0.03910935719	-0.00217877953	0.00534224873
0.03910891939	-0.00218662383	0.00544049992
0.03910850477	-0.00219402699	0.00553678873
0.03910811151	-0.00220102573	0.00563115097
0.03910773866	-0.00220764054	0.00572361167
0.03910738651	-0.00221387004	0.00581410723
0.03910705332	-0.00221974786	0.00590267770
0.03910673842	-0.00222528872	0.00598932709
0.03910644112	-0.00223050738	0.00607406168
0.03910616068	-0.00223541868	0.00615688987
0.03910589640	-0.00224003717	0.00623782208
0.03910564755	-0.00224437727	0.00631687069
0.03910541341	-0.00224845325	0.00639404985
0.03910519322	-0.00225227949	0.00646937540
0.03910498627	-0.00225586983	0.00654286478
0.03910479161	-0.00225924168	0.00661457102
0.03910460947	-0.00226239208	0.00668446364
0.03910443876	-0.00226534094	0.00675257151
0.03910427815	-0.00226811160	0.00681898709
0.03910412871	-0.00227068657	0.00688362510
0.03910398819	-0.00227310528	0.00694661716
0.03910385752	-0.00227535205	0.00700789195
0.03910373465	-0.00227746264	0.00706758785
0.03910362089	-0.00227941511	0.00712561657
0.03910351438	-0.00228124156	0.00718207616
0.03910341491	-0.00228294592	0.00723700696
0.03910332286	-0.00228452212	0.00729037946
0.03910323706	-0.00228599032	0.00734225870
0.03910315719	-0.00228735601	0.00739267391
0.03910308292	-0.00228862541	0.00744166393
0.03910301417	-0.00228979979	0.00748924499
0.03910295060	-0.00229088504	0.00753544044
0.03910289171	-0.00229189005	0.00758029016
0.03910283722	-0.00229281953	0.00762382384
0.03910278685	-0.00229367831	0.00766607108
0.03910274036	-0.00229447083	0.00770706138
0.03910269747	-0.00229520161	0.00774682404
0.03910265788	-0.00229587600	0.00778540232
0.03910262164	-0.00229649323	0.00782280891
0.03910258848	-0.00229705773	0.00785906792
0.03910255805	-0.00229757571	0.00789421433
0.03910253012	-0.00229805097	0.00792827613
0.03910250440	-0.00229848850	0.00796129871
0.03910248095	-0.00229888743	0.00799330750
0.03910245996	-0.00229924446	0.00802428559
0.03910244071	-0.00229957175	0.00805428736
0.03910242328	-0.00229986819	0.00808327872
0.03910240886	-0.00230011327	0.00809693940
0.03910248124	-0.00229888248	0.00811054655
0.03910263943	-0.00229619024	0.00812394063
0.03910288127	-0.00229206810	0.00813696461
0.03910320349	-0.00228656437	0.00814946580
0.03910360175	-0.00227974353	0.00816129762
0.03910407070	-0.00227168551	0.00817232137
0.03910460411	-0.00226248475	0.00818240780
0.03910519498	-0.00225224907	0.00819143865
0.03910583560	-0.00224109843	0.00819930805
0.03910651774	-0.00222916352	0.00820592373
0.03910723276	-0.00221658424	0.00821120814
0.03910797172	-0.00220350803	0.00821509931
0.03910872555	-0.00219008818	0.00821755163
0.03955443931	0.00327756480	-0.00451653163
0.03955810432	0.00323302995	-0.00458507523
0.03955997698	0.00321003443	-0.00461172134
0.03956155725	0.00319049962	-0.00463158179
0.03956302155	0.00317229032	-0.00464774948
0.03956440206	0.00315502604	-0.00466162981
0.03956573331	0.00313828741	-0.00467383041
0.03956705212	0.00312161604	-0.00468459027
0.03956833199	0.00310535074	-0.00469439723
0.03956961024	0.00308902011	-0.00470322268
0.03957089377	0.00307253423	-0.00471116488
0.03957216133	0.00305616554	-0.00471848383
0.03957343382	0.00303964397	-0.00472512702
0.03957472591	0.00302277505	-0.00473105171
0.03957602041	0.00300577920	-0.00473642649
0.03957732043	0.00298861302	-0.00474127347
0.03957863398	0.00297116687	-0.00474556818
0.03957996239	0.00295341788	-0.00474932378
0.03958130681	0.00293534509	-0.00475254976
0.03958266822	0.00291692934	-0.00475525207
0.03958404847	0.00289813853	-0.00475742560
0.03958544596	0.00287898732	-0.00475908913
0.03958686051	0.00285947104	-0.00476024936
0.03958829808	0.00283949905	-0.00476086030
0.03958975504	0.00281911254	-0.00476094883
0.03959123205	0.00279829312	-0.00476050750
0.03959272983	0.00277702078	-0.00475952706
0.03959424861	0.00275528165	-0.00475799952
0.03959578860	0.00273306151	-0.00475591668
0.03959735274	0.00271030547	-0.00475324350
0.03959895131	0.00268684862	-0.00474987128
0.03960055710	0.00266307666	-0.00474603035
0.03960218570	0.00263874742	-0.00474157720
0.03960385699	0.00261354384	-0.00473630146
0.03960552789	0.00258809985	-0.00473058955
0.03960723987	0.00256176692	-0.00472403386
0.03960896103	0.00253501606	-0.00471691928
0.03961071890	0.00250739868	-0.00470895231
0.03961248306	0.00247937213	-0.00470041630
0.03961428765	0.00245037024	-0.00469093420
0.03961610117	0.00242087338	-0.00468080231
0.03961793536	0.00239066894	-0.00466987743
0.03961979495	0.00235964992	-0.00465807165
0.03962167658	0.00232784123	-0.00464538076
0.03962357108	0.00229536819	-0.00463187559
0.03962548393	0.00226210596	-0.00461745769
0.03962741361	0.00222804633	-0.00460210195
0.03962935851	0.00219318130	-0.00458578261
0.03963131692	0.00215750303	-0.00456847338
0.03963328702	0.00212100449	-0.00455014665
0.03963526690	0.00208367883	-0.00453077432
0.03963726102	0.00204539459	-0.00451022977
0.03963925680	0.00200634502	-0.00448862609
0.03964125448	0.00196647992	-0.00446590435
0.03964325889	0.00192564906	-0.00444191874
0.03964526266	0.00188394501	-0.00441669937
0.03964725967	0.00184143987	-0.00439027328
0.03964925709	0.00179791886	-0.00436243041
0.03965124120	0.00175361663	-0.00433331492
0.03965321416	0.00170842222	-0.00430280289
0.03965517766	0.00166222279	-0.00427074790
0.03965711778	0.00161527369	-0.00423731296
0.03965903773	0.00156742663	-0.00420233279
0.03966093366	0.00151869731	-0.00416576544
0.03966280166	0.00146910318	-0.00412756855
0.03966463783	0.00141866329	-0.00408769971
0.03966643824	0.00136739815	-0.00404611673
0.03966819894	0.00131532993	-0.00400277760
0.03966991603	0.00126248260	-0.00395764048
0.03967158561	0.00120888174	-0.00391066409
0.03967320385	0.00115455456	-0.00386180785
0.03967476862	0.00109947042	-0.00381097089
0.03967627518	0.00104368946	-0.00375813097
0.03967771699	0.00098735739	-0.00370336669
0.03967909662	0.00093026415	-0.00364638955
0.03968040339	0.00087274658	-0.00358746439
0.03968164102	0.00081453406	-0.00352623691
0.03968280010	0.00075596070	-0.00346297489
0.03968388212	0.00069684976	-0.00339742265
0.03968488273	0.00063732480	-0.00332962310
0.03968579868	0.00057747990	-0.00325960684
0.03968662870	0.00051730321	-0.00318728886
0.03968737066	0.00045684842	-0.00311265058
0.03968802281	0.00039616338	-0.00303566837
0.03968858358	0.00033531118	-0.00295633992
0.03968905170	0.00027436267	-0.00287467971
0.03968942656	0.00021335228	-0.00279066106
0.03968970773	0.00015231716	-0.00270425906
0.03968989490	0.00009133710	-0.00261550585
0.03968998831	0.00003046760	-0.00252441123
0.03968998848	-0.00003024229	-0.00243098221
0.03968989628	-0.00009073908	-0.00233523542
0.03968971287	-0.00015097011	-0.00223718988
0.03968943944	-0.00021094218	-0.00213677594
0.03968907840	-0.00027047378	-0.00203420044
0.03968863156	-0.00032958291	-0.00192941638
0.03968810076	-0.00038827602	-0.00182236647
0.03968748960	-0.00044639608	-0.00171324484
0.03968680064	-0.00050393963	-0.00160204774
0.03968603617	-0.00056092175	-0.00148872002
0.03968520135	-0.00061716577	-0.00137352022
0.03968429776	-0.00067276409	-0.00125630170
0.03968333079	-0.00072756969	-0.00113728799
0.03968230322	-0.00078160825	-0.00101645154
0.03968121947	-0.00083481820	-0.00089389427
0.03968008390	-0.00088715372	-0.00076971624
0.03967889981	-0.00093862108	-0.00064392410
0.03967767295	-0.00098912550	-0.00051671521
0.03967640544	-0.00103872580	-0.00038801763
0.03967510428	-0.00108729051	-0.00025811171
0.03967377053	-0.00113491509	-0.00012687107
0.03967241170	-0.00118146079	0.00000539931
0.03967102928	-0.00122700281	0.00013876556
0.03966962884	-0.00127147453	0.00027304744
0.03966821430	-0.00131486662	0.00040814005
0.03966678787	-0.00135721773	0.00054405190
0.03966535601	-0.00139843933	0.00068052426
0.03966392049	-0.00143857976	0.00081754527
0.03966248421	-0.00147764889	0.00095506019
0.03966105257	-0.00151558869	0.00109284980
0.03965962727	-0.00155243835	0.00123087434
0.03965821127	-0.00158819979	0.00136903157
0.03965680706	-0.00162288447	0.00150724581
0.03965541820	-0.00165647437	0.00164536459
0.03965404661	-0.00168899005	0.00178330513
0.03965269434	-0.00172044508	0.00192097508
0.03965136340	-0.00175085130	0.00205827629
0.03965005565	-0.00178022098	0.00219511257
0.03964877274	-0.00180856858	0.00233138932
0.03964751611	-0.00183591024	0.00246701390
0.03964628654	-0.00186227367	0.00260193070
0.03964508633	-0.00188765188	0.00273599658
0.03964391584	-0.00191207662	0.00286914348
0.03964277547	-0.00193557563	0.00300130611
0.03964166565	-0.00195817379	0.00313243640
0.03964058849	-0.00197985959	0.00326236373
0.03963954199	-0.00200070263	0.00339114344
0.03963852897	-0.00202067349	0.00351857049
0.03963754686	-0.00203984777	0.00364472086
0.03963659824	-0.00205819814	0.00376940884
0.03963568151	-0.00207577724	0.00389263240
0.03963479633	-0.00209261083	0.00401435980
0.03963394330	-0.00210870547	0.00413450287
0.03963312188	-0.00212408796	0.00425301472
0.03963233140	-0.00213878647	0.00436986222
0.03963157143	-0.00215282273	0.00448500315
0.03963084147	-0.00216621883	0.00459839873
0.03963014095	-0.00217899715	0.00471001368
0.03962946899	-0.00219118408	0.00481983712
0.03962882547	-0.00220279192	0.00492782079
0.03962820972	-0.00221384162	0.00503392688
0.03962762035	-0.00222436624	0.00513816486
0.03962705681	-0.00223438327	0.00524052548
0.03962651914	-0.00224389852	0.00534093928
0.03962600515	-0.00225295708	0.00543947773
0.03962551561	-0.00226155088	0.00553605198
0.03962504870	-0.00226971697	0.00563069716
0.03962460350	-0.00227747607	0.00572343788
0.03962418037	-0.00228482609	0.00581421094
0.03962377756	-0.00229180104	0.00590305573
0.03962339442	-0.00229841566	0.00598997615
0.03962303027	-0.00230468476	0.00607497830
0.03962268441	-0.00231062326	0.00615807045
0.03962235613	-0.00231624580	0.00623926289
0.03962204471	-0.00232156694	0.00631856787
0.03962174942	-0.00232660109	0.00639599943
0.03962146953	-0.00233136280	0.00647157331
0.03962120429	-0.00233586611	0.00654530685
0.03962095274	-0.00234012902	0.00661725273
0.03962071515	-0.00234414823	0.00668738091
0.03962049039	-0.00234794399	0.00675572006
0.03962027709	-0.00235154065	0.00682236202
0.03962007638	-0.00235491982	0.00688722247
0.03961988590	-0.00235812240	0.00695043204
0.03961970666	-0.00236113192	0.00701192024
0.03961953649	-0.00236398571	0.00707182448
0.03961937678	-0.00236666087	0.00713005752
0.03961922558	-0.00236919060	0.00718671672
0.03961908267	-0.00237157931	0.00724184241
0.03961894844	-0.00237382065	0.00729540561
0.03961882167	-0.00237593549	0.00734747100
0.03961870203	-0.00237792969	0.00739806789
0.03961858913	-0.00237980994	0.00744723509
0.03961848290	-0.00238157772	0.00749498901
0.03961838299	-0.00238323920	0.00754135307
0.03961828885	-0.00238480375	0.00758636713
0.03961820017	-0.00238627645	0.00763006093
0.03961811666	-0.00238766248	0.00767246411
0.03961803804	-0.00238896663	0.00771360625
0.03961796403	-0.00239019380	0.00775351672
0.03961789426	-0.00239134985	0.00779223872
0.03961782880	-0.00239243418	0.00782978520
0.03961776735	-0.00239345154	0.00786618032
0.03961770952	-0.00239440853	0.00790145908
0.03961765507	-0.00239530930	0.00793564952
0.03961760366	-0.00239615940	0.00796879699
0.03961755534	-0.00239695827	0.00800092704
0.03961751031	-0.00239770244	0.00803202318
0.03961746780	-0.00239840471	0.00806213956
0.03961742791	-0.00239906358	0.00809124257
0.03961740301	-0.00239947476	0.00810489929
0.03961746750	-0.00239840967	0.00811852049
0.03961762051	-0.00239588080	0.00813194647
0.03961785998	-0.00239191778	0.00814501983
0.03961818267	-0.00238656705	0.00815758730
0.03961858424	-0.00237989131	0.00816950153
0.03961905935	-0.00237196878	0.00818062284
0.03961960171	-0.00236289231	0.00819082083
0.03962020421	-0.00235276827	0.00819997596
0.03962085902	-0.00234171530	0.00820798088
0.03962155775	-0.00232986295	0.00821474175
0.03962229156	-0.00231735015	0.00822017929
0.03962305128	-0.00230432356	0.00822422977
0.03962382759	-0.00229093588	0.00822684568
0.04007168565	0.00333228290	-0.00450737564
0.04007533121	0.00328814971	-0.00457618316
0.04007719985	0.00326529516	-0.00460295935
0.04007877881	0.00324585722	-0.00462292741
0.04008024338	0.00322772221	-0.00463919472
0.04008162525	0.00321051663	-0.00465316813
0.04008295873	0.00319382526	-0.00466545807
0.04008428055	0.00317719264	-0.00467630718
0.04008556406	0.00316095778	-0.00468619965
0.04008684658	0.00314465126	-0.00469511098
0.04008813498	0.00312818380	-0.00470314004
0.04008940795	0.00311182751	-0.00471054404
0.04009068640	0.00309531326	-0.00471727287
0.04009198502	0.00307844716	-0.00472328549
0.04009328658	0.00306144917	-0.00472874829
0.04009459419	0.00304427605	-0.00473368367
0.04009591588	0.00302681846	-0.00473806808
0.04009725298	0.00300905353	-0.00474191485
0.04009860666	0.00299096033	-0.00474523354
0.04009997789	0.00297251964	-0.00474803023
0.04010136856	0.00295369938	-0.00475030004
0.04010277705	0.00293451406	-0.00475206152
0.04010420320	0.00291495892	-0.00475332133
0.04010565300	0.00289494337	-0.00475403430
0.04010712283	0.00287450841	-0.00475422683
0.04010861334	0.00285363551	-0.00475389158
0.04011012529	0.00283230456	-0.00475301941
0.04011165892	0.00281050156	-0.00475160239
0.04011321444	0.00278821215	-0.00474963238
0.04011479485	0.00276538137	-0.00474707481
0.04011641048	0.00274184437	-0.00474382263
0.04011803400	0.00271798597	-0.00474010212
0.04011968110	0.00269356426	-0.00473577214
0.04012137180	0.00266826248	-0.00473062558
0.04012306278	0.00264271325	-0.00472504216
0.04012479579	0.00261626890	-0.00471862096
0.04012653873	0.00258939946	-0.00471164184
0.04012831936	0.00256165674	-0.00470381597
0.04013010705	0.00253349718	-0.00469542173
0.04013193623	0.00250435517	-0.00468608806
0.04013377518	0.00247471008	-0.00467610601
0.04013563574	0.00244434938	-0.00466533458
0.04013752272	0.00241316589	-0.00465368693
0.04013943276	0.00238118413	-0.00464115852
0.04014135662	0.00234852901	-0.00462781871
0.04014329988	0.00231507551	-0.00461357034
0.04014526102	0.00228081510	-0.00459838829
0.04014723844	0.00224573944	-0.00458224684
0.04014923045	0.00220984036	-0.00456511968
0.04015123524	0.00217311046	-0.00454697921
0.04015325090	0.00213554252	-0.00452779733
0.04015528198	0.00209700477	-0.00450744888
0.04015731580	0.00205768996	-0.00448604465
0.04015935261	0.00201754753	-0.00446352618
0.04016139735	0.00197642688	-0.00443974937
0.04016344257	0.00193442010	-0.00441474322
0.04016548212	0.00189159888	-0.00438853381
0.04016752329	0.00184774796	-0.00436091365
0.04016955221	0.00180310152	-0.00433202400
0.04017157110	0.00175754818	-0.00430174224
0.04017358170	0.00171097447	-0.00426992336
0.04017556991	0.00166363537	-0.00423672716
0.04017753901	0.00161538205	-0.00420199019
0.04017948512	0.00156622966	-0.00416567030
0.04018140431	0.00151619510	-0.00412772494
0.04018329261	0.00146529689	-0.00408811147
0.04018514604	0.00141355499	-0.00404678747
0.04018696061	0.00136099102	-0.00400371069
0.04018873235	0.00130762841	-0.00395883901
0.04019045729	0.00125349220	-0.00391213089
0.04019213152	0.00119860906	-0.00386354541
0.04019375288	0.00114294768	-0.00381298225
0.04019531653	0.00108656766	-0.00376041849
0.04019681572	0.00102961449	-0.00370593075
0.04019825314	0.00097187695	-0.00364923368
0.04019961774	0.00091369215	-0.00359058746
0.04020091339	0.00085478809	-0.00352964184
0.04020213030	0.00079549928	-0.00346665994
0.04020327004	0.00073564785	-0.00340138885
0.04020432804	0.00067535711	-0.00333386988
0.04020530087	0.00061472093	-0.00326413245
0.04020618717	0.00055372689	-0.00319209192
0.04020698465	0.00049242832	-0.00311772917
0.04020769141	0.00043087271	-0.00304102012
0.04020830571	0.00036912289	-0.00296196175
0.04020882612	0.00030724959	-0.00288056771
0.04020925185	0.00024528694	-0.00279681108
0.04020958233	0.00018327183	-0.00271066667
0.04020981709	0.00012128406	-0.00262216566
0.04020995616	0.00005937909	-0.00253131730
0.04020999993	-0.00000239407	-0.00243812808
0.04020994910	-0.00006398186	-0.00234261411
0.04020980468	-0.00012533155	-0.00224479389
0.04020956772	-0.00018645031	-0.00214459835
0.04020924041	-0.00024715550	-0.00204223153
0.04020882447	-0.00030746524	-0.00193764709
0.04020832162	-0.00036738626	-0.00183078832
0.04020773527	-0.00042676028	-0.00172184698
0.04020706789	-0.00048558370	-0.00161081958
0.04020632169	-0.00054387176	-0.00149765178
0.04020550165	-0.00060144603	-0.00138259922
0.04020460931	-0.00065839959	-0.00126551744
0.04020364996	-0.00071458376	-0.00114662762
0.04020262632	-0.00077002413	-0.00102590310
0.04020154274	-0.00082465819	-0.00090344510
0.04020040354	-0.00087843913	-0.00077935315
0.04019921199	-0.00093137285	-0.00065363450
0.04019797380	-0.00098336290	-0.00052648501
0.04019669110	-0.00103446823	-0.00039783438
0.04019537088	-0.00108455503	-0.00026796062
0.04019401424	-0.00113371928	-0.00013673978
0.04019262871	-0.00118181962	-0.00000447433
0.04019121580	-0.00122893132	0.00012889995
0.04018978117	-0.00127498605	0.00026320382
0.04018832879	-0.00131997322	0.00039833229
0.04018686093	-0.00136393117	0.00053429261
0.04018538417	-0.00140676894	0.00067082769
0.04018390036	-0.00144853431	0.00080792439
0.04018241251	-0.00148923634	0.00094552733
0.04018092614	-0.00152881480	0.00108341835
0.04017944307	-0.00156730814	0.00122155663
0.04017796639	-0.00160471701	0.00135983965
0.04017649871	-0.00164105186	0.00149819115
0.04017504377	-0.00167629297	0.00163645890
0.04017360361	-0.00171045980	0.00177455951
0.04017218045	-0.00174356474	0.00191240015
0.04017077643	-0.00177561842	0.00204988226
0.04016939359	-0.00180663187	0.00218690924
0.04016803372	-0.00183661837	0.00232338604
0.04016669843	-0.00186559289	0.00245921955
0.04016538866	-0.00189358232	0.00259435339
0.04016410686	-0.00192057804	0.00272864456
0.04016285356	-0.00194661085	0.00286202424
0.04016162931	-0.00197170761	0.00299442649
0.04016043468	-0.00199589246	0.00312580253
0.04015927197	-0.00201915201	0.00325598214
0.04015813926	-0.00204155614	0.00338501890
0.04015703959	-0.00206307322	0.00351270867
0.04015597046	-0.00208377935	0.00363912548
0.04015493465	-0.00210364521	0.00376408447
0.04015393065	-0.00212272317	0.00388758243
0.04015295822	-0.00214103851	0.00400958702
0.04015201813	-0.00215859676	0.00413001001
0.04015110995	-0.00217542405	0.00424880401
0.04015023309	-0.00219154808	0.00436593534
0.04014938723	-0.00220698999	0.00448136138
0.04014857198	-0.00222177135	0.00459504296
0.04014778684	-0.00223591407	0.00470694442
0.04014703103	-0.00224944430	0.00481705434
0.04014630450	-0.00226237375	0.00492532434
0.04014560668	-0.00227472287	0.00503171635
0.04014493623	-0.00228652474	0.00513623919
0.04014429263	-0.00229779666	0.00523888330
0.04014367604	-0.00230854367	0.00533957941
0.04014308425	-0.00231881150	0.00543839793
0.04014251815	-0.00232859114	0.00553525056
0.04014197592	-0.00233791992	0.00563017170
0.04014145664	-0.00234681879	0.00572318556
0.04014096079	-0.00235528496	0.00581422932
0.04014048659	-0.00236335281	0.00590334177
0.04014003342	-0.00237103710	0.00599052663
0.04013960063	-0.00237835269	0.00607578989
0.04013918752	-0.00238531455	0.00615913964
0.04013879340	-0.00239193745	0.00624058607
0.04013841756	-0.00239823605	0.00632014129
0.04013805928	-0.00240422492	0.00639781926
0.04013771782	-0.00240991876	0.00647363557
0.04013739244	-0.00241533181	0.00654760749
0.04013708215	-0.00242048263	0.00661978737
0.04013678726	-0.00242536765	0.00669014557
0.04013650663	-0.00243000738	0.00675871057
0.04013623879	-0.00243442723	0.00682557362
0.04013598499	-0.00243860790	0.00689065133
0.04013574275	-0.00244259170	0.00695407333
0.04013551315	-0.00244636144	0.00701577000
0.04013529389	-0.00244995597	0.00707587775
0.04013508648	-0.00245335147	0.00713431040
0.04013488886	-0.00245658219	0.00719116461
0.04013470078	-0.00245965305	0.00724648070
0.04013452268	-0.00246255739	0.00730023022
0.04013435328	-0.00246531683	0.00735247751
0.04013419221	-0.00246793757	0.00740325192
0.04013403906	-0.00247042675	0.00745259225
0.04013389377	-0.00247278608	0.00750051509
0.04013375594	-0.00247502201	0.00754704394
0.04013362500	-0.00247714439	0.00759221860
0.04013350063	-0.00247915864	0.00763606888
0.04013338249	-0.00248107031	0.00767862449
0.04013327029	-0.00248288456	0.00771991504
0.04013316372	-0.00248460663	0.00775996998
0.04013306238	-0.00248624290	0.00779883247
0.04013296633	-0.00248779295	0.00783651567
0.04013287525	-0.00248926181	0.00787304385
0.04013278872	-0.00249065653	0.00790845198
0.04013270646	-0.00249198157	0.00794276819
0.04013262811	-0.00249324304	0.00797603774
0.04013255369	-0.00249444069	0.00800828634
0.04013248343	-0.00249557089	0.00803949789
0.04013241649	-0.00249664706	0.00806972633
0.04013235301	-0.00249766736	0.00809893854
0.04013231719	-0.00249824272	0.00811258936
0.04013237328	-0.00249734164	0.00812622249
0.04013252050	-0.00249497469	0.00813967809
0.04013275687	-0.00249116959	0.00815279840
0.04013307923	-0.00248597094	0.00816542960
0.04013348327	-0.00247943965	0.00817742361
0.04013396361	-0.00247165225	0.00818863980
0.04013451393	-0.00246270000	0.00819894668
0.04013512704	-0.00245268782	0.00820822340
0.04013579499	-0.00244173304	0.00821636121
0.04013650925	-0.00242996406	0.00822326469
0.04013726078	-0.00241751881	0.00822885291
0.04013804021	-0.00240454317	0.00823306035
0.04013883797	-0.00239118925	0.00823583769
0.04059891447	0.00338758671	-0.00449834726
0.04060254023	0.00334384906	-0.00456741178
0.04060440466	0.00332113265	-0.00459431470
0.04060598217	0.00330178922	-0.00461438761
0.04060744686	0.00328372644	-0.00463075204
0.04060882996	0.00326657764	-0.00464481620
0.04061016552	0.00324993173	-0.00465719325
0.04061149021	0.00323333619	-0.00466812944
0.04061277723	0.00321713010	-0.00467810533
0.04061406388	0.00320084607	-0.00468710045
0.04061535701	0.00318439551	-0.00469521432
0.04061663524	0.00316805009	-0.00470270135
0.04061791951	0.00315154164	-0.00470951378
0.04061922452	0.00313467691	-0.00471561231
0.04062053299	0.00311767533	-0.00472116111
0.04062184804	0.00310049383	-0.00472618286
0.04062317771	0.00308302335	-0.00473065496
0.04062452335	0.00306524107	-0.00473459083
0.04062588612	0.00304712604	-0.00473800018
0.04062726701	0.00302865903	-0.00474088919
0.04062866791	0.00300980792	-0.00474325318
0.04063008724	0.00299058711	-0.00474511050
0.04063152481	0.00297099171	-0.00474646777
0.04063298666	0.00295093124	-0.00474728062
0.04063446916	0.00293044644	-0.00474757499
0.04063597299	0.00290951868	-0.00474734363
0.04063749892	0.00288812774	-0.00474657751
0.04063904719	0.00286625947	-0.00474526878
0.04064061806	0.00284389939	-0.00474340933
0.04064221453	0.00282099245	-0.00474096509
0.04064384700	0.00279737395	-0.00473783063
0.04064548805	0.00277342767	-0.00473422821
0.04064715344	0.00274891205	-0.00473001904
0.04064886332	0.00272351069	-0.00472499925
0.04065057416	0.00269785474	-0.00471954191
0.04065232797	0.00267129757	-0.00471325275
0.04065409248	0.00264430803	-0.00470640662
0.04065589563	0.00261643855	-0.00469871934
0.04065770663	0.00258814446	-0.00469046435
0.04065956014	0.00255886085	-0.00468127655
0.04066142429	0.00252906600	-0.00467144178
0.04066331099	0.00249854748	-0.00466082118
0.04066522512	0.00246719795	-0.00464932903
0.04066716332	0.00243504158	-0.00463696046
0.04066911632	0.00240220275	-0.00462378335
0.04067108974	0.00236855636	-0.00460970181
0.04067308210	0.00233409350	-0.00459469075
0.04067509180	0.00229880552	-0.00457872445
0.04067711717	0.00226268389	-0.00456177662
0.04067915642	0.00222572086	-0.00454381965
0.04068120764	0.00218790885	-0.00452482545
0.04068327545	0.00214911578	-0.00450467032
0.04068534708	0.00210953383	-0.00448346274
0.04068742281	0.00206911213	-0.00446114474
0.04068950766	0.00202769974	-0.00443757395
0.04069159414	0.00198538821	-0.00441277822
0.04069367604	0.00194224881	-0.00438678269
0.04069576079	0.00189806585	-0.00435938246
0.04069783435	0.00185307300	-0.00433071587
0.04069989900	0.00180715843	-0.00430066162
0.04070195655	0.00176020813	-0.00426907612
0.04070399273	0.00171247661	-0.00423611596
0.04070601087	0.00166381451	-0.00420161949
0.04070800708	0.00161423646	-0.00416554441
0.04070997738	0.00156375880	-0.00412784796
0.04071191776	0.00151239950	-0.00408848729
0.04071382419	0.00146017795	-0.00404741976
0.04071569263	0.00140711523	-0.00400460286
0.04071751904	0.00135323423	-0.00395999421
0.04071929940	0.00129855942	-0.00391355199
0.04072102971	0.00124311693	-0.00386523500
0.04072270777	0.00118687481	-0.00381494345
0.04072432865	0.00112989207	-0.00376265373
0.04072588541	0.00107231394	-0.00370844049
0.04072738084	0.00101392812	-0.00365202156
0.04072880354	0.00095507187	-0.00359365242
0.04073015750	0.00089547195	-0.00353298693
0.04073143260	0.00083546308	-0.00347028352
0.04073263043	0.00077486638	-0.00340529204
0.04073374624	0.00071380487	-0.00333805228
0.04073477643	0.00065237216	-0.00326859238
0.04073571952	0.00059055527	-0.00319682816
0.04073657307	0.00052840718	-0.00312273991
0.04073733505	0.00046597499	-0.00304630313
0.04073800353	0.00040332127	-0.00296751410
0.04073857691	0.00034051659	-0.00288638562
0.04073905425	0.00027759480	-0.00280289052
0.04073943483	0.00021459250	-0.00271700338
0.04073971797	0.00015158951	-0.00262875440
0.04073990357	0.00008864120	-0.00253815224
0.04073999183	0.00002579656	-0.00244520295
0.04073998330	-0.00003689080	-0.00234992207
0.04073987882	-0.00009936810	-0.00225232757
0.04073967933	-0.00016164283	-0.00215235098
0.04073938676	-0.00022353132	-0.00205019354
0.04073900276	-0.00028505178	-0.00194580954
0.04073852891	-0.00034621117	-0.00183914292
0.04073796845	-0.00040685006	-0.00173038298
0.04073732372	-0.00046696466	-0.00161952654
0.04073659686	-0.00052657036	-0.00150652006
0.04073579268	-0.00058548706	-0.00139161625
0.04073491268	-0.00064380840	-0.00127467285
0.04073396200	-0.00070138415	-0.00115590868
0.04073294333	-0.00075823974	-0.00103529798
0.04073186095	-0.00081431174	-0.00091294123
0.04073071910	-0.00086955237	-0.00078893746
0.04072952105	-0.00092396715	-0.00066329452
0.04072827244	-0.00097745794	-0.00053620670
0.04072697543	-0.00103008380	-0.00040760540
0.04072563697	-0.00108170861	-0.00027776625
0.04072425819	-0.00113242883	-0.00014656777
0.04072284664	-0.00118210052	-0.00001430984
0.04072140388	-0.00123079900	0.00011906980
0.04071993560	-0.00127845419	0.00025339291
0.04071844583	-0.00132505426	0.00038855446
0.04071693694	-0.00137063720	0.00052456041
0.04071541557	-0.00141510962	0.00066115535
0.04071388366	-0.00145851874	0.00079832484
0.04071234433	-0.00150087277	0.00093601286
0.04071080322	-0.00154210929	0.00107400233
0.04070926227	-0.00158226596	0.00121225138
0.04070772469	-0.00162134217	0.00135065718
0.04070619322	-0.00165934731	0.00148914295
0.04070467175	-0.00169625998	0.00162755666
0.04070316247	-0.00173209851	0.00176581435
0.04070166773	-0.00176687409	0.00190382269
0.04070018985	-0.00180059609	0.00204148272
0.04069873100	-0.00183327432	0.00217869742
0.04069729316	-0.00186492086	0.00231537131
0.04069587807	-0.00189554946	0.00245141083
0.04069448683	-0.00192518617	0.00258675880
0.04069312208	-0.00195382074	0.00272127237
0.04069178449	-0.00198148301	0.00285488201
0.04069047477	-0.00200819889	0.00298752107
0.04068919362	-0.00203399181	0.00311914005
0.04068794356	-0.00205884648	0.00324956922
0.04068672273	-0.00208283301	0.00337886032
0.04068553442	-0.00210591759	0.00350681016
0.04068437616	-0.00212817674	0.00363349079
0.04068325097	-0.00214957917	0.00375871821
0.04068215742	-0.00217017696	0.00388248806
0.04068109539	-0.00218999489	0.00400476735
0.04068006580	-0.00220903743	0.00412546782
0.04067906834	-0.00222733005	0.00424454159
0.04067810251	-0.00224489995	0.00436195442
0.04067716813	-0.00226176768	0.00447766328
0.04067626488	-0.00227795428	0.00459162863
0.04067539237	-0.00229348115	0.00470381442
0.04067454989	-0.00230837421	0.00481420868
0.04067373750	-0.00232264456	0.00492276292
0.04067295472	-0.00233631216	0.00502943882
0.04067220024	-0.00234941006	0.00513424454
0.04067147362	-0.00236195540	0.00523717020
0.04067077513	-0.00237395243	0.00533814675
0.04067010253	-0.00238544752	0.00543724350
0.04066945684	-0.00239643069	0.00553437271
0.04066883625	-0.00240693958	0.00562956809
0.04066823986	-0.00241699532	0.00572285338
0.04066766823	-0.00242659446	0.00581416620
0.04066711959	-0.00243577172	0.00590354471
0.04066659335	-0.00244454189	0.00599099247
0.04066608887	-0.00245291985	0.00607651532
0.04066560548	-0.00246092068	0.00616012121
0.04066514251	-0.00246855921	0.00624182020
0.04066469926	-0.00247585023	0.00632162429
0.04066427501	-0.00248280846	0.00639954731
0.04066386903	-0.00248944877	0.00647560476
0.04066348060	-0.00249578557	0.00654981381
0.04066310867	-0.00250183803	0.00662222645
0.04066275361	-0.00250760224	0.00669281349
0.04066241426	-0.00251309906	0.00676160321
0.04066208909	-0.00251835487	0.00682868622
0.04066177944	-0.00252334951	0.00689398013
0.04066148270	-0.00252812672	0.00695761351
0.04066120006	-0.00253266857	0.00701951765
0.04066092907	-0.00253701541	0.00707982793
0.04066067135	-0.00254114254	0.00713845925
0.04066042475	-0.00254508527	0.00719550756
0.04066018899	-0.00254884899	0.00725101315
0.04065996455	-0.00255242678	0.00730494814
0.04065975008	-0.00255584097	0.00735737651
0.04065954521	-0.00255909813	0.00740832764
0.04065934949	-0.00256220587	0.00745784033
0.04065916284	-0.00256516611	0.00750593134
0.04065898486	-0.00256798560	0.00755262426
0.04065881493	-0.00257067465	0.00759795883
0.04065865272	-0.00257323906	0.00764196492
0.04065849786	-0.00257568473	0.00768467229
0.04065835003	-0.00257801720	0.00772611062
0.04065820890	-0.00258024205	0.00776630942
0.04065807404	-0.00258236620	0.00780531181
0.04065794549	-0.00258438941	0.00784313117
0.04065782292	-0.00258631700	0.00787979186
0.04065770587	-0.00258815643	0.00791532884
0.04065759404	-0.00258991255	0.00794977030
0.04065748702	-0.00259159197	0.00798316145
0.04065738482	-0.00259319479	0.00801552811
0.04065728769	-0.00259471721	0.00804685462
0.04065719474	-0.00259617331	0.00807719469
0.04065710611	-0.00259756085	0.00810651569
0.04065705878	-0.00259830155	0.00812015858
0.04065710579	-0.00259756586	0.00813380174
0.04065724651	-0.00259536238	0.00814728523
0.04065747906	-0.00259171695	0.00816045095
0.04065780032	-0.00258667228	0.00817314455
0.04065820602	-0.00258028748	0.00818521721
0.04065869079	-0.00257263737	0.00819652739
0.04065924827	-0.00256381159	0.00820694249
0.04065987119	-0.00255391357	0.00821634039
0.04066055151	-0.00254305931	0.00822461093
0.04066128054	-0.00253137603	0.00823165712
0.04066204908	-0.00251900066	0.00823739638
0.04066284756	-0.00250607826	0.00824176139
0.04066366617	-0.00249276030	0.00824470100
0.04111622985	0.00344140125	-0.00448978100
0.04111983627	0.00339803847	-0.00455908646
0.04112169648	0.00337545230	-0.00458610826
0.04112327246	0.00335619753	-0.00460627951
0.04112473715	0.00333820229	-0.00462273509
0.04112612130	0.00332110628	-0.00463688442
0.04112745876	0.00330450234	-0.00464934324
0.04112878609	0.00328794086	-0.00466036123
0.04113007636	0.00327176081	-0.00467041543
0.04113136686	0.00325549687	-0.00467948927
0.04113266443	0.00323906109	-0.00468768285
0.04113394761	0.00322272459	-0.00469524788
0.04113523735	0.00320622021	-0.00470213889
0.04113654838	0.00318935538	-0.00470831822
0.04113786337	0.00317234891	-0.00471394789
0.04113918544	0.00315515789	-0.00471905087
0.04114052266	0.00313767358	-0.00472360544
0.04114187637	0.00311987318	-0.00472762517
0.04114324775	0.00310173573	-0.00473111984
0.04114463779	0.00308324197	-0.00473409574
0.04114604840	0.00306435979	-0.00473654842
0.04114747799	0.00304510340	-0.00473849600
0.04114892640	0.00302546786	-0.00473994507
0.04115039969	0.00300536275	-0.00474085204
0.04115189423	0.00298482857	-0.00474124238
0.04115341071	0.00296384659	-0.00474110894
0.04115494992	0.00294239649	-0.00474044281
0.04115651212	0.00292046398	-0.00473923618
0.04115809758	0.00289803443	-0.00473748102
0.04115970932	0.00287505275	-0.00473514369
0.04116135783	0.00285135440	-0.00473212035
0.04116301556	0.00282732205	-0.00472862937
0.04116469836	0.00280271454	-0.00472453423
0.04116642651	0.00277721593	-0.00471963420
0.04116815628	0.00275145571	-0.00471429591
0.04116992990	0.00272478847	-0.00470813151
0.04117171496	0.00269768179	-0.00470141103
0.04117353958	0.00266968879	-0.00469385477
0.04117537282	0.00264126360	-0.00468573141
0.04117724955	0.00261184218	-0.00467668159
0.04117913773	0.00258190157	-0.00466698611
0.04118104938	0.00255122950	-0.00465650822
0.04118298943	0.00251971852	-0.00464516324
0.04118495452	0.00248739242	-0.00463294599
0.04118693534	0.00245437507	-0.00461992292
0.04118893759	0.00242054126	-0.00460599939
0.04119095979	0.00238588179	-0.00459115032
0.04119300035	0.00235038764	-0.00457534999
0.04119505762	0.00231404997	-0.00455857214
0.04119712982	0.00227686067	-0.00454078915
0.04119921506	0.00223881182	-0.00452197293
0.04120131803	0.00219977107	-0.00450200122
0.04120342586	0.00215992999	-0.00448098024
0.04120553886	0.00211923742	-0.00445885251
0.04120766214	0.00207754211	-0.00443547732
0.04120978815	0.00203493511	-0.00441088144
0.04121191064	0.00199148720	-0.00438508909
0.04121403717	0.00194698240	-0.00435789786
0.04121615354	0.00190165375	-0.00432944331
0.04121826211	0.00185538907	-0.00429960537
0.04122036474	0.00180807384	-0.00426824186
0.04122244696	0.00175996200	-0.00423550625
0.04122451223	0.00171090379	-0.00420123867
0.04122655658	0.00166091328	-0.00416539665
0.04122857601	0.00161000629	-0.00412793725
0.04123056648	0.00155820024	-0.00408881741
0.04123252391	0.00150551398	-0.00404799427
0.04123444420	0.00145196805	-0.00400542510
0.04123632327	0.00139758480	-0.00396106727
0.04123815702	0.00134238816	-0.00391487870
0.04123994138	0.00128640374	-0.00386681789
0.04124167415	0.00122959895	-0.00381678561
0.04124335026	0.00117203226	-0.00376475757
0.04124496262	0.00111384857	-0.00371080654
0.04124651408	0.00105483464	-0.00365465341
0.04124799295	0.00099532774	-0.00359654911
0.04124940333	0.00093505352	-0.00353615154
0.04125073475	0.00087434683	-0.00347371452
0.04125198887	0.00081302787	-0.00340899066
0.04125316072	0.00075121932	-0.00334201820
0.04125424656	0.00068901455	-0.00327282413
0.04125524479	0.00062640004	-0.00320132466
0.04125615286	0.00056342839	-0.00312749957
0.04125696855	0.00050014635	-0.00305132391
0.04125768978	0.00043661620	-0.00297279331
0.04125831479	0.00037290836	-0.00289191975
0.04125884250	0.00030905639	-0.00280867585
0.04125927202	0.00024509663	-0.00272303592
0.04125960251	0.00018110886	-0.00263502925
0.04125983369	0.00011714839	-0.00254466394
0.04125996562	0.00005326417	-0.00245194557
0.04125999867	-0.00001049017	-0.00235688917
0.04125993353	-0.00007406177	-0.00225951222
0.04125977103	-0.00013745847	-0.00215974682
0.04125951286	-0.00020049560	-0.00205779147
0.04125916056	-0.00026319148	-0.00195360109
0.04125871563	-0.00032555327	-0.00184712026
0.04125818107	-0.00038742048	-0.00173853588
0.04125755917	-0.00044878911	-0.00162784508
0.04125685194	-0.00050967471	-0.00151499512
0.04125606403	-0.00056989557	-0.00140023581
0.04125519691	-0.00062954588	-0.00128342710
0.04125425558	-0.00068847392	-0.00116478544
0.04125324268	-0.00074670496	-0.00104428600
0.04125216240	-0.00080417469	-0.00092202852
0.04125101895	-0.00086083438	-0.00079811153
0.04124981553	-0.00091668918	-0.00067254347
0.04124855776	-0.00097163936	-0.00054551711
0.04124724778	-0.00102574403	-0.00041696549
0.04124589253	-0.00107886489	-0.00028716192
0.04124449315	-0.00113109879	-0.00015598733
0.04124305721	-0.00118229938	-0.00002373905
0.04124158630	-0.00123254194	0.00010964325
0.04124008614	-0.00128175473	0.00024398235
0.04123856084	-0.00132992474	0.00037917315
0.04123701280	-0.00137708955	0.00051522036
0.04123544876	-0.00142315348	0.00065187023
0.04123387075	-0.00146816318	0.00078910705
0.04123228195	-0.00151212598	0.00092687417
0.04123068815	-0.00155497740	0.00106495563
0.04122909138	-0.00159675429	0.00120330848
0.04122749497	-0.00163745482	0.00134182965
0.04122590179	-0.00167708733	0.00148044179
0.04122431586	-0.00171562881	0.00161899316
0.04122273951	-0.00175309646	0.00175739918
0.04122117525	-0.00178950030	0.00189556608
0.04121962552	-0.00182484848	0.00203339452
0.04121809266	-0.00185914960	0.00217078708
0.04121657879	-0.00189241456	0.00230764786
0.04121508582	-0.00192465595	0.00244388286
0.04121361497	-0.00195589896	0.00257943415
0.04121216908	-0.00198613179	0.00271415903
0.04121074896	-0.00201538329	0.00284798725
0.04120935547	-0.00204367848	0.00298085154
0.04120798943	-0.00207104003	0.00311270169
0.04120665359	-0.00209745087	0.00324336843
0.04120534614	-0.00212298125	0.00337290172
0.04120407061	-0.00214759529	0.00350109930
0.04120282457	-0.00217136988	0.00362803132
0.04120161127	-0.00219427182	0.00375351463
0.04120042936	-0.00221635291	0.00387754373
0.04119927886	-0.00223763739	0.00400008501
0.04119816082	-0.00225812873	0.00412105019
0.04119707503	-0.00227785176	0.00424039092
0.04119602114	-0.00229683315	0.00435807242
0.04119499903	-0.00231509289	0.00447405128
0.04119400851	-0.00233265149	0.00458828757
0.04119304929	-0.00234952985	0.00470074489
0.04119212072	-0.00236575365	0.00481141074
0.04119122299	-0.00238133342	0.00492023652
0.04119035568	-0.00239628861	0.00502718367
0.04118951755	-0.00241065225	0.00513225972
0.04118870821	-0.00242444131	0.00523545447
0.04118792805	-0.00243765927	0.00533669909
0.04118717482	-0.00245035310	0.00543606182
0.04118644965	-0.00246251191	0.00553345549
0.04118575075	-0.00247417359	0.00562891309
0.04118507725	-0.00248535949	0.00572245797
0.04118442979	-0.00249606548	0.00581402814
0.04118380661	-0.00250632663	0.00590366115
0.04118320714	-0.00251615772	0.00599136041
0.04118263077	-0.00252557371	0.00607713161
0.04118207687	-0.00253458970	0.00616098258
0.04118154476	-0.00254322063	0.00624292325
0.04118103377	-0.00255148142	0.00632296551
0.04118054320	-0.00255938692	0.00640112306
0.04118007232	-0.00256695215	0.00647741131
0.04117962041	-0.00257419172	0.00655184734
0.04117918639	-0.00258112533	0.00662448279
0.04117877070	-0.00258774881	0.00669528891
0.04117837214	-0.00259408330	0.00676429377
0.04117798912	-0.00260015616	0.00683158738
0.04117762309	-0.00260594640	0.00689708831
0.04117727131	-0.00261149911	0.00696092410
0.04117693505	-0.00261679567	0.00702302693
0.04117661176	-0.00262187788	0.00708353114
0.04117630315	-0.00262672018	0.00714235274
0.04117600697	-0.00263135892	0.00719958695
0.04117572293	-0.00263579994	0.00725527405
0.04117545154	-0.00264003608	0.00730938670
0.04117519139	-0.00264409036	0.00736198853
0.04117494209	-0.00264796970	0.00741310895
0.04117470318	-0.00265168216	0.00746278675
0.04117447455	-0.00265522989	0.00751103886
0.04117425579	-0.00265861990	0.00755788897
0.04117404626	-0.00266186298	0.00760337675
0.04117384558	-0.00266496528	0.00764753212
0.04117365339	-0.00266793306	0.00769038491
0.04117346932	-0.00267077221	0.00773196485
0.04117329302	-0.00267348866	0.00777230150
0.04117312404	-0.00267608983	0.00781143794
0.04117296239	-0.00267857567	0.00784938778
0.04117280774	-0.00268095181	0.00788617545
0.04117265959	-0.00268322610	0.00792183592
0.04117251762	-0.00268540373	0.00795639742
0.04117238137	-0.00268749183	0.00798990510
0.04117225084	-0.00268949084	0.00802238491
0.04117212629	-0.00269139681	0.00805382160
0.04117200678	-0.00269322442	0.00808426866
0.04117189248	-0.00269497111	0.00811369396
0.04117183350	-0.00269587203	0.00812732726
0.04117187116	-0.00269529679	0.00814097826
0.04117200497	-0.00269325214	0.00815448691
0.04117223312	-0.00268976204	0.00816769483
0.04117255259	-0.00268486738	0.00818044717
0.04117295915	-0.00267862552	0.00819259443
0.04117344743	-0.00267110959	0.00820399419
0.04117401104	-0.00266240767	0.00821451279
0.04117464266	-0.00265262174	0.00822402691
0.04117533414	-0.00264186647	0.00823242502
0.04117607668	-0.00263026793	0.00823960865
0.04117686091	-0.00261796205	0.00824549358
0.04117767708	-0.00260509308	0.00825001081
0.04117851517	-0.00259181185	0.00825310738
0.04163357818	0.00349479149	-0.00448149553
0.04163716536	0.00345179099	-0.00455103145
0.04163902131	0.00342932999	-0.00457816701
0.04164059568	0.00341016001	-0.00459843237
0.04164206025	0.00339222910	-0.00461497520
0.04164344533	0.00337518307	-0.00462920606
0.04164478456	0.00335861858	-0.00464174317
0.04164611436	0.00334208893	-0.00465283953
0.04164740773	0.00332593281	-0.00466296873
0.04164870192	0.00330968703	-0.00467211800
0.04165000373	0.00329326426	-0.00468038797
0.04165129166	0.00327693501	-0.00468802777
0.04165258666	0.00326043315	-0.00469499410
0.04165390347	0.00324356679	-0.00470125091
0.04165522475	0.00322655408	-0.00470695816
0.04165655360	0.00320935228	-0.00471213905
0.04165789811	0.00319185296	-0.00471677275
0.04165925962	0.00317403335	-0.00472087293
0.04166063932	0.00315587247	-0.00472444951
0.04166203822	0.00313735106	-0.00472750883
0.04166345822	0.00311843697	-0.00473004667
0.04166489775	0.00309914427	-0.00473208094
0.04166635666	0.00307946789	-0.00473361819
0.04166784103	0.00305931756	-0.00473461559
0.04166934723	0.00303873350	-0.00473509817
0.04167087599	0.00301769688	-0.00473505885
0.04167242808	0.00299618727	-0.00473448885
0.04167400380	0.00297419024	-0.00473338040
0.04167560341	0.00295169105	-0.00473172554
0.04167722999	0.00292863454	-0.00472949107
0.04167889405	0.00290485639	-0.00472657467
0.04168056799	0.00288073805	-0.00472319093
0.04168226772	0.00285603882	-0.00471920556
0.04168401361	0.00283044330	-0.00471442087
0.04168576179	0.00280457916	-0.00470919722
0.04168755467	0.00277780237	-0.00470315302
0.04168935973	0.00275057912	-0.00469655361
0.04169120523	0.00272246333	-0.00468912365
0.04169306010	0.00269390782	-0.00468112715
0.04169495943	0.00266434955	-0.00467221040
0.04169687101	0.00263426420	-0.00466264926
0.04169880696	0.00260343973	-0.00465230903
0.04170077225	0.00257176859	-0.00464110606
0.04170276354	0.00253927419	-0.00462903487
0.04170477148	0.00250607985	-0.00461616052
0.04170680182	0.00247206029	-0.00460238957
0.04170885310	0.00243720600	-0.00458769697
0.04171092376	0.00240150764	-0.00457205701
0.04171301215	0.00236495602	-0.00455544342
0.04171511651	0.00232754269	-0.00453782862
0.04171723495	0.00228925938	-0.00451918449
0.04171937223	0.00224997352	-0.00449939019
0.04172151541	0.00220987602	-0.00447854975
0.04172366482	0.00216891543	-0.00445660613
0.04172582564	0.00212694027	-0.00443342029
0.04172799028	0.00208404103	-0.00440901791
0.04173015247	0.00204028801	-0.00438342233
0.04173231984	0.00199546497	-0.00435643360
0.04173447811	0.00194980430	-0.00432818451
0.04173662965	0.00190319346	-0.00429855626
0.04173877639	0.00185551750	-0.00426740802
0.04174090372	0.00180702972	-0.00423489020
0.04174301514	0.00175757998	-0.00420084470
0.04174510666	0.00170718182	-0.00416522887
0.04174717426	0.00165585052	-0.00412799959
0.04174921386	0.00160360296	-0.00408911362
0.04175122132	0.00155045747	-0.00404852790
0.04175319251	0.00149643404	-0.00400619946
0.04175512329	0.00144155448	-0.00396208544
0.04175700949	0.00138584219	-0.00391614350
0.04175884699	0.00132932225	-0.00386833188
0.04176063354	0.00127196147	-0.00381855186
0.04176236400	0.00121381774	-0.00376677854
0.04176403109	0.00115503563	-0.00371308280
0.04176563775	0.00109540103	-0.00365718858
0.04176717198	0.00103525112	-0.00359934232
0.04176863798	0.00097431055	-0.00353920590
0.04177002499	0.00091291419	-0.00347702863
0.04177133468	0.00085088140	-0.00341256582
0.04177256191	0.00078833449	-0.00334585422
0.04177370277	0.00072536655	-0.00327691965
0.04177475559	0.00066196358	-0.00320567873
0.04177571763	0.00059817777	-0.00313211074
0.04177658656	0.00053405552	-0.00305619031
0.04177736014	0.00046965883	-0.00297791241
0.04177803643	0.00040505792	-0.00289728824
0.04177861421	0.00034028609	-0.00281429019
0.04177909245	0.00027537940	-0.00272889234
0.04177947013	0.00021041759	-0.00264112307
0.04177974680	0.00014545590	-0.00255098992
0.04177992236	0.00008054322	-0.00245849805
0.04177999704	0.00001573321	-0.00236366196
0.04177997136	-0.00004892123	-0.00226649862
0.04177984603	-0.00011342822	-0.00216694075
0.04177962251	-0.00017760222	-0.00206518412
0.04177930225	-0.00024146161	-0.00196118429
0.04177888661	-0.00030501372	-0.00185488645
0.04177837843	-0.00036809708	-0.00174647516
0.04177777987	-0.00043070749	-0.00163594784
0.04177709287	-0.00049286060	-0.00152325252
0.04177632189	-0.00055437320	-0.00140863619
0.04177546836	-0.00061533996	-0.00129196094
0.04177453715	-0.00067560774	-0.00117344092
0.04177353084	-0.00073520163	-0.00105305217
0.04177245354	-0.00079405646	-0.00093089373
0.04177130938	-0.00085212259	-0.00080706363
0.04177010154	-0.00090940477	-0.00068157087
0.04176883560	-0.00096580171	-0.00055460673
0.04176751367	-0.00102137258	-0.00042610590
0.04176614267	-0.00107597694	-0.00029633932
0.04176472376	-0.00112971198	-0.00016519034
0.04176326450	-0.00118242902	-0.00003295376
0.04176176651	-0.00123420325	0.00010042884
0.04176023556	-0.00128496134	0.00023478125
0.04175867581	-0.00133468908	0.00036999833
0.04175708969	-0.00138342362	0.00050608352
0.04175548404	-0.00143106707	0.00064278478
0.04175386096	-0.00147766545	0.00078008511
0.04175222371	-0.00152322524	0.00091792725
0.04175057819	-0.00156767994	0.00105609635
0.04174892655	-0.00161106558	0.00119454840
0.04174727222	-0.00165337908	0.00133318009
0.04174561817	-0.00169462778	0.00147191355
0.04174396859	-0.00173478704	0.00161059728
0.04174232594	-0.00177387295	0.00174914614
0.04174069284	-0.00181189436	0.00188746593
0.04173907190	-0.00184885821	0.00202545690
0.04173746560	-0.00188477189	0.00216302128
0.04173587620	-0.00191964513	0.00230006274
0.04173430579	-0.00195348934	0.00243648687
0.04173275569	-0.00198632887	0.00257223497
0.04173122894	-0.00201815036	0.00270716454
0.04172972650	-0.00204898169	0.00284120463
0.04172824937	-0.00207884698	0.00297428732
0.04172679850	-0.00210776815	0.00310636170
0.04172537685	-0.00213572634	0.00323725901
0.04172398268	-0.00216279194	0.00336702740
0.04172261975	-0.00218892701	0.00349546561
0.04172128569	-0.00221420878	0.00362264182
0.04171998394	-0.00223860218	0.00374837380
0.04171871328	-0.00226215870	0.00387265490
0.04171747383	-0.00228490206	0.00399545090
0.04171626677	-0.00230683472	0.00411667352
0.04171509206	-0.00232798084	0.00423627394
0.04171394940	-0.00234836661	0.00435421684
0.04171283881	-0.00236801143	0.00447045843
0.04171176021	-0.00238693526	0.00458495845
0.04171071340	-0.00240515855	0.00469768010
0.04170969782	-0.00242270668	0.00480861038
0.04170871375	-0.00243958962	0.00491770059
0.04170776087	-0.00245582635	0.00502491194
0.04170683800	-0.00247144984	0.00513025132
0.04170594481	-0.00248647688	0.00523370822
0.04170508180	-0.00250091019	0.00533521405
0.04170424672	-0.00251479735	0.00543483597
0.04170344082	-0.00252812655	0.00553248739
0.04170266232	-0.00254093591	0.00562820060
0.04170191039	-0.00255324700	0.00572199851
0.04170118575	-0.00256505503	0.00581381958
0.04170048665	-0.00257639539	0.00590370073
0.04169981256	-0.00258728288	0.00599164524
0.04169916289	-0.00259773248	0.00607765864
0.04169853704	-0.00260775937	0.00616174863
0.04169793435	-0.00261737857	0.00624392503
0.04169735418	-0.00262660512	0.00632419960
0.04169679583	-0.00263545399	0.00640258594
0.04169625858	-0.00264394038	0.00647909937
0.04169574171	-0.00265207907	0.00655375685
0.04169524414	-0.00265989030	0.00662660970
0.04169476633	-0.00266736963	0.00669762959
0.04169430709	-0.00267453848	0.00676684442
0.04169386477	-0.00268142517	0.00683434353
0.04169344089	-0.00268800790	0.00690004652
0.04169303262	-0.00269433309	0.00696407986
0.04169264132	-0.00270038146	0.00702637663
0.04169226430	-0.00270619621	0.00708707014
0.04169190337	-0.00271175097	0.00714607750
0.04169155621	-0.00271708307	0.00720349319
0.04169122250	-0.00272219885	0.00725935748
0.04169090279	-0.00272709086	0.00731364358
0.04169059561	-0.00273178284	0.00736641476
0.04169030056	-0.00273628205	0.00741770048
0.04169001713	-0.00274059700	0.00746753949
0.04168974523	-0.00274473004	0.00751594892
0.04168948442	-0.00274868850	0.00756295252
0.04168923403	-0.00275248359	0.00760858992
0.04168899366	-0.00275612183	0.00765289108
0.04168876292	-0.00275960983	0.00769588588
0.04168854142	-0.00276295383	0.00773760411
0.04168832880	-0.00276616013	0.00777807540
0.04168812455	-0.00276923662	0.00781734277
0.04168792870	-0.00277218346	0.00785542005
0.04168774087	-0.00277500655	0.00789233175
0.04168756054	-0.00277771416	0.00792811283
0.04168738738	-0.00278031182	0.00796279159
0.04168722087	-0.00278280718	0.00799641310
0.04168706101	-0.00278520098	0.00802900343
0.04168690807	-0.00278748917	0.00806054775
0.04168676104	-0.00278968701	0.00809109935
0.04168662015	-0.00279179162	0.00812062657
0.04168654921	-0.00279285074	0.00813424855
0.04168657711	-0.00279243416	0.00814790544
0.04168670350	-0.00279054674	0.00816143714
0.04168692669	-0.00278721061	0.00817468499
0.04168724372	-0.00278246486	0.00818749368
0.04168765041	-0.00277636509	0.00819971303
0.04168814141	-0.00276898278	0.00821119978
0.04168871031	-0.00276040443	0.00822181927
0.04168934973	-0.00275073058	0.00823144699
0.04169005147	-0.00274007460	0.00823997006
0.04169080658	-0.00272856137	0.00824728855
0.04169160556	-0.00271632582	0.00825331667
0.04169243848	-0.00270351138	0.00825798375
0.04169329510	-0.00269026826	0.00826123505
0.04215095860	0.00354777245	-0.00447348305
0.04215452668	0.00350512207	-0.00454323954
0.04215637833	0.00348278134	-0.00457048401
0.04215795103	0.00346369240	-0.00459083944
0.04215941539	0.00344582272	-0.00460746583
0.04216080130	0.00342882393	-0.00462177477
0.04216214218	0.00341229646	-0.00463438686
0.04216347432	0.00339579644	-0.00464555832
0.04216477064	0.00337966220	-0.00465575938
0.04216606835	0.00336343270	-0.00466498093
0.04216737422	0.00334702123	-0.00467332416
0.04216866673	0.00333069757	-0.00468103562
0.04216996680	0.00331419669	-0.00468807416
0.04217128919	0.00329732740	-0.00469440530
0.04217261653	0.00328030713	-0.00470018696
0.04217395194	0.00326309329	-0.00470544260
0.04217530349	0.00324557780	-0.00471015223
0.04217667256	0.00322773789	-0.00471432964
0.04217806032	0.00320955259	-0.00471798483
0.04217946778	0.00319100260	-0.00472112425
0.04218089689	0.00317205575	-0.00472374388
0.04218234606	0.00315272596	-0.00472586143
0.04218381515	0.00313300806	-0.00472748339
0.04218531026	0.00311281190	-0.00472856770
0.04218682779	0.00309217742	-0.00472913893
0.04218836845	0.00307108570	-0.00472919010
0.04218993305	0.00304951619	-0.00472871252
0.04219152190	0.00302745435	-0.00472769850
0.04219313528	0.00300488528	-0.00472614010
0.04219477627	0.00298175380	-0.00472400459
0.04219645545	0.00295789583	-0.00472119112
0.04219814515	0.00293369152	-0.00471791060
0.04219986134	0.00290890067	-0.00471403090
0.04220162448	0.00288320850	-0.00470935730
0.04220339057	0.00285724071	-0.00470424404
0.04220520219	0.00283035481	-0.00469831568
0.04220702672	0.00280301547	-0.00469183290
0.04220889254	0.00277477752	-0.00468452468
0.04221076849	0.00274609235	-0.00467665047
0.04221268981	0.00271639809	-0.00466786205
0.04221462420	0.00268616892	-0.00465843049
0.04221658382	0.00265519306	-0.00464822305
0.04221857372	0.00262336292	-0.00463715713
0.04222059054	0.00259070150	-0.00462522692
0.04222262492	0.00255733155	-0.00461249614
0.04222468267	0.00252312777	-0.00459887254
0.04222676232	0.00248808031	-0.00458433108
0.04222886235	0.00245217951	-0.00456884605
0.04223098112	0.00241541586	-0.00455239121
0.04223311686	0.00237778056	-0.00453493898
0.04223526772	0.00233926498	-0.00451646124
0.04223743852	0.00229973641	-0.00449683854
0.04223961623	0.00225938500	-0.00447617274
0.04224180122	0.00221815904	-0.00445440728
0.04224399874	0.00217590687	-0.00443140472
0.04224620116	0.00213271839	-0.00440718970
0.04224840216	0.00208866341	-0.00438178468
0.04225060950	0.00204352551	-0.00435499213
0.04225280877	0.00199753633	-0.00432694213
0.04225500238	0.00195058306	-0.00429751711
0.04225719232	0.00190255030	-0.00426657761
0.04225936382	0.00185369067	-0.00423427101
0.04226152046	0.00180385370	-0.00420044094
0.04226365823	0.00175305240	-0.00416504460
0.04226577307	0.00170130152	-0.00412803872
0.04226786085	0.00164861741	-0.00408937985
0.04226991741	0.00159501785	-0.00404902472
0.04227193858	0.00154052231	-0.00400693018
0.04227392013	0.00148515205	-0.00396305313
0.04227585788	0.00142892995	-0.00391735096
0.04227774762	0.00137188056	-0.00386978168
0.04227958707	0.00131397011	-0.00382024709
0.04228137099	0.00125525593	-0.00376872166
0.04228309196	0.00119588217	-0.00371527442
0.04228475299	0.00113563397	-0.00365963236
0.04228634178	0.00107484831	-0.00360203747
0.04228786264	0.00101324897	-0.00354215556
0.04228930449	0.00095117069	-0.00348023150
0.04229066905	0.00088843210	-0.00341602327
0.04229195100	0.00082515512	-0.00334956616
0.04229314626	0.00076143255	-0.00328088484
0.04229425307	0.00069724987	-0.00320989636
0.04229526856	0.00063265890	-0.00313657949
0.04229619026	0.00056770568	-0.00306090845
0.04229701576	0.00050245192	-0.00298287758
0.04229774296	0.00043696764	-0.00290249731
0.04229837050	0.00037128586	-0.00281973979
0.04229889721	0.00030544239	-0.00273457892
0.04229932188	0.00023951688	-0.00264704214
0.04229964392	0.00017356450	-0.00255713648
0.04229986306	0.00010763410	-0.00246486664
0.04229997937	0.00004177932	-0.00237024665
0.04229999322	-0.00002394686	-0.00227329298
0.04229990520	-0.00008955287	-0.00217393895
0.04229971656	-0.00015485233	-0.00207237761
0.04229942860	-0.00021986369	-0.00196856519
0.04229904261	-0.00028459443	-0.00186244749
0.04229856122	-0.00034888214	-0.00175420674
0.04229798648	-0.00041272242	-0.00164384062
0.04229732024	-0.00047613100	-0.00153129800
0.04229656678	-0.00053892326	-0.00141682301
0.04229572751	-0.00060119427	-0.00130027989
0.04229480713	-0.00066278955	-0.00118188049
0.04229380816	-0.00072373400	-0.00106160175
0.04229273465	-0.00078396160	-0.00093954198
0.04229159065	-0.00084342183	-0.00081579872
0.04229037930	-0.00090211900	-0.00069038156
0.04228910611	-0.00095995036	-0.00056348024
0.04228777319	-0.00101697505	-0.00043503110
0.04228638744	-0.00107305061	-0.00030530275
0.04228495000	-0.00112827448	-0.00017418095
0.04228346845	-0.00118249573	-0.00004195794
0.04228194443	-0.00123578944	0.00009142277
0.04228038373	-0.00128808071	0.00022578602
0.04227879055	-0.00133935413	0.00036102661
0.04227716739	-0.00138964644	0.00049714673
0.04227552115	-0.00143885756	0.00063389603
0.04227385401	-0.00148703286	0.00077125624
0.04227216931	-0.00153417801	0.00090916952
0.04227047304	-0.00158022447	0.00104742210
0.04226876744	-0.00162520747	0.00118596898
0.04226705608	-0.00166912270	0.00132470656
0.04226534203	-0.00171197646	0.00146355647
0.04226362960	-0.00175374255	0.00160236750
0.04226192139	-0.00179443592	0.00174105393
0.04226022016	-0.00183406427	0.00187952111
0.04225852866	-0.00187263330	0.00201766896
0.04225684950	-0.00191014924	0.00215539932
0.04225518510	-0.00194662061	0.00229261546
0.04225353769	-0.00198205768	0.00242922259
0.04225190874	-0.00201648393	0.00256516122
0.04225030146	-0.00204988448	0.00270028907
0.04224871695	-0.00208228623	0.00283453449
0.04224715635	-0.00211371237	0.00296782894
0.04224562077	-0.00214418409	0.00310012082
0.04224411334	-0.00217368077	0.00323124189
0.04224263242	-0.00220227289	0.00336123850
0.04224118197	-0.00222992050	0.00348991039
0.04223975971	-0.00225670113	0.00361732380
0.04223836927	-0.00228257788	0.00374329741
0.04223700952	-0.00230760189	0.00386782344
0.04223568072	-0.00233179636	0.00399086708
0.04223438420	-0.00235516275	0.00411234003
0.04223312001	-0.00237772459	0.00423219303
0.04223188800	-0.00239950751	0.00435039023
0.04223068828	-0.00242053037	0.00446688748
0.04222952088	-0.00244081259	0.00458164415
0.04222838571	-0.00246037410	0.00469462310
0.04222728228	-0.00247924005	0.00480581081
0.04222621099	-0.00249741983	0.00491515849
0.04222517161	-0.00251493191	0.00502262713
0.04222416301	-0.00253180923	0.00512822299
0.04222318495	-0.00254806839	0.00523193524
0.04222223803	-0.00256371138	0.00533369556
0.04222131998	-0.00257878632	0.00543357002
0.04222043221	-0.00259328052	0.00553147260
0.04221957294	-0.00260723235	0.00562743491
0.04221874137	-0.00262066353	0.00572147945
0.04221793832	-0.00263356866	0.00581354509
0.04221716205	-0.00264598345	0.00590366815
0.04221641206	-0.00265792268	0.00599185175
0.04221568780	-0.00266940137	0.00607810130
0.04221498868	-0.00268043476	0.00616242437
0.04221431410	-0.00269103798	0.00624483065
0.04221366340	-0.00270122615	0.00632533179
0.04221303591	-0.00271101440	0.00640394128
0.04221243094	-0.00272041807	0.00648067435
0.04221184776	-0.00272945211	0.00655554786
0.04221128527	-0.00273813729	0.00662861278
0.04221074399	-0.00274646893	0.00669984124
0.04221022272	-0.00275446873	0.00676926092
0.04220971973	-0.00276216590	0.00683696054
0.04220923666	-0.00276953793	0.00690286071
0.04220877056	-0.00277663247	0.00696708680
0.04220832287	-0.00278342964	0.00702957285
0.04220789079	-0.00278997400	0.00709045109
0.04220747624	-0.00279623839	0.00714963975
0.04220707681	-0.00280226112	0.00720723257
0.04220669213	-0.00280804898	0.00726326980
0.04220632283	-0.00281359432	0.00731772522
0.04220596737	-0.00281892152	0.00737066171
0.04220562532	-0.00282403820	0.00742210880
0.04220529615	-0.00282895330	0.00747210518
0.04220497977	-0.00283366941	0.00752066819
0.04220467574	-0.00283819414	0.00756782165
0.04220438332	-0.00284253914	0.00761360511
0.04220410211	-0.00284671129	0.00765804862
0.04220383169	-0.00285071754	0.00770118208
0.04220357167	-0.00285456450	0.00774303535
0.04220332163	-0.00285825879	0.00778363810
0.04220308105	-0.00286180884	0.00782303331
0.04220284994	-0.00286521494	0.00786123503
0.04220262792	-0.00286848333	0.00789826786
0.04220241442	-0.00287162267	0.00793416673
0.04220220909	-0.00287463880	0.00796896000
0.04220201137	-0.00287753991	0.00800269268
0.04220182124	-0.00288032707	0.00803539094
0.04220163899	-0.00288299608	0.00806704039
0.04220146357	-0.00288556280	0.00809769408
0.04220129521	-0.00288802405	0.00812732087
0.04220121202	-0.00288923935	0.00814092987
0.04220122981	-0.00288897957	0.00815459079
0.04220134832	-0.00288724775	0.00816814348
0.04220156601	-0.00288406418	0.00818142905
0.04220187999	-0.00287946618	0.00819429172
0.04220228612	-0.00287350761	0.00820658071
0.04220277910	-0.00286625829	0.00821815192
0.04220335249	-0.00285780317	0.00822886971
0.04220399888	-0.00284824134	0.00823860841
0.04220470998	-0.00283768486	0.00824725385
0.04220547676	-0.00282625743	0.00825470466
0.04220628959	-0.00281409299	0.00826087349
0.04220713834	-0.00280133413	0.00826568803
0.04220801261	-0.00278813040	0.00826909181
0.04266837030	0.00360035776	-0.00446573613
0.04267191946	0.00355804577	-0.00453570380
0.04267376680	0.00353582057	-0.00456305257
0.04267533778	0.00351680902	-0.00458349424
0.04267680185	0.00349899756	-0.00460020069
0.04267818850	0.00348204338	-0.00461458442
0.04267953092	0.00346555054	-0.00462726835
0.04268086528	0.00344907803	-0.00463851179
0.04268216443	0.00343296367	-0.00464878170
0.04268346552	0.00341674861	-0.00465807254
0.04268477530	0.00340034675	-0.00466648601
0.04268607221	0.00338402708	-0.00467426618
0.04268737718	0.00336752566	-0.00468137397
0.04268870496	0.00335065206	-0.00468777643
0.04269003816	0.00333362292	-0.00469362949
0.04269137991	0.00331639580	-0.00469895684
0.04269273829	0.00329886298	-0.00470373934
0.04269411467	0.00328100169	-0.00470799088
0.04269551024	0.00326279098	-0.00471172155
0.04269692602	0.00324421147	-0.00471493789
0.04269836396	0.00322523102	-0.00471763608
0.04269982248	0.00320586337	-0.00471983363
0.04270130146	0.00318610323	-0.00472153698
0.04270280701	0.00316586061	-0.00472270481
0.04270433553	0.00314517516	-0.00472336125
0.04270588777	0.00312402784	-0.00472349941
0.04270746453	0.00310239802	-0.00472311071
0.04270906614	0.00308027102	-0.00472218750
0.04271069290	0.00305763180	-0.00472072189
0.04271234791	0.00303442516	-0.00471868159
0.04271404179	0.00301048730	-0.00471596721
0.04271574683	0.00298619698	-0.00471278603
0.04271747905	0.00296131456	-0.00470900804
0.04271925898	0.00293552593	-0.00470444146
0.04272104251	0.00290945470	-0.00469943450
0.04272287238	0.00288246003	-0.00469361774
0.04272471587	0.00285500499	-0.00468724735
0.04272660150	0.00282664543	-0.00468005648
0.04272849799	0.00279783120	-0.00467230014
0.04273044075	0.00276800169	-0.00466363550
0.04273239737	0.00273762950	-0.00465432889
0.04273438008	0.00270650317	-0.00464424955
0.04273639397	0.00267451506	-0.00463331587
0.04273843569	0.00264168780	-0.00462152176
0.04274049587	0.00260814350	-0.00460892958
0.04274258036	0.00257375688	-0.00459544826
0.04274468771	0.00253851775	-0.00458105277
0.04274681641	0.00250241616	-0.00456571743
0.04274896484	0.00246544224	-0.00454941600
0.04275113124	0.00242758687	-0.00453212091
0.04275331377	0.00238884106	-0.00451380405
0.04275551732	0.00234907196	-0.00449434731
0.04275772879	0.00230846897	-0.00447385046
0.04275994856	0.00226698011	-0.00445225737
0.04276218196	0.00222445358	-0.00442943220
0.04276442133	0.00218097866	-0.00440539858
0.04276666032	0.00213662468	-0.00438017808
0.04276890678	0.00209117506	-0.00435357556
0.04277114617	0.00204486068	-0.00432571847
0.04277338098	0.00199756843	-0.00429649041
0.04277561323	0.00194918258	-0.00426575329
0.04277782803	0.00189995495	-0.00423365151
0.04278002900	0.00184973480	-0.00420003042
0.04278221211	0.00179853461	-0.00416484706
0.04278437328	0.00174636861	-0.00412805800
0.04278650834	0.00169325261	-0.00408961961
0.04278861310	0.00163920387	-0.00404948845
0.04279068333	0.00158424132	-0.00400762113
0.04279271477	0.00152838568	-0.00396397435
0.04279470316	0.00147165931	-0.00391850527
0.04279664426	0.00141408623	-0.00387117162
0.04279853574	0.00135563211	-0.00382187576
0.04280037228	0.00129635372	-0.00377059154
0.04280214630	0.00123639477	-0.00371738616
0.04280386088	0.00117553972	-0.00366198962
0.04280550344	0.00111412523	-0.00360463954
0.04280707839	0.00105187433	-0.00354500562
0.04280857436	0.00098912156	-0.00348332834
0.04280999308	0.00092568486	-0.00341936834
0.04281132908	0.00086168574	-0.00335315944
0.04281257812	0.00079721668	-0.00328472523
0.04281373835	0.00073226268	-0.00321398315
0.04281480676	0.00066687519	-0.00314091147
0.04281578072	0.00060109988	-0.00306548405
0.04281665770	0.00053499815	-0.00298769461
0.04281743543	0.00046863983	-0.00290755277
0.04281811240	0.00040205764	-0.00282503052
0.04281868731	0.00033528715	-0.00274010153
0.04281915876	0.00026840792	-0.00265279236
0.04281952601	0.00020147502	-0.00256310952
0.04281978865	0.00013453726	-0.00247105729
0.04281994656	0.00006764826	-0.00237664918
0.04281999999	0.00000086106	-0.00227990120
0.04281994939	-0.00006583305	-0.00218074728
0.04281979578	-0.00013224693	-0.00207937779
0.04281954037	-0.00019839906	-0.00197574959
0.04281918433	-0.00026429705	-0.00186980911
0.04281873009	-0.00032977764	-0.00176173626
0.04281817960	-0.00039483621	-0.00165152902
0.04281753461	-0.00045948855	-0.00153913706
0.04281679924	-0.00052354869	-0.00142480167
0.04281597482	-0.00058711207	-0.00130838926
0.04281506593	-0.00065002292	-0.00119010937
0.04281407503	-0.00071230593	-0.00106993982
0.04281300606	-0.00077389425	-0.00094797824
0.04281186302	-0.00083473649	-0.00082432164
0.04281064900	-0.00089483654	-0.00069898021
0.04280936944	-0.00095409023	-0.00057214217
0.04280802646	-0.00101255660	-0.00044374551
0.04280662688	-0.00107009127	-0.00031405648
0.04280517188	-0.00112679187	-0.00018296324
0.04280366902	-0.00118250531	-0.00005075552
0.04280211995	-0.00123730650	0.00008262131
0.04280053051	-0.00129111900	0.00021699309
0.04279890492	-0.00134392625	0.00035225459
0.04279724572	-0.00139576451	0.00048840676
0.04279555989	-0.00144653159	0.00062520093
0.04279384967	-0.00149627222	0.00076261760
0.04279211846	-0.00154499118	0.00090059832
0.04279037237	-0.00159261801	0.00103893044
0.04278861374	-0.00163918708	0.00117756794
0.04278684622	-0.00168469289	0.00131640698
0.04278507301	-0.00172914069	0.00145536869
0.04278329854	-0.00177250271	0.00159430214
0.04278152553	-0.00181479280	0.00173312105
0.04277975688	-0.00185601748	0.00187173036
0.04277799547	-0.00189618126	0.00201002962
0.04277624406	-0.00193528917	0.00214792032
0.04277450520	-0.00197334856	0.00228530536
0.04277278128	-0.00201036854	0.00242208952
0.04277107390	-0.00204637173	0.00255821260
0.04276938644	-0.00208134172	0.00269353250
0.04276772015	-0.00211530446	0.00282797693
0.04276607632	-0.00214828219	0.00296147669
0.04276445618	-0.00218029536	0.00309397953
0.04276286305	-0.00221132164	0.00322531773
0.04276129540	-0.00224143154	0.00335553587
0.04275975739	-0.00227058316	0.00348443467
0.04275824680	-0.00229885426	0.00361207847
0.04275676747	-0.00232620617	0.00373828685
0.04275531840	-0.00235268967	0.00386305092
0.04275389992	-0.00237832742	0.00398633527
0.04275251355	-0.00240311989	0.00410805163
0.04275115945	-0.00242708996	0.00422815026
0.04274983757	-0.00245026275	0.00434659482
0.04274854816	-0.00247265652	0.00446334080
0.04274729134	-0.00249429016	0.00457834722
0.04274606712	-0.00251518312	0.00469157659
0.04274487511	-0.00253536028	0.00480301488
0.04274371581	-0.00255483044	0.00491261322
0.04274258910	-0.00257361162	0.00502033238
0.04274149390	-0.00259173665	0.00512617800
0.04274043005	-0.00260922197	0.00523013896
0.04273939825	-0.00262606885	0.00533214717
0.04273839625	-0.00264232591	0.00543226763
0.04273742557	-0.00265797963	0.00553041494
0.04273648446	-0.00267306859	0.00562661998
0.04273557215	-0.00268761466	0.00572090484
0.04273468958	-0.00270161187	0.00581320885
0.04273383499	-0.00271509617	0.00590356770
0.04273300793	-0.00272808237	0.00599198437
0.04273220789	-0.00274058553	0.00607846413
0.04273143431	-0.00275262094	0.00616301443
0.04273068660	-0.00276420380	0.00624564485
0.04272996415	-0.00277534936	0.00632636691
0.04272926629	-0.00278607288	0.00640519402
0.04272859235	-0.00279638983	0.00648214128
0.04272794161	-0.00280631536	0.00655722549
0.04272731295	-0.00281587073	0.00663049725
0.04272670695	-0.00282505104	0.00670192914
0.04272612238	-0.00283387826	0.00677154867
0.04272555748	-0.00284238250	0.00683944388
0.04272501397	-0.00285054051	0.00690553641
0.04272448879	-0.00285840118	0.00696995057
0.04272398348	-0.00286594404	0.00703262130
0.04272349512	-0.00287321498	0.00709367977
0.04272302574	-0.00288018609	0.00715304534
0.04272257281	-0.00288689663	0.00721081101
0.04272213599	-0.00289335383	0.00726701701
0.04272171592	-0.00289954984	0.00732163766
0.04272131100	-0.00290550970	0.00737473550
0.04272092080	-0.00291124136	0.00742634006
0.04272054476	-0.00291675421	0.00747649005
0.04272018279	-0.00292205106	0.00752520295
0.04271983442	-0.00292713980	0.00757250269
0.04271949889	-0.00293203254	0.00761842874
0.04271917577	-0.00293673648	0.00766301119
0.04271886464	-0.00294125896	0.00770628001
0.04271856505	-0.00294560690	0.00774826511
0.04271827659	-0.00294978729	0.00778899620
0.04271799869	-0.00295380903	0.00782851622
0.04271773136	-0.00295767262	0.00786683942
0.04271747419	-0.00296138458	0.00790399051
0.04271722659	-0.00296495398	0.00794000438
0.04271698817	-0.00296838699	0.00797490947
0.04271675836	-0.00297169229	0.00800875068
0.04271653709	-0.00297487128	0.00804155432
0.04271632468	-0.00297791966	0.00807330643
0.04271612003	-0.00298085387	0.00810405981
0.04271592339	-0.00298367043	0.00813378385
0.04271582771	-0.00298503985	0.00814737827
0.04271583504	-0.00298493500	0.00816104142
0.04271594527	-0.00298335712	0.00817461311
0.04271615695	-0.00298032468	0.00818793423
0.04271646730	-0.00297587322	0.00820084859
0.04271687224	-0.00297005489	0.00821320480
0.04271736648	-0.00296293789	0.00822485798
0.04271794360	-0.00295460559	0.00823567151
0.04271859616	-0.00294515565	0.00824551862
0.04271931581	-0.00293469881	0.00825428385
0.04272009340	-0.00292335762	0.00826186444
0.04272091919	-0.00291126499	0.00826817151
0.04272178290	-0.00289856268	0.00827313112
0.04272267395	-0.00288539955	0.00827668513
0.04318581253	0.00365256025	-0.00445824744
0.04318934297	0.00361057533	-0.00452841740
0.04319118599	0.00358846107	-0.00455586609
0.04319275521	0.00356952339	-0.00457639037
0.04319421894	0.00355176724	-0.00459317352
0.04319560625	0.00353485509	-0.00460762892
0.04319695012	0.00351839457	-0.00462038168
0.04319828658	0.00350194750	-0.00463169414
0.04319958845	0.00348585106	-0.00464203003
0.04320089279	0.00346964865	-0.00465138730
0.04320220633	0.00345325475	-0.00465986816
0.04320350750	0.00343693748	-0.00466771421
0.04320481722	0.00342043406	-0.00467488841
0.04320615020	0.00340355479	-0.00468135930
0.04320748908	0.00338651549	-0.00468728087
0.04320883699	0.00336927387	-0.00469267705
0.04321020199	0.00335172257	-0.00469752949
0.04321158547	0.00333383885	-0.00470185219
0.04321298862	0.00331560171	-0.00470565534
0.04321441247	0.00329699177	-0.00470894555
0.04321585898	0.00327797687	-0.00471171920
0.04321732659	0.00325857057	-0.00471399361
0.04321881518	0.00323876746	-0.00471577517
0.04322033088	0.00321847773	-0.00471702327
0.04322187009	0.00319774072	-0.00471776162
0.04322343358	0.00317653730	-0.00471798342
0.04322502218	0.00315484673	-0.00471768019
0.04322663621	0.00313265420	-0.00471684431
0.04322827599	0.00310994452	-0.00471546797
0.04322994465	0.00308666249	-0.00471351927
0.04323165285	0.00306264462	-0.00471090028
0.04323337283	0.00303826820	-0.00470781470
0.04323512065	0.00301329420	-0.00470413463
0.04323691693	0.00298740925	-0.00469967114
0.04323871748	0.00296123471	-0.00469476655
0.04324056512	0.00293413157	-0.00468905732
0.04324242711	0.00290656116	-0.00468279521
0.04324433203	0.00287808044	-0.00467571747
0.04324624856	0.00284913765	-0.00466807474
0.04324821222	0.00281917355	-0.00465952947
0.04325019053	0.00278865906	-0.00465034337
0.04325219577	0.00275738306	-0.00464038761
0.04325423307	0.00272523794	-0.00462958153
0.04325629910	0.00269224587	-0.00461791878
0.04325838447	0.00265852838	-0.00460546040
0.04326049506	0.00262396016	-0.00459211647
0.04326262947	0.00258853076	-0.00457786197
0.04326478617	0.00255222986	-0.00456267124
0.04326696358	0.00251504730	-0.00454651805
0.04326915994	0.00247697360	-0.00452937484
0.04327137343	0.00243799945	-0.00451121350
0.04327360899	0.00239799186	-0.00449191727
0.04327585347	0.00235713945	-0.00447158385
0.04327810727	0.00231538998	-0.00445015752
0.04328037578	0.00227259155	-0.00442750404
0.04328265131	0.00222883282	-0.00440364602
0.04328492747	0.00218418257	-0.00437860419
0.04328721222	0.00213842419	-0.00435218576
0.04328949092	0.00209178770	-0.00432451554
0.04329176609	0.00204415975	-0.00429547836
0.04329403980	0.00199542427	-0.00426493743
0.04329629703	0.00194583226	-0.00423303426
0.04329854146	0.00189523274	-0.00419961585
0.04330076905	0.00184363768	-0.00416463913
0.04330297566	0.00179106076	-0.00412806048
0.04330515713	0.00173751729	-0.00408983614
0.04330730920	0.00168302399	-0.00404992245
0.04330942762	0.00162759924	-0.00400827586
0.04331150808	0.00157126326	-0.00396485282
0.04331354626	0.00151403788	-0.00391961027
0.04331553785	0.00145594658	-0.00387250572
0.04331748051	0.00139695450	-0.00382344203
0.04331936883	0.00133711784	-0.00377239247
0.04332119509	0.00127657984	-0.00371942245
0.04332296242	0.00121512435	-0.00366426494
0.04332465798	0.00115308765	-0.00360715324
0.04332628626	0.00109019209	-0.00354776091
0.04332783562	0.00102677191	-0.00348632409
0.04332930781	0.00096264445	-0.00342260606
0.04333069721	0.00089793079	-0.00335663922
0.04333199940	0.00083272304	-0.00328844604
0.04333321246	0.00076700578	-0.00321794440
0.04333433324	0.00070083007	-0.00314511210
0.04333535898	0.00063424119	-0.00306992260
0.04333628699	0.00056730025	-0.00299236901
0.04333711485	0.00050007684	-0.00291246022
0.04333784090	0.00043260344	-0.00283016801
0.04333846371	0.00036491535	-0.00274546585
0.04333898172	0.00029709201	-0.00265837944
0.04333939400	0.00022918842	-0.00256891476
0.04333970001	0.00016125331	-0.00247707569
0.04333989949	0.00009334029	-0.00238287525
0.04333999250	0.00002550244	-0.00228632899
0.04333997939	-0.00004226918	-0.00218737144
0.04333986095	-0.00010978678	-0.00208619031
0.04333963828	-0.00017706880	-0.00198274311
0.04333931245	-0.00024412303	-0.00187697689
0.04333888569	-0.00031078535	-0.00176906927
0.04333835983	-0.00037705095	-0.00165901852
0.04333773654	-0.00044293563	-0.00154677509
0.04333701974	-0.00050825218	-0.00143257750
0.04333621073	-0.00057309634	-0.00131629427
0.04333531394	-0.00063731112	-0.00119813268
0.04333433177	-0.00070092095	-0.00107807142
0.04333326806	-0.00076385822	-0.00095620742
0.04333212673	-0.00082607065	-0.00083263719
0.04333091084	-0.00088756173	-0.00070737152
0.04332962575	-0.00094822587	-0.00058059709
0.04332827356	-0.00100812204	-0.00045225354
0.04332686106	-0.00106710396	-0.00032260477
0.04332538942	-0.00112526941	-0.00019154135
0.04332386618	-0.00118246320	-0.00005935045
0.04332229303	-0.00123876006	0.00007402065
0.04332067580	-0.00129408204	0.00020839882
0.04331901876	-0.00134841142	0.00034367880
0.04331732450	-0.00140178397	0.00047986031
0.04331560003	-0.00145409547	0.00061669637
0.04331384768	-0.00150538994	0.00075416625
0.04331207091	-0.00155567132	0.00089221089
0.04331027593	-0.00160486724	0.00103061878
0.04330846515	-0.00165301121	0.00116934289
0.04330664235	-0.00170009653	0.00130827916
0.04330481081	-0.00174612742	0.00144734820
0.04330297509	-0.00179107456	0.00158639938
0.04330113804	-0.00183495070	0.00172534587
0.04329930268	-0.00187776118	0.00186409222
0.04329747203	-0.00191950931	0.00200253763
0.04329564897	-0.00196019895	0.00214058323
0.04329383622	-0.00199983627	0.00227813156
0.04329203629	-0.00203842922	0.00241508700
0.04329025093	-0.00207599956	0.00255138861
0.04328848368	-0.00211252938	0.00268689454
0.04328673594	-0.00214804367	0.00282153182
0.04328500913	-0.00218256373	0.00295523065
0.04328330463	-0.00221610924	0.00308793809
0.04328162596	-0.00224865620	0.00321948698
0.04327997164	-0.00228027510	0.00334992013
0.04327834607	-0.00231092215	0.00347903927
0.04327674709	-0.00234067530	0.00360690681
0.04327517877	-0.00236949415	0.00373334327
0.04327364017	-0.00239742907	0.00385833866
0.04327213178	-0.00242450220	0.00398185698
0.04327065525	-0.00245071304	0.00410380997
0.04326921087	-0.00247608380	0.00422414747
0.04326779870	-0.00250063909	0.00434283262
0.04326641910	-0.00252439658	0.00445982055
0.04326507232	-0.00254737462	0.00457506996
0.04326375846	-0.00256959217	0.00468854302
0.04326247723	-0.00259107383	0.00480022519
0.04326122924	-0.00261182785	0.00491006753
0.04326001446	-0.00263187175	0.00501803060
0.04325883188	-0.00265123830	0.00512411941
0.04325768140	-0.00266994373	0.00522832255
0.04325656386	-0.00268798861	0.00533057221
0.04325547701	-0.00270542206	0.00543093228
0.04325442249	-0.00272222972	0.00552931798
0.04325339859	-0.00273845037	0.00562575951
0.04325240456	-0.00275410605	0.00572027853
0.04325144143	-0.00276919018	0.00581281481
0.04325050748	-0.00278373900	0.00590340344
0.04324960229	-0.00279776732	0.00599204726
0.04324872538	-0.00281129021	0.00607875142
0.04324787624	-0.00282432305	0.00616352322
0.04324705430	-0.00283688110	0.00624637213
0.04324625897	-0.00284897972	0.00632730957
0.04324548961	-0.00286063429	0.00640634885
0.04324474555	-0.00287186045	0.00648350497
0.04324402610	-0.00288267350	0.00655879464
0.04324333012	-0.00289309522	0.00663226810
0.04324265824	-0.00290312048	0.00670389840
0.04324200923	-0.00291277150	0.00677371283
0.04324138125	-0.00292207928	0.00684179881
0.04324077616	-0.00293101987	0.00690807898
0.04324019076	-0.00293964337	0.00697267657
0.04323962669	-0.00294792874	0.00703552747
0.04323908091	-0.00295592315	0.00709676175
0.04323855556	-0.00296359799	0.00715629992
0.04323804804	-0.00297099342	0.00721423424
0.04323755796	-0.00297811714	0.00727060489
0.04323708602	-0.00298496109	0.00732538677
0.04323663057	-0.00299155096	0.00737864203
0.04323619115	-0.00299789505	0.00743040028
0.04323576720	-0.00300400317	0.00748070015
0.04323535859	-0.00300987836	0.00752955933
0.04323496486	-0.00301552880	0.00757700181
0.04323458521	-0.00302096702	0.00762306701
0.04323421920	-0.00302620059	0.00766778507
0.04323386637	-0.00303123718	0.00771118600
0.04323352627	-0.00303608407	0.00775329976
0.04323319845	-0.00304074859	0.00779415612
0.04323288231	-0.00304524011	0.00783379796
0.04323257785	-0.00304955935	0.00787223975
0.04323228465	-0.00305371310	0.00790950626
0.04323200209	-0.00305771084	0.00794563240
0.04323172974	-0.00306155906	0.00798064663
0.04323146700	-0.00306526695	0.00801459379
0.04323121377	-0.00306883620	0.00804750030
0.04323097042	-0.00307226246	0.00807935263
0.04323073576	-0.00307556270	0.00811020335
0.04323051008	-0.00307873319	0.00814002236
0.04323040170	-0.00308025466	0.00815360067
0.04323039827	-0.00308030286	0.00816726430
0.04323049983	-0.00307887721	0.00818085305
0.04323070504	-0.00307599442	0.00819420762
0.04323101122	-0.00307168826	0.00820717143
0.04323141436	-0.00306600919	0.00821959249
0.04323190921	-0.00305902376	0.00823132518
0.04323248935	-0.00305081383	0.00824223194
0.04323314731	-0.00304147559	0.00825218490
0.04323387469	-0.00303111848	0.00826106737
0.04323466228	-0.00301986388	0.00826877521
0.04323550019	-0.00300784370	0.00827521806
0.04323637802	-0.00299519883	0.00828032038
0.04323728500	-0.00298207748	0.00828402234
0.04371323602	0.00370538755	-0.00445087221
0.04371674760	0.00366372479	-0.00452123969
0.04371858623	0.00364171905	-0.00454878596
0.04372015365	0.00362285318	-0.00456939089
0.04372161696	0.00360515048	-0.00458624896
0.04372300489	0.00358827861	-0.00460077436
0.04372435016	0.00357184873	-0.00461359433
0.04372568867	0.00355542552	-0.00462497424
0.04372699320	0.00353934541	-0.00463537458
0.04372830074	0.00352315410	-0.00464479676
0.04372961797	0.00350676665	-0.00465334348
0.04373092335	0.00349045026	-0.00466125391
0.04373223774	0.00347394330	-0.00466849304
0.04373357586	0.00345705687	-0.00467503085
0.04373492036	0.00344000591	-0.00468101942
0.04373627435	0.00342274828	-0.00468648291
0.04373764591	0.00340517699	-0.00469140376
0.04373903642	0.00338726930	-0.00469579608
0.04374044708	0.00336900422	-0.00469967014
0.04374187893	0.00335036230	-0.00470303265
0.04374333394	0.00333131141	-0.00470588018
0.04374481056	0.00331186490	-0.00470822983
0.04374630867	0.00329201725	-0.00471008797
0.04374783443	0.00327167883	-0.00471141470
0.04374938426	0.00325088866	-0.00471223329
0.04375095892	0.00322962750	-0.00471253704
0.04375255925	0.00320787453	-0.00471231755
0.04375418561	0.00318561478	-0.00471156727
0.04375583833	0.00316283294	-0.00471027843
0.04375752054	0.00313947380	-0.00470841955
0.04375924295	0.00311537421	-0.00470589412
0.04376097778	0.00309090991	-0.00470290231
0.04376274111	0.00306584250	-0.00469931830
0.04376455363	0.00303985943	-0.00469495599
0.04376637108	0.00301357969	-0.00469015185
0.04376823639	0.00298636619	-0.00468454821
0.04377011677	0.00295867846	-0.00467839240
0.04377204088	0.00293007465	-0.00467142579
0.04377397734	0.00290100125	-0.00466389464
0.04377596178	0.00287090056	-0.00465546669
0.04377796166	0.00284024166	-0.00464639902
0.04377998932	0.00280881386	-0.00463656472
0.04378204992	0.00277650954	-0.00462588411
0.04378414014	0.00274335048	-0.00461435056
0.04378625058	0.00270945750	-0.00460202380
0.04378838717	0.00267470537	-0.00458881504
0.04379054852	0.00263908330	-0.00457469930
0.04379273312	0.00260258067	-0.00455965092
0.04379493939	0.00256518698	-0.00454364370
0.04379716560	0.00252689240	-0.00452665008
0.04379940995	0.00248768727	-0.00450864195
0.04380167742	0.00244743855	-0.00448950390
0.04380395481	0.00240633396	-0.00446933154
0.04380624255	0.00236432104	-0.00444806963
0.04380854607	0.00232124783	-0.00442558546
0.04381085767	0.00227720230	-0.00440190065
0.04381317094	0.00223225273	-0.00437703509
0.04381549391	0.00218618246	-0.00435079835
0.04381781185	0.00213922061	-0.00432331262
0.04382012732	0.00209125363	-0.00429446391
0.04382244244	0.00204216513	-0.00426411678
0.04382474208	0.00199220522	-0.00423240982
0.04382702995	0.00194122270	-0.00419919172
0.04382930200	0.00188922903	-0.00416441926
0.04383155407	0.00183623736	-0.00412804869
0.04383378196	0.00178226245	-0.00409003606
0.04383598138	0.00172732049	-0.00405033756
0.04383814804	0.00167142934	-0.00400890941
0.04384027759	0.00161460867	-0.00396570787
0.04384236565	0.00155687977	-0.00392068967
0.04384440786	0.00149826559	-0.00387381205
0.04384640183	0.00143873077	-0.00382497842
0.04384834209	0.00137833089	-0.00377416147
0.04385022077	0.00131720868	-0.00372142481
0.04385204106	0.00125514748	-0.00366650438
0.04385378985	0.00119248304	-0.00360962918
0.04385547173	0.00112893716	-0.00355047664
0.04385707478	0.00106484367	-0.00348927855
0.04385860077	0.00100001937	-0.00342580083
0.04386004390	0.00093458485	-0.00336007447
0.04386139964	0.00086863188	-0.00329212085
0.04386266595	0.00080214459	-0.00322185825
0.04386383955	0.00073517363	-0.00314926402
0.04386491755	0.00066776392	-0.00307431124
0.04386589710	0.00059997624	-0.00299699240
0.04386677562	0.00053187997	-0.00291731567
0.04386755134	0.00046350728	-0.00283525261
0.04386822266	0.00039489322	-0.00275077650
0.04386878785	0.00032611713	-0.00266391218
0.04386924584	0.00025723389	-0.00257466511
0.04386959592	0.00018829215	-0.00248303875
0.04386983766	0.00011934553	-0.00238904566
0.04386997099	0.00005044711	-0.00229270090
0.04386999614	-0.00001841226	-0.00219393963
0.04386991365	-0.00008704415	-0.00209294689
0.04386972453	-0.00015546701	-0.00198968083
0.04386942971	-0.00022368872	-0.00188408915
0.04386903124	-0.00029154441	-0.00177634714
0.04386853084	-0.00035902902	-0.00166645336
0.04386793007	-0.00042615837	-0.00155435909
0.04386723268	-0.00049274406	-0.00144030000
0.04386643992	-0.00055888204	-0.00132414680
0.04386555604	-0.00062441417	-0.00120610444
0.04386458340	-0.00068936462	-0.00108615252
0.04386352573	-0.00075366497	-0.00096438726
0.04386238688	-0.00081726212	-0.00084090465
0.04386116984	-0.00088015907	-0.00071571607
0.04385987992	-0.00094224889	-0.00058900668
0.04385851920	-0.00100359040	-0.00046071777
0.04385709439	-0.00106403546	-0.00033111087
0.04385560670	-0.00112368197	-0.00020007896
0.04385406361	-0.00118237268	-0.00006790666
0.04385246685	-0.00124018205	0.00006545686
0.04385082224	-0.00129703068	0.00019983951
0.04384913411	-0.00135289965	0.00033513601
0.04384740507	-0.00140782423	0.00047134481
0.04384564218	-0.00146169815	0.00060822069
0.04384384784	-0.00151456473	0.00074574164
0.04384202557	-0.00156642702	0.00088384801
0.04384018168	-0.00161721076	0.00102232945
0.04383831865	-0.00166694859	0.00116113790
0.04383644038	-0.00171563255	0.00130016909
0.04383455023	-0.00176326584	0.00143934313
0.04383265290	-0.00180981759	0.00157850969
0.04383075135	-0.00185529940	0.00171758140
0.04382884873	-0.00189971543	0.00185646240
0.04382694819	-0.00194306779	0.00199505156
0.04382505276	-0.00198535911	0.00213324964
0.04382316528	-0.00202659440	0.00227095883
0.04382128842	-0.00206678043	0.00240808313
0.04381942406	-0.00210593805	0.00254456086
0.04381757591	-0.00214404786	0.00268025039
0.04381574552	-0.00218113386	0.00281507811
0.04381393444	-0.00221721640	0.00294897360
0.04381214421	-0.00225231436	0.00308188325
0.04381037851	-0.00228640207	0.00321364046
0.04380863600	-0.00231954998	0.00334428624
0.04380692124	-0.00235171240	0.00347362338
0.04380523218	-0.00238296744	0.00360171234
0.04380357307	-0.00241327294	0.00372837459
0.04380194311	-0.00244267890	0.00385359903
0.04380034288	-0.00247120687	0.00397734906
0.04379877420	-0.00249885538	0.00409953646
0.04379723750	-0.00252564599	0.00422011064
0.04379573294	-0.00255160273	0.00433903421
0.04379426101	-0.00257674271	0.00445626198
0.04379282205	-0.00260108374	0.00457175228
0.04379141631	-0.00262464425	0.00468546697
0.04379004357	-0.00264744855	0.00479739099
0.04378870455	-0.00266950434	0.00490747532
0.04378739934	-0.00269082864	0.00501568034
0.04378612699	-0.00271145414	0.00512201043
0.04378488748	-0.00273139685	0.00522645386
0.04378368175	-0.00275065666	0.00532894312
0.04378250759	-0.00276928313	0.00542954099
0.04378136676	-0.00278726112	0.00552816332
0.04378025757	-0.00280462957	0.00562483960
0.04377917932	-0.00282141068	0.00571959107
0.04377813315	-0.00283759727	0.00581235798
0.04377711733	-0.00285322587	0.00590317477
0.04377613152	-0.00286831126	0.00599204415
0.04377517526	-0.00288286857	0.00607897115
0.04377424807	-0.00289691321	0.00616396295
0.04377334942	-0.00291046054	0.00624702888
0.04377247875	-0.00292352601	0.00632818027
0.04377163544	-0.00293612515	0.00640743032
0.04377081884	-0.00294827373	0.00648479393
0.04377002828	-0.00295998722	0.00656028773
0.04376926260	-0.00297128791	0.00663396160
0.04376852247	-0.00298217044	0.00670578903
0.04376780669	-0.00299265732	0.00677579716
0.04376711334	-0.00300278041	0.00684407269
0.04376644437	-0.00301251507	0.00691053935
0.04376579651	-0.00302191260	0.00697531925
0.04376517147	-0.00303095140	0.00703834922
0.04376456610	-0.00303967992	0.00709975825
0.04376398264	-0.00304806886	0.00715946799
0.04376341840	-0.00305615930	0.00721756994
0.04376287300	-0.00306395938	0.00727410426
0.04376234715	-0.00307146086	0.00732904642
0.04376183917	-0.00307869008	0.00738245820
0.04376134857	-0.00308565568	0.00743436923
0.04376087477	-0.00309236790	0.00748481812
0.04376041765	-0.00309883002	0.00753382274
0.04375997671	-0.00310505051	0.00758140715
0.04375955114	-0.00311104234	0.00762761072
0.04375914046	-0.00311681342	0.00767246362
0.04375874420	-0.00312237179	0.00771599592
0.04375836190	-0.00312772507	0.00775823762
0.04375799306	-0.00313288096	0.00779921856
0.04375763707	-0.00313784929	0.00783898153
0.04375729391	-0.00314263098	0.00787754125
0.04375696314	-0.00314723315	0.00791492257
0.04375664411	-0.00315166563	0.00795116036
0.04375633637	-0.00315593529	0.00798628315
0.04375603927	-0.00316005180	0.00802033569
0.04375575271	-0.00316401718	0.00805334450
0.04375547705	-0.00316782699	0.00808529652
0.04375521107	-0.00317149877	0.00811624406
0.04375495508	-0.00317502852	0.00814615756
0.04375483355	-0.00317670285	0.00815971794
0.04375481887	-0.00317690507	0.00817338032
0.04375491122	-0.00317563281	0.00818698454
0.04375510941	-0.00317290099	0.00820037110
0.04375541083	-0.00316874162	0.00821338304
0.04375581155	-0.00316320342	0.00822586783
0.04375630636	-0.00315635129	0.00823767907
0.04375688888	-0.00314826553	0.00824867830
0.04375755160	-0.00313904089	0.00825873657
0.04375828609	-0.00312878546	0.00826773594
0.04375908305	-0.00311761944	0.00827557091
0.04375993248	-0.00310567369	0.00828214962
0.04376082386	-0.00309308822	0.00828739494
0.04376174625	-0.00308001055	0.00829124538
0.04423073764	0.00375685347	-0.00444388299
0.04423423096	0.00371549610	-0.00451443618
0.04423606531	0.00369359249	-0.00454207420
0.04423763094	0.00367479372	-0.00456275492
0.04423909382	0.00365714070	-0.00457968343
0.04424048229	0.00364030590	-0.00459427462
0.04424182886	0.00362390387	-0.00460715779
0.04424316929	0.00360750210	-0.00461860113
0.04424447634	0.00359143613	-0.00462906207
0.04424578691	0.00357525399	-0.00463854530
0.04424710765	0.00355887128	-0.00464715400
0.04424841703	0.00354255422	-0.00465512499
0.04424973588	0.00352604237	-0.00466242518
0.04425107889	0.00350914760	-0.00466902599
0.04425242874	0.00349208394	-0.00467507763
0.04425378853	0.00347480940	-0.00468060446
0.04425516634	0.00345721737	-0.00468558972
0.04425656356	0.00343928512	-0.00469004759
0.04425798139	0.00342099162	-0.00469398844
0.04425942088	0.00340231741	-0.00469741905
0.04426088400	0.00338323035	-0.00470033618
0.04426236922	0.00336374359	-0.00470275673
0.04426387644	0.00334385149	-0.00470468704
0.04426541181	0.00332346463	-0.00470608788
0.04426697177	0.00330262168	-0.00470698212
0.04426855711	0.00328130333	-0.00470736314
0.04427016867	0.00325948864	-0.00470722263
0.04427180682	0.00323716252	-0.00470655310
0.04427347190	0.00321430953	-0.00470534680
0.04427516708	0.00319087444	-0.00470357267
0.04427690308	0.00316669448	-0.00470113557
0.04427865211	0.00314214378	-0.00469823228
0.04428043029	0.00311698463	-0.00469473894
0.04428225835	0.00309090533	-0.00469047222
0.04428409198	0.00306452241	-0.00468576294
0.04428597420	0.00303720082	-0.00468025908
0.04428787218	0.00300939819	-0.00467420371
0.04428981466	0.00298067395	-0.00466734216
0.04429177021	0.00295147277	-0.00465991647
0.04429377456	0.00292123858	-0.00465159948
0.04429579512	0.00289043857	-0.00464264381
0.04429784425	0.00285886249	-0.00463292441
0.04429992717	0.00282640274	-0.00462236254
0.04430204059	0.00279308070	-0.00461095128
0.04430417506	0.00275901651	-0.00459874912
0.04430633658	0.00272408500	-0.00458566836
0.04430852375	0.00268827508	-0.00457168404
0.04431073511	0.00265157581	-0.00455677052
0.04431296907	0.00261397636	-0.00454090162
0.04431522393	0.00257546658	-0.00452404977
0.04431749789	0.00253603647	-0.00450618690
0.04431979598	0.00249555295	-0.00448719886
0.04432210496	0.00245420284	-0.00446717929
0.04432442529	0.00241193347	-0.00444607335
0.04432676244	0.00236859282	-0.00442374987
0.04432910869	0.00232426824	-0.00440022950
0.04433145761	0.00227902744	-0.00437553131
0.04433381731	0.00223265380	-0.00434946713
0.04433617297	0.00218537549	-0.00432215667
0.04433852720	0.00213707880	-0.00429348707
0.04434088215	0.00208764705	-0.00426332417
0.04434322258	0.00203732944	-0.00423180376
0.04434555226	0.00198597460	-0.00419877617
0.04434786710	0.00193359346	-0.00416419804
0.04435016294	0.00188019867	-0.00412802549
0.04435243554	0.00182580448	-0.00409021439
0.04435468059	0.00177042653	-0.00405072078
0.04435689374	0.00171408218	-0.00400950069
0.04435907061	0.00165679056	-0.00396651019
0.04436120677	0.00159857245	-0.00392170578
0.04436329781	0.00153945028	-0.00387504450
0.04436534132	0.00147938819	-0.00382643026
0.04436733173	0.00141844119	-0.00377583520
0.04436926104	0.00135675146	-0.00372332119
0.04437113251	0.00129410190	-0.00366862708
0.04437293278	0.00123082768	-0.00361197767
0.04437466651	0.00116665014	-0.00355305417
0.04437632151	0.00110190262	-0.00349208415
0.04437789959	0.00103640146	-0.00342883611
0.04437939480	0.00097026676	-0.00336333968
0.04438080244	0.00090358992	-0.00329561516
0.04438212040	0.00083635464	-0.00322558126
0.04438334526	0.00076861120	-0.00315321488
0.04438447402	0.00070040413	-0.00307848874
0.04438550367	0.00063179392	-0.00300139476
0.04438643149	0.00056284967	-0.00292194036
0.04438725556	0.00049360332	-0.00284009695
0.04438797414	0.00042408965	-0.00275583763
0.04438858535	0.00035438786	-0.00266918636
0.04438908796	0.00028455275	-0.00258014816
0.04438948110	0.00021463287	-0.00248872606
0.04438976422	0.00014468183	-0.00239493216
0.04438993706	0.00007475273	-0.00229878110
0.04438999974	0.00000483620	-0.00220020862
0.04438995259	-0.00006487874	-0.00209939716
0.04438979651	-0.00013441054	-0.00199630552
0.04438953231	-0.00020376716	-0.00189088204
0.04438916185	-0.00027278301	-0.00178329972
0.04438868673	-0.00034145282	-0.00167355744
0.04438810843	-0.00040979241	-0.00156160727
0.04438743050	-0.00047761223	-0.00144768212
0.04438665414	-0.00054500846	-0.00133165481
0.04438578347	-0.00061182184	-0.00121372805
0.04438482075	-0.00067807627	-0.00109388231
0.04438376963	-0.00074370259	-0.00097221312
0.04438263388	-0.00080864685	-0.00084881598
0.04438141644	-0.00087291163	-0.00072370285
0.04438012254	-0.00093638868	-0.00059705738
0.04437875422	-0.00099913666	-0.00046882248
0.04437731816	-0.00106100569	-0.00033925736
0.04437581555	-0.00112209370	-0.00020825736
0.04437425385	-0.00118224150	-0.00007610460
0.04437263481	-0.00124152327	0.00005724991
0.04437096425	-0.00129985819	0.00019163509
0.04436924652	-0.00135722620	0.00032694564
0.04436748426	-0.00141366203	0.00046317880
0.04436568460	-0.00146905751	0.00060009103
0.04436384997	-0.00152345520	0.00073765912
0.04436198396	-0.00157685728	0.00087582285
0.04436009296	-0.00162918771	0.00101437298
0.04435817955	-0.00168047821	0.00115326048
0.04435624769	-0.00173071966	0.00129238086
0.04435430087	-0.00177991421	0.00143165375
0.04435234389	-0.00182802950	0.00157092913
0.04435037982	-0.00187507603	0.00171011911
0.04434841193	-0.00192105678	0.00184912744
0.04434644350	-0.00196597268	0.00198785265
0.04434447770	-0.00200982519	0.00212619521
0.04434251751	-0.00205261816	0.00226405692
0.04434056571	-0.00209435721	0.00240134143
0.04433862435	-0.00213506230	0.00253798635
0.04433669727	-0.00217471260	0.00267385029
0.04433478618	-0.00221333111	0.00280885900
0.04433289277	-0.00225093726	0.00294294147
0.04433101870	-0.00228754915	0.00307604345
0.04432916786	-0.00232313948	0.00320799889
0.04432733897	-0.00235777864	0.00333884706
0.04432553682	-0.00239141911	0.00346839178
0.04432375943	-0.00242413910	0.00359669160
0.04432201124	-0.00245589481	0.00372356897
0.04432029157	-0.00248673581	0.00384901168
0.04431860113	-0.00251668309	0.00397298256
0.04431694188	-0.00254573425	0.00409539344
0.04431531436	-0.00257391016	0.00421619330
0.04431371887	-0.00260123435	0.00433534426
0.04431215601	-0.00262772334	0.00445280081
0.04431062624	-0.00265339439	0.00456852095
0.04430912992	-0.00267826544	0.00468246621
0.04430766692	-0.00270236052	0.00479462103
0.04430623807	-0.00272568678	0.00490493636
0.04430484356	-0.00274826074	0.00501337236
0.04430348251	-0.00277011499	0.00511993281
0.04430215500	-0.00279126537	0.00522460569
0.04430086208	-0.00281171106	0.00532732377
0.04429960153	-0.00283150209	0.00542814876
0.04429837527	-0.00285062252	0.00552699712
0.04429718162	-0.00286911146	0.00562389766
0.04429601993	-0.00288699123	0.00571887121
0.04429489144	-0.00290425413	0.00581185847
0.04429379446	-0.00292093690	0.00590289329
0.04429272866	-0.00293705434	0.00599197824
0.04429169364	-0.00295262160	0.00607911821
0.04429068896	-0.00296765414	0.00616432027
0.04428971413	-0.00298216741	0.00624759365
0.04428876860	-0.00299617694	0.00632894957
0.04428785178	-0.00300969840	0.00640840111
0.04428696305	-0.00302274769	0.00648596310
0.04428610175	-0.00303534047	0.00656165207
0.04428526670	-0.00304749949	0.00663551756
0.04428445865	-0.00305921919	0.00670753351
0.04428367637	-0.00307052235	0.00677772686
0.04428291790	-0.00308144164	0.00684618367
0.04428218529	-0.00309195180	0.00691282869
0.04428147517	-0.00310210525	0.00697778295
0.04428078933	-0.00311187990	0.00704098421
0.04428012452	-0.00312132538	0.00710256038
0.04427948308	-0.00313041178	0.00716243425
0.04427886225	-0.00313918103	0.00722069656
0.04427826162	-0.00314764170	0.00727738745
0.04427768194	-0.00315578543	0.00733248295
0.04427712149	-0.00316363912	0.00738604447
0.04427657977	-0.00317121178	0.00743810168
0.04427605615	-0.00317851406	0.00748869315
0.04427555053	-0.00318554948	0.00753783692
0.04427506239	-0.00319232679	0.00758555715
0.04427459089	-0.00319885939	0.00763189311
0.04427413554	-0.00320515553	0.00767687505
0.04427369584	-0.00321122359	0.00772053305
0.04427327129	-0.00321707154	0.00776289720
0.04427286140	-0.00322270741	0.00780399735
0.04427246551	-0.00322814151	0.00784387626
0.04427208360	-0.00323337497	0.00788254884
0.04427171520	-0.00323841518	0.00792004003
0.04427135964	-0.00324327238	0.00795638469
0.04427101644	-0.00324795374	0.00799161138
0.04427068491	-0.00325246943	0.00802576478
0.04427036494	-0.00325682179	0.00805887152
0.04427005690	-0.00326100631	0.00809091896
0.04426975951	-0.00326504106	0.00812195917
0.04426947312	-0.00326892182	0.00815196314
0.04426933853	-0.00327074400	0.00816550451
0.04426931256	-0.00327109540	0.00817916405
0.04426939557	-0.00326997189	0.00819278161
0.04426958645	-0.00326738664	0.00820619754
0.04426988273	-0.00326336995	0.00821925455
0.04427028054	-0.00325796887	0.00823179957
0.04427077473	-0.00325124670	0.00824368550
0.04427135892	-0.00324328220	0.00825477299
0.04427202562	-0.00323416870	0.00826493207
0.04427276635	-0.00322401301	0.00827404362
0.04427357174	-0.00321293413	0.00828200081
0.04427443170	-0.00320106191	0.00828871036
0.04427533559	-0.00318853550	0.00829409361
0.04427627230	-0.00317550173	0.00829808743
0.04474826764	0.00380797104	-0.00443713067
0.04475174295	0.00376690888	-0.00450786198
0.04475357306	0.00374510326	-0.00453558798
0.04475513690	0.00372636840	-0.00455634137
0.04475659931	0.00370876239	-0.00457333743
0.04475798827	0.00369196232	-0.00458799171
0.04475933609	0.00367558603	-0.00460093547
0.04476067837	0.00365920378	-0.00461243967
0.04476198786	0.00364315016	-0.00462295873
0.04476330136	0.00362697553	-0.00463250052
0.04476462550	0.00361059603	-0.00464116869
0.04476593877	0.00359427683	-0.00464919778
0.04476726195	0.00357775870	-0.00465655657
0.04476860972	0.00356085431	-0.00466321785
0.04476996478	0.00354377673	-0.00466933003
0.04477133022	0.00352648412	-0.00467491767
0.04477271412	0.00350887025	-0.00467996477
0.04477411787	0.00349091240	-0.00468448559
0.04477554268	0.00347258952	-0.00468849059
0.04477698961	0.00345388212	-0.00469198661
0.04477846064	0.00343475803	-0.00469497061
0.04477995425	0.00341523023	-0.00469745930
0.04478147034	0.00339529295	-0.00469945897
0.04478301509	0.00337485697	-0.00470093105
0.04478458494	0.00335396063	-0.00470189803
0.04478618069	0.00333258453	-0.00470235334
0.04478780320	0.00331070762	-0.00470228880
0.04478945285	0.00328831469	-0.00470169693
0.04479113001	0.00326539014	-0.00470057005
0.04479283784	0.00324187879	-0.00469887746
0.04479458709	0.00321761823	-0.00469652539
0.04479634999	0.00319298093	-0.00469370730
0.04479814268	0.00316772991	-0.00469030125
0.04479998589	0.00314155437	-0.00468612662
0.04480183534	0.00311506827	-0.00468150869
0.04480373408	0.00308763870	-0.00467610097
0.04480564926	0.00305972132	-0.00467014237
0.04480760968	0.00303087690	-0.00466338208
0.04480958389	0.00300154826	-0.00465605805
0.04481160769	0.00297118098	-0.00464784806
0.04481364844	0.00294024034	-0.00463900042
0.04481571858	0.00290851655	-0.00462939185
0.04481782332	0.00287590204	-0.00461894454
0.04481995941	0.00284241779	-0.00460765131
0.04482211739	0.00280818323	-0.00459556942
0.04482430328	0.00277307330	-0.00458261224
0.04482651572	0.00273707658	-0.00456875484
0.04482875325	0.00270018182	-0.00455397159
0.04483101431	0.00266237788	-0.00453823633
0.04483329720	0.00262365427	-0.00452152150
0.04483560015	0.00258400067	-0.00450379903
0.04483792822	0.00254328396	-0.00448495605
0.04484026814	0.00250169007	-0.00446508424
0.04484262038	0.00245916608	-0.00444412918
0.04484499047	0.00241556000	-0.00442196119
0.04484737067	0.00237095849	-0.00439859998
0.04484975453	0.00232542871	-0.00437406381
0.04485215022	0.00227875412	-0.00434816676
0.04485454288	0.00223116190	-0.00432102605
0.04485693510	0.00218253820	-0.00429252998
0.04485932912	0.00213276610	-0.00426254564
0.04486170957	0.00208209381	-0.00423120607
0.04486408027	0.00203036983	-0.00419836320
0.04486643712	0.00197760459	-0.00416397356
0.04486877594	0.00192381024	-0.00412799311
0.04487109244	0.00186900048	-0.00409037761
0.04487338231	0.00181319047	-0.00405108289
0.04487564116	0.00175639702	-0.00401006483
0.04487786455	0.00169863876	-0.00396727931
0.04488004802	0.00163993594	-0.00392268262
0.04488218710	0.00158031048	-0.00387623157
0.04488427935	0.00151972604	-0.00382783062
0.04488631913	0.00145823704	-0.00377745134
0.04488829831	0.00139598512	-0.00372515389
0.04489022020	0.00133275278	-0.00367068000
0.04489207121	0.00126887454	-0.00361425035
0.04489385606	0.00120407135	-0.00355554986
0.04489556233	0.00113867601	-0.00349480196
0.04489719183	0.00107250443	-0.00343177768
0.04489873846	0.00100567623	-0.00336650533
0.04490019740	0.00093828241	-0.00329900416
0.04490156642	0.00087030627	-0.00322919329
0.04490284201	0.00080179769	-0.00315704919
0.04490402101	0.00073280085	-0.00308254423
0.04490510029	0.00066337589	-0.00300566977
0.04490607697	0.00059359169	-0.00292643251
0.04490694900	0.00052347991	-0.00284480370
0.04490771452	0.00045307507	-0.00276075625
0.04490837146	0.00038245625	-0.00267431332
0.04490891845	0.00031167811	-0.00258547942
0.04490935449	0.00024078914	-0.00249425722
0.04490967884	0.00016984292	-0.00240065836
0.04490989112	0.00009889256	-0.00230469703
0.04490999132	0.00002792852	-0.00220630959
0.04490997955	-0.00004285971	-0.00210567592
0.04490985660	-0.00011349051	-0.00200275543
0.04490962318	-0.00018397191	-0.00189749709
0.04490928093	-0.00025413770	-0.00179007169
0.04490883137	-0.00032398233	-0.00168047838
0.04490827586	-0.00039352162	-0.00156867004
0.04490761777	-0.00046256497	-0.00145487685
0.04490685824	-0.00053120868	-0.00133897371
0.04490600125	-0.00059929249	-0.00122116112
0.04490504899	-0.00066683997	-0.00110142039
0.04490400500	-0.00073378125	-0.00097984641
0.04490287298	-0.00080006157	-0.00085653416
0.04490165579	-0.00086568303	-0.00073149617
0.04490035860	-0.00093053617	-0.00060491462
0.04489898343	-0.00099467940	-0.00047673401
0.04489753688	-0.00105796119	-0.00034721125
0.04489602016	-0.00112047943	-0.00021624402
0.04489444067	-0.00118207310	-0.00008411194
0.04489280018	-0.00124281603	0.00004923213
0.04489110452	-0.00130262602	0.00018361814
0.04488935806	-0.00136148189	0.00031894075
0.04488756346	-0.00141941782	0.00045519603
0.04488572789	-0.00147632374	0.00059214210
0.04488385385	-0.00153224149	0.00072975457
0.04488194497	-0.00158717237	0.00086797262
0.04488000771	-0.00164103856	0.00100658817
0.04487804476	-0.00169387092	0.00114555123
0.04487606015	-0.00174565911	0.00128475707
0.04487405745	-0.00179640426	0.00142412486
0.04487204159	-0.00184607255	0.00156350491
0.04487001575	-0.00189467333	0.00170280880
0.04486798331	-0.00194220847	0.00184193990
0.04486594768	-0.00198867770	0.00198079645
0.04486391215	-0.00203408132	0.00211927857
0.04486187983	-0.00207842200	0.00225728774
0.04485985367	-0.00212170425	0.00239472725
0.04485783580	-0.00216394712	0.00253153400
0.04485583027	-0.00220512837	0.00266756685
0.04485383888	-0.00224527000	0.00280275094
0.04485186351	-0.00228439050	0.00293701468
0.04484990591	-0.00232250721	0.00307030316
0.04484797018	-0.00235959122	0.00320245093
0.04484605512	-0.00239571283	0.00333349549
0.04484416574	-0.00243082273	0.00346324172
0.04484230011	-0.00246499918	0.00359174630
0.04484046290	-0.00249819679	0.00371883260
0.04483865351	-0.00253046467	0.00384448736
0.04483687279	-0.00256182326	0.00396867285
0.04483512284	-0.00259226922	0.00409130093
0.04483340435	-0.00262182278	0.00421232019
0.04483171771	-0.00265050690	0.00433169226
0.04483006366	-0.00267833754	0.00444937129
0.04482844278	-0.00270533142	0.00456531498
0.04482685551	-0.00273150599	0.00467948454
0.04482530184	-0.00275688497	0.00479186392
0.04482378272	-0.00278147496	0.00490240402
0.04482229843	-0.00280529203	0.00501106482
0.04482084817	-0.00282836864	0.00511784947
0.04481943209	-0.00285072042	0.00522274571
0.04481805137	-0.00287234592	0.00532568657
0.04481670382	-0.00289329554	0.00542673269
0.04481539145	-0.00291355261	0.00552580115
0.04481411266	-0.00293315638	0.00562292009
0.04481286682	-0.00295212931	0.00571810992
0.04481165528	-0.00297046314	0.00581131182
0.04481047636	-0.00298819486	0.00590255902
0.04480932979	-0.00300533927	0.00599185397
0.04480821521	-0.00302191153	0.00607920144
0.04480713223	-0.00303792716	0.00616460837
0.04480608037	-0.00305340166	0.00624808389
0.04480505913	-0.00306835071	0.00632963910
0.04480406796	-0.00308279005	0.00640928701
0.04480310623	-0.00309673576	0.00648704234
0.04480217331	-0.00311020364	0.00656292155
0.04480126802	-0.00312321692	0.00663697380
0.04480039115	-0.00313576984	0.00670917351
0.04479954148	-0.00314788544	0.00677954744
0.04479871701	-0.00315959720	0.00684818096
0.04479791987	-0.00317087926	0.00691499988
0.04479714660	-0.00318178512	0.00698012412
0.04479639908	-0.00319229221	0.00704349240
0.04479567396	-0.00320245135	0.00710523152
0.04479497366	-0.00321223201	0.00716526543
0.04479429537	-0.00322167696	0.00722368413
0.04479363864	-0.00323079521	0.00728052769
0.04479300428	-0.00323957825	0.00733577274
0.04479239051	-0.00324805360	0.00738948030
0.04479179682	-0.00325623057	0.00744168007
0.04479122257	-0.00326412026	0.00749241059
0.04479066763	-0.00327172640	0.00754169009
0.04479013148	-0.00327905804	0.00758954279
0.04478961326	-0.00328612899	0.00763600790
0.04478911245	-0.00329294785	0.00768111569
0.04478862853	-0.00329952334	0.00772489633
0.04478816099	-0.00330586376	0.00776737992
0.04478770931	-0.00331197750	0.00780859637
0.04478727278	-0.00331787531	0.00784858836
0.04478685140	-0.00332355854	0.00788737105
0.04478644468	-0.00332903487	0.00792496943
0.04478605189	-0.00333431492	0.00796141835
0.04478567256	-0.00333940619	0.00799674642
0.04478530594	-0.00334431932	0.00803099821
0.04478495191	-0.00334905697	0.00806420049
0.04478461085	-0.00335361456	0.00809634103
0.04478428144	-0.00335801072	0.00812747169
0.04478396404	-0.00336224099	0.00815756394
0.04478381625	-0.00336420893	0.00817108497
0.04478377879	-0.00336470757	0.00818474010
0.04478385215	-0.00336373105	0.00819836925
0.04478403537	-0.00336129082	0.00821181263
0.04478432607	-0.00335741547	0.00822491263
0.04478472047	-0.00335215040	0.00823751565
0.04478521348	-0.00334555732	0.00824947395
0.04478579874	-0.00333771346	0.00826064732
0.04478646877	-0.00332871076	0.00827090476
0.04478721504	-0.00331865471	0.00828012602
0.04478802814	-0.00330766316	0.00828820298
0.04478889789	-0.00329586492	0.00829504096
0.04478981353	-0.00328339828	0.00830055977
0.04479076381	-0.00327040937	0.00830469472
0.04526582535	0.00385875044	-0.00443060845
0.04526928293	0.00381797368	-0.00450151068
0.04527110883	0.00379626202	-0.00452932108
0.04527267088	0.00377758799	-0.00455014416
0.04527413281	0.00376002641	-0.00456720502
0.04527552223	0.00374325880	-0.00458191981
0.04527687125	0.00372690620	-0.00459492168
0.04527821530	0.00371054161	-0.00460648429
0.04527952716	0.00369449861	-0.00461705908
0.04528084351	0.00367832987	-0.00462665706
0.04528217096	0.00366195208	-0.00463538231
0.04528348802	0.00364562932	-0.00464346714
0.04528481542	0.00362910355	-0.00465088217
0.04528616782	0.00361218828	-0.00465760151
0.04528752795	0.00359509559	-0.00466377180
0.04528889890	0.00357778377	-0.00466941783
0.04529028873	0.00356014699	-0.00467452430
0.04529169885	0.00354216252	-0.00467910558
0.04529313047	0.00352380930	-0.00468317219
0.04529458466	0.00350506780	-0.00468673107
0.04529606341	0.00348590584	-0.00468977931
0.04529756520	0.00346633622	-0.00469233348
0.04529908996	0.00344635302	-0.00469439981
0.04530064386	0.00342586724	-0.00469594038
0.04530222336	0.00340491689	-0.00469697729
0.04530382927	0.00338348246	-0.00469750406
0.04530546247	0.00336154282	-0.00469751257
0.04530712336	0.00333908262	-0.00469699540
0.04530881231	0.00331608613	-0.00469594492
0.04531053250	0.00329249816	-0.00469433080
0.04531229471	0.00326815674	-0.00469206060
0.04531407116	0.00324343263	-0.00468932450
0.04531587801	0.00321808957	-0.00468600250
0.04531773604	0.00319181772	-0.00468191656
0.04531960094	0.00316522841	-0.00467738661
0.04532151581	0.00313769091	-0.00467207152
0.04532344781	0.00310965889	-0.00466620616
0.04532542577	0.00308069451	-0.00465954349
0.04532741822	0.00305123865	-0.00465231744
0.04532946104	0.00302073866	-0.00464421065
0.04533152155	0.00298965781	-0.00463546717
0.04533361222	0.00295778679	-0.00462596549
0.04533573832	0.00292501812	-0.00461562872
0.04533789658	0.00289137236	-0.00460444941
0.04534007755	0.00285696820	-0.00459248361
0.04534228730	0.00282168070	-0.00457964575
0.04534452448	0.00278549813	-0.00456591091
0.04534678763	0.00274840895	-0.00455125349
0.04534907521	0.00271040168	-0.00453564735
0.04535138556	0.00267146551	-0.00451906493
0.04535371688	0.00263158979	-0.00450147817
0.04535607431	0.00259064140	-0.00448277545
0.04535844454	0.00254880533	-0.00446304654
0.04536082805	0.00250602845	-0.00444223743
0.04536323042	0.00246215880	-0.00442021989
0.04536564390	0.00241728235	-0.00439701272
0.04536806201	0.00237146569	-0.00437263338
0.04537049300	0.00232449242	-0.00434689817
0.04537292192	0.00227658869	-0.00431992187
0.04537535143	0.00222764052	-0.00429159391
0.04537778377	0.00217753078	-0.00426178262
0.04538020350	0.00212650665	-0.00423061833
0.04538261447	0.00207441655	-0.00419795457
0.04538501257	0.00202127041	-0.00416374773
0.04538739359	0.00196707985	-0.00412795365
0.04538975323	0.00191185807	-0.00409052793
0.04539208715	0.00185561971	-0.00405142627
0.04539439090	0.00179838106	-0.00401060438
0.04539666004	0.00174016024	-0.00396801792
0.04539889003	0.00168097698	-0.00392362302
0.04540107638	0.00162085271	-0.00387737627
0.04540321660	0.00155975061	-0.00382918263
0.04540530499	0.00149772451	-0.00377901315
0.04540733330	0.00143491547	-0.00372692633
0.04540930488	0.00137110567	-0.00367266671
0.04541120590	0.00130662891	-0.00361645090
0.04541304117	0.00124120585	-0.00355796752
0.04541479801	0.00117516862	-0.00349743590
0.04541647827	0.00110833282	-0.00343462960
0.04541807568	0.00104081752	-0.00336957560
0.04541958530	0.00097271334	-0.00330229211
0.04542100481	0.00090400319	-0.00323269871
0.04542233058	0.00083473654	-0.00316077141
0.04542355931	0.00076495721	-0.00308648226
0.04542468775	0.00069472503	-0.00300982206
0.04542571286	0.00062410860	-0.00293079682
0.04542663246	0.00055313932	-0.00284937762
0.04542744456	0.00048185147	-0.00276553721
0.04542814694	0.00041032398	-0.00267929793
0.04542873807	0.00033861138	-0.00259066384
0.04542921679	0.00026676209	-0.00249963722
0.04542958223	0.00019482964	-0.00240622925
0.04542983385	0.00012286716	-0.00231045373
0.04542997152	0.00005086494	-0.00221224759
0.04542999515	-0.00002098708	-0.00211178820
0.04542990541	-0.00009270723	-0.00200903558
0.04542970289	-0.00016430358	-0.00190393934
0.04542938904	-0.00023560933	-0.00179666806
0.04542896526	-0.00030661869	-0.00168722118
0.04542843282	-0.00037734741	-0.00157555237
0.04542779491	-0.00044760393	-0.00146188910
0.04542705262	-0.00051748465	-0.00134610836
0.04542620975	-0.00058682831	-0.00122840844
0.04542526843	-0.00065565817	-0.00110877152
0.04542423212	-0.00072390364	-0.00098729180
0.04542310440	-0.00079150919	-0.00086406377
0.04542188810	-0.00085847645	-0.00073910055
0.04542058828	-0.00092469473	-0.00061258282
0.04541920695	-0.00099022222	-0.00048445668
0.04541775065	-0.00105490576	-0.00035497675
0.04541622056	-0.00111884319	-0.00022404304
0.04541462407	-0.00118187168	-0.00009193267
0.04541296294	-0.00124406471	0.00004139965
0.04541124300	-0.00130533873	0.00017578490
0.04540946863	-0.00136567146	0.00031111773
0.04540764253	-0.00142509647	0.00044739301
0.04540577190	-0.00148350189	0.00058437055
0.04540385929	-0.00154092880	0.00072202476
0.04540190838	-0.00159737762	0.00086029428
0.04539992572	-0.00165276880	0.00099897214
0.04539791404	-0.00170713229	0.00113800739
0.04539587748	-0.00176045659	0.00127729513
0.04539381970	-0.00181274178	0.00141675404
0.04539174573	-0.00186395260	0.00155623475
0.04538965886	-0.00191409729	0.00169564835
0.04538756259	-0.00196317657	0.00183489785
0.04538546043	-0.00201118899	0.00197388116
0.04538335582	-0.00205813369	0.00211249811
0.04538125200	-0.00210401219	0.00225064984
0.04537915203	-0.00214882786	0.00238823930
0.04537705819	-0.00219259887	0.00252520270
0.04537497468	-0.00223530155	0.00266139915
0.04537290345	-0.00227695693	0.00279675317
0.04537084649	-0.00231758256	0.00293119262
0.04536880571	-0.00235719500	0.00306466195
0.04536678538	-0.00239576377	0.00319699630
0.04536478440	-0.00243335903	0.00332823143
0.04536280797	-0.00246992972	0.00345817329
0.04536085425	-0.00250555416	0.00358687666
0.04535892810	-0.00254018534	0.00371416589
0.04535702904	-0.00257387193	0.00384002665
0.04535515803	-0.00260663381	0.00396442066
0.04535331734	-0.00263846672	0.00408725984
0.04535150776	-0.00266939022	0.00420849236
0.04534972983	-0.00269942674	0.00432807939
0.04534798438	-0.00272859165	0.00444597477
0.04534627213	-0.00275690113	0.00456213587
0.04534459363	-0.00278437214	0.00467652361
0.04534294897	-0.00281102811	0.00478912145
0.04534133919	-0.00283687508	0.00489988024
0.04533976472	-0.00286192865	0.00500875980
0.04533822479	-0.00288622116	0.00511576266
0.04533671966	-0.00290976805	0.00522087630
0.04533525063	-0.00293256720	0.00532403402
0.04533381551	-0.00295466942	0.00542529541
0.04533241647	-0.00297605728	0.00552457818
0.04533105192	-0.00299677018	0.00562190979
0.04532972129	-0.00301683069	0.00571731023
0.04532842604	-0.00303623005	0.00581072117
0.04532716450	-0.00305500544	0.00590217523
0.04532593646	-0.00307317167	0.00599167474
0.04532474161	-0.00309074392	0.00607922433
0.04532357958	-0.00310773775	0.00616483085
0.04532244995	-0.00312416876	0.00624850331
0.04532135224	-0.00314005269	0.00633025271
0.04532028593	-0.00315540544	0.00641009196
0.04531925041	-0.00317024320	0.00648803569
0.04531824509	-0.00318458195	0.00656410029
0.04531726875	-0.00319844534	0.00663833455
0.04531632227	-0.00321182749	0.00671071337
0.04531540441	-0.00322475165	0.00678126329
0.04531451312	-0.00323725209	0.00685006905
0.04531365064	-0.00324930237	0.00691705749
0.04531281341	-0.00326095707	0.00698234743
0.04531200340	-0.00327219316	0.00704587854
0.04531121715	-0.00328306260	0.00710777653
0.04531045720	-0.00329353426	0.00716796648
0.04530972065	-0.00330365176	0.00722653765
0.04530900703	-0.00331342453	0.00728353006
0.04530831721	-0.00332284392	0.00733892093
0.04530764934	-0.00333193804	0.00739277090
0.04530700291	-0.00334071653	0.00744510969
0.04530637726	-0.00334919092	0.00749597581
0.04530577225	-0.00335736517	0.00754538766
0.04530518736	-0.00336524859	0.00759336955
0.04530462169	-0.00337285543	0.00763996061
0.04530407470	-0.00338019463	0.00768519115
0.04530354585	-0.00338727524	0.00772909139
0.04530303461	-0.00339410590	0.00777169147
0.04530254045	-0.00340069534	0.00781302136
0.04530206262	-0.00340705477	0.00785312366
0.04530160111	-0.00341318574	0.00789201374
0.04530115540	-0.00341909623	0.00792971668
0.04530072476	-0.00342479724	0.00796626730
0.04530030867	-0.00343029657	0.00800169427
0.04529990636	-0.00343560536	0.00803604205
0.04529951766	-0.00344072657	0.00806933751
0.04529914301	-0.00344565559	0.00810156889
0.04529878100	-0.00345041154	0.00813278777
0.04529843204	-0.00345498978	0.00816296619
0.04529827094	-0.00345710141	0.00817646558
0.04529822179	-0.00345774535	0.00819011482
0.04529828524	-0.00345691405	0.00820375386
0.04529846046	-0.00345461726	0.00821722281
0.04529874517	-0.00345088188	0.00823036376
0.04529913570	-0.00344575168	0.00824302264
0.04529962700	-0.00343928677	0.00825505103
0.04530021276	-0.00343156291	0.00826630792
0.04530088549	-0.00342267061	0.00827666133
0.04530163664	-0.00341271407	0.00828598987
0.04530245677	-0.00340180996	0.00829418417
0.04530333560	-0.00339008610	0.00830114817
0.04530426226	-0.00337767988	0.00830680021
0.04530522538	-0.00336473672	0.00831107404
0.04578341015	0.00390920134	-0.00442430969
0.04578685026	0.00386870048	-0.00449537599
0.04578867200	0.00384707891	-0.00452326739
0.04579023229	0.00382846271	-0.00454415732
0.04579169371	0.00381094308	-0.00456128035
0.04579308357	0.00379420572	-0.00457605318
0.04579443374	0.00377787481	-0.00458911081
0.04579577952	0.00376152610	-0.00460072947
0.04579709368	0.00374549201	-0.00461135772
0.04579841281	0.00372932760	-0.00462100962
0.04579974347	0.00371295005	-0.00462978966
0.04580106422	0.00369662233	-0.00463792799
0.04580239574	0.00368008761	-0.00464539698
0.04580375265	0.00366316024	-0.00465217207
0.04580511773	0.00364605126	-0.00465839817
0.04580649405	0.00362871911	-0.00466410026
0.04580788969	0.00361105836	-0.00466926375
0.04580930602	0.00359304628	-0.00467390309
0.04581074430	0.00357466178	-0.00467802889
0.04581220558	0.00355588528	-0.00468164814
0.04581369186	0.00353668462	-0.00468475813
0.04581520165	0.00351707239	-0.00468737522
0.04581673486	0.00349704253	-0.00468950563
0.04581829770	0.00347650628	-0.00469111204
0.04581988663	0.00345550129	-0.00469221619
0.04582150248	0.00343400797	-0.00469281166
0.04582314613	0.00341200507	-0.00469289044
0.04582481800	0.00338947712	-0.00469244513
0.04582651847	0.00336640827	-0.00469146815
0.04582825075	0.00334274333	-0.00468992955
0.04583002561	0.00331832077	-0.00468773815
0.04583181531	0.00329350959	-0.00468508098
0.04583363601	0.00326807430	-0.00468183988
0.04583550853	0.00324170605	-0.00467783939
0.04583738854	0.00321501344	-0.00467339416
0.04583931920	0.00318736805	-0.00466816833
0.04584126765	0.00315922146	-0.00466239279
0.04584326276	0.00313013727	-0.00465582422
0.04584527307	0.00310055439	-0.00464869260
0.04584733448	0.00306992201	-0.00464068533
0.04584941433	0.00303870130	-0.00463204230
0.04585152510	0.00300668350	-0.00462264373
0.04585367209	0.00297376120	-0.00461241361
0.04585585205	0.00293995455	-0.00460134424
0.04585805555	0.00290538148	-0.00458949048
0.04586028865	0.00286991718	-0.00457676781
0.04586255004	0.00283354965	-0.00456315133
0.04586483828	0.00279626701	-0.00454861546
0.04586715185	0.00275805748	-0.00453313405
0.04586948908	0.00271890992	-0.00451667958
0.04587184822	0.00267881334	-0.00449922400
0.04587423442	0.00263763468	-0.00448065690
0.04587663435	0.00259555792	-0.00446106618
0.04587904851	0.00255252976	-0.00444039822
0.04588148252	0.00250839827	-0.00441852625
0.04588392862	0.00246324875	-0.00439546816
0.04588638033	0.00241714718	-0.00437124063
0.04588884594	0.00236987736	-0.00434566213
0.04589131045	0.00232166437	-0.00431884506
0.04589377654	0.00227239412	-0.00429067994
0.04589624648	0.00222194931	-0.00426103635
0.04589870477	0.00217057604	-0.00423004195
0.04590115528	0.00211812267	-0.00419755182
0.04590359390	0.00206459863	-0.00416352226
0.04590601638	0.00201001504	-0.00412790896
0.04590841841	0.00195438458	-0.00409066740
0.04591079561	0.00189772139	-0.00405175312
0.04591314352	0.00184004126	-0.00401112165
0.04591545764	0.00178136177	-0.00396872852
0.04591773341	0.00172170215	-0.00392452962
0.04591996627	0.00166108332	-0.00387848136
0.04592215372	0.00159946802	-0.00383048922
0.04592428997	0.00153690950	-0.00378052372
0.04592636667	0.00147354820	-0.00372864171
0.04592838720	0.00140916604	-0.00367459053
0.04593033753	0.00134409603	-0.00361858280
0.04593222253	0.00127805859	-0.00356031075
0.04593402928	0.00121138519	-0.00349998970
0.04593575963	0.00114389110	-0.00343739570
0.04593740720	0.00107569486	-0.00337255442
0.04593896689	0.00100688667	-0.00330548309
0.04594043632	0.00093744908	-0.00323610168
0.04594181171	0.00086743117	-0.00316438580
0.04594308967	0.00079687639	-0.00309030718
0.04594426678	0.00072584422	-0.00301385607
0.04594533988	0.00065440301	-0.00293503780
0.04594630666	0.00058258390	-0.00285382330
0.04594716499	0.00051042093	-0.00277018515
0.04594791249	0.00043799285	-0.00268414491
0.04594854749	0.00036535408	-0.00259570616
0.04594906868	0.00029255294	-0.00250487083
0.04594947505	0.00021964294	-0.00241164967
0.04594976589	0.00014667720	-0.00231605604
0.04594994098	0.00007364586	-0.00221802750
0.04594999999	0.00000073927	-0.00211773889
0.04594994350	-0.00007206085	-0.00201515088
0.04594977197	-0.00014476260	-0.00191021369
0.04594948666	-0.00021719860	-0.00180309371
0.04594908888	-0.00028936285	-0.00169379070
0.04594857977	-0.00036127101	-0.00158225909
0.04594796235	-0.00043273061	-0.00146872368
0.04594723764	-0.00050383809	-0.00135306353
0.04594640931	-0.00057443127	-0.00123547474
0.04594547940	-0.00064453307	-0.00111594035
0.04594445125	-0.00071407221	-0.00099455388
0.04594332838	-0.00078299240	-0.00087140935
0.04594211355	-0.00085129478	-0.00074652044
0.04594081173	-0.00091886748	-0.00062006636
0.04593942490	-0.00098576844	-0.00049199478
0.04593795954	-0.00105184294	-0.00036255806
0.04593641681	-0.00111718870	-0.00023165851
0.04593480406	-0.00118164117	-0.00009957078
0.04593312306	-0.00124527344	0.00003374861
0.04593137963	-0.00130800063	0.00016813163
0.04592957816	-0.00136979936	0.00030347296
0.04592772137	-0.00143070261	0.00043976625
0.04592581650	-0.00149059674	0.00057677301
0.04592386614	-0.00154952206	0.00071446648
0.04592187403	-0.00160747808	0.00085278472
0.04591984677	-0.00166438360	0.00099152192
0.04591778718	-0.00172026763	0.00113062617
0.04591569947	-0.00177511751	0.00126999238
0.04591358739	-0.00182893230	0.00140953878
0.04591145607	-0.00188167529	0.00154911631
0.04590930890	-0.00193335363	0.00168863559
0.04590714950	-0.00198396688	0.00182799925
0.04590498151	-0.00203351242	0.00196710492
0.04590280846	-0.00208198825	0.00210585212
0.04590063374	-0.00212939473	0.00224414168
0.04589846055	-0.00217573411	0.00238187620
0.04589629129	-0.00222102365	0.00251899122
0.04589413029	-0.00226523830	0.00265534611
0.04589197967	-0.00230839811	0.00279086480
0.04588984155	-0.00235051968	0.00292547457
0.04588771796	-0.00239161877	0.00305911927
0.04588561336	-0.00243166341	0.00319163461
0.04588352673	-0.00247072353	0.00332305466
0.04588146348	-0.00250874641	0.00345318641
0.04587942185	-0.00254581034	0.00358208277
0.04587740690	-0.00258186677	0.00370956908
0.04587541825	-0.00261696391	0.00383562996
0.04587345700	-0.00265112106	0.00396022656
0.04587152555	-0.00268433304	0.00408327087
0.04586962483	-0.00271661877	0.00420471069
0.04586775551	-0.00274800012	0.00432450670
0.04586591853	-0.00277849189	0.00444261243
0.04586411473	-0.00280810973	0.00455898496
0.04586234477	-0.00283687009	0.00467358490
0.04586060884	-0.00286479609	0.00478639526
0.04585890811	-0.00289189325	0.00489736681
0.04585724310	-0.00291817668	0.00500645922
0.04585561314	-0.00294367862	0.00511367443
0.04585401855	-0.00296841427	0.00521899963
0.04585246075	-0.00299238089	0.00532236845
0.04585093759	-0.00301562965	0.00542383938
0.04584945137	-0.00303814242	0.00552333080
0.04584800053	-0.00305995870	0.00562086946
0.04584658456	-0.00308110117	0.00571647498
0.04584520500	-0.00310156059	0.00581008948
0.04584386025	-0.00312137433	0.00590174500
0.04584255011	-0.00314055719	0.00599144373
0.04584127434	-0.00315912436	0.00607919021
0.04584003261	-0.00317709148	0.00616499115
0.04583882453	-0.00319447420	0.00624885544
0.04583764967	-0.00321128836	0.00633079402
0.04583650752	-0.00322754997	0.00641081970
0.04583539751	-0.00324327538	0.00648894701
0.04583431906	-0.00325848069	0.00656519225
0.04583327096	-0.00327319004	0.00663960387
0.04583225413	-0.00328739735	0.00671215722
0.04583126734	-0.00330112614	0.00678287868
0.04583030850	-0.00331441142	0.00685185229
0.04582937994	-0.00332722623	0.00691900596
0.04582847801	-0.00333962615	0.00698445740
0.04582760478	-0.00335158774	0.00704814723
0.04582675668	-0.00336316405	0.00711020006
0.04582593634	-0.00337432344	0.00717054214
0.04582514079	-0.00338511028	0.00722926194
0.04582436956	-0.00339553445	0.00728639947
0.04582362356	-0.00340558718	0.00734193251
0.04582290088	-0.00341529715	0.00739592131
0.04582220101	-0.00342467434	0.00744839564
0.04582152326	-0.00343373067	0.00749939398
0.04582086749	-0.00344247036	0.00754893488
0.04582023318	-0.00345090299	0.00759704273
0.04581961938	-0.00345904323	0.00764375661
0.04581902555	-0.00346690034	0.00768910686
0.04581845112	-0.00347448372	0.00773312373
0.04581789555	-0.00348180235	0.00777583742
0.04581735827	-0.00348886529	0.00781727793
0.04581683852	-0.00349568421	0.00785748780
0.04581633627	-0.00350226086	0.00789648262
0.04581585098	-0.00350860352	0.00793428754
0.04581538190	-0.00351472354	0.00797093735
0.04581492847	-0.00352062908	0.00800646077
0.04581448990	-0.00352633172	0.00804090217
0.04581406600	-0.00353183474	0.00807428852
0.04581365721	-0.00353713349	0.00810660850
0.04581326207	-0.00354224761	0.00813791345
0.04581288104	-0.00354717225	0.00816817592
0.04581270652	-0.00354942548	0.00818165247
0.04581264552	-0.00355021278	0.00819529437
0.04581269882	-0.00354952492	0.00820894167
0.04581286573	-0.00354736997	0.00822243438
0.04581314409	-0.00354377317	0.00823561431
0.04581353031	-0.00353877666	0.00824832692
0.04581401941	-0.00353243900	0.00826042319
0.04581460512	-0.00352483444	0.00827176129
0.04581527996	-0.00351605209	0.00828220829
0.04581603538	-0.00350619487	0.00829164172
0.04581686186	-0.00349537830	0.00829995096
0.04581774909	-0.00348372914	0.00830703861
0.04581868607	-0.00347138393	0.00831282157
0.04581966134	-0.00345848736	0.00831723204
0.04630100752	0.00395949528	-0.00441814226
0.04630443018	0.00391926595	-0.00448936886
0.04630624775	0.00389773253	-0.00451733945
0.04630780625	0.00387917262	-0.00453829474
0.04630926714	0.00386169356	-0.00455547858
0.04631065740	0.00384498521	-0.00457030820
0.04631200869	0.00382867483	-0.00458342037
0.04631335614	0.00381234088	-0.00459509388
0.04631467257	0.00379631465	-0.00460577445
0.04631599442	0.00378015354	-0.00461547912
0.04631732825	0.00376377525	-0.00462431280
0.04631865263	0.00374744159	-0.00463250348
0.04631998821	0.00373089698	-0.00464002531
0.04632134958	0.00371395657	-0.00464685498
0.04632271953	0.00369683039	-0.00465313571
0.04632410117	0.00367947700	-0.00465889269
0.04632550252	0.00366179138	-0.00466411201
0.04632692500	0.00364375079	-0.00466880821
0.04632836984	0.00362533413	-0.00467299197
0.04632983813	0.00360652177	-0.00467667035
0.04633133185	0.00358728155	-0.00467984082
0.04633284953	0.00356762584	-0.00468251954
0.04633439111	0.00354754848	-0.00468471270
0.04633596278	0.00352696090	-0.00468638361
0.04633756103	0.00350590044	-0.00468755362
0.04633918669	0.00348434737	-0.00468821640
0.04634084068	0.00346228039	-0.00468836400
0.04634252340	0.00343968387	-0.00468798909
0.04634423526	0.00341654183	-0.00468708411
0.04634597948	0.00339279911	-0.00468561948
0.04634776684	0.00336829461	-0.00468350529
0.04634956964	0.00334339556	-0.00468092545
0.04635140405	0.00331786724	-0.00467776362
0.04635329087	0.00329140181	-0.00467384684
0.04635518583	0.00326460513	-0.00466948461
0.04635713208	0.00323685108	-0.00466434623
0.04635909680	0.00320858915	-0.00465865871
0.04636110886	0.00317938442	-0.00465218233
0.04636313681	0.00314967378	-0.00464514323
0.04636521661	0.00311890829	-0.00463723347
0.04636731557	0.00308754703	-0.00462868887
0.04636944622	0.00305538176	-0.00461939132
0.04637161386	0.00302230516	-0.00460926570
0.04637381526	0.00298833696	-0.00459830405
0.04637604102	0.00295359436	-0.00458656009
0.04637829721	0.00291795267	-0.00457395029
0.04638058254	0.00288139959	-0.00456044978
0.04638289558	0.00284392293	-0.00454603300
0.04638523483	0.00280551062	-0.00453067382
0.04638759864	0.00276615118	-0.00451434473
0.04638998526	0.00272583329	-0.00449701768
0.04639239990	0.00268442394	-0.00447858347
0.04639482919	0.00264210611	-0.00445912815
0.04639727365	0.00259882632	-0.00443859851
0.04639973894	0.00255443270	-0.00441686918
0.04640221729	0.00250900987	-0.00439395716
0.04640470221	0.00246262322	-0.00436987839
0.04640720204	0.00241505672	-0.00434445344
0.04640970173	0.00236653440	-0.00431779239
0.04641220399	0.00231694206	-0.00428978685
0.04641471112	0.00226616225	-0.00426030759
0.04641720754	0.00221443996	-0.00422947966
0.04641969715	0.00216162354	-0.00419715967
0.04642217583	0.00210772190	-0.00416330381
0.04642463931	0.00205274567	-0.00412786767
0.04642708327	0.00199670703	-0.00409080656
0.04642950329	0.00193961960	-0.00405207589
0.04643189489	0.00188149865	-0.00401163104
0.04643425351	0.00182236129	-0.00396942734
0.04643657458	0.00176222622	-0.00392542052
0.04643885347	0.00170111386	-0.00387956677
0.04644108766	0.00163898653	-0.00383177208
0.04644327130	0.00157589687	-0.00378200648
0.04644539592	0.00151198472	-0.00373032518
0.04644746494	0.00144703177	-0.00367647826
0.04644946411	0.00138137022	-0.00362067444
0.04645139837	0.00131472030	-0.00356260950
0.04645325458	0.00124741273	-0.00350249482
0.04645503460	0.00117926253	-0.00344010888
0.04645673190	0.00111038771	-0.00337547608
0.04645834126	0.00104087804	-0.00330861267
0.04645986021	0.00097071572	-0.00323943903
0.04646128486	0.00089994943	-0.00316793038
0.04646261169	0.00082862225	-0.00309405810
0.04646383716	0.00075679336	-0.00301781193
0.04646495795	0.00068453081	-0.00293919653
0.04646597164	0.00061186552	-0.00285818267
0.04646687595	0.00053883125	-0.00277474277
0.04646766837	0.00046550662	-0.00268889764
0.04646834706	0.00039194592	-0.00260065038
0.04646891058	0.00031819737	-0.00251000257
0.04646935776	0.00024431444	-0.00241696453
0.04646968776	0.00017035027	-0.00232154922
0.04646990023	0.00009629485	-0.00222369479
0.04646999463	0.00002233891	-0.00212357362
0.04646997142	-0.00005153574	-0.00202114699
0.04646983097	-0.00012533724	-0.00191636573
0.04646957434	-0.00019889769	-0.00180939411
0.04646920272	-0.00027221081	-0.00170023215
0.04646871715	-0.00034529221	-0.00158883508
0.04646812046	-0.00041794851	-0.00147542505
0.04646741363	-0.00049027618	-0.00135988315
0.04646660015	-0.00056211214	-0.00124240335
0.04646568201	-0.00063347897	-0.00112296951
0.04646466243	-0.00070430471	-0.00100167451
0.04646354485	-0.00077453230	-0.00087861188
0.04646233195	-0.00084416239	-0.00075379586
0.04646102863	-0.00091308199	-0.00062740422
0.04645963683	-0.00098134873	-0.00049938618
0.04645816296	-0.00104880638	-0.00036999186
0.04645660817	-0.00111555252	-0.00023912585
0.04645497976	-0.00118142091	-0.00010706037
0.04645327951	-0.00124648423	0.00002624629
0.04645151322	-0.00131065632	0.00016062710
0.04644968529	-0.00137391268	0.00029597671
0.04644779848	-0.00143628570	0.00043228763
0.04644586004	-0.00149766000	0.00056932301
0.04644387260	-0.00155807509	0.00070705493
0.04644183995	-0.00161752963	0.00084542092
0.04643976876	-0.00167594075	0.00098421626
0.04643766192	-0.00173333654	0.00112338814
0.04643552371	-0.00178970318	0.00126283126
0.04643335797	-0.00184503869	0.00140246340
0.04643116993	-0.00189930497	0.00154213585
0.04642896308	-0.00195250806	0.00168175872
0.04642674114	-0.00200464637	0.00182123430
0.04642450787	-0.00205571613	0.00196045994
0.04642226694	-0.00210571418	0.00209933484
0.04642002184	-0.00215463976	0.00223775954
0.04641777591	-0.00220249397	0.00237563630
0.04641553167	-0.00224929320	0.00251289997
0.04641329362	-0.00229501102	0.00264941022
0.04641106399	-0.00233966649	0.00278509036
0.04640884505	-0.00238327529	0.00291986715
0.04640663897	-0.00242585238	0.00305368381
0.04640445036	-0.00246736427	0.00318637664
0.04640227833	-0.00250788072	0.00331797802
0.04640012847	-0.00254734733	0.00344829598
0.04639799909	-0.00258584236	0.00357738160
0.04639589545	-0.00262331574	0.00370506118
0.04639381729	-0.00265981520	0.00383131830
0.04639176583	-0.00269535948	0.00395611358
0.04638974363	-0.00272994251	0.00407935907
0.04638775174	-0.00276358253	0.00420100217
0.04638579094	-0.00279630088	0.00432100313
0.04638386232	-0.00282811179	0.00443931516
0.04638196681	-0.00285903036	0.00455589504
0.04638010522	-0.00288907256	0.00467070310
0.04637827780	-0.00291826119	0.00478372186
0.04637648586	-0.00294660125	0.00489490208
0.04637473003	-0.00297410740	0.00500420324
0.04637300970	-0.00300081172	0.00511162671
0.04637132530	-0.00302672920	0.00521715941
0.04636967837	-0.00305185651	0.00532073526
0.04636806677	-0.00307624513	0.00542241171
0.04636649294	-0.00309987626	0.00552210775
0.04636495536	-0.00312278949	0.00561984950
0.04636345357	-0.00314500764	0.00571565615
0.04636198923	-0.00316652095	0.00580947030
0.04636056073	-0.00318736699	0.00590132341
0.04635916797	-0.00320756057	0.00599121755
0.04635781074	-0.00322711689	0.00607915712
0.04635648875	-0.00324605164	0.00616514874
0.04635520165	-0.00326438053	0.00624920120
0.04635394904	-0.00328211951	0.00633132533
0.04635273045	-0.00329928470	0.00641153385
0.04635154535	-0.00331589259	0.00648984121
0.04635039316	-0.00333195945	0.00656626364
0.04634927268	-0.00334750982	0.00664084921
0.04634818488	-0.00336253750	0.00671357375
0.04634712854	-0.00337706624	0.00678446345
0.04634610151	-0.00339113181	0.00685360171
0.04634510624	-0.00340470670	0.00692091744
0.04634413899	-0.00341784752	0.00698652729
0.04634320189	-0.00343053040	0.00705037280
0.04634229130	-0.00344280948	0.00711257751
0.04634140994	-0.00345465260	0.00717306879
0.04634055477	-0.00346610490	0.00723193438
0.04633972532	-0.00347717669	0.00728921424
0.04633892251	-0.00348785908	0.00734488673
0.04633814441	-0.00349818134	0.00739901171
0.04633739049	-0.00350815375	0.00745161900
0.04633666003	-0.00351778865	0.00750274701
0.04633595292	-0.00352709050	0.00755241450
0.04633526859	-0.00353606916	0.00760064591
0.04633460608	-0.00354473970	0.00764748026
0.04633396483	-0.00355311172	0.00769294792
0.04633334426	-0.00356119496	0.00773707919
0.04633274380	-0.00356899874	0.00777990431
0.04633216286	-0.00357653244	0.00782145333
0.04633160065	-0.00358380817	0.00786176872
0.04633105713	-0.00359082792	0.00790086627
0.04633053175	-0.00359760024	0.00793877122
0.04633002372	-0.00360413686	0.00797551833
0.04632953246	-0.00361044626	0.00801113636
0.04632905714	-0.00361654045	0.00804566959
0.04632859755	-0.00362242306	0.00807914509
0.04632815415	-0.00362808941	0.00811155199
0.04632772544	-0.00363355963	0.00814294135
0.04632731188	-0.00363882870	0.00817328629
0.04632712389	-0.00364122123	0.00818673887
0.04632705090	-0.00364214972	0.00820037207
0.04632709386	-0.00364160330	0.00821402604
0.04632725220	-0.00363958836	0.00822754072
0.04632752389	-0.00363612851	0.00824075764
0.04632790541	-0.00363126430	0.00825352186
0.04632839187	-0.00362505272	0.00826568373
0.04632897703	-0.00361756654	0.00827710065
0.04632965344	-0.00360889350	0.00828763878
0.04633041253	-0.00359913522	0.00829717457
0.04633124477	-0.00358840607	0.00830559622
0.04633213976	-0.00357683179	0.00831280499
0.04633308642	-0.00356454802	0.00831871637
0.04633407316	-0.00355169875	0.00832326104
0.04681842551	0.00401187402	-0.00441091186
0.04682182708	0.00397197800	-0.00448233230
0.04682363944	0.00395055565	-0.00451039988
0.04682519551	0.00393206884	-0.00453143590
0.04682665551	0.00391464347	-0.00454869486
0.04682804597	0.00389797516	-0.00456359493
0.04682939831	0.00388169475	-0.00457677494
0.04683074750	0.00386538332	-0.00458851642
0.04683206631	0.00384937205	-0.00459926228
0.04683339111	0.00383322020	-0.00460903266
0.04683472842	0.00381684607	-0.00461793294
0.04683605680	0.00380051093	-0.00462618897
0.04683739687	0.00378396013	-0.00463377670
0.04683876322	0.00376700942	-0.00464067416
0.04684013864	0.00374986826	-0.00464702285
0.04684152622	0.00373249534	-0.00465284818
0.04684293400	0.00371478593	-0.00465813695
0.04684436339	0.00369671729	-0.00466290382
0.04684581563	0.00367826831	-0.00466715954
0.04684729181	0.00365941931	-0.00467091125
0.04684879395	0.00364013814	-0.00467415660
0.04685032055	0.00362043701	-0.00467691158
0.04685187158	0.00360030963	-0.00467918235
0.04685345324	0.00357966756	-0.00468093285
0.04685506202	0.00355854787	-0.00468218406
0.04685669878	0.00353693074	-0.00468292971
0.04685836444	0.00351479474	-0.00468316198
0.04686005942	0.00349212412	-0.00468287355
0.04686178415	0.00346890275	-0.00468205692
0.04686354186	0.00344507544	-0.00468068289
0.04686534336	0.00342048125	-0.00467866279
0.04686716092	0.00339548631	-0.00467617743
0.04686901075	0.00336985629	-0.00467311228
0.04687091372	0.00334328383	-0.00466929692
0.04687282549	0.00331637312	-0.00466503565
0.04687478930	0.00328849930	-0.00466000296
0.04687677228	0.00326011056	-0.00465442197
0.04687880339	0.00323077272	-0.00464805656
0.04688085112	0.00320092143	-0.00464112903
0.04688295154	0.00317000870	-0.00463333609
0.04688507189	0.00313849232	-0.00462490947
0.04688722474	0.00310616424	-0.00461573279
0.04688941544	0.00307291708	-0.00460573173
0.04689164079	0.00303877019	-0.00459489811
0.04689389133	0.00300384025	-0.00458328447
0.04689617320	0.00296800253	-0.00457080831
0.04689848512	0.00293124440	-0.00455744474
0.04690082567	0.00289355338	-0.00454316823
0.04690319337	0.00285491708	-0.00452795263
0.04690558658	0.00281532370	-0.00451177045
0.04690800356	0.00277476159	-0.00449459363
0.04691044956	0.00273309757	-0.00447631412
0.04691291117	0.00269051396	-0.00445701615
0.04691538893	0.00264695701	-0.00443664689
0.04691788856	0.00260227468	-0.00441508232
0.04692040224	0.00255655104	-0.00439233855
0.04692292348	0.00250985104	-0.00436843078
0.04692546068	0.00246195847	-0.00434318159
0.04692799873	0.00241309667	-0.00431669878
0.04693054034	0.00236315119	-0.00428887498
0.04693308787	0.00231200418	-0.00425958209
0.04693562562	0.00225989999	-0.00422894262
0.04693815755	0.00220668666	-0.00419681461
0.04694067950	0.00215237265	-0.00416315411
0.04694318720	0.00209696807	-0.00412791655
0.04694567629	0.00204048463	-0.00409105707
0.04694814232	0.00198293548	-0.00405253091
0.04695058076	0.00192433539	-0.00401229323
0.04695298702	0.00186470097	-0.00397029918
0.04695535648	0.00180405046	-0.00392650424
0.04695768445	0.00174240379	-0.00388086438
0.04695996839	0.00167972279	-0.00383328603
0.04696220237	0.00161605959	-0.00378373864
0.04696437779	0.00155155362	-0.00373227589
0.04696649812	0.00148598599	-0.00367865037
0.04696854888	0.00141968858	-0.00362306705
0.04697053508	0.00135238100	-0.00356522501
0.04697244333	0.00128439375	-0.00350533187
0.04697427551	0.00121554128	-0.00344316834
0.04697602494	0.00114594123	-0.00337875759
0.04697768626	0.00107568308	-0.00331211486
0.04697925691	0.00100474862	-0.00324316089
0.04698073290	0.00093318624	-0.00317187045
0.04698211056	0.00086103867	-0.00309821457
0.04698338622	0.00078836486	-0.00302218243
0.04698455642	0.00071523270	-0.00294377804
0.04698561861	0.00064167286	-0.00286297196
0.04698657037	0.00056771894	-0.00277973644
0.04698740903	0.00049344948	-0.00269409147
0.04698813262	0.00041891871	-0.00260603974
0.04698873954	0.00034417485	-0.00251558242
0.04698922848	0.00026927140	-0.00242272942
0.04698959845	0.00019426156	-0.00232749327
0.04698984898	0.00011913518	-0.00222981262
0.04698997932	0.00004408362	-0.00212985756
0.04698998983	-0.00003091127	-0.00202758992
0.04698988076	-0.00010585765	-0.00192296106
0.04698965299	-0.00018058688	-0.00181613324
0.04698930759	-0.00025509242	-0.00170710674
0.04698884551	-0.00032938981	-0.00159583748
0.04698826940	-0.00040328455	-0.00148254520
0.04698758019	-0.00047687325	-0.00136711281
0.04698678122	-0.00054999172	-0.00124973233
0.04698587439	-0.00062266225	-0.00113038839
0.04698486284	-0.00069481209	-0.00100917326
0.04698374992	-0.00076638337	-0.00088618006
0.04698253826	-0.00083737626	-0.00076142353
0.04698123267	-0.00090767648	-0.00063508015
0.04697983508	-0.00097734146	-0.00050710057
0.04697835180	-0.00104621327	-0.00037773289
0.04697678401	-0.00111438947	-0.00024688380
0.04697513896	-0.00118170198	-0.00011482333
0.04697341843	-0.00124822314	0.00001848857
0.04697162822	-0.00131386541	0.00015288573
0.04696977276	-0.00137860320	0.00028826276
0.04696785481	-0.00144246833	0.00042461108
0.04696588167	-0.00150534359	0.00056169528
0.04696385601	-0.00156726777	0.00069948635
0.04696178168	-0.00162823866	0.00083792127
0.04695966542	-0.00168817165	0.00097679629
0.04695751018	-0.00174709401	0.00111605768
0.04695532034	-0.00180499075	0.00125559993
0.04695309981	-0.00186185889	0.00139534036
0.04695085393	-0.00191765890	0.00153513048
0.04694858629	-0.00197239575	0.00167487989
0.04694630074	-0.00202606676	0.00181449053
0.04694400114	-0.00207866702	0.00195385939
0.04694169129	-0.00213019226	0.00209288537
0.04693937480	-0.00218064059	0.00223146863
0.04693705515	-0.00223001207	0.00236951110
0.04693473498	-0.00227832218	0.00250694696
0.04693241895	-0.00232554319	0.00264363602
0.04693010943	-0.00237169320	0.00277950104
0.04692780882	-0.00241678703	0.00291446818
0.04692551941	-0.00246083887	0.00304848008
0.04692324602	-0.00250381377	0.00318137348
0.04692098781	-0.00254578136	0.00331317920
0.04691875060	-0.00258668558	0.00344370614
0.04691653277	-0.00262660475	0.00357300368
0.04691433978	-0.00266548730	0.00370089891
0.04691217149	-0.00270338055	0.00382737444
0.04691002922	-0.00274030272	0.00395239035
0.04690791568	-0.00277624686	0.00407585869
0.04690583207	-0.00281123062	0.00419772649
0.04690377928	-0.00284527484	0.00431795351
0.04690175852	-0.00287839322	0.00443649265
0.04689977085	-0.00291060037	0.00455330040
0.04689781717	-0.00294191181	0.00466833677
0.04689589785	-0.00297235008	0.00478158382
0.04689401431	-0.00300191969	0.00489299225
0.04689216728	-0.00303063485	0.00500252135
0.04689035625	-0.00305852758	0.00511017193
0.04688858171	-0.00308561267	0.00521593064
0.04688684532	-0.00311188623	0.00531973163
0.04688514499	-0.00313740011	0.00542163141
0.04688348327	-0.00316213483	0.00552154949
0.04688185869	-0.00318613015	0.00561951137
0.04688027084	-0.00320940901	0.00571553587
0.04687872147	-0.00323196119	0.00580956600
0.04687720903	-0.00325382449	0.00590163266
0.04687573344	-0.00327501372	0.00599173780
0.04687429454	-0.00329554416	0.00607988572
0.04687289210	-0.00331543153	0.00616608291
0.04687152581	-0.00333469166	0.00625033807
0.04687019529	-0.00335334061	0.00633266192
0.04686890012	-0.00337139462	0.00641306711
0.04686763977	-0.00338887035	0.00649156799
0.04686641371	-0.00340578425	0.00656818072
0.04686522071	-0.00342216129	0.00664295306
0.04686406181	-0.00343799514	0.00671586124
0.04686293580	-0.00345330981	0.00678693129
0.04686184047	-0.00346814181	0.00685624602
0.04686077838	-0.00348246313	0.00692373526
0.04685974570	-0.00349633139	0.00698951471
0.04685874464	-0.00350972231	0.00705352673
0.04685777147	-0.00352269114	0.00711589390
0.04685682901	-0.00353520516	0.00717654462
0.04685591413	-0.00354731035	0.00723556596
0.04685502636	-0.00355901740	0.00729299785
0.04685416667	-0.00357031735	0.00734881916
0.04685333307	-0.00358124001	0.00740308944
0.04685252503	-0.00359179601	0.00745583853
0.04685174180	-0.00360199809	0.00750710482
0.04685098326	-0.00361185094	0.00755690722
0.04685024885	-0.00362136472	0.00760527028
0.04684953758	-0.00363055489	0.00765223292
0.04684884885	-0.00363943141	0.00769782560
0.04684818208	-0.00364800433	0.00774207863
0.04684753667	-0.00365628332	0.00778502232
0.04684691202	-0.00366427808	0.00782668677
0.04684630730	-0.00367200119	0.00786711438
0.04684572245	-0.00367945481	0.00790632117
0.04684515693	-0.00368664780	0.00794433243
0.04684460989	-0.00369359227	0.00798118292
0.04684408076	-0.00370029699	0.00801690145
0.04684356864	-0.00370677446	0.00805153223
0.04684307333	-0.00371302858	0.00808510243
0.04684259528	-0.00371905466	0.00811760157
0.04684213294	-0.00372487333	0.00814908051
0.04684168681	-0.00373047941	0.00817951282
0.04684148552	-0.00373300601	0.00819294092
0.04684140067	-0.00373407055	0.00820656435
0.04684143336	-0.00373366055	0.00822022337
0.04684158315	-0.00373178082	0.00823375786
0.04684184812	-0.00372845339	0.00824700913
0.04684222486	-0.00372371723	0.00825982182
0.04684270854	-0.00371762785	0.00827204571
0.04684329297	-0.00371025659	0.00828353750
0.04684397071	-0.00370168984	0.00829416245
0.04684473321	-0.00369202798	0.00830379599
0.04684557087	-0.00368138423	0.00831232517
0.04684647325	-0.00366988334	0.00831965002
0.04684742920	-0.00365766009	0.00832568463
0.04684842699	-0.00364485776	0.00833035827
0.04734582453	0.00406488614	-0.00440376673
0.04734920494	0.00402531882	-0.00447537663
0.04735101205	0.00400400526	-0.00450353906
0.04735256567	0.00398558957	-0.00452465405
0.04735402476	0.00396821612	-0.00454198654
0.04735541539	0.00395158617	-0.00455695557
0.04735676874	0.00393533410	-0.00457020199
0.04735811965	0.00391904366	-0.00458201006
0.04735944081	0.00390304577	-0.00459281985
0.04736076853	0.00388690167	-0.00460265461
0.04736210928	0.00387053022	-0.00461162019
0.04736344163	0.00385419210	-0.00461994026
0.04736478616	0.00383763361	-0.00462759259
0.04736615745	0.00382067115	-0.00463455653
0.04736753830	0.00380351352	-0.00464097188
0.04736893179	0.00378611958	-0.00464686424
0.04737034595	0.00376838486	-0.00465222116
0.04737178221	0.00375028666	-0.00465705737
0.04737324182	0.00373180382	-0.00466138372
0.04737472586	0.00371291666	-0.00466520742
0.04737623635	0.00369359299	-0.00466852629
0.04737777183	0.00367384486	-0.00467135617
0.04737933226	0.00365366589	-0.00467370317
0.04738092386	0.00363296772	-0.00467553186
0.04738254313	0.00361178717	-0.00467686285
0.04738419094	0.00359010431	-0.00467768996
0.04738586822	0.00356789760	-0.00467800543
0.04738757541	0.00354515117	-0.00467780203
0.04738931295	0.00352184874	-0.00467707228
0.04739108408	0.00349793506	-0.00467578734
0.04739289966	0.00347324942	-0.00467385982
0.04739473193	0.00344815674	-0.00467146739
0.04739659713	0.00342242314	-0.00466849738
0.04739851620	0.00339574179	-0.00466478186
0.04740044471	0.00336871509	-0.00466061996
0.04740242602	0.00334071954	-0.00465569135
0.04740442720	0.00331220195	-0.00465021525
0.04740647731	0.00328272897	-0.00464395917
0.04740854475	0.00325273490	-0.00463714154
0.04741066572	0.00322167281	-0.00462946372
0.04741280740	0.00318999910	-0.00462115339
0.04741498240	0.00315750596	-0.00461209583
0.04741719611	0.00312408594	-0.00460221760
0.04741944533	0.00308975803	-0.00459151024
0.04742172060	0.00305463834	-0.00458002515
0.04742402810	0.00301860210	-0.00456768082
0.04742636655	0.00298163639	-0.00455445239
0.04742873457	0.00294372842	-0.00454031431
0.04743113067	0.00290486546	-0.00452524047
0.04743355323	0.00286503541	-0.00450920335
0.04743600053	0.00282422627	-0.00449217488
0.04743847785	0.00278230471	-0.00447404820
0.04744097175	0.00273945236	-0.00445490570
0.04744348278	0.00269561520	-0.00443469493
0.04744601671	0.00265064105	-0.00441329323
0.04744856572	0.00260461340	-0.00439071581
0.04745112326	0.00255759673	-0.00436697713
0.04745369784	0.00250937471	-0.00434190181
0.04745627423	0.00246016993	-0.00431559535
0.04745885521	0.00240986768	-0.00428795140
0.04746144315	0.00235834979	-0.00425884300
0.04746402227	0.00230585988	-0.00422839011
0.04746659656	0.00225224571	-0.00419645222
0.04746916185	0.00219751525	-0.00416298525
0.04747171384	0.00214167815	-0.00412794445
0.04747424813	0.00208474562	-0.00409128481
0.04747676026	0.00202673029	-0.00405296138
0.04747924565	0.00196764647	-0.00401292915
0.04748169968	0.00190751026	-0.00397114303
0.04748411767	0.00184633942	-0.00392755830
0.04748649489	0.00178415340	-0.00388213071
0.04748882876	0.00172091352	-0.00383476710
0.04749111327	0.00165667140	-0.00378543641
0.04749333972	0.00159156603	-0.00373419071
0.04749551160	0.00152537798	-0.00368078517
0.04749761422	0.00145843876	-0.00362542098
0.04749965263	0.00139046740	-0.00356780055
0.04750161324	0.00132179411	-0.00350812771
0.04750349790	0.00125223281	-0.00344618543
0.04750529982	0.00118190073	-0.00338199563
0.04750701348	0.00111088708	-0.00331557257
0.04750863626	0.00103917323	-0.00324683732
0.04751016400	0.00096680723	-0.00317576424
0.04751159296	0.00089383152	-0.00310232399
0.04751291930	0.00082030478	-0.00302650522
0.04751413941	0.00074629469	-0.00294831124
0.04751525063	0.00067183175	-0.00286771245
0.04751625039	0.00059694931	-0.00278468088
0.04751713588	0.00052172586	-0.00269923578
0.04751790496	0.00044621558	-0.00261137935
0.04751855590	0.00037046665	-0.00252111240
0.04751908722	0.00029453261	-0.00242844442
0.04751949781	0.00021846670	-0.00233338749
0.04751978706	0.00014225866	-0.00223588081
0.04751995403	0.00006610044	-0.00213609213
0.04751999894	-0.00001002607	-0.00203398384
0.04751992195	-0.00008612904	-0.00192950783
0.04751972373	-0.00016203910	-0.00182282437
0.04751940525	-0.00023774944	-0.00171393398
0.04751896735	-0.00031327555	-0.00160279328
0.04751841252	-0.00038842182	-0.00148961955
0.04751774160	-0.00046328497	-0.00137429760
0.04751695780	-0.00053769974	-0.00125701744
0.04751606294	-0.00061168807	-0.00113776447
0.04751506007	-0.00068517647	-0.00101663038
0.04751395242	-0.00075810623	-0.00089370783
0.04751274258	-0.00083047703	-0.00076901210
0.04751143529	-0.00090217333	-0.00064271835
0.04751003241	-0.00097325230	-0.00051477867
0.04750854022	-0.00104355437	-0.00038543913
0.04750695988	-0.00111317703	-0.00025460852
0.04750529858	-0.00118195034	-0.00012255467
0.04750355812	-0.00124994631	0.00001076080
0.04750174429	-0.00131707603	0.00014517261
0.04749986153	-0.00138331279	0.00028057532
0.04749791262	-0.00144868780	0.00041695923
0.04749590490	-0.00151308205	0.00055409044
0.04749384109	-0.00157653357	0.00069193881
0.04749172507	-0.00163903927	0.00083044079
0.04748956365	-0.00170051283	0.00096939358
0.04748735987	-0.00176098061	0.00110874256
0.04748511817	-0.00182042648	0.00124838200
0.04748284254	-0.00187884643	0.00138822876
0.04748053845	-0.00193619950	0.00152813458
0.04747820958	-0.00199248959	0.00166800858
0.04747585989	-0.00204771286	0.00180775229
0.04747349335	-0.00210186327	0.00194726241
0.04747111388	-0.00215493540	0.00208643750
0.04746872525	-0.00220692628	0.00222517738
0.04746633103	-0.00225783483	0.00236338360
0.04746393402	-0.00230767567	0.00250098969
0.04746153902	-0.00235641970	0.00263785565
0.04745914853	-0.00240408409	0.00277390362
0.04745676510	-0.00245068275	0.00290905922
0.04745439116	-0.00249622910	0.00304326447
0.04745203169	-0.00254068671	0.00317635659
0.04744968596	-0.00258412505	0.00330836480
0.04744735998	-0.00262648642	0.00343909892
0.04744505223	-0.00266784915	0.00356860658
0.04744276835	-0.00270816017	0.00369671570
0.04744050831	-0.00274746638	0.00382340790
0.04743827357	-0.00278578545	0.00394864273
0.04743606700	-0.00282310957	0.00407233225
0.04743388992	-0.00285945576	0.00419442309
0.04743174334	-0.00289484435	0.00431487455
0.04742962860	-0.00292928851	0.00443363922
0.04742754687	-0.00296280235	0.00455067327
0.04742549919	-0.00299540093	0.00466593642
0.04742348602	-0.00302710651	0.00477941027
0.04742150890	-0.00305792309	0.00489104544
0.04741956867	-0.00308786447	0.00500080104
0.04741766490	-0.00311696255	0.00510867733
0.04741579817	-0.00314523196	0.00521466069
0.04741397027	-0.00317266819	0.00531868549
0.04741217912	-0.00319932350	0.00542080729
0.04741042743	-0.00322517771	0.00552094613
0.04740871376	-0.00325027075	0.00561912689
0.04740703773	-0.00327462567	0.00571536804
0.04740540124	-0.00329823178	0.00580961296
0.04740380274	-0.00332112713	0.00590189203
0.04740224222	-0.00334332652	0.00599220706
0.04740071957	-0.00336484529	0.00608056223
0.04739923460	-0.00338569922	0.00616696393
0.04739778704	-0.00340590423	0.00625142075
0.04739637656	-0.00342547649	0.00633394333
0.04739500275	-0.00344443240	0.00641454421
0.04739366513	-0.00346278875	0.00649323767
0.04739236317	-0.00348056217	0.00657003978
0.04739109567	-0.00349777810	0.00664499799
0.04738986370	-0.00351443003	0.00671808895
0.04738866606	-0.00353054228	0.00678933851
0.04738750052	-0.00354615208	0.00685882889
0.04738636971	-0.00356123092	0.00692649086
0.04738526972	-0.00357583743	0.00699243913
0.04738420286	-0.00358994695	0.00705661691
0.04738316529	-0.00360361579	0.00711914583
0.04738215993	-0.00361681075	0.00717995528
0.04738118360	-0.00362957858	0.00723913169
0.04738023578	-0.00364193039	0.00729671496
0.04737931751	-0.00365385714	0.00735268447
0.04737842676	-0.00366538920	0.00740709942
0.04737756296	-0.00367653755	0.00745998971
0.04737672536	-0.00368731532	0.00751139371
0.04737591383	-0.00369772746	0.00756133047
0.04737512781	-0.00370778441	0.00760982463
0.04737436626	-0.00371750204	0.00765691505
0.04737362859	-0.00372689066	0.00770263223
0.04737291418	-0.00373596065	0.00774700654
0.04737222242	-0.00374472202	0.00779006833
0.04737155268	-0.00375318482	0.00783184773
0.04737090410	-0.00376136204	0.00787238714
0.04737027663	-0.00376925610	0.00791170273
0.04736966969	-0.00377687614	0.00794981989
0.04736908241	-0.00378423462	0.00798677335
0.04736851418	-0.00379134067	0.00802259200
0.04736796409	-0.00379820721	0.00805731994
0.04736743189	-0.00380483848	0.00809098449
0.04736691807	-0.00381122976	0.00812357552
0.04736642102	-0.00381740219	0.00815514370
0.04736594126	-0.00382335042	0.00818566308
0.04736572637	-0.00382601167	0.00819906519
0.04736562932	-0.00382721300	0.00821267742
0.04736565135	-0.00382694032	0.00822634015
0.04736579218	-0.00382519683	0.00823989322
0.04736605001	-0.00382200297	0.00825317772
0.04736642151	-0.00381739615	0.00826603791
0.04736690193	-0.00381143034	0.00827832301
0.04736748515	-0.00380417547	0.00828988898
0.04736816374	-0.00379571652	0.00830060024
0.04736892914	-0.00378615264	0.00831033119
0.04736977175	-0.00377559589	0.00831896776
0.04737068106	-0.00376417000	0.00832640869
0.04737164584	-0.00375200887	0.00833256673
0.04737265426	-0.00373925506	0.00833736969
0.04786330249	0.00411653679	-0.00439697250
0.04786666247	0.00407728140	-0.00446876066
0.04786846450	0.00405607032	-0.00449701240
0.04787001575	0.00403772117	-0.00451820174
0.04787147393	0.00402039598	-0.00453560350
0.04787286471	0.00400380130	-0.00455063750
0.04787421901	0.00398757492	-0.00456394651
0.04787557155	0.00397130318	-0.00457581736
0.04787689495	0.00395531666	-0.00458668741
0.04787822545	0.00393917853	-0.00459658289
0.04787956950	0.00392280822	-0.00460561005
0.04788090564	0.00390646575	-0.00461399053
0.04788225444	0.00388989838	-0.00462170381
0.04788363046	0.00387292316	-0.00462873051
0.04788501650	0.00385574823	-0.00463520877
0.04788641564	0.00383833257	-0.00464116442
0.04788783592	0.00382057201	-0.00464658568
0.04788927877	0.00380244385	-0.00465148737
0.04789074542	0.00378392693	-0.00465588044
0.04789223699	0.00376500151	-0.00465977215
0.04789375550	0.00374563540	-0.00466316051
0.04789529948	0.00372584048	-0.00466606117
0.04789686892	0.00370561026	-0.00466848022
0.04789847004	0.00368485650	-0.00467038284
0.04790009937	0.00366361575	-0.00467178927
0.04790175777	0.00364186799	-0.00467269342
0.04790344619	0.00361959156	-0.00467308762
0.04790516509	0.00359677045	-0.00467296465
0.04790691491	0.00357338825	-0.00467231710
0.04790869893	0.00354938968	-0.00467111649
0.04791052801	0.00352461426	-0.00466927662
0.04791237439	0.00349942566	-0.00466697219
0.04791425434	0.00347359048	-0.00466409226
0.04791618884	0.00344680247	-0.00466047132
0.04791813342	0.00341966216	-0.00465640355
0.04792013153	0.00339154751	-0.00465157357
0.04792215018	0.00336290386	-0.00464619688
0.04792421851	0.00333329876	-0.00464004443
0.04792630489	0.00330316513	-0.00463333099
0.04792844559	0.00327195716	-0.00462576236
0.04793060775	0.00324012981	-0.00461756231
0.04793280401	0.00320747553	-0.00460861775
0.04793503982	0.00317388683	-0.00459885606
0.04793731197	0.00313938234	-0.00458826853
0.04793961100	0.00310407758	-0.00457690546
0.04794194312	0.00306784779	-0.00456468630
0.04794430707	0.00303067974	-0.00455158620
0.04794670148	0.00299256034	-0.00453757961
0.04794912487	0.00295347655	-0.00452264043
0.04795157565	0.00291341595	-0.00450674114
0.04795405210	0.00287236621	-0.00448985368
0.04795655954	0.00283019390	-0.00447187228
0.04795908449	0.00278707991	-0.00445287761
0.04796162753	0.00274296997	-0.00443281756
0.04796419447	0.00269771180	-0.00441157079
0.04796677746	0.00265138832	-0.00438915166
0.04796936995	0.00260406351	-0.00436557390
0.04797198049	0.00255552098	-0.00434066408
0.04797459381	0.00250598256	-0.00431452553
0.04797721270	0.00245533330	-0.00428705286
0.04797983957	0.00240345473	-0.00425812021
0.04798245855	0.00235058969	-0.00422784509
0.04798507366	0.00229658575	-0.00419608840
0.04798768071	0.00224145039	-0.00416280590
0.04799027539	0.00218519279	-0.00412795273
0.04799285329	0.00212782366	-0.00409148369
0.04799540988	0.00206935518	-0.00405335368
0.04799794057	0.00200980115	-0.00401351749
0.04800044071	0.00194917722	-0.00397192985
0.04800290555	0.00188750065	-0.00392854583
0.04800533033	0.00182479042	-0.00388332096
0.04800771243	0.00176100740	-0.00383616250
0.04801004579	0.00169620267	-0.00378703887
0.04801232156	0.00163051478	-0.00373600064
0.04801454329	0.00156372384	-0.00368280542
0.04801669608	0.00149616091	-0.00362765080
0.04801878504	0.00142754453	-0.00357024239
0.04802079633	0.00135820454	-0.00351078037
0.04802273184	0.00128795442	-0.00344904990
0.04802458462	0.00121691099	-0.00338507167
0.04802634903	0.00114516314	-0.00331885903
0.04802802236	0.00107269187	-0.00325033338
0.04802960035	0.00099954491	-0.00317946864
0.04803107911	0.00092576437	-0.00310623516
0.04803245469	0.00085140867	-0.00303062106
0.04803372333	0.00077654532	-0.00295262899
0.04803488224	0.00070120459	-0.00287222919
0.04803592874	0.00062541964	-0.00278939350
0.04803685984	0.00054926888	-0.00270414043
0.04803767328	0.00047280642	-0.00261647173
0.04803836717	0.00039608041	-0.00252638786
0.04803893990	0.00031914441	-0.00243389788
0.04803939020	0.00024205173	-0.00233901350
0.04803971736	0.00016479198	-0.00224167438
0.04803992021	0.00008755763	-0.00214204605
0.04803999889	0.00001033066	-0.00204009143
0.04803995342	-0.00006689711	-0.00193576296
0.04803978431	-0.00014395565	-0.00182921892
0.04803949241	-0.00022083790	-0.00172046012
0.04803907845	-0.00029755924	-0.00160944382
0.04803854475	-0.00037392305	-0.00149638496
0.04803789209	-0.00045002612	-0.00138117013
0.04803712353	-0.00052570217	-0.00126398745
0.04803624082	-0.00060097282	-0.00114482304
0.04803524688	-0.00067576385	-0.00102376801
0.04803414490	-0.00075001575	-0.00090091462
0.04803293737	-0.00082372769	-0.00077627863
0.04803162896	-0.00089678295	-0.00065003393
0.04803022150	-0.00096923843	-0.00052213400
0.04802872118	-0.00104093298	-0.00039282294
0.04802712917	-0.00111196398	-0.00026201159
0.04802545261	-0.00118215977	-0.00012996562
0.04802369329	-0.00125159196	0.00000335171
0.04802185701	-0.00132017033	0.00013777601
0.04801994820	-0.00138786708	0.00027320177
0.04801796966	-0.00145471284	0.00040961826
0.04801592877	-0.00152058684	0.00054679299
0.04801382828	-0.00158552638	0.00068469475
0.04801167211	-0.00164952748	0.00082325946
0.04800946715	-0.00171250219	0.00096228531
0.04800721649	-0.00177447598	0.00110171677
0.04800492465	-0.00183543159	0.00124144790
0.04800259571	-0.00189536399	0.00138139514
0.04800023523	-0.00195423087	0.00152141045
0.04799784698	-0.00201203502	0.00166140248
0.04799543504	-0.00206877154	0.00180127240
0.04799300348	-0.00212443326	0.00194091659
0.04799055636	-0.00217901364	0.00208023331
0.04798809754	-0.00223250861	0.00221912204
0.04798563075	-0.00228491603	0.00235748400
0.04798315890	-0.00233624965	0.00249525207
0.04798068692	-0.00238647906	0.00263228643
0.04797821748	-0.00243562049	0.00276850864
0.04797575324	-0.00248368695	0.00290384380
0.04797329676	-0.00253069114	0.00303823333
0.04797085321	-0.00257659516	0.00317151494
0.04796842194	-0.00262146833	0.00330371627
0.04796600917	-0.00266525135	0.00343464803
0.04796361344	-0.00270802254	0.00356435619
0.04796124059	-0.00274972738	0.00369266948
0.04795889072	-0.00279041234	0.00381956854
0.04795656540	-0.00283009456	0.00394501242
0.04795426764	-0.00286876538	0.00406891319
0.04795199891	-0.00290644122	0.00419121710
0.04794976033	-0.00294314190	0.00431188300
0.04794755336	-0.00297888006	0.00443086320
0.04794537931	-0.00301366932	0.00454811355
0.04794323931	-0.00304752429	0.00466359348
0.04794113394	-0.00308046694	0.00477728416
0.04793906485	-0.00311250081	0.00488913614
0.04793703299	-0.00314363926	0.00499910835
0.04793503801	-0.00317391409	0.00510720051
0.04793308059	-0.00320333974	0.00521339874
0.04793116262	-0.00323191115	0.00531763766
0.04792928208	-0.00325968090	0.00541997187
0.04792744178	-0.00328662820	0.00552032195
0.04792564034	-0.00331279308	0.00561871218
0.04792387744	-0.00333819873	0.00571516065
0.04792215508	-0.00336283402	0.00580961116
0.04792047174	-0.00338673718	0.00590209353
0.04791882746	-0.00340992305	0.00599260947
0.04791722219	-0.00343240699	0.00608116305
0.04791565578	-0.00345420486	0.00616776055
0.04791412801	-0.00347533267	0.00625241047
0.04791263858	-0.00349580670	0.00633512333
0.04791118712	-0.00351564346	0.00641591160
0.04790977317	-0.00353485992	0.00649478948
0.04790839624	-0.00355347286	0.00657177296
0.04790705511	-0.00357150814	0.00664690920
0.04790575093	-0.00358895916	0.00672017522
0.04790448249	-0.00360585047	0.00679159673
0.04790324751	-0.00362222001	0.00686125536
0.04790204874	-0.00363803882	0.00692908280
0.04790088218	-0.00365336648	0.00699519280
0.04789975021	-0.00366817797	0.00705952941
0.04789864892	-0.00368253063	0.00712221328
0.04789758131	-0.00369639079	0.00718317483
0.04789654413	-0.00370980595	0.00724249983
0.04789553687	-0.00372278765	0.00730022814
0.04789456059	-0.00373532674	0.00735633965
0.04789361322	-0.00374745416	0.00741089325
0.04789269419	-0.00375918121	0.00746391885
0.04789180273	-0.00377052141	0.00751545481
0.04789093870	-0.00378147996	0.00756552034
0.04789010152	-0.00379206759	0.00761414014
0.04788929014	-0.00380230057	0.00766135303
0.04788850396	-0.00381218951	0.00770718954
0.04788774231	-0.00382174515	0.00775168009
0.04788700459	-0.00383097783	0.00779485508
0.04788629015	-0.00383989792	0.00783674468
0.04788559807	-0.00384851886	0.00787739123
0.04788492832	-0.00385684325	0.00791681112
0.04788428028	-0.00386488054	0.00795502980
0.04788365307	-0.00387264357	0.00799208199
0.04788304606	-0.00388014175	0.00802799660
0.04788245828	-0.00388738846	0.00806281770
0.04788188948	-0.00389438824	0.00809657268
0.04788134015	-0.00390113637	0.00812925181
0.04788080865	-0.00390765447	0.00816090556
0.04788029550	-0.00391393704	0.00819150842
0.04788006723	-0.00391672846	0.00820488408
0.04787995811	-0.00391806216	0.00821848415
0.04787996954	-0.00391792252	0.00823214917
0.04788010137	-0.00391631116	0.00824571894
0.04788035190	-0.00391324698	0.00825903436
0.04788071793	-0.00390876586	0.00827193932
0.04788119477	-0.00390292032	0.00828428253
0.04788177636	-0.00389577885	0.00829591927
0.04788245530	-0.00388742514	0.00830671310
0.04788322304	-0.00387795706	0.00831653749
0.04788406995	-0.00386748559	0.00832527725
0.04788498549	-0.00385613343	0.00833282992
0.04788595833	-0.00384403364	0.00833910694
0.04788697658	-0.00383132802	0.00834403472
0.04838080926	0.00416784065	-0.00439038642
0.04838414917	0.00412888711	-0.00446234565
0.04838594620	0.00410777443	-0.00449068317
0.04838749510	0.00408948870	-0.00451194392
0.04838895238	0.00407220918	-0.00452941223
0.04839034329	0.00405564751	-0.00454450865
0.04839169852	0.00403944479	-0.00455787781
0.04839305263	0.00402318993	-0.00456980903
0.04839437822	0.00400721306	-0.00458073702
0.04839571144	0.00399107934	-0.00459069088
0.04839705870	0.00397470872	-0.00459977730
0.04839839855	0.00395836052	-0.00460821588
0.04839975152	0.00394178300	-0.00461598781
0.04840113215	0.00392479384	-0.00462307490
0.04840252327	0.00390760048	-0.00462961373
0.04840392793	0.00389016203	-0.00463563030
0.04840535419	0.00387237465	-0.00464111351
0.04840680347	0.00385421561	-0.00464607827
0.04840827702	0.00383566374	-0.00465053560
0.04840977594	0.00381669927	-0.00465449284
0.04841130228	0.00379728999	-0.00465794815
0.04841285459	0.00377744761	-0.00466091702
0.04841443284	0.00375716552	-0.00466340553
0.04841604328	0.00373635563	-0.00466537942
0.04841768243	0.00371505419	-0.00466685860
0.04841935120	0.00369324109	-0.00466783705
0.04842105052	0.00367089457	-0.00466830717
0.04842278087	0.00364799847	-0.00466826180
0.04842454271	0.00362453627	-0.00466769357
0.04842633933	0.00360045264	-0.00466657434
0.04842818162	0.00357558735	-0.00466481909
0.04843004181	0.00355030278	-0.00466259959
0.04843193620	0.00352436603	-0.00465980664
0.04843388579	0.00349747150	-0.00465627707
0.04843584612	0.00347021771	-0.00465230021
0.04843786065	0.00344198422	-0.00464756553
0.04843989641	0.00341321483	-0.00464228487
0.04844198258	0.00338347804	-0.00463623260
0.04844408750	0.00335320531	-0.00462961986
0.04844624752	0.00332185206	-0.00462215681
0.04844842974	0.00328987170	-0.00461406341
0.04845064684	0.00325705702	-0.00460522815
0.04845290429	0.00322330047	-0.00459557920
0.04845519890	0.00318862033	-0.00458510763
0.04845752121	0.00315313153	-0.00457386265
0.04845987746	0.00311670929	-0.00456176465
0.04846226640	0.00307934012	-0.00454878878
0.04846468667	0.00304101061	-0.00453490953
0.04846713683	0.00300170742	-0.00452010078
0.04846961527	0.00296141781	-0.00450433502
0.04847212029	0.00292012913	-0.00448758419
0.04847465727	0.00287770785	-0.00446974361
0.04847721269	0.00283433410	-0.00445089224
0.04847978713	0.00278995339	-0.00443097833
0.04848238645	0.00274441334	-0.00440988183
0.04848500279	0.00269779630	-0.00438761624
0.04848762957	0.00265016575	-0.00436419460
0.04849027543	0.00260130528	-0.00433944542
0.04849292500	0.00255143589	-0.00431346983
0.04849558111	0.00250044244	-0.00428616346
0.04849824622	0.00244820619	-0.00425740151
0.04850090435	0.00239496917	-0.00422729907
0.04850355957	0.00234057875	-0.00419571843
0.04850620768	0.00228504195	-0.00416261522
0.04850884433	0.00222836747	-0.00412794442
0.04851146509	0.00217056556	-0.00409166072
0.04851406542	0.00211164789	-0.00405371881
0.04851664068	0.00205162782	-0.00401407334
0.04851918619	0.00199052050	-0.00397267884
0.04852169715	0.00192834272	-0.00392949018
0.04852416876	0.00186511299	-0.00388446266
0.04852659837	0.00180079173	-0.00383750398
0.04852897984	0.00173542951	-0.00378858206
0.04853130423	0.00166916438	-0.00373774598
0.04853357512	0.00160177606	-0.00368475578
0.04853577738	0.00153359509	-0.00362980546
0.04853791620	0.00146433962	-0.00357260383
0.04853997753	0.00139433903	-0.00351334745
0.04854196324	0.00132340641	-0.00345182366
0.04854386626	0.00125165816	-0.00338805196
0.04854568084	0.00117918282	-0.00332204478
0.04854740415	0.00110596106	-0.00325372384
0.04854903184	0.00103204025	-0.00318306267
0.04855055989	0.00095746221	-0.00311003130
0.04855198423	0.00088228510	-0.00303461730
0.04855330097	0.00080657622	-0.00295682273
0.04855450717	0.00073036561	-0.00287661763
0.04855560003	0.00065368627	-0.00279397369
0.04855657642	0.00057661649	-0.00270890866
0.04855743392	0.00049921032	-0.00262142388
0.04855817052	0.00042151589	-0.00253151945
0.04855878446	0.00034358675	-0.00243920402
0.04855927432	0.00026547628	-0.00234448890
0.04855963927	0.00018717397	-0.00224731427
0.04855987795	0.00010887278	-0.00214784344
0.04855999039	0.00003055478	-0.00204603986
0.04855997649	-0.00004778822	-0.00194185647
0.04855983657	-0.00012598556	-0.00183544967
0.04855957137	-0.00020402991	-0.00172682048
0.04855918154	-0.00028193655	-0.00161592685
0.04855866920	-0.00035950789	-0.00150298136
0.04855803507	-0.00043684077	-0.00138787241
0.04855728208	-0.00051376793	-0.00127078619
0.04855641187	-0.00059031064	-0.00115170960
0.04855542729	-0.00066639398	-0.00103073314
0.04855433141	-0.00074195764	-0.00090794865
0.04855312668	-0.00081700031	-0.00078337240
0.04855181767	-0.00089140410	-0.00065717701
0.04855040617	-0.00096522562	-0.00052931735
0.04854889832	-0.00103830219	-0.00040003555
0.04854729525	-0.00111073104	-0.00026924447
0.04854560407	-0.00118233884	-0.00013720766
0.04854382657	-0.00125319679	-0.00000388996
0.04854196850	-0.00132321339	0.00013054507
0.04854003435	-0.00139235974	0.00026599191
0.04853802690	-0.00146066589	0.00040243875
0.04853595355	-0.00152800935	0.00053965454
0.04853381711	-0.00159442668	0.00067760703
0.04853162154	-0.00165991299	0.00081623161
0.04852937376	-0.00172437875	0.00095532741
0.04852707695	-0.00178784854	0.00109483807
0.04852473571	-0.00185030395	0.00123465741
0.04852235417	-0.00191173898	0.00137470145
0.04851993799	-0.00197210991	0.00151482242
0.04851749106	-0.00203141852	0.00165492846
0.04851501753	-0.00208965878	0.00179492041
0.04851252162	-0.00214682239	0.00193469435
0.04851000746	-0.00220290174	0.00207414823
0.04850747907	-0.00225789166	0.00221318121
0.04850494028	-0.00231178892	0.00235169418
0.04850239413	-0.00236460642	0.00248961938
0.04849984571	-0.00241631244	0.00262681719
0.04849729781	-0.00246692229	0.00276320861
0.04849475321	-0.00251644809	0.00289871819
0.04849221462	-0.00256490177	0.00303328678
0.04848968737	-0.00261224403	0.00316675257
0.04848717092	-0.00265854397	0.00329914167
0.04848467166	-0.00270374076	0.00343026567
0.04848218823	-0.00274791265	0.00356016889
0.04847972667	-0.00279100372	0.00368868085
0.04847728717	-0.00283306000	0.00381578126
0.04847487143	-0.00287409807	0.00394142864
0.04847248263	-0.00291410845	0.00406553510
0.04847012234	-0.00295310694	0.00418804652
0.04846779182	-0.00299111286	0.00430892131
0.04846549265	-0.00302813833	0.00442811147
0.04846322627	-0.00306419647	0.00454557257
0.04846099391	-0.00309930143	0.00466126376
0.04845879626	-0.00313347491	0.00477516576
0.04845663509	-0.00316671996	0.00488722908
0.04845451147	-0.00319904953	0.00499741246
0.04845242512	-0.00323049529	0.00510571510
0.04845037681	-0.00326107150	0.00521212286
0.04844836856	-0.00329077256	0.00531657059
0.04844639837	-0.00331965136	0.00541911196
0.04844446919	-0.00334768648	0.00551966809
0.04844257970	-0.00337491810	0.00561826265
0.04844072962	-0.00340136948	0.00571491338
0.04843892104	-0.00342702907	0.00580956447
0.04843715250	-0.00345193532	0.00590224522
0.04843542410	-0.00347610307	0.00599295723
0.04843373582	-0.00349954771	0.00608170444
0.04843208758	-0.00352228516	0.00616849303
0.04843047918	-0.00354433153	0.00625333140
0.04842891038	-0.00356570319	0.00633623000
0.04842738083	-0.00358641681	0.00641720119
0.04842589012	-0.00360648948	0.00649625911
0.04842443776	-0.00362593817	0.00657341967
0.04842302254	-0.00364478913	0.00664872970
0.04842164567	-0.00366303567	0.00672216666
0.04842030595	-0.00368070258	0.00679375606
0.04841900107	-0.00369782850	0.00686357898
0.04841773385	-0.00371438402	0.00693156801
0.04841650023	-0.00373042966	0.00699783595
0.04841530267	-0.00374594005	0.00706232767
0.04841413717	-0.00376097355	0.00712516287
0.04841300682	-0.00377549603	0.00718627297
0.04841190832	-0.00378955572	0.00724574309
0.04841084113	-0.00380316457	0.00730361307
0.04840980636	-0.00381631338	0.00735986329
0.04840880190	-0.00382903361	0.00741455233
0.04840782717	-0.00384133688	0.00746771012
0.04840688137	-0.00385323712	0.00751937499
0.04840596437	-0.00386473977	0.00756956631
0.04840507558	-0.00387585583	0.00761830886
0.04840421392	-0.00388660196	0.00766564140
0.04840337876	-0.00389698912	0.00771159449
0.04840256945	-0.00390702838	0.00775619862
0.04840178533	-0.00391673040	0.00779948420
0.04840102574	-0.00392610587	0.00784148148
0.04840028975	-0.00393516866	0.00788223273
0.04839957730	-0.00394392160	0.00792175452
0.04839888776	-0.00395237441	0.00796007240
0.04839822022	-0.00396054030	0.00799722105
0.04839757402	-0.00396842899	0.00803322946
0.04839694817	-0.00397605431	0.00806814159
0.04839634239	-0.00398342108	0.00810198493
0.04839575718	-0.00399052459	0.00813475017
0.04839519085	-0.00399738694	0.00816648753
0.04839464396	-0.00400400250	0.00819717201
0.04839440231	-0.00400692218	0.00821052030
0.04839428105	-0.00400838645	0.00822410710
0.04839428173	-0.00400837816	0.00823777311
0.04839440436	-0.00400689740	0.00825135811
0.04839464735	-0.00400396152	0.00826470283
0.04839500760	-0.00399960492	0.00827765081
0.04839548050	-0.00399387865	0.00829005026
0.04839606005	-0.00398684981	0.00830175578
0.04839673890	-0.00397860075	0.00831263016
0.04839750849	-0.00396922814	0.00832254590
0.04839835918	-0.00395884182	0.00833138675
0.04839928039	-0.00394756350	0.00833904905
0.04840026074	-0.00393552537	0.00834544297
0.04840128823	-0.00392286852	0.00835049355
0.04889834427	0.00421880641	-0.00438400337
0.04890166448	0.00418014491	-0.00445612685
0.04890345658	0.00415912668	-0.00448454675
0.04890500318	0.00414090135	-0.00450587609
0.04890645956	0.00412366498	-0.00452340835
0.04890785059	0.00410713412	-0.00453856477
0.04890920673	0.00409095308	-0.00455199173
0.04891056237	0.00407471332	-0.00456398101
0.04891189010	0.00405874445	-0.00457496470
0.04891322598	0.00404261360	-0.00458497471
0.04891457637	0.00402624126	-0.00459411814
0.04891591985	0.00400988599	-0.00460261262
0.04891727689	0.00399329705	-0.00461044096
0.04891866204	0.00397629278	-0.00461758620
0.04892005812	0.00395907991	-0.00462418333
0.04892146820	0.00394161764	-0.00463025855
0.04892290031	0.00392380244	-0.00463580141
0.04892435588	0.00390561162	-0.00464082691
0.04892583617	0.00388702396	-0.00464534613
0.04892734229	0.00386801965	-0.00464936650
0.04892887630	0.00384856647	-0.00465288632
0.04893043675	0.00382867596	-0.00465592094
0.04893202362	0.00380834139	-0.00465847638
0.04893364318	0.00378747482	-0.00466051899
0.04893529196	0.00376611220	-0.00466206832
0.04893697086	0.00374423333	-0.00466311841
0.04893868085	0.00372181633	-0.00466366176
0.04894042241	0.00369884494	-0.00466369125
0.04894219603	0.00367530246	-0.00466319955
0.04894400498	0.00365113357	-0.00466215884
0.04894586020	0.00362617830	-0.00466048529
0.04894773392	0.00360079769	-0.00465834778
0.04894964244	0.00357475937	-0.00465563880
0.04895160682	0.00354775841	-0.00465219748
0.04895358256	0.00352039128	-0.00464830841
0.04895561319	0.00349203918	-0.00464366581
0.04895766571	0.00346314432	-0.00463847795
0.04895976935	0.00343327621	-0.00463252249
0.04896189244	0.00340286481	-0.00462600708
0.04896407138	0.00337136681	-0.00461864611
0.04896627325	0.00333923405	-0.00461065583
0.04896851077	0.00330625963	-0.00460192627
0.04897078943	0.00327233602	-0.00459238638
0.04897310605	0.00323748110	-0.00458202702
0.04897545118	0.00320180920	-0.00457089631
0.04897783108	0.00316519557	-0.00455891558
0.04898024452	0.00312762642	-0.00454606000
0.04898269016	0.00308908805	-0.00453230404
0.04898516655	0.00304956680	-0.00451762161
0.04898767213	0.00300904962	-0.00450198520
0.04899020518	0.00296752355	-0.00448536675
0.04899277113	0.00292485499	-0.00446766265
0.04899535644	0.00288122327	-0.00444895018
0.04899796169	0.00283657369	-0.00442917795
0.04900059278	0.00279075380	-0.00440822716
0.04900324186	0.00274384537	-0.00438611050
0.04900590232	0.00269591136	-0.00436284032
0.04900858284	0.00264673538	-0.00433824702
0.04901126802	0.00259653758	-0.00431242962
0.04901396070	0.00254520264	-0.00428528468
0.04901666337	0.00249261157	-0.00425668849
0.04901935997	0.00243900556	-0.00422675377
0.04902205462	0.00238423181	-0.00419534416
0.04902474308	0.00232829689	-0.00416241517
0.04902742100	0.00227120901	-0.00412792165
0.04903008391	0.00221297795	-0.00409181812
0.04903272726	0.00215361492	-0.00405405915
0.04903534639	0.00209313279	-0.00401459919
0.04903793654	0.00203154624	-0.00397339260
0.04904049291	0.00196887159	-0.00393039405
0.04904301063	0.00190512688	-0.00388555865
0.04904548704	0.00184027211	-0.00383879451
0.04904791592	0.00177435730	-0.00379006906
0.04905028823	0.00170752002	-0.00373942990
0.04905260757	0.00163953964	-0.00368663950
0.04905485864	0.00157074611	-0.00363188833
0.04905704667	0.00150085725	-0.00357488833
0.04905915738	0.00143020194	-0.00351583253
0.04906119266	0.00135859292	-0.00345451039
0.04906314531	0.00128614615	-0.00339094026
0.04906500945	0.00121294982	-0.00332513365
0.04906678219	0.00113898426	-0.00325701262
0.04906845904	0.00106429651	-0.00318655032
0.04907003588	0.00098892808	-0.00311371644
0.04907150850	0.00091293685	-0.00303849807
0.04907287287	0.00083638993	-0.00296089663
0.04907412595	0.00075931713	-0.00288088200
0.04907526480	0.00068175127	-0.00279842571
0.04907628614	0.00060377054	-0.00271354478
0.04907718741	0.00052542890	-0.00262624013
0.04907796647	0.00044677445	-0.00253651153
0.04907862140	0.00036786075	-0.00244436722
0.04907915065	0.00028874123	-0.00234981812
0.04907955327	0.00020940528	-0.00225280492
0.04907982771	0.00013004629	-0.00215348873
0.04907997387	0.00005064644	-0.00205183352
0.04907999155	-0.00002880244	-0.00194779279
0.04907988089	-0.00010812912	-0.00184152100
0.04907964251	-0.00018732600	-0.00173301943
0.04907927696	-0.00026640823	-0.00162224670
0.04907878618	-0.00034517733	-0.00150941306
0.04907817084	-0.00042373011	-0.00139440869
0.04907743369	-0.00050189842	-0.00127741790
0.04907657633	-0.00057970315	-0.00115842831
0.04907560148	-0.00065706868	-0.00103752986
0.04907451213	-0.00073393395	-0.00091481396
0.04907331065	-0.00081029713	-0.00079029740
0.04907200153	-0.00088603921	-0.00066415151
0.04907058653	-0.00096121648	-0.00053633255
0.04906907171	-0.00103566478	-0.00040708069
0.04906745817	-0.00110948118	-0.00027631081
0.04906575298	-0.00118249070	-0.00014428432
0.04906395792	-0.00125476412	-0.00001096768
0.04906207874	-0.00132620866	0.00012347643
0.04906011991	-0.00139679439	0.00025894246
0.04905808424	-0.00146655070	0.00039541754
0.04905597914	-0.00153535348	0.00053267208
0.04905380746	-0.00160323848	0.00067067273
0.04905157319	-0.00167019996	0.00080935442
0.04904928332	-0.00173614679	0.00094851721
0.04904694108	-0.00180110267	0.00108810389
0.04904455113	-0.00186504807	0.00122800810
0.04904211770	-0.00192797597	0.00136814541
0.04903964653	-0.00198984134	0.00150836830
0.04903714159	-0.00205064485	0.00164858448
0.04903460715	-0.00211037941	0.00178869441
0.04903204753	-0.00216903560	0.00192859391
0.04902946697	-0.00222660471	0.00206818061
0.04902686961	-0.00228308048	0.00220735338
0.04902425942	-0.00233845863	0.00234601277
0.04902163953	-0.00239275116	0.00248409040
0.04901901519	-0.00244592510	0.00262144684
0.04901638932	-0.00249799480	0.00275800254
0.04901376485	-0.00254897150	0.00289368153
0.04901114459	-0.00259886636	0.00302842411
0.04900853405	-0.00264763870	0.00316206893
0.04900593279	-0.00269535739	0.00329464058
0.04900334738	-0.00274196008	0.00342595155
0.04900077657	-0.00278752494	0.00355604450
0.04899822656	-0.00283199466	0.00368474978
0.04899569766	-0.00287541481	0.00381204614
0.04899319172	-0.00291780144	0.00393789161
0.04899071203	-0.00295914424	0.00406219834
0.04898826032	-0.00299945839	0.00418491182
0.04898583797	-0.00303876272	0.00430599005
0.04898344667	-0.00307706878	0.00442538474
0.04898108798	-0.00311438925	0.00454305118
0.04897876327	-0.00315073780	0.00465894822
0.04897647331	-0.00318613585	0.00477305616
0.04897422002	-0.00322058596	0.00488532545
0.04897200454	-0.00325410067	0.00499571469
0.04896982670	-0.00328671153	0.00510422252
0.04896768736	-0.00331843261	0.00521083456
0.04896558866	-0.00334925777	0.00531548591
0.04896352863	-0.00337924019	0.00541822930
0.04896151036	-0.00340835786	0.00551898639
0.04895953257	-0.00343665106	0.00561778025
0.04895759504	-0.00346414315	0.00571462827
0.04895569998	-0.00349082218	0.00580947505
0.04895384595	-0.00351672675	0.00590234934
0.04895203310	-0.00354187174	0.00599325264
0.04895026149	-0.00356627257	0.00608218879
0.04894853106	-0.00358994522	0.00616916385
0.04894684169	-0.00361290588	0.00625418614
0.04894519314	-0.00363517103	0.00633726600
0.04894358512	-0.00365675747	0.00641841574
0.04894201724	-0.00367768243	0.00649764939
0.04894048906	-0.00369796305	0.00657498280
0.04893899935	-0.00371762599	0.00665046249
0.04893754937	-0.00373666445	0.00672406631
0.04893613795	-0.00375510347	0.00679581964
0.04893476274	-0.00377298237	0.00686580295
0.04893342665	-0.00379027131	0.00693394977
0.04893212554	-0.00380703173	0.00700037191
0.04893086196	-0.00382323794	0.00706501509
0.04892963181	-0.00383894924	0.00712799806
0.04892843829	-0.00385413113	0.00718925324
0.04892727802	-0.00386883253	0.00724886509
0.04892615047	-0.00388306579	0.00730687341
0.04892505678	-0.00389682164	0.00736325912
0.04892399480	-0.00391013210	0.00741808042
0.04892296393	-0.00392300911	0.00747136733
0.04892196337	-0.00393546696	0.00752315811
0.04892099298	-0.00394751135	0.00757347230
0.04892005216	-0.00395915357	0.00762233476
0.04891913980	-0.00397041066	0.00766978417
0.04891825527	-0.00398129391	0.00771585115
0.04891739788	-0.00399181472	0.00776056622
0.04891656696	-0.00400198407	0.00780395986
0.04891576184	-0.00401181299	0.00784606233
0.04891498155	-0.00402131575	0.00788691585
0.04891422601	-0.00403049543	0.00792653721
0.04891349461	-0.00403936201	0.00796495200
0.04891278637	-0.00404792906	0.00800219491
0.04891210063	-0.00405620662	0.00803829495
0.04891143635	-0.00406420895	0.00807329602
0.04891079324	-0.00407194117	0.00810722571
0.04891017182	-0.00407939858	0.00814007508
0.04890957033	-0.00408660374	0.00817189415
0.04890898937	-0.00409355092	0.00820265838
0.04890873433	-0.00409659696	0.00821597846
0.04890860087	-0.00409818999	0.00822955093
0.04890859070	-0.00409831137	0.00824321668
0.04890870394	-0.00409695967	0.00825681550
0.04890893916	-0.00409415072	0.00827018794
0.04890929334	-0.00408991745	0.00828317722
0.04890976197	-0.00408430944	0.00829563107
0.04891033910	-0.00407739241	0.00830740346
0.04891101742	-0.00406924741	0.00831835639
0.04891178840	-0.00405996989	0.00832836143
0.04891264238	-0.00404966856	0.00833730128
0.04891356874	-0.00403846416	0.00834507114
0.04891455606	-0.00402648798	0.00835157991
0.04891559224	-0.00401388041	0.00835675128
0.04941590697	0.00426944238	-0.00437781832
0.04941920783	0.00423106342	-0.00445009951
0.04942099510	0.00421013581	-0.00447859857
0.04942253944	0.00419196793	-0.00449999380
0.04942399495	0.00417477229	-0.00451758753
0.04942538609	0.00415827009	-0.00453280161
0.04942674311	0.00414210880	-0.00454628414
0.04942810025	0.00412588242	-0.00455832925
0.04942943008	0.00410991991	-0.00456936650
0.04943076855	0.00409379044	-0.00457943052
0.04943212201	0.00407741501	-0.00458862880
0.04943346905	0.00406105136	-0.00459717705
0.04943483009	0.00404444977	-0.00460505968
0.04943621965	0.00402742926	-0.00461226089
0.04943762059	0.00401019578	-0.00461891414
0.04943903597	0.00399270868	-0.00462504582
0.04944047381	0.00397486473	-0.00463064612
0.04944193554	0.00395664122	-0.00463573011
0.04944342244	0.00393801693	-0.00464030895
0.04944493562	0.00391897201	-0.00464439013
0.04944647713	0.00389947421	-0.00464797211
0.04944804555	0.00387953491	-0.00465107009
0.04944964087	0.00385914725	-0.00465369005
0.04945126936	0.00383822344	-0.00465579890
0.04945292756	0.00381679916	-0.00465741586
0.04945461639	0.00379485407	-0.00465853505
0.04945633684	0.00377236622	-0.00465914903
0.04945808939	0.00374931919	-0.00465925074
0.04945987453	0.00372569617	-0.00465883286
0.04946169557	0.00370144181	-0.00465786793
0.04946356345	0.00367639644	-0.00465627323
0.04946545042	0.00365091969	-0.00465421487
0.04946737280	0.00362477977	-0.00465158694
0.04946935165	0.00359767245	-0.00464823087
0.04947134250	0.00357019207	-0.00464442657
0.04947338889	0.00354172155	-0.00463987293
0.04947545784	0.00351270146	-0.00463477471
0.04947757860	0.00348270238	-0.00462891283
0.04947971950	0.00345215268	-0.00462249147
0.04948191698	0.00342051043	-0.00461522921
0.04948413812	0.00338822582	-0.00460733862
0.04948639566	0.00335509229	-0.00459871127
0.04948869511	0.00332100234	-0.00458927689
0.04949103331	0.00328597346	-0.00457902608
0.04949340082	0.00325011934	-0.00456800595
0.04949580391	0.00321331530	-0.00455613871
0.04949824138	0.00317554725	-0.00454339956
0.04950071190	0.00313680118	-0.00452976298
0.04950321404	0.00309706314	-0.00451520288
0.04950574623	0.00305631977	-0.00449969176
0.04950830679	0.00301455779	-0.00448320155
0.04951090117	0.00297164354	-0.00446562972
0.04951351581	0.00292775556	-0.00444705187
0.04951615130	0.00288283890	-0.00442741698
0.04951881360	0.00283674111	-0.00440660748
0.04952149481	0.00278954334	-0.00438463528
0.04952418833	0.00274130804	-0.00436151202
0.04952690290	0.00269181887	-0.00433706997
0.04952962306	0.00264129509	-0.00431140608
0.04953235167	0.00258962124	-0.00428441785
0.04953509124	0.00253667810	-0.00425598262
0.04953782566	0.00248270594	-0.00422621077
0.04954055906	0.00242755188	-0.00419496730
0.04954328720	0.00237122200	-0.00416220758
0.04954600570	0.00231372405	-0.00412788634
0.04954871009	0.00225506734	-0.00409195798
0.04955139576	0.00219526261	-0.00405437688
0.04955405804	0.00213432224	-0.00401509735
0.04955669215	0.00207226047	-0.00397407356
0.04955929322	0.00200909312	-0.00393126002
0.04956185636	0.00194483778	-0.00388661161
0.04956437887	0.00187945403	-0.00384003687
0.04956685447	0.00181299138	-0.00379150275
0.04956927402	0.00174558684	-0.00374105542
0.04957164114	0.00167701952	-0.00368845971
0.04957394035	0.00160761871	-0.00363390263
0.04957617692	0.00153710197	-0.00357709922
0.04957833637	0.00146579762	-0.00351823901
0.04958042060	0.00139351809	-0.00345711359
0.04958242228	0.00132037888	-0.00339374015
0.04958433541	0.00124646785	-0.00332812931
0.04958615701	0.00117176497	-0.00326020349
0.04958788248	0.00109631697	-0.00318993541
0.04958950759	0.00102016503	-0.00311729450
0.04959102801	0.00094336676	-0.00304226733
0.04959243957	0.00086598905	-0.00296485471
0.04959373911	0.00078806152	-0.00288502639
0.04959492357	0.00070961679	-0.00280275369
0.04959598952	0.00063073293	-0.00271805297
0.04959693426	0.00055146383	-0.00263092472
0.04959775550	0.00047185754	-0.00254136836
0.04959845120	0.00039196763	-0.00244939175
0.04959901966	0.00031184756	-0.00235500545
0.04959945981	0.00023148665	-0.00225815062
0.04959976991	0.00015107869	-0.00215898622
0.04959994975	0.00007060595	-0.00205747675
0.04959999900	-0.00000993969	-0.00195357622
0.04959991764	-0.00009038649	-0.00184743721
0.04959970617	-0.00017072655	-0.00173906125
0.04959936503	-0.00025097489	-0.00162840763
0.04959889599	-0.00033093219	-0.00151568428
0.04959829966	-0.00041069519	-0.00140078317
0.04959757864	-0.00049009489	-0.00128388672
0.04959673443	-0.00056915180	-0.00116498328
0.04959576966	-0.00064778962	-0.00104416223
0.04959468723	-0.00072594653	-0.00092151456
0.04959348944	-0.00080362019	-0.00079705755
0.04959218068	-0.00088069052	-0.00067096129
0.04959076267	-0.00095721343	-0.00054318339
0.04958924140	-0.00103302337	-0.00041396208
0.04958761796	-0.00110821717	-0.00028321423
0.04958589935	-0.00118261829	-0.00015119916
0.04958408734	-0.00125629704	-0.00001788489
0.04958218768	-0.00132915943	0.00011656675
0.04958020482	-0.00140117445	0.00025205019
0.04957814160	-0.00147237085	0.00038855151
0.04957600543	-0.00154262292	0.00052584255
0.04957379920	-0.00161196563	0.00066388894
0.04957152692	-0.00168039234	0.00080262509
0.04956919566	-0.00174781040	0.00094185202
0.04956680869	-0.00181424258	0.00108151167
0.04956437074	-0.00187966826	0.00122149750
0.04956188612	-0.00194407940	0.00136172467
0.04955936063	-0.00200742965	0.00150204590
0.04955679837	-0.00206971862	0.00164236845
0.04955420368	-0.00213093813	0.00178259246
0.04955158099	-0.00219107766	0.00192261345
0.04954893467	-0.00225012739	0.00206232877
0.04954626895	-0.00230808000	0.00220163699
0.04954358794	-0.00236493013	0.00234043833
0.04954089488	-0.00242068891	0.00247866381
0.04953819517	-0.00247532210	0.00261617420
0.04953549185	-0.00252884313	0.00275288940
0.04953278798	-0.00258126234	0.00288873295
0.04953008651	-0.00263259012	0.00302364456
0.04952739310	-0.00268278442	0.00315746338
0.04952470744	-0.00273191388	0.00329021249
0.04952203625	-0.00277991462	0.00342170529
0.04951937839	-0.00282686473	0.00355198277
0.04951674023	-0.00287270555	0.00368087614
0.04951412221	-0.00291748216	0.00380836319
0.04951152628	-0.00296121007	0.00393440147
0.04950895592	-0.00300387815	0.00405890316
0.04950641296	-0.00304550098	0.00418181339
0.04950389890	-0.00308609686	0.00430308975
0.04950141558	-0.00312567684	0.00442268365
0.04949896466	-0.00316425307	0.00454055011
0.04949654764	-0.00320183880	0.00465664771
0.04949416540	-0.00323845514	0.00477095632
0.04949181995	-0.00327410418	0.00488342635
0.04948951258	-0.00330879806	0.00499401623
0.04948724318	-0.00334256817	0.00510272408
0.04948501271	-0.00337542842	0.00520953526
0.04948282344	-0.00340737211	0.00531438515
0.04948067343	-0.00343845271	0.00541732552
0.04947856590	-0.00346864764	0.00551827858
0.04947649963	-0.00349799725	0.00561726682
0.04947447444	-0.00352652501	0.00571430726
0.04947249266	-0.00355421856	0.00580934491
0.04947055289	-0.00358111668	0.00590240801
0.04946865534	-0.00360723426	0.00599349794
0.04946680011	-0.00363258674	0.00608261842
0.04946498721	-0.00365719018	0.00616977543
0.04946321655	-0.00368106083	0.00625497717
0.04946148794	-0.00370421530	0.00633823393
0.04945980112	-0.00372667049	0.00641955790
0.04945815574	-0.00374844380	0.00649896306
0.04945655137	-0.00376955251	0.00657646517
0.04945498681	-0.00379002369	0.00665211045
0.04945346337	-0.00380985046	0.00672587717
0.04945197988	-0.00382905807	0.00679779052
0.04945053396	-0.00384768652	0.00686793040
0.04944912861	-0.00386570557	0.00693623125
0.04944775963	-0.00388317755	0.00700280394
0.04944642964	-0.00390007644	0.00706759500
0.04944513446	-0.00391646252	0.00713072224
0.04944387738	-0.00393230086	0.00719211908
0.04944265496	-0.00394764112	0.00725186932
0.04944146666	-0.00396249601	0.00731001274
0.04944031366	-0.00397685624	0.00736653074
0.04943919376	-0.00399075432	0.00742148122
0.04943810638	-0.00400420253	0.00747489421
0.04943705067	-0.00401721555	0.00752680796
0.04943602651	-0.00402979931	0.00757724215
0.04943503328	-0.00404196539	0.00762622172
0.04943406986	-0.00405373122	0.00767378528
0.04943313558	-0.00406510840	0.00771996351
0.04943222975	-0.00407610867	0.00776478694
0.04943135168	-0.00408674333	0.00780828612
0.04943050067	-0.00409702374	0.00785049134
0.04942967572	-0.00410696458	0.00789144477
0.04942887677	-0.00411656915	0.00793116339
0.04942810315	-0.00412584773	0.00796967285
0.04942735388	-0.00413481423	0.00800700784
0.04942662827	-0.00414347901	0.00804319740
0.04942592524	-0.00415185672	0.00807828535
0.04942524449	-0.00415995283	0.00811229939
0.04942458654	-0.00416776264	0.00814523095
0.04942394959	-0.00417530917	0.00817712986
0.04942333426	-0.00418258658	0.00820797203
0.04942306585	-0.00418575708	0.00822126306
0.04942292014	-0.00418747709	0.00823482020
0.04942289901	-0.00418772647	0.00824848449
0.04942300273	-0.00418650229	0.00826209575
0.04942322996	-0.00418381890	0.00827549438
0.04942357781	-0.00417970773	0.00828852330
0.04942404185	-0.00417421695	0.00830102977
0.04942461620	-0.00416741091	0.00831286715
0.04942529359	-0.00415936935	0.00832389665
0.04942606551	-0.00415018651	0.00833398898
0.04942692230	-0.00413996999	0.00834302581
0.04942785332	-0.00412883952	0.00835090118
0.04942884708	-0.00411692556	0.00835752277
0.04942989142	-0.00410436773	0.00836281294
0.04993349680	0.00431975658	-0.00437182629
0.04993677868	0.00428165095	-0.00444425899
0.04993856122	0.00426081022	-0.00447283410
0.04994010335	0.00424269694	-0.00449429264
0.04994155799	0.00422553965	-0.00451194546
0.04994294925	0.00420906404	-0.00452721497
0.04994430715	0.00419292063	-0.00454075092
0.04994566575	0.00417670593	-0.00455284974
0.04994699765	0.00416074822	-0.00456393848
0.04994833867	0.00414461868	-0.00457405445
0.04994969514	0.00412823880	-0.00458330552
0.04995104566	0.00411186550	-0.00459190549
0.04995241062	0.00409525005	-0.00459984036
0.04995380451	0.00407821220	-0.00460709545
0.04995521022	0.00406095707	-0.00461380273
0.04995663079	0.00404344412	-0.00461998876
0.04995807425	0.00402557047	-0.00462564436
0.04995954202	0.00400731341	-0.00463078468
0.04996103540	0.00398865167	-0.00463542095
0.04996255549	0.00396956537	-0.00463956072
0.04996410436	0.00395002224	-0.00464320260
0.04996568059	0.00393003349	-0.00464636163
0.04996728419	0.00390959214	-0.00464904378
0.04996892142	0.00388861055	-0.00465121649
0.04997058886	0.00386712409	-0.00465289866
0.04997228743	0.00384511235	-0.00465408447
0.04997401812	0.00382255325	-0.00465476657
0.04997578143	0.00379943026	-0.00465493793
0.04997757787	0.00377572642	-0.00465459128
0.04997941076	0.00375138636	-0.00465369947
0.04998129105	0.00372625075	-0.00465218089
0.04998319102	0.00370067775	-0.00465019890
0.04998512698	0.00367443617	-0.00464764923
0.04998712002	0.00364722255	-0.00464437548
0.04998912568	0.00361962899	-0.00464065304
0.04999118752	0.00359104022	-0.00463618534
0.04999327258	0.00356189510	-0.00463117371
0.04999541012	0.00353176535	-0.00462540227
0.04999756849	0.00350107770	-0.00461907179
0.04999978415	0.00346929165	-0.00461190495
0.05000202419	0.00343685569	-0.00460411076
0.05000430136	0.00340356364	-0.00459558224
0.05000662120	0.00336930801	-0.00458624989
0.05000898057	0.00333410592	-0.00457610410
0.05001137002	0.00329807043	-0.00456519096
0.05001379587	0.00326107690	-0.00455343356
0.05001625692	0.00322311095	-0.00454080710
0.05001875184	0.00318415828	-0.00452728610
0.05002127924	0.00314420466	-0.00451284445
0.05002383756	0.00310323639	-0.00449745467
0.05002642512	0.00306123989	-0.00448108871
0.05002904740	0.00301808147	-0.00446364503
0.05003169084	0.00297393883	-0.00444519765
0.05003435603	0.00292875681	-0.00442569589
0.05003704896	0.00288238296	-0.00440502338
0.05003976173	0.00283489781	-0.00438319125
0.05004248774	0.00278636329	-0.00436021050
0.05004523576	0.00273656314	-0.00433591520
0.05004799028	0.00268571571	-0.00431040027
0.05005075420	0.00263370541	-0.00428356415
0.05005353004	0.00258041280	-0.00425528519
0.05005630164	0.00252607725	-0.00422567151
0.05005907314	0.00247054575	-0.00419458940
0.05006184030	0.00241382395	-0.00416199414
0.05006459872	0.00235591912	-0.00412784033
0.05006734390	0.00229684011	-0.00409208221
0.05007007123	0.00223659718	-0.00405467405
0.05007277599	0.00217520225	-0.00401556999
0.05007545336	0.00211266908	-0.00397472402
0.05007809846	0.00204901305	-0.00393209048
0.05008070633	0.00198425127	-0.00388762405
0.05008327426	0.00191834291	-0.00384123369
0.05008579591	0.00185133696	-0.00379288589
0.05008826202	0.00178336989	-0.00374262538
0.05009067626	0.00171422057	-0.00369021936
0.05009302295	0.00164421757	-0.00363585142
0.05009530741	0.00157307828	-0.00357923966
0.05009751498	0.00150113037	-0.00352057016
0.05009964755	0.00142818602	-0.00345963661
0.05010169766	0.00135436027	-0.00339645508
0.05010365919	0.00127974060	-0.00333103530
0.05010552909	0.00120430668	-0.00326330004
0.05010730265	0.00112810489	-0.00319322165
0.05010897553	0.00105117610	-0.00312076923
0.05011054327	0.00097357766	-0.00304592890
0.05011200157	0.00089537621	-0.00296870087
0.05011334715	0.00081660119	-0.00288905472
0.05011457683	0.00073728501	-0.00280696163
0.05011568703	0.00065750563	-0.00272243727
0.05011667492	0.00057731685	-0.00263548171
0.05011753808	0.00049676667	-0.00254609405
0.05011827431	0.00041590867	-0.00245428177
0.05011888179	0.00033479634	-0.00236005505
0.05011935932	0.00025341894	-0.00226335556
0.05011970497	0.00017197060	-0.00216434011
0.05011991841	0.00009043371	-0.00206297374
0.05011999923	0.00000880019	-0.00195921096
0.05011994719	-0.00007275771	-0.00185320251
0.05011976269	-0.00015423181	-0.00174495014
0.05011944608	-0.00023563701	-0.00163441381
0.05011899894	-0.00031677314	-0.00152179918
0.05011842182	-0.00039773690	-0.00140699996
0.05011771716	-0.00047835844	-0.00129019672
0.05011688639	-0.00055865789	-0.00117137854
0.05011593203	-0.00063855829	-0.00105063422
0.05011485688	-0.00071799708	-0.00092805437
0.05011366317	-0.00079697140	-0.00080365673
0.05011235521	-0.00087536010	-0.00067761015
0.05011093468	-0.00095321874	-0.00054987359
0.05010940746	-0.00103038039	-0.00042068337
0.05010777465	-0.00110694162	-0.00028995833
0.05010604318	-0.00118272438	-0.00015795567
0.05010421482	-0.00125779850	-0.00002464500
0.05010229528	-0.00133206877	0.00010981271
0.05010028903	-0.00140550315	0.00024531186
0.05009819890	-0.00147812972	0.00038183753
0.05009603232	-0.00154982121	0.00051916295
0.05009379220	-0.00162061179	0.00065725273
0.05009148261	-0.00169049393	0.00079604080
0.05008911064	-0.00175937348	0.00093532912
0.05008667963	-0.00182727230	0.00107505883
0.05008419436	-0.00189416865	0.00121512316
0.05008165922	-0.00196005350	0.00135543688
0.05007908011	-0.00202487919	0.00149585299
0.05007646119	-0.00208864427	0.00163627828
0.05007380691	-0.00215133948	0.00177661258
0.05007112180	-0.00221295318	0.00191675111
0.05006841034	-0.00227347448	0.00205659098
0.05006567688	-0.00233289498	0.00219603043
0.05006292563	-0.00239120825	0.00233496939
0.05006015998	-0.00244842457	0.00247333828
0.05005738544	-0.00250450842	0.00261099806
0.05005460520	-0.00255947230	0.00274786811
0.05005182243	-0.00261332567	0.00288387147
0.05004904022	-0.00266607815	0.00301894729
0.05004626441	-0.00271768634	0.00315293522
0.05004349474	-0.00276821859	0.00328585684
0.05004073817	-0.00281760959	0.00341752644
0.05003799360	-0.00286593727	0.00354798340
0.05003526762	-0.00291314164	0.00367705974
0.05003256077	-0.00295926732	0.00380473235
0.05002987513	-0.00300432925	0.00393095827
0.05002721432	-0.00304831550	0.00405564974
0.05002458031	-0.00309124002	0.00417875153
0.05002197472	-0.00313312063	0.00430022082
0.05001939952	-0.00317396782	0.00442000874
0.05001685649	-0.00321379328	0.00453807003
0.05001434724	-0.00325260978	0.00465436302
0.05001187276	-0.00329043813	0.00476886715
0.05000943519	-0.00332727998	0.00488153279
0.05000703593	-0.00336314703	0.00499231820
0.05000467495	-0.00339807055	0.00510122101
0.05000235330	-0.00343206423	0.00520822632
0.05000007337	-0.00346512088	0.00531326976
0.04999783328	-0.00349729422	0.00541640217
0.04999563638	-0.00352856108	0.00551754632
0.04999348147	-0.00355896193	0.00561672412
0.04999136848	-0.00358852031	0.00571395221
0.04998929980	-0.00361722345	0.00580917602
0.04998727409	-0.00364511033	0.00590242329
0.04998529162	-0.00367219581	0.00599369525
0.04998335255	-0.00369849540	0.00608299556
0.04998145693	-0.00372402519	0.00617033007
0.04997960471	-0.00374880153	0.00625570691
0.04997779577	-0.00377284111	0.00633913626
0.04997602987	-0.00379616098	0.00642063025
0.04997430669	-0.00381877866	0.00650020277
0.04997262585	-0.00384071161	0.00657786953
0.04997098612	-0.00386198728	0.00665367641
0.04996938890	-0.00388259869	0.00672760210
0.04996783302	-0.00390257137	0.00679967164
0.04996631606	-0.00392194592	0.00686996434
0.04996484112	-0.00394069175	0.00693841556
0.04996340393	-0.00395887202	0.00700513520
0.04996200719	-0.00397646046	0.00707007064
0.04996064663	-0.00399351825	0.00713333871
0.04995932565	-0.00401001010	0.00719487385
0.04995804074	-0.00402598632	0.00725475921
0.04995679134	-0.00404146005	0.00731303452
0.04995557868	-0.00405642195	0.00736968170
0.04995440053	-0.00407090504	0.00742475832
0.04995325628	-0.00408492190	0.00747829443
0.04995214509	-0.00409848762	0.00753032824
0.04995106682	-0.00411160836	0.00758087962
0.04995002085	-0.00412429598	0.00762997355
0.04994900602	-0.00413656830	0.00767764859
0.04994802167	-0.00414843724	0.00772393545
0.04994706706	-0.00415991486	0.00776886472
0.04994614152	-0.00417101279	0.00781246697
0.04994524430	-0.00418174272	0.00785477254
0.04994437438	-0.00419211973	0.00789582355
0.04994353169	-0.00420214734	0.00793563716
0.04994271555	-0.00421183612	0.00797423910
0.04994192495	-0.00422120033	0.00801166402
0.04994115917	-0.00423025064	0.00804794102
0.04994041711	-0.00423900213	0.00808311385
0.04993969843	-0.00424746055	0.00811721027
0.04993900367	-0.00425562124	0.00815022213
0.04993833099	-0.00426350767	0.00818219903
0.04993768102	-0.00427111390	0.00821311735
0.04993739926	-0.00427440699	0.00822637857
0.04993724128	-0.00427625221	0.00823991940
0.04993720911	-0.00427662792	0.00825358108
0.04993730315	-0.00427552973	0.00826720344
0.04993752220	-0.00427297050	0.00828062679
0.04993786347	-0.00426898021	0.00829369373
0.04993832263	-0.00426360564	0.00830625107
0.04993889386	-0.00425690974	0.00831815158
0.04993956994	-0.00424897097	0.00832925576
0.04994034238	-0.00423988237	0.00833943340
0.04994120154	-0.00422975044	0.00834856519
0.04994213674	-0.00421869391	0.00835654406
0.04994313644	-0.00420684237	0.00836327646
0.04994418841	-0.00419433472	0.00836868348
0.05045111323	0.00436975670	-0.00436602242
0.05045437650	0.00433191547	-0.00443860069
0.05045615440	0.00431115801	-0.00446724891
0.05045769438	0.00429309657	-0.00448876829
0.05045914818	0.00427597533	-0.00450647791
0.05046053956	0.00425952427	-0.00452180072
0.05046189832	0.00424339693	-0.00453538803
0.05046325837	0.00422719228	-0.00454753849
0.05046459230	0.00421123783	-0.00455867676
0.05046593583	0.00419510680	-0.00456884270
0.05046729525	0.00417872116	-0.00457814456
0.05046864919	0.00416233695	-0.00458679430
0.05047001801	0.00414570648	-0.00459477944
0.05047141614	0.00412865019	-0.00460208639
0.05047282652	0.00411137238	-0.00460884568
0.05047425219	0.00409383262	-0.00461508404
0.05047570116	0.00407592836	-0.00462079290
0.05047717487	0.00405763687	-0.00462598746
0.05047867460	0.00403893688	-0.00463067904
0.05048020147	0.00401980844	-0.00463487525
0.05048175755	0.00400021929	-0.00463857484
0.05048334145	0.00398018044	-0.00464179271
0.05048495317	0.00395968479	-0.00464453479
0.05048659898	0.00393864487	-0.00464676906
0.05048827548	0.00391709575	-0.00464851410
0.05048998359	0.00389501690	-0.00464976416
0.05049172433	0.00387238617	-0.00465051195
0.05049349820	0.00384918687	-0.00465075049
0.05049530572	0.00382540191	-0.00465047255
0.05049715024	0.00380097593	-0.00464965129
0.05049904269	0.00377574991	-0.00464820617
0.05050095540	0.00375008055	-0.00464629790
0.05050290468	0.00372373724	-0.00464382377
0.05050491163	0.00369641734	-0.00464062952
0.05050693182	0.00366871064	-0.00463698612
0.05050900883	0.00364000376	-0.00463260143
0.05051110968	0.00361073379	-0.00462767345
0.05051326369	0.00358047366	-0.00462198939
0.05051543919	0.00354964835	-0.00461574673
0.05051767269	0.00351771893	-0.00460867214
0.05051993126	0.00348513208	-0.00460097112
0.05052222769	0.00345168205	-0.00459253817
0.05052456754	0.00341726136	-0.00458330450
0.05052694768	0.00338188678	-0.00457326030
0.05052935867	0.00334567068	-0.00456245066
0.05053180685	0.00330848852	-0.00455079954
0.05053429103	0.00327032563	-0.00453828216
0.05053680992	0.00323116741	-0.00452487304
0.05053936212	0.00319099933	-0.00451054609
0.05054194608	0.00314980739	-0.00449527383
0.05054456015	0.00310757768	-0.00447902819
0.05054720984	0.00306417654	-0.00446170869
0.05054988154	0.00301978076	-0.00444338775
0.05055257591	0.00297433502	-0.00442401501
0.05055529893	0.00292768686	-0.00440347531
0.05055804271	0.00287991619	-0.00438177902
0.05056080064	0.00283108441	-0.00435893646
0.05056358152	0.00278097539	-0.00433478354
0.05056636982	0.00272980654	-0.00430941315
0.05056916844	0.00267746213	-0.00428272465
0.05057197994	0.00262382255	-0.00425459740
0.05057478809	0.00256912622	-0.00422513728
0.05057759707	0.00251322006	-0.00419421189
0.05058040260	0.00245610924	-0.00416177639
0.05058320030	0.00239780059	-0.00412778526
0.05058598562	0.00233830248	-0.00409219262
0.05058875394	0.00227762472	-0.00405495258
0.05059150052	0.00221577877	-0.00401601913
0.05059422049	0.00215277790	-0.00397534612
0.05059690895	0.00208863704	-0.00393288769
0.05059956089	0.00202337284	-0.00388859834
0.05060217357	0.00195694408	-0.00384238746
0.05060474059	0.00188939923	-0.00379422106
0.05060725262	0.00182087417	-0.00374414249
0.05060971332	0.00175114760	-0.00369192126
0.05061210686	0.00168054734	-0.00363773762
0.05061443858	0.00160879063	-0.00358131265
0.05061669365	0.00153620445	-0.00352282909
0.05061887394	0.00146260079	-0.00346208266
0.05062097188	0.00138809420	-0.00339908833
0.05062298125	0.00131277177	-0.00333385500
0.05062489890	0.00123661288	-0.00326630574
0.05062672002	0.00115966357	-0.00319641255
0.05062844016	0.00108196440	-0.00312414425
0.05063005473	0.00100357242	-0.00304948648
0.05063155933	0.00092455408	-0.00297243885
0.05063295052	0.00084493859	-0.00289297081
0.05063422504	0.00076475817	-0.00281105340
0.05063537913	0.00068409065	-0.00272670159
0.05063640986	0.00060298976	-0.00263991506
0.05063731464	0.00052150344	-0.00255069259
0.05063809117	0.00043968524	-0.00245904129
0.05063873745	0.00035758872	-0.00236497097
0.05063925220	0.00027520307	-0.00226842381
0.05063963327	0.00019272273	-0.00216955450
0.05063988025	0.00011013021	-0.00206832859
0.05063999258	0.00002741750	-0.00196470112
0.05063996987	-0.00005524270	-0.00185882098
0.05063981240	-0.00013784193	-0.00175069017
0.05063952040	-0.00022039491	-0.00164026931
0.05063909529	-0.00030270075	-0.00152776180
0.05063853756	-0.00038485600	-0.00141306309
0.05063784948	-0.00046669004	-0.00129635190
0.05063703242	-0.00054822259	-0.00117761805
0.05063608877	-0.00062937605	-0.00105694977
0.05063502124	-0.00071008714	-0.00093443726
0.05063383200	-0.00079035247	-0.00081009874
0.05063252525	-0.00087004988	-0.00068410184
0.05063110263	-0.00094923449	-0.00055640686
0.05062956996	-0.00102773811	-0.00042724818
0.05062792829	-0.00110565697	-0.00029654663
0.05062618450	-0.00118281159	-0.00016455733
0.05062434035	-0.00125927127	-0.00003125140
0.05062240153	-0.00133493962	0.00010321100
0.05062037248	-0.00140978357	0.00023872427
0.05061825606	-0.00148383053	0.00037527246
0.05061605972	-0.00155695171	0.00051263024
0.05061378637	-0.00162918045	0.00065076119
0.05061144012	-0.00170050835	0.00078959874
0.05060902811	-0.00177083978	0.00092894583
0.05060655372	-0.00184019569	0.00106874275
0.05060402182	-0.00190855322	0.00120888259
0.05060143684	-0.00197590236	0.00134927968
0.05059880476	-0.00204219415	0.00148978731
0.05059612985	-0.00210742608	0.00163031183
0.05059341663	-0.00217158781	0.00177075274
0.05059066974	-0.00223466661	0.00191100501
0.05058789377	-0.00229665052	0.00205096546
0.05058509318	-0.00235753003	0.00219053206
0.05058227231	-0.00241729769	0.00232960444
0.05057943463	-0.00247596288	0.00246811241
0.05057658583	-0.00253348886	0.00260591715
0.05057372919	-0.00258988719	0.00274293753
0.05057086804	-0.00264516642	0.00287909607
0.05056800558	-0.00269933542	0.00301433141
0.05056514780	-0.00275234947	0.00314848368
0.05056229458	-0.00280427660	0.00328157297
0.05055945301	-0.00285505008	0.00341341449
0.05055662213	-0.00290474768	0.00354404599
0.05055380867	-0.00295330810	0.00367330033
0.05055101331	-0.00300077547	0.00380115348
0.05054823825	-0.00304716419	0.00392756201
0.05054548726	-0.00309246149	0.00405243819
0.05054276243	-0.00313668076	0.00417572648
0.05054006551	-0.00317983927	0.00429738361
0.05053739860	-0.00322194700	0.00441736048
0.05053476360	-0.00326301514	0.00453561153
0.05053216224	-0.00330305600	0.00465209485
0.05052959562	-0.00334209011	0.00476678946
0.05052706599	-0.00338011863	0.00487964569
0.05052457487	-0.00341715287	0.00499062166
0.05052212233	-0.00345322393	0.00509971446
0.05051970949	-0.00348834533	0.00520690898
0.05051733888	-0.00352250936	0.00531214109
0.05051500866	-0.00355576997	0.00541546072
0.05051272229	-0.00358810346	0.00551679118
0.05051047867	-0.00361955035	0.00561615380
0.05050827774	-0.00365013427	0.00571356487
0.05050612203	-0.00367984209	0.00580897024
0.05050401022	-0.00370871290	0.00590239711
0.05050194266	-0.00373676161	0.00599384664
0.05049991956	-0.00376400373	0.00608332234
0.05049794102	-0.00379045543	0.00617083001
0.05049600705	-0.00381613312	0.00625637766
0.05049411755	-0.00384105361	0.00633997540
0.05049227234	-0.00386523406	0.00642163527
0.05049047112	-0.00388869213	0.00650137109
0.05048871354	-0.00391144544	0.00657919850
0.05048699839	-0.00393352182	0.00665516308
0.05048532711	-0.00395491423	0.00672924391
0.05048369855	-0.00397564840	0.00680146588
0.05048211027	-0.00399576559	0.00687190772
0.05048056546	-0.00401523484	0.00694050570
0.05047905976	-0.00403412015	0.00700736878
0.05047759597	-0.00405239497	0.00707244515
0.05047616974	-0.00407012138	0.00713585068
0.05047478455	-0.00408726375	0.00719752084
0.05047343683	-0.00410387306	0.00725753809
0.05047212604	-0.00411996280	0.00731594216
0.05047085341	-0.00413552365	0.00737271546
0.05046961670	-0.00415058910	0.00742791522
0.05046841529	-0.00416517206	0.00748157153
0.05046724831	-0.00417928799	0.00753372258
0.05046611563	-0.00419294330	0.00758438837
0.05046501661	-0.00420615013	0.00763359396
0.05046395008	-0.00421892667	0.00768137785
0.05046291535	-0.00423128518	0.00772777080
0.05046191169	-0.00424323803	0.00777280342
0.05046093837	-0.00425479718	0.00781650632
0.05045999465	-0.00426597463	0.00785890989
0.05045907949	-0.00427678587	0.00790005619
0.05045819278	-0.00428723466	0.00793996256
0.05045733385	-0.00429733183	0.00797865481
0.05045650165	-0.00430709201	0.00801616757
0.05045569544	-0.00431652616	0.00805252997
0.05045491407	-0.00432564979	0.00808778568
0.05045415720	-0.00433446893	0.00812196257
0.05045342539	-0.00434297896	0.00815505286
0.05045271673	-0.00435120381	0.00818710593
0.05045203188	-0.00435913744	0.00821809866
0.05045173680	-0.00436255128	0.00823132933
0.05045156653	-0.00436451993	0.00824485292
0.05045152324	-0.00436502031	0.00825851088
0.05045160748	-0.00436404657	0.00827214308
0.05045181817	-0.00436161012	0.00828558969
0.05045215264	-0.00435773950	0.00829869307
0.05045260664	-0.00435248007	0.00831129959
0.05045317443	-0.00434589344	0.00832326145
0.05045384884	-0.00433805681	0.00833443840
0.05045462142	-0.00432906199	0.00834469942
0.05045548250	-0.00431901439	0.00835392419
0.05045642142	-0.00430803177	0.00836200457
0.05045742658	-0.00429624284	0.00836884583
0.05045848570	-0.00428378576	0.00837436774
0.05097871049	0.00442040456	-0.00436029504
0.05098195518	0.00438282395	-0.00443301588
0.05098372845	0.00436214775	-0.00446173571
0.05098526629	0.00434413638	-0.00448331468
0.05098671927	0.00432704960	-0.00450107996
0.05098811079	0.00431062155	-0.00451645497
0.05098947043	0.00429450876	-0.00453009260
0.05099083192	0.00427831272	-0.00454229370
0.05099216790	0.00426236006	-0.00455348049
0.05099351394	0.00424622609	-0.00456369542
0.05099487632	0.00422983328	-0.00457304708
0.05099623370	0.00421343670	-0.00458174562
0.05099760637	0.00419678975	-0.00458978004
0.05099900876	0.00417971358	-0.00459713787
0.05100042382	0.00416241161	-0.00460394818
0.05100185459	0.00414484354	-0.00461023787
0.05100330908	0.00412690715	-0.00461599897
0.05100478872	0.00410857971	-0.00462124677
0.05100629480	0.00408983991	-0.00462599264
0.05100782846	0.00407066776	-0.00463024425
0.05100939176	0.00405103099	-0.00463400051
0.05101098332	0.00403094042	-0.00463727615
0.05101260316	0.00401038882	-0.00464007708
0.05101425756	0.00398928888	-0.00464237182
0.05101594312	0.00396767538	-0.00464417862
0.05101766078	0.00394552769	-0.00464549180
0.05101941156	0.00392282353	-0.00464630415
0.05102119599	0.00389954609	-0.00464660871
0.05102301460	0.00387567816	-0.00464639830
0.05102487073	0.00385116434	-0.00464564640
0.05102677535	0.00382584601	-0.00464427354
0.05102870080	0.00380007828	-0.00464243776
0.05103066341	0.00377363119	-0.00464003791
0.05103268427	0.00374620296	-0.00463692190
0.05103471900	0.00371838097	-0.00463335626
0.05103681115	0.00368955383	-0.00462905328
0.05103892781	0.00366015677	-0.00462420762
0.05104109828	0.00362976397	-0.00461860960
0.05104329092	0.00359879866	-0.00461245340
0.05104554225	0.00356672348	-0.00460546967
0.05104781937	0.00353398327	-0.00459786043
0.05105013507	0.00350037271	-0.00458952162
0.05105249493	0.00346578439	-0.00458038520
0.05105489585	0.00343023466	-0.00457044114
0.05105732839	0.00339383523	-0.00455973352
0.05105979892	0.00335646164	-0.00454818720
0.05106230625	0.00331809893	-0.00453577739
0.05106484911	0.00327873221	-0.00452247862
0.05106742613	0.00323834663	-0.00450826482
0.05107003575	0.00319692790	-0.00449310852
0.05107267636	0.00315446178	-0.00447698165
0.05107535347	0.00311081463	-0.00445978473
0.05107805349	0.00306616233	-0.00444158863
0.05108077707	0.00302044936	-0.00442234330
0.05108353021	0.00297352331	-0.00440193481
0.05108630505	0.00292546345	-0.00438037272
0.05108909494	0.00287633063	-0.00435766674
0.05109190874	0.00282590886	-0.00433365455
0.05109473088	0.00277441455	-0.00430842706
0.05109756428	0.00272173190	-0.00428188453
0.05110041152	0.00266774113	-0.00425390735
0.05110325631	0.00261267964	-0.00422459917
0.05110610285	0.00255639431	-0.00419382886
0.05110894686	0.00249888984	-0.00416155149
0.05111178394	0.00244017260	-0.00412772142
0.05111460953	0.00238025049	-0.00409229265
0.05111741898	0.00231913285	-0.00405521914
0.05112020751	0.00225683066	-0.00401645474
0.05112297024	0.00219335673	-0.00397595313
0.05112570222	0.00212872551	-0.00393366828
0.05112839841	0.00206295319	-0.00388955452
0.05113105604	0.00199599817	-0.00384352164
0.05113366865	0.00192790837	-0.00379553520
0.05113622680	0.00185881909	-0.00374563716
0.05113873420	0.00178850887	-0.00369359937
0.05114117484	0.00171730472	-0.00363959868
0.05114355410	0.00164492378	-0.00358335924
0.05114585695	0.00157169230	-0.00352506037
0.05114808527	0.00149742210	-0.00346449988
0.05115023138	0.00142222721	-0.00340169164
0.05115228891	0.00134619433	-0.00333664367
0.05115425467	0.00126930255	-0.00326927940
0.05115612373	0.00119159755	-0.00319957047
0.05115789152	0.00111311960	-0.00312748540
0.05115955334	0.00103392544	-0.00305300935
0.05116110465	0.00095408128	-0.00297614137
0.05116254191	0.00087361614	-0.00289685077
0.05116386171	0.00079256203	-0.00281510842
0.05116506019	0.00071099666	-0.00273092862
0.05116613423	0.00062897365	-0.00264431067
0.05116708115	0.00054654089	-0.00255525301
0.05116789847	0.00046375192	-0.00246376238
0.05116858409	0.00038066033	-0.00236984824
0.05116913659	0.00029725527	-0.00227345326
0.05116955363	0.00021373144	-0.00217473001
0.05116983468	0.00013007151	-0.00207364457
0.05116997908	0.00004626753	-0.00197015250
0.05116998625	-0.00003750737	-0.00186440084
0.05116985636	-0.00012124444	-0.00175639184
0.05116958952	-0.00020495822	-0.00164608679
0.05116918700	-0.00028844708	-0.00153368679
0.05116864918	-0.00037180745	-0.00141908908
0.05116797822	-0.00045486793	-0.00130247050
0.05116717536	-0.00053764783	-0.00118382160
0.05116624292	-0.00062006890	-0.00106323005
0.05116518349	-0.00070206714	-0.00094078565
0.05116399916	-0.00078363861	-0.00081650710
0.05116269405	-0.00086466015	-0.00069056077
0.05116126975	-0.00094518645	-0.00056290833
0.05115973198	-0.00102504802	-0.00043378222
0.05115808178	-0.00110434076	-0.00030310524
0.05115632596	-0.00118288375	-0.00017113041
0.05115446628	-0.00126074573	-0.00003783042
0.05115250838	-0.00133782917	0.00009663544
0.05115045671	-0.00141409993	0.00023216156
0.05114831412	-0.00148958471	0.00036873095
0.05114608807	-0.00156415324	0.00050611971
0.05114378151	-0.00163783800	0.00064429043
0.05114139855	-0.00171062967	0.00078317603
0.05113894640	-0.00178243118	0.00092258042
0.05113642848	-0.00185326253	0.00106244307
0.05113384972	-0.00192309974	0.00120265688
0.05113121461	-0.00199193177	0.00134313581
0.05112852923	-0.00205970839	0.00148373339
0.05112579792	-0.00212642600	0.00162435555
0.05112302530	-0.00219207315	0.00176490148
0.05112021610	-0.00225663601	0.00190526588
0.05111737502	-0.00232010152	0.00204534530
0.05111450664	-0.00238245910	0.00218503743
0.05111161540	-0.00244370021	0.00232424160
0.05110870492	-0.00250383332	0.00246288701
0.05110578100	-0.00256282047	0.00260083510
0.05110284705	-0.00262067227	0.00273800417
0.05109990654	-0.00267739635	0.00287431628
0.05109696279	-0.00273300078	0.00300970951
0.05109402197	-0.00278743954	0.00314402451
0.05109108403	-0.00284078030	0.00327727987
0.05108815628	-0.00289295493	0.00340929172
0.05108523782	-0.00294404097	0.00354009618
0.05108233558	-0.00299397586	0.00366952696
0.05107945036	-0.00304280320	0.00379755910
0.05107658448	-0.00309053681	0.00392414870
0.05107374186	-0.00313716314	0.00404920808
0.05107092473	-0.00318269494	0.00417268136
0.05106813497	-0.00322714895	0.00429452487
0.05106537480	-0.00327053462	0.00441468921
0.05106264624	-0.00331286263	0.00453312860
0.05105995116	-0.00335414486	0.00464980084
0.05105729075	-0.00339440148	0.00476468453
0.05105466740	-0.00343363322	0.00487772998
0.05105208273	-0.00347185095	0.00498889515
0.05104953690	-0.00350908564	0.00509817663
0.05104703115	-0.00354535056	0.00520555906
0.05104456812	-0.00358063754	0.00531097858
0.05104214601	-0.00361500073	0.00541448417
0.05103976843	-0.00364841590	0.00551599972
0.05103743431	-0.00368092363	0.00561554597
0.05103514368	-0.00371254761	0.00571313884
0.05103289917	-0.00374327434	0.00580872462
0.05103069950	-0.00377314308	0.00590232998
0.05102854508	-0.00380216872	0.00599395597
0.05102643619	-0.00383036681	0.00608360601
0.05102437297	-0.00385775357	0.00617128578
0.05102235549	-0.00388434550	0.00625700323
0.05102038370	-0.00391015950	0.00634076835
0.05101845744	-0.00393521286	0.00642259314
0.05101657647	-0.00395952338	0.00650249131
0.05101474046	-0.00398310884	0.00658047845
0.05101294820	-0.00400599744	0.00665659981
0.05101120121	-0.00402818209	0.00673083491
0.05100949834	-0.00404968875	0.00680320846
0.05100783711	-0.00407055928	0.00687379861
0.05100622083	-0.00409076241	0.00694254255
0.05100464505	-0.00411036294	0.00700954827
0.05100311265	-0.00412933408	0.00707476481
0.05100161922	-0.00414773880	0.00713830706
0.05100016830	-0.00416554113	0.00720011151
0.05099875631	-0.00418279270	0.00726025997
0.05099738265	-0.00419950742	0.00731879211
0.05099604864	-0.00421567591	0.00737569086
0.05099475196	-0.00423133220	0.00743101312
0.05099349201	-0.00424648950	0.00748478902
0.05099226789	-0.00426116365	0.00753705669
0.05099107947	-0.00427536132	0.00758783631
0.05098992611	-0.00428909494	0.00763715299
0.05098880661	-0.00430238307	0.00768504519
0.05098772027	-0.00431523830	0.00773154368
0.05098666633	-0.00432767333	0.00777667913
0.05098564406	-0.00433970045	0.00782048218
0.05098465269	-0.00435133196	0.00786298327
0.05098369114	-0.00436258380	0.00790422438
0.05098275932	-0.00437345992	0.00794422305
0.05098185652	-0.00438397148	0.00798300517
0.05098098166	-0.00439413344	0.00802060534
0.05098013400	-0.00440395706	0.00805705273
0.05097931233	-0.00441345828	0.00809239093
0.05097851631	-0.00442264343	0.00812664788
0.05097774649	-0.00443150795	0.00815981623
0.05097700093	-0.00444007619	0.00819194511
0.05097628030	-0.00444834205	0.00822301190
0.05097597170	-0.00445187707	0.00823621073
0.05097578890	-0.00445396972	0.00824971585
0.05097573422	-0.00445459549	0.00826336891
0.05097580835	-0.00445374703	0.00827700986
0.05097601037	-0.00445143429	0.00829047876
0.05097633769	-0.00444768436	0.00830361769
0.05097678617	-0.00444254119	0.00831627263
0.05097735014	-0.00443606504	0.00832829520
0.05097802249	-0.00442833180	0.00833954445
0.05097879481	-0.00441943207	0.00834988849
0.05097965744	-0.00440947015	0.00835920605
0.05098059970	-0.00439856279	0.00836738788
0.05098160996	-0.00438683781	0.00837433807
0.05098267587	-0.00437443264	0.00837997512
0.05149637902	0.00446979280	-0.00435485660
0.05149960586	0.00443245940	-0.00442771186
0.05150137470	0.00441185949	-0.00445649921
0.05150291050	0.00439389462	-0.00447813435
0.05150436269	0.00437683944	-0.00449595211
0.05150575436	0.00436043205	-0.00451137635
0.05150711486	0.00434433180	-0.00452506143
0.05150847776	0.00432814263	-0.00453731030
0.05150981572	0.00431219026	-0.00454854286
0.05151116420	0.00429605205	-0.00455880400
0.05151252943	0.00427965095	-0.00456820266
0.05151389013	0.00426324104	-0.00457694724
0.05151526653	0.00424657679	-0.00458502817
0.05151667301	0.00422948006	-0.00459243403
0.05151809259	0.00421215340	-0.00459929251
0.05151952829	0.00419455661	-0.00460563067
0.05152098809	0.00417658781	-0.00461144110
0.05152247346	0.00415822426	-0.00461673917
0.05152398566	0.00413944462	-0.00462153631
0.05152552585	0.00412022886	-0.00462584026
0.05152709611	0.00410054468	-0.00462965005
0.05152869505	0.00408040272	-0.00463298029
0.05153032272	0.00405979563	-0.00463583685
0.05153198538	0.00403863628	-0.00463818874
0.05153367966	0.00401695912	-0.00464005393
0.05153540652	0.00399474343	-0.00464142678
0.05153716697	0.00397196683	-0.00464230018
0.05153896158	0.00394861238	-0.00464266719
0.05154079086	0.00392466274	-0.00464252066
0.05154265818	0.00390006250	-0.00464183438
0.05154457451	0.00387465341	-0.00464052991
0.05154651223	0.00384878902	-0.00463876273
0.05154848767	0.00382224003	-0.00463643319
0.05155052192	0.00379470550	-0.00463339126
0.05155257065	0.00376677041	-0.00462989924
0.05155467740	0.00373782537	-0.00462567365
0.05155680928	0.00370830375	-0.00462090596
0.05155899560	0.00367778102	-0.00461538947
0.05156120475	0.00364667860	-0.00460931518
0.05156347325	0.00361446077	-0.00460241759
0.05156576823	0.00358157051	-0.00459489534
0.05156810249	0.00354780292	-0.00458664578
0.05157048162	0.00351305068	-0.00457760158
0.05157290255	0.00347732975	-0.00456775250
0.05157535586	0.00344075114	-0.00455714168
0.05157784790	0.00340319050	-0.00454569478
0.05158037754	0.00336463260	-0.00453338706
0.05158294351	0.00332506226	-0.00452019304
0.05158554443	0.00328446432	-0.00450608668
0.05158817879	0.00324282419	-0.00449104048
0.05159084497	0.00320012733	-0.00447502641
0.05159354851	0.00315624013	-0.00445794597
0.05159627582	0.00311133756	-0.00443986848
0.05159902755	0.00306536391	-0.00442074426
0.05160180975	0.00301816683	-0.00440046048
0.05160461452	0.00296982496	-0.00437902601
0.05160743524	0.00292039858	-0.00435644991
0.05161028079	0.00286967192	-0.00433257160
0.05161313557	0.00281786036	-0.00430748007
0.05161600251	0.00276484804	-0.00428107647
0.05161888422	0.00271051504	-0.00425324215
0.05162176436	0.00265509771	-0.00422407861
0.05162464716	0.00259844293	-0.00419345600
0.05162752832	0.00254055496	-0.00416132927
0.05163040342	0.00248143971	-0.00412765266
0.05163326789	0.00242110460	-0.00409238006
0.05163611705	0.00235955853	-0.00405546530
0.05163894610	0.00229681203	-0.00401686209
0.05164175015	0.00223287743	-0.00397652396
0.05164452419	0.00216776873	-0.00393440470
0.05164726315	0.00210150166	-0.00389045849
0.05164996423	0.00203403428	-0.00384459550
0.05165262092	0.00196541396	-0.00379678088
0.05165522370	0.00189577539	-0.00374705524
0.05165777629	0.00182489704	-0.00369519267
0.05166026251	0.00175310503	-0.00364136680
0.05166268778	0.00168011652	-0.00358530468
0.05166503691	0.00160625694	-0.00352718238
0.05166731175	0.00153133798	-0.00346679970
0.05166950452	0.00145547319	-0.00340416947
0.05167160876	0.00137874886	-0.00333929887
0.05167362117	0.00130114380	-0.00327211165
0.05167553673	0.00122270335	-0.00320257913
0.05167735077	0.00114346746	-0.00313066954
0.05167905846	0.00106349261	-0.00305636760
0.05168065514	0.00098284474	-0.00297967180
0.05168213717	0.00090155269	-0.00290055130
0.05168350101	0.00081964830	-0.00281897684
0.05168474265	0.00073720910	-0.00273496207
0.05168585886	0.00065428862	-0.00264850590
0.05168684681	0.00057093470	-0.00255960649
0.05168770391	0.00048720088	-0.00246827019
0.05168842789	0.00040314075	-0.00237450612
0.05168901723	0.00031874345	-0.00227825746
0.05168946942	0.00023420389	-0.00217967471
0.05168978379	0.00014950491	-0.00207872445
0.05168995958	0.00006463863	-0.00197536278
0.05168999604	-0.00002022144	-0.00186973492
0.05168989322	-0.00010506624	-0.00176184337
0.05168965113	-0.00018991013	-0.00165165007
0.05168927086	-0.00027455084	-0.00153935392
0.05168875272	-0.00035908460	-0.00142485385
0.05168809873	-0.00044333930	-0.00130832491
0.05168731004	-0.00052733385	-0.00118975836
0.05168638885	-0.00061098935	-0.00106924132
0.05168533766	-0.00069424112	-0.00094686318
0.05168415850	-0.00077708469	-0.00082264313
0.05168285536	-0.00085939592	-0.00069674632
0.05168142982	-0.00094122908	-0.00056913573
0.05167988749	-0.00102241345	-0.00044004192
0.05167822939	-0.00110304455	-0.00030938962
0.05167646227	-0.00118294013	-0.00017742978
0.05167458787	-0.00126216835	-0.00004413663
0.05167261179	-0.00134063055	0.00009033139
0.05167053850	-0.00141829158	0.00022586866
0.05166837083	-0.00149517745	0.00036245719
0.05166611624	-0.00157115642	0.00049987450
0.05166377771	-0.00164626017	0.00063808216
0.05166135939	-0.00172047847	0.00077701263
0.05165886850	-0.00179371284	0.00091647078
0.05165630852	-0.00186598235	0.00105639527
0.05165368444	-0.00193726194	0.00119667884
0.05165100081	-0.00200753957	0.00133723505
0.05164826379	-0.00207676373	0.00147791772
0.05164547779	-0.00214492981	0.00161863235
0.05164264753	-0.00221202526	0.00175927783
0.05163977784	-0.00227803518	0.00189974862
0.05163687352	-0.00234294541	0.00203994100
0.05163393924	-0.00240674435	0.00217975240
0.05163097959	-0.00246942238	0.00231908185
0.05162799826	-0.00253098710	0.00245785799
0.05162500121	-0.00259139935	0.00259594246
0.05162199197	-0.00265066879	0.00273325309
0.05161897414	-0.00270880218	0.00286971145
0.05161595115	-0.00276580679	0.00300525509
0.05161292933	-0.00282163533	0.00313972518
0.05160990875	-0.00287635512	0.00327313883
0.05160689688	-0.00292989667	0.00340531310
0.05160389292	-0.00298233729	0.00353628250
0.05160090397	-0.00303361319	0.00366588159
0.05159793095	-0.00308376744	0.00379408452
0.05159497631	-0.00313281330	0.00392084691
0.05159204411	-0.00318073644	0.00404608117
0.05158913672	-0.00322754899	0.00416973105
0.05158625613	-0.00327326720	0.00429175252
0.05158340469	-0.00331789997	0.00441209591
0.05158058456	-0.00336145750	0.00453071517
0.05157779771	-0.00340395120	0.00464756787
0.05157504544	-0.00344540095	0.00476263221
0.05157233027	-0.00348580701	0.00487585845
0.05156965393	-0.00352517986	0.00498720444
0.05156701668	-0.00356355028	0.00509666624
0.05156441984	-0.00360093138	0.00520422827
0.05156186618	-0.00363731447	0.00530982693
0.05155935394	-0.00367275392	0.00541351030
0.05155688686	-0.00370722496	0.00551520282
0.05155446395	-0.00374076825	0.00561492464
0.05155208527	-0.00377340753	0.00571269136
0.05154975358	-0.00380512895	0.00580844967
0.05154746764	-0.00383597190	0.00590222574
0.05154522791	-0.00386595127	0.00599402050
0.05154303475	-0.00389508265	0.00608383730
0.05154088834	-0.00392338231	0.00617168171
0.05153878880	-0.00395086683	0.00625756158
0.05153673613	-0.00397755320	0.00634148685
0.05153473021	-0.00400345882	0.00642346941
0.05153277082	-0.00402860165	0.00650352293
0.05153085769	-0.00405299961	0.00658166291
0.05152898961	-0.00407668127	0.00665793431
0.05152716814	-0.00409963947	0.00673231703
0.05152539216	-0.00412190041	0.00680483565
0.05152365916	-0.00414350654	0.00687556773
0.05152197253	-0.00416442628	0.00694445138
0.05152032778	-0.00418472521	0.00701159362
0.05151872786	-0.00420437631	0.00707694433
0.05151716826	-0.00422344338	0.00714061744
0.05151565265	-0.00424189018	0.00720255045
0.05151417736	-0.00425976894	0.00726282450
0.05151274180	-0.00427709394	0.00732147924
0.05151134731	-0.00429385584	0.00737849810
0.05150999157	-0.00431008912	0.00743393764
0.05150867394	-0.00432580730	0.00748782803
0.05150739353	-0.00434102660	0.00754020736
0.05150615019	-0.00435575393	0.00759109596
0.05150494328	-0.00437000201	0.00764051902
0.05150377158	-0.00438378976	0.00768851492
0.05150263437	-0.00439713010	0.00773511448
0.05150153087	-0.00441003603	0.00778034839
0.05150046034	-0.00442252017	0.00782424734
0.05149942200	-0.00443459515	0.00786684181
0.05149841472	-0.00444627728	0.00790817372
0.05149743841	-0.00445757077	0.00794826079
0.05149649234	-0.00446848705	0.00798712898
0.05149557542	-0.00447904140	0.00802481285
0.05149468687	-0.00448924542	0.00806134164
0.05149382546	-0.00449911541	0.00809675883
0.05149299081	-0.00450865805	0.00813109248
0.05149218350	-0.00451786879	0.00816433558
0.05149140153	-0.00452677243	0.00819653708
0.05149064560	-0.00453536279	0.00822767481
0.05149032379	-0.00453901487	0.00824084175
0.05149012870	-0.00454122743	0.00825432789
0.05149006280	-0.00454197455	0.00826797512
0.05149012693	-0.00454124746	0.00828162345
0.05149032028	-0.00453905470	0.00829511285
0.05149064039	-0.00453542195	0.00830828517
0.05149108321	-0.00453039177	0.00832098599
0.05149164316	-0.00452402311	0.00833306639
0.05149231317	-0.00451639059	0.00834438475
0.05149308487	-0.00450758365	0.00835480836
0.05149394863	-0.00449770549	0.00836421503
0.05149489374	-0.00448687187	0.00837249446
0.05149590855	-0.00447520976	0.00837954959
0.05149698067	-0.00446285584	0.00838529769
0.05201407261	0.00451888821	-0.00434959233
0.05201728197	0.00448179389	-0.00442257684
0.05201904648	0.00446126697	-0.00445142912
0.05202058031	0.00444334608	-0.00447311827
0.05202203175	0.00442632039	-0.00449098651
0.05202342359	0.00440993179	-0.00450645808
0.05202478495	0.00439384242	-0.00452018879
0.05202614924	0.00437765862	-0.00453248363
0.05202748916	0.00436170513	-0.00454376020
0.05202884004	0.00434556138	-0.00455406580
0.05203020809	0.00432915076	-0.00456350969
0.05203157206	0.00431272637	-0.00457229856
0.05203295214	0.00429604374	-0.00458042424
0.05203436266	0.00427892544	-0.00458787634
0.05203578667	0.00426157313	-0.00459478119
0.05203722722	0.00424394671	-0.00460116600
0.05203869226	0.00422594464	-0.00460702393
0.05204018324	0.00420754417	-0.00461237041
0.05204170147	0.00418872393	-0.00461721693
0.05204324809	0.00416946384	-0.00462157129
0.05204482518	0.00414973159	-0.00462543266
0.05204643138	0.00412953762	-0.00462881550
0.05204806673	0.00410887446	-0.00463172565
0.05204973751	0.00408765516	-0.00463413263
0.05205144037	0.00406591386	-0.00463605410
0.05205317626	0.00404362973	-0.00463748450
0.05205494622	0.00402078030	-0.00463841676
0.05205675081	0.00399734850	-0.00463884398
0.05205859058	0.00397331683	-0.00463875906
0.05206046890	0.00394862992	-0.00463813607
0.05206239672	0.00392312988	-0.00463689759
0.05206434650	0.00389716867	-0.00463519661
0.05206633455	0.00387051766	-0.00463293492
0.05206838194	0.00384287682	-0.00462996452
0.05207044442	0.00381482862	-0.00462654355
0.05207256550	0.00378576575	-0.00462239270
0.05207471234	0.00375611969	-0.00461770031
0.05207691421	0.00372546721	-0.00461226258
0.05207913959	0.00369422791	-0.00460626741
0.05208142495	0.00366186776	-0.00459945306
0.05208373747	0.00362882780	-0.00459201489
0.05208608997	0.00359490362	-0.00458385160
0.05208848803	0.00355998796	-0.00457489656
0.05209092862	0.00352409640	-0.00456513933
0.05209340232	0.00348733926	-0.00455462212
0.05209591551	0.00344959230	-0.00454327142
0.05209846706	0.00341084000	-0.00453106246
0.05210105573	0.00337106691	-0.00451796982
0.05210368014	0.00333025757	-0.00450396745
0.05210633881	0.00328839709	-0.00448902786
0.05210903012	0.00324547062	-0.00447312302
0.05211175964	0.00320134460	-0.00445615539
0.05211451377	0.00315619307	-0.00443819282
0.05211729318	0.00310996014	-0.00441918592
0.05212010393	0.00306249355	-0.00439902302
0.05212293814	0.00301387128	-0.00437771226
0.05212578917	0.00296415306	-0.00435526209
0.05212866594	0.00291312334	-0.00433151363
0.05213155282	0.00286099649	-0.00430655398
0.05213445276	0.00280765654	-0.00428028515
0.05213736838	0.00275298349	-0.00425258948
0.05214028331	0.00269721264	-0.00422356636
0.05214320178	0.00264019085	-0.00419308713
0.05214611950	0.00258192195	-0.00416110668
0.05214903202	0.00252241138	-0.00412757915
0.05215193477	0.00246166613	-0.00409245828
0.05215482303	0.00239969462	-0.00405569781
0.05215769201	0.00233650694	-0.00401725128
0.05216053675	0.00227211495	-0.00397707210
0.05216335223	0.00220653222	-0.00393511389
0.05216613334	0.00213977401	-0.00389133066
0.05216887724	0.00207179802	-0.00384563299
0.05217157740	0.00200265112	-0.00379798560
0.05217422419	0.00193246735	-0.00374842779
0.05217682134	0.00186102516	-0.00369673586
0.05217935255	0.00178864973	-0.00364308026
0.05218182323	0.00171505827	-0.00358719092
0.05218421804	0.00164057537	-0.00352924069
0.05218653883	0.00156501265	-0.00346903136
0.05218877770	0.00148848312	-0.00340657470
0.05219092808	0.00141107268	-0.00334187710
0.05219298661	0.00133275985	-0.00327486264
0.05219494816	0.00125358966	-0.00320550229
0.05219680794	0.00117360174	-0.00313376403
0.05219856103	0.00109285227	-0.00305963212
0.05220020264	0.00101140696	-0.00298310451
0.05220172901	0.00092929444	-0.00290415023
0.05220313649	0.00084654637	-0.00282273990
0.05220442093	0.00076324013	-0.00273888652
0.05220557897	0.00067942915	-0.00265258862
0.05220660766	0.00059516121	-0.00256384407
0.05220750425	0.00051048984	-0.00247265886
0.05220826636	0.00042546863	-0.00237904179
0.05220889236	0.00034008672	-0.00228293650
0.05220937952	0.00025453921	-0.00218449149
0.05220972710	0.00016880909	-0.00208367383
0.05220993420	0.00008288859	-0.00198044014
0.05220999991	-0.00000304845	-0.00187493386
0.05220992416	-0.00008899267	-0.00176715773
0.05220970685	-0.00017495821	-0.00165707433
0.05220934891	-0.00026074221	-0.00154488040
0.05220885058	-0.00034644068	-0.00143047653
0.05220821371	-0.00043188084	-0.00131403601
0.05220743938	-0.00051708115	-0.00119555078
0.05220652968	-0.00060196213	-0.00107510745
0.05220548702	-0.00068645842	-0.00095279498
0.05220431332	-0.00077056497	-0.00082863306
0.05220301252	-0.00085415676	-0.00070278561
0.05220158611	-0.00093728755	-0.00057521694
0.05220003963	-0.00101978548	-0.00044615571
0.05219837408	-0.00110174565	-0.00031552858
0.05219659613	-0.00118298451	-0.00018358446
0.05219470751	-0.00126356963	-0.00005029908
0.05219271379	-0.00134340125	0.00008416996
0.05219061942	-0.00142244321	0.00021971703
0.05218842723	-0.00150072081	0.00035632316
0.05218614469	-0.00157810092	0.00049376724
0.05218377479	-0.00165461435	0.00063200988
0.05218132171	-0.00173024999	0.00077098309
0.05217879270	-0.00180490799	0.00091049265
0.05217619129	-0.00187860647	0.00105047646
0.05217352253	-0.00195131929	0.00119082709
0.05217079102	-0.00202303341	0.00133145772
0.05216800300	-0.00209369611	0.00147222245
0.05216516295	-0.00216330169	0.00161302637
0.05216227569	-0.00223183656	0.00175376808
0.05215934614	-0.00229928473	0.00189434178
0.05215637919	-0.00236563098	0.00203464351
0.05215337963	-0.00243086263	0.00217457044
0.05215035215	-0.00249496906	0.00231402132
0.05214730057	-0.00255795695	0.00245292422
0.05214423095	-0.00261978596	0.00259114102
0.05214114698	-0.00268046483	0.00272858904
0.05213805235	-0.00273999941	0.00286518939
0.05213495065	-0.00279839619	0.00300087911
0.05213184833	-0.00285560664	0.00313549987
0.05212874559	-0.00291169770	0.00326906735
0.05212565005	-0.00296659853	0.00340139950
0.05212256102	-0.00302038621	0.00353252928
0.05211948577	-0.00307299571	0.00366229205
0.05211642534	-0.00312446960	0.00379066112
0.05211338230	-0.00317482057	0.00391759162
0.05211036085	-0.00322403351	0.00404299604
0.05210736350	-0.00327211994	0.00416681781
0.05210439237	-0.00331909559	0.00428901250
0.05210144993	-0.00336496884	0.00440953020
0.05209853845	-0.00340974939	0.00452832461
0.05209566004	-0.00345344821	0.00464535305
0.05209281611	-0.00349608487	0.00476059333
0.05209000929	-0.00353765916	0.00487399568
0.05208724143	-0.00357818116	0.00498551781
0.05208451287	-0.00361768149	0.00509515530
0.05208182503	-0.00365617305	0.00520289232
0.05207918081	-0.00369364668	0.00530866556
0.05207657851	-0.00373015694	0.00541252218
0.05207402198	-0.00376567855	0.00551438718
0.05207151028	-0.00380025220	0.00561428015
0.05206904356	-0.00383390170	0.00571221634
0.05206662467	-0.00386661288	0.00580814285
0.05206425243	-0.00389842521	0.00590208535
0.05206192736	-0.00392935362	0.00599404468
0.05205964985	-0.00395941372	0.00608402407
0.05205742018	-0.00398862181	0.00617202903
0.05205523849	-0.00401699456	0.00625806731
0.05205310483	-0.00404454907	0.00634214876
0.05205101914	-0.00407130284	0.00642428521
0.05204898122	-0.00409727396	0.00650449025
0.05204699083	-0.00412248052	0.00658277932
0.05204504678	-0.00414695143	0.00665919707
0.05204315068	-0.00417067949	0.00673372381
0.05204130143	-0.00419369113	0.00680638396
0.05203949650	-0.00421602936	0.00687725450
0.05203773936	-0.00423766232	0.00694627446
0.05203602547	-0.00425865634	0.00701354991
0.05203435782	-0.00427898420	0.00707903153
0.05203273189	-0.00429871051	0.00714283233
0.05203115138	-0.00431779876	0.00720489079
0.05202961260	-0.00433630178	0.00726528741
0.05202811494	-0.00435423423	0.00732406179
0.05202665979	-0.00437158678	0.00738119786
0.05202524478	-0.00438839436	0.00743675187
0.05202386928	-0.00440467083	0.00749075400
0.05202253237	-0.00442043275	0.00754324231
0.05202123392	-0.00443568731	0.00759423728
0.05201997325	-0.00445044747	0.00764376417
0.05201874915	-0.00446473255	0.00769186129
0.05201756086	-0.00447855576	0.00773855950
0.05201640761	-0.00449193045	0.00778388953
0.05201528862	-0.00450486953	0.00782788210
0.05201420310	-0.00451738595	0.00787056772
0.05201314990	-0.00452949641	0.00791198826
0.05201212891	-0.00454120537	0.00795216163
0.05201113939	-0.00455252451	0.00799111383
0.05201018022	-0.00456346949	0.00802887943
0.05200925059	-0.00457405217	0.00806548770
0.05200834925	-0.00458428929	0.00810098201
0.05200747580	-0.00459418778	0.00813539051
0.05200663081	-0.00460374319	0.00816870661
0.05200581226	-0.00461298071	0.00820097901
0.05200502086	-0.00462189414	0.00823218603
0.05200468590	-0.00462566148	0.00824532046
0.05200447854	-0.00462799223	0.00825878683
0.05200440139	-0.00462885907	0.00827242724
0.05200445543	-0.00462825185	0.00828608180
0.05200463999	-0.00462617767	0.00829959039
0.05200495271	-0.00462266086	0.00831279465
0.05200538966	-0.00461774260	0.00832553978
0.05200594531	-0.00461148053	0.00833767634
0.05200661268	-0.00460394802	0.00834906204
0.05200738342	-0.00459523333	0.00835956341
0.05200824793	-0.00458543860	0.00836905731
0.05200919549	-0.00457467860	0.00837743245
0.05201021444	-0.00456307944	0.00838459063
0.05201129231	-0.00455077705	0.00839044793
0.05253179074	0.00456769763	-0.00434449758
0.05253498300	0.00453083452	-0.00441760644
0.05253674329	0.00451037740	-0.00444652117
0.05253827520	0.00449249803	-0.00446826225
0.05253972594	0.00447549979	-0.00448617904
0.05254111795	0.00445912819	-0.00450169614
0.05254248018	0.00444304809	-0.00451547074
0.05254384586	0.00442686818	-0.00452780979
0.05254518773	0.00441091220	-0.00453912870
0.05254654099	0.00439476164	-0.00454947707
0.05254791181	0.00437834033	-0.00455896449
0.05254927902	0.00436190034	-0.00456779597
0.05255066272	0.00434519827	-0.00457596472
0.05255207721	0.00432805742	-0.00458346133
0.05255350560	0.00431067852	-0.00459041082
0.05255495092	0.00429302158	-0.00459684053
0.05255642111	0.00427498540	-0.00460274419
0.05255791763	0.00425654722	-0.00460813729
0.05255944178	0.00423768563	-0.00461303137
0.05256099472	0.00421838051	-0.00461743428
0.05256257853	0.00419859954	-0.00462134535
0.05256419187	0.00417835295	-0.00462477886
0.05256583478	0.00415763315	-0.00462774066
0.05256751355	0.00413635338	-0.00463020073
0.05256922483	0.00411454746	-0.00463217646
0.05257096960	0.00409219445	-0.00463366232
0.05257274890	0.00406927179	-0.00463465132
0.05257456331	0.00404576228	-0.00463513662
0.05257641339	0.00402164829	-0.00463511111
0.05257830251	0.00399687445	-0.00463454917
0.05258024162	0.00397128326	-0.00463337437
0.05258220326	0.00394522507	-0.00463173724
0.05258420369	0.00391847193	-0.00462954102
0.05258626400	0.00389072471	-0.00462663969
0.05258834000	0.00386256339	-0.00462328731
0.05259047515	0.00383338275	-0.00461920863
0.05259263668	0.00380361234	-0.00461458894
0.05259485385	0.00377283029	-0.00460922729
0.05259709516	0.00374145431	-0.00460330855
0.05259939709	0.00370895212	-0.00459657465
0.05260172685	0.00367576279	-0.00458921772
0.05260409727	0.00364168242	-0.00458113781
0.05260651394	0.00360660380	-0.00457226897
0.05260897384	0.00357054216	-0.00456260057
0.05261146758	0.00353360709	-0.00455217389
0.05261400156	0.00349567448	-0.00454091622
0.05261657465	0.00345672854	-0.00452880283
0.05261918562	0.00341675352	-0.00451580829
0.05262183313	0.00337573369	-0.00450190656
0.05262451569	0.00333365384	-0.00448707018
0.05262723171	0.00329049883	-0.00447127110
0.05262998676	0.00324613515	-0.00445441273
0.05263276726	0.00320073591	-0.00443656148
0.05263557389	0.00315424504	-0.00441766826
0.05263841272	0.00310651038	-0.00439762251
0.05264127587	0.00305760925	-0.00437643166
0.05264415672	0.00300760084	-0.00435410356
0.05264706420	0.00295626982	-0.00433048103
0.05264998266	0.00290382951	-0.00430564929
0.05265291507	0.00285016392	-0.00427951122
0.05265586406	0.00279515292	-0.00425195010
0.05265881323	0.00273903074	-0.00422306326
0.05266176681	0.00268164428	-0.00419272324
0.05266472052	0.00262299690	-0.00416088484
0.05266766988	0.00256309362	-0.00412750210
0.05267061032	0.00250194095	-0.00409252865
0.05267353710	0.00243954688	-0.00405591810
0.05267644539	0.00237592103	-0.00401762387
0.05267933023	0.00231107483	-0.00397759922
0.05268218654	0.00224502137	-0.00393579763
0.05268500920	0.00217777548	-0.00389217292
0.05268779533	0.00210929453	-0.00384663610
0.05269053834	0.00203962483	-0.00379915147
0.05269322854	0.00196889981	-0.00374975702
0.05269586965	0.00189689790	-0.00369823126
0.05269844524	0.00182394333	-0.00364474148
0.05270096074	0.00174975340	-0.00358902047
0.05270340066	0.00167465182	-0.00353123791
0.05270576683	0.00159845015	-0.00347119755
0.05270805124	0.00152126088	-0.00340891014
0.05271024722	0.00144316949	-0.00334438127
0.05271235133	0.00136415426	-0.00327753534
0.05271435835	0.00128425986	-0.00320834301
0.05271626339	0.00120352561	-0.00313677198
0.05271806142	0.00112200742	-0.00306280611
0.05271974750	0.00103977074	-0.00298644279
0.05272131779	0.00095684400	-0.00290765093
0.05272276851	0.00087325868	-0.00282640102
0.05272409538	0.00078909200	-0.00274270544
0.05272529492	0.00070439730	-0.00265656234
0.05272636403	0.00061922228	-0.00256796931
0.05272729985	0.00053362045	-0.00247693201
0.05272809985	0.00044764544	-0.00238345888
0.05272876229	0.00036128635	-0.00228749407
0.05272928426	0.00027473847	-0.00218918406
0.05272966491	0.00018798493	-0.00208849645
0.05272990324	0.00010101807	-0.00198538832
0.05272999814	0.00001401207	-0.00188000141
0.05272994944	-0.00007302344	-0.00177233867
0.05272975694	-0.00016010238	-0.00166236334
0.05272942139	-0.00024702130	-0.00155026997
0.05272894297	-0.00033387598	-0.00143596085
0.05272832337	-0.00042049301	-0.00131960750
0.05272756359	-0.00050689041	-0.00120120256
0.05272666560	-0.00059298811	-0.00108083210
0.05272563171	-0.00067872006	-0.00095858469
0.05272446378	-0.00076408069	-0.00083448047
0.05272316563	-0.00084894405	-0.00070868220
0.05272173871	-0.00093336344	-0.00058115545
0.05272018848	-0.00101716585	-0.00045212704
0.05271851590	-0.00110044595	-0.00032152552
0.05271672757	-0.00118301894	-0.00018959778
0.05271482521	-0.00126495178	-0.00005632102
0.05271281436	-0.00134614364	0.00007814797
0.05271069943	-0.00142655734	0.00021370355
0.05270848327	-0.00150621747	0.00035032579
0.05270617334	-0.00158498953	0.00048779497
0.05270377265	-0.00166290348	0.00062607073
0.05270128540	-0.00173994732	0.00076508461
0.05269871888	-0.00181601983	0.00090464335
0.05269607667	-0.00189113821	0.00104468405
0.05269336384	-0.00196527524	0.00118509915
0.05269058509	-0.00203841688	0.00132580144
0.05268774669	-0.00211050919	0.00146664531
0.05268485323	-0.00218154543	0.00160753544
0.05268190959	-0.00225151094	0.00174837014
0.05267892080	-0.00232038864	0.00188904339
0.05267589184	-0.00238816229	0.00202945098
0.05267282761	-0.00245481813	0.00216948981
0.05266973290	-0.00252034449	0.00230905838
0.05266661164	-0.00258474719	0.00244808419
0.05266347004	-0.00264798472	0.00258642936
0.05266031189	-0.00271006486	0.00272401073
0.05265714102	-0.00277099259	0.00286074894
0.05265396111	-0.00283077360	0.00299658053
0.05265077881	-0.00288935814	0.00313134767
0.05264759439	-0.00294681274	0.00326506463
0.05264441565	-0.00300306527	0.00339755025
0.05264124199	-0.00305819252	0.00352883594
0.05263808087	-0.00311212829	0.00365875790
0.05263493341	-0.00316491460	0.00378728856
0.05263180235	-0.00321656356	0.00391438261
0.05262869202	-0.00326705932	0.00403995260
0.05262560504	-0.00331641279	0.00416394165
0.05262254368	-0.00336463916	0.00428630495
0.05261951052	-0.00341174630	0.00440699234
0.05261650797	-0.00345774342	0.00452595728
0.05261353824	-0.00350264102	0.00464315686
0.05261060286	-0.00354645837	0.00475856847
0.05260770457	-0.00358919481	0.00487214235
0.05260484536	-0.00363086003	0.00498383607
0.05260202564	-0.00367148446	0.00509364471
0.05259924695	-0.00371108078	0.00520155224
0.05259651228	-0.00374963941	0.00530749559
0.05259382000	-0.00378721502	0.00541152104
0.05259117409	-0.00382378190	0.00551355414
0.05258857367	-0.00385938074	0.00561361392
0.05258601894	-0.00389403540	0.00571171529
0.05258351287	-0.00392773138	0.00580780577
0.05258105433	-0.00396050829	0.00590191052
0.05257864389	-0.00399238104	0.00599403029
0.05257628203	-0.00402336527	0.00608416823
0.05257396905	-0.00405347733	0.00617232973
0.05257170516	-0.00408273397	0.00625852247
0.05256949045	-0.00411115237	0.00634275623
0.05256732490	-0.00413875016	0.00642504276
0.05256520836	-0.00416554556	0.00650539558
0.05256314062	-0.00419155681	0.00658383007
0.05256112049	-0.00421681317	0.00666039057
0.05255914965	-0.00424130740	0.00673505779
0.05255722701	-0.00426506615	0.00680785601
0.05255535002	-0.00428813297	0.00687886162
0.05255352223	-0.00431047576	0.00694801456
0.05255173904	-0.00433216156	0.00701541996
0.05255000354	-0.00435316299	0.00708102933
0.05254831111	-0.00437354542	0.00714495470
0.05254666555	-0.00439327209	0.00720713557
0.05254506311	-0.00441239644	0.00726765179
0.05254350320	-0.00443093348	0.00732654291
0.05254198722	-0.00444887390	0.00738379336
0.05254051278	-0.00446625311	0.00743945907
0.05253907923	-0.00448308526	0.00749357025
0.05253768566	-0.00449938728	0.00754616491
0.05253633191	-0.00451516660	0.00759726369
0.05253501732	-0.00453043648	0.00764689191
0.05253374065	-0.00454521658	0.00769508782
0.05253250111	-0.00455952044	0.00774188232
0.05253129793	-0.00457336171	0.00778730616
0.05253013032	-0.00458675363	0.00783139010
0.05252899745	-0.00459970946	0.00787416471
0.05252789815	-0.00461224629	0.00791567176
0.05252683232	-0.00462436881	0.00795592936
0.05252579917	-0.00463608898	0.00799496358
0.05252479759	-0.00464742279	0.00803280896
0.05252382672	-0.00465838242	0.00806949480
0.05252288529	-0.00466898497	0.00810506439
0.05252197287	-0.00467923770	0.00813954598
0.05252109007	-0.00468913620	0.00817293334
0.05252023478	-0.00469870610	0.00820527496
0.05251940775	-0.00470794113	0.00823654964
0.05251905972	-0.00471182197	0.00824965099
0.05251884010	-0.00471426920	0.00826309681
0.05251875168	-0.00471525415	0.00827672948
0.05251879557	-0.00471476528	0.00829038914
0.05251897122	-0.00471280832	0.00830391567
0.05251927640	-0.00470940620	0.00831715047
0.05251970726	-0.00470459877	0.00832993837
0.05252025837	-0.00469844238	0.00834212945
0.05252092281	-0.00469100915	0.00835358078
0.05252169228	-0.00468238618	0.00836415811
0.05252255718	-0.00467267453	0.00837373742
0.05252350681	-0.00466198800	0.00838220641
0.05252452949	-0.00465045183	0.00838946578
0.05252561270	-0.00463820124	0.00839543042
0.05304953292	0.00461622752	-0.00433956793
0.05305270845	0.00457958800	-0.00441279643
0.05305446463	0.00455919758	-0.00444177125
0.05305599470	0.00454135735	-0.00446356227
0.05305744476	0.00452438458	-0.00448152575
0.05305883698	0.00450802825	-0.00449708665
0.05306020008	0.00449195583	-0.00451090345
0.05306156714	0.00447577840	-0.00452328506
0.05306291095	0.00445981860	-0.00453464468
0.05306426656	0.00444365999	-0.00454503421
0.05306564013	0.00442722685	-0.00455456352
0.05306701053	0.00441077016	-0.00456343601
0.05306839780	0.00439404762	-0.00457164619
0.05306981621	0.00437688327	-0.00457918566
0.05307124892	0.00435947687	-0.00458617810
0.05307269894	0.00434178854	-0.00459265106
0.05307417421	0.00432371743	-0.00459859874
0.05307567618	0.00430524077	-0.00460403672
0.05307720616	0.00428633711	-0.00460897661
0.05307876532	0.00426698627	-0.00461342629
0.05308035575	0.00424715592	-0.00461738521
0.05308197611	0.00422685612	-0.00462086756
0.05308362646	0.00420607912	-0.00462387912
0.05308531308	0.00418473837	-0.00462639036
0.05308703265	0.00416286734	-0.00462841837
0.05308878615	0.00414044502	-0.00462995769
0.05309057464	0.00411744875	-0.00463100141
0.05309239871	0.00409386117	-0.00463154269
0.05309425892	0.00406966455	-0.00463157448
0.05309615866	0.00404480352	-0.00463107143
0.05309810888	0.00401912099	-0.00462995806
0.05310008216	0.00399296563	-0.00462838254
0.05310209478	0.00396611023	-0.00462624950
0.05310416777	0.00393825659	-0.00462341482
0.05310625707	0.00390998211	-0.00462012863
0.05310840605	0.00388068374	-0.00461611965
0.05311058203	0.00385078906	-0.00461157016
0.05311281423	0.00381987757	-0.00460628200
0.05311507121	0.00378836510	-0.00460043708
0.05311738942	0.00375572114	-0.00459378090
0.05311973613	0.00372238275	-0.00458650247
0.05312212416	0.00368814655	-0.00457850315
0.05312455912	0.00365290542	-0.00456971764
0.05312703801	0.00361667420	-0.00456013512
0.05312955145	0.00357956176	-0.00454979598
0.05313210586	0.00354144414	-0.00453862831
0.05313470013	0.00350230526	-0.00452660737
0.05313733304	0.00346212910	-0.00451370775
0.05314000325	0.00342089963	-0.00449990343
0.05314270931	0.00337860135	-0.00448516694
0.05314544962	0.00333521880	-0.00446947026
0.05314822979	0.00329061859	-0.00445271772
0.05315103622	0.00324497283	-0.00443497428
0.05315386961	0.00319822529	-0.00441619118
0.05315673607	0.00315022393	-0.00439625895
0.05315962770	0.00310104542	-0.00437518433
0.05316253788	0.00305074837	-0.00435297458
0.05316547557	0.00299911773	-0.00432947415
0.05316842511	0.00294636575	-0.00430476647
0.05317138948	0.00289237639	-0.00427875524
0.05317437131	0.00283702945	-0.00425132469
0.05317735417	0.00278055806	-0.00422257010
0.05318034233	0.00272280916	-0.00419236522
0.05318333147	0.00266378568	-0.00416066475
0.05318631712	0.00260349217	-0.00412742262
0.05318929467	0.00254193471	-0.00409259238
0.05319225940	0.00247912085	-0.00405612750
0.05319520642	0.00241505974	-0.00401798130
0.05319813076	0.00234976236	-0.00397810687
0.05320102733	0.00228324137	-0.00393645757
0.05320389093	0.00221551114	-0.00389298705
0.05320671870	0.00214652872	-0.00384760672
0.05320950397	0.00207633988	-0.00380028046
0.05321223698	0.00200507742	-0.00375104502
0.05321492147	0.00193251979	-0.00369968105
0.05321754086	0.00185899021	-0.00364635275
0.05322010061	0.00178420614	-0.00359079572
0.05322258506	0.00170849035	-0.00353317654
0.05322499604	0.00163165440	-0.00347330087
0.05322732544	0.00155381022	-0.00341117845
0.05322956649	0.00147504289	-0.00334681412
0.05323171567	0.00139533044	-0.00328013259
0.05323376765	0.00131471719	-0.00321110420
0.05323571746	0.00123324217	-0.00313969641
0.05323755994	0.00115096098	-0.00306589264
0.05323929007	0.00106793882	-0.00298968977
0.05324090385	0.00098420393	-0.00291105658
0.05324239741	0.00089978762	-0.00282996345
0.05324376635	0.00081476693	-0.00274642213
0.05324500704	0.00072919508	-0.00266043044
0.05324611626	0.00064311974	-0.00257198565
0.05324709103	0.00055659438	-0.00248109310
0.05324792867	0.00046967264	-0.00238776091
0.05324862734	0.00038234363	-0.00229193371
0.05324918395	0.00029480275	-0.00219375600
0.05324959753	0.00020703333	-0.00209319587
0.05324986697	0.00011902781	-0.00199021094
0.05324999100	0.00003096065	-0.00188494119
0.05324996932	-0.00005715820	-0.00177738983
0.05324980165	-0.00014534245	-0.00166752071
0.05324948854	-0.00023338812	-0.00155552626
0.05324903011	-0.00032139071	-0.00144131043
0.05324842791	-0.00040917621	-0.00132504300
0.05324768284	-0.00049676220	-0.00120671729
0.05324679675	-0.00058406803	-0.00108641883
0.05324577188	-0.00067102697	-0.00096423583
0.05324460998	-0.00075763292	-0.00084018888
0.05324331480	-0.00084375905	-0.00071443955
0.05324188772	-0.00092945815	-0.00058695469
0.05324033411	-0.00101455614	-0.00045795929
0.05323865490	-0.00109914720	-0.00032738376
0.05323685663	-0.00118304534	-0.00019547299
0.05323494098	-0.00126631687	-0.00006220566
0.05323291347	-0.00134885993	0.00007226227
0.05323077850	-0.00143063633	0.00020782517
0.05322853891	-0.00151166993	0.00034446212
0.05322620213	-0.00159182490	0.00048195480
0.05322377122	-0.00167113034	0.00062026189
0.05322125039	-0.00174957335	0.00075931447
0.05321864695	-0.00182705140	0.00089892021
0.05321596453	-0.00190358073	0.00103901548
0.05321320825	-0.00197913306	0.00117949254
0.05321038286	-0.00205369336	0.00132026384
0.05320749470	-0.00212720648	0.00146118401
0.05320454845	-0.00219966462	0.00160215738
0.05320154906	-0.00227105208	0.00174308196
0.05319850164	-0.00234135072	0.00188385149
0.05319541128	-0.00241054322	0.00202436155
0.05319228298	-0.00247861480	0.00216450877
0.05318912164	-0.00254555274	0.00230419140
0.05318593130	-0.00261136197	0.00244333639
0.05318271829	-0.00267599983	0.00258180609
0.05317948652	-0.00273947317	0.00271951686
0.05317623995	-0.00280178606	0.00285638891
0.05317298238	-0.00286294343	0.00299235826
0.05316972060	-0.00292289430	0.00312726762
0.05316645499	-0.00298170479	0.00326112981
0.05316319353	-0.00303930149	0.00339376462
0.05315993571	-0.00309576088	0.00352520187
0.05315668914	-0.00315101562	0.00365527863
0.05315345509	-0.00320510716	0.00378396646
0.05315023640	-0.00325804707	0.00391121961
0.05314703755	-0.00330981871	0.00403695069
0.05314386130	-0.00336043240	0.00416110252
0.05314071003	-0.00340990281	0.00428362993
0.05313758646	-0.00345823727	0.00440448250
0.05313449312	-0.00350544452	0.00452361347
0.05313143233	-0.00355153462	0.00464097967
0.05312840575	-0.00359652647	0.00475655814
0.05312541623	-0.00364041902	0.00487029907
0.05312246586	-0.00368322153	0.00498215992
0.05311955517	-0.00372496425	0.00509213530
0.05311668577	-0.00376565968	0.00520020892
0.05311386080	-0.00380529774	0.00530631803
0.05311107866	-0.00384393330	0.00541050799
0.05310834347	-0.00388154014	0.00551270491
0.05310565441	-0.00391815900	0.00561292726
0.05310301175	-0.00395381376	0.00571118961
0.05310041855	-0.00398848963	0.00580743991
0.05309787374	-0.00402222631	0.00590170283
0.05309537796	-0.00405503870	0.00599397902
0.05309293174	-0.00408694248	0.00608427152
0.05309053545	-0.00411795406	0.00617258564
0.05308818934	-0.00414809024	0.00625892900
0.05308589355	-0.00417736830	0.00634331128
0.05308364810	-0.00420580599	0.00642574416
0.05308145289	-0.00423342166	0.00650624110
0.05307930773	-0.00426023370	0.00658481741
0.05307721145	-0.00428627170	0.00666151712
0.05307516578	-0.00431152840	0.00673632137
0.05307316966	-0.00433603065	0.00680925426
0.05307122052	-0.00435982257	0.00688039162
0.05306932197	-0.00438287179	0.00694967429
0.05306746939	-0.00440524607	0.00701720645
0.05306566591	-0.00442691785	0.00708294044
0.05306390686	-0.00444795328	0.00714698735
0.05306219613	-0.00446831535	0.00720928765
0.05306052991	-0.00448805808	0.00726992055
0.05305890761	-0.00450719685	0.00732892557
0.05305733066	-0.00452572239	0.00738628763
0.05305579665	-0.00454367054	0.00744206234
0.05305430492	-0.00456105576	0.00749627992
0.05305285453	-0.00457789534	0.00754897836
0.05305144535	-0.00459419697	0.00760017844
0.05305007670	-0.00460997419	0.00764990555
0.05304874730	-0.00462524700	0.00769819787
0.05304745638	-0.00464002927	0.00774508633
0.05304620313	-0.00465433496	0.00779060173
0.05304498673	-0.00466817762	0.00783477486
0.05304380637	-0.00468157083	0.00787763630
0.05304266084	-0.00469453205	0.00791922779
0.05304155001	-0.00470706621	0.00795956760
0.05304047311	-0.00471918556	0.00799868188
0.05303942896	-0.00473090641	0.00803660512
0.05303841672	-0.00474224125	0.00807336668
0.05303743506	-0.00475320756	0.00810900977
0.05303648354	-0.00476381289	0.00814356269
0.05303556277	-0.00477405292	0.00817701961
0.05303467062	-0.00478395367	0.00820942881
0.05303380783	-0.00479350885	0.00824076954
0.05303344681	-0.00479750143	0.00825383727
0.05303321498	-0.00480006346	0.00826726183
0.05303311527	-0.00480116492	0.00828088583
0.05303314895	-0.00480079291	0.00829454955
0.05303331558	-0.00479895178	0.00830809278
0.05303361307	-0.00479566312	0.00832135675
0.05303403766	-0.00479096544	0.00833418594
0.05303458400	-0.00478491380	0.00834642995
0.05303524524	-0.00477757911	0.00835794523
0.05303601312	-0.00476904730	0.00836859676
0.05303687808	-0.00475941836	0.00837825968
0.05303782942	-0.00474880513	0.00838682069
0.05303885543	-0.00473733198	0.00839417942
0.05303994357	-0.00472513340	0.00840024960
0.05356729869	0.00466448406	-0.00433479907
0.05357045785	0.00462806074	-0.00440814272
0.05357221003	0.00460773401	-0.00443717534
0.05357373831	0.00458993063	-0.00445901440
0.05357518774	0.00457298141	-0.00447702282
0.05357658018	0.00455663864	-0.00449262583
0.05357794418	0.00454057239	-0.00450648324
0.05357931262	0.00452439605	-0.00451890579
0.05358065834	0.00450843114	-0.00453030458
0.05358201630	0.00449226329	-0.00454073369
0.05358339258	0.00447581720	-0.00455030333
0.05358476614	0.00445934276	-0.00455921526
0.05358615695	0.00444259875	-0.00456746532
0.05358757922	0.00442540995	-0.00457504603
0.05358901618	0.00440797516	-0.00458207984
0.05359047084	0.00439025460	-0.00458859441
0.05359195111	0.00437214777	-0.00459458448
0.05359345846	0.00435363186	-0.00460006568
0.05359499419	0.00433468541	-0.00460504967
0.05359655948	0.00431528819	-0.00460954439
0.05359815642	0.00429540785	-0.00461354943
0.05359978369	0.00427505423	-0.00461707881
0.05360144137	0.00425421948	-0.00462013831
0.05360313571	0.00423281723	-0.00462269885
0.05360486344	0.00421088064	-0.00462477726
0.05360662553	0.00418838859	-0.00462636812
0.05360842306	0.00416531830	-0.00462746458
0.05361025663	0.00414165232	-0.00462805983
0.05361212681	0.00411737276	-0.00462814687
0.05361403700	0.00409242427	-0.00462770061
0.05361599814	0.00406665018	-0.00462664652
0.05361798288	0.00404039748	-0.00462513043
0.05362000748	0.00401343969	-0.00462305832
0.05362209295	0.00398547957	-0.00462028800
0.05362419532	0.00395709188	-0.00461706569
0.05362635791	0.00392767581	-0.00461312399
0.05362854809	0.00389765690	-0.00460864227
0.05363079507	0.00386661612	-0.00460342509
0.05363306746	0.00383496732	-0.00459765145
0.05363540168	0.00380218182	-0.00459107037
0.05363776506	0.00376869466	-0.00458386780
0.05364017041	0.00373430296	-0.00457594634
0.05364262336	0.00369889973	-0.00456724138
0.05364512092	0.00366249941	-0.00455774189
0.05364765374	0.00362521013	-0.00454748741
0.05365022824	0.00358690809	-0.00453640677
0.05365284333	0.00354757695	-0.00452447526
0.05365549781	0.00350720038	-0.00451166748
0.05365819036	0.00346576209	-0.00449795742
0.05366091953	0.00342324626	-0.00448331762
0.05366368374	0.00337963716	-0.00446772006
0.05366648861	0.00333480146	-0.00445106999
0.05366932056	0.00328891031	-0.00443343099
0.05367218029	0.00324190732	-0.00441475456
0.05367507392	0.00319364058	-0.00439493232
0.05367799357	0.00314418609	-0.00437397034
0.05368093262	0.00309360190	-0.00435187530
0.05368390004	0.00304167324	-0.00432849326
0.05368688017	0.00298861128	-0.00430390589
0.05368987599	0.00293429996	-0.00427801769
0.05369289015	0.00287861902	-0.00425071382
0.05369590620	0.00282180045	-0.00422208757
0.05369892839	0.00276369126	-0.00419201387
0.05370195243	0.00270429394	-0.00416044730
0.05370497381	0.00264361260	-0.00412734174
0.05370798794	0.00258165289	-0.00409265060
0.05371099004	0.00251842189	-0.00405632726
0.05371397524	0.00245392831	-0.00401832491
0.05371693851	0.00238818270	-0.00397859651
0.05371987475	0.00232119725	-0.00393709527
0.05372277873	0.00225298590	-0.00389377470
0.05372564755	0.00218350539	-0.00384854659
0.05372847450	0.00211280096	-0.00380137445
0.05373124975	0.00204100473	-0.00375229375
0.05373397704	0.00196789523	-0.00370108729
0.05373663966	0.00189379465	-0.00364791623
0.05373924308	0.00181842062	-0.00359251893
0.05374177151	0.00174209495	-0.00353505891
0.05374422676	0.00166462924	-0.00347534374
0.05374660060	0.00158613485	-0.00341338218
0.05374888618	0.00150669644	-0.00334917827
0.05375107991	0.00142629179	-0.00328265709
0.05375317637	0.00134496490	-0.00321378865
0.05375517046	0.00126275449	-0.00314254016
0.05375705694	0.00117971585	-0.00306889465
0.05375883065	0.00109591395	-0.00299284845
0.05376048751	0.00101137682	-0.00291437026
0.05376202352	0.00092613559	-0.00283343033
0.05376343415	0.00084026713	-0.00275003980
0.05376471565	0.00075382456	-0.00266419615
0.05376586467	0.00066685548	-0.00257589637
0.05376687810	0.00057941332	-0.00248514546
0.05376775313	0.00049155174	-0.00239195124
0.05376848781	0.00040325989	-0.00229625881
0.05376907887	0.00031473322	-0.00219821073
0.05376952524	0.00022595526	-0.00209777559
0.05376982568	0.00013691858	-0.00199491149
0.05376997876	0.00004779790	-0.00188975671
0.05376998406	-0.00004139653	-0.00178231471
0.05376984121	-0.00013067819	-0.00167254996
0.05376955058	-0.00021984260	-0.00156065279
0.05376911221	-0.00030898497	-0.00144652878
0.05376852752	-0.00039793072	-0.00133034600
0.05376779730	-0.00048669697	-0.00121209844
0.05376692331	-0.00057520250	-0.00109187112
0.05376590767	-0.00066337995	-0.00096975185
0.05376475206	-0.00075122263	-0.00084576169
0.05376346013	-0.00083860289	-0.00072006102
0.05376203321	-0.00092557300	-0.00059261798
0.05376047657	-0.00101195781	-0.00046365573
0.05375879112	-0.00109785102	-0.00033310653
0.05375698332	-0.00118306547	-0.00020121328
0.05375505484	-0.00126766683	-0.00006795612
0.05375301114	-0.00135155218	0.00006650980
0.05375085661	-0.00143468239	0.00020207887
0.05374859409	-0.00151708054	0.00033872921
0.05374623101	-0.00159860952	0.00047624386
0.05374377043	-0.00167929756	0.00061458056
0.05374121657	-0.00175913084	0.00075366995
0.05373857679	-0.00183800558	0.00089332064
0.05373585475	-0.00191593703	0.00103346822
0.05373305562	-0.00199289587	0.00117400484
0.05373018419	-0.00206886607	0.00131484256
0.05372724689	-0.00214379130	0.00145583632
0.05372424846	-0.00221766271	0.00159689004
0.05372119393	-0.00229046355	0.00173790147
0.05371808849	-0.00236217461	0.00187876414
0.05371493734	-0.00243277752	0.00201937337
0.05371174557	-0.00250225647	0.00215962558
0.05370851820	-0.00257059771	0.00229941874
0.05370525936	-0.00263780528	0.00243867927
0.05370197552	-0.00270383537	0.00257726977
0.05369867069	-0.00276869391	0.00271510611
0.05369534897	-0.00283238406	0.00285210809
0.05369201427	-0.00289490997	0.00298821122
0.05368867354	-0.00295621949	0.00312325872
0.05368532725	-0.00301637827	0.00325726203
0.05368198355	-0.00307531166	0.00339004182
0.05367864203	-0.00313309582	0.00352162641
0.05367531047	-0.00318966227	0.00365185369
0.05367199026	-0.00324505193	0.00378069438
0.05366868435	-0.00329927575	0.00390810228
0.05366539737	-0.00335231638	0.00403399008
0.05366213222	-0.00340418352	0.00415830033
0.05365889140	-0.00345489132	0.00428098744
0.05365567774	-0.00350444659	0.00440200079
0.05365249391	-0.00355285758	0.00452129338
0.05364934236	-0.00360013388	0.00463882181
0.05364622484	-0.00364629410	0.00475456275
0.05364314433	-0.00369133672	0.00486846636
0.05364010303	-0.00373527062	0.00498049000
0.05363710157	-0.00377812587	0.00509062778
0.05363414166	-0.00381991474	0.00519886322
0.05363122655	-0.00386062673	0.00530513381
0.05362835471	-0.00390031682	0.00540948405
0.05362553037	-0.00393895835	0.00551184059
0.05362275278	-0.00397659206	0.00561222137
0.05362002228	-0.00401324190	0.00571064062
0.05361734204	-0.00404889273	0.00580704669
0.05361471103	-0.00408358438	0.00590146378
0.05361212996	-0.00411733174	0.00599389243
0.05360959943	-0.00415015051	0.00608433560
0.05360711984	-0.00418205715	0.00617279853
0.05360469153	-0.00421306852	0.00625928873
0.05360231466	-0.00424320202	0.00634381581
0.05359998930	-0.00427247550	0.00642639140
0.05359771539	-0.00430090742	0.00650702887
0.05359549278	-0.00432851635	0.00658574348
0.05359332031	-0.00435533218	0.00666257896
0.05359119977	-0.00438134766	0.00673751683
0.05358913011	-0.00440658983	0.00681058108
0.05358710874	-0.00443110335	0.00688184694
0.05358513937	-0.00445485561	0.00695125615
0.05358321730	-0.00447791506	0.00701891196
0.05358134577	-0.00450025398	0.00708476751
0.05357952002	-0.00452193927	0.00714893297
0.05357774401	-0.00454293373	0.00721134978
0.05357601392	-0.00456329190	0.00727209652
0.05357432912	-0.00458302954	0.00733121265
0.05357269109	-0.00460213742	0.00738868360
0.05357109740	-0.00462065182	0.00744456466
0.05356954738	-0.00463858750	0.00749888606
0.05356804007	-0.00465596211	0.00755168576
0.05356657534	-0.00467278360	0.00760298468
0.05356515250	-0.00468906576	0.00765280828
0.05356377026	-0.00470482898	0.00770119468
0.05356242783	-0.00472008742	0.00774817484
0.05356112438	-0.00473485536	0.00779377958
0.05355985909	-0.00474914665	0.00783803973
0.05355863112	-0.00476297520	0.00788098593
0.05355743922	-0.00477635883	0.00792265981
0.05355628329	-0.00478930272	0.00796307986
0.05355516250	-0.00480181940	0.00800227226
0.05355407567	-0.00481392551	0.00804027151
0.05355302193	-0.00482563381	0.00807710697
0.05355199993	-0.00483696219	0.00811282177
0.05355100920	-0.00484791850	0.00814744432
0.05355005035	-0.00485849849	0.00818096913
0.05354912121	-0.00486872857	0.00821344429
0.05354822255	-0.00487860243	0.00824484951
0.05354784862	-0.00488270502	0.00825788312
0.05354760462	-0.00488538017	0.00827128573
0.05354749363	-0.00488659656	0.00828490020
0.05354751705	-0.00488633992	0.00829856694
0.05354767458	-0.00488461326	0.00831212569
0.05354796424	-0.00488143682	0.00832541750
0.05354838238	-0.00487684781	0.00833828654
0.05354892374	-0.00487089999	0.00835058192
0.05354958152	-0.00486366308	0.00836215949
0.05355034753	-0.00485522185	0.00837288353
0.05355121223	-0.00484567523	0.00838262829
0.05355216493	-0.00483513510	0.00839127953
0.05355319390	-0.00482372498	0.00839873582
0.05355428658	-0.00481157860	0.00840490975
0.05409504513	0.00471339498	-0.00433009914
0.05409818799	0.00467718470	-0.00440355575
0.05409993620	0.00465691990	-0.00443264505
0.05410146274	0.00463915178	-0.00445453120
0.05410291156	0.00462222465	-0.00447258366
0.05410430427	0.00460589402	-0.00448822797
0.05410566918	0.00458983254	-0.00450212516
0.05410703902	0.00457365593	-0.00451458786
0.05410838670	0.00455768453	-0.00452602504
0.05410974702	0.00454150606	-0.00453649297
0.05411112604	0.00452504565	-0.00454610214
0.05411250279	0.00450855206	-0.00455505275
0.05411389716	0.00449178518	-0.00456334191
0.05411532333	0.00447457052	-0.00457096308
0.05411676456	0.00445710591	-0.00457803746
0.05411822389	0.00443935165	-0.00458459285
0.05411970920	0.00442120760	-0.00459062449
0.05412122194	0.00440265094	-0.00459614809
0.05412276345	0.00438366016	-0.00460117535
0.05412433489	0.00436421498	-0.00460571428
0.05412593837	0.00434428305	-0.00460976457
0.05412757258	0.00432387400	-0.00461334012
0.05412923761	0.00430297983	-0.00461644668
0.05413093972	0.00428151439	-0.00461905564
0.05413267563	0.00425951049	-0.00462118353
0.05413444634	0.00423694692	-0.00462282500
0.05413625294	0.00421380080	-0.00462397326
0.05413809604	0.00419005455	-0.00462462154
0.05413997623	0.00416569013	-0.00462476286
0.05414189689	0.00414065222	-0.00462437239
0.05414386898	0.00411478460	-0.00462337657
0.05414586521	0.00408843250	-0.00462191889
0.05414790183	0.00406137020	-0.00461990669
0.05414999981	0.00403330145	-0.00461719967
0.05415211529	0.00400479833	-0.00461404016
0.05415429152	0.00397526229	-0.00461016465
0.05415649595	0.00394511683	-0.00460574959
0.05415875774	0.00391394437	-0.00460060226
0.05416104559	0.00388215676	-0.00459489876
0.05416339585	0.00384922722	-0.00458839162
0.05416577594	0.00381558869	-0.00458126371
0.05416819865	0.00378103883	-0.00457341892
0.05417066964	0.00374547076	-0.00456479328
0.05417318591	0.00370889853	-0.00455537560
0.05417573816	0.00367142952	-0.00454520451
0.05417833281	0.00363294009	-0.00453420963
0.05418096879	0.00359341363	-0.00452236626
0.05418364489	0.00355283351	-0.00450964902
0.05418635984	0.00351118316	-0.00449603189
0.05418911218	0.00346844647	-0.00448148745
0.05419190036	0.00342460738	-0.00446598768
0.05419472999	0.00337953269	-0.00444943872
0.05419758753	0.00333339254	-0.00443190276
0.05420047368	0.00328613037	-0.00441333161
0.05420339456	0.00323759442	-0.00439361797
0.05420634233	0.00318786002	-0.00437276722
0.05420931034	0.00313698462	-0.00435078547
0.05421230759	0.00308475379	-0.00432752040
0.05421531841	0.00303137755	-0.00430305190
0.05421834579	0.00297673985	-0.00427728529
0.05422139239	0.00292072037	-0.00425010667
0.05422444174	0.00286354993	-0.00422160733
0.05422749810	0.00280507563	-0.00419166335
0.05423055717	0.00274529952	-0.00416022926
0.05423361444	0.00268422525	-0.00412725882
0.05423666528	0.00262185803	-0.00409270536
0.05423970492	0.00255820448	-0.00405652214
0.05424272846	0.00249327288	-0.00401866223
0.05424573085	0.00242707330	-0.00397907846
0.05424870695	0.00235961750	-0.00393772391
0.05425165150	0.00229091896	-0.00389455192
0.05425456157	0.00222093412	-0.00384947470
0.05425743043	0.00214970767	-0.00380245535
0.05426024815	0.00207737104	-0.00375352811
0.05426301848	0.00200370288	-0.00370247789
0.05426572459	0.00192902427	-0.00364946284
0.05426837195	0.00185305309	-0.00359422408
0.05427094465	0.00177611011	-0.00353692206
0.05427344445	0.00169800699	-0.00347736626
0.05427586305	0.00161885454	-0.00341556447
0.05427819349	0.00153873695	-0.00335151996
0.05428043211	0.00145763180	-0.00328515813
0.05428257337	0.00137558272	-0.00321644869
0.05428461212	0.00129262811	-0.00314535862
0.05428654296	0.00120882300	-0.00307187052
0.05428836065	0.00112423205	-0.00299598022
0.05429006099	0.00103888313	-0.00291765630
0.05429163986	0.00095280717	-0.00283686890
0.05429309260	0.00086608087	-0.00275362855
0.05429441534	0.00077875723	-0.00266793239
0.05429560461	0.00069088377	-0.00257977713
0.05429665714	0.00060251392	-0.00248916745
0.05429757003	0.00051370133	-0.00239611084
0.05429834118	0.00042443516	-0.00230055290
0.05429896716	0.00033491095	-0.00220263423
0.05429944677	0.00024511242	-0.00210232391
0.05429977868	0.00015503226	-0.00199958056
0.05429996128	0.00006484544	-0.00189454075
0.05429999404	-0.00002543749	-0.00178720815
0.05429987646	-0.00011582974	-0.00167754789
0.05429960876	-0.00020612640	-0.00156574819
0.05429919091	-0.00029642231	-0.00145171626
0.05429862415	-0.00038654238	-0.00133561844
0.05429790921	-0.00047650323	-0.00121744941
0.05429704772	-0.00056622308	-0.00109729367
0.05429604170	-0.00065563392	-0.00097523864
0.05429489276	-0.00074472850	-0.00085130583
0.05429360442	-0.00083337832	-0.00072565446
0.05429217797	-0.00092163510	-0.00059825393
0.05429061860	-0.00100932268	-0.00046932556
0.05428892716	-0.00109653421	-0.00033880349
0.05428711006	-0.00118308139	-0.00020692860
0.05428516892	-0.00126902920	-0.00007368251
0.05428310918	-0.00135427371	0.00006078047
0.05428093521	-0.00143877478	0.00019635472
0.05427864983	-0.00152255472	0.00033301741
0.05427626046	-0.00160547515	0.00047055295
0.05427377018	-0.00168756338	0.00060891816
0.05427118324	-0.00176880470	0.00074804321
0.05426850699	-0.00184909403	0.00088773766
0.05426574516	-0.00192844565	0.00102793635
0.05426290295	-0.00200682914	0.00116853128
0.05425998522	-0.00208422751	0.00130943415
0.05425699845	-0.00216058319	0.00145050020
0.05425394744	-0.00223588630	0.00159163297
0.05425083732	-0.00231011901	0.00173272993
0.05424767338	-0.00238326102	0.00187368437
0.05424446088	-0.00245529292	0.00201439142
0.05424120504	-0.00252619782	0.00215474724
0.05423791097	-0.00259596096	0.00229464955
0.05423458292	-0.00266458543	0.00243402423
0.05423122746	-0.00273202631	0.00257273411
0.05422784876	-0.00279828854	0.00271069463
0.05422445101	-0.00286337441	0.00284782513
0.05422103825	-0.00292728724	0.00298406062
0.05421761759	-0.00298997371	0.00311924487
0.05421418960	-0.00305149898	0.00325338788
0.05421076259	-0.00311178718	0.00338631127
0.05420733626	-0.00317091408	0.00351804180
0.05420391854	-0.00322881010	0.00364841821
0.05420051095	-0.00328551556	0.00377741037
0.05419711658	-0.00334104086	0.00390497166
0.05419374020	-0.00339536786	0.00403101484
0.05419038484	-0.00344850565	0.00415548213
0.05418705311	-0.00350046786	0.00427832762
0.05418374800	-0.00355126076	0.00439950044
0.05418047228	-0.00360089210	0.00451895334
0.05417722853	-0.00364937102	0.00463664273
0.05417401861	-0.00369671579	0.00475254486
0.05417084563	-0.00374292446	0.00486660991
0.05416771192	-0.00378800549	0.00497879510
0.05416461818	-0.00383198876	0.00508909407
0.05416156623	-0.00387488633	0.00519749011
0.05415855944	-0.00391668726	0.00530392102
0.05415559635	-0.00395744664	0.00540843038
0.05415268131	-0.00399713736	0.00551094542
0.05414981364	-0.00403580018	0.00561148351
0.05414699374	-0.00407345906	0.00571005855
0.05414422490	-0.00411009859	0.00580661933
0.05414150612	-0.00414575866	0.00590118953
0.05413883821	-0.00418045417	0.00599376962
0.05413622180	-0.00421420086	0.00608436247
0.05413365738	-0.00424701521	0.00617297320
0.05413114532	-0.00427891418	0.00625960927
0.05412868584	-0.00430991524	0.00634428023
0.05412627906	-0.00434003635	0.00642699760
0.05412392494	-0.00436929613	0.00650777470
0.05412162339	-0.00439771327	0.00658662674
0.05411937325	-0.00442531801	0.00666359712
0.05411717637	-0.00445210306	0.00673866779
0.05411503173	-0.00447809571	0.00681186258
0.05411293671	-0.00450334110	0.00688325613
0.05411089510	-0.00452780644	0.00695279111
0.05410890217	-0.00455156085	0.00702056981
0.05410696120	-0.00457457647	0.00708654620
0.05410506740	-0.00459692092	0.00715082949
0.05410322479	-0.00461855681	0.00721336212
0.05410142952	-0.00463953924	0.00727422201
0.05409968094	-0.00465988434	0.00733344861
0.05409798059	-0.00467958292	0.00739102781
0.05409632598	-0.00469867169	0.00744701458
0.05409471645	-0.00471716574	0.00750143920
0.05409315103	-0.00473508307	0.00755433957
0.05409162959	-0.00475243188	0.00760573677
0.05409015142	-0.00476922627	0.00765565631
0.05408871522	-0.00478548695	0.00770413624
0.05408732019	-0.00480122842	0.00775120757
0.05408596548	-0.00481646527	0.00779690115
0.05408465026	-0.00483121167	0.00784124785
0.05408337365	-0.00484548183	0.00788427831
0.05408213441	-0.00485929397	0.00792603413
0.05408093239	-0.00487265350	0.00796653396
0.05407976677	-0.00488557325	0.00800580406
0.05407863634	-0.00489807017	0.00804387888
0.05407754021	-0.00491015735	0.00808078785
0.05407647698	-0.00492185303	0.00811657397
0.05407544618	-0.00493316538	0.00815126575
0.05407444842	-0.00494409025	0.00818485810
0.05407348148	-0.00495465443	0.00821739886
0.05407254616	-0.00496485160	0.00824886823
0.05407215917	-0.00496906456	0.00826186656
0.05407190282	-0.00497185332	0.00827524613
0.05407178034	-0.00497318523	0.00828885004
0.05407179326	-0.00497304466	0.00830251883
0.05407194144	-0.00497143327	0.00831609222
0.05407222300	-0.00496836994	0.00832941110
0.05407263440	-0.00496389056	0.00834231929
0.05407317046	-0.00495804761	0.00835466547
0.05407382449	-0.00495090957	0.00836630489
0.05407458830	-0.00494256006	0.00837710109
0.05407545242	-0.00493309693	0.00838692749
0.05407640616	-0.00492263109	0.00839566889
0.05407743779	-0.00491128517	0.00840322280
0.05407853471	-0.00489919216	0.00840950066
0.05461285711	0.00476111739	-0.00432564228
0.05461598433	0.00472510909	-0.00439920557
0.05461772876	0.00470490220	-0.00442834838
0.05461925366	0.00468716649	-0.00445027895
0.05462070193	0.00467025920	-0.00446837297
0.05462209492	0.00465393888	-0.00448405623
0.05462346074	0.00463788062	-0.00449799096
0.05462483196	0.00462170244	-0.00451049155
0.05462618156	0.00460572342	-0.00452196494
0.05462754418	0.00458953341	-0.00453246948
0.05462892587	0.00457305789	-0.00454211598
0.05463030571	0.00455654449	-0.00455110308
0.05463170354	0.00453975420	-0.00455942912
0.05463313348	0.00452251328	-0.00456708849
0.05463457887	0.00450501855	-0.00457420116
0.05463604271	0.00448723042	-0.00458079507
0.05463753289	0.00446904909	-0.00458686596
0.05463905087	0.00445045172	-0.00459242959
0.05464059796	0.00443141677	-0.00459749771
0.05464217536	0.00441192390	-0.00460207838
0.05464378516	0.00439194074	-0.00460617141
0.05464542608	0.00437147673	-0.00460979057
0.05464709822	0.00435052372	-0.00461294159
0.05464880781	0.00432899579	-0.00461559629
0.05465055163	0.00430692540	-0.00461777094
0.05465233068	0.00428429124	-0.00461946024
0.05465414604	0.00426107034	-0.00462065746
0.05465599834	0.00423724498	-0.00462135586
0.05465788819	0.00421279701	-0.00462154849
0.05465981898	0.00418767111	-0.00462121079
0.05466180163	0.00416171150	-0.00462027008
0.05466380897	0.00413526169	-0.00461886764
0.05466585718	0.00410809670	-0.00461691212
0.05466796724	0.00407992131	-0.00461426499
0.05467009538	0.00405130486	-0.00461116490
0.05467228477	0.00402165114	-0.00460735206
0.05467450295	0.00399138154	-0.00460300010
0.05467677904	0.00396007999	-0.00459791890
0.05467908181	0.00392815634	-0.00459228181
0.05468144756	0.00389508568	-0.00458584472
0.05468384378	0.00386129888	-0.00457878754
0.05468628326	0.00382659415	-0.00457101539
0.05468877165	0.00379086472	-0.00456246494
0.05469130599	0.00375412425	-0.00455312479
0.05469387700	0.00371647939	-0.00454303277
0.05469649110	0.00367780666	-0.00453211921
0.05469914723	0.00363808916	-0.00452035944
0.05470184422	0.00359731003	-0.00450772808
0.05470458078	0.00355545237	-0.00449419915
0.05470735549	0.00351249980	-0.00447974520
0.05471016681	0.00346843596	-0.00446433824
0.05471302035	0.00342312777	-0.00444788528
0.05471590260	0.00337674437	-0.00443044718
0.05471881426	0.00332922903	-0.00441197604
0.05472176146	0.00328043019	-0.00439236557
0.05472473637	0.00323042247	-0.00437162051
0.05472773235	0.00317926275	-0.00434974644
0.05473075841	0.00312673695	-0.00432659259
0.05473379888	0.00307305396	-0.00430223712
0.05473685674	0.00301809772	-0.00427658616
0.05473993469	0.00296174791	-0.00424952671
0.05474301621	0.00290423415	-0.00422114811
0.05474610560	0.00284540365	-0.00419132761
0.05474919851	0.00278525802	-0.00416001964
0.05475229046	0.00272380050	-0.00412717787
0.05475537680	0.00266103584	-0.00409275555
0.05475845273	0.00259697024	-0.00405670583
0.05476151334	0.00253161151	-0.00401898166
0.05476455356	0.00246496932	-0.00397953576
0.05476756821	0.00239705495	-0.00393832105
0.05477055201	0.00232788146	-0.00389529077
0.05477350201	0.00225740500	-0.00385035748
0.05477641142	0.00218566974	-0.00380348393
0.05477927025	0.00211280640	-0.00375470313
0.05478208225	0.00203859378	-0.00370380209
0.05478483047	0.00196335186	-0.00365093599
0.05478752039	0.00188679878	-0.00359584867
0.05479013596	0.00180925427	-0.00353869760
0.05479267894	0.00173053009	-0.00347929411
0.05479514093	0.00165073645	-0.00341764504
0.05479751486	0.00156995715	-0.00335375294
0.05479979700	0.00148816951	-0.00328754353
0.05480198175	0.00140541684	-0.00321898621
0.05480406382	0.00132173724	-0.00314804774
0.05480603773	0.00123718544	-0.00307471033
0.05480789813	0.00115182583	-0.00299896932
0.05480964070	0.00106568609	-0.00292079317
0.05481126122	0.00097879700	-0.00284015193
0.05481275490	0.00089123504	-0.00275705554
0.05481411776	0.00080305312	-0.00267150080
0.05481534618	0.00071429870	-0.00258348417
0.05481643680	0.00062502515	-0.00249301000
0.05481738656	0.00053528614	-0.00240008549
0.05481819326	0.00044507087	-0.00230465672
0.05481885330	0.00035457490	-0.00220686237
0.05481936536	0.00026378215	-0.00210667203
0.05481972802	0.00017268547	-0.00200404481
0.05481993948	0.00008146001	-0.00189911561
0.05481999911	-0.00000988335	-0.00179188836
0.05481990630	-0.00010135759	-0.00168232878
0.05481966111	-0.00019275735	-0.00157062304
0.05481926343	-0.00028417715	-0.00145667997
0.05481871436	-0.00037544138	-0.00134066421
0.05481801452	-0.00046656619	-0.00122257113
0.05481716545	-0.00055746925	-0.00110248469
0.05481616905	-0.00064808194	-0.00098049197
0.05481502687	-0.00073839642	-0.00085661490
0.05481374231	-0.00082828343	-0.00073101157
0.05481231663	-0.00091779410	-0.00060365260
0.05481075489	-0.00100675131	-0.00047475754
0.05480905794	-0.00109524766	-0.00034426233
0.05480723209	-0.00118309378	-0.00021240593
0.05480527895	-0.00127035394	-0.00007917134
0.05480320391	-0.00135692325	0.00005528791
0.05480101132	-0.00144276057	0.00019086621
0.05479870400	-0.00152788748	0.00032753979
0.05479628935	-0.00161216435	0.00046509443
0.05479377046	-0.00169561761	0.00060348601
0.05479115159	-0.00177823166	0.00074264429
0.05478844013	-0.00185990016	0.00088237973
0.05478563982	-0.00194063645	0.00102262645
0.05478275593	-0.00202040906	0.00116327632
0.05477979335	-0.00209920000	0.00130424070
0.05477675863	-0.00217695057	0.00144537509
0.05477365665	-0.00225364982	0.00158658268
0.05477049260	-0.00232927889	0.00172776068
0.05476727186	-0.00240381644	0.00186880217
0.05476399978	-0.00247724200	0.00200960205
0.05476068168	-0.00254953767	0.00215005627
0.05475732276	-0.00262068766	0.00229006231
0.05475392739	-0.00269069417	0.00242954551
0.05475050226	-0.00275951117	0.00256836897
0.05474705165	-0.00282714267	0.00270644765
0.05474357987	-0.00289359006	0.00284370050
0.05474009108	-0.00295885589	0.00298006203
0.05473659253	-0.00302288566	0.00311537654
0.05473308491	-0.00308574408	0.00324965266
0.05472957667	-0.00314735407	0.00338271292
0.05472606762	-0.00320779104	0.00351458257
0.05472256585	-0.00326698431	0.00364510119
0.05471907300	-0.00332497364	0.00377423782
0.05471559229	-0.00338176883	0.00390194541
0.05471212862	-0.00343735105	0.00402813682
0.05470868514	-0.00349172876	0.00415275399
0.05470526462	-0.00354491506	0.00427575063
0.05470187014	-0.00359691571	0.00439707565
0.05469850462	-0.00364773797	0.00451668161
0.05469517075	-0.00369739054	0.00463452467
0.05469187049	-0.00374589135	0.00475058072
0.05468860709	-0.00379323802	0.00486479994
0.05468538297	-0.00383943863	0.00497713943
0.05468219895	-0.00388452285	0.00508759237
0.05467905694	-0.00392850252	0.00519614184
0.05467596044	-0.00397136630	0.00530272591
0.05467290802	-0.00401316937	0.00540738731
0.05466990418	-0.00405388419	0.00551005380
0.05466694830	-0.00409355151	0.00561074223
0.05466404085	-0.00413219533	0.00570946616
0.05466118521	-0.00416979995	0.00580617480
0.05465838046	-0.00420640535	0.00590089137
0.05465562745	-0.00424202643	0.00599361622
0.05465292689	-0.00427667892	0.00608435214
0.05465027932	-0.00431037938	0.00617310419
0.05464768516	-0.00434314483	0.00625987973
0.05464514469	-0.00437499281	0.00634468824
0.05464265806	-0.00440594142	0.00642754119
0.05464022530	-0.00443600940	0.00650845181
0.05463784631	-0.00446521557	0.00658743527
0.05463551999	-0.00449359049	0.00666453467
0.05463324823	-0.00452112687	0.00673973235
0.05463103001	-0.00454785220	0.00681305199
0.05462886272	-0.00457381213	0.00688456767
0.05462675023	-0.00459897368	0.00695422295
0.05462468775	-0.00462340659	0.00702211920
0.05462267863	-0.00464708289	0.00708821119
0.05462071803	-0.00467007091	0.00715260719
0.05461881004	-0.00469233308	0.00721525062
0.05461695076	-0.00471392502	0.00727621878
0.05461513957	-0.00473486322	0.00733555104
0.05461337801	-0.00475513855	0.00739323382
0.05461166357	-0.00477478815	0.00744932174
0.05460999560	-0.00479382739	0.00750384512
0.05460837310	-0.00481227463	0.00755684181
0.05460679595	-0.00483013834	0.00760833304
0.05460526343	-0.00484743287	0.00765834438
0.05460377423	-0.00486417929	0.00770691383
0.05460232751	-0.00488039241	0.00775407241
0.05460092244	-0.00489608712	0.00779985100
0.05459955814	-0.00491127791	0.00784428051
0.05459823374	-0.00492597929	0.00788739162
0.05459694796	-0.00494020985	0.00792922586
0.05459570065	-0.00495397525	0.00796980204
0.05459449097	-0.00496728858	0.00800914650
0.05459331768	-0.00498016712	0.00804729365
0.05459217987	-0.00499262426	0.00808427297
0.05459107612	-0.00500467862	0.00812012736
0.05459000592	-0.00501633864	0.00815488540
0.05458896991	-0.00502760027	0.00818854238
0.05458796581	-0.00503849071	0.00822114594
0.05458699445	-0.00504900361	0.00825267672
0.05458659474	-0.00505332315	0.00826564001
0.05458632633	-0.00505622174	0.00827899634
0.05458619258	-0.00505766541	0.00829258909
0.05458619519	-0.00505763725	0.00830625893
0.05458633412	-0.00505613759	0.00831984557
0.05458660762	-0.00505318399	0.00833318973
0.05458701225	-0.00504881107	0.00834613497
0.05458754294	-0.00504307007	0.00835852950
0.05458819304	-0.00503602824	0.00837022801
0.05458895445	-0.00502776812	0.00838109336
0.05458981771	-0.00501838648	0.00839099815
0.05459077214	-0.00500799327	0.00839982625
0.05459180604	-0.00499671030	0.00840747418
0.05459290675	-0.00498466980	0.00841385226
0.05513069132	0.00480858346	-0.00432133403
0.05513380326	0.00477277044	-0.00439500006
0.05513554403	0.00475261871	-0.00442419437
0.05513706735	0.00473491333	-0.00444616768
0.05513851511	0.00471802412	-0.00446430170
0.05513990841	0.00470171256	-0.00448002243
0.05514127516	0.00468565613	-0.00449399327
0.05514264776	0.00466947511	-0.00450653031
0.05514399927	0.00465348731	-0.00451803852
0.05514536419	0.00463728463	-0.00452857830
0.05514674852	0.00462079298	-0.00453826071
0.05514813144	0.00460425880	-0.00454728291
0.05514953269	0.00458744419	-0.00455564444
0.05515096636	0.00457017615	-0.00456334057
0.05515241585	0.00455265049	-0.00457049010
0.05515388416	0.00453482770	-0.00457712108
0.05515537915	0.00451660835	-0.00458322975
0.05515690229	0.00449796957	-0.00458883190
0.05515845489	0.00447888978	-0.00459393936
0.05516003816	0.00445934859	-0.00459856022
0.05516165420	0.00443931362	-0.00460269440
0.05516330174	0.00441879409	-0.00460635557
0.05516498088	0.00439778173	-0.00460954940
0.05516669787	0.00437619082	-0.00461224816
0.05516844948	0.00435405350	-0.00461446786
0.05517023674	0.00433134833	-0.00461620325
0.05517206073	0.00430805228	-0.00461744765
0.05517392210	0.00428414748	-0.00461819436
0.05517582147	0.00425961565	-0.00461843645
0.05517776222	0.00423440150	-0.00461814961
0.05517975528	0.00420834968	-0.00461726206
0.05518177355	0.00418180198	-0.00461591289
0.05518383319	0.00415453416	-0.00461401201
0.05518595514	0.00412625202	-0.00461142268
0.05518809574	0.00409752220	-0.00460837992
0.05519029809	0.00406775077	-0.00460462754
0.05519252982	0.00403735707	-0.00460033648
0.05519481998	0.00400592651	-0.00459531914
0.05519713744	0.00397386693	-0.00458974616
0.05519951844	0.00394065534	-0.00458337671
0.05520193054	0.00390672050	-0.00457638785
0.05520438652	0.00387186117	-0.00456868587
0.05520689204	0.00383597071	-0.00456020805
0.05520944416	0.00379906240	-0.00455094285
0.05521203363	0.00376124213	-0.00454092725
0.05521466687	0.00372238660	-0.00453009231
0.05521734285	0.00368247865	-0.00451841338
0.05522006039	0.00364150112	-0.00450586508
0.05522281824	0.00359943686	-0.00449242145
0.05522561498	0.00355626917	-0.00447805506
0.05522844907	0.00351198142	-0.00446273791
0.05523132616	0.00346644066	-0.00444637790
0.05523423273	0.00341981498	-0.00442903454
0.05523716951	0.00337204756	-0.00441066023
0.05524014263	0.00332298696	-0.00439114969
0.05524314426	0.00327270716	-0.00437050705
0.05524616779	0.00322126444	-0.00434873731
0.05524922222	0.00316844509	-0.00432569125
0.05525229189	0.00311445685	-0.00430144536
0.05525537979	0.00305918368	-0.00427590655
0.05525848860	0.00300250523	-0.00424896267
0.05526160183	0.00294464996	-0.00422070122
0.05526472375	0.00288546517	-0.00419100053
0.05526785002	0.00282495207	-0.00415981497
0.05527097615	0.00276311344	-0.00412709812
0.05527409746	0.00269995360	-0.00409280315
0.05527720917	0.00263547832	-0.00405688309
0.05528030633	0.00256969499	-0.00401929079
0.05528338384	0.00250261281	-0.00397997886
0.05528643652	0.00243424264	-0.00393890009
0.05528945904	0.00236459712	-0.00389600758
0.05529244842	0.00229363209	-0.00385121426
0.05529539783	0.00222139121	-0.00380448252
0.05529829723	0.00214800449	-0.00375584421
0.05530115036	0.00207325092	-0.00370508835
0.05530394015	0.00199744931	-0.00365236725
0.05530667210	0.00192031814	-0.00359742739
0.05530933002	0.00184217605	-0.00354042333
0.05531191565	0.00176283491	-0.00348116823
0.05531442050	0.00168240438	-0.00341966799
0.05531683742	0.00160096779	-0.00335592446
0.05531916260	0.00151850226	-0.00328986365
0.05532139034	0.00143505078	-0.00322145470
0.05532351527	0.00135065113	-0.00315066413
0.05532553181	0.00126535774	-0.00307747378
0.05532743447	0.00117923474	-0.00300187849
0.05532921886	0.00109230962	-0.00292384663
0.05533088064	0.00100461299	-0.00284334815
0.05533241490	0.00091622115	-0.00276039242
0.05533381752	0.00082718688	-0.00267497591
0.05533508479	0.00073755758	-0.00258709482
0.05533621319	0.00064738659	-0.00249675320
0.05533719955	0.00055672756	-0.00240395795
0.05533804157	0.00046556975	-0.00230865561
0.05533873546	0.00037410873	-0.00221098303
0.05533927982	0.00028232861	-0.00211091023
0.05533967307	0.00019022240	-0.00200839684
0.05533991329	0.00009796544	-0.00190357614
0.05533999972	0.00000556889	-0.00179645225
0.05533993165	-0.00008697993	-0.00168699154
0.05533970897	-0.00017947530	-0.00157537814
0.05533933149	-0.00027201136	-0.00146152245
0.05533880017	-0.00036441202	-0.00134558748
0.05533811554	-0.00045669296	-0.00122756923
0.05533727903	-0.00054877131	-0.00110755119
0.05533629243	-0.00064057783	-0.00098562003
0.05533515721	-0.00073210412	-0.00086179815
0.05533387668	-0.00082322014	-0.00073624250
0.05533245202	-0.00091397646	-0.00060892492
0.05533088823	-0.00100419502	-0.00048006320
0.05532918610	-0.00109396783	-0.00034959506
0.05532735186	-0.00118310450	-0.00021775754
0.05532538711	-0.00127166858	-0.00008453505
0.05532329719	-0.00135955422	0.00004991969
0.05532108642	-0.00144671933	0.00018550107
0.05531875762	-0.00153318469	0.00032218441
0.05531631817	-0.00161880950	0.00045975682
0.05531377117	-0.00170361929	0.00059817327
0.05531112090	-0.00178759755	0.00073736310
0.05530837476	-0.00187063674	0.00087713769
0.05530553653	-0.00195274923	0.00101743044
0.05530261152	-0.00203390252	0.00115813308
0.05529960466	-0.00211407762	0.00129915664
0.05529652258	-0.00219321470	0.00144035691
0.05529337020	-0.00227130178	0.00158163671
0.05529015281	-0.00234831893	0.00172289300
0.05528687586	-0.00242424380	0.00186401865
0.05528354479	-0.00249905488	0.00200490838
0.05528016501	-0.00257273323	0.00214545788
0.05527674184	-0.00264526206	0.00228556441
0.05527327973	-0.00271664267	0.00242515281
0.05526978551	-0.00278682793	0.00256408641
0.05526626355	-0.00285582093	0.00270227974
0.05526271830	-0.00292362217	0.00283965132
0.05525915403	-0.00299023339	0.00297613522
0.05525557813	-0.00305559899	0.00311157624
0.05525199139	-0.00311978315	0.00324598167
0.05524840244	-0.00318270764	0.00337917492
0.05524481116	-0.00324444748	0.00351117977
0.05524122583	-0.00330493092	0.00364183663
0.05523764819	-0.00336419715	0.00377111373
0.05523408158	-0.00342225539	0.00389896360
0.05523053105	-0.00347908607	0.00402529919
0.05522699989	-0.00353469707	0.00415006215
0.05522349097	-0.00358910095	0.00427320586
0.05522000751	-0.00364230295	0.00439467900
0.05521655254	-0.00369430985	0.00451443391
0.05521312889	-0.00374512991	0.00463242655
0.05520973863	-0.00379478071	0.00474863244
0.05520638511	-0.00384325946	0.00486300175
0.05520307089	-0.00389057384	0.00497549149
0.05519979686	-0.00393675332	0.00508609436
0.05519656505	-0.00398180953	0.00519479326
0.05519337906	-0.00402573072	0.00530152651
0.05519023755	-0.00406857213	0.00540633599
0.05518714511	-0.00411030584	0.00550915002
0.05518410121	-0.00415097258	0.00560998492
0.05518110639	-0.00419059636	0.00570885391
0.05517816412	-0.00422916122	0.00580570663
0.05517527354	-0.00426670720	0.00590056581
0.05517243557	-0.00430324920	0.00599343173
0.05516965098	-0.00433880298	0.00608430709
0.05516692036	-0.00437338514	0.00617319687
0.05516424420	-0.00440701276	0.00626010835
0.05516162283	-0.00443970349	0.00634505094
0.05515905643	-0.00447147551	0.00642803604
0.05515654508	-0.00450234770	0.00650907683
0.05515408872	-0.00453233903	0.00658818842
0.05515168626	-0.00456148035	0.00666541359
0.05514933964	-0.00458976440	0.00674073509
0.05514704788	-0.00461721885	0.00681417647
0.05514480834	-0.00464388983	0.00688581123
0.05514262497	-0.00466974421	0.00695558383
0.05514049294	-0.00469485233	0.00702359470
0.05513841567	-0.00471918614	0.00708979942
0.05513638825	-0.00474281461	0.00715430533
0.05513441487	-0.00476570004	0.00721705682
0.05513249158	-0.00478789857	0.00727813056
0.05513061773	-0.00480942702	0.00733756588
0.05512879493	-0.00483027634	0.00739534968
0.05512702064	-0.00485048407	0.00745153627
0.05512529418	-0.00487006591	0.00750615598
0.05512361456	-0.00488904054	0.00755924662
0.05512198165	-0.00490741668	0.00761082957
0.05512039474	-0.00492520898	0.00766093046
0.05511885248	-0.00494243884	0.00770958723
0.05511735403	-0.00495912137	0.00775683091
0.05511589853	-0.00497527177	0.00780269244
0.05511448511	-0.00499090485	0.00784720274
0.05511311286	-0.00500603541	0.00789039254
0.05511178048	-0.00502068242	0.00793230327
0.05511048782	-0.00503485177	0.00797295395
0.05510923402	-0.00504855683	0.00801237095
0.05510801781	-0.00506181521	0.00805058868
0.05510683826	-0.00507464057	0.00808763663
0.05510569392	-0.00508705191	0.00812355763
0.05510458427	-0.00509905798	0.00815838032
0.05510350994	-0.00511065481	0.00819210037
0.05510246862	-0.00512186997	0.00822476521
0.05510146114	-0.00513269714	0.00825635593
0.05510104882	-0.00513712161	0.00826928376
0.05510076841	-0.00514012841	0.00828261626
0.05510062344	-0.00514168231	0.00829619710
0.05510061571	-0.00514176511	0.00830986706
0.05510074533	-0.00514037583	0.00832346589
0.05510101068	-0.00513753074	0.00833683413
0.05510140841	-0.00513326320	0.00834981507
0.05510193355	-0.00512762319	0.00836225651
0.05510257951	-0.00512067681	0.00837401259
0.05510333827	-0.00511250545	0.00838494547
0.05510420039	-0.00510320486	0.00839492699
0.05510515522	-0.00509288404	0.00840384012
0.05510619105	-0.00508166394	0.00841158035
0.05510729520	-0.00506967605	0.00841805695
0.05564854730	0.00485579894	-0.00431717025
0.05565164432	0.00482017470	-0.00439093527
0.05565338153	0.00480007549	-0.00442017918
0.05565490334	0.00478239840	-0.00444219360
0.05565635064	0.00476552557	-0.00446036612
0.05565774427	0.00474922128	-0.00447612289
0.05565911198	0.00473316533	-0.00449012847
0.05566048596	0.00471698024	-0.00450270060
0.05566183938	0.00470098251	-0.00451424231
0.05566320658	0.00468476612	-0.00452481598
0.05566459354	0.00466825733	-0.00453453295
0.05566597950	0.00465170143	-0.00454358892
0.05566738415	0.00463486161	-0.00455198460
0.05566882151	0.00461756561	-0.00455971610
0.05567027505	0.00460000821	-0.00456690109
0.05567174778	0.00458215001	-0.00457356775
0.05567324753	0.00456389192	-0.00457971278
0.05567477577	0.00454521105	-0.00458535202
0.05567633382	0.00452608578	-0.00459049735
0.05567792289	0.00450649565	-0.00459515690
0.05567954508	0.00448640829	-0.00459933071
0.05568119915	0.00446583270	-0.00460303233
0.05568288520	0.00444476049	-0.00460626740
0.05568460947	0.00442310613	-0.00460900860
0.05568636877	0.00440090143	-0.00461127170
0.05568816412	0.00437812487	-0.00461305149
0.05568999662	0.00435475329	-0.00461434135
0.05569186693	0.00433076871	-0.00461513461
0.05569377567	0.00430615272	-0.00461542436
0.05569572625	0.00428085005	-0.00461518656
0.05569772956	0.00425470582	-0.00461435027
0.05569975860	0.00422806002	-0.00461305246
0.05570182950	0.00420068922	-0.00461120428
0.05570396315	0.00417230025	-0.00460867072
0.05570611604	0.00414345696	-0.00460568324
0.05570833115	0.00411356782	-0.00460198923
0.05571057622	0.00408305003	-0.00459775692
0.05571288024	0.00405149054	-0.00459280123
0.05571521217	0.00401929512	-0.00458729013
0.05571760817	0.00398594277	-0.00458098602
0.05572003591	0.00395186009	-0.00457406312
0.05572250815	0.00391684642	-0.00456642892
0.05572503054	0.00388079525	-0.00455802128
0.05572760017	0.00384371946	-0.00454882851
0.05573020782	0.00380572420	-0.00453888677
0.05573285991	0.00376668635	-0.00452812783
0.05573555542	0.00372658848	-0.00451652705
0.05573829321	0.00368541316	-0.00450405908
0.05574107202	0.00364314295	-0.00449069797
0.05574389044	0.00359976088	-0.00447641629
0.05574674697	0.00355525002	-0.00446118606
0.05574964724	0.00350947755	-0.00444491600
0.05575257777	0.00346261055	-0.00442766437
0.05575553929	0.00341459204	-0.00440938381
0.05575853793	0.00336527079	-0.00438997007
0.05576156589	0.00331472008	-0.00436942663
0.05576461655	0.00326299563	-0.00434775799
0.05576769893	0.00320988408	-0.00432481641
0.05577079737	0.00315559203	-0.00430067674
0.05577391486	0.00310000346	-0.00427524666
0.05577705409	0.00304299803	-0.00424841489
0.05578019856	0.00298480297	-0.00422026707
0.05578335254	0.00292526574	-0.00419068263
0.05578651169	0.00286438710	-0.00415961587
0.05578967150	0.00280216942	-0.00412702029
0.05579282731	0.00273861659	-0.00409284896
0.05579597429	0.00267373393	-0.00405705484
0.05579910748	0.00260752840	-0.00401959066
0.05580222178	0.00254000877	-0.00398040890
0.05580531195	0.00247118548	-0.00393946225
0.05580837266	0.00240107072	-0.00389670366
0.05581140090	0.00232962008	-0.00385204646
0.05581438979	0.00225687665	-0.00380545266
0.05581732924	0.00218296978	-0.00375695297
0.05582022296	0.00210767863	-0.00370633840
0.05582305380	0.00203132085	-0.00365375843
0.05582582724	0.00195361526	-0.00359896215
0.05582852700	0.00187487941	-0.00354210126
0.05583115477	0.00179492530	-0.00348299071
0.05583370198	0.00171386201	-0.00342163551
0.05583616139	0.00163177244	-0.00335803677
0.05583852912	0.00154863349	-0.00329212085
0.05584079938	0.00146448781	-0.00322385659
0.05584296670	0.00137937290	-0.00315321030
0.05584502542	0.00129334288	-0.00308016344
0.05584696993	0.00120646161	-0.00300471039
0.05584879573	0.00111875639	-0.00292681942
0.05585049838	0.00103025768	-0.00284646037
0.05585207284	0.00094104156	-0.00276364206
0.05585351489	0.00085116072	-0.00267836064
0.05585482067	0.00076066246	-0.00259061206
0.05585598657	0.00066960010	-0.00250040007
0.05585700927	0.00057802729	-0.00240773128
0.05585788636	0.00048593335	-0.00231255270
0.05585861390	0.00039351380	-0.00221499933
0.05585919036	0.00030075300	-0.00211504168
0.05585961407	0.00020764410	-0.00201263987
0.05585988293	0.00011436258	-0.00190792554
0.05585999608	0.00002091994	-0.00180090307
0.05585995270	-0.00007269624	-0.00169153943
0.05585975251	-0.00016627990	-0.00158001674
0.05585939526	-0.00025992475	-0.00146624697
0.05585888175	-0.00035345430	-0.00135039150
0.05585821242	-0.00044688369	-0.00123244698
0.05585738859	-0.00054012957	-0.00111249638
0.05585641195	-0.00063312208	-0.00099062604
0.05585528389	-0.00072585224	-0.00086685879
0.05585400761	-0.00081818927	-0.00074135043
0.05585258424	-0.00091018314	-0.00061407404
0.05585101868	-0.00100165491	-0.00048524565
0.05584931168	-0.00109269599	-0.00035480475
0.05584746941	-0.00118311497	-0.00022298648
0.05584549342	-0.00127297469	-0.00008977662
0.05584338902	-0.00136216834	0.00004467288
0.05584116050	-0.00145065290	0.00018025643
0.05583881067	-0.00153844835	0.00031694845
0.05583634688	-0.00162541274	0.00045453736
0.05583377227	-0.00171157068	0.00059297725
0.05583109110	-0.00179690478	0.00073219703
0.05582831080	-0.00188130630	0.00087200899
0.05582543518	-0.00196478666	0.00101234584
0.05582246960	-0.00204731230	0.00115309917
0.05581941903	-0.00212886327	0.00129417967
0.05581629015	-0.00220937861	0.00143544344
0.05581308796	-0.00228884529	0.00157679293
0.05580981781	-0.00236724238	0.00171812485
0.05580648522	-0.00244454645	0.00185933190
0.05580309575	-0.00252073499	0.00200030855
0.05579965488	-0.00259578803	0.00214095032
0.05579616803	-0.00266968778	0.00228115421
0.05579263977	-0.00274243464	0.00242084457
0.05578907702	-0.00281398039	0.00255988498
0.05578548428	-0.00288432721	0.00269818954
0.05578186611	-0.00295347469	0.00283567636
0.05577822692	-0.00302142379	0.00297227905
0.05577457421	-0.00308811780	0.00310784294
0.05577090889	-0.00315362037	0.00324237396
0.05576723973	-0.00321785216	0.00337569643
0.05576356674	-0.00328088773	0.00350783268
0.05575989833	-0.00334265433	0.00363862392
0.05575623637	-0.00340319055	0.00376803759
0.05575258433	-0.00346250503	0.00389602583
0.05574894738	-0.00352057748	0.00402250164
0.05574532896	-0.00357741518	0.00414740643
0.05574173205	-0.00363303017	0.00427069322
0.05573816001	-0.00368742717	0.00439231049
0.05573461598	-0.00374061248	0.00451221036
0.05573110291	-0.00379259390	0.00463034859
0.05572762298	-0.00384338869	0.00474670034
0.05572417968	-0.00389299362	0.00486121577
0.05572077566	-0.00394141601	0.00497385180
0.05571741192	-0.00398868510	0.00508460067
0.05571409058	-0.00403481231	0.00519344507
0.05571081538	-0.00407978549	0.00530032362
0.05570758502	-0.00412365995	0.00540527734
0.05570440422	-0.00416640736	0.00550823509
0.05570127252	-0.00420806845	0.00560921266
0.05569819052	-0.00424866723	0.00570822298
0.05569516180	-0.00428818749	0.00580521607
0.05569218556	-0.00432666932	0.00590021422
0.05568926279	-0.00436412764	0.00599321761
0.05568639431	-0.00440057820	0.00608422885
0.05568358079	-0.00443603767	0.00617325285
0.05568082275	-0.00447052319	0.00626029682
0.05567812058	-0.00450405248	0.00634537009
0.05567547452	-0.00453664385	0.00642848400
0.05567288466	-0.00456831629	0.00650965168
0.05567035101	-0.00459908892	0.00658888816
0.05566787247	-0.00462899289	0.00666623594
0.05566545105	-0.00465802094	0.00674167817
0.05566308580	-0.00468620095	0.00681523824
0.05566077405	-0.00471357952	0.00688698910
0.05565851984	-0.00474012335	0.00695687609
0.05565631828	-0.00476590341	0.00702499872
0.05565417287	-0.00479089153	0.00709131336
0.05565207866	-0.00481515736	0.00715592644
0.05565003989	-0.00483866305	0.00721878332
0.05564805258	-0.00486146523	0.00727996003
0.05564611609	-0.00488358109	0.00733949585
0.05564423204	-0.00490500165	0.00739737817
0.05564239787	-0.00492576485	0.00745366098
0.05564061291	-0.00494588668	0.00750837465
0.05563887616	-0.00496538617	0.00756155693
0.05563718747	-0.00498427230	0.00761322933
0.05563554613	-0.00500256000	0.00766341758
0.05563395078	-0.00502027099	0.00771215952
0.05563240057	-0.00503742070	0.00775948622
0.05563089461	-0.00505402464	0.00780542865
0.05562943202	-0.00507009790	0.00785001777
0.05562801189	-0.00508565562	0.00789328431
0.05562663288	-0.00510071709	0.00793526967
0.05562529482	-0.00511528848	0.00797599302
0.05562399685	-0.00512938343	0.00801548080
0.05562273768	-0.00514301984	0.00805376739
0.05562151635	-0.00515621170	0.00809088230
0.05562033138	-0.00516897835	0.00812686828
0.05561918223	-0.00518132883	0.00816175404
0.05561806953	-0.00519325928	0.00819553563
0.05561699094	-0.00520479764	0.00822826025
0.05561594731	-0.00521593762	0.00825990947
0.05561552248	-0.00522046538	0.00827280147
0.05561523015	-0.00522357881	0.00828610958
0.05561507396	-0.00522524142	0.00829967777
0.05561505590	-0.00522543373	0.00831334699
0.05561517617	-0.00522415349	0.00832695695
0.05561543327	-0.00522141571	0.00834034811
0.05561582398	-0.00521725245	0.00835336346
0.05561634340	-0.00521171250	0.00836585040
0.05561698503	-0.00520486077	0.00837766255
0.05561774090	-0.00519677755	0.00838866141
0.05561860162	-0.00518755757	0.00839871803
0.05561955657	-0.00517730885	0.00840771451
0.05562059401	-0.00516615152	0.00841554537
0.05562170129	-0.00515421634	0.00842211881
0.05616642463	0.00490276905	-0.00431314714
0.05616950707	0.00486732730	-0.00438700755
0.05617124082	0.00484727804	-0.00441629921
0.05617276120	0.00482962727	-0.00443835321
0.05617420807	0.00481276918	-0.00445656277
0.05617560208	0.00479647070	-0.00447235423
0.05617697075	0.00478041394	-0.00448639322
0.05617834613	0.00476422359	-0.00449899912
0.05617970146	0.00474821482	-0.00451057304
0.05618107093	0.00473198367	-0.00452117933
0.05618246050	0.00471545678	-0.00453092955
0.05618384949	0.00469887825	-0.00454001800
0.05618525750	0.00468201234	-0.00454844653
0.05618669851	0.00466468756	-0.00455621208
0.05618815608	0.00464709766	-0.00456343120
0.05618963318	0.00462920331	-0.00457013219
0.05619113763	0.00461090577	-0.00457631220
0.05619267090	0.00459218214	-0.00458198714
0.05619423434	0.00457301076	-0.00458716892
0.05619582913	0.00455337111	-0.00459186572
0.05619745740	0.00453323080	-0.00459607769
0.05619911791	0.00451259863	-0.00459981825
0.05620081078	0.00449146606	-0.00460309303
0.05620254224	0.00446974779	-0.00460587512
0.05620430912	0.00444747529	-0.00460818001
0.05620611245	0.00442462692	-0.00461000258
0.05620795335	0.00440117945	-0.00461133625
0.05620983247	0.00437711477	-0.00461217436
0.05621175046	0.00435241432	-0.00461251005
0.05621371072	0.00432702287	-0.00461231950
0.05621572413	0.00430078600	-0.00461153264
0.05621776379	0.00427404193	-0.00461028434
0.05621984579	0.00424656799	-0.00460848697
0.05622199096	0.00421807208	-0.00460600721
0.05622415596	0.00418911526	-0.00460307306
0.05622638364	0.00415910837	-0.00459943536
0.05622864185	0.00412846650	-0.00459525974
0.05623095952	0.00409677813	-0.00459036356
0.05623330571	0.00406444697	-0.00458491218
0.05623571650	0.00403095401	-0.00457867115
0.05623815964	0.00399672368	-0.00457181196
0.05624064789	0.00396155590	-0.00456424321
0.05624318689	0.00392534431	-0.00455590337
0.05624577377	0.00388810140	-0.00454678057
0.05624839933	0.00384993154	-0.00453691021
0.05625106999	0.00381071182	-0.00452622473
0.05625378475	0.00377042454	-0.00451469951
0.05625654247	0.00372905200	-0.00450230922
0.05625934193	0.00368657648	-0.00448902791
0.05626218172	0.00364298072	-0.00447482818
0.05626506034	0.00359824750	-0.00445968204
0.05626798345	0.00355224416	-0.00444349906
0.05627093758	0.00350513673	-0.00442633620
0.05627392347	0.00345686811	-0.00440814643
0.05627694727	0.00340728726	-0.00438882642
0.05628000116	0.00335646679	-0.00436837908
0.05628307856	0.00330446180	-0.00434680838
0.05628618847	0.00325105936	-0.00432396805
0.05628931526	0.00319646488	-0.00429993134
0.05629246191	0.00314056239	-0.00427460667
0.05629563112	0.00308323155	-0.00424788362
0.05629880638	0.00302469838	-0.00421984602
0.05630199196	0.00296481047	-0.00419037437
0.05630518353	0.00290356817	-0.00415942289
0.05630837655	0.00284097342	-0.00412694503
0.05631156636	0.00277702969	-0.00409289375
0.05631474812	0.00271174187	-0.00405722192
0.05631791685	0.00264511648	-0.00401988219
0.05632106743	0.00257716186	-0.00398082692
0.05632419460	0.00250788803	-0.00394000867
0.05632729299	0.00243730674	-0.00389738026
0.05633035957	0.00236537332	-0.00385285540
0.05633338742	0.00229213035	-0.00380639577
0.05633636639	0.00221770643	-0.00375803092
0.05633930019	0.00214188098	-0.00370755384
0.05634217157	0.00206497042	-0.00365511123
0.05634498600	0.00198669398	-0.00360045474
0.05634772708	0.00190736807	-0.00354373327
0.05635039649	0.00182680486	-0.00348476353
0.05635298556	0.00174511284	-0.00342354964
0.05635548697	0.00166237445	-0.00336009202
0.05635789677	0.00157856642	-0.00329431733
0.05636020908	0.00149373104	-0.00322619416
0.05636241835	0.00140790553	-0.00315568861
0.05636451880	0.00132114369	-0.00308278175
0.05636650473	0.00123350912	-0.00300746752
0.05636837153	0.00114502896	-0.00292971408
0.05637011466	0.00105573346	-0.00284949120
0.05637172896	0.00096569853	-0.00276680713
0.05637321009	0.00087497673	-0.00268165772
0.05637455407	0.00078361530	-0.00259403868
0.05637575717	0.00069166750	-0.00250395345
0.05637681593	0.00059918700	-0.00241140836
0.05637772786	0.00050616317	-0.00231635090
0.05637848883	0.00041279148	-0.00221891424
0.05637909722	0.00031905651	-0.00211906938
0.05637955123	0.00022495159	-0.00201677689
0.05637984862	0.00013065232	-0.00191216687
0.05637998840	0.00003617052	-0.00180524389
0.05637996964	-0.00005850596	-0.00169597552
0.05637979194	-0.00015317072	-0.00158454194
0.05637945492	-0.00024791708	-0.00147085662
0.05637895926	-0.00034256810	-0.00135507937
0.05637830531	-0.00043713845	-0.00123720745
0.05637749427	-0.00053154424	-0.00111732337
0.05637652775	-0.00062571504	-0.00099551308
0.05637540702	-0.00071964128	-0.00087179986
0.05637413520	-0.00081319147	-0.00074633840
0.05637271336	-0.00090641497	-0.00061910297
0.05637114630	-0.00099913197	-0.00049030787
0.05636943475	-0.00109143324	-0.00035989434
0.05636758476	-0.00118312644	-0.00022809564
0.05636559790	-0.00127427366	-0.00009489891
0.05636347940	-0.00136476715	0.00003954467
0.05636123354	-0.00145456296	0.00017512954
0.05635886311	-0.00154368026	0.00031182921
0.05635637545	-0.00163197600	0.00044943341
0.05635377370	-0.00171947385	0.00058789536
0.05635106212	-0.00180615553	0.00072714355
0.05634824817	-0.00189191116	0.00086699120
0.05634533570	-0.00197675115	0.00100737028
0.05634233008	-0.00206064095	0.00114817228
0.05633923635	-0.00214355961	0.00128930757
0.05633606122	-0.00222544506	0.00143063253
0.05633280978	-0.00230628325	0.00157204927
0.05632948744	-0.00238605220	0.00171345426
0.05632609980	-0.00246472747	0.00185473999
0.05632265250	-0.00254228551	0.00199580076
0.05631915111	-0.00261870535	0.00213653185
0.05631560117	-0.00269396819	0.00227683007
0.05631200732	-0.00276807354	0.00241661925
0.05630837662	-0.00284097211	0.00255576323
0.05630471367	-0.00291266513	0.00269417570
0.05630102315	-0.00298315133	0.00283177436
0.05629730958	-0.00305243087	0.00296849236
0.05629358060	-0.00312044595	0.00310417556
0.05628983723	-0.00318725968	0.00323882856
0.05628608839	-0.00325279160	0.00337227660
0.05628233419	-0.00331711586	0.00350454052
0.05627858320	-0.00338015867	0.00363546239
0.05627483741	-0.00344195802	0.00376500884
0.05627110040	-0.00350252199	0.00389313161
0.05626737749	-0.00356182957	0.00401974380
0.05626367225	-0.00361988745	0.00414478655
0.05625998778	-0.00367670713	0.00426821254
0.05625632756	-0.00373229283	0.00438997004
0.05625269486	-0.00378665035	0.00451001098
0.05624909275	-0.00383978706	0.00462829089
0.05624552352	-0.00389171986	0.00474478461
0.05624199077	-0.00394244514	0.00485944229
0.05623849729	-0.00399196980	0.00497222074
0.05623504415	-0.00404032289	0.00508311176
0.05623163359	-0.00408751560	0.00519209786
0.05622826945	-0.00413353538	0.00529911791
0.05622495050	-0.00417843762	0.00540421210
0.05622168159	-0.00422219359	0.00550730983
0.05621846232	-0.00426484399	0.00560842639
0.05621529337	-0.00430641284	0.00570757437
0.05621217842	-0.00434688369	0.00580470423
0.05620911671	-0.00438629668	0.00589983777
0.05620610932	-0.00442466671	0.00599297510
0.05620315712	-0.00446200959	0.00608411875
0.05620026085	-0.00449834200	0.00617327355
0.05619742107	-0.00453368114	0.00626044663
0.05619463823	-0.00456804485	0.00634564726
0.05619191262	-0.00460145151	0.00642888672
0.05618924437	-0.00463392025	0.00651017808
0.05618663352	-0.00466547035	0.00658953630
0.05618407900	-0.00469613321	0.00666700360
0.05618158287	-0.00472590162	0.00674256350
0.05617914419	-0.00475480364	0.00681623928
0.05617676030	-0.00478288634	0.00688810333
0.05617443530	-0.00481011628	0.00695810184
0.05617216427	-0.00483656499	0.00702633343
0.05616995077	-0.00486220426	0.00709275526
0.05616778980	-0.00488710435	0.00715747284
0.05616568567	-0.00491122731	0.00722043248
0.05616363436	-0.00493463024	0.00728170959
0.05616163524	-0.00495733067	0.00734134341
0.05615968995	-0.00497931972	0.00739932181
0.05615779592	-0.00500063572	0.00745569847
0.05615595246	-0.00502129495	0.00751050376
0.05615415857	-0.00504131679	0.00756377541
0.05615241410	-0.00506071047	0.00761553506
0.05615071833	-0.00507949119	0.00766580851
0.05614906988	-0.00509768102	0.00771463351
0.05614746789	-0.00511529569	0.00776204119
0.05614591146	-0.00513235100	0.00780806253
0.05614439969	-0.00514886236	0.00785272852
0.05614293165	-0.00516484519	0.00789606993
0.05614150598	-0.00518031918	0.00793812808
0.05614012250	-0.00519529070	0.00797892232
0.05613878034	-0.00520977368	0.00801847914
0.05613747818	-0.00522378635	0.00805683290
0.05613621504	-0.00523734296	0.00809401313
0.05613498941	-0.00525046324	0.00813006250
0.05613380072	-0.00526315650	0.00816500980
0.05613264963	-0.00527541901	0.00819885142
0.05613153374	-0.00528727906	0.00823163437
0.05613045391	-0.00529873038	0.00826334067
0.05613001670	-0.00530335982	0.00827619647
0.05612971251	-0.00530657831	0.00828947967
0.05612954516	-0.00530834812	0.00830303454
0.05612951675	-0.00530864853	0.00831670215
0.05612962763	-0.00530747601	0.00833032226
0.05612987642	-0.00530484431	0.00834373519
0.05613025999	-0.00530078425	0.00835678369
0.05613077354	-0.00529534342	0.00836931478
0.05613141066	-0.00528858555	0.00838118154
0.05613216343	-0.00528058985	0.00839224484
0.05613302250	-0.00527144999	0.00840237497
0.05613397728	-0.00526127310	0.00841145318
0.05613501605	-0.00525017843	0.00841937302
0.05613612611	-0.00523829602	0.00842604164
0.05668432289	0.00494949885	-0.00430926097
0.05668739110	0.00491423348	-0.00438321334
0.05668912150	0.00489423169	-0.00441255098
0.05669064050	0.00487660534	-0.00443464307
0.05669208700	0.00485976040	-0.00445288828
0.05669348141	0.00484346633	-0.00446871312
0.05669485106	0.00482740747	-0.00448278425
0.05669622784	0.00481121071	-0.00449542264
0.05669758509	0.00479518982	-0.00450702756
0.05669895682	0.00477894291	-0.00451766521
0.05670034898	0.00476239699	-0.00452744744
0.05670174098	0.00474579493	-0.00453656713
0.05670315234	0.00472890210	-0.00454502725
0.05670459697	0.00471154775	-0.00455282557
0.05670605851	0.00469392458	-0.00456007754
0.05670753994	0.00467599336	-0.00456681156
0.05670904904	0.00465765570	-0.00457302523
0.05671058730	0.00463888867	-0.00457873452
0.05671215605	0.00461967056	-0.00458395138
0.05671375650	0.00459998080	-0.00458868403
0.05671539078	0.00457978699	-0.00459293274
0.05671705765	0.00455909772	-0.00459671080
0.05671875725	0.00453790432	-0.00460002381
0.05672049581	0.00451612169	-0.00460284526
0.05672227017	0.00449378095	-0.00460519042
0.05672408137	0.00447086040	-0.00460705419
0.05672593055	0.00444733668	-0.00460843005
0.05672781836	0.00442319156	-0.00460931138
0.05672974547	0.00439840636	-0.00460969132
0.05673171529	0.00437292588	-0.00460954632
0.05673373866	0.00434659615	-0.00460880711
0.05673578878	0.00431975361	-0.00460760653
0.05673788172	0.00429217639	-0.00460585815
0.05674003826	0.00426357342	-0.00460343029
0.05674221519	0.00423450299	-0.00460054755
0.05674445526	0.00420437832	-0.00459696419
0.05674672642	0.00417361236	-0.00459284325
0.05674905755	0.00414179517	-0.00458800450
0.05675141778	0.00410932836	-0.00458261075
0.05675384314	0.00407569493	-0.00457643064
0.05675630146	0.00404131712	-0.00456963294
0.05675880549	0.00400599546	-0.00456212739
0.05676136087	0.00396962371	-0.00455385305
0.05676396474	0.00393221401	-0.00454479786
0.05676660794	0.00389386992	-0.00453499646
0.05676929690	0.00385446877	-0.00452438197
0.05677203062	0.00381399256	-0.00451292980
0.05677480799	0.00377242334	-0.00450061461
0.05677762778	0.00372974311	-0.00448741047
0.05678048862	0.00368593432	-0.00447329000
0.05678338902	0.00364097946	-0.00445822522
0.05678633463	0.00359474605	-0.00444212649
0.05678931202	0.00354739907	-0.00442504957
0.05679232193	0.00349888126	-0.00440694767
0.05679537050	0.00344904183	-0.00438771843
0.05679844996	0.00339795267	-0.00436736417
0.05680155371	0.00334566831	-0.00434588834
0.05680469076	0.00329197623	-0.00432314613
0.05680784549	0.00323708065	-0.00429920920
0.05681102088	0.00318086566	-0.00427398672
0.05681421964	0.00312321093	-0.00424736910
0.05681742526	0.00306434125	-0.00421943840
0.05682064200	0.00300410437	-0.00419007616
0.05682386552	0.00294250022	-0.00415923655
0.05682709130	0.00287953032	-0.00412687293
0.05683031464	0.00281519772	-0.00409293820
0.05683353070	0.00274950686	-0.00405738513
0.05683673449	0.00268246387	-0.00402016627
0.05683992086	0.00261407664	-0.00398123388
0.05684308453	0.00254435476	-0.00394054040
0.05684622010	0.00247330956	-0.00389803853
0.05684932452	0.00240089611	-0.00385364234
0.05685239083	0.00232715648	-0.00380731319
0.05685540882	0.00225221853	-0.00375907950
0.05685838219	0.00217586195	-0.00370873620
0.05686129360	0.00209840191	-0.00365642727
0.05686414850	0.00201955809	-0.00360190687
0.05686693041	0.00193964571	-0.00354532115
0.05686964096	0.00185847714	-0.00348648856
0.05687227140	0.00177616030	-0.00342541233
0.05687481433	0.00169277715	-0.00336209222
0.05687726573	0.00160830424	-0.00329645521
0.05687961964	0.00152278354	-0.00322846961
0.05688187040	0.00143625195	-0.00315810131
0.05688401215	0.00134876299	-0.00308533105
0.05688603908	0.00126037997	-0.00301015228
0.05688794648	0.00117112985	-0.00293253310
0.05688972971	0.00108104273	-0.00285244318
0.05689138349	0.00099019432	-0.00276989024
0.05689290335	0.00089863703	-0.00268486982
0.05689428521	0.00080641806	-0.00259737738
0.05689552521	0.00071359062	-0.00250741609
0.05689661977	0.00062020836	-0.00241499200
0.05689756629	0.00052626074	-0.00232005305
0.05689836048	0.00043194314	-0.00222273064
0.05689900060	0.00033724037	-0.00212299622
0.05689948475	0.00024214595	-0.00202081086
0.05689981054	0.00014683558	-0.00191630308
0.05689997686	0.00005132139	-0.00180947767
0.05689998267	-0.00004440846	-0.00170030281
0.05689982741	-0.00014014731	-0.00158895672
0.05689951063	-0.00023598802	-0.00147535442
0.05689903285	-0.00033175327	-0.00135965410
0.05689839436	-0.00042745721	-0.00124185367
0.05689759621	-0.00052301547	-0.00112203515
0.05689663992	-0.00061835701	-0.00100028414
0.05689552670	-0.00071347171	-0.00087662434
0.05689425954	-0.00080822735	-0.00075120936
0.05689283946	-0.00090267268	-0.00062401463
0.05689127116	-0.00099662706	-0.00049525276
0.05688955533	-0.00109018063	-0.00036486670
0.05688769796	-0.00118314010	-0.00023308786
0.05688570057	-0.00127556680	-0.00009990472
0.05688356835	-0.00136735209	0.00003453231
0.05688130554	-0.00145845108	0.00017011768
0.05687891493	-0.00154888215	0.00030682402
0.05687640384	-0.00163850112	0.00044444236
0.05687377540	-0.00172733077	0.00058292506
0.05687103390	-0.00181535192	0.00072220020
0.05686818681	-0.00190245353	0.00086208187
0.05686523798	-0.00198864506	0.00100250140
0.05686219286	-0.00207389092	0.00114335014
0.05685905650	-0.00215816921	0.00128453814
0.05685583568	-0.00224141673	0.00142592206
0.05685253554	-0.00232361843	0.00156740368
0.05684916157	-0.00240475129	0.00170887924
0.05684571945	-0.00248478985	0.00185024104
0.05684221489	-0.00256370954	0.00199138319
0.05683865357	-0.00264148838	0.00213220077
0.05683504110	-0.00271810657	0.00227259036
0.05683138224	-0.00279356273	0.00241247532
0.05682768415	-0.00286780652	0.00255171973
0.05682395156	-0.00294083823	0.00269023686
0.05682018924	-0.00301265572	0.00282794404
0.05681640184	-0.00308325833	0.00296477397
0.05681259714	-0.00315258721	0.00310057303
0.05680877626	-0.00322070492	0.00323534451
0.05680494826	-0.00328752990	0.00336891453
0.05680111337	-0.00335313583	0.00350130252
0.05679728030	-0.00341744796	0.00363235134
0.05679345116	-0.00348050367	0.00376202688
0.05678962966	-0.00354231043	0.00389028045
0.05678582126	-0.00360284657	0.00401702527
0.05678202965	-0.00366211815	0.00414220220
0.05677825805	-0.00372013617	0.00426576360
0.05677451007	-0.00377690430	0.00438765754
0.05677078911	-0.00383242789	0.00450783574
0.05676709835	-0.00388671386	0.00462625354
0.05676344020	-0.00393977877	0.00474288544
0.05675981837	-0.00399161858	0.00485768157
0.05675623576	-0.00404223983	0.00497059867
0.05675269356	-0.00409167133	0.00508162810
0.05674919408	-0.00413992407	0.00519075215
0.05674574130	-0.00418698512	0.00529790999
0.05674233405	-0.00423290989	0.00540314097
0.05673897730	-0.00427766930	0.00550637505
0.05673567072	-0.00432130400	0.00560762698
0.05673241505	-0.00436383803	0.00570690906
0.05672921409	-0.00440525468	0.00580417214
0.05672606714	-0.00444559415	0.00589943758
0.05672297532	-0.00448487135	0.00599270541
0.05671993959	-0.00452310208	0.00608397807
0.05671696074	-0.00456030308	0.00617326032
0.05671403940	-0.00459649161	0.00626055921
0.05671117605	-0.00463168559	0.00634588397
0.05670837103	-0.00466590352	0.00642924578
0.05670562452	-0.00469916464	0.00651065767
0.05670293659	-0.00473148836	0.00659013454
0.05670030620	-0.00476290639	0.00666771833
0.05669773546	-0.00479341153	0.00674339295
0.05669522345	-0.00482303204	0.00681718153
0.05669276750	-0.00485181542	0.00688915590
0.05669037179	-0.00487972813	0.00695926314
0.05668803136	-0.00490684226	0.00702760095
0.05668574982	-0.00493312952	0.00709412729
0.05668352215	-0.00495866079	0.00715894674
0.05668135270	-0.00498339802	0.00722200657
0.05667923744	-0.00500739880	0.00728338158
0.05667717573	-0.00503068098	0.00734311097
0.05667516924	-0.00505323577	0.00740118305
0.05667321537	-0.00507510191	0.00745765122
0.05667131344	-0.00509629597	0.00751254585
0.05666946243	-0.00511683765	0.00756590465
0.05666766220	-0.00513673645	0.00761774940
0.05666591200	-0.00515600784	0.00766810592
0.05666421046	-0.00517467422	0.00771701194
0.05666255669	-0.00519275162	0.00776449860
0.05666094979	-0.00521025615	0.00781059690
0.05665938884	-0.00522720352	0.00785533787
0.05665787289	-0.00524360945	0.00789875230
0.05665640055	-0.00525949398	0.00794088145
0.05665497165	-0.00527486373	0.00798174483
0.05665358529	-0.00528973291	0.00802136899
0.05665224012	-0.00530412005	0.00805978826
0.05665093515	-0.00531803970	0.00809703222
0.05664966885	-0.00533151193	0.00813314342
0.05664844062	-0.00534454635	0.00816815074
0.05664725111	-0.00535713934	0.00820205093
0.05664609790	-0.00536931957	0.00823489078
0.05664498186	-0.00538108077	0.00826665278
0.05664453237	-0.00538581031	0.00827947206
0.05664421641	-0.00538913230	0.00829272985
0.05664403794	-0.00539100784	0.00830627072
0.05664399920	-0.00539141494	0.00831993590
0.05664410066	-0.00539034883	0.00833356520
0.05664434106	-0.00538782200	0.00834699881
0.05664471739	-0.00538386407	0.00836007924
0.05664522493	-0.00537852140	0.00837265314
0.05664585737	-0.00537185660	0.00838457308
0.05664660682	-0.00536394777	0.00839569932
0.05664746401	-0.00535488757	0.00840590141
0.05664841837	-0.00534478219	0.00841505974
0.05664945816	-0.00533375005	0.00842306694
0.05665057072	-0.00532192045	0.00842982913
0.05720224170	0.00499599282	-0.00430550836
0.05720529601	0.00496089793	-0.00437954938
0.05720702317	0.00494094119	-0.00440893131
0.05720854087	0.00492333741	-0.00443106006
0.05720998705	0.00490650406	-0.00444933959
0.05721138188	0.00489021304	-0.00446519653
0.05721275254	0.00487415087	-0.00447929858
0.05721413073	0.00485794656	-0.00449196824
0.05721548989	0.00484191251	-0.00450360296
0.05721686389	0.00482564887	-0.00451427078
0.05721825863	0.00480908301	-0.00452408380
0.05721965362	0.00479245655	-0.00453323354
0.05722106829	0.00477553598	-0.00454172405
0.05722251652	0.00475815128	-0.00454955390
0.05722398200	0.00474049412	-0.00455683746
0.05722546771	0.00472252533	-0.00456360325
0.05722698142	0.00470414688	-0.00456984932
0.05722852460	0.00468533582	-0.00457559166
0.05723009861	0.00466607039	-0.00458084228
0.05723170466	0.00464632995	-0.00458560943
0.05723334486	0.00462608212	-0.00458989350
0.05723501802	0.00460533524	-0.00459370764
0.05723672428	0.00458408053	-0.00459705746
0.05723846984	0.00456223309	-0.00459991681
0.05724025158	0.00453982372	-0.00460230074
0.05724207056	0.00451683059	-0.00460420418
0.05724392790	0.00449323028	-0.00460562068
0.05724582430	0.00446900441	-0.00460654364
0.05724776041	0.00444413417	-0.00460696622
0.05724973964	0.00441856439	-0.00460686509
0.05725177283	0.00439214160	-0.00460617182
0.05725383328	0.00436520040	-0.00460501723
0.05725593701	0.00433751973	-0.00460331605
0.05725810475	0.00430880961	-0.00460093825
0.05726029345	0.00427962547	-0.00459810507
0.05726254574	0.00424938299	-0.00459457411
0.05726482967	0.00421849294	-0.00459050592
0.05726717406	0.00418654696	-0.00458572259
0.05726954814	0.00415394457	-0.00458038444
0.05727198785	0.00412017080	-0.00457426313
0.05727446114	0.00408564568	-0.00456752479
0.05727698072	0.00405017035	-0.00456008026
0.05727955224	0.00401363871	-0.00455186915
0.05728217285	0.00397606252	-0.00454287927
0.05728483344	0.00393754457	-0.00453314449
0.05728754044	0.00389796238	-0.00452259861
0.05729029285	0.00385729771	-0.00451121702
0.05729308958	0.00381553233	-0.00449897443
0.05729592941	0.00377264796	-0.00448584491
0.05729881100	0.00372862678	-0.00447180109
0.05730173286	0.00368345100	-0.00445681500
0.05730470065	0.00363698828	-0.00444079780
0.05730770096	0.00358940256	-0.00442380404
0.05731073454	0.00354063647	-0.00440578718
0.05731380754	0.00349053942	-0.00438664583
0.05731691219	0.00343918263	-0.00436638170
0.05732004191	0.00338662002	-0.00434499776
0.05732320572	0.00333263951	-0.00432235061
0.05732638799	0.00327744412	-0.00429851037
0.05732959172	0.00322091799	-0.00427338694
0.05733281962	0.00316294084	-0.00424687154
0.05733605516	0.00310373620	-0.00421904449
0.05733930263	0.00304315200	-0.00418978838
0.05734255767	0.00298118775	-0.00415905730
0.05734581574	0.00291784456	-0.00412680455
0.05734907216	0.00285312504	-0.00409298295
0.05735232206	0.00278703323	-0.00405754519
0.05735556044	0.00271957481	-0.00402044371
0.05735878212	0.00265075727	-0.00398163068
0.05736198180	0.00258058976	-0.00394105844
0.05736515407	0.00250908320	-0.00389867954
0.05736829583	0.00243619240	-0.00385440845
0.05737140011	0.00236195891	-0.00380820616
0.05737445662	0.00228650987	-0.00376010003
0.05737746907	0.00220962522	-0.00370988689
0.05738042001	0.00213161892	-0.00365770803
0.05738331491	0.00205221107	-0.00360332011
0.05738613715	0.00197171572	-0.00354686655
0.05738888835	0.00188994545	-0.00348816752
0.05739155969	0.00180700758	-0.00342722541
0.05739414367	0.00172298362	-0.00336403929
0.05739663620	0.00163784993	-0.00329853646
0.05739903125	0.00155164815	-0.00323068497
0.05740132306	0.00146441490	-0.00316045053
0.05740350568	0.00137620339	-0.00308781351
0.05740557319	0.00128707664	-0.00301276692
0.05740752080	0.00119706145	-0.00293527878
0.05740934374	0.00110618776	-0.00285531867
0.05741103663	0.00101453105	-0.00277289380
0.05741259488	0.00092214364	-0.00268799939
0.05741401430	0.00082907263	-0.00260063068
0.05741529090	0.00073537120	-0.00251079056
0.05741642099	0.00064109298	-0.00241848480
0.05741740185	0.00054622752	-0.00232366180
0.05741822904	0.00045097011	-0.00222645121
0.05741890070	0.00035530579	-0.00212682494
0.05741941484	0.00025922825	-0.00202474452
0.05741976889	0.00016291329	-0.00192033694
0.05741996164	0.00006637335	-0.00181360722
0.05741999195	-0.00003040312	-0.00170452412
0.05741985909	-0.00012720917	-0.00159326394
0.05741956254	-0.00022413723	-0.00147974320
0.05741910268	-0.00032100958	-0.00136411853
0.05741847969	-0.00041783991	-0.00124638847
0.05741769453	-0.00051454332	-0.00112663456
0.05741674860	-0.00061104820	-0.00100494205
0.05741564303	-0.00070734384	-0.00088133506
0.05741438072	-0.00080329737	-0.00075596612
0.05741296262	-0.00089895688	-0.00062881182
0.05741139333	-0.00099414095	-0.00050008308
0.05740967350	-0.00108893902	-0.00036972457
0.05740780905	-0.00118315693	-0.00023796584
0.05740580145	-0.00127685525	-0.00010479671
0.05740365587	-0.00136992444	0.00002963316
0.05740137650	-0.00146231867	0.00016521827
0.05739896612	-0.00155405553	0.00030193035
0.05739643202	-0.00164498976	0.00043956173
0.05739377735	-0.00173514320	0.00057806391
0.05739100640	-0.00182449580	0.00071736458
0.05738812663	-0.00191293540	0.00085727871
0.05738514196	-0.00200047048	0.00099773695
0.05738205784	-0.00208706443	0.00113863055
0.05737887938	-0.00217269439	0.00127986923
0.05737561341	-0.00225729606	0.00142130996
0.05737226512	-0.00234085337	0.00156285418
0.05736884008	-0.00242334229	0.00170439789
0.05736534403	-0.00250473632	0.00184583322
0.05736178278	-0.00258500990	0.00198705409
0.05735816209	-0.00266414003	0.00212795538
0.05735448766	-0.00274210594	0.00226843348
0.05735076436	-0.00281890532	0.00240841124
0.05734699945	-0.00289448681	0.00254775302
0.05734319777	-0.00296884978	0.00268637167
0.05733936422	-0.00304199119	0.00282418416
0.05733550355	-0.00311390959	0.00296112272
0.05733162367	-0.00318454509	0.00309703426
0.05732772581	-0.00325395966	0.00323192079
0.05732381919	-0.00332207068	0.00336560931
0.05731990412	-0.00338895137	0.00349811783
0.05731598948	-0.00345452599	0.00362929005
0.05731207749	-0.00351883133	0.00375909105
0.05730817199	-0.00358187427	0.00388747179
0.05730427857	-0.00364363243	0.00401434557
0.05730040104	-0.00370411130	0.00413965299
0.05729654276	-0.00376332134	0.00426334610
0.05729270746	-0.00382126571	0.00438537277
0.05728889866	-0.00387794928	0.00450568451
0.05728511965	-0.00393337852	0.00462423650
0.05728137296	-0.00398756965	0.00474100285
0.05727766242	-0.00404051824	0.00485593375
0.05727399104	-0.00409223043	0.00496898581
0.05727036012	-0.00414273481	0.00508014997
0.05726677206	-0.00419204216	0.00518940833
0.05726323096	-0.00424013917	0.00529670034
0.05725973571	-0.00428708127	0.00540206452
0.05725629141	-0.00433283903	0.00550543137
0.05725289778	-0.00437745306	0.00560681514
0.05724955567	-0.00442094739	0.00570622782
0.05724626894	-0.00446330510	0.00580362068
0.05724303697	-0.00450456642	0.00589901461
0.05723986095	-0.00454474624	0.00599240956
0.05723674190	-0.00458386039	0.00608380791
0.05723368067	-0.00462192566	0.00617321433
0.05723067794	-0.00465895937	0.00626063581
0.05722773425	-0.00469497951	0.00634608150
0.05722484998	-0.00473000470	0.00642956254
0.05722202536	-0.00476405429	0.00651109189
0.05721926050	-0.00479714784	0.00659068440
0.05721655437	-0.00482931732	0.00666838172
0.05721390914	-0.00486055559	0.00674416814
0.05721132392	-0.00489089107	0.00681806666
0.05720879602	-0.00492037171	0.00689014857
0.05720632969	-0.00494896387	0.00696036179
0.05720391995	-0.00497674016	0.00702880314
0.05720157047	-0.00500367227	0.00709543136
0.05719927616	-0.00502983165	0.00716035012
0.05719704147	-0.00505518019	0.00722350763
0.05719486233	-0.00507977593	0.00728497809
0.05719273808	-0.00510363705	0.00734480063
0.05719067043	-0.00512675487	0.00740296406
0.05718865677	-0.00514916850	0.00745952145
0.05718669641	-0.00517089481	0.00751450321
0.05718478832	-0.00519195383	0.00756794698
0.05718293235	-0.00521235533	0.00761987469
0.05718112776	-0.00523211504	0.00767031223
0.05717937315	-0.00525125569	0.00771929726
0.05717766763	-0.00526979362	0.00776686093
0.05717601027	-0.00528774523	0.00781303428
0.05717440015	-0.00530512653	0.00785784836
0.05717283630	-0.00532195355	0.00790133401
0.05717131731	-0.00533824666	0.00794353240
0.05716984299	-0.00535401275	0.00798446320
0.05716841243	-0.00536926629	0.00802415305
0.05716702426	-0.00538402613	0.00806263622
0.05716567747	-0.00539830709	0.00809994233
0.05716437049	-0.00541212961	0.00813611384
0.05716310271	-0.00542550357	0.00817117969
0.05716187478	-0.00543842549	0.00820513701
0.05716068425	-0.00545092438	0.00823803237
0.05715953198	-0.00546299402	0.00826984870
0.05715907034	-0.00546782208	0.00828263116
0.05715874270	-0.00547124607	0.00829586307
0.05715855315	-0.00547322586	0.00830938931
0.05715850409	-0.00547373825	0.00832305129
0.05715859611	-0.00547277725	0.00833668883
0.05715882807	-0.00547035411	0.00835014206
0.05715919706	-0.00546649722	0.00836325323
0.05715969847	-0.00546125178	0.00837586864
0.05716032605	-0.00545467925	0.00838784038
0.05716107201	-0.00544685663	0.00839902809
0.05716192709	-0.00543787561	0.00840930061
0.05716288077	-0.00542784142	0.00841853751
0.05716392133	-0.00541687166	0.00842663048
0.05716503607	-0.00540509489	0.00843348464
0.05773014110	0.00504314466	-0.00430181687
0.05773318158	0.00500821766	-0.00437594501
0.05773490555	0.00498830444	-0.00440537041
0.05773642199	0.00497072182	-0.00442753511
0.05773786788	0.00495389875	-0.00444584830
0.05773926318	0.00493760948	-0.00446173672
0.05774063489	0.00492154270	-0.00447586907
0.05774201453	0.00490532959	-0.00448856939
0.05774337564	0.00488928108	-0.00450023331
0.05774475194	0.00487299942	-0.00451093071
0.05774614930	0.00485641232	-0.00452077391
0.05774754732	0.00483976014	-0.00452995309
0.05774896535	0.00482281048	-0.00453847338
0.05775041721	0.00480539408	-0.00454633414
0.05775188667	0.00478770153	-0.00455364867
0.05775337671	0.00476969375	-0.00456044561
0.05775489507	0.00475127307	-0.00456672342
0.05775644323	0.00473241650	-0.00457249816
0.05775802254	0.00471310224	-0.00457778187
0.05775963422	0.00469330959	-0.00458258286
0.05776128040	0.00467300615	-0.00458690159
0.05776295988	0.00465220005	-0.00459075114
0.05776467284	0.00463088237	-0.00459413705
0.05776642546	0.00460896844	-0.00459703359
0.05776821463	0.00458648869	-0.00459945555
0.05777004143	0.00456342121	-0.00460139792
0.05777190700	0.00453974247	-0.00460285429
0.05777381203	0.00451543397	-0.00460381809
0.05777575719	0.00449047676	-0.00460428252
0.05777774589	0.00446481571	-0.00460422447
0.05777978896	0.00443829784	-0.00460357630
0.05778185980	0.00441125589	-0.00460246687
0.05778397437	0.00438346962	-0.00460081205
0.05778615338	0.00435465016	-0.00459848342
0.05778835391	0.00432535004	-0.00459569893
0.05779061847	0.00429498743	-0.00459221948
0.05779291524	0.00426397089	-0.00458820311
0.05779527295	0.00423189368	-0.00458347426
0.05779766096	0.00419915317	-0.00457819076
0.05780011510	0.00416523646	-0.00457212728
0.05780260343	0.00413056136	-0.00456544732
0.05780513863	0.00409492958	-0.00455806280
0.05780772636	0.00405823523	-0.00454991392
0.05781036380	0.00402048964	-0.00454098832
0.05781304187	0.00398179482	-0.00453131911
0.05781576698	0.00394202851	-0.00452084076
0.05781853816	0.00390117220	-0.00450952868
0.05782135435	0.00385920738	-0.00449735759
0.05782421433	0.00381611551	-0.00448430158
0.05782711676	0.00377187848	-0.00447033328
0.05783006018	0.00372647819	-0.00445542474
0.05783305025	0.00367978250	-0.00443948792
0.05783607359	0.00363195427	-0.00442257616
0.05783913096	0.00358293600	-0.00440464317
0.05784222850	0.00353257732	-0.00438558851
0.05784535846	0.00348094877	-0.00436541331
0.05784851429	0.00342810366	-0.00434412005
0.05785170498	0.00337383035	-0.00432156675
0.05785491493	0.00331833064	-0.00429782198
0.05785814715	0.00326148874	-0.00427279636
0.05786140432	0.00320318441	-0.00424638195
0.05786466995	0.00314363990	-0.00421865732
0.05786794830	0.00308270332	-0.00418950609
0.05787123502	0.00302037377	-0.00415888230
0.05787452556	0.00295665193	-0.00412673918
0.05787781524	0.00289153999	-0.00409302947
0.05788109916	0.00282504155	-0.00405770578
0.05788437232	0.00275716187	-0.00402072047
0.05788762951	0.00268790801	-0.00398202558
0.05789086543	0.00261728869	-0.00394157335
0.05789407461	0.00254531440	-0.00389931624
0.05789725394	0.00247193972	-0.00385516905
0.05790039642	0.00239720565	-0.00380909247
0.05790349170	0.00232123858	-0.00376111274
0.05790654348	0.00224381878	-0.00371102864
0.05790953422	0.00216525887	-0.00365897875
0.05791246938	0.00208527949	-0.00360472222
0.05791533224	0.00200419341	-0.00354839977
0.05791812439	0.00192181349	-0.00348983327
0.05792083693	0.00183824642	-0.00342902428
0.05792346227	0.00175357324	-0.00336597120
0.05792599626	0.00166777014	-0.00330060163
0.05792843277	0.00158087843	-0.00323288337
0.05793076598	0.00149293441	-0.00316278193
0.05793298982	0.00140399099	-0.00309027735
0.05793509828	0.00131411092	-0.00301536218
0.05793708645	0.00122332081	-0.00293800437
0.05793894948	0.00113165044	-0.00285817341
0.05794068187	0.00103917508	-0.00277587597
0.05794227890	0.00094594691	-0.00269110700
0.05794373628	0.00085201297	-0.00260386151
0.05794504988	0.00075742638	-0.00251414209
0.05794621590	0.00066224078	-0.00242195424
0.05794723151	0.00056644579	-0.00232724683
0.05794809210	0.00047023658	-0.00223014776
0.05794879571	0.00037359845	-0.00213062938
0.05794934024	0.00027652528	-0.00202865371
0.05794972295	0.00017919291	-0.00192434620
0.05794994253	0.00008161414	-0.00181771208
0.05794999773	-0.00001622227	-0.00170872072
0.05794988765	-0.00011410915	-0.00159754647
0.05794961171	-0.00021213844	-0.00148410739
0.05794917012	-0.00031013208	-0.00136855853
0.05794856298	-0.00040810319	-0.00125089904
0.05794779114	-0.00050596643	-0.00113121000
0.05794685589	-0.00060364959	-0.00100957630
0.05794575826	-0.00070114136	-0.00088602249
0.05794450107	-0.00079830820	-0.00076070000
0.05794308519	-0.00089519755	-0.00063358660
0.05794151513	-0.00099162719	-0.00050489151
0.05793979150	-0.00108768588	-0.00037456112
0.05793792013	-0.00118317857	-0.00024282312
0.05793590246	-0.00127816503	-0.00010966867
0.05793374361	-0.00137253483	0.00002475335
0.05793144774	-0.00146624121	0.00016033744
0.05792901760	-0.00155930093	0.00029705448
0.05792646048	-0.00165156765	0.00043469807
0.05792377952	-0.00174306230	0.00057321887
0.05792097902	-0.00183376387	0.00071254416
0.05791806644	-0.00192355912	0.00085248981
0.05791504574	-0.00201245551	0.00099298580
0.05791192239	-0.00210041542	0.00113392327
0.05790870155	-0.00218741499	0.00127521162
0.05790539010	-0.00227338885	0.00141670810
0.05790199329	-0.00235831985	0.00155831384
0.05789851675	-0.00244218296	0.00169992462
0.05789496631	-0.00252495064	0.00184143237
0.05789134785	-0.00260659628	0.00198273084
0.05788766722	-0.00268709589	0.00212371470
0.05788393022	-0.00276642768	0.00226428015
0.05788014182	-0.00284458844	0.00240434954
0.05787630938	-0.00292152575	0.00254378751
0.05787243786	-0.00299723804	0.00268250650
0.05786853228	-0.00307172136	0.00282042308
0.05786459748	-0.00314497347	0.00295746908
0.05786064154	-0.00321693341	0.00309349190
0.05785666578	-0.00328766257	0.00322849228
0.05785267956	-0.00335707725	0.00336229810
0.05784868331	-0.00342525017	0.00349492595
0.05784468606	-0.00349210464	0.00362622035
0.05784069014	-0.00355767681	0.00375614563
0.05783669952	-0.00362197295	0.00388465234
0.05783271994	-0.00368497002	0.00401165389
0.05782875532	-0.00374667288	0.00413709063
0.05782480916	-0.00380709144	0.00426091428
0.05782088531	-0.00386622836	0.00438307252
0.05781698741	-0.00392408802	0.00450351666
0.05781311888	-0.00398067644	0.00462220168
0.05780928236	-0.00403600948	0.00473910138
0.05780548181	-0.00409008230	0.00485416591
0.05780172034	-0.00414290067	0.00496735184
0.05779799935	-0.00419449293	0.00507864965
0.05779432136	-0.00424486964	0.00518804124
0.05779069057	-0.00429401713	0.00529546637
0.05778710596	-0.00434199083	0.00540096271
0.05778357273	-0.00438876096	0.00550446132
0.05778009069	-0.00443436808	0.00560597593
0.05777666074	-0.00447883623	0.00570551822
0.05777328687	-0.00452214824	0.00580303987
0.05776996850	-0.00456434439	0.00589856134
0.05776670690	-0.00460543957	0.00599208249
0.05776350316	-0.00464544963	0.00608360560
0.05776035818	-0.00468439138	0.00617313529
0.05775727271	-0.00472228222	0.00626067848
0.05775424733	-0.00475914022	0.00634624425
0.05775128247	-0.00479498411	0.00642984368
0.05774837842	-0.00482983335	0.00651148966
0.05774553531	-0.00486370765	0.00659119701
0.05774275213	-0.00489663925	0.00666900706
0.05774003113	-0.00492862105	0.00674490451
0.05773737141	-0.00495968167	0.00681891223
0.05773477031	-0.00498986949	0.00689110093
0.05773223212	-0.00501915077	0.00696141943
0.05772975184	-0.00504759865	0.00702996362
0.05772733321	-0.00507518480	0.00709669304
0.05772497109	-0.00510198125	0.00716171044
0.05772266999	-0.00512794982	0.00722496500
0.05772042581	-0.00515314901	0.00728653027
0.05771823790	-0.00517759733	0.00734644536
0.05771610799	-0.00520128623	0.00740469954
0.05771403346	-0.00522425517	0.00746134557
0.05771201360	-0.00524652134	0.00751641389
0.05771004738	-0.00526810511	0.00756994209
0.05770813465	-0.00528901649	0.00762195223
0.05770627467	-0.00530927152	0.00767247027
0.05770446601	-0.00532889323	0.00772153379
0.05770270777	-0.00534789828	0.00776917399
0.05770099902	-0.00536630337	0.00781542192
0.05769933882	-0.00538412483	0.00786030866
0.05769772617	-0.00540137897	0.00790386507
0.05769615965	-0.00541808653	0.00794613226
0.05769463906	-0.00543425464	0.00798713008
0.05769316347	-0.00544989807	0.00802688520
0.05769173149	-0.00546503595	0.00806543187
0.05769034208	-0.00547968342	0.00810279975
0.05768899365	-0.00549386125	0.00813903120
0.05768768557	-0.00550757963	0.00817415522
0.05768641849	-0.00552083521	0.00820816932
0.05768518992	-0.00553365734	0.00824111984
0.05768400074	-0.00554603986	0.00827299019
0.05768352683	-0.00555096677	0.00828573483
0.05768318737	-0.00555449316	0.00829893992
0.05768298661	-0.00555657772	0.00831245063
0.05768292704	-0.00555719602	0.00832610856
0.05768300943	-0.00555634082	0.00833975359
0.05768323273	-0.00555402214	0.00835322574
0.05768359416	-0.00555026714	0.00836636706
0.05768408919	-0.00554511982	0.00837902348
0.05768471168	-0.00553864051	0.00839104662
0.05768545387	-0.00553090511	0.00840229552
0.05768630660	-0.00552200427	0.00841263829
0.05768725934	-0.00551204230	0.00842195368
0.05768830040	-0.00550113594	0.00843013246
0.05768941709	-0.00548941302	0.00843707876
0.05824810121	0.00508916552	-0.00429825824
0.05825112818	0.00505440059	-0.00437247018
0.05825284901	0.00503452896	-0.00440193745
0.05825436421	0.00501696626	-0.00442413678
0.05825580979	0.00500015253	-0.00444248240
0.05825720553	0.00498386432	-0.00445840118
0.05825857824	0.00496779242	-0.00447256275
0.05825995926	0.00495157011	-0.00448529263
0.05826132226	0.00493550690	-0.00449698472
0.05826270078	0.00491920705	-0.00450771064
0.05826410067	0.00490259862	-0.00451758296
0.05826550162	0.00488592074	-0.00452679055
0.05826692289	0.00486894209	-0.00453533958
0.05826837825	0.00485149416	-0.00454323016
0.05826985157	0.00483376647	-0.00455057457
0.05827134579	0.00481572002	-0.00455740157
0.05827286865	0.00479725751	-0.00456371002
0.05827442162	0.00477835589	-0.00456951603
0.05827600606	0.00475899333	-0.00457483169
0.05827762320	0.00473914908	-0.00457966532
0.05827927517	0.00471879071	-0.00458401752
0.05828096078	0.00469792616	-0.00458790123
0.05828268023	0.00467654635	-0.00459132197
0.05828443967	0.00465456683	-0.00459425440
0.05828623604	0.00463201770	-0.00459671306
0.05828807042	0.00460887695	-0.00459869300
0.05828994395	0.00458512095	-0.00460018786
0.05829185734	0.00456073107	-0.00460119108
0.05829381127	0.00453568825	-0.00460169589
0.05829580915	0.00450993736	-0.00460167941
0.05829786179	0.00448332591	-0.00460107477
0.05829994268	0.00445618485	-0.00460000891
0.05830206777	0.00442829473	-0.00459839883
0.05830425768	0.00439936774	-0.00459611765
0.05830646967	0.00436995361	-0.00459338013
0.05830874613	0.00433947292	-0.00458995037
0.05831105534	0.00430833208	-0.00458598401
0.05831342596	0.00427612592	-0.00458130772
0.05831582745	0.00424324973	-0.00457607694
0.05831829556	0.00420919263	-0.00457006924
0.05832079846	0.00417437023	-0.00456344559
0.05832334880	0.00413858486	-0.00455611896
0.05832595224	0.00410173077	-0.00454803009
0.05832860598	0.00406381890	-0.00453916647
0.05833130097	0.00402495051	-0.00452956050
0.05833404364	0.00398500354	-0.00451914727
0.05833683301	0.00394395921	-0.00450790221
0.05833966804	0.00390179876	-0.00449580006
0.05834254753	0.00385850337	-0.00448281491
0.05834547015	0.00381405465	-0.00446891942
0.05834843446	0.00376843423	-0.00445408563
0.05835144610	0.00372151015	-0.00443822628
0.05835449175	0.00367344420	-0.00442139354
0.05835757216	0.00362417876	-0.00440354138
0.05836069347	0.00357356370	-0.00438457026
0.05836384796	0.00352166887	-0.00436448076
0.05836702906	0.00346854699	-0.00434327486
0.05837024579	0.00341398687	-0.00432081198
0.05837348256	0.00335818910	-0.00429715917
0.05837674236	0.00330103798	-0.00427222777
0.05838002789	0.00324241328	-0.00424591062
0.05838332266	0.00318253603	-0.00421828463
0.05838663092	0.00312125451	-0.00418923440
0.05838994832	0.00305856743	-0.00415871393
0.05839327033	0.00299447503	-0.00412667637
0.05839659221	0.00292897911	-0.00409307439
0.05839990909	0.00286208286	-0.00405786052
0.05840321593	0.00279379110	-0.00402098702
0.05840650753	0.00272411048	-0.00398240586
0.05840977854	0.00265304932	-0.00394206915
0.05841302348	0.00258061768	-0.00389992924
0.05841623922	0.00250676991	-0.00385590128
0.05841941870	0.00243154650	-0.00380994566
0.05842255156	0.00235507310	-0.00376208757
0.05842564144	0.00227713029	-0.00371212761
0.05842867076	0.00219802943	-0.00366020179
0.05843164493	0.00211749163	-0.00360607166
0.05843454717	0.00203582848	-0.00354987532
0.05843737900	0.00195285305	-0.00349143631
0.05844013148	0.00186867147	-0.00343075534
0.05844279692	0.00178336430	-0.00336783019
0.05844537111	0.00169690758	-0.00330258877
0.05844784784	0.00160934227	-0.00323499861
0.05845022120	0.00152070441	-0.00316502506
0.05845248503	0.00143104660	-0.00309264780
0.05845463321	0.00134043131	-0.00301785896
0.05845666075	0.00124888498	-0.00294062642
0.05845856270	0.00115643724	-0.00286091959
0.05846033342	0.00106316315	-0.00277874464
0.05846196812	0.00096911478	-0.00269409622
0.05846346236	0.00087433909	-0.00260696912
0.05846481191	0.00077888916	-0.00251736566
0.05846601285	0.00068281861	-0.00242529109
0.05846706224	0.00058611716	-0.00233069473
0.05846795531	0.00048897987	-0.00223370276
0.05846869002	0.00039139227	-0.00213428801
0.05846926412	0.00029334843	-0.00203241293
0.05846967475	0.00019502426	-0.00192820149
0.05846992048	0.00009643287	-0.00182165915
0.05846999995	-0.00000243666	-0.00171275583
0.05846991211	-0.00010137695	-0.00160166406
0.05846965630	-0.00020047943	-0.00148830332
0.05846923260	-0.00029956573	-0.00137282716
0.05846864099	-0.00039864847	-0.00125523534
0.05846788223	-0.00049764179	-0.00113560849
0.05846695751	-0.00059647293	-0.00101403114
0.05846586777	-0.00069513002	-0.00089052825
0.05846461572	-0.00079347885	-0.00076525022
0.05846320218	-0.00089156622	-0.00063817594
0.05846163157	-0.00098920916	-0.00050951299
0.05845990444	-0.00108649571	-0.00037920941
0.05845802654	-0.00118323002	-0.00024749111
0.05845599930	-0.00127947104	-0.00011435054
0.05845382776	-0.00137510750	0.00002006416
0.05845151607	-0.00147009173	0.00015564752
0.05844906696	-0.00156443965	0.00029236956
0.05844648769	-0.00165800393	0.00043002514
0.05844378139	-0.00175080455	0.00056856409
0.05844095239	-0.00184281962	0.00070791331
0.05843800815	-0.00193393481	0.00084788953
0.05843495264	-0.00202415663	0.00098842206
0.05843179138	-0.00211344645	0.00112940196
0.05842852957	-0.00220177944	0.00127073832
0.05842517412	-0.00228908917	0.00141228868
0.05842173035	-0.00237535750	0.00155395384
0.05841820395	-0.00246055837	0.00169562935
0.05841460082	-0.00254466324	0.00183720699
0.05841092693	-0.00262764450	0.00197858032
0.05840718820	-0.00270947720	0.00211964385
0.05840339054	-0.00279013854	0.00226029353
0.05839953900	-0.00286962442	0.00240045129
0.05839564106	-0.00294788142	0.00253998199
0.05839170179	-0.00302490704	0.00267879771
0.05838772629	-0.00310069647	0.00281681465
0.05838371955	-0.00317524667	0.00295396418
0.05837968975	-0.00324849568	0.00309009426
0.05837563834	-0.00332050426	0.00322520434
0.05837157481	-0.00339118772	0.00335912319
0.05836749970	-0.00346061828	0.00349186602
0.05836342217	-0.00352871832	0.00362327814
0.05835934468	-0.00359552336	0.00375332315
0.05835527133	-0.00366103912	0.00388195122
0.05835120798	-0.00372524185	0.00400907586
0.05834715869	-0.00378813584	0.00413463716
0.05834312706	-0.00384973047	0.00425858655
0.05833911708	-0.00391002791	0.00438087151
0.05833513251	-0.00396903204	0.00450144317
0.05833117689	-0.00402674846	0.00462025632
0.05832725296	-0.00408319270	0.00473728443
0.05832336479	-0.00413835949	0.00485247767
0.05831951564	-0.00419225425	0.00496579251
0.05831570698	-0.00424490509	0.00507721901
0.05831194144	-0.00429632236	0.00518673892
0.05830822332	-0.00434649201	0.00529429222
0.05830455169	-0.00439546950	0.00539991583
0.05830093185	-0.00444322469	0.00550354129
0.05829736369	-0.00448979812	0.00560518188
0.05829384818	-0.00453521380	0.00570484897
0.05829038941	-0.00457945436	0.00580249464
0.05828698687	-0.00462256011	0.00589813890
0.05828364188	-0.00466454593	0.00599178154
0.05828035561	-0.00470542769	0.00608342479
0.05827712901	-0.00474522224	0.00617307316
0.05827396289	-0.00478394704	0.00626073352
0.05827085788	-0.00482162025	0.00634641489
0.05826781447	-0.00485826069	0.00643012829
0.05826483297	-0.00489388795	0.00651188656
0.05826191356	-0.00492852188	0.00659170446
0.05825905527	-0.00496219498	0.00666962305
0.05825626037	-0.00499490020	0.00674562738
0.05825352801	-0.00502666634	0.00681974022
0.05825085551	-0.00505754218	0.00689203173
0.05824824723	-0.00508749392	0.00696245157
0.05824569815	-0.00511659521	0.00703109476
0.05824321206	-0.00514481768	0.00709792160
0.05824078379	-0.00517223394	0.00716303395
0.05823841789	-0.00519880574	0.00722638192
0.05823611026	-0.00522459202	0.00728803846
0.05823386023	-0.00524961163	0.00734804263
0.05823166958	-0.00527385612	0.00740638417
0.05822953564	-0.00529736533	0.00746311553
0.05822745772	-0.00532015672	0.00751826716
0.05822543477	-0.00534225100	0.00757187663
0.05822346664	-0.00536365844	0.00762396612
0.05822155260	-0.00538439534	0.00767456164
0.05821969118	-0.00540448507	0.00772370072
0.05821788149	-0.00542394457	0.00777141458
0.05821612258	-0.00544279084	0.00781773429
0.05821441348	-0.00546104051	0.00786269097
0.05821275320	-0.00547871018	0.00790631549
0.05821114028	-0.00549582094	0.00794864891
0.05820957451	-0.00551238017	0.00798971123
0.05820805495	-0.00552840289	0.00802952917
0.05820658019	-0.00554390856	0.00806813697
0.05820514918	-0.00555891259	0.00810556430
0.05820376028	-0.00557343608	0.00814185343
0.05820241284	-0.00558748953	0.00817703345
0.05820110753	-0.00560106971	0.00821110219
0.05819984182	-0.00561420630	0.00824410582
0.05819861659	-0.00562689322	0.00827602815
0.05819813083	-0.00563191515	0.00828873561
0.05819777992	-0.00563554008	0.00830191407
0.05819756826	-0.00563772553	0.00831540903
0.05819749847	-0.00563844591	0.00832906229
0.05819757143	-0.00563769276	0.00834271376
0.05819778623	-0.00563547492	0.00835620339
0.05819814019	-0.00563181837	0.00836937303
0.05819862889	-0.00562676595	0.00838206828
0.05819924625	-0.00562037687	0.00839414030
0.05819998460	-0.00561272599	0.00840544755
0.05820083480	-0.00560390296	0.00841585747
0.05820178639	-0.00559401118	0.00842524802
0.05820282769	-0.00558316657	0.00843350908
0.05820394600	-0.00557149622	0.00844054382
0.05876607772	0.00513499845	-0.00429479222
0.05876909142	0.00510039157	-0.00436908567
0.05877080918	0.00508055984	-0.00439859364
0.05877232317	0.00506301577	-0.00442082666
0.05877376848	0.00504621027	-0.00443920382
0.05877516468	0.00502992215	-0.00445515210
0.05877653840	0.00501384424	-0.00446934209
0.05877792081	0.00499761190	-0.00448210071
0.05877928570	0.00498153321	-0.00449382019
0.05878066643	0.00496521444	-0.00450457385
0.05878206884	0.00494858398	-0.00451447448
0.05878347270	0.00493187975	-0.00452370970
0.05878489720	0.00491487148	-0.00453228667
0.05878635605	0.00489739139	-0.00454020625
0.05878783319	0.00487962797	-0.00454757973
0.05878933157	0.00486154230	-0.00455443595
0.05879085889	0.00484303740	-0.00456077421
0.05879241663	0.00482409021	-0.00456661063
0.05879400617	0.00480467885	-0.00457195735
0.05879562872	0.00478478250	-0.00457682275
0.05879728642	0.00476436874	-0.00458120750
0.05879897811	0.00474344527	-0.00458512445
0.05880070398	0.00472200288	-0.00458857908
0.05880247019	0.00469995735	-0.00459154642
0.05880427370	0.00467733843	-0.00459404081
0.05880611558	0.00465412401	-0.00459605730
0.05880799700	0.00463029036	-0.00459758962
0.05880991867	0.00460581875	-0.00459863120
0.05881188128	0.00458068996	-0.00459917532
0.05881388825	0.00455484891	-0.00459919930
0.05881595035	0.00452814358	-0.00459863703
0.05881804120	0.00450090311	-0.00459761359
0.05882017669	0.00447290886	-0.00459604705
0.05882237740	0.00444387410	-0.00459381207
0.05882460074	0.00441434571	-0.00459112029
0.05882688896	0.00438374674	-0.00458773892
0.05882921048	0.00435248140	-0.00458382126
0.05883159387	0.00432014613	-0.00457919615
0.05883400871	0.00428713411	-0.00457401671
0.05883649064	0.00425293649	-0.00456806335
0.05883900795	0.00421796671	-0.00456149456
0.05884157327	0.00418202768	-0.00455422433
0.05884419224	0.00414501380	-0.00454619393
0.05884686210	0.00410693565	-0.00453739071
0.05884957384	0.00406789370	-0.00452784635
0.05885233385	0.00402776611	-0.00451749658
0.05885514122	0.00398653385	-0.00450631685
0.05885799488	0.00394417789	-0.00449428189
0.05886089366	0.00390067913	-0.00448136582
0.05886383625	0.00385601892	-0.00446754131
0.05886682121	0.00381017860	-0.00445278040
0.05886985419	0.00376302639	-0.00443699659
0.05887292190	0.00371472304	-0.00442024091
0.05887602509	0.00366521079	-0.00440246758
0.05887916990	0.00361433977	-0.00438357793
0.05888234863	0.00356217912	-0.00436357202
0.05888555473	0.00350878099	-0.00434245136
0.05888879720	0.00345393462	-0.00432007668
0.05889206048	0.00339783943	-0.00429651361
0.05889534755	0.00334037977	-0.00427167415
0.05889866112	0.00328143547	-0.00424545192
0.05890198470	0.00322122630	-0.00421792220
0.05890532254	0.00315960074	-0.00418897056
0.05890867028	0.00309655708	-0.00415855095
0.05891202338	0.00303209518	-0.00412661645
0.05891537711	0.00296621641	-0.00409311966
0.05891872658	0.00289892354	-0.00405801302
0.05892206674	0.00283022101	-0.00402124873
0.05892539236	0.00276011503	-0.00398277864
0.05892869808	0.00268861350	-0.00394255477
0.05893197839	0.00261572610	-0.00390052935
0.05893523013	0.00254140693	-0.00385661790
0.05893844622	0.00246569598	-0.00381078047
0.05894161625	0.00238871814	-0.00376304124
0.05894474383	0.00231025435	-0.00371320261
0.05894781131	0.00223061466	-0.00366139807
0.05895082409	0.00214952071	-0.00360739150
0.05895376529	0.00206728285	-0.00355131845
0.05895663641	0.00198371443	-0.00349300408
0.05895942842	0.00189892097	-0.00343244832
0.05896213356	0.00181298259	-0.00336964828
0.05896474756	0.00172587514	-0.00330453219
0.05896726412	0.00163763929	-0.00323706736
0.05896967724	0.00154831078	-0.00316721891
0.05897198068	0.00145794190	-0.00309496623
0.05897416823	0.00136659487	-0.00302030103
0.05897623479	0.00127429595	-0.00294319109
0.05897817531	0.00118107463	-0.00286360576
0.05897998405	0.00108700574	-0.00278155072
0.05898165610	0.00099214125	-0.00269702033
0.05898318691	0.00089652803	-0.00261000916
0.05898457213	0.00080021914	-0.00252051928
0.05898580773	0.00070326817	-0.00242855567
0.05898689066	0.00060566496	-0.00233406810
0.05898781601	0.00050760442	-0.00223718108
0.05898858161	0.00040907232	-0.00213786788
0.05898918512	0.00031006295	-0.00203609141
0.05898962352	0.00021075226	-0.00193197416
0.05898989528	0.00011115367	-0.00182552182
0.05898999893	0.00001125659	-0.00171670487
0.05898993327	-0.00008873141	-0.00160569402
0.05898969754	-0.00018890126	-0.00149241017
0.05898929171	-0.00028907426	-0.00137700539
0.05898871566	-0.00038926251	-0.00125948004
0.05898797002	-0.00048937970	-0.00113991428
0.05898705590	-0.00058935250	-0.00101839234
0.05898597415	-0.00068916845	-0.00089493955
0.05898472738	-0.00078869272	-0.00076970529
0.05898331634	-0.00088797144	-0.00064266956
0.05898174535	-0.00098682091	-0.00051403833
0.05898001494	-0.00108532848	-0.00038376128
0.05897813075	-0.00118329746	-0.00025206254
0.05897609420	-0.00128078602	-0.00011893584
0.05897391027	-0.00137768205	0.00001547142
0.05897158307	-0.00147393696	0.00015105377
0.05896911533	-0.00156956586	0.00028778042
0.05896651427	-0.00166442041	0.00042544745
0.05896378302	-0.00175851967	0.00056400388
0.05896092592	-0.00185184086	0.00070337622
0.05895795044	-0.00194426859	0.00084338208
0.05895486056	-0.00203580839	0.00098395011
0.05895166185	-0.00212642065	0.00112497127
0.05894835953	-0.00221607957	0.00126635434
0.05894496057	-0.00230471769	0.00140795716
0.05894147033	-0.00239231584	0.00154968021
0.05893789458	-0.00247884697	0.00169141883
0.05893423929	-0.00256428154	0.00183306462
0.05893051048	-0.00264859096	0.00197451099
0.05892671420	-0.00273174927	0.00211565223
0.05892285642	-0.00281373273	0.00225638413
0.05891894228	-0.00289453634	0.00239662815
0.05891497938	-0.00297410567	0.00253624941
0.05891097289	-0.00305243731	0.00267515959
0.05890692803	-0.00312952557	0.00281327453
0.05890284989	-0.00320536664	0.00295052521
0.05889874678	-0.00327989754	0.00308676008
0.05889462025	-0.00335317844	0.00322197735
0.05889047994	-0.00342512365	0.00335600665
0.05888632650	-0.00349580488	0.00348886184
0.05888216921	-0.00356514358	0.00362038902
0.05887801068	-0.00363317468	0.00375055106
0.05887385511	-0.00369990330	0.00387929776
0.05886970849	-0.00376530503	0.00400654272
0.05886557501	-0.00382938358	0.00413222581
0.05886145840	-0.00389214781	0.00425629814
0.05885736277	-0.00395359936	0.00437870700
0.05885329199	-0.00401374168	0.00449940335
0.05884924972	-0.00407257990	0.00461834181
0.05884523883	-0.00413012922	0.00473549550
0.05884126349	-0.00418638399	0.00485081461
0.05883732707	-0.00424134924	0.00496425553
0.05883343115	-0.00429505286	0.00507580792
0.05882957845	-0.00434750498	0.00518545332
0.05882577340	-0.00439869120	0.00529313201
0.05882201511	-0.00444866698	0.00539888009
0.05881830902	-0.00449740187	0.00550262966
0.05881465509	-0.00454493632	0.00560439349
0.05881105437	-0.00459129437	0.00570418267
0.05880751103	-0.00463645841	0.00580194967
0.05880402462	-0.00468046880	0.00589771406
0.05880059656	-0.00472334041	0.00599147558
0.05879722804	-0.00476508912	0.00608323635
0.05879392011	-0.00480573182	0.00617300084
0.05879067361	-0.00484528605	0.00626077586
0.05878748923	-0.00488377004	0.00634657034
0.05878436751	-0.00492120271	0.00643039527
0.05878130880	-0.00495760377	0.00651226341
0.05877831334	-0.00499299321	0.00659218949
0.05877538014	-0.00502740379	0.00667021427
0.05877251156	-0.00506082849	0.00674632321
0.05876970676	-0.00509329633	0.00682053891
0.05876696305	-0.00512485647	0.00689293103
0.05876428488	-0.00515547504	0.00696345004
0.05876166718	-0.00518522619	0.00703219013
0.05875911379	-0.00521408155	0.00709911230
0.05875661953	-0.00524211426	0.00716431758
0.05875418900	-0.00526928604	0.00722775697
0.05875181806	-0.00529565624	0.00728950284
0.05874950606	-0.00532124405	0.00734959420
0.05874725478	-0.00534604113	0.00740802124
0.05874506156	-0.00537008769	0.00746483611
0.05874292571	-0.00539340148	0.00752006929
0.05874084615	-0.00541600351	0.00757375830
0.05873882274	-0.00543790434	0.00762592545
0.05873685473	-0.00545912051	0.00767659682
0.05873494066	-0.00547967574	0.00772580985
0.05873307961	-0.00549958723	0.00777359580
0.05873127062	-0.00551887231	0.00781998578
0.05872951271	-0.00553754788	0.00786501091
0.05872780488	-0.00555563085	0.00790870211
0.05872614564	-0.00557314263	0.00795110035
0.05872453477	-0.00559009087	0.00799222580
0.05872297132	-0.00560649085	0.00803210524
0.05872145385	-0.00562236233	0.00807077287
0.05871998128	-0.00563772099	0.00810825840
0.05871855197	-0.00565258830	0.00814460400
0.05871716524	-0.00566697501	0.00817983883
0.05871582176	-0.00568087804	0.00821396107
0.05871451895	-0.00569432742	0.00824701667
0.05871325772	-0.00570731710	0.00827898991
0.05871276024	-0.00571243248	0.00829165998
0.05871239800	-0.00571615439	0.00830481146
0.05871217551	-0.00571843924	0.00831829016
0.05871209554	-0.00571926026	0.00833193805
0.05871215909	-0.00571860781	0.00834559512
0.05871236537	-0.00571648955	0.00835910126
0.05871271180	-0.00571293029	0.00837229812
0.05871319408	-0.00570797174	0.00838503097
0.05871380618	-0.00570167201	0.00839715055
0.05871454053	-0.00569410490	0.00840851474
0.05871538803	-0.00568535909	0.00841899033
0.05871633826	-0.00567553707	0.00842845449
0.05871737956	-0.00566475395	0.00843679627
0.05871849923	-0.00565313609	0.00844391786
0.05928407148	0.00518063400	-0.00429142711
0.05928707215	0.00514618074	-0.00436579962
0.05928878693	0.00512638710	-0.00439534706
0.05929029977	0.00510886025	-0.00441761271
0.05929174484	0.00509206180	-0.00443602044
0.05929314152	0.00507577272	-0.00445199731
0.05929451626	0.00505968785	-0.00446621482
0.05929590008	0.00504344460	-0.00447900131
0.05929726685	0.00502734962	-0.00449074731
0.05929864979	0.00501101117	-0.00450152784
0.05930005471	0.00499435795	-0.00451145591
0.05930146147	0.00497762667	-0.00452071788
0.05930288918	0.00496058813	-0.00452932192
0.05930435150	0.00494307526	-0.00453726961
0.05930583244	0.00492527551	-0.00454467125
0.05930733495	0.00490715003	-0.00455155579
0.05930886669	0.00488860219	-0.00455792292
0.05931042918	0.00486960890	-0.00456378881
0.05931202376	0.00485014823	-0.00456916564
0.05931365167	0.00483019929	-0.00457406182
0.05931531506	0.00480972966	-0.00457847812
0.05931701277	0.00478874682	-0.00458242728
0.05931874501	0.00476724143	-0.00458591477
0.05932051792	0.00474512948	-0.00458891596
0.05932232848	0.00472244038	-0.00459144497
0.05932417780	0.00469915192	-0.00459349691
0.05932606702	0.00467524029	-0.00459506553
0.05932799688	0.00465068661	-0.00459614432
0.05932996809	0.00462547155	-0.00459672655
0.05933198405	0.00459954005	-0.00459678977
0.05933405551	0.00457274056	-0.00459626861
0.05933615622	0.00454540046	-0.00459528631
0.05933830200	0.00451730186	-0.00459376202
0.05934051338	0.00448815912	-0.00459157188
0.05934274793	0.00445851632	-0.00458892447
0.05934504779	0.00442779890	-0.00458559007
0.05934738148	0.00439640895	-0.00458171966
0.05934977749	0.00436394447	-0.00457714424
0.05935220553	0.00433079656	-0.00457201465
0.05935470112	0.00429645839	-0.00456611405
0.05935723268	0.00426134122	-0.00455959852
0.05935981279	0.00422524855	-0.00455238305
0.05936244712	0.00418807494	-0.00454440944
0.05936513292	0.00414983060	-0.00453566489
0.05936786119	0.00411061522	-0.00452618040
0.05937063836	0.00407030717	-0.00451589229
0.05937346350	0.00402888718	-0.00450477603
0.05937633557	0.00398633594	-0.00449280638
0.05937925342	0.00394263410	-0.00447995746
0.05938221574	0.00389776272	-0.00446620194
0.05938522110	0.00385170287	-0.00445151190
0.05938827516	0.00380432295	-0.00443580155
0.05939136466	0.00375578266	-0.00441912081
0.05939449036	0.00370602412	-0.00440142415
0.05939765839	0.00365489770	-0.00438261377
0.05940086108	0.00360247186	-0.00436268919
0.05940409188	0.00354879817	-0.00434165146
0.05940735978	0.00349366630	-0.00431936263
0.05941064925	0.00343727449	-0.00429588690
0.05941396327	0.00337950716	-0.00427113695
0.05941730454	0.00332024420	-0.00424500715
0.05942065659	0.00325970413	-0.00421757118
0.05942402365	0.00319773562	-0.00418871556
0.05942740138	0.00313433656	-0.00415839419
0.05943078521	0.00306950641	-0.00412656010
0.05943417041	0.00300324612	-0.00409316580
0.05943755209	0.00293555807	-0.00405816368
0.05944092518	0.00286644627	-0.00402150583
0.05944428442	0.00279591654	-0.00398314402
0.05944762445	0.00272397637	-0.00394303017
0.05945093972	0.00265063501	-0.00390111640
0.05945422706	0.00257584637	-0.00385731857
0.05945747935	0.00249964990	-0.00381159645
0.05946068612	0.00242216978	-0.00376397317
0.05946385098	0.00234318726	-0.00371425294
0.05946695621	0.00226301112	-0.00366256675
0.05947000717	0.00218136352	-0.00360868079
0.05947298692	0.00209855358	-0.00355272810
0.05947589691	0.00201439493	-0.00349453545
0.05947872803	0.00192899249	-0.00343410195
0.05948147247	0.00184242591	-0.00337142412
0.05948412587	0.00175467091	-0.00330643047
0.05948668185	0.00166576781	-0.00323908808
0.05948913435	0.00157575208	-0.00316936190
0.05949147702	0.00148467573	-0.00309723099
0.05949370356	0.00139260069	-0.00302268664
0.05949580878	0.00129955306	-0.00294569659
0.05949778752	0.00120556216	-0.00286623008
0.05949963395	0.00111070265	-0.00278429232
0.05950134302	0.00101502635	-0.00269987741
0.05950291010	0.00091858007	-0.00261297969
0.05950433072	0.00082141682	-0.00252360097
0.05950560072	0.00072359020	-0.00243174599
0.05950671695	0.00062509013	-0.00233736495
0.05950767435	0.00052611138	-0.00224058073
0.05950847064	0.00042663998	-0.00214136701
0.05950910339	0.00032667041	-0.00203968717
0.05950956942	0.00022637866	-0.00193566226
0.05950986708	0.00012577847	-0.00182929817
0.05950999481	0.00002485958	-0.00172056595
0.05950995125	-0.00007617027	-0.00160963449
0.05950973558	-0.00017740149	-0.00149642613
0.05950934760	-0.00027865508	-0.00138109147
0.05950878711	-0.00037994262	-0.00126363143
0.05950805465	-0.00048117733	-0.00114412577
0.05950715120	-0.00058228534	-0.00102265835
0.05950607754	-0.00068325360	-0.00089925492
0.05950483617	-0.00078394665	-0.00077406384
0.05950342779	-0.00088440998	-0.00064706619
0.05950185661	-0.00098445916	-0.00051846638
0.05950012313	-0.00108418082	-0.00038821566
0.05949823290	-0.00118337749	-0.00025653645
0.05949618730	-0.00128210653	-0.00012342373
0.05949399126	-0.00138025500	0.00001097583
0.05949164887	-0.00147777341	0.00014655679
0.05948916284	-0.00157467606	0.00028328752
0.05948654034	-0.00167081362	0.00042096532
0.05948378454	-0.00176620420	0.00055953843
0.05948089974	-0.00186082416	0.00069893297
0.05947789343	-0.00195455706	0.00083896738
0.05947476963	-0.00204740746	0.00097956971
0.05947153392	-0.00213933476	0.00112063080
0.05946819156	-0.00223031222	0.00126205915
0.05946474957	-0.00232027131	0.00140371286
0.05946121336	-0.00240919188	0.00154549212
0.05945758877	-0.00249704588	0.00168729206
0.05945388182	-0.00258380279	0.00182900411
0.05945009863	-0.00266943301	0.00197052151
0.05944624531	-0.00275390963	0.00211173839
0.05944232794	-0.00283720792	0.00225255033
0.05943835175	-0.00291932201	0.00239287834
0.05943432444	-0.00300019646	0.00253258779
0.05943025127	-0.00307982696	0.00267159000
0.05942613759	-0.00315820696	0.00280980046
0.05942198859	-0.00323533185	0.00294714972
0.05941781271	-0.00331113767	0.00308348674
0.05941361161	-0.00338568398	0.00321880852
0.05940939505	-0.00345888411	0.00335294554
0.05940516380	-0.00353080922	0.00348591032
0.05940092729	-0.00360137991	0.00361754974
0.05939668822	-0.00367063046	0.00374782595
0.05939245094	-0.00373856541	0.00387668839
0.05938822156	-0.00380515971	0.00400405077
0.05938400438	-0.00387041647	0.00412985271
0.05937980328	-0.00393434403	0.00425404502
0.05937562246	-0.00399694354	0.00437657483
0.05937146593	-0.00405821796	0.00449739291
0.05936733748	-0.00411817202	0.00461645368
0.05936324006	-0.00417682055	0.00473372998
0.05935917798	-0.00423415750	0.00484917199
0.05935515471	-0.00429018758	0.00496273603
0.05935117194	-0.00434493840	0.00507441133
0.05934723247	-0.00439841990	0.00518417928
0.05934334087	-0.00445061734	0.00529198043
0.05933949631	-0.00450158615	0.00539785009
0.05933570433	-0.00455129557	0.00550172087
0.05933196498	-0.00459978600	0.00560360508
0.05932827938	-0.00464708146	0.00570351351
0.05932465179	-0.00469316415	0.00580139902
0.05932108184	-0.00473807444	0.00589728078
0.05931757099	-0.00478182720	0.00599115842
0.05931412053	-0.00482443833	0.00608303402
0.05931073154	-0.00486592477	0.00617291196
0.05930740493	-0.00490630410	0.00626079899
0.05930414145	-0.00494559465	0.00634670400
0.05930094168	-0.00498381542	0.00643063789
0.05929780600	-0.00502098627	0.00651261340
0.05929473470	-0.00505712729	0.00659264518
0.05929172683	-0.00509227151	0.00667077375
0.05928878478	-0.00512641198	0.00674698490
0.05928590774	-0.00515957788	0.00682130113
0.05928309302	-0.00519181877	0.00689379157
0.05928034513	-0.00522310073	0.00696440751
0.05927765898	-0.00525349839	0.00703324227
0.05927503848	-0.00528298337	0.00710025763
0.05927247838	-0.00531162935	0.00716555373
0.05926998337	-0.00533939801	0.00722908248
0.05926754928	-0.00536634912	0.00729091566
0.05926517544	-0.00539250221	0.00735109223
0.05926286368	-0.00541784904	0.00740960284
0.05926061132	-0.00544243018	0.00746649934
0.05925841764	-0.00546626367	0.00752181224
0.05925628159	-0.00548937085	0.00757557899
0.05925420301	-0.00551176253	0.00762782205
0.05925218114	-0.00553345553	0.00767856756
0.05925021452	-0.00555447385	0.00772785289
0.05924830221	-0.00557483503	0.00777570932
0.05924644323	-0.00559455667	0.00782216799
0.05924463661	-0.00561365596	0.00786726004
0.05924288130	-0.00563215011	0.00791101642
0.05924117582	-0.00565006086	0.00795347803
0.05923951993	-0.00566739612	0.00799466519
0.05923791265	-0.00568417142	0.00803460475
0.05923635254	-0.00570040684	0.00807333088
0.05923483849	-0.00571611833	0.00811087331
0.05923336883	-0.00573132769	0.00814727412
0.05923194287	-0.00574604596	0.00818256253
0.05923056126	-0.00576027020	0.00821673707
0.05922922141	-0.00577403077	0.00824984350
0.05922792422	-0.00578732168	0.00828186651
0.05922741517	-0.00579252900	0.00829449902
0.05922704170	-0.00579634642	0.00830762317
0.05922680845	-0.00579872923	0.00832108510
0.05922671834	-0.00579964949	0.00833472697
0.05922677250	-0.00579909644	0.00834838884
0.05922697024	-0.00579707655	0.00836191055
0.05922730910	-0.00579361349	0.00837513356
0.05922778485	-0.00578874782	0.00838790284
0.05922839159	-0.00578253658	0.00840006870
0.05922912179	-0.00577505253	0.00841148848
0.05922996643	-0.00576638338	0.00842202831
0.05923091509	-0.00575663071	0.00843156462
0.05923195617	-0.00574590883	0.00843998560
0.05923307696	-0.00573434337	0.00844719252
0.05980208208	0.00522607679	-0.00428815913
0.05980506997	0.00519177291	-0.00436260839
0.05980678185	0.00517201560	-0.00439219411
0.05980829359	0.00515450462	-0.00441449141
0.05980973846	0.00513771208	-0.00443292877
0.05981113564	0.00512142102	-0.00444893335
0.05981251143	0.00510532829	-0.00446317754
0.05981389666	0.00508907328	-0.00447599103
0.05981526531	0.00507296122	-0.00448776274
0.05981665046	0.00505660234	-0.00449856931
0.05981805789	0.00503992568	-0.00450852398
0.05981946754	0.00502316668	-0.00451781189
0.05982089844	0.00500609723	-0.00452644216
0.05982236421	0.00498855097	-0.00453441709
0.05982384892	0.00497071431	-0.00454184602
0.05982535553	0.00495254847	-0.00454875802
0.05982689167	0.00493395716	-0.00455515313
0.05982845885	0.00491491725	-0.00456104759
0.05983005844	0.00489540677	-0.00456645361
0.05983169167	0.00487540478	-0.00457137964
0.05983336069	0.00485487882	-0.00457582653
0.05983506437	0.00483383618	-0.00457980692
0.05983680291	0.00481226736	-0.00458332627
0.05983858246	0.00479008860	-0.00458636028
0.05984040002	0.00476732893	-0.00458892287
0.05984225669	0.00474396608	-0.00459100919
0.05984415364	0.00471997611	-0.00459261304
0.05984609162	0.00469534005	-0.00459372792
0.05984807132	0.00467003841	-0.00459434712
0.05985009619	0.00464401618	-0.00459444841
0.05985217692	0.00461712228	-0.00459396714
0.05985428737	0.00458968229	-0.00459302477
0.05985644333	0.00456147913	-0.00459154148
0.05985866527	0.00453222821	-0.00458939486
0.05986091092	0.00450247082	-0.00458679052
0.05986322228	0.00447163481	-0.00458350171
0.05986556801	0.00444012012	-0.00457967718
0.05986797651	0.00440752634	-0.00457515002
0.05987041759	0.00437424246	-0.00457006882
0.05987292669	0.00433976371	-0.00456421948
0.05987547233	0.00430449912	-0.00455775568
0.05987806708	0.00426825283	-0.00455059341
0.05988071659	0.00423091954	-0.00454267498
0.05988341814	0.00419250907	-0.00453398745
0.05988616277	0.00415312037	-0.00452456113
0.05988895689	0.00411263202	-0.00451433295
0.05989179960	0.00407102447	-0.00450327839
0.05989468987	0.00402827817	-0.00449137222
0.05989762656	0.00398437351	-0.00447858859
0.05990060838	0.00393929126	-0.00446490017
0.05990363391	0.00389301222	-0.00445027904
0.05990670881	0.00384540498	-0.00443464015
0.05990981985	0.00379662818	-0.00441803231
0.05991296779	0.00374662385	-0.00440041025
0.05991615878	0.00369524256	-0.00438167701
0.05991938513	0.00364255212	-0.00436183158
0.05992264034	0.00358860350	-0.00434087457
0.05992593337	0.00353318684	-0.00431866932
0.05992924873	0.00347649918	-0.00429527863
0.05993258939	0.00341842501	-0.00427061583
0.05993595803	0.00335884429	-0.00424457606
0.05993933821	0.00329797428	-0.00421723140
0.05994273417	0.00323566386	-0.00418846933
0.05994614152	0.00317191052	-0.00415824369
0.05994955573	0.00310671331	-0.00412650743
0.05995297205	0.00304007278	-0.00409321303
0.05995638557	0.00297199091	-0.00405831279
0.05995979120	0.00290247130	-0.00402175870
0.05996318369	0.00283151937	-0.00398350248
0.05996655763	0.00275914219	-0.00394349592
0.05996990748	0.00268534862	-0.00390169105
0.05997323001	0.00261009235	-0.00385800407
0.05997651809	0.00253341231	-0.00381239443
0.05997976120	0.00245543196	-0.00376488431
0.05998296294	0.00237593290	-0.00371527964
0.05998610550	0.00229522260	-0.00366370896
0.05998919424	0.00221302377	-0.00360994076
0.05999221212	0.00212964428	-0.00355410559
0.05999516057	0.00204489806	-0.00349603179
0.05999803040	0.00195888942	-0.00343571771
0.06000081373	0.00187169757	-0.00337315927
0.06000350613	0.00178329806	-0.00330828525
0.06000610115	0.00169373091	-0.00324106251
0.06000859264	0.00160303130	-0.00317145583
0.06001097417	0.00151125095	-0.00309944395
0.06001323933	0.00141845150	-0.00302501777
0.06001538285	0.00132465890	-0.00294814494
0.06001739948	0.00122990235	-0.00286879466
0.06001928326	0.00113425625	-0.00278697163
0.06002102905	0.00103777232	-0.00270266969
0.06002263210	0.00094049732	-0.00261588299
0.06002408783	0.00084248420	-0.00252661308
0.06002539197	0.00074378654	-0.00243486446
0.06002654126	0.00064439439	-0.00234058773
0.06002753049	0.00054450233	-0.00224390420
0.06002835728	0.00044409668	-0.00214478794
0.06002901909	0.00034317211	-0.00204320280
0.06002951259	0.00024190462	-0.00193926841
0.06002983603	0.00014030830	-0.00183299086
0.06002998774	0.00003837319	-0.00172434174
0.06002996621	-0.00006369278	-0.00161348819
0.06002977054	-0.00016597952	-0.00150035394
0.06002940039	-0.00026830774	-0.00138508813
0.06002885548	-0.00037068848	-0.00126769229
0.06002813622	-0.00047303451	-0.00114824571
0.06002724350	-0.00057527142	-0.00102683194
0.06002617803	-0.00067738557	-0.00090347713
0.06002494218	-0.00077924091	-0.00077832862
0.06002353660	-0.00088088222	-0.00065136858
0.06002196541	-0.00098212443	-0.00052279985
0.06002022905	-0.00108305340	-0.00039257527
0.06001833300	-0.00118347092	-0.00026091554
0.06001627861	-0.00128343351	-0.00012781687
0.06001407075	-0.00138282744	0.00000657478
0.06001171348	-0.00148160232	0.00014215398
0.06000920947	-0.00157977161	0.00027888831
0.06000656589	-0.00167718503	0.00041657626
0.06000378589	-0.00177385977	0.00055516528
0.06000087379	-0.00186977127	0.00069458113
0.05999783707	-0.00196480210	0.00083464309
0.05999467977	-0.00205895584	0.00097527857
0.05999140750	-0.00215219089	0.00111637833
0.05998802557	-0.00224447959	0.00125785057
0.05998454102	-0.00233575236	0.00139955368
0.05998095933	-0.00242598807	0.00154138754
0.05997728638	-0.00251515767	0.00168324708
0.05997352829	-0.00260322964	0.00182502358
0.05996969124	-0.00269017343	0.00196661010
0.05996578141	-0.00277596113	0.00210790059
0.05996180498	-0.00286056708	0.00224879046
0.05995776726	-0.00294398449	0.00238920028
0.05995367607	-0.00302615696	0.00252899567
0.05994953677	-0.00310707927	0.00266808757
0.05994535480	-0.00318674400	0.00280639113
0.05994113548	-0.00326514576	0.00294383650
0.05993688737	-0.00334221961	0.00308027314
0.05993261223	-0.00341802449	0.00321569684
0.05992831997	-0.00349247277	0.00334993893
0.05992401143	-0.00356563508	0.00348301062
0.05991969622	-0.00363743114	0.00361475955
0.05991537714	-0.00370789460	0.00374514718
0.05991105865	-0.00377702943	0.00387412257
0.05990674700	-0.00384480992	0.00400159955
0.05990244663	-0.00391123861	0.00412751750
0.05989816152	-0.00397632331	0.00425182695
0.05989389600	-0.00404006466	0.00437447483
0.05988965419	-0.00410246519	0.00449541175
0.05988544001	-0.00416352916	0.00461459196
0.05988125651	-0.00422327108	0.00473198798
0.05987710813	-0.00428168451	0.00484755001
0.05987299844	-0.00433877378	0.00496123429
0.05986892923	-0.00439456630	0.00507302965
0.05986490341	-0.00444907176	0.00518291730
0.05986092564	-0.00450227509	0.00529083805
0.05985699519	-0.00455423171	0.00539682647
0.05985311770	-0.00460491056	0.00550081567
0.05984929329	-0.00465435196	0.00560281748
0.05984552316	-0.00470257992	0.00570284241
0.05984181167	-0.00474957645	0.00580084372
0.05983815849	-0.00479538195	0.00589684015
0.05983456519	-0.00484001127	0.00599083126
0.05983103308	-0.00488348033	0.00608281905
0.05982756333	-0.00492580611	0.00617280786
0.05982415690	-0.00496700625	0.00626080435
0.05982081459	-0.00500709916	0.00634681736
0.05981753702	-0.00504610395	0.00643085774
0.05981432463	-0.00508404058	0.00651293817
0.05981117774	-0.00512092930	0.00659307327
0.05980809543	-0.00515680336	0.00667130326
0.05980508013	-0.00519165589	0.00674761432
0.05980213107	-0.00522551625	0.00682202881
0.05979924555	-0.00525843436	0.00689461534
0.05979642814	-0.00529037629	0.00696532602
0.05979367374	-0.00532141712	0.00703425333
0.05979098630	-0.00535152848	0.00710135978
0.05978836055	-0.00538078455	0.00716674466
0.05978580123	-0.00540914703	0.00723036075
0.05978330414	-0.00543667607	0.00729227928
0.05978086862	-0.00546339151	0.00735253915
0.05977849653	-0.00548928527	0.00741113146
0.05977618516	-0.00551439825	0.00746810777
0.05977393380	-0.00553874878	0.00752349859
0.05977174138	-0.00556235851	0.00757734135
0.05976960775	-0.00558523852	0.00762965863
0.05976753215	-0.00560740589	0.00768047662
0.05976551308	-0.00562888495	0.00772983263
0.05976354962	-0.00564969350	0.00777775797
0.05976164077	-0.00566984946	0.00782428379
0.05975978552	-0.00568937031	0.00786944127
0.05975798284	-0.00570827353	0.00791326138
0.05975623120	-0.00572658122	0.00795578495
0.05975453037	-0.00574430151	0.00799703246
0.05975287936	-0.00576145023	0.00803703081
0.05975127668	-0.00577804772	0.00807581413
0.05974972123	-0.00579411024	0.00811341219
0.05974821129	-0.00580965990	0.00814986698
0.05974674616	-0.00582470804	0.00818520778
0.05974532649	-0.00583925185	0.00821943347
0.05974394966	-0.00585332202	0.00825258959
0.05974261658	-0.00586691264	0.00828466128
0.05974209609	-0.00587221041	0.00829725607
0.05974171149	-0.00587612187	0.00831035258
0.05974146757	-0.00587860121	0.00832379725
0.05974136738	-0.00587961938	0.00833743247
0.05974141215	-0.00587916443	0.00835109838
0.05974160133	-0.00587724171	0.00836463475
0.05974193257	-0.00587387374	0.00837788288
0.05974240174	-0.00586909998	0.00839068745
0.05974300301	-0.00586297637	0.00840289834
0.05974372892	-0.00585557466	0.00841437238
0.05974457052	-0.00584698159	0.00842497507
0.05974551744	-0.00583729786	0.00843458207
0.05974655808	-0.00582663695	0.00844308078
0.05974767975	-0.00581512380	0.00845037153
0.06032010912	0.00527133146	-0.00428498456
0.06032308447	0.00523717288	-0.00435950834
0.06032479352	0.00521745021	-0.00438913122
0.06032630422	0.00519995381	-0.00441145921
0.06032774892	0.00518316608	-0.00442992532
0.06032914663	0.00516687208	-0.00444595678
0.06033052347	0.00515077059	-0.00446022684
0.06033191012	0.00513450301	-0.00447306652
0.06033328067	0.00511837312	-0.00448486315
0.06033466803	0.00510199311	-0.00449569498
0.06033607795	0.00508529231	-0.00450567544
0.06033749048	0.00506850496	-0.00451498849
0.06033892457	0.00505140398	-0.00452364420
0.06034039376	0.00503382374	-0.00453164555
0.06034188222	0.00501594961	-0.00453910096
0.06034339290	0.00499774287	-0.00454603957
0.06034493341	0.00497910756	-0.00455246183
0.06034650525	0.00496002054	-0.00455838399
0.06034810981	0.00494045978	-0.00456381833
0.06034974832	0.00492040426	-0.00456877330
0.06035142292	0.00489982154	-0.00457324986
0.06035313251	0.00487871867	-0.00457726056
0.06035487731	0.00485708603	-0.00458081081
0.06035666344	0.00483484005	-0.00458387667
0.06035848793	0.00481200946	-0.00458647185
0.06036035188	0.00478857185	-0.00458859153
0.06036225649	0.00476450323	-0.00459022956
0.06036420250	0.00473978445	-0.00459137945
0.06036619063	0.00471439594	-0.00459203454
0.06036822430	0.00468828271	-0.00459217279
0.06037031420	0.00466129413	-0.00459173025
0.06037243430	0.00463375402	-0.00459082663
0.06037460034	0.00460544607	-0.00458938314
0.06037683272	0.00457608678	-0.00458727879
0.06037908936	0.00454621463	-0.00458471627
0.06038141211	0.00451525988	-0.00458147175
0.06038376975	0.00448362032	-0.00457769177
0.06038619060	0.00445089713	-0.00457321150
0.06038864459	0.00441747721	-0.00456817731
0.06039116705	0.00438285780	-0.00456237777
0.06039372662	0.00434744578	-0.00455596423
0.06039633585	0.00431104587	-0.00454885367
0.06039900037	0.00427355292	-0.00454098886
0.06040171748	0.00423497640	-0.00453235675
0.06040447829	0.00419541448	-0.00452298699
0.06040728918	0.00415474594	-0.00451281707
0.06041014926	0.00411295100	-0.00450182251
0.06041305753	0.00407000985	-0.00448997809
0.06041601285	0.00402590259	-0.00447725796
0.06041901394	0.00398060975	-0.00446363480
0.06042205942	0.00393411184	-0.00444908072
0.06042515491	0.00388627764	-0.00443351136
0.06042828724	0.00383726475	-0.00441697447
0.06043145718	0.00378701505	-0.00439942501
0.06043467085	0.00373537941	-0.00438076685
0.06043792060	0.00368242492	-0.00436099847
0.06044119994	0.00362820198	-0.00434012006
0.06044451783	0.00357250120	-0.00431799620
0.06044785877	0.00351551840	-0.00429468833
0.06045122576	0.00345713819	-0.00427011042
0.06045462147	0.00339724056	-0.00424415835
0.06045802947	0.00333604153	-0.00421690266
0.06046145397	0.00327339018	-0.00418823175
0.06046489063	0.00320928361	-0.00415809940
0.06046833487	0.00314372048	-0.00412645852
0.06047178194	0.00307670094	-0.00409326151
0.06047522694	0.00300822655	-0.00405846059
0.06047866475	0.00293830052	-0.00402200771
0.06048209011	0.00286692786	-0.00398385445
0.06048549760	0.00279411524	-0.00394395255
0.06048888163	0.00271987113	-0.00390225392
0.06049223897	0.00264414899	-0.00385867509
0.06049556245	0.00256698727	-0.00381317524
0.06049884151	0.00248850867	-0.00376577555
0.06050207973	0.00240849515	-0.00371628368
0.06050525923	0.00232725289	-0.00366482577
0.06050838534	0.00224450515	-0.00361117256
0.06051144096	0.00216055856	-0.00355545216
0.06051442747	0.00207522733	-0.00349749446
0.06051733561	0.00198861519	-0.00343729704
0.06052015744	0.00190080088	-0.00337485524
0.06052288845	0.00181175981	-0.00331009812
0.06052552213	0.00172153170	-0.00324299232
0.06052805223	0.00163015142	-0.00317350245
0.06053047224	0.00153767042	-0.00310160695
0.06053277567	0.00144415006	-0.00302729632
0.06053495714	0.00134961614	-0.00295053813
0.06053701132	0.00125409770	-0.00287130153
0.06053893212	0.00115766894	-0.00278959075
0.06054071433	0.00106038145	-0.00270539937
0.06054235306	0.00096228193	-0.00261872133
0.06054384362	0.00086342328	-0.00252955793
0.06054518164	0.00076385907	-0.00243791343
0.06054636374	0.00066357948	-0.00234373887
0.06054738458	0.00056277890	-0.00224715395
0.06054824167	0.00046144389	-0.00214813319
0.06054893236	0.00035956938	-0.00204664085
0.06054945318	0.00025733135	-0.00194279519
0.06054980226	0.00015474421	-0.00183660249
0.06054997784	0.00005179834	-0.00172803489
0.06054997827	-0.00005129818	-0.00161725778
0.06054980254	-0.00015463472	-0.00150419628
0.06054945020	-0.00025803174	-0.00138899809
0.06054892087	-0.00036149974	-0.00127166532
0.06054821484	-0.00046495103	-0.00115227682
0.06054733291	-0.00056831068	-0.00103091584
0.06054627570	-0.00067156445	-0.00090760889
0.06054504548	-0.00077457570	-0.00078250235
0.06054364285	-0.00087738854	-0.00065557944
0.06054207180	-0.00097981722	-0.00052704145
0.06054033276	-0.00108194687	-0.00039684278
0.06053843112	-0.00118357852	-0.00026520245
0.06053636817	-0.00128476789	-0.00013211788
0.06053414876	-0.00138540042	0.00000226566
0.06053177689	-0.00148542486	0.00013784279
0.06052925523	-0.00158485382	0.00027458027
0.06052659090	-0.00168353610	0.00041227778
0.06052378707	-0.00178148792	0.00055088201
0.06052084803	-0.00187868389	0.00069031834
0.06051778130	-0.00197500553	0.00083040687
0.06051459092	-0.00207045546	0.00097107443
0.06051128253	-0.00216499112	0.00111221164
0.06050786146	-0.00225858387	0.00125372646
0.06050433482	-0.00235116316	0.00139547754
0.06050070812	-0.00244270683	0.00153736446
0.06049698732	-0.00253318486	0.00167928196
0.06049317858	-0.00262256474	0.00182112115
0.06048928816	-0.00271081496	0.00196277495
0.06048532234	-0.00279790664	0.00210413713
0.06048128737	-0.00288381315	0.00224510291
0.06047718866	-0.00296852683	0.00238559244
0.06047303412	-0.00305199031	0.00252547158
0.06046882921	-0.00313419747	0.00266465091
0.06046457950	-0.00321514002	0.00280304525
0.06046029040	-0.00329481177	0.00294058435
0.06045597059	-0.00337314685	0.00307711816
0.06045162194	-0.00345020356	0.00321264130
0.06044725450	-0.00352589332	0.00334698591
0.06044286922	-0.00360028622	0.00348016192
0.06043847582	-0.00367330110	0.00361201773
0.06043407724	-0.00374497102	0.00374251409
0.06042967806	-0.00381529935	0.00387159975
0.06042528466	-0.00388425973	0.00399918860
0.06042090159	-0.00395185413	0.00412521982
0.06041653295	-0.00401808983	0.00424964364
0.06041218321	-0.00408296700	0.00437240683
0.06040785661	-0.00414648767	0.00449345980
0.06040355716	-0.00420865571	0.00461275667
0.06039928804	-0.00426948525	0.00473026962
0.06039505380	-0.00432896950	0.00484594888
0.06039085812	-0.00438711240	0.00495975061
0.06038670290	-0.00444394114	0.00507166325
0.06038259114	-0.00449946519	0.00518166784
0.06037852762	-0.00455366915	0.00528970546
0.06037451167	-0.00460660841	0.00539580991
0.06037054904	-0.00465825162	0.00549991480
0.06036663995	-0.00470863903	0.00560203153
0.06036278564	-0.00475779462	0.00570217031
0.06035899059	-0.00480570024	0.00580028477
0.06035525454	-0.00485239628	0.00589639326
0.06035157909	-0.00489789760	0.00599049526
0.06034796567	-0.00494222013	0.00608259271
0.06034441546	-0.00498538089	0.00617268986
0.06034092951	-0.00502739758	0.00626079334
0.06033750865	-0.00506828869	0.00634691191
0.06033415356	-0.00510807344	0.00643105638
0.06033086473	-0.00514677190	0.00651323937
0.06032764251	-0.00518440444	0.00659347546
0.06032448600	-0.00522100457	0.00667180459
0.06032139769	-0.00525656549	0.00674821331
0.06031837683	-0.00529111672	0.00682272386
0.06031542074	-0.00532470857	0.00689540433
0.06031253403	-0.00535730707	0.00696620763
0.06030971158	-0.00538898774	0.00703522542
0.06030695740	-0.00541972226	0.00710242092
0.06030426619	-0.00544958529	0.00716789259
0.06030164273	-0.00547853853	0.00723159409
0.06029908281	-0.00550664252	0.00729359607
0.06029658579	-0.00553391743	0.00735393738
0.06029415352	-0.00556035531	0.00741260957
0.06029178330	-0.00558599740	0.00746966391
0.06028947441	-0.00561086232	0.00752513093
0.06028722576	-0.00563497203	0.00757904801
0.06028503722	-0.00565833786	0.00763143786
0.06028290801	-0.00568097718	0.00768232672
0.06028083663	-0.00570291461	0.00773175185
0.06027882213	-0.00572416825	0.00777974457
0.06027686351	-0.00574475631	0.00782633606
0.06027495976	-0.00576469655	0.00787155752
0.06027310981	-0.00578400676	0.00791543995
0.06027131212	-0.00580270935	0.00795802411
0.06026956644	-0.00582081271	0.00799933063
0.06026787178	-0.00583833293	0.00803938647
0.06026622662	-0.00585529066	0.00807822573
0.06026462985	-0.00587170242	0.00811587820
0.06026307971	-0.00588759064	0.00815238577
0.06026157549	-0.00590296696	0.00818777781
0.06026011785	-0.00591782871	0.00822205352
0.06025870411	-0.00593220690	0.00825525825
0.06025733520	-0.00594609572	0.00828737755
0.06025680340	-0.00595148247	0.00829993448
0.06025640779	-0.00595548654	0.00831300303
0.06025615329	-0.00595806102	0.00832643001
0.06025604306	-0.00595917573	0.00834005798
0.06025607847	-0.00595881761	0.00835372717
0.06025625909	-0.00595699087	0.00836727732
0.06025658267	-0.00595371690	0.00838054957
0.06025704518	-0.00594903406	0.00839338832
0.06025764088	-0.00594299723	0.00840564304
0.06025836238	-0.00593567715	0.00841717006
0.06025920078	-0.00592715959	0.00842783423
0.06026014577	-0.00591754436	0.00843751052
0.06026118577	-0.00590694415	0.00844608549
0.06026230810	-0.00589548318	0.00845345861
0.06083815224	0.00531640222	-0.00428189995
0.06084111528	0.00528238501	-0.00435649613
0.06084282158	0.00526269536	-0.00438615508
0.06084433127	0.00524521230	-0.00440851286
0.06084577584	0.00522842832	-0.00442700687
0.06084717410	0.00521213044	-0.00444306441
0.06084855202	0.00519601935	-0.00445735956
0.06084994010	0.00517973842	-0.00447022466
0.06085131255	0.00516358996	-0.00448204547
0.06085270211	0.00514718812	-0.00449290180
0.06085411452	0.00513046254	-0.00450290729
0.06085552992	0.00511364621	-0.00451224473
0.06085696718	0.00509651312	-0.00452092511
0.06085843977	0.00507889834	-0.00452895210
0.06085993197	0.00506098618	-0.00453643319
0.06086144669	0.00504273802	-0.00454339763
0.06086299154	0.00502405822	-0.00454984622
0.06086456802	0.00500492360	-0.00455579527
0.06086617750	0.00498531208	-0.00456125707
0.06086782124	0.00496520260	-0.00456624013
0.06086950139	0.00494456268	-0.00457074549
0.06087121685	0.00492339917	-0.00457478559
0.06087296785	0.00490170231	-0.00457836583
0.06087476050	0.00487938875	-0.00458146261
0.06087659185	0.00485648686	-0.00458408941
0.06087846303	0.00483297416	-0.00458624148
0.06088037522	0.00480882654	-0.00458791269
0.06088232919	0.00478402475	-0.00458909658
0.06088432566	0.00475854907	-0.00458978651
0.06088636806	0.00473234456	-0.00458996064
0.06088846704	0.00470526105	-0.00458955571
0.06089059669	0.00467762058	-0.00458868973
0.06089277271	0.00464920764	-0.00458728489
0.06089501543	0.00461973978	-0.00458522161
0.06089728295	0.00458975269	-0.00458269970
0.06089961696	0.00455867903	-0.00457949822
0.06090198638	0.00452691448	-0.00457576153
0.06090441945	0.00449406177	-0.00457132681
0.06090688622	0.00446050572	-0.00456633831
0.06090942190	0.00442574561	-0.00456058718
0.06091199525	0.00439018612	-0.00455422250
0.06091461880	0.00435363258	-0.00454716219
0.06091729817	0.00431598000	-0.00453934952
0.06092003069	0.00427723748	-0.00453077131
0.06092280750	0.00423750241	-0.00452145654
0.06092563497	0.00419665380	-0.00451134330
0.06092851224	0.00415467162	-0.00450040709
0.06093143830	0.00411153578	-0.00448862273
0.06093441205	0.00406722616	-0.00447596438
0.06093743221	0.00402172298	-0.00446240474
0.06094049740	0.00397500649	-0.00444791590
0.06094361326	0.00392694567	-0.00443241421
0.06094676665	0.00387769706	-0.00441594639
0.06094995834	0.00382720244	-0.00439846760
0.06095319444	0.00377531291	-0.00437988254
0.06095646733	0.00372209490	-0.00436018921
0.06095977053	0.00366759822	-0.00433938734
0.06096311298	0.00361161393	-0.00431734276
0.06096647924	0.00355433670	-0.00429411557
0.06096987226	0.00349565117	-0.00426962037
0.06097329472	0.00343543745	-0.00424375377
0.06097673023	0.00337391027	-0.00421658478
0.06098018298	0.00331091894	-0.00418800272
0.06098364860	0.00324646017	-0.00415796131
0.06098712253	0.00318053220	-0.00412641341
0.06099060003	0.00311313481	-0.00409331136
0.06099407615	0.00304426915	-0.00405860732
0.06099754579	0.00297393803	-0.00402225314
0.06100100367	0.00290214606	-0.00398420034
0.06100444433	0.00282889952	-0.00394440054
0.06100786217	0.00275420646	-0.00390280558
0.06101125395	0.00267802016	-0.00385933229
0.06101461244	0.00260037856	-0.00381393959
0.06101792707	0.00252140360	-0.00376664770
0.06102120137	0.00244087765	-0.00371726597
0.06102441742	0.00235910555	-0.00366591819
0.06102758052	0.00227581114	-0.00361237728
0.06103067348	0.00219129980	-0.00355676898
0.06103369766	0.00210538604	-0.00349892468
0.06103664373	0.00201817300	-0.00343884126
0.06103950366	0.00192973896	-0.00337651343
0.06104227291	0.00184005919	-0.00331187057
0.06104494486	0.00174917309	-0.00324487908
0.06104751321	0.00165711526	-0.00317550341
0.06104997135	0.00156393687	-0.00310372170
0.06105231269	0.00146969899	-0.00302952406
0.06105453177	0.00137442728	-0.00295287801
0.06105662315	0.00127815061	-0.00287375262
0.06105858067	0.00118094300	-0.00279215167
0.06106039898	0.00108285590	-0.00270806848
0.06106207309	0.00098393595	-0.00262149679
0.06106359821	0.00088423600	-0.00253243766
0.06106496985	0.00078380962	-0.00244089511
0.06106618453	0.00068264709	-0.00234682061
0.06106723676	0.00058094264	-0.00225033229
0.06106812395	0.00047868308	-0.00215140510
0.06106884334	0.00037586355	-0.00205000371
0.06106939132	0.00027266003	-0.00194624503
0.06106976592	0.00016908727	-0.00184013552
0.06106996526	0.00006513597	-0.00173164788
0.06106998756	-0.00003898565	-0.00162094579
0.06106983172	-0.00014336643	-0.00150795568
0.06106949715	-0.00024782655	-0.00139282390
0.06106898338	-0.00035237599	-0.00127555308
0.06106829061	-0.00045692663	-0.00115622168
0.06106741952	-0.00056140299	-0.00103491262
0.06106637064	-0.00066579023	-0.00091165280
0.06106514616	-0.00076995116	-0.00078658761
0.06106374659	-0.00087392919	-0.00065970133
0.06106217585	-0.00097753794	-0.00053119373
0.06106043431	-0.00108086175	-0.00040102074
0.06105852727	-0.00118370095	-0.00026939971
0.06105645601	-0.00128611044	-0.00013632927
0.06105422529	-0.00138797485	-0.00000195399
0.06105183910	-0.00148924206	0.00013362077
0.06104930010	-0.00158992386	0.00027036099
0.06104661535	-0.00168986810	0.00040806752
0.06104378803	-0.00178909010	0.00054668628
0.06104082244	-0.00188756354	0.00068614230
0.06103772607	-0.00198516900	0.00082625650
0.06103450302	-0.00208190810	0.00096695508
0.06103115893	-0.00217773732	0.00110812862
0.06102769917	-0.00227262708	0.00124968475
0.06102413088	-0.00236650581	0.00139148242
0.06102045965	-0.00245935038	0.00153342093
0.06101669146	-0.00255112978	0.00167539481
0.06101283256	-0.00264181054	0.00181729503
0.06100888928	-0.00273136015	0.00195901433
0.06100486798	-0.00281974879	0.00210044633
0.06100077498	-0.00290694889	0.00224148609
0.06099661580	-0.00299295189	0.00238205330
0.06099239843	-0.00307769947	0.00252201408
0.06098812845	-0.00316118459	0.00266127868
0.06098381153	-0.00324339813	0.00279976156
0.06097945317	-0.00332433310	0.00293739208
0.06097506220	-0.00340392270	0.00307402069
0.06097064057	-0.00348222457	0.00320964085
0.06096619848	-0.00355914922	0.00334408552
0.06096173697	-0.00363476616	0.00347736335
0.06095726591	-0.00370899342	0.00360932349
0.06095278836	-0.00378186341	0.00373992602
0.06094830901	-0.00385337892	0.00386911934
0.06094383436	-0.00392351297	0.00399681743
0.06093936909	-0.00399226692	0.00412295926
0.06093491742	-0.00405964758	0.00424749478
0.06093048395	-0.00412565458	0.00437037058
0.06092607302	-0.00419028952	0.00449153692
0.06092168877	-0.00425355583	0.00461094774
0.06091733450	-0.00431546729	0.00472857492
0.06091301485	-0.00437601673	0.00484436871
0.06090873363	-0.00443520777	0.00495828519
0.06090449282	-0.00449306730	0.00507031243
0.06090029555	-0.00454960462	0.00518043128
0.06089614668	-0.00460480401	0.00528858310
0.06089204563	-0.00465872079	0.00539480093
0.06088799826	-0.00471132333	0.00549901889
0.06088400486	-0.00476265183	0.00560124793
0.06088006675	-0.00481273024	0.00570149797
0.06087618850	-0.00486154022	0.00579972303
0.06087236992	-0.00490912219	0.00589594105
0.06086861268	-0.00495549098	0.00599015144
0.06086491825	-0.00500066257	0.00608235607
0.06086128791	-0.00504465399	0.00617255914
0.06085772274	-0.00508748301	0.00626076720
0.06085422363	-0.00512916820	0.00634698897
0.06085079131	-0.00516972888	0.00643123520
0.06084742632	-0.00520918523	0.00651351846
0.06084412903	-0.00524755776	0.00659385327
0.06084089859	-0.00528488022	0.00667227933
0.06083773752	-0.00532114588	0.00674878354
0.06083464511	-0.00535638443	0.00682338801
0.06083161867	-0.00539064654	0.00689616032
0.06082866288	-0.00542389824	0.00696705419
0.06082577260	-0.00545621547	0.00703616045
0.06082295189	-0.00548756995	0.00710344303
0.06082019541	-0.00551803682	0.00716899956
0.06081750801	-0.00554757779	0.00723278457
0.06081488546	-0.00557625380	0.00729486815
0.06081232710	-0.00560408530	0.00735528911
0.06080983483	-0.00563106451	0.00741403942
0.06080740592	-0.00565723301	0.00747117006
0.06080503965	-0.00568260968	0.00752671159
0.06080273494	-0.00570721680	0.00758070136
0.06080049163	-0.00573106598	0.00763316218
0.06079830896	-0.00575417483	0.00768412035
0.06079618540	-0.00577656828	0.00773361308
0.06079411999	-0.00579826475	0.00778167170
0.06079211173	-0.00581928269	0.00782832741
0.06079015959	-0.00583964019	0.00787361145
0.06078826248	-0.00585935531	0.00791755483
0.06078641885	-0.00587845079	0.00796019824
0.06078462844	-0.00589693526	0.00800156249
0.06078289023	-0.00591482509	0.00804167455
0.06078120269	-0.00593214122	0.00808056852
0.06077956469	-0.00594890043	0.00811827420
0.06077797445	-0.00596512550	0.00815483342
0.06077643123	-0.00598082832	0.00819027557
0.06077493568	-0.00599600640	0.00822460020
0.06077348512	-0.00601069105	0.00825785247
0.06077208045	-0.00602487654	0.00829001836
0.06077153749	-0.00603035085	0.00830253729
0.06077113098	-0.00603444611	0.00831557763
0.06077086597	-0.00603711433	0.00832898647
0.06077074576	-0.00603832426	0.00834260661
0.06077077185	-0.00603806171	0.00835627837
0.06077094390	-0.00603632977	0.00836984146
0.06077125979	-0.00603314872	0.00838313687
0.06077171558	-0.00602855583	0.00839600871
0.06077230562	-0.00602260493	0.00840830609
0.06077302259	-0.00601536575	0.00841988481
0.06077385766	-0.00600692311	0.00843060913
0.06077480055	-0.00599737594	0.00844035333
0.06077583971	-0.00598683614	0.00844900315
0.06077696249	-0.00597542723	0.00845645719
0.06136617403	0.00536215305	-0.00427884575
0.06136912477	0.00532827603	-0.00435351363
0.06137082833	0.00530861842	-0.00438320828
0.06137233706	0.00529114770	-0.00440559552
0.06137378152	0.00527436649	-0.00442411714
0.06137518037	0.00525806373	-0.00444020046
0.06137655940	0.00524194201	-0.00445452043
0.06137794895	0.00522564668	-0.00446741067
0.06137932333	0.00520947857	-0.00447925538
0.06138071515	0.00519305380	-0.00449013593
0.06138213009	0.00517630230	-0.00450016617
0.06138354841	0.00515945583	-0.00450952772
0.06138498888	0.00514228942	-0.00451823249
0.06138646493	0.00512463885	-0.00452628484
0.06138796090	0.00510668741	-0.00453379132
0.06138947973	0.00508839650	-0.00454078129
0.06139102896	0.00506967086	-0.00454725591
0.06139261013	0.00505048725	-0.00455323154
0.06139422460	0.00503082354	-0.00455872051
0.06139587364	0.00501065860	-0.00456373134
0.06139755939	0.00498995995	-0.00456826519
0.06139928078	0.00496873423	-0.00457233437
0.06140103804	0.00494697152	-0.00457594428
0.06140283728	0.00492458869	-0.00457907163
0.06140467557	0.00490161377	-0.00458172972
0.06140655405	0.00487802419	-0.00458391382
0.06140847390	0.00485379573	-0.00458561785
0.06141043590	0.00482890903	-0.00458683539
0.06141244079	0.00480334422	-0.00458755979
0.06141449200	0.00477704639	-0.00458776942
0.06141660015	0.00474986587	-0.00458740173
0.06141873945	0.00472212288	-0.00458657299
0.06142092554	0.00469360270	-0.00458520641
0.06142317869	0.00466402398	-0.00458318379
0.06142545718	0.00463391957	-0.00458070208
0.06142780255	0.00460272458	-0.00457754321
0.06143018387	0.00457083250	-0.00457384938
0.06143262927	0.00453784766	-0.00456945978
0.06143510892	0.00450415279	-0.00456451651
0.06143765793	0.00446924920	-0.00455881334
0.06144024519	0.00443353938	-0.00455249706
0.06144288317	0.00439682924	-0.00454548653
0.06144557752	0.00435901399	-0.00453772552
0.06144832558	0.00432010232	-0.00452920072
0.06145111851	0.00428019085	-0.00451994045
0.06145396271	0.00423915883	-0.00450988337
0.06145685730	0.00419698595	-0.00449900502
0.06145980130	0.00415365188	-0.00448728020
0.06146279362	0.00410913620	-0.00447468310
0.06146583300	0.00406341890	-0.00446118643
0.06146891807	0.00401647993	-0.00444676230
0.06147205447	0.00396818846	-0.00443132775
0.06147522908	0.00391869998	-0.00441492843
0.06147844269	0.00386795615	-0.00439751975
0.06148170140	0.00381580832	-0.00437900724
0.06148499761	0.00376232225	-0.00435938838
0.06148832486	0.00370754713	-0.00433866246
0.06149169208	0.00365127453	-0.00431669659
0.06149508383	0.00359369788	-0.00429354949
0.06149850309	0.00353470193	-0.00426913641
0.06150195253	0.00347416683	-0.00424335468
0.06150541576	0.00341230608	-0.00421627180
0.06150889696	0.00334896918	-0.00418777799
0.06151239178	0.00328415243	-0.00415782693
0.06151589565	0.00321785371	-0.00412637142
0.06151940380	0.00315007237	-0.00409336374
0.06152291130	0.00308080916	-0.00405875597
0.06152641302	0.00301006650	-0.00402249990
0.06152990367	0.00293784858	-0.00398454696
0.06153337777	0.00286416128	-0.00394484868
0.06153682971	0.00278901226	-0.00390335680
0.06154025620	0.00271235458	-0.00385998849
0.06154365000	0.00263422568	-0.00381470238
0.06154700049	0.00255474674	-0.00376751773
0.06155031117	0.00247370052	-0.00371824558
0.06155356408	0.00239139053	-0.00366700738
0.06155676448	0.00230754120	-0.00361357824
0.06155989512	0.00222245661	-0.00355808151
0.06156295729	0.00213595160	-0.00350035013
0.06156594163	0.00204812873	-0.00344038019
0.06156884002	0.00195906578	-0.00337816587
0.06157164785	0.00186873790	-0.00331363680
0.06157435843	0.00177718416	-0.00324675917
0.06157696538	0.00168443890	-0.00317749728
0.06157946201	0.00159055298	-0.00310582895
0.06158184163	0.00149558721	-0.00303174393
0.06158409869	0.00139956706	-0.00295520965
0.06158622767	0.00130252130	-0.00287619513
0.06158822227	0.00120452369	-0.00279470369
0.06159007706	0.00110562559	-0.00271072839
0.06159178694	0.00100587356	-0.00262426277
0.06159334700	0.00090532039	-0.00253530766
0.06159475264	0.00080401967	-0.00244386684
0.06159600027	0.00070196179	-0.00234989220
0.06159708427	0.00059934078	-0.00225350032
0.06159800193	0.00049614372	-0.00215466653
0.06159875038	0.00039236598	-0.00205335598
0.06159932589	0.00028818352	-0.00194968418
0.06159972635	0.00018361143	-0.00184365781
0.06159994980	0.00007864076	-0.00173525008
0.06159999429	-0.00002652018	-0.00162462298
0.06159985866	-0.00013195962	-0.00151170429
0.06159954216	-0.00023749753	-0.00139663894
0.06159904425	-0.00034314333	-0.00127943015
0.06159836500	-0.00044880845	-0.00116015595
0.06159750500	-0.00055441687	-0.00103889893
0.06159646469	-0.00065995317	-0.00091568637
0.06159524614	-0.00076527958	-0.00079066270
0.06159384983	-0.00087043879	-0.00066381324
0.06159227955	-0.00097524378	-0.00053533624
0.06159053563	-0.00107977812	-0.00040518917
0.06158862330	-0.00118384143	-0.00027358771
0.06158654378	-0.00128748774	-0.00014053168
0.06158430181	-0.00139060091	-0.00000616497
0.06158190131	-0.00149312791	0.00012940710
0.06157934492	-0.00159507968	0.00026614971
0.06157663969	-0.00169630317	0.00040386490
0.06157378877	-0.00179681272	0.00054249781
0.06157079649	-0.00189658113	0.00068197313
0.06156767031	-0.00199548797	0.00082211258
0.06156441436	-0.00209353390	0.00096284177
0.06156103431	-0.00219067439	0.00110405118
0.06155753556	-0.00228687893	0.00124564818
0.06155392529	-0.00238207491	0.00138749198
0.06155020913	-0.00247623821	0.00152948160
0.06154639314	-0.00256933683	0.00167151137
0.06154248361	-0.00266133630	0.00181347211
0.06153848696	-0.00275220313	0.00195525642
0.06153440962	-0.00284190655	0.00209675774
0.06153025801	-0.00293041799	0.00223787094
0.06152603772	-0.00301772803	0.00237851531
0.06152175685	-0.00310377735	0.00251855722
0.06151742109	-0.00318855803	0.00265790654
0.06151303620	-0.00327206004	0.00279647742
0.06150860781	-0.00335427562	0.00293419883
0.06150414485	-0.00343513701	0.00307092171
0.06149964939	-0.00351470119	0.00320663835
0.06149513175	-0.00359287775	0.00334118253
0.06149059311	-0.00366973562	0.00347456163
0.06148604343	-0.00374519198	0.00360662557
0.06148148592	-0.00381927861	0.00373733373
0.06147692538	-0.00389199769	0.00386663416
0.06147236844	-0.00396332161	0.00399444096
0.06146781991	-0.00403325116	0.00412069287
0.06146328414	-0.00410179259	0.00424533956
0.06145876583	-0.00416894506	0.00436832745
0.06145426945	-0.00423470969	0.00448960664
0.06144979927	-0.00429908947	0.00460913089
0.06144535867	-0.00436209783	0.00472687181
0.06144095244	-0.00442372724	0.00484277962
0.06143658450	-0.00448398092	0.00495681036
0.06143225692	-0.00454288556	0.00506895170
0.06142797293	-0.00460045020	0.00517918433
0.06142373750	-0.00465665881	0.00528744987
0.06141955014	-0.00471156668	0.00539378061
0.06141541682	-0.00476514188	0.00549811119
0.06141133788	-0.00481742454	0.00560045208
0.06140731476	-0.00486843858	0.00570081293
0.06140335209	-0.00491816550	0.00579914816
0.06139944976	-0.00496664571	0.00589547527
0.06139560950	-0.00501389405	0.00598979363
0.06139183288	-0.00505992649	0.00608210503
0.06138812120	-0.00510476013	0.00617241361
0.06138447561	-0.00514841279	0.00626072585
0.06138089707	-0.00519090312	0.00634705043
0.06137738634	-0.00523225053	0.00643139804
0.06137394401	-0.00527247533	0.00651378119
0.06137057051	-0.00531159816	0.00659421438
0.06136726499	-0.00534965301	0.00667273701
0.06136403004	-0.00538663322	0.00674933635
0.06136086496	-0.00542256868	0.00682403440
0.06135776707	-0.00545751040	0.00689689823
0.06135474112	-0.00549142440	0.00696788235
0.06135178194	-0.00552438708	0.00703707675
0.06134889364	-0.00555637017	0.00710444611
0.06134607086	-0.00558744929	0.00717008721
0.06134331851	-0.00561758621	0.00723395544
0.06134063232	-0.00564684220	0.00729612034
0.06133801165	-0.00567523807	0.00735662066
0.06133545841	-0.00570276617	0.00741544882
0.06133296986	-0.00572946842	0.00747265550
0.06133054529	-0.00575536399	0.00752827130
0.06132818360	-0.00578047548	0.00758233349
0.06132588463	-0.00580481475	0.00763486504
0.06132364762	-0.00582839969	0.00768589230
0.06132147102	-0.00585125555	0.00773545239
0.06131935388	-0.00587340102	0.00778357669
0.06131729516	-0.00589485487	0.00783029642
0.06131529383	-0.00591563546	0.00787564283
0.06131334879	-0.00593576114	0.00791964696
0.06131145846	-0.00595525499	0.00796234943
0.06130962257	-0.00597412591	0.00800377120
0.06130784008	-0.00599239052	0.00804393931
0.06130610947	-0.00601007005	0.00808288781
0.06130442955	-0.00602718159	0.00812064654
0.06130279853	-0.00604374821	0.00815725721
0.06130121566	-0.00605978210	0.00819274931
0.06129968158	-0.00607528093	0.00822712272
0.06129819356	-0.00609027633	0.00826042238
0.06129675255	-0.00610476266	0.00829263470
0.06129619834	-0.00611032475	0.00830511482
0.06129578084	-0.00611451151	0.00831812612
0.06129550522	-0.00611727389	0.00833151607
0.06129537490	-0.00611857951	0.00834512767
0.06129539152	-0.00611841309	0.00835880134
0.06129555485	-0.00611677656	0.00837237677
0.06129586287	-0.00611368911	0.00838569481
0.06129631176	-0.00610918691	0.00839859931
0.06129689594	-0.00610332272	0.00841093897
0.06129760819	-0.00609616524	0.00842256912
0.06129843971	-0.00608779836	0.00843335342
0.06129938030	-0.00607832011	0.00844316543
0.06130041842	-0.00606784158	0.00845189010
0.06130154144	-0.00605648556	0.00845942516
0.06188424858	0.00540686398	-0.00427593318
0.06188718747	0.00537312083	-0.00435066947
0.06188888843	0.00535349314	-0.00438039815
0.06189039625	0.00533603337	-0.00440281347
0.06189184064	0.00531925389	-0.00442136138
0.06189324009	0.00530294546	-0.00443746927
0.06189462023	0.00528681252	-0.00445181288
0.06189601122	0.00527050232	-0.00446472707
0.06189738752	0.00525431425	-0.00447659454
0.06189878154	0.00523786633	-0.00448749816
0.06190019896	0.00522108880	-0.00449755198
0.06190162014	0.00520421216	-0.00450693649
0.06190306375	0.00518701250	-0.00451566449
0.06190454317	0.00516932630	-0.00452374098
0.06190604284	0.00515133578	-0.00453127165
0.06190756566	0.00513300245	-0.00453828594
0.06190911918	0.00511423135	-0.00454478536
0.06191070492	0.00509499921	-0.00455078631
0.06191232425	0.00507528385	-0.00455630115
0.06191397845	0.00505506409	-0.00456133845
0.06191566966	0.00503430741	-0.00456589942
0.06191739681	0.00501302024	-0.00456999631
0.06191916018	0.00499119255	-0.00457363448
0.06192096583	0.00496874140	-0.00457679097
0.06192281087	0.00494569449	-0.00457947887
0.06192469644	0.00492202913	-0.00458169350
0.06192662375	0.00489772105	-0.00458342881
0.06192859356	0.00487275073	-0.00458467841
0.06193060664	0.00484709818	-0.00458543566
0.06193266642	0.00482070853	-0.00458567913
0.06193478348	0.00479343258	-0.00458534694
0.06193693215	0.00476558876	-0.00458455371
0.06193912802	0.00473696316	-0.00458322359
0.06194139131	0.00470727548	-0.00458123974
0.06194368046	0.00467705578	-0.00457879637
0.06194603688	0.00464574158	-0.00457567814
0.06194842975	0.00461372423	-0.00457202518
0.06195088712	0.00458060965	-0.00456767863
0.06195337929	0.00454677847	-0.00456277850
0.06195594125	0.00451173404	-0.00455712108
0.06195854201	0.00447587667	-0.00455085098
0.06196119402	0.00443901288	-0.00454388795
0.06196390291	0.00440103801	-0.00453617625
0.06196666605	0.00436196042	-0.00452770242
0.06196947465	0.00432187595	-0.00451849417
0.06197233508	0.00428066405	-0.00450849072
0.06197524649	0.00423830419	-0.00449766759
0.06197820791	0.00419477576	-0.00448599963
0.06198121827	0.00415005811	-0.00447346103
0.06198427631	0.00410413094	-0.00446002450
0.06198738067	0.00405697394	-0.00444566217
0.06199053699	0.00400845647	-0.00443029175
0.06199373221	0.00395873298	-0.00441395789
0.06199696709	0.00390774502	-0.00439661620
0.06200024775	0.00385534419	-0.00437817301
0.06200356660	0.00380159557	-0.00435862532
0.06200691719	0.00374654779	-0.00433797202
0.06201030844	0.00368999289	-0.00431608138
0.06201372495	0.00363212308	-0.00429301085
0.06201716967	0.00357282323	-0.00426867630
0.06202064529	0.00351197357	-0.00424297574
0.06202413542	0.00344978633	-0.00421597522
0.06202764425	0.00338611123	-0.00418756583
0.06203116740	0.00332094421	-0.00415770121
0.06203470032	0.00325428272	-0.00412633410
0.06203823823	0.00318612574	-0.00409341672
0.06204177618	0.00311647364	-0.00405890110
0.06204530905	0.00304532843	-0.00402273894
0.06204883150	0.00297269391	-0.00398488159
0.06205233807	0.00289857557	-0.00394528052
0.06205582310	0.00282298068	-0.00390388734
0.06205928328	0.00274586209	-0.00386061957
0.06206271136	0.00266725675	-0.00381543555
0.06206609667	0.00258728512	-0.00376835362
0.06206944269	0.00250573034	-0.00371918648
0.06207273139	0.00242289458	-0.00366805327
0.06207596801	0.00233850289	-0.00361473125
0.06207913523	0.00225285808	-0.00355934146
0.06208223431	0.00216577531	-0.00350171831
0.06208525582	0.00207735655	-0.00344185719
0.06208819156	0.00198767912	-0.00337975170
0.06209103688	0.00189671805	-0.00331533176
0.06209378500	0.00180451209	-0.00324856335
0.06209642947	0.00171109531	-0.00317941059
0.06209896351	0.00161651829	-0.00310785105
0.06210138035	0.00152084155	-0.00303387408
0.06210367434	0.00142409043	-0.00295744708
0.06210583987	0.00132629356	-0.00287853897
0.06210787055	0.00122752447	-0.00279715266
0.06210976082	0.00112783442	-0.00271328095
0.06211150551	0.00102726990	-0.00262691720
0.06211309958	0.00092588365	-0.00253806200
0.06211453832	0.00082372924	-0.00244671890
0.06211581804	0.00072079721	-0.00235284022
0.06211693299	0.00061728137	-0.00225654100
0.06211788034	0.00051316907	-0.00215779701
0.06211865713	0.00040845591	-0.00205657379
0.06211925948	0.00030331783	-0.00195298554
0.06211968518	0.00019777023	-0.00184703913
0.06211993216	0.00009180452	-0.00173870831
0.06211999834	-0.00001437089	-0.00162815337
0.06211988246	-0.00012084367	-0.00151530344
0.06211958366	-0.00022743356	-0.00140030209
0.06211910128	-0.00033414944	-0.00128315307
0.06211843531	-0.00044090231	-0.00116393400
0.06211758621	-0.00054761564	-0.00104272717
0.06211655437	-0.00065427340	-0.00091956025
0.06211534173	-0.00076073728	-0.00079457669
0.06211394872	-0.00086704927	-0.00066776285
0.06211237903	-0.00097302174	-0.00053931550
0.06211063295	-0.00107873747	-0.00040919359
0.06210871561	-0.00118399542	-0.00027761120
0.06210662822	-0.00128884877	-0.00014456929
0.06210437543	-0.00139318062	-0.00001021110
0.06210196116	-0.00149693708	0.00012535810
0.06209938800	-0.00160012822	0.00026210271
0.06209666298	-0.00170260013	0.00039982590
0.06209378924	-0.00180436621	0.00053847211
0.06209077111	-0.00190539838	0.00067796564
0.06208761606	-0.00200557526	0.00081812903
0.06208432822	-0.00210489651	0.00095888732
0.06208091330	-0.00220331669	0.00110013087
0.06207737671	-0.00230080431	0.00124176681
0.06207372569	-0.00239728581	0.00138365460
0.06206996590	-0.00249273607	0.00152569300
0.06206610346	-0.00258712213	0.00166777614
0.06206214474	-0.00268040854	0.00180979471
0.06205809622	-0.00277256088	0.00195164114
0.06205396439	-0.00286354741	0.00209320873
0.06204975577	-0.00295333863	0.00223439218
0.06204547604	-0.00304192423	0.00237511036
0.06204113339	-0.00312924398	0.00251522989
0.06203673361	-0.00321528903	0.00265466030
0.06203228256	-0.00330004852	0.00279331542
0.06202778598	-0.00338351390	0.00293112384
0.06202325292	-0.00346561650	0.00306793699
0.06201868555	-0.00354641264	0.00320374601
0.06201409432	-0.00362581102	0.00333838552
0.06200948051	-0.00370387998	0.00347186163
0.06200485423	-0.00378053592	0.00360402500
0.06200021879	-0.00385580995	0.00373483437
0.06199557911	-0.00392970371	0.00386423743
0.06199094195	-0.00400218892	0.00399214841
0.06198631224	-0.00407326584	0.00411850582
0.06198169445	-0.00414294018	0.00424325906
0.06197709339	-0.00421121062	0.00436635439
0.06197251367	-0.00427807782	0.00448774175
0.06196795964	-0.00434354436	0.00460737475
0.06196343484	-0.00440762332	0.00472522468
0.06195894413	-0.00447030678	0.00484124182
0.06195449155	-0.00453159764	0.00495538211
0.06195007928	-0.00459152231	0.00506763286
0.06194571064	-0.00465008965	0.00517797459
0.06194139072	-0.00470728330	0.00528634918
0.06193711909	-0.00476315850	0.00539278820
0.06193290184	-0.00481768307	0.00549722677
0.06192873939	-0.00487089703	0.00559967494
0.06192463323	-0.00492282428	0.00570014207
0.06192058812	-0.00497344618	0.00579858295
0.06191660398	-0.00502280312	0.00589501471
0.06191268265	-0.00507090994	0.00598943663
0.06190882571	-0.00511778264	0.00608185045
0.06190503457	-0.00516343834	0.00617226023
0.06190131041	-0.00520789491	0.00626067241
0.06189765425	-0.00525117111	0.00634709561
0.06189406691	-0.00529328642	0.00643154047
0.06189054901	-0.00533426129	0.00651401946
0.06188710102	-0.00537411647	0.00659454702
0.06188372212	-0.00541288619	0.00667316230
0.06188041494	-0.00545056387	0.00674985291
0.06187717883	-0.00548717956	0.00682464075
0.06187401110	-0.00552278463	0.00689759238
0.06187091655	-0.00555734511	0.00696866309
0.06186789001	-0.00559093778	0.00703794207
0.06186493563	-0.00562353446	0.00710539470
0.06186204803	-0.00565521121	0.00717111693
0.06185923215	-0.00568592981	0.00723506502
0.06185648373	-0.00571575194	0.00729730794
0.06185380212	-0.00574469869	0.00735788442
0.06185118926	-0.00577276256	0.00741678728
0.06184864238	-0.00579998581	0.00747406694
0.06184616079	-0.00582638788	0.00752975400
0.06184374336	-0.00585199168	0.00758388570
0.06184138996	-0.00587680933	0.00763648513
0.06183909979	-0.00590085899	0.00768757868
0.06183687132	-0.00592416620	0.00773720342
0.06183470357	-0.00594674995	0.00778539075
0.06183259549	-0.00596862929	0.00783217191
0.06183054603	-0.00598982286	0.00787757817
0.06182855409	-0.00601034931	0.00792164061
0.06182661807	-0.00603023202	0.00796439976
0.06182473769	-0.00604948015	0.00800587675
0.06182291188	-0.00606811059	0.00804609864
0.06182113911	-0.00608614485	0.00808509948
0.06181941817	-0.00610360029	0.00812290912
0.06181774726	-0.00612050031	0.00815956919
0.06181612558	-0.00613685736	0.00819510923
0.06181455379	-0.00615266929	0.00822952944
0.06181302913	-0.00616796802	0.00826287459
0.06181155254	-0.00618274802	0.00829513149
0.06181098745	-0.00618839484	0.00830757343
0.06181055928	-0.00619266999	0.00832055601
0.06181027334	-0.00619552339	0.00833392703
0.06181013317	-0.00619692160	0.00834752972
0.06181014053	-0.00619684824	0.00836120460
0.06181029531	-0.00619530417	0.00837479134
0.06181059560	-0.00619230748	0.00838813066
0.06181103766	-0.00618789328	0.00840106616
0.06181161602	-0.00618211330	0.00841344619
0.06181232352	-0.00617503526	0.00842512559
0.06181315145	-0.00616674210	0.00843596745
0.06181408961	-0.00615733102	0.00844584465
0.06181512654	-0.00614691229	0.00845464138
0.06181624960	-0.00613560802	0.00846225453
0.06240233815	0.00545140285	-0.00427310090
0.06240526541	0.00541779008	-0.00434790374
0.06240696384	0.00539819084	-0.00437766551
0.06240847080	0.00538074091	-0.00440010812
0.06240991515	0.00536396221	-0.00441868158
0.06241131523	0.00534764728	-0.00443481335
0.06241269649	0.00533150235	-0.00444917992
0.06241408894	0.00531517659	-0.00446211737
0.06241546715	0.00529896790	-0.00447400696
0.06241686338	0.00528249621	-0.00448493299
0.06241828328	0.00526569205	-0.00449500971
0.06241970730	0.00524878470	-0.00450441652
0.06242115404	0.00523155125	-0.00451316708
0.06242263683	0.00521382890	-0.00452126704
0.06242414016	0.00519579883	-0.00452882121
0.06242566696	0.00517742259	-0.00453585911
0.06242722474	0.00515860558	-0.00454238262
0.06242881501	0.00513932447	-0.00454840817
0.06243043918	0.00511955704	-0.00455394814
0.06243209850	0.00509928204	-0.00455901115
0.06243379512	0.00507846694	-0.00456359848
0.06243552801	0.00505711795	-0.00456772230
0.06243729743	0.00503522491	-0.00457138792
0.06243910944	0.00501270509	-0.00457457272
0.06244096118	0.00498958584	-0.00457728960
0.06244285379	0.00496584441	-0.00457953389
0.06244478848	0.00494145639	-0.00458129961
0.06244676605	0.00491640216	-0.00458258036
0.06244878725	0.00489066160	-0.00458336955
0.06245085551	0.00486417987	-0.00458364592
0.06245298140	0.00483680824	-0.00458334824
0.06245513936	0.00480886337	-0.00458258952
0.06245734494	0.00478013214	-0.00458129486
0.06245961827	0.00475033530	-0.00457934872
0.06246191799	0.00472000014	-0.00457694262
0.06246428534	0.00468856657	-0.00457386392
0.06246668966	0.00465642383	-0.00457025071
0.06246915889	0.00462317938	-0.00456594603
0.06247166346	0.00458921181	-0.00456108787
0.06247423823	0.00455402647	-0.00455547498
0.06247685237	0.00451802149	-0.00454924980
0.06247951827	0.00448100401	-0.00454233300
0.06248224156	0.00444286954	-0.00453466928
0.06248501963	0.00440362604	-0.00452624506
0.06248784373	0.00436336861	-0.00451708745
0.06249072023	0.00432197692	-0.00450713619
0.06249364830	0.00427943018	-0.00449636684
0.06249662696	0.00423570755	-0.00448475423
0.06249965516	0.00419078809	-0.00447227259
0.06250273167	0.00414465126	-0.00445889464
0.06250585513	0.00409727646	-0.00444459251
0.06250903117	0.00404853327	-0.00442928457
0.06251224678	0.00399857509	-0.00441301447
0.06251550272	0.00394734335	-0.00439573805
0.06251880509	0.00389468991	-0.00437736242
0.06252214634	0.00384067920	-0.00435788409
0.06252552003	0.00378535925	-0.00433730156
0.06252893506	0.00372852257	-0.00431548427
0.06253237606	0.00367036021	-0.00429248840
0.06253584599	0.00361075711	-0.00426823041
0.06253934750	0.00354959359	-0.00424260901
0.06254286425	0.00348708062	-0.00421568882
0.06254640041	0.00342306815	-0.00418736177
0.06254995161	0.00335755172	-0.00415758146
0.06255351327	0.00329052843	-0.00412630060
0.06255708062	0.00322199685	-0.00409347134
0.06256064871	0.00315195695	-0.00405904564
0.06256421239	0.00308041037	-0.00402297514
0.06256776632	0.00300736051	-0.00398521112
0.06257130501	0.00293281247	-0.00394570494
0.06257482279	0.00285677312	-0.00390440814
0.06257831633	0.00277919515	-0.00386123854
0.06258177833	0.00270011499	-0.00381615423
0.06258519810	0.00261965236	-0.00376917264
0.06258857909	0.00253759083	-0.00372010808
0.06259190322	0.00245423122	-0.00366907744
0.06259517570	0.00236929920	-0.00361586010
0.06259837914	0.00228309628	-0.00356057482
0.06260151477	0.00219543800	-0.00350305746
0.06260457308	0.00210642570	-0.00344330271
0.06260754583	0.00201613627	-0.00338130361
0.06261042827	0.00192454459	-0.00331699037
0.06261321358	0.00183168912	-0.00325032876
0.06261589521	0.00173760367	-0.00318128276
0.06261846632	0.00164233851	-0.00310982963
0.06262092004	0.00154595391	-0.00303595837
0.06262325063	0.00144847506	-0.00295963632
0.06262545240	0.00134993043	-0.00288083236
0.06262751884	0.00125039337	-0.00279954894
0.06262944432	0.00114991500	-0.00271577864
0.06263122352	0.00104854174	-0.00262951462
0.06263285134	0.00094632630	-0.00254075725
0.06263432292	0.00084332224	-0.00244950987
0.06263563450	0.00073952023	-0.00235572518
0.06263678017	0.00063511386	-0.00225951675
0.06263775701	0.00053009076	-0.00216086074
0.06263856196	0.00042444675	-0.00205972313
0.06263919099	0.00031835774	-0.00195621678
0.06263964179	0.00021183946	-0.00185034878
0.06263991219	0.00010488367	-0.00174209339
0.06263999996	-0.00000230113	-0.00163160927
0.06263990376	-0.00010980205	-0.00151882682
0.06263962261	-0.00021743861	-0.00140388829
0.06263915575	-0.00032521914	-0.00128679797
0.06263850305	-0.00043305421	-0.00116763309
0.06263766489	-0.00054086679	-0.00104647561
0.06263664156	-0.00064864025	-0.00092335358
0.06263543492	-0.00075623575	-0.00079840953
0.06263404531	-0.00086369456	-0.00067163080
0.06263247634	-0.00097082847	-0.00054321272
0.06263072825	-0.00107771948	-0.00041311571
0.06262880608	-0.00118416587	-0.00028155223
0.06262671101	-0.00129021998	-0.00014852442
0.06262444764	-0.00139576415	-0.00001417483
0.06262201984	-0.00150074364	0.00012139128
0.06261943018	-0.00160516769	0.00025813756
0.06261668567	-0.00170888150	0.00039586832
0.06261378943	-0.00181189754	0.00053452726
0.06261074579	-0.00191418685	0.00067403835
0.06260756222	-0.00201562711	0.00081422490
0.06260424287	-0.00211621702	0.00095501137
0.06260079346	-0.00221591018	0.00109628807
0.06259721945	-0.00231467417	0.00123796185
0.06259352810	-0.00241243446	0.00137989243
0.06258972513	-0.00250916494	0.00152197830
0.06258581670	-0.00260483170	0.00166411342
0.06258180925	-0.00269939833	0.00180618832
0.06257770932	-0.00279282945	0.00194809531
0.06257352349	-0.00288509238	0.00208972751
0.06256925836	-0.00297615670	0.00223097947
0.06256491969	-0.00306601121	0.00237176965
0.06256051576	-0.00315459474	0.00251196491
0.06255605247	-0.00324189758	0.00265147446
0.06255153578	-0.00332790799	0.00279021181
0.06254697153	-0.00341261667	0.00292810517
0.06254236888	-0.00349595402	0.00306500646
0.06253773013	-0.00357797571	0.00320090570
0.06253306583	-0.00365858957	0.00333563831
0.06252837738	-0.00373786334	0.00346920917
0.06252367501	-0.00381571262	0.00360146968
0.06251896216	-0.00389216791	0.00373237791
0.06251424385	-0.00396723024	0.00386188126
0.06250952698	-0.00404087075	0.00398989402
0.06250481660	-0.00411308910	0.00411635453
0.06250011728	-0.00418389050	0.00424121189
0.06249543397	-0.00425327314	0.00436441223
0.06249077139	-0.00432123723	0.00448590532
0.06248613401	-0.00438778492	0.00460564461
0.06248152546	-0.00445292896	0.00472360111
0.06247695073	-0.00451666105	0.00483972512
0.06247241398	-0.00457898374	0.00495397251
0.06246791747	-0.00463992321	0.00506633022
0.06246346461	-0.00469948809	0.00517677861
0.06245906063	-0.00475766173	0.00528525983
0.06245470516	-0.00481449929	0.00539180472
0.06245040439	-0.00486996835	0.00549634889
0.06244615883	-0.00492410884	0.00559890195
0.06244197004	-0.00497694463	0.00569947301
0.06243784286	-0.00502845692	0.00579801722
0.06243377730	-0.00507868611	0.00589455132
0.06242977524	-0.00512764703	0.00598907451
0.06242583835	-0.00517535568	0.00608158850
0.06242196808	-0.00522182923	0.00617209726
0.06241816570	-0.00526708563	0.00626060720
0.06241443225	-0.00531114367	0.00634712686
0.06241076861	-0.00535402298	0.00643166684
0.06240717543	-0.00539574408	0.00651423957
0.06240365325	-0.00543632789	0.00659485944
0.06240020126	-0.00547580883	0.00667356535
0.06239682215	-0.00551418043	0.00675034525
0.06239351528	-0.00555147289	0.00682522092
0.06239027797	-0.00558773793	0.00689825843
0.06238711508	-0.00562294160	0.00696941385
0.06238402142	-0.00565716107	0.00703877557
0.06238100119	-0.00569036822	0.00710630966
0.06237804900	-0.00572263954	0.00717211126
0.06237516982	-0.00575393689	0.00723613748
0.06237235939	-0.00578432227	0.00729845675
0.06236961705	-0.00581381709	0.00735910773
0.06236694476	-0.00584241403	0.00741808368
0.06236433975	-0.00587015563	0.00747543474
0.06236180132	-0.00589706163	0.00753119152
0.06235932835	-0.00592315525	0.00758539123
0.06235692068	-0.00594844886	0.00763805706
0.06235457753	-0.00597296088	0.00768921548
0.06235229734	-0.00599671716	0.00773890348
0.06235007912	-0.00601973697	0.00778715249
0.06234792183	-0.00604203963	0.00783399375
0.06234582440	-0.00606364410	0.00787945858
0.06234378571	-0.00608456928	0.00792357806
0.06234180413	-0.00610483889	0.00796639269
0.06233987938	-0.00612446232	0.00800792369
0.06233801039	-0.00614345674	0.00804819822
0.06233619558	-0.00616184394	0.00808725027
0.06233443375	-0.00617964154	0.00812510973
0.06233272304	-0.00619687327	0.00816181813
0.06233106267	-0.00621355185	0.00819740508
0.06232945328	-0.00622967529	0.00823187111
0.06232789207	-0.00624527583	0.00826526077
0.06232637999	-0.00626034802	0.00829756130
0.06232580416	-0.00626607819	0.00830996499
0.06232536544	-0.00627044039	0.00832291864
0.06232506927	-0.00627338349	0.00833627037
0.06232491932	-0.00627487301	0.00834986364
0.06232491746	-0.00627489149	0.00836353909
0.06232506371	-0.00627343873	0.00837713638
0.06232535625	-0.00627053175	0.00839049610
0.06232579145	-0.00626620459	0.00840346161
0.06232636392	-0.00626050798	0.00841588091
0.06232706659	-0.00625350865	0.00842760840
0.06232789079	-0.00624528864	0.00843850657
0.06232882639	-0.00623594425	0.00844844766
0.06232986196	-0.00622558501	0.00845731512
0.06233098486	-0.00621433230	0.00846500499
0.06292044244	0.00549577326	-0.00427034595
0.06292335826	0.00546228750	-0.00434521357
0.06292505423	0.00544271534	-0.00437500753
0.06292656037	0.00542527417	-0.00439747667
0.06292800472	0.00540849533	-0.00441607499
0.06292940544	0.00539217309	-0.00443222995
0.06293078784	0.00537601545	-0.00444661884
0.06293218176	0.00535967344	-0.00445957891
0.06293356189	0.00534344350	-0.00447148998
0.06293496032	0.00532694745	-0.00448243780
0.06293638270	0.00531011609	-0.00449253678
0.06293780956	0.00529317748	-0.00450196526
0.06293925942	0.00527590973	-0.00451073775
0.06294074555	0.00525815072	-0.00451886050
0.06294225254	0.00524008062	-0.00452643750
0.06294378330	0.00522166103	-0.00453349837
0.06294534531	0.00520279766	-0.00454004529
0.06294694010	0.00518346715	-0.00454609473
0.06294856906	0.00516364724	-0.00455165914
0.06295023347	0.00514331661	-0.00455674713
0.06295193548	0.00512244270	-0.00456136008
0.06295367406	0.00510103153	-0.00456551007
0.06295544948	0.00507907279	-0.00456920239
0.06295726781	0.00505648395	-0.00457241471
0.06295912619	0.00503329205	-0.00457515975
0.06296102579	0.00500947422	-0.00457743288
0.06296296781	0.00498500597	-0.00457922816
0.06296495306	0.00495986754	-0.00458053921
0.06296698232	0.00493403871	-0.00458135945
0.06296905900	0.00490746465	-0.00458166780
0.06297119364	0.00487999709	-0.00458140369
0.06297336081	0.00485195096	-0.00458067854
0.06297557600	0.00482311389	-0.00457941836
0.06297785928	0.00479320769	-0.00457750891
0.06298016947	0.00476275690	-0.00457513906
0.06298254767	0.00473120381	-0.00457209882
0.06298496332	0.00469893554	-0.00456852428
0.06298744430	0.00466556111	-0.00456426035
0.06298996115	0.00463145704	-0.00455944303
0.06299254863	0.00459613071	-0.00455387347
0.06299517600	0.00455997808	-0.00454769202
0.06299785566	0.00452280689	-0.00454082021
0.06300059321	0.00448451279	-0.00453320320
0.06300338607	0.00444510340	-0.00452482729
0.06300622553	0.00440467306	-0.00451571898
0.06300911794	0.00436310165	-0.00450581855
0.06301206249	0.00432036814	-0.00449510156
0.06301505823	0.00427645141	-0.00448354288
0.06301810410	0.00423133031	-0.00447111673
0.06302119888	0.00418498400	-0.00445779584
0.06302434125	0.00413739164	-0.00444355236
0.06302753682	0.00408842299	-0.00442830530
0.06303077260	0.00403823041	-0.00441209734
0.06303404939	0.00398675523	-0.00439488454
0.06303737326	0.00393384957	-0.00437657475
0.06304073668	0.00387957718	-0.00435716405
0.06304413323	0.00382398553	-0.00433665052
0.06304757179	0.00376686759	-0.00431490475
0.06305103704	0.00370841324	-0.00429198168
0.06305453190	0.00364850750	-0.00426779837
0.06305805904	0.00358703079	-0.00424225418
0.06306160214	0.00352419282	-0.00421541234
0.06306516535	0.00345984376	-0.00418716563
0.06306874430	0.00339397879	-0.00415746761
0.06307233441	0.00332659461	-0.00412627092
0.06307593091	0.00325768941	-0.00409352766
0.06307952882	0.00318726278	-0.00405918974
0.06308312299	0.00311531595	-0.00402320872
0.06308670808	0.00304185196	-0.00398553581
0.06309027857	0.00296687551	-0.00394612229
0.06309382876	0.00289039309	-0.00390491961
0.06309735531	0.00281235720	-0.00386184590
0.06310085089	0.00273280378	-0.00381685899
0.06310430478	0.00265185181	-0.00376997543
0.06310772039	0.00256928527	-0.00372101109
0.06311107960	0.00248540366	-0.00367008069
0.06311438759	0.00239993325	-0.00361696565
0.06311762689	0.00231317430	-0.00356178251
0.06312079871	0.00222494266	-0.00350436857
0.06312389347	0.00213533911	-0.00344471782
0.06312690286	0.00204444007	-0.00338282276
0.06312982208	0.00195222030	-0.00331861387
0.06313264423	0.00185871797	-0.00325205671
0.06313536269	0.00176396660	-0.00318311513
0.06313797052	0.00166801619	-0.00311176611
0.06314046079	0.00157092674	-0.00303799829
0.06314282767	0.00147272328	-0.00296177895
0.06314506535	0.00137343417	-0.00288307691
0.06314716726	0.00127313253	-0.00280189421
0.06314912764	0.00117186937	-0.00271822319
0.06315094109	0.00106969104	-0.00263205683
0.06315260238	0.00096665021	-0.00254339526
0.06315410656	0.00086280043	-0.00245224162
0.06315544977	0.00075813251	-0.00235854901
0.06315662594	0.00065283980	-0.00226242954
0.06315763207	0.00054691022	-0.00216385976
0.06315846500	0.00044033983	-0.00206280605
0.06315912055	0.00033330448	-0.00195938001
0.06315959630	0.00022582023	-0.00185358890
0.06315989000	0.00011787921	-0.00174540749
0.06315999926	0.00000968997	-0.00163499284
0.06315992267	-0.00009883401	-0.00152227663
0.06315965911	-0.00020751203	-0.00140739978
0.06315920773	-0.00031635189	-0.00129036712
0.06315856831	-0.00042526374	-0.00117125547
0.06315774111	-0.00053417004	-0.00105014652
0.06315672634	-0.00064305356	-0.00092706865
0.06315552576	-0.00075177494	-0.00080216348
0.06315413965	-0.00086037474	-0.00067541936
0.06315257152	-0.00096866418	-0.00054703016
0.06315082157	-0.00107672444	-0.00041695776
0.06314889475	-0.00118435318	-0.00028541305
0.06314679220	-0.00129160189	-0.00015239929
0.06314451846	-0.00139835216	-0.00001805837
0.06314207737	-0.00150454839	0.00011750446
0.06313947148	-0.00161019898	0.00025425212
0.06313670776	-0.00171514828	0.00039199003
0.06313378933	-0.00181940782	0.00053066117
0.06313072051	-0.00192294777	0.00067018918
0.06312750876	-0.00202564489	0.00081039814
0.06312415827	-0.00212749689	0.00095121197
0.06312067476	-0.00222845644	0.00109252085
0.06311706373	-0.00232849018	0.00123423141
0.06311333246	-0.00242752263	0.00137620363
0.06310948673	-0.00252552671	0.00151833573
0.06310553275	-0.00262246754	0.00166052148
0.06310147703	-0.00271830775	0.00180265129
0.06309732616	-0.00281301103	0.00194461731
0.06309308681	-0.00290654376	0.00208631252
0.06308876565	-0.00299887459	0.00222763132
0.06308436853	-0.00308999144	0.00236849176
0.06307990383	-0.00317983223	0.00250876094
0.06307537753	-0.00326838635	0.00264834774
0.06307079571	-0.00335564123	0.00278716537
0.06306616431	-0.00344158677	0.00292514168
0.06306149260	-0.00352615251	0.00306212905
0.06305678297	-0.00360939343	0.00319811641
0.06305204613	-0.00369121650	0.00333293997
0.06304728355	-0.00377168887	0.00346660339
0.06304250561	-0.00385072536	0.00359895881
0.06303771586	-0.00392835583	0.00372996366
0.06303291944	-0.00400458073	0.00385956501
0.06302812337	-0.00407937059	0.00398767725
0.06302333282	-0.00415272451	0.00411423851
0.06301855248	-0.00422464718	0.00423919766
0.06301378741	-0.00429513632	0.00436250065
0.06300904245	-0.00436419168	0.00448409709
0.06300432220	-0.00443181499	0.00460394029
0.06299963038	-0.00449801864	0.00472200099
0.06299497211	-0.00456279400	0.00483822949
0.06299035163	-0.00462614325	0.00495258160
0.06298577133	-0.00468809233	0.00506504390
0.06298123472	-0.00474864966	0.00517559660
0.06297674710	-0.00480779828	0.00528418209
0.06297230821	-0.00486559330	0.00539083052
0.06296792434	-0.00492200203	0.00549547797
0.06296359608	-0.00497706432	0.00559813363
0.06295932505	-0.00503080403	0.00569880633
0.06295511620	-0.00508320218	0.00579745160
0.06295096959	-0.00513429917	0.00589408580
0.06294688718	-0.00518410984	0.00598870806
0.06294287070	-0.00523265020	0.00608132002
0.06293892167	-0.00527993745	0.00617192561
0.06293504139	-0.00532598959	0.00626053117
0.06293123098	-0.00537082553	0.00634714520
0.06292749136	-0.00541446494	0.00643177824
0.06292382324	-0.00545692850	0.00651444268
0.06292022717	-0.00549823723	0.00659515286
0.06291670239	-0.00553842578	0.00667394743
0.06291325163	-0.00557748778	0.00675081468
0.06290987427	-0.00561545360	0.00682577629
0.06290656765	-0.00565237526	0.00689889783
0.06290333669	-0.00568821886	0.00697013614
0.06290017617	-0.00572306195	0.00703957881
0.06289709034	-0.00575687648	0.00710719261
0.06289407379	-0.00578973937	0.00717307187
0.06289113155	-0.00582161254	0.00723717454
0.06288825933	-0.00585255832	0.00729956851
0.06288545647	-0.00588259845	0.00736029240
0.06288272496	-0.00591172575	0.00741933987
0.06288006203	-0.00593998309	0.00747676079
0.06287746696	-0.00596739048	0.00753258580
0.06287493862	-0.00599397143	0.00758685206
0.06287247687	-0.00601973859	0.00763958288
0.06287008091	-0.00604471064	0.00769080478
0.06286774917	-0.00606891373	0.00774055468
0.06286548067	-0.00609236739	0.00778886404
0.06286327433	-0.00611509126	0.00783576413
0.06286112907	-0.00613710454	0.00788128629
0.06285904377	-0.00615842645	0.00792546160
0.06285701678	-0.00617908099	0.00796833050
0.06285504780	-0.00619907783	0.00800991438
0.06285313575	-0.00621843440	0.00805024041
0.06285127903	-0.00623717276	0.00808934259
0.06284947642	-0.00625531080	0.00812725080
0.06284772605	-0.00627287257	0.00816400651
0.06284602710	-0.00628987106	0.00819963937
0.06284438021	-0.00630630444	0.00823415023
0.06284278257	-0.00632220526	0.00826758347
0.06284123511	-0.00633756818	0.00829992669
0.06284064867	-0.00634338037	0.00831229210
0.06284019952	-0.00634782828	0.00832521661
0.06283989322	-0.00635085978	0.00833854871
0.06283973356	-0.00635243935	0.00835213209
0.06283972253	-0.00635254848	0.00836580749
0.06283986026	-0.00635118590	0.00837941459
0.06284014504	-0.00634836757	0.00839279385
0.06284057335	-0.00634412652	0.00840578841
0.06284113987	-0.00633851243	0.00841824593
0.06284183761	-0.00633159109	0.00843002035
0.06284265797	-0.00632344361	0.00844097362
0.06284359088	-0.00631416546	0.00845097734
0.06284462492	-0.00630386538	0.00845991421
0.06284574750	-0.00629266407	0.00846767946
0.06343856116	0.00553997813	-0.00426766587
0.06344146577	0.00550661611	-0.00434259657
0.06344315934	0.00548706967	-0.00437242185
0.06344466471	0.00546963622	-0.00439491680
0.06344610908	0.00545285637	-0.00441353928
0.06344751047	0.00543652604	-0.00442971680
0.06344889402	0.00542035497	-0.00444412739
0.06345028941	0.00540399604	-0.00445710946
0.06345167147	0.00538774425	-0.00446904141
0.06345307211	0.00537122325	-0.00448001039
0.06345449696	0.00535436414	-0.00449013101
0.06345592666	0.00533739376	-0.00449958056
0.06345737963	0.00532009121	-0.00450837436
0.06345886910	0.00530229507	-0.00451651928
0.06346037972	0.00528418447	-0.00452411848
0.06346191442	0.00526572107	-0.00453120165
0.06346348064	0.00524681092	-0.00453777133
0.06346507992	0.00522743061	-0.00454384401
0.06346671365	0.00520755782	-0.00454943216
0.06346838312	0.00518717116	-0.00455454444
0.06347009047	0.00516623808	-0.00455918230
0.06347183470	0.00514476437	-0.00456335773
0.06347361609	0.00512273958	-0.00456707600
0.06347544068	0.00510008140	-0.00457031508
0.06347730566	0.00507681653	-0.00457308751
0.06347921218	0.00505292199	-0.00457538869
0.06348116148	0.00502837322	-0.00457721271
0.06348315435	0.00500315033	-0.00457855322
0.06348519160	0.00497723296	-0.00457940365
0.06348727662	0.00495056631	-0.00457974312
0.06348941995	0.00492300260	-0.00457951167
0.06349159625	0.00489485499	-0.00457881917
0.06349382097	0.00486591187	-0.00457759254
0.06349611412	0.00483589614	-0.00457571879
0.06349843469	0.00480532955	-0.00457338421
0.06350082362	0.00477365679	-0.00457038139
0.06350325052	0.00474126285	-0.00456684449
0.06350574314	0.00470775832	-0.00456262021
0.06350827216	0.00467351767	-0.00455784264
0.06351087222	0.00463805026	-0.00455231526
0.06351351272	0.00460174993	-0.00454617638
0.06351620600	0.00456442498	-0.00453934837
0.06351895768	0.00452597126	-0.00453177684
0.06352176517	0.00448639600	-0.00452344798
0.06352461985	0.00444579278	-0.00451438769
0.06352752802	0.00440404172	-0.00450453676
0.06353048889	0.00436112151	-0.00449387078
0.06353350154	0.00431701083	-0.00448236463
0.06353656490	0.00427168823	-0.00446999254
0.06353967779	0.00422513263	-0.00445672725
0.06354283888	0.00417732292	-0.00444254092
0.06354605378	0.00412812906	-0.00442735319
0.06354930954	0.00407770237	-0.00441120580
0.06355260697	0.00402598407	-0.00439405501
0.06355595211	0.00397282655	-0.00437580942
0.06355933748	0.00391829290	-0.00435646466
0.06356275666	0.00386242998	-0.00433601840
0.06356621852	0.00380503130	-0.00431434239
0.06356970776	0.00374628549	-0.00429149032
0.06357322731	0.00368607772	-0.00426737985
0.06357677983	0.00362428846	-0.00424191100
0.06358034901	0.00356112620	-0.00421514561
0.06358393899	0.00349644133	-0.00418697729
0.06358754541	0.00343022864	-0.00415735956
0.06359116368	0.00336248446	-0.00412624502
0.06359478902	0.00329320659	-0.00409358571
0.06359841645	0.00322239425	-0.00405933349
0.06360204081	0.00315004829	-0.00402343984
0.06360565674	0.00307617134	-0.00398585590
0.06360925870	0.00300076774	-0.00394653288
0.06361284099	0.00292384359	-0.00390542213
0.06361640022	0.00284535119	-0.00386244208
0.06361992905	0.00276532603	-0.00381755033
0.06362341671	0.00268388632	-0.00377076254
0.06362686660	0.00260081648	-0.00372189614
0.06363026055	0.00251641466	-0.00367106371
0.06363360369	0.00243040777	-0.00361804866
0.06363687851	0.00234309478	-0.00356296538
0.06364008617	0.00225429191	-0.00350565255
0.06364321703	0.00216409934	-0.00344610348
0.06364626272	0.00207259302	-0.00338431016
0.06364921837	0.00197974762	-0.00332020332
0.06365207702	0.00188560098	-0.00325374835
0.06365483197	0.00179018639	-0.00318490891
0.06365747620	0.00169355355	-0.00311366176
0.06366000269	0.00159576218	-0.00303999515
0.06366240553	0.00149683719	-0.00296387633
0.06366467883	0.00139680679	-0.00288527406
0.06366681591	0.00129574389	-0.00280418996
0.06366881090	0.00119369939	-0.00272061614
0.06367065832	0.00109071958	-0.00263454540
0.06367235282	0.00098685708	-0.00254597767
0.06367388934	0.00088216542	-0.00245491585
0.06367526394	0.00077663557	-0.00236131345
0.06367647040	0.00067046064	-0.00226528115
0.06367750562	0.00056362881	-0.00216679587
0.06367836634	0.00045613640	-0.00206582441
0.06367904824	0.00034815920	-0.00196247710
0.06367954882	0.00023971361	-0.00185676139
0.06367986568	0.00013079210	-0.00174865255
0.06367999634	0.00002160328	-0.00163830607
0.06367993928	-0.00008793876	-0.00152565486
0.06367969326	-0.00019765314	-0.00141083856
0.06367925734	-0.00030754712	-0.00129386252
0.06367863118	-0.00041753042	-0.00117480318
0.06367781495	-0.00052752501	-0.00105374192
0.06367680879	-0.00063751305	-0.00093070750
0.06367561434	-0.00074735469	-0.00080584062
0.06367423181	-0.00085708974	-0.00067913059
0.06367266464	-0.00096652890	-0.00055076989
0.06367091296	-0.00107575250	-0.00042072181
0.06366898164	-0.00118455762	-0.00028919571
0.06366687180	-0.00129299487	-0.00015619594
0.06366458790	-0.00140094511	-0.00002186375
0.06366213376	-0.00150835189	0.00011369563
0.06365951190	-0.00161522276	0.00025044440
0.06365672924	-0.00172140126	0.00038818907
0.06365378892	-0.00182689795	0.00052687191
0.06365069524	-0.00193168214	0.00066641624
0.06364745566	-0.00203562967	0.00080664690
0.06364407437	-0.00213873730	0.00094748724
0.06364055714	-0.00224095675	0.00108882740
0.06363690947	-0.00234225374	0.00123057373
0.06363313870	-0.00244255182	0.00137258647
0.06362925063	-0.00254182296	0.00151476359
0.06362525155	-0.00264003132	0.00165699868
0.06362114800	-0.00273713858	0.00179918201
0.06361694666	-0.00283310750	0.00194120560
0.06361265425	-0.00292790351	0.00208296229
0.06360827754	-0.00302149435	0.00222434629
0.06360382246	-0.00311386707	0.00236527530
0.06359929748	-0.00320495867	0.00250561664
0.06359470868	-0.00329475766	0.00264527887
0.06359006224	-0.00338325063	0.00278417489
0.06358536418	-0.00347042671	0.00292223220
0.06358062392	-0.00355621455	0.00305930366
0.06357584394	-0.00364066845	0.00319537711
0.06357103506	-0.00372369456	0.00333028952
0.06356619888	-0.00380535939	0.00346404339
0.06356134589	-0.00388557703	0.00359649156
0.06355647974	-0.00396437668	0.00372759084
0.06355160573	-0.00404175821	0.00385728796
0.06354673096	-0.00411769156	0.00398549745
0.06354186074	-0.00419217526	0.00411215721
0.06353699988	-0.00426521349	0.00423721586
0.06353215356	-0.00433680349	0.00436061920
0.06352732672	-0.00440694456	0.00448231670
0.06352252407	-0.00447563801	0.00460226151
0.06351774946	-0.00454289590	0.00472042409
0.06351300811	-0.00460870921	0.00483675476
0.06350830438	-0.00467307981	0.00495120929
0.06350364074	-0.00473603338	0.00506377387
0.06349902081	-0.00479757810	0.00517442858
0.06349445001	-0.00485769677	0.00528311606
0.06348992814	-0.00491644438	0.00538986575
0.06348546159	-0.00497378802	0.00549461422
0.06348105103	-0.00502976746	0.00559737023
0.06347669817	-0.00508440649	0.00569814236
0.06347240804	-0.00513768601	0.00579688650
0.06346818077	-0.00518964643	0.00589361861
0.06346401838	-0.00524030254	0.00598833779
0.06345992268	-0.00528967040	0.00608104560
0.06345589524	-0.00533776724	0.00617174593
0.06345193743	-0.00538461112	0.00626044503
0.06344805040	-0.00543022100	0.00634715138
0.06344423514	-0.00547461669	0.00643187548
0.06344049238	-0.00551781895	0.00651462964
0.06343682274	-0.00555984895	0.00659542819
0.06343322547	-0.00560074155	0.00667430951
0.06342970335	-0.00564049046	0.00675126224
0.06342625580	-0.00567912623	0.00682630794
0.06342288016	-0.00571670121	0.00689951170
0.06341958138	-0.00575318152	0.00697083112
0.06341635426	-0.00578864509	0.00704035301
0.06341320309	-0.00582306395	0.00710804480
0.06341012243	-0.00585651542	0.00717400007
0.06340711736	-0.00588896151	0.00723817755
0.06340418358	-0.00592046488	0.00730064462
0.06340132043	-0.00595104756	0.00736143985
0.06339852993	-0.00598070256	0.00742055732
0.06339580928	-0.00600947304	0.00747804662
0.06339315776	-0.00603737930	0.00753393840
0.06339057426	-0.00606444514	0.00758826979
0.06338805861	-0.00609068347	0.00764106421
0.06338561003	-0.00611611324	0.00769234823
0.06338322693	-0.00614076088	0.00774215873
0.06338090830	-0.00616464622	0.00779052716
0.06337865307	-0.00618778917	0.00783748482
0.06337646015	-0.00621020922	0.00788306307
0.06337432840	-0.00623192586	0.00792729303
0.06337225614	-0.00625296341	0.00797021506
0.06337024308	-0.00627333179	0.00801185068
0.06336828811	-0.00629304868	0.00805222714
0.06336638962	-0.00631213644	0.00809137838
0.06336454637	-0.00633061322	0.00812933432
0.06336275645	-0.00634850337	0.00816613633
0.06336101904	-0.00636582016	0.00820181412
0.06335933478	-0.00638256193	0.00823636887
0.06335770080	-0.00639876153	0.00826984475
0.06335611807	-0.00641441372	0.00830222979
0.06335552117	-0.00642030662	0.00831455685
0.06335506171	-0.00642483893	0.00832745206
0.06335474538	-0.00642795755	0.00834076420
0.06335457608	-0.00642962593	0.00835433723
0.06335455593	-0.00642982453	0.00836801200
0.06335468516	-0.00642855101	0.00838162819
0.06335496218	-0.00642582030	0.00839502616
0.06335538356	-0.00642166440	0.00840804884
0.06335594408	-0.00641613201	0.00842054354
0.06335663681	-0.00640928794	0.00843236377
0.06335745323	-0.00640121240	0.00844337096
0.06335838331	-0.00639200002	0.00845343606
0.06335941568	-0.00638175876	0.00846244106
0.06336053776	-0.00637060864	0.00847028038
0.06395669897	0.00558396421	-0.00426530153
0.06395959342	0.00555071254	-0.00434028914
0.06396128498	0.00553118648	-0.00437014225
0.06396278986	0.00551375669	-0.00439265994
0.06396423449	0.00549697249	-0.00441130368
0.06396563673	0.00548063115	-0.00442750095
0.06396702159	0.00546444406	-0.00444193047
0.06396841860	0.00544806593	-0.00445493175
0.06396980269	0.00543179011	-0.00446688184
0.06397120565	0.00541524222	-0.00447786922
0.06397263304	0.00539835358	-0.00448800868
0.06397406565	0.00538134972	-0.00449747647
0.06397552179	0.00536401081	-0.00450628872
0.06397701463	0.00534617612	-0.00451445289
0.06397852893	0.00532802369	-0.00452207133
0.06398006758	0.00530951525	-0.00452917382
0.06398163803	0.00529055717	-0.00453576320
0.06398324180	0.00527112600	-0.00454185600
0.06398488029	0.00525119937	-0.00454746473
0.06398655479	0.00523075583	-0.00455259806
0.06398826745	0.00520976280	-0.00455725754
0.06399001729	0.00518822586	-0.00456145503
0.06399180459	0.00516613441	-0.00456519582
0.06399363539	0.00514340637	-0.00456845815
0.06399550690	0.00512006809	-0.00457125438
0.06399742026	0.00509609650	-0.00457357995
0.06399937674	0.00507146694	-0.00457542898
0.06400137714	0.00504615941	-0.00457679513
0.06400342225	0.00502015340	-0.00457767187
0.06400551550	0.00499339417	-0.00457803847
0.06400766736	0.00496573444	-0.00457783559
0.06400985265	0.00493748550	-0.00457717160
0.06401208675	0.00490843660	-0.00457597428
0.06401438959	0.00487831176	-0.00457413189
0.06401672036	0.00484762981	-0.00457182817
0.06401911984	0.00481583797	-0.00456885827
0.06402155777	0.00478331901	-0.00456535440
0.06402406181	0.00474968518	-0.00456116509
0.06402660278	0.00471530878	-0.00455642248
0.06402921517	0.00467970132	-0.00455093241
0.06403186854	0.00464325436	-0.00454483112
0.06403457519	0.00460577684	-0.00453804185
0.06403734071	0.00456716481	-0.00453051065
0.06404016257	0.00452742511	-0.00452222358
0.06404303215	0.00448665054	-0.00451320595
0.06404595577	0.00444472146	-0.00450339909
0.06404893265	0.00440161634	-0.00449277859
0.06405196186	0.00435731358	-0.00448131935
0.06405504238	0.00431179149	-0.00446899561
0.06405817301	0.00426502873	-0.00445578013
0.06406135245	0.00421700391	-0.00444164507
0.06406458629	0.00416758725	-0.00442651070
0.06406786165	0.00411692896	-0.00441041784
0.06407117930	0.00406497017	-0.00439332294
0.06407454532	0.00401156357	-0.00437513535
0.06407795221	0.00395677156	-0.00435585025
0.06408139359	0.00390064042	-0.00433546494
0.06408487830	0.00384296417	-0.00431385228
0.06408839109	0.00378393023	-0.00429106477
0.06409193486	0.00372342386	-0.00426702062
0.06409551228	0.00366132569	-0.00424162055
0.06409910707	0.00359784286	-0.00421492501
0.06410272334	0.00353282604	-0.00418682846
0.06410635674	0.00346626966	-0.00415728437
0.06411000268	0.00339816965	-0.00412624530
0.06411365636	0.00332852343	-0.00409366326
0.06411731281	0.00325732984	-0.00405949003
0.06412096686	0.00318458934	-0.00402367706
0.06412461312	0.00311030418	-0.00398617541
0.06412824605	0.00303447829	-0.00394693622
0.06413185992	0.00295711741	-0.00390591077
0.06413545132	0.00287817368	-0.00386301780
0.06413901289	0.00279768207	-0.00381821466
0.06414253384	0.00271576001	-0.00377151617
0.06414601751	0.00263219244	-0.00372274131
0.06414944571	0.00254727605	-0.00367200052
0.06415282352	0.00246073850	-0.00361907923
0.06415613340	0.00237287735	-0.00356408968
0.06415937644	0.00228350925	-0.00350687194
0.06416254296	0.00219273376	-0.00344741868
0.06416562451	0.00210062636	-0.00338572135
0.06416861618	0.00200716161	-0.00332171097
0.06417151092	0.00191237704	-0.00325535273
0.06417430197	0.00181630566	-0.00318661018
0.06417698224	0.00171899689	-0.00311545979
0.06417954461	0.00162051015	-0.00304188951
0.06418198309	0.00152087022	-0.00296586652
0.06418429170	0.00142010515	-0.00288735955
0.06418646366	0.00131828764	-0.00280636980
0.06418849302	0.00121546845	-0.00272288916
0.06419037418	0.00111169380	-0.00263691027
0.06419210168	0.00100701625	-0.00254843284
0.06419367038	0.00090148931	-0.00245745959
0.06419507621	0.00079510412	-0.00236394440
0.06419631284	0.00068805346	-0.00226799654
0.06419737706	0.00058032584	-0.00216959332
0.06419826550	0.00047191780	-0.00206870195
0.06419897372	0.00036300504	-0.00196543150
0.06419949910	0.00025360427	-0.00185978962
0.06419983916	0.00014370836	-0.00175175209
0.06419999125	0.00003352591	-0.00164147279
0.06419995379	-0.00007702838	-0.00152888593
0.06419972540	-0.00018777347	-0.00141412983
0.06419930505	-0.00029871606	-0.00129721037
0.06419869229	-0.00040976548	-0.00117820360
0.06419788721	-0.00052084320	-0.00105719062
0.06419688983	-0.00063193080	-0.00093420051
0.06419570171	-0.00074288794	-0.00080937310
0.06419432299	-0.00085375368	-0.00068269867
0.06419275700	-0.00096433822	-0.00055436825
0.06419100385	-0.00107472104	-0.00042434659
0.06418906830	-0.00118469866	-0.00029284146
0.06418695143	-0.00129432078	-0.00015985835
0.06418465766	-0.00140346757	-0.00002553784
0.06418219074	-0.00151208174	0.00011001488
0.06417955320	-0.00162016995	0.00024676127
0.06417675190	-0.00172757496	0.00038450895
0.06417378998	-0.00183430638	0.00052319950
0.06417067172	-0.00194033262	0.00066275590
0.06416740460	-0.00204552865	0.00080300378
0.06416399280	-0.00214989024	0.00094386595
0.06416044211	-0.00225336817	0.00108523247
0.06415675808	-0.00235592722	0.00122700943
0.06415294804	-0.00245749002	0.00136905738
0.06414901788	-0.00255802753	0.00151127401
0.06414497391	-0.00265750297	0.00165355276
0.06414082274	-0.00275587707	0.00179578377
0.06413657111	-0.00285311164	0.00193785894
0.06413222583	-0.00294917118	0.00207967095
0.06412779372	-0.00304402249	0.00222111391
0.06412328081	-0.00313765173	0.00236210508
0.06411869565	-0.00322999501	0.00250251208
0.06411404443	-0.00332103995	0.00264224313
0.06410933343	-0.00341077227	0.00278121087
0.06410456877	-0.00349918031	0.00291934242
0.06409975997	-0.00358619187	0.00305649113
0.06409490963	-0.00367186052	0.00319264376
0.06409002868	-0.00375609159	0.00332763811
0.06408511883	-0.00383895097	0.00346147544
0.06408019070	-0.00392035197	0.00359400936
0.06407524807	-0.00400032314	0.00372519604
0.06407029632	-0.00407886377	0.00385498191
0.06406534271	-0.00415594319	0.00398328159
0.06406039264	-0.00423155935	0.00411003282
0.06405545106	-0.00430571593	0.00423518396
0.06405052325	-0.00437840966	0.00435868067
0.06404561429	-0.00444963938	0.00448047226
0.06404072899	-0.00451940601	0.00460051176
0.06403587131	-0.00458772120	0.00471876934
0.06403104658	-0.00465457561	0.00483519536
0.06402625927	-0.00471997076	0.00494974552
0.06402151197	-0.00478393203	0.00506240569
0.06401680837	-0.00484646743	0.00517315575
0.06401215401	-0.00490755944	0.00528193865
0.06400754876	-0.00496726296	0.00538878311
0.06400299914	-0.00502554485	0.00549362619
0.06399850588	-0.00508244477	0.00559647622
0.06399407078	-0.00513798647	0.00569734152
0.06398969894	-0.00519215072	0.00579617837
0.06398539057	-0.00524497790	0.00589300235
0.06398114777	-0.00529648279	0.00598781248
0.06397697240	-0.00534668147	0.00608061028
0.06397286609	-0.00539559119	0.00617139956
0.06396883027	-0.00544323008	0.00626018656
0.06396486616	-0.00548961717	0.00634697967
0.06396097478	-0.00553477236	0.00643178936
0.06395715693	-0.00557871652	0.00651462790
0.06395341324	-0.00562147094	0.00659550957
0.06394974300	-0.00566307069	0.00667447251
0.06394614905	-0.00570350960	0.00675150569
0.06394263083	-0.00574281837	0.00682663056
0.06393918568	-0.00578104964	0.00689991173
0.06393581862	-0.00581816961	0.00697130756
0.06393252443	-0.00585425656	0.00704090406
0.06392930745	-0.00588928259	0.00710866937
0.06392616222	-0.00592332545	0.00717469625
0.06392309385	-0.00595634721	0.00723894427
0.06392009805	-0.00598841086	0.00730148027
0.06391717417	-0.00601953875	0.00736234277
0.06391432421	-0.00604972403	0.00742152626
0.06391154540	-0.00607901020	0.00747908008
0.06390883701	-0.00610741781	0.00753503487
0.06390619791	-0.00613497097	0.00758942772
0.06390362794	-0.00616168285	0.00764228217
0.06390112632	-0.00618757266	0.00769362483
0.06389869144	-0.00621266713	0.00774349253
0.06389632228	-0.00623698637	0.00779191675
0.06389401777	-0.00626055056	0.00783892879
0.06389177680	-0.00628337949	0.00788456003
0.06388959821	-0.00630549292	0.00792884161
0.06388748031	-0.00632691548	0.00797181382
0.06388542280	-0.00634765736	0.00801349834
0.06388342455	-0.00636773648	0.00805392244
0.06388148393	-0.00638717549	0.00809312005
0.06387959969	-0.00640599282	0.00813112110
0.06387776989	-0.00642421310	0.00816796688
0.06387599369	-0.00644184990	0.00820368715
0.06387427172	-0.00645890173	0.00823828339
0.06387260111	-0.00647540173	0.00827179961
0.06387098279	-0.00649134478	0.00830422423
0.06387037542	-0.00649731821	0.00831651239
0.06386990562	-0.00650193482	0.00832937770
0.06386957920	-0.00650514052	0.00834266930
0.06386940020	-0.00650689772	0.00835623138
0.06386937085	-0.00650718586	0.00836990493
0.06386949149	-0.00650600155	0.00838352964
0.06386976065	-0.00650335867	0.00839694577
0.06387017499	-0.00649928819	0.00840999603
0.06387072937	-0.00649383780	0.00842252741
0.06387141697	-0.00648707136	0.00843439301
0.06387222930	-0.00647906818	0.00844545370
0.06387315640	-0.00646992202	0.00845557982
0.06387418695	-0.00645974009	0.00846465263
0.06387530838	-0.00644864169	0.00847256577
0.06447485184	0.00562777754	-0.00426309076
0.06447773660	0.00559462984	-0.00433813228
0.06447942633	0.00557512157	-0.00436801158
0.06448093085	0.00555769347	-0.00439055057
0.06448237582	0.00554090327	-0.00440921419
0.06448377899	0.00552454949	-0.00442542990
0.06448516523	0.00550834507	-0.00443987706
0.06448656389	0.00549194657	-0.00445289628
0.06448795007	0.00547564564	-0.00446486323
0.06448935537	0.00545906984	-0.00447586773
0.06449078535	0.00544215074	-0.00448602472
0.06449222088	0.00542511252	-0.00449550946
0.06449368021	0.00540773641	-0.00450433885
0.06449517643	0.00538986239	-0.00451252092
0.06449669441	0.00537166741	-0.00452015724
0.06449823702	0.00535311323	-0.00452727766
0.06449981168	0.00533410656	-0.00453388533
0.06450141993	0.00531462393	-0.00453999683
0.06450306316	0.00529464288	-0.00454562466
0.06450474267	0.00527414192	-0.00455077755
0.06450646062	0.00525308844	-0.00455545710
0.06450821603	0.00523148780	-0.00455967511
0.06451000921	0.00520932925	-0.00456343682
0.06451184617	0.00518653096	-0.00456672077
0.06451372414	0.00516311892	-0.00456953914
0.06451564430	0.00513906996	-0.00457188738
0.06451760790	0.00511435932	-0.00457375968
0.06451961575	0.00508896689	-0.00457514971
0.06452166866	0.00506287202	-0.00457605093
0.06452377006	0.00503602003	-0.00457644280
0.06452593037	0.00500826415	-0.00457626658
0.06452812456	0.00497991379	-0.00457562915
0.06453036793	0.00495075903	-0.00457445916
0.06453268035	0.00492052507	-0.00457264607
0.06453502121	0.00488972776	-0.00457037115
0.06453743111	0.00485781691	-0.00456743201
0.06453987996	0.00482517302	-0.00456395902
0.06454239529	0.00479141006	-0.00455980242
0.06454494806	0.00475689809	-0.00455509252
0.06454757265	0.00472115083	-0.00454963740
0.06455023874	0.00468455751	-0.00454357134
0.06455295859	0.00464692776	-0.00453681838
0.06455573779	0.00460815778	-0.00452932502
0.06455857383	0.00456825409	-0.00452107719
0.06456145813	0.00452730865	-0.00451209965
0.06456439702	0.00448520210	-0.00450233422
0.06456738970	0.00444191264	-0.00449175652
0.06457043527	0.00439741845	-0.00448034144
0.06457353272	0.00435169758	-0.00446806325
0.06457668088	0.00430472841	-0.00445489473
0.06457987844	0.00425648930	-0.00444080804
0.06458313098	0.00420685073	-0.00442572408
0.06458642568	0.00415596178	-0.00440968274
0.06458976331	0.00410376351	-0.00439264068
0.06459314993	0.00405010892	-0.00437450798
0.06459657807	0.00399505970	-0.00435527939
0.06460004137	0.00393866154	-0.00433495182
0.06460354864	0.00388070903	-0.00431339927
0.06460708468	0.00382138831	-0.00429067302
0.06461065239	0.00376058479	-0.00426669188
0.06461425439	0.00369817923	-0.00424135719
0.06461787447	0.00363437742	-0.00421472811
0.06462151671	0.00356903034	-0.00418669987
0.06462517676	0.00350213203	-0.00415722594
0.06462885002	0.00343367804	-0.00412625883
0.06463253171	0.00336366541	-0.00409375050
0.06463621683	0.00329209260	-0.00405965270
0.06463990021	0.00321895968	-0.00402391682
0.06464357644	0.00314426851	-0.00398649386
0.06464723998	0.00306802265	-0.00394733489
0.06465088507	0.00299022745	-0.00390639112
0.06465450828	0.00291083488	-0.00386358161
0.06465810222	0.00282987943	-0.00381886347
0.06466165607	0.00274747772	-0.00377225066
0.06466517316	0.00266341523	-0.00372356372
0.06466863523	0.00257798716	-0.00367291098
0.06467204735	0.00249092196	-0.00362007988
0.06467539191	0.00240251575	-0.00356518052
0.06467866996	0.00231258564	-0.00350805437
0.06468187176	0.00222123056	-0.00344869344
0.06468498882	0.00212852550	-0.00338708869
0.06468801615	0.00203444491	-0.00332317139
0.06469094665	0.00193902603	-0.00325690658
0.06469377346	0.00184230158	-0.00318825768
0.06469648944	0.00174432070	-0.00311720089
0.06469908737	0.00164514251	-0.00304372384
0.06470156118	0.00154479164	-0.00296779367
0.06470390480	0.00144329601	-0.00288937907
0.06470611137	0.00134072808	-0.00280848084
0.06470817482	0.00123713848	-0.00272509067
0.06471008946	0.00113257335	-0.00263920102
0.06471184973	0.00102708519	-0.00255081140
0.06471345039	0.00092072749	-0.00245992432
0.06471488725	0.00081349155	-0.00236649410
0.06471615387	0.00070556983	-0.00227062856
0.06471724692	0.00059695113	-0.00217230542
0.06471816294	0.00048763225	-0.00207149229
0.06471889736	0.00037778875	-0.00196829701
0.06471944744	0.00026743770	-0.00186272742
0.06471981061	0.00015657232	-0.00175475980
0.06471998408	0.00004540118	-0.00164454646
0.06471996618	-0.00006616033	-0.00153202287
0.06471975541	-0.00017793111	-0.00141732606
0.06471935065	-0.00028991725	-0.00130046243
0.06471875133	-0.00040202773	-0.00118150766
0.06471795744	-0.00051418351	-0.00106054254
0.06471696892	-0.00062636557	-0.00093759652
0.06471578723	-0.00073843313	-0.00081280851
0.06471441245	-0.00085042447	-0.00068616978
0.06471284779	-0.00096214932	-0.00055786993
0.06471109331	-0.00107368630	-0.00042787513
0.06470915372	-0.00118483138	-0.00029639160
0.06470703002	-0.00129563336	-0.00016342593
0.06470472659	-0.00140597172	-0.00002911806
0.06470224715	-0.00151578834	0.00010642688
0.06469959417	-0.00162508899	0.00024316960
0.06469677449	-0.00173371566	0.00038091885
0.06469379125	-0.00184167700	0.00051961551
0.06469064871	-0.00194894053	0.00065918223
0.06468735434	-0.00205538036	0.00079944544
0.06468391235	-0.00216099126	0.00094032739
0.06468032853	-0.00226572309	0.00108171808
0.06467660846	-0.00236953969	0.00122352337
0.06467275951	-0.00247236275	0.00136560407
0.06466878759	-0.00257416227	0.00150785765
0.06466469908	-0.00267490049	0.00165017737
0.06466050064	-0.00277453721	0.00179245326
0.06465619908	-0.00287303328	0.00193457710
0.06465180127	-0.00297035227	0.00207644144
0.06464731412	-0.00306646007	0.00221794023
0.06464274373	-0.00316134192	0.00235899038
0.06463809876	-0.00325493307	0.00249945976
0.06463338547	-0.00334722020	0.00263925629
0.06462861024	-0.00343818822	0.00277829231
0.06462377932	-0.00352782465	0.00291649461
0.06461890231	-0.00361605644	0.00305371703
0.06461398194	-0.00370293644	0.00318994526
0.06460902924	-0.00378836916	0.00332501788
0.06460404604	-0.00387241983	0.00345893500
0.06459904308	-0.00395500104	0.00359155094
0.06459402425	-0.00403614067	0.00372282128
0.06458899506	-0.00411583741	0.00385269213
0.06458396288	-0.00419405999	0.00398107823
0.06457893324	-0.00427080579	0.00410791713
0.06457391119	-0.00434607796	0.00423315696
0.06456890215	-0.00441987275	0.00435674321
0.06456391130	-0.00449218854	0.00447862510
0.06455894357	-0.00456302581	0.00459875548
0.06455400304	-0.00463239587	0.00471710427
0.06454909514	-0.00470028901	0.00483362186
0.06454422445	-0.00476670639	0.00494826392
0.06453939366	-0.00483167316	0.00506101593
0.06453460657	-0.00489519706	0.00517185765
0.06452986882	-0.00495726031	0.00528073229
0.06452518037	-0.00501791770	0.00538766787
0.06452054782	-0.00507713588	0.00549260194
0.06451597200	-0.00513495438	0.00559554243
0.06451145478	-0.00519139691	0.00569649738
0.06450700136	-0.00524644411	0.00579542346
0.06450261200	-0.00530013631	0.00589233585
0.06449828888	-0.00535248832	0.00598723355
0.06449403393	-0.00540351620	0.00608011799
0.06448984884	-0.00545323724	0.00617099295
0.06448573510	-0.00550166963	0.00625986459
0.06448169398	-0.00554883247	0.00634674128
0.06447772654	-0.00559474574	0.00643163343
0.06447383364	-0.00563943043	0.00651455328
0.06447001595	-0.00568290795	0.00659551506
0.06446627281	-0.00572521359	0.00667455665
0.06446260706	-0.00576634126	0.00675166737
0.06445901820	-0.00580632184	0.00682686857
0.06445550357	-0.00584520825	0.00690022436
0.06445206825	-0.00588296678	0.00697169386
0.06444870701	-0.00591967602	0.00704136231
0.06444542423	-0.00595530821	0.00710919852
0.06444221444	-0.00598994144	0.00717529445
0.06443908279	-0.00602353791	0.00723961052
0.06443602498	-0.00605616092	0.00730221301
0.06443304035	-0.00608783310	0.00736314040
0.06443013094	-0.00611854780	0.00742238759
0.06442729396	-0.00614834882	0.00748000365
0.06442452868	-0.00617725697	0.00753601924
0.06442183398	-0.00620529667	0.00759047139
0.06441920968	-0.00623248134	0.00764338377
0.06441665500	-0.00625883047	0.00769478304
0.06441416832	-0.00628437107	0.00774470595
0.06441174862	-0.00630912352	0.00779318400
0.06440939481	-0.00633310831	0.00784024853
0.06440710576	-0.00635634549	0.00788593092
0.06440488031	-0.00637885510	0.00793026234
0.06440271675	-0.00640066208	0.00797328300
0.06440061476	-0.00642177688	0.00801501473
0.06439857321	-0.00644221769	0.00805548484
0.06439659044	-0.00646200743	0.00809472722
0.06439466517	-0.00648116479	0.00813277184
0.06439279547	-0.00649971472	0.00816965988
0.06439098046	-0.00651767105	0.00820542116
0.06438922076	-0.00653503249	0.00824005748
0.06438751348	-0.00655183244	0.00827361267
0.06438585955	-0.00656806594	0.00830607552
0.06438524178	-0.00657411900	0.00831832458
0.06438476171	-0.00657881902	0.00833115968
0.06438442526	-0.00658211094	0.00834443035
0.06438423659	-0.00658395617	0.00835798099
0.06438419804	-0.00658433311	0.00837165275
0.06438431009	-0.00658323732	0.00838528533
0.06438457136	-0.00658068166	0.00839871890
0.06438497860	-0.00657669606	0.00841179597
0.06438552678	-0.00657132723	0.00842436321
0.06438620914	-0.00656463808	0.00843627330
0.06438701727	-0.00655670699	0.00844738659
0.06438794128	-0.00654762691	0.00845757279
0.06438896985	-0.00653750423	0.00846671248
0.06439009047	-0.00652645759	0.00847469851
0.06500298279	0.00567227717	-0.00426091259
0.06500585788	0.00563923238	-0.00433600754
0.06500754580	0.00561974097	-0.00436591274
0.06500905000	0.00560231360	-0.00438847278
0.06501049535	0.00558551646	-0.00440715605
0.06501189950	0.00556914925	-0.00442338995
0.06501328716	0.00555292651	-0.00443785452
0.06501468753	0.00553650661	-0.00445089143
0.06501607584	0.00552017950	-0.00446287501
0.06501748354	0.00550357470	-0.00447389639
0.06501891615	0.00548662403	-0.00448407067
0.06502035466	0.00546955029	-0.00449357211
0.06502181723	0.00545213577	-0.00450241838
0.06502331689	0.00543422122	-0.00451061810
0.06502483860	0.00541598241	-0.00451827205
0.06502638523	0.00539738118	-0.00452541013
0.06502796418	0.00537832457	-0.00453203583
0.06502957696	0.00535878907	-0.00453816574
0.06503122500	0.00533875218	-0.00454381240
0.06503290960	0.00531819230	-0.00454898456
0.06503463290	0.00529707685	-0.00455368390
0.06503639396	0.00527541093	-0.00455792212
0.06503819310	0.00525318366	-0.00456170444
0.06504003630	0.00523031343	-0.00456500970
0.06504192082	0.00520682588	-0.00456784988
0.06504384786	0.00518269775	-0.00457022048
0.06504581865	0.00515790419	-0.00457211571
0.06504783405	0.00513242493	-0.00457352927
0.06504989486	0.00510623923	-0.00457445462
0.06505200449	0.00507929244	-0.00457487141
0.06505417336	0.00505143831	-0.00457472148
0.06505637654	0.00502298433	-0.00457411024
0.06505862930	0.00499372147	-0.00457296720
0.06506095141	0.00496337608	-0.00457118302
0.06506330247	0.00493246100	-0.00456893649
0.06506572292	0.00490042868	-0.00456602771
0.06506818280	0.00486765731	-0.00456258517
0.06507070953	0.00483376257	-0.00455846087
0.06507327425	0.00479911231	-0.00455378324
0.06507591115	0.00476322245	-0.00454836263
0.06507859009	0.00472647987	-0.00454233134
0.06508132328	0.00468869488	-0.00453561425
0.06508411631	0.00464976388	-0.00452815825
0.06508696667	0.00460969300	-0.00451994919
0.06508986586	0.00456857341	-0.00451101126
0.06509282015	0.00452628598	-0.00450128676
0.06509582879	0.00448280869	-0.00449075134
0.06509889090	0.00443811945	-0.00447937992
0.06510200545	0.00439219606	-0.00446714676
0.06510517130	0.00434501664	-0.00445402467
0.06510838716	0.00429655928	-0.00443998581
0.06511165859	0.00424669470	-0.00442495172
0.06511497282	0.00419557088	-0.00440896135
0.06511833063	0.00414312878	-0.00439197157
0.06512173804	0.00408922170	-0.00437389320
0.06512518764	0.00403391067	-0.00435472054
0.06512867307	0.00397724072	-0.00433445015
0.06513220312	0.00391900705	-0.00431295711
0.06513576264	0.00385939448	-0.00429029154
0.06513935449	0.00379828860	-0.00426637280
0.06514298132	0.00373557028	-0.00424110292
0.06514662692	0.00367144397	-0.00421453968
0.06515029538	0.00360576093	-0.00418657915
0.06515398233	0.00353851483	-0.00415717476
0.06515768317	0.00346970083	-0.00412627900
0.06516139312	0.00339931558	-0.00409384379
0.06516510718	0.00332735716	-0.00405982081
0.06516882016	0.00325382524	-0.00402416141
0.06517252666	0.00317872131	-0.00398681653
0.06517622109	0.00310204852	-0.00394773718
0.06517989768	0.00302381184	-0.00390687449
0.06518355300	0.00294396308	-0.00386414782
0.06518717962	0.00286253622	-0.00381951408
0.06519076669	0.00277964709	-0.00377298637
0.06519431750	0.00269508170	-0.00372438678
0.06519781377	0.00260913376	-0.00367382151
0.06520126052	0.00252153249	-0.00362108004
0.06520464010	0.00243257258	-0.00356627031
0.06520795351	0.00234207159	-0.00350923521
0.06521119095	0.00225012782	-0.00344996609
0.06521434387	0.00215681575	-0.00338845339
0.06521740721	0.00206210975	-0.00332462868
0.06522037381	0.00196604673	-0.00325845681
0.06522323676	0.00186865916	-0.00318990106
0.06522598880	0.00176999585	-0.00311893743
0.06522862266	0.00167011565	-0.00304555316
0.06523113217	0.00156904303	-0.00296971539
0.06523351118	0.00146680578	-0.00289139276
0.06523575272	0.00136347610	-0.00281058568
0.06523785064	0.00125910451	-0.00272728561
0.06523979913	0.00115373706	-0.00264148486
0.06524159255	0.00104742620	-0.00255318273
0.06524322552	0.00094022538	-0.00246238155
0.06524469378	0.00083212608	-0.00236903602
0.06524599074	0.00072332043	-0.00227325256
0.06524711298	0.00061379751	-0.00217500928
0.06524805693	0.00050355441	-0.00207427421
0.06524881788	0.00039276654	-0.00197115393
0.06524939299	0.00028145130	-0.00186565647
0.06524977958	0.00016960233	-0.00175775865
0.06524997473	0.00005742813	-0.00164761119
0.06524997669	-0.00005515525	-0.00153515081
0.06524978381	-0.00016796657	-0.00142051325
0.06524939488	-0.00028101136	-0.00130370545
0.06524880924	-0.00039419820	-0.00118480269
0.06524802677	-0.00050744758	-0.00106388548
0.06524704731	-0.00062073986	-0.00094098362
0.06524587222	-0.00073393379	-0.00081623512
0.06524450151	-0.00084706688	-0.00068963220
0.06524293831	-0.00095994841	-0.00056136307
0.06524118261	-0.00107265606	-0.00043139530
0.06523923903	-0.00118498531	-0.00029993357
0.06523710855	-0.00129698402	-0.00016698557
0.06523479547	-0.00140853097	-0.00003269057
0.06523230347	-0.00151956718	0.00010284630
0.06522963500	-0.00163009756	0.00023958508
0.06522679685	-0.00173996331	0.00037733558
0.06522379215	-0.00184917208	0.00051603802
0.06522062517	-0.00195769051	0.00065561472
0.06521730335	-0.00206539184	0.00079589287
0.06521383092	-0.00217226984	0.00093679422
0.06521021370	-0.00227827339	0.00107820868
0.06520645727	-0.00238336543	0.00122004188
0.06520256904	-0.00248746667	0.00136215490
0.06519855497	-0.00259054612	0.00150444497
0.06519442149	-0.00269256508	0.00164680520
0.06519017531	-0.00279348235	0.00178912549
0.06518582330	-0.00289325785	0.00193129751
0.06518137240	-0.00299185420	0.00207321367
0.06517682962	-0.00308923633	0.00221476779
0.06517220113	-0.00318538860	0.00235587641
0.06516749566	-0.00328024533	0.00249640763
0.06516271960	-0.00337379233	0.00263626911
0.06515787941	-0.00346601359	0.00277537287
0.06515298145	-0.00355689586	0.00291364537
0.06514803543	-0.00364636524	0.00305094096
0.06514304418	-0.00373447379	0.00318724422
0.06513801887	-0.00382112526	0.00332239456
0.06513296142	-0.00390638416	0.00345639090
0.06512788269	-0.00399016237	0.00358908831
0.06512278671	-0.00407248707	0.00372044174
0.06511767910	-0.00415335636	0.00385039700
0.06511256734	-0.00423273837	0.00397886896
0.06510745710	-0.00431062988	0.00410579497
0.06510235354	-0.00438703352	0.00423112292
0.06509726220	-0.00446194504	0.00435479817
0.06509218838	-0.00453536235	0.00447676978
0.06508713713	-0.00460728551	0.00459699050
0.06508211263	-0.00467772546	0.00471542996
0.06507712043	-0.00474667212	0.00483203858
0.06507216523	-0.00481412630	0.00494677198
0.06506724981	-0.00488011287	0.00505961530
0.06506237808	-0.00494463936	0.00517054815
0.06505755578	-0.00500768771	0.00527951401
0.06505278295	-0.00506931256	0.00538654020
0.06504806631	-0.00512948037	0.00549156476
0.06504340677	-0.00518823055	0.00559459520
0.06503880626	-0.00524558674	0.00569563931
0.06503427008	-0.00530152948	0.00579465412
0.06502979858	-0.00535609906	0.00589165446
0.06502539398	-0.00540931026	0.00598663925
0.06502105830	-0.00546117917	0.00607960987
0.06501679328	-0.00551172311	0.00617057004
0.06501260047	-0.00556096031	0.00625952589
0.06500848121	-0.00560890996	0.00634648572
0.06500443660	-0.00565559214	0.00643145990
0.06500046754	-0.00570102793	0.00651446063
0.06499657476	-0.00574523888	0.00659550211
0.06499275760	-0.00578826047	0.00667462194
0.06498901898	-0.00583008674	0.00675180981
0.06498535842	-0.00587074872	0.00682708696
0.06498177328	-0.00591029963	0.00690051699
0.06497826867	-0.00594870584	0.00697205980
0.06497483936	-0.00598604626	0.00704179983
0.06497148978	-0.00602229326	0.00710970659
0.06496821444	-0.00605752529	0.00717587124
0.06496501854	-0.00609170468	0.00724025501
0.06496189776	-0.00612489504	0.00730292367
0.06495885145	-0.00615711929	0.00736391562
0.06495588168	-0.00618837099	0.00742322621
0.06495298563	-0.00621869420	0.00748090421
0.06495016259	-0.00624811006	0.00753698030
0.06494741142	-0.00627664324	0.00759149147
0.06494473194	-0.00630430746	0.00764446150
0.06494212337	-0.00633112247	0.00769591710
0.06493958409	-0.00635711557	0.00774589496
0.06493711305	-0.00638230744	0.00779442660
0.06493470916	-0.00640671883	0.00784154336
0.06493237128	-0.00643037009	0.00788727667
0.06493009824	-0.00645328155	0.00793165768
0.06492788830	-0.00647547846	0.00797472657
0.06492574113	-0.00649697151	0.00801650528
0.06492365559	-0.00651777918	0.00805702118
0.06492162999	-0.00653792466	0.00809630812
0.06491966306	-0.00655742692	0.00813439611
0.06491775282	-0.00657631121	0.00817132621
0.06491589837	-0.00659459164	0.00820712831
0.06491410035	-0.00661226711	0.00824180454
0.06491235580	-0.00662937131	0.00827539850
0.06491066569	-0.00664589942	0.00830789944
0.06491003748	-0.00665203234	0.00832010861
0.06490954706	-0.00665681610	0.00833291277
0.06490920048	-0.00666019464	0.00834616180
0.06490900204	-0.00666212837	0.00835970037
0.06490895418	-0.00666259464	0.00837336974
0.06490905750	-0.00666158798	0.00838700966
0.06490931072	-0.00665912018	0.00840046021
0.06490971071	-0.00665522017	0.00841356369
0.06491025252	-0.00664993364	0.00842616648
0.06491092948	-0.00664332253	0.00843812083
0.06491173325	-0.00663546432	0.00844928658
0.06491265397	-0.00662645109	0.00845953282
0.06491368040	-0.00661638847	0.00846873942
0.06491480005	-0.00660539439	0.00847679844
0.06552116192	0.00571578869	-0.00425884637
0.06552402771	0.00568284196	-0.00433399234
0.06552571394	0.00566336590	-0.00436392221
0.06552721786	0.00564593832	-0.00438650228
0.06552866362	0.00562913357	-0.00440520423
0.06553006874	0.00561275249	-0.00442145543
0.06553145781	0.00559651113	-0.00443593654
0.06553285987	0.00558006964	-0.00444899026
0.06553425029	0.00556371630	-0.00446098964
0.06553566034	0.00554708251	-0.00447202705
0.06553709553	0.00553010036	-0.00448221774
0.06553853696	0.00551299129	-0.00449173504
0.06554000271	0.00549553864	-0.00450059733
0.06554150574	0.00547758386	-0.00450881380
0.06554303110	0.00545930164	-0.00451648447
0.06554458167	0.00544065383	-0.00452363933
0.06554616479	0.00542154783	-0.00453028213
0.06554778202	0.00540196008	-0.00453642950
0.06554943475	0.00538186801	-0.00454209403
0.06555112431	0.00536124998	-0.00454728448
0.06555285285	0.00534007336	-0.00455200259
0.06555461942	0.00531834305	-0.00455625999
0.06555642436	0.00529604803	-0.00456006187
0.06555827365	0.00527310691	-0.00456338735
0.06556016456	0.00524954497	-0.00456624823
0.06556209830	0.00522533887	-0.00456864005
0.06556407612	0.00520046365	-0.00457055705
0.06556609887	0.00517489894	-0.00457199293
0.06556816737	0.00514862386	-0.00457294119
0.06557028503	0.00512158379	-0.00457338163
0.06557246223	0.00509363302	-0.00457325667
0.06557467418	0.00506507717	-0.00457267030
0.06557693607	0.00503570802	-0.00457155284
0.06557926762	0.00500525310	-0.00456979612
0.06558162862	0.00497422229	-0.00456757656
0.06558405933	0.00494207061	-0.00456469663
0.06558652995	0.00490917400	-0.00456128302
0.06558906779	0.00487514983	-0.00455718941
0.06559164412	0.00484036375	-0.00455254244
0.06559429302	0.00480433386	-0.00454715465
0.06559698446	0.00476744475	-0.00454115642
0.06559973064	0.00472950737	-0.00453447341
0.06560253711	0.00469041833	-0.00452705295
0.06560540141	0.00465018338	-0.00451888077
0.06560831507	0.00460889289	-0.00450998050
0.06561128436	0.00456642800	-0.00450029495
0.06561430853	0.00452276645	-0.00448979977
0.06561738670	0.00447788589	-0.00447846989
0.06562051790	0.00443176388	-0.00446627961
0.06562370096	0.00438437828	-0.00445320171
0.06562693460	0.00433570691	-0.00443920841
0.06563022440	0.00428562076	-0.00442422181
0.06563355762	0.00423426669	-0.00440827999
0.06563693505	0.00418158557	-0.00439134002
0.06564036268	0.00412743103	-0.00437331342
0.06564383313	0.00407186340	-0.00435419408
0.06564734008	0.00401492713	-0.00433397818
0.06565089228	0.00395641796	-0.00431254189
0.06565447461	0.00389651948	-0.00428993418
0.06565808994	0.00383511739	-0.00426607497
0.06566174089	0.00377209272	-0.00424086690
0.06566541131	0.00370764859	-0.00421436649
0.06566910524	0.00364163653	-0.00418647059
0.06567281833	0.00357404985	-0.00415713258
0.06567654599	0.00350488335	-0.00412630494
0.06568028341	0.00343413329	-0.00409393953
0.06568402560	0.00336179737	-0.00405998802
0.06568776734	0.00328787489	-0.00402440168
0.06569150325	0.00321236694	-0.00398713140
0.06569522770	0.00313527632	-0.00394812812
0.06569893492	0.00305660760	-0.00390734291
0.06570262144	0.00297631246	-0.00386469545
0.06570627982	0.00289442437	-0.00382014240
0.06570989918	0.00281105836	-0.00377369606
0.06571348278	0.00272600101	-0.00372518000
0.06571701229	0.00263954453	-0.00367469841
0.06572049270	0.00255141894	-0.00362204270
0.06572390632	0.00246191749	-0.00356731874
0.06572725410	0.00237085821	-0.00351037077
0.06573052618	0.00227833877	-0.00345118953
0.06573371397	0.00218443317	-0.00338976496
0.06573681233	0.00208911569	-0.00332602891
0.06573981405	0.00199242294	-0.00325994605
0.06574271212	0.00189438710	-0.00319147955
0.06574549925	0.00179505671	-0.00312060515
0.06574816805	0.00169449033	-0.00304730980
0.06575071230	0.00159271227	-0.00297156058
0.06575312574	0.00148975021	-0.00289332612
0.06575540131	0.00138567610	-0.00281260642
0.06575753277	0.00128054034	-0.00272939276
0.06575951422	0.00117438889	-0.00264367727
0.06576133990	0.00106727415	-0.00255545907
0.06576300434	0.00095924955	-0.00246474030
0.06576450318	0.00085030674	-0.00237147605
0.06576582970	0.00074063751	-0.00227577138
0.06576698038	0.00063023123	-0.00217760476
0.06576795155	0.00051908528	-0.00207694465
0.06576873836	0.00040737490	-0.00197389641
0.06576933788	0.00029511784	-0.00186846827
0.06576974733	0.00018230812	-0.00176063754
0.06576996364	0.00006915417	-0.00165055340
0.06576998499	-0.00004442726	-0.00153815380
0.06576980960	-0.00015825486	-0.00142357326
0.06576943617	-0.00027233359	-0.00130681919
0.06576886393	-0.00038657164	-0.00118796651
0.06576809265	-0.00050088904	-0.00106709546
0.06576712209	-0.00061526553	-0.00094423618
0.06576595352	-0.00072955944	-0.00081952578
0.06576458689	-0.00084380750	-0.00069295747
0.06576302520	-0.00095781855	-0.00056471803
0.06576126842	-0.00107166937	-0.00043477645
0.06575932107	-0.00118515495	-0.00030333589
0.06575718409	-0.00129832224	-0.00017040509
0.06575486172	-0.00141104933	-0.00003612272
0.06575235759	-0.00152327644	0.00009940616
0.06574967415	-0.00163500757	0.00023614086
0.06574681812	-0.00174608320	0.00037389229
0.06574379264	-0.00185651000	0.00051259999
0.06574060196	-0.00196625374	0.00065218596
0.06573725351	-0.00207518682	0.00079247817
0.06573375155	-0.00218330202	0.00093339783
0.06573010188	-0.00229054729	0.00107483481
0.06572631014	-0.00239688465	0.00121669448
0.06572238375	-0.00250223389	0.00135883821
0.06571832871	-0.00260656307	0.00150116300
0.06571415150	-0.00270983251	0.00164356179
0.06570985889	-0.00281200010	0.00178592438
0.06570545781	-0.00291302482	0.00192814232
0.06570095528	-0.00301286834	0.00207010791
0.06569635835	-0.00311149471	0.00221171482
0.06569167331	-0.00320888738	0.00235287924
0.06568690896	-0.00330497981	0.00249346951
0.06568207178	-0.00339975690	0.00263339301
0.06567716834	-0.00349320182	0.00277256148
0.06567220508	-0.00358530050	0.00291090106
0.06566719184	-0.00367597822	0.00304826656
0.06566213154	-0.00376528632	0.00318464154
0.06565703547	-0.00385312774	0.00331986619
0.06565190566	-0.00393956633	0.00345393827
0.06564675310	-0.00402451327	0.00358671358
0.06564158192	-0.00410799506	0.00371814648
0.06563639785	-0.00419000921	0.00384818247
0.06563120851	-0.00427052326	0.00397673655
0.06562601968	-0.00434953343	0.00410374589
0.06562083664	-0.00442704182	0.00422915815
0.06561566503	-0.00450304370	0.00435291856
0.06561051028	-0.00457753654	0.00447497604
0.06560537756	-0.00465051995	0.00459528320
0.06560027114	-0.00472200453	0.00471380943
0.06559519669	-0.00479197984	0.00483050517
0.06559015903	-0.00486044636	0.00494532601
0.06558516103	-0.00492742866	0.00505825673
0.06558020669	-0.00499293408	0.00516927682
0.06557530187	-0.00505694427	0.00527833001
0.06557044669	-0.00511951376	0.00538544294
0.06556564796	-0.00518060879	0.00549055414
0.06556090668	-0.00524026866	0.00559367070
0.06555622486	-0.00529851696	0.00569480018
0.06555160789	-0.00535533411	0.00579389996
0.06554705617	-0.00541076036	0.00589098451
0.06554257201	-0.00546481049	0.00598605270
0.06553815749	-0.00551750059	0.00607910585
0.06553381441	-0.00556884802	0.00617014763
0.06552954439	-0.00561887106	0.00625918412
0.06552534880	-0.00566758897	0.00634622358
0.06552122881	-0.00571502191	0.00643127634
0.06551718536	-0.00576119109	0.00651435454
0.06551321921	-0.00580611818	0.00659547235
0.06550932976	-0.00584983884	0.00667466713
0.06550551995	-0.00589234723	0.00675192891
0.06550178934	-0.00593367455	0.00682727880
0.06549813529	-0.00597387429	0.00690077994
0.06549456297	-0.00601291291	0.00697239298
0.06549106715	-0.00605086963	0.00704220159
0.06548765229	-0.00608771694	0.00711017594
0.06548431290	-0.00612353366	0.00717640641
0.06548105421	-0.00615828224	0.00724085505
0.06547787189	-0.00619202657	0.00730358710
0.06547476530	-0.00622478987	0.00736464092
0.06547173652	-0.00625656590	0.00742401225
0.06546878274	-0.00628739902	0.00748174959
0.06546590324	-0.00631731060	0.00753788365
0.06546309686	-0.00634632564	0.00759245137
0.06546036346	-0.00637445811	0.00764547664
0.06545770221	-0.00640172803	0.00769698621
0.06545511150	-0.00642816296	0.00774701673
0.06545259027	-0.00645378389	0.00779559971
0.06545013742	-0.00647861183	0.00784276653
0.06544775181	-0.00650266742	0.00788854862
0.06544543223	-0.00652597126	0.00793297716
0.06544317694	-0.00654854889	0.00797609225
0.06544098559	-0.00657041129	0.00801791599
0.06543885704	-0.00659157717	0.00805847577
0.06543678958	-0.00661207001	0.00809780542
0.06543478190	-0.00663190905	0.00813593496
0.06543283201	-0.00665111982	0.00817290538
0.06543093900	-0.00666971671	0.00820874660
0.06542910350	-0.00668769882	0.00824346106
0.06542732252	-0.00670510011	0.00827709219
0.06542559703	-0.00672191588	0.00830962962
0.06542495870	-0.00672812593	0.00832179967
0.06542445825	-0.00673299060	0.00833457334
0.06542410184	-0.00673645292	0.00834780086
0.06542389389	-0.00673847230	0.00836132717
0.06542383695	-0.00673902508	0.00837499367
0.06542393174	-0.00673810479	0.00838864014
0.06542417708	-0.00673572221	0.00840210659
0.06542456994	-0.00673190526	0.00841523514
0.06542510547	-0.00672669866	0.00842787185
0.06542577706	-0.00672016342	0.00843986859
0.06542657646	-0.00671237612	0.00845108470
0.06542749386	-0.00670342803	0.00846138868
0.06542851806	-0.00669342398	0.00847065973
0.06542963659	-0.00668248124	0.00847878914
0.06603935359	0.00575915594	-0.00425684776
0.06604221026	0.00572630453	-0.00433204338
0.06604389485	0.00570684267	-0.00436199724
0.06604539854	0.00568941400	-0.00438459674
0.06604684473	0.00567260089	-0.00440331682
0.06604825086	0.00565620527	-0.00441958480
0.06604964136	0.00563994467	-0.00443408194
0.06605104512	0.00562348102	-0.00444715195
0.06605243765	0.00560710092	-0.00445916663
0.06605385005	0.00559043765	-0.00447021955
0.06605528783	0.00557342354	-0.00448042615
0.06605673219	0.00555627868	-0.00448995879
0.06605820111	0.00553878747	-0.00449883660
0.06605970750	0.00552079204	-0.00450706929
0.06606123650	0.00550246598	-0.00451475614
0.06606279099	0.00548377121	-0.00452192722
0.06606437828	0.00546461544	-0.00452858657
0.06606599993	0.00544497507	-0.00453475085
0.06606765734	0.00542482747	-0.00454043267
0.06606935184	0.00540415093	-0.00454564081
0.06607108558	0.00538291281	-0.00455037709
0.06607285764	0.00536111779	-0.00455465305
0.06607466836	0.00533875469	-0.00455847387
0.06607652369	0.00531574237	-0.00456181891
0.06607842096	0.00529210575	-0.00456469983
0.06608036136	0.00526782138	-0.00456711219
0.06608234616	0.00524286423	-0.00456905025
0.06608437622	0.00521721381	-0.00457050775
0.06608645236	0.00519084908	-0.00457147819
0.06608857800	0.00516371551	-0.00457194152
0.06609076347	0.00513566786	-0.00457184075
0.06609298412	0.00510700991	-0.00457127845
0.06609525509	0.00507753427	-0.00457018576
0.06609759601	0.00504696961	-0.00456845566
0.06609996687	0.00501582290	-0.00456626221
0.06610240777	0.00498355168	-0.00456341023
0.06610488905	0.00495052967	-0.00456002464
0.06610743792	0.00491637593	-0.00455596079
0.06611002577	0.00488145390	-0.00455134353
0.06611268656	0.00484528387	-0.00454598755
0.06611539042	0.00480824813	-0.00454002136
0.06611814947	0.00477015828	-0.00453337140
0.06612096929	0.00473091113	-0.00452598541
0.06612384741	0.00469051207	-0.00451784900
0.06612677542	0.00464905066	-0.00450898527
0.06612975958	0.00460640831	-0.00449933751
0.06613279915	0.00456256252	-0.00448888138
0.06613589326	0.00451749068	-0.00447759182
0.06613904095	0.00447117012	-0.00446544315
0.06614224107	0.00442357842	-0.00445240817
0.06614549236	0.00437469317	-0.00443845909
0.06614880036	0.00432438558	-0.00442351862
0.06615215241	0.00427280144	-0.00440762397
0.06615554928	0.00421988151	-0.00439073239
0.06615899696	0.00416547976	-0.00437275610
0.06616248808	0.00410965580	-0.00435368858
0.06616601636	0.00405245351	-0.00433352566
0.06616959049	0.00399366921	-0.00431214455
0.06617319544	0.00393348519	-0.00428959310
0.06617683404	0.00387178733	-0.00426579178
0.06618050889	0.00380845679	-0.00424064386
0.06618420389	0.00374369535	-0.00421420457
0.06618792308	0.00367735485	-0.00418637155
0.06619166207	0.00360942823	-0.00415709816
0.06619541629	0.00353990990	-0.00412633683
0.06619918093	0.00346879576	-0.00409403939
0.06620295099	0.00339608314	-0.00406015747
0.06620672124	0.00332177095	-0.00402464229
0.06621048628	0.00324585992	-0.00398744468
0.06621424048	0.00316835246	-0.00394851553
0.06621797805	0.00308925277	-0.00390780583
0.06622169549	0.00300851238	-0.00386523556
0.06622538533	0.00292616427	-0.00382076118
0.06622903670	0.00284232269	-0.00377439417
0.06623265277	0.00275677476	-0.00372595959
0.06623621523	0.00266981121	-0.00367555961
0.06623972900	0.00258116286	-0.00362298755
0.06624317635	0.00249112152	-0.00356834728
0.06624655819	0.00239950570	-0.00351148434
0.06624986462	0.00230641243	-0.00345238887
0.06625308695	0.00221191525	-0.00339105034
0.06625622004	0.00211598834	-0.00332740084
0.06625925656	0.00201866800	-0.00326140490
0.06626218947	0.00191998617	-0.00319302556
0.06626501137	0.00181999108	-0.00312223833
0.06626771483	0.00171874100	-0.00304902985
0.06627029352	0.00161626010	-0.00297336716
0.06627274111	0.00151257595	-0.00289521886
0.06627505044	0.00140776025	-0.00281458458
0.06627721518	0.00130186327	-0.00273145539
0.06627922933	0.00119493090	-0.00264582327
0.06628108703	0.00108701548	-0.00255768716
0.06628278270	0.00097817041	-0.00246704899
0.06628431189	0.00086838753	-0.00237386428
0.06628566776	0.00075785827	-0.00227823670
0.06628684669	0.00064657232	-0.00218014512
0.06628784489	0.00053452731	-0.00207955840
0.06628865741	0.00042189834	-0.00197658071
0.06628928120	0.00030870349	-0.00187122047
0.06628971338	0.00019493717	-0.00176345546
0.06628995075	0.00008080775	-0.00165343338
0.06628999140	-0.00003376736	-0.00154109338
0.06628983343	-0.00014860675	-0.00142656874
0.06628947544	-0.00026371482	-0.00130986739
0.06628891657	-0.00037899938	-0.00119106388
0.06628815647	-0.00049437998	-0.00107023816
0.06628719484	-0.00060983579	-0.00094742071
0.06628603284	-0.00072522468	-0.00082274780
0.06628467033	-0.00084058261	-0.00069621353
0.06628311024	-0.00095571800	-0.00056800336
0.06628135248	-0.00107070672	-0.00043808763
0.06627940149	-0.00118534330	-0.00030666800
0.06627725815	-0.00129967375	-0.00017375428
0.06627492666	-0.00141357550	-0.00003948451
0.06627241061	-0.00152698795	0.00009603630
0.06626971240	-0.00163991421	0.00023276676
0.06626683874	-0.00175219406	0.00037051883
0.06626379272	-0.00186383317	0.00050923140
0.06626057862	-0.00197479646	0.00064882618
0.06625720384	-0.00208495548	0.00078913186
0.06625367264	-0.00219430204	0.00093006916
0.06624999087	-0.00230278317	0.00107152788
0.06624616415	-0.00241035996	0.00121341316
0.06624219996	-0.00251695130	0.00135558666
0.06623810434	-0.00262252427	0.00149794512
0.06623388379	-0.00272703827	0.00164038136
0.06622954516	-0.00283045024	0.00178278506
0.06622509542	-0.00293271823	0.00192504764
0.06622054167	-0.00303380301	0.00206706130
0.06621589104	-0.00313366770	0.00220871958
0.06621114989	-0.00323229487	0.00234993830
0.06620632711	-0.00332961711	0.00249058607
0.06620142928	-0.00342561845	0.00263056996
0.06619646305	-0.00352028119	0.00276980148
0.06619143497	-0.00361359049	0.00290820640
0.06618635498	-0.00370547081	0.00304564004
0.06618122612	-0.00379597272	0.00318208490
0.06617605977	-0.00388499844	0.00331738199
0.06617085810	-0.00397261110	0.00345152790
0.06616563218	-0.00405872120	0.00358437918
0.06616038628	-0.00414335457	0.00371588957
0.06615512625	-0.00422650813	0.00384600430
0.06614985982	-0.00430814883	0.00397463848
0.06614459287	-0.00438827234	0.00410172911
0.06613933082	-0.00446688023	0.00422722362
0.06613407942	-0.00454396728	0.00435106710
0.06612884422	-0.00461953052	0.00447320836
0.06612363049	-0.00469356915	0.00459359988
0.06611844261	-0.00476609339	0.00471221078
0.06611328638	-0.00483709246	0.00482899155
0.06610816671	-0.00490656649	0.00494389772
0.06610308657	-0.00497453981	0.00505691375
0.06609805007	-0.00504101949	0.00516801898
0.06609306315	-0.00510598696	0.00527715742
0.06608812605	-0.00516949660	0.00538435502
0.06608324566	-0.00523151446	0.00548955080
0.06607842305	-0.00529207970	0.00559275144
0.06607366032	-0.00535121587	0.00569396426
0.06606896295	-0.00540890328	0.00579314700
0.06606433141	-0.00546518214	0.00589031378
0.06605976807	-0.00552006722	0.00598546340
0.06605527508	-0.00557357461	0.00607859713
0.06605085431	-0.00562572172	0.00616971861
0.06604650742	-0.00567652687	0.00625883384
0.06604223585	-0.00572600939	0.00634595106
0.06603804082	-0.00577418955	0.00643108055
0.06603392330	-0.00582108865	0.00651423441
0.06602988412	-0.00586672847	0.00659542677
0.06602592268	-0.00591114489	0.00667469475
0.06602204199	-0.00595433218	0.00675202870
0.06601824162	-0.00599632169	0.00682744965
0.06601451895	-0.00603716718	0.00690102025
0.06601087921	-0.00607683521	0.00697270189
0.06600731715	-0.00611540531	0.00704257747
0.06600383728	-0.00615285011	0.00711061785
0.06600043409	-0.00618924874	0.00717691261
0.06599711286	-0.00622456381	0.00724142462
0.06599386924	-0.00625885949	0.00730421860
0.06599070261	-0.00629215930	0.00736533284
0.06598761506	-0.00632445719	0.00742476350
0.06598460377	-0.00635579778	0.00748255882
0.06598166802	-0.00638620276	0.00753874951
0.06597880665	-0.00641569737	0.00759337248
0.06597601951	-0.00644429588	0.00764645171
0.06597330578	-0.00647201854	0.00769801401
0.06597066383	-0.00649889323	0.00774809597
0.06596809261	-0.00652494118	0.00779672911
0.06596559098	-0.00655018371	0.00784394484
0.06596315780	-0.00657464172	0.00788977459
0.06596079185	-0.00659833608	0.00793424957
0.06595849137	-0.00662129264	0.00797740981
0.06595625601	-0.00664352263	0.00801927753
0.06595408459	-0.00666504504	0.00805988019
0.06595197541	-0.00668588360	0.00809925157
0.06594992713	-0.00670605782	0.00813742171
0.06594793774	-0.00672559353	0.00817443152
0.06594600630	-0.00674450539	0.00821031096
0.06594413344	-0.00676279269	0.00824506279
0.06594231616	-0.00678048966	0.00827873024
0.06594055540	-0.00679759176	0.00831130333
0.06593990710	-0.00680387771	0.00832343426
0.06593939673	-0.00680882211	0.00833617731
0.06593903059	-0.00681236701	0.00834938308
0.06593881320	-0.00681447089	0.00836289675
0.06593874724	-0.00681510908	0.00837655988
0.06593883354	-0.00681427412	0.00839021229
0.06593907101	-0.00681197578	0.00840369390
0.06593945674	-0.00680824099	0.00841684668
0.06593998594	-0.00680311353	0.00842951640
0.06594065212	-0.00679665346	0.00844155453
0.06594144707	-0.00678893649	0.00845281993
0.06594236105	-0.00678005305	0.00846318052
0.06594338290	-0.00677010724	0.00847251485
0.06594450018	-0.00675921563	0.00848071346
0.06655755755	0.00580238164	-0.00425491460
0.06656040529	0.00576962289	-0.00433015860
0.06656208829	0.00575017410	-0.00436013575
0.06656359179	0.00573274350	-0.00438275413
0.06656503845	0.00571592129	-0.00440149180
0.06656644560	0.00569951048	-0.00441777604
0.06656783755	0.00568323006	-0.00443228873
0.06656924302	0.00566674370	-0.00444537454
0.06657063767	0.00565033633	-0.00445740403
0.06657205244	0.00563364309	-0.00446847199
0.06657349280	0.00561659655	-0.00447869399
0.06657494008	0.00559941547	-0.00448824149
0.06657641217	0.00558188527	-0.00449713431
0.06657792192	0.00556384878	-0.00450538270
0.06657945455	0.00554547849	-0.00451308523
0.06658101295	0.00552673636	-0.00452027201
0.06658260440	0.00550753045	-0.00452694738
0.06658423045	0.00548783710	-0.00453312802
0.06658589252	0.00546763363	-0.00453882657
0.06658759193	0.00544689824	-0.00454405183
0.06658933085	0.00542559830	-0.00454880570
0.06659110836	0.00540373824	-0.00455309963
0.06659292483	0.00538130676	-0.00455693877
0.06659478618	0.00535822294	-0.00456030274
0.06659668977	0.00533451134	-0.00456320306
0.06659863680	0.00531014844	-0.00456563530
0.06660062854	0.00528510910	-0.00456759376
0.06660266585	0.00525937269	-0.00456907218
0.06660474959	0.00523291808	-0.00457006409
0.06660688316	0.00520569076	-0.00457054959
0.06660907684	0.00517754600	-0.00457047225
0.06661130614	0.00514878573	-0.00456993326
0.06661358613	0.00511920340	-0.00456886456
0.06661593634	0.00508852881	-0.00456716024
0.06661831700	0.00505726601	-0.00456499208
0.06662076801	0.00502487509	-0.00456216720
0.06662325987	0.00499172753	-0.00455880876
0.06662581968	0.00495744407	-0.00455477374
0.06662841898	0.00492238597	-0.00455018527
0.06663109157	0.00488607569	-0.00454486014
0.06663380774	0.00484889322	-0.00453892502
0.06663657958	0.00481065082	-0.00453230711
0.06663941263	0.00477124551	-0.00452495453
0.06664230447	0.00473068228	-0.00451685283
0.06664524672	0.00468904993	-0.00450802456
0.06664824563	0.00464623012	-0.00449841346
0.06665130047	0.00460220009	-0.00448799522
0.06665441039	0.00455693702	-0.00447674480
0.06665757444	0.00451041796	-0.00446463652
0.06666079148	0.00446262026	-0.00445164321
0.06666406026	0.00441352123	-0.00443773709
0.06666738631	0.00436299235	-0.00442284143
0.06667075702	0.00431117829	-0.00440699259
0.06667417317	0.00425801975	-0.00439014802
0.06667764072	0.00420337101	-0.00437222063
0.06668115234	0.00414729100	-0.00435320348
0.06668470175	0.00408982299	-0.00433309206
0.06668829764	0.00403076388	-0.00431176460
0.06669192500	0.00397029471	-0.00428926788
0.06669558666	0.00390830148	-0.00426552286
0.06669928521	0.00384466553	-0.00424043346
0.06670300458	0.00377958729	-0.00421405365
0.06670674878	0.00371291891	-0.00418628182
0.06671051345	0.00364465293	-0.00415707133
0.06671429400	0.00357478344	-0.00412637456
0.06671808561	0.00350330594	-0.00409414331
0.06672188328	0.00343021739	-0.00406032916
0.06672568179	0.00335551633	-0.00402488330
0.06672947570	0.00327920311	-0.00398775650
0.06673325938	0.00320127977	-0.00394889958
0.06673702702	0.00312175014	-0.00390826347
0.06674077510	0.00304056561	-0.00386576846
0.06674449613	0.00295775866	-0.00382137077
0.06674817920	0.00287344277	-0.00377508111
0.06675182747	0.00278740560	-0.00372672599
0.06675542258	0.00269993641	-0.00367640561
0.06675896941	0.00261076681	-0.00362391518
0.06676245020	0.00252018719	-0.00356935655
0.06676586580	0.00242801653	-0.00351257660
0.06676920626	0.00233435124	-0.00345356486
0.06677246285	0.00223926437	-0.00339231031
0.06677563035	0.00214273003	-0.00332874532
0.06677870138	0.00204478421	-0.00326283426
0.06678166882	0.00194545858	-0.00319454005
0.06678452522	0.00184480110	-0.00312383798
0.06678726305	0.00174286975	-0.00305071437
0.06678987589	0.00163968856	-0.00297513624
0.06679235735	0.00153528496	-0.00289707215
0.06679470017	0.00142973044	-0.00281652137
0.06679689792	0.00132307512	-0.00273347477
0.06679894452	0.00121536483	-0.00264792419
0.06680083399	0.00110665185	-0.00255986835
0.06680256067	0.00099698956	-0.00246930904
0.06680411999	0.00088636997	-0.00237620214
0.06680550501	0.00077498416	-0.00228065001
0.06680671199	0.00066282214	-0.00218263189
0.06680773705	0.00054988179	-0.00208211702
0.06680857512	0.00043633806	-0.00197920842
0.06680922302	0.00032220937	-0.00187391467
0.06680967780	0.00020749052	-0.00176621406
0.06680993612	0.00009238980	-0.00165625280
0.06680999598	-0.00002317469	-0.00154397123
0.06680985536	-0.00013902149	-0.00142950142
0.06680951277	-0.00025515439	-0.00131285179
0.06680896723	-0.00037148084	-0.00119409654
0.06680821831	-0.00048791994	-0.00107331533
0.06680726562	-0.00060445025	-0.00095053900
0.06680611021	-0.00072092922	-0.00082590294
0.06680475189	-0.00083739202	-0.00069940219
0.06680319347	-0.00095364668	-0.00057122086
0.06680143484	-0.00106976814	-0.00044133063
0.06679948031	-0.00118555047	-0.00030993170
0.06679733077	-0.00130103876	-0.00017703492
0.06679499033	-0.00141610979	-0.00004277770
0.06679246253	-0.00153070213	0.00009273497
0.06678974977	-0.00164481801	0.00022946102
0.06678685869	-0.00175829650	0.00036721347
0.06678379239	-0.00187114231	0.00050593056
0.06678055513	-0.00198331948	0.00064553368
0.06677715431	-0.00209469874	0.00078585229
0.06677359418	-0.00220527092	0.00092680658
0.06676988062	-0.00231498214	0.00106828630
0.06676601927	-0.00242379256	0.00121019638
0.06676201764	-0.00253162018	0.00135239872
0.06675788179	-0.00263843112	0.00149478986
0.06675361829	-0.00274418383	0.00163726246
0.06674923402	-0.00284883434	0.00177970609
0.06674473605	-0.00295233977	0.00192201209
0.06674013150	-0.00305465996	0.00206407250
0.06673542760	-0.00315575715	0.00220578076
0.06673063078	-0.00325561301	0.00234705234
0.06672575002	-0.00335415928	0.00248775609
0.06672079198	-0.00345137909	0.00262779882
0.06671576343	-0.00354725391	0.00276709174
0.06671067100	-0.00364176812	0.00290556034
0.06670552473	-0.00373484537	0.00304306038
0.06670032778	-0.00382653548	0.00317957337
0.06669509164	-0.00391673991	0.00331494107
0.06668981857	-0.00400552110	0.00344915898
0.06668451979	-0.00409278888	0.00358208433
0.06667919965	-0.00417856840	0.00371367029
0.06667386414	-0.00426285599	0.00384386182
0.06666852109	-0.00434561803	0.00397257413
0.06666317651	-0.00442684962	0.00409974407
0.06665783593	-0.00450655182	0.00422531883
0.06665250522	-0.00458471893	0.00434924337
0.06664719003	-0.00466134753	0.00447146638
0.06664189576	-0.00473643640	0.00459194022
0.06663662690	-0.00480999539	0.00471063375
0.06663138934	-0.00488201339	0.00482749750
0.06662618810	-0.00495249020	0.00494248696
0.06662102627	-0.00502144985	0.00505558627
0.06661590805	-0.00508889922	0.00516677461
0.06661083948	-0.00515481945	0.00527599626
0.06660582088	-0.00521926481	0.00538327652
0.06660085924	-0.00528220114	0.00548855488
0.06659595572	-0.00534366749	0.00559183761
0.06659111249	-0.00540368736	0.00569313180
0.06658633511	-0.00546224093	0.00579239555
0.06658162414	-0.00551936839	0.00588964262
0.06657698201	-0.00557508449	0.00598487175
0.06657241092	-0.00562940533	0.00607808418
0.06656791282	-0.00568234835	0.00616928348
0.06656348943	-0.00573393193	0.00625847562
0.06655914223	-0.00578417547	0.00634566878
0.06655487249	-0.00583309932	0.00643087320
0.06655068125	-0.00588072490	0.00651410095
0.06654656935	-0.00592707412	0.00659536613
0.06654253625	-0.00597218302	0.00667470560
0.06653858497	-0.00601604602	0.00675211005
0.06653471515	-0.00605869460	0.00682760040
0.06653092416	-0.00610018280	0.00690123885
0.06652721728	-0.00614047730	0.00697298750
0.06652358926	-0.00617965790	0.00704292851
0.06652004464	-0.00621769737	0.00711103338
0.06651657792	-0.00625467518	0.00717739095
0.06651319440	-0.00629055408	0.00724196486
0.06650988974	-0.00632539852	0.00730481933
0.06650666331	-0.00635923231	0.00736599261
0.06650351721	-0.00639204960	0.00742548124
0.06650044864	-0.00642389530	0.00748333320
0.06649745686	-0.00645479134	0.00753957922
0.06649454072	-0.00648476329	0.00759425615
0.06649170005	-0.00651382564	0.00764738810
0.06648893404	-0.00654199893	0.00769900193
0.06648624105	-0.00656931130	0.00774913414
0.06648362001	-0.00659578428	0.00779781630
0.06648106978	-0.00662143945	0.00784507981
0.06647858921	-0.00664629798	0.00789095613
0.06647617706	-0.00667038103	0.00793547649
0.06647383156	-0.00669371475	0.00797868084
0.06647155235	-0.00671631061	0.00802059154
0.06646933823	-0.00673818787	0.00806123609
0.06646718747	-0.00675937053	0.00810064825
0.06646509873	-0.00677987836	0.00813885807
0.06646306997	-0.00679973748	0.00817590636
0.06646110025	-0.00681896283	0.00821182315
0.06645919016	-0.00683755389	0.00824661149
0.06645733670	-0.00685554515	0.00828031444
0.06645554080	-0.00687293224	0.00831292239
0.06645488266	-0.00687929291	0.00832501421
0.06645436250	-0.00688431585	0.00833772653
0.06645398673	-0.00688794218	0.00835091031
0.06645375999	-0.00689012942	0.00836441098
0.06645368507	-0.00689085193	0.00837807026
0.06645376291	-0.00689010126	0.00839172800
0.06645399253	-0.00688788620	0.00840522409
0.06645437111	-0.00688423270	0.00841840028
0.06645489398	-0.00687918357	0.00843110211
0.06645555468	-0.00687279798	0.00844318065
0.06645634511	-0.00686515075	0.00845449430
0.06645725557	-0.00685633150	0.00846491041
0.06645827496	-0.00684644358	0.00847430687
0.06645939086	-0.00683560287	0.00848257350
0.06707577356	0.00584546846	-0.00425304483
0.06707861253	0.00581279978	-0.00432833595
0.06708029402	0.00579336300	-0.00435833576
0.06708179736	0.00577592962	-0.00438097247
0.06708324451	0.00575909762	-0.00439972721
0.06708465272	0.00574267099	-0.00441602724
0.06708604612	0.00572637018	-0.00443055498
0.06708745331	0.00570986058	-0.00444365611
0.06708885009	0.00569342543	-0.00445569995
0.06709026723	0.00567670176	-0.00446678248
0.06709171018	0.00565962233	-0.00447701941
0.06709316038	0.00564240461	-0.00448658129
0.06709463564	0.00562483500	-0.00449548865
0.06709614874	0.00560675705	-0.00450375225
0.06709768500	0.00558834215	-0.00451146995
0.06709924729	0.00556955230	-0.00451867193
0.06710084288	0.00555029589	-0.00452536280
0.06710247332	0.00553054921	-0.00453155928
0.06710414003	0.00551028952	-0.00453727403
0.06710584434	0.00548949497	-0.00454251587
0.06710758841	0.00546813287	-0.00454728676
0.06710937136	0.00544620747	-0.00455159807
0.06711119354	0.00542370732	-0.00455545494
0.06711306088	0.00540055170	-0.00455883726
0.06711497076	0.00537676485	-0.00456175636
0.06711692437	0.00535232314	-0.00456420784
0.06711892301	0.00532720134	-0.00456618604
0.06712096754	0.00530137870	-0.00456768472
0.06712305883	0.00527483397	-0.00456869741
0.06712520027	0.00524751266	-0.00456920438
0.06712740211	0.00521927057	-0.00456914973
0.06712964000	0.00519040778	-0.00456863332
0.06713192895	0.00516071856	-0.00456758785
0.06713428840	0.00512993384	-0.00456590853
0.06713667879	0.00509855478	-0.00456376486
0.06713913984	0.00506604399	-0.00456096623
0.06714164221	0.00503277073	-0.00455763410
0.06714421288	0.00499835740	-0.00455362704
0.06714682354	0.00496316312	-0.00454906647
0.06714950785	0.00492671246	-0.00454377125
0.06715223624	0.00488938317	-0.00453786625
0.06715502077	0.00485098814	-0.00453127941
0.06715786695	0.00481142460	-0.00452395926
0.06716077239	0.00477069716	-0.00451589122
0.06716372878	0.00472889385	-0.00450709734
0.06716674232	0.00468589656	-0.00449752182
0.06716981231	0.00464168231	-0.00448714036
0.06717293791	0.00459622804	-0.00447592793
0.06717611818	0.00454951054	-0.00446385888
0.06717935200	0.00450150691	-0.00445090603
0.06718263813	0.00445219422	-0.00443704162
0.06718598209	0.00440144416	-0.00442218950
0.06718937131	0.00434940036	-0.00440638518
0.06719280657	0.00429600340	-0.00438958629
0.06719629383	0.00424110788	-0.00437170642
0.06719982576	0.00418477207	-0.00435273823
0.06720339614	0.00412703863	-0.00433267688
0.06720701359	0.00406770503	-0.00431140161
0.06721066317	0.00400695106	-0.00428895810
0.06721434769	0.00394466288	-0.00426526786
0.06721806972	0.00388072196	-0.00424023539
0.06722181325	0.00381532740	-0.00421391346
0.06722558226	0.00374833167	-0.00418620120
0.06722937237	0.00367972693	-0.00415705194
0.06723317901	0.00360950690	-0.00412641803
0.06723699736	0.00353766673	-0.00409425124
0.06724082240	0.00346420299	-0.00406050311
0.06724464891	0.00338911387	-0.00402512477
0.06724847144	0.00331239933	-0.00398806696
0.06725228434	0.00323406105	-0.00394928043
0.06725608179	0.00315410249	-0.00390871605
0.06725986023	0.00307247488	-0.00386629439
0.06726361217	0.00298921025	-0.00382197149
0.06726732667	0.00290442127	-0.00377575726
0.06727100684	0.00281789617	-0.00372747965
0.06727463431	0.00272992272	-0.00367723691
0.06727821392	0.00264023335	-0.00362482612
0.06728172785	0.00254911701	-0.00357034717
0.06728517692	0.00245639316	-0.00351364822
0.06728855112	0.00236215760	-0.00345471820
0.06729184167	0.00226648288	-0.00339354564
0.06729504328	0.00216934305	-0.00333006318
0.06729814853	0.00207077379	-0.00326423501
0.06730115023	0.00197080653	-0.00319602396
0.06730404082	0.00186948892	-0.00312540508
0.06730681273	0.00176687865	-0.00305236440
0.06730945946	0.00166299965	-0.00297686891
0.06731197451	0.00155787920	-0.00289888713
0.06731435056	0.00145158856	-0.00281841798
0.06731658106	0.00134417772	-0.00273545213
0.06731865985	0.00123569244	-0.00264998128
0.06732058086	0.00112618495	-0.00256200397
0.06732233831	0.00101570860	-0.00247152180
0.06732392756	0.00090425558	-0.00237849105
0.06732534151	0.00079201662	-0.00228301276
0.06732657635	0.00067898204	-0.00218506653
0.06732762810	0.00056514999	-0.00208462201
0.06732849155	0.00045069525	-0.00198178106
0.06732916343	0.00033563658	-0.00187655245
0.06732964068	0.00021996918	-0.00176891494
0.06732991983	0.00010390125	-0.00165901330
0.06732999881	-0.00001264843	-0.00154678901
0.06732987547	-0.00012949830	-0.00143237297
0.06732954822	-0.00024665162	-0.00131577408
0.06732901598	-0.00036401545	-0.00119706619
0.06732827823	-0.00048150844	-0.00107632869
0.06732733449	-0.00059910853	-0.00095359276
0.06732618569	-0.00071667277	-0.00082899294
0.06732483161	-0.00083423555	-0.00070252517
0.06732327494	-0.00095160449	-0.00057437225
0.06732151552	-0.00106885362	-0.00044450718
0.06731955759	-0.00118577656	-0.00031312872
0.06731740198	-0.00130241747	-0.00018024873
0.06731505274	-0.00141865248	-0.00004600403
0.06731251338	-0.00153441936	0.00008950044
0.06730978626	-0.00164971944	0.00022622194
0.06730687798	-0.00176439111	0.00036397453
0.06730379165	-0.00187843810	0.00050269579
0.06730053149	-0.00199182358	0.00064230682
0.06729710489	-0.00210441747	0.00078263783
0.06729351614	-0.00221620963	0.00092360849
0.06728977110	-0.00232714527	0.00106510850
0.06728587546	-0.00243718362	0.00120704257
0.06728183672	-0.00254624180	0.00134927288
0.06727766101	-0.00265428498	0.00149169572
0.06727335494	-0.00276127067	0.00163420364
0.06726892543	-0.00286715396	0.00177668609
0.06726437960	-0.00297189108	0.00191903429
0.06725972467	-0.00307544095	0.00206114020
0.06725496792	-0.00317776489	0.00220289711
0.06725011587	-0.00327884372	0.00234422014
0.06724517757	-0.00337860831	0.00248497841
0.06724015977	-0.00347704091	0.00262507845
0.06723506935	-0.00357412217	0.00276443120
0.06722991303	-0.00366983567	0.00290296184
0.06722470096	-0.00376410427	0.00304052661
0.06721943639	-0.00385697701	0.00317710601
0.06721413092	-0.00394835465	0.00331254257
0.06720878694	-0.00403829891	0.00344683067
0.06720341577	-0.00412671896	0.00357982826
0.06719802188	-0.00421363928	0.00371148794
0.06719261136	-0.00429905561	0.00384175439
0.06718719217	-0.00438293375	0.00397054292
0.06718177044	-0.00446526825	0.00409779023
0.06717635180	-0.00454605964	0.00422344328
0.06717094226	-0.00462530177	0.00434744693
0.06716554755	-0.00470299074	0.00446974972
0.06716017320	-0.00477912494	0.00459030389
0.06715482382	-0.00485371386	0.00470907808
0.06714950539	-0.00492674603	0.00482602282
0.06714422304	-0.00499822093	0.00494109359
0.06713897997	-0.00506816231	0.00505427418
0.06713378046	-0.00513657682	0.00516554366
0.06712863067	-0.00520344537	0.00527484656
0.06712353100	-0.00526882207	0.00538220753
0.06711848853	-0.00533267260	0.00548756650
0.06711350451	-0.00539503585	0.00559092940
0.06710858120	-0.00545593527	0.00569230304
0.06710372422	-0.00551535097	0.00579164589
0.06709893419	-0.00557332306	0.00588897136
0.06709421365	-0.00562986629	0.00598427815
0.06708956485	-0.00568499679	0.00607756743
0.06708498979	-0.00573873200	0.00616884273
0.06708049025	-0.00579109038	0.00625810998
0.06707606778	-0.00584209139	0.00634537731
0.06707172368	-0.00589175547	0.00643065493
0.06706745905	-0.00594010414	0.00651395486
0.06706327476	-0.00598715944	0.00659529116
0.06705917031	-0.00603295759	0.00667470046
0.06705514877	-0.00607749314	0.00675217378
0.06705120980	-0.00612079773	0.00682773193
0.06704735079	-0.00616292564	0.00690143664
0.06704357705	-0.00620384368	0.00697325076
0.06703988336	-0.00624363192	0.00704325568
0.06703627427	-0.00628226330	0.00711142356
0.06703274428	-0.00631981759	0.00717784249
0.06702929873	-0.00635625769	0.00724247689
0.06702593328	-0.00639164833	0.00730539045
0.06702264728	-0.00642601361	0.00736662141
0.06701944289	-0.00645934789	0.00742616667
0.06701631726	-0.00649169634	0.00748407398
0.06701326967	-0.00652308116	0.00754037405
0.06701029897	-0.00655352820	0.00759510372
0.06700740499	-0.00658305224	0.00764828718
0.06700458690	-0.00661167405	0.00769995135
0.06700184307	-0.00663942207	0.00775013268
0.06699917241	-0.00666631809	0.00779886273
0.06699657377	-0.00669238397	0.00784617293
0.06699404598	-0.00671764117	0.00789209475
0.06699158781	-0.00674211110	0.00793665945
0.06698919746	-0.00676582021	0.00797990690
0.06698687456	-0.00678878024	0.00802185961
0.06698461789	-0.00681101069	0.00806254509
0.06698242571	-0.00683253585	0.00810199710
0.06698029666	-0.00685337574	0.00814024569
0.06697822868	-0.00687355677	0.00817733159
0.06697622080	-0.00689309414	0.00821328488
0.06697427363	-0.00691198755	0.00824810890
0.06697238411	-0.00693027174	0.00828184653
0.06697055319	-0.00694794249	0.00831448856
0.06696988535	-0.00695437673	0.00832654131
0.06696935552	-0.00695947703	0.00833922281
0.06696897023	-0.00696318365	0.00835238437
0.06696873422	-0.00696545313	0.00836587170
0.06696865040	-0.00696625889	0.00837952665
0.06696871983	-0.00696559149	0.00839318916
0.06696894162	-0.00696345875	0.00840669902
0.06696931306	-0.00695988566	0.00841989786
0.06696982955	-0.00695491409	0.00843263092
0.06697048474	-0.00694860228	0.00844474892
0.06697127058	-0.00694102421	0.00845610980
0.06697217744	-0.00693226868	0.00846658035
0.06697319425	-0.00692243829	0.00847603782
0.06697430864	-0.00691164825	0.00848437133
0.06759400133	0.00588841948	-0.00425123614
0.06759683171	0.00585583838	-0.00432657319
0.06759851173	0.00583641258	-0.00435659504
0.06760001496	0.00581897563	-0.00437924955
0.06760146264	0.00580213315	-0.00439802088
0.06760287191	0.00578569009	-0.00441433621
0.06760426679	0.00576936835	-0.00442887857
0.06760567572	0.00575283498	-0.00444199456
0.06760707464	0.00573637158	-0.00445405231
0.06760849415	0.00571961702	-0.00446514895
0.06760993969	0.00570250427	-0.00447540035
0.06761139281	0.00568524948	-0.00448497616
0.06761287123	0.00566764008	-0.00449389760
0.06761438768	0.00564952027	-0.00450217594
0.06761592755	0.00563106039	-0.00450990833
0.06761749373	0.00561222247	-0.00451712502
0.06761909345	0.00559291521	-0.00452383091
0.06762072826	0.00557311486	-0.00453004272
0.06762239960	0.00555279863	-0.00453577315
0.06762410879	0.00553194458	-0.00454103104
0.06762585799	0.00551052004	-0.00454581841
0.06762764634	0.00548852899	-0.00455014656
0.06762947422	0.00546595987	-0.00455402061
0.06763134751	0.00544273217	-0.00455742068
0.06763326364	0.00541886980	-0.00456035796
0.06763522380	0.00539434901	-0.00456282807
0.06763722930	0.00536914450	-0.00456482540
0.06763928101	0.00534323538	-0.00456634369
0.06764137980	0.00531660029	-0.00456737652
0.06764352907	0.00528918477	-0.00456790427
0.06764573903	0.00526084512	-0.00456787162
0.06764798545	0.00523187960	-0.00456737708
0.06765028329	0.00520208329	-0.00456635411
0.06765265192	0.00517118826	-0.00456469901
0.06765505198	0.00513969276	-0.00456257907
0.06765752300	0.00510706194	-0.00455980589
0.06766003581	0.00507366283	-0.00455649926
0.06766261726	0.00503911950	-0.00455251931
0.06766523921	0.00500378890	-0.00454798579
0.06766793514	0.00496719775	-0.00454271958
0.06767067567	0.00492972154	-0.00453684379
0.06767347278	0.00489117381	-0.00453028710
0.06767633201	0.00485145196	-0.00452299840
0.06767925096	0.00481056027	-0.00451496303
0.06768222136	0.00476858596	-0.00450620253
0.06768524942	0.00472541118	-0.00449666154
0.06768833444	0.00468101272	-0.00448631578
0.06769147561	0.00463536727	-0.00447514024
0.06769467198	0.00458845138	-0.00446310928
0.06769792245	0.00454024190	-0.00445019573
0.06770122579	0.00449071563	-0.00443637184
0.06770458750	0.00443974453	-0.00442156202
0.06770799508	0.00438747111	-0.00440580096
0.06771144930	0.00433383591	-0.00438904647
0.06771495610	0.00427869383	-0.00437121279
0.06771850819	0.00422210244	-0.00435229222
0.06772209934	0.00416410384	-0.00433227955
0.06772573818	0.00410449606	-0.00431105503
0.06772940979	0.00404345764	-0.00428866330
0.06773311698	0.00398087488	-0.00426502636
0.06773686230	0.00391662940	-0.00424004930
0.06774062978	0.00385091901	-0.00421378370
0.06774442337	0.00378359642	-0.00418612943
0.06774823872	0.00371465348	-0.00415703978
0.06775207122	0.00364408353	-0.00412646709
0.06775591608	0.00357188135	-0.00409436309
0.06775976826	0.00349804314	-0.00406067926
0.06776362252	0.00342256672	-0.00402536673
0.06776747341	0.00334545170	-0.00398837614
0.06777131528	0.00326669938	-0.00394965822
0.06777514228	0.00318631284	-0.00390916376
0.06777895082	0.00310424320	-0.00386681363
0.06778273340	0.00302052199	-0.00382256366
0.06778647905	0.00293526110	-0.00377642300
0.06779019085	0.00284824933	-0.00372822100
0.06779385041	0.00275977297	-0.00367805402
0.06779746250	0.00266956525	-0.00362572095
0.06780100929	0.00257791370	-0.00357131975
0.06780449154	0.00248463826	-0.00351469986
0.06780789919	0.00238983411	-0.00345584963
0.06781122342	0.00229357334	-0.00339475714
0.06781445886	0.00219582990	-0.00333135527
0.06781759804	0.00209663919	-0.00326560807
0.06782063369	0.00199603237	-0.00319747826
0.06782355821	0.00189405682	-0.00312694067
0.06782636392	0.00179076995	-0.00305398103
0.06782904426	0.00168619553	-0.00297856630
0.06783159264	0.00158036075	-0.00290066498
0.06783400165	0.00147333660	-0.00282027565
0.06783626466	0.00136517298	-0.00273738876
0.06783837539	0.00125591558	-0.00265199589
0.06784032770	0.00114561654	-0.00256409539
0.06784211570	0.00103432921	-0.00247368870
0.06784373465	0.00092204596	-0.00238073245
0.06784517734	0.00080895717	-0.00228532643
0.06784643985	0.00069505345	-0.00218745059
0.06784751811	0.00058033324	-0.00208707495
0.06784840677	0.00046497115	-0.00198430026
0.06784910249	0.00034898627	-0.00187913546
0.06784960208	0.00023237421	-0.00177155978
0.06784990196	0.00011534306	-0.00166171655
0.06784999996	-0.00000218769	-0.00154954843
0.06784989382	-0.00012003645	-0.00143518512
0.06784958186	-0.00023820587	-0.00131863601
0.06784906289	-0.00035660266	-0.00119997461
0.06784833629	-0.00047514502	-0.00107928003
0.06784740149	-0.00059381027	-0.00095658379
0.06784625935	-0.00071245509	-0.00083201959
0.06784490954	-0.00083111305	-0.00070558428
0.06784335469	-0.00094959139	-0.00057745934
0.06784159458	-0.00106796322	-0.00044761910
0.06783963335	-0.00118602174	-0.00031626085
0.06783747179	-0.00130381014	-0.00018339751
0.06783511391	-0.00142120395	-0.00004916527
0.06783256316	-0.00153814012	0.00008633097
0.06782982188	-0.00165461910	0.00022304779
0.06782689662	-0.00177047858	0.00036080028
0.06782379048	-0.00188572134	0.00049952539
0.06782050767	-0.00200030965	0.00063914393
0.06781705558	-0.00211411268	0.00077948682
0.06781343849	-0.00222711928	0.00092047326
0.06780966228	-0.00233927376	0.00106199288
0.06780573266	-0.00245053446	0.00120395019
0.06780165716	-0.00256081758	0.00134620761
0.06779744194	-0.00267008736	0.00148866124
0.06779309365	-0.00277830038	0.00163120346
0.06778861928	-0.00288541081	0.00177372364
0.06778402601	-0.00299137396	0.00191611290
0.06777932110	-0.00309614785	0.00205826308
0.06777451191	-0.00319969291	0.00220006734
0.06776960505	-0.00330198907	0.00234144048
0.06776460964	-0.00340296638	0.00248225186
0.06775953254	-0.00350260619	0.00262240773
0.06775438069	-0.00360088832	0.00276181880
0.06774916094	-0.00369779557	0.00290040991
0.06774388352	-0.00379325002	0.00303803778
0.06773855179	-0.00388729995	0.00317468193
0.06773317747	-0.00397984537	0.00331018564
0.06772776305	-0.00407094733	0.00344454220
0.06772231996	-0.00416051432	0.00357761026
0.06771685279	-0.00424857016	0.00370934186
0.06771136774	-0.00433511000	0.00383968139
0.06770587289	-0.00442009908	0.00396854430
0.06770037448	-0.00450353138	0.00409586711
0.06769487826	-0.00458540694	0.00422159658
0.06768939035	-0.00466571910	0.00434567742
0.06768391660	-0.00474446354	0.00446805809
0.06767846264	-0.00482163823	0.00458869068
0.06767303318	-0.00489725231	0.00470754359
0.06766763433	-0.00497129395	0.00482456741
0.06766227133	-0.00504376232	0.00493971755
0.06765694746	-0.00511468088	0.00505297751
0.06765166711	-0.00518405607	0.00516432622
0.06764643654	-0.00525186855	0.00527370845
0.06764125622	-0.00531817228	0.00538114822
0.06763613335	-0.00538293276	0.00548658593
0.06763106925	-0.00544618877	0.00559002710
0.06762606625	-0.00550796368	0.00569147834
0.06762113006	-0.00556823750	0.00579089844
0.06761626139	-0.00562705032	0.00588830049
0.06761146282	-0.00568441686	0.00598368313
0.06760673668	-0.00574035325	0.00607704748
0.06760208503	-0.00579487700	0.00616839701
0.06759750971	-0.00584800659	0.00625773763
0.06759301231	-0.00589976155	0.00634507741
0.06758859421	-0.00595016243	0.00643042653
0.06758425652	-0.00599923085	0.00651379697
0.06758000018	-0.00604698896	0.00659520275
0.06757582471	-0.00609347316	0.00667468028
0.06757173322	-0.00613867816	0.00675222087
0.06756772540	-0.00618263571	0.00682784526
0.06756379867	-0.00622540038	0.00690161472
0.06755995837	-0.00626693907	0.00697349280
0.06755619928	-0.00630733215	0.00704356017
0.06755252600	-0.00634655269	0.00711178962
0.06754893301	-0.00638468078	0.00717826849
0.06754542570	-0.00642167949	0.00724296199
0.06754199970	-0.00645761381	0.00730593331
0.06753865440	-0.00649250812	0.00736722061
0.06753539194	-0.00652635699	0.00742682122
0.06753220949	-0.00655920586	0.00748478260
0.06752910633	-0.00659107720	0.00754113551
0.06752608129	-0.00662199714	0.00759591670
0.06752313420	-0.00665198072	0.00764915051
0.06752026425	-0.00668104899	0.00770086388
0.06751746977	-0.00670923064	0.00775109319
0.06751474968	-0.00673654775	0.00779987004
0.06751210282	-0.00676302244	0.00784722587
0.06750952801	-0.00678867645	0.00789319217
0.06750702400	-0.00681353147	0.00793780020
0.06750458897	-0.00683761424	0.00798108978
0.06750222253	-0.00686093675	0.00802308353
0.06749992348	-0.00688351876	0.00806380903
0.06749769004	-0.00690538483	0.00810329998
0.06749552083	-0.00692655525	0.00814158647
0.06749341378	-0.00694705669	0.00817870913
0.06749136789	-0.00696690465	0.00821469809
0.06748938376	-0.00698609900	0.00824955698
0.06748745833	-0.00700467476	0.00828332852
0.06748559252	-0.00702262787	0.00831600385
0.06748491511	-0.00702913453	0.00832801757
0.06748437573	-0.00703431107	0.00834066815
0.06748398101	-0.00703809684	0.00835380730
0.06748373581	-0.00704044747	0.00836728095
0.06748364317	-0.00704133542	0.00838093114
0.06748370422	-0.00704075029	0.00839459785
0.06748391821	-0.00703869893	0.00840812083
0.06748428250	-0.00703520538	0.00842134154
0.06748479261	-0.00703031058	0.00843410499
0.06748544224	-0.00702407188	0.00844626153
0.06748622343	-0.00701656239	0.00845766864
0.06748712660	-0.00700787010	0.00846819258
0.06748814074	-0.00699809688	0.00847770996
0.06748925350	-0.00698735727	0.00848610921
0.06812220698	0.00593205829	-0.00424945388
0.06812502877	0.00589956397	-0.00432483655
0.06812670736	0.00588014830	-0.00435488025
0.06812821051	0.00586270693	-0.00437755238
0.06812965875	0.00584585307	-0.00439634011
0.06813106913	0.00582939267	-0.00441267058
0.06813246554	0.00581304903	-0.00442722738
0.06813387625	0.00579649093	-0.00444035806
0.06813527735	0.00577999827	-0.00445242954
0.06813669929	0.00576321176	-0.00446354012
0.06813814748	0.00574606461	-0.00447380581
0.06813960358	0.00572877164	-0.00448339537
0.06814108521	0.00571112127	-0.00449233070
0.06814260506	0.00569295843	-0.00450062358
0.06814414862	0.00567445232	-0.00450837047
0.06814571875	0.00565556504	-0.00451560169
0.06814732266	0.00563620561	-0.00452232238
0.06814896192	0.00561635023	-0.00452854932
0.06815063794	0.00559597604	-0.00453429522
0.06815235208	0.00557506104	-0.00453956894
0.06815410650	0.00555357252	-0.00454437257
0.06815590033	0.00553151428	-0.00454871733
0.06815773398	0.00550887457	-0.00455260831
0.06815961332	0.00548557312	-0.00455602589
0.06816153578	0.00546163349	-0.00455898111
0.06816350259	0.00543703185	-0.00456146962
0.06816551504	0.00541174278	-0.00456348581
0.06816757402	0.00538574528	-0.00456502346
0.06816968041	0.00535901785	-0.00456607614
0.06817183761	0.00533150609	-0.00456662441
0.06817405579	0.00530306679	-0.00456661347
0.06817631086	0.00527399636	-0.00456614051
0.06817861771	0.00524409071	-0.00456513975
0.06818099563	0.00521308305	-0.00456350857
0.06818340547	0.00518146871	-0.00456141206
0.06818588659	0.00514871537	-0.00455866401
0.06818840996	0.00511518784	-0.00455538256
0.06819100233	0.00508051187	-0.00455142938
0.06819363569	0.00504504221	-0.00454692258
0.06819634340	0.00500830776	-0.00454168504
0.06819909621	0.00497068172	-0.00453583812
0.06820190606	0.00493197827	-0.00452931121
0.06820477847	0.00489209501	-0.00452205360
0.06820771108	0.00485103585	-0.00451405054
0.06821069567	0.00480888722	-0.00450532303
0.06821373842	0.00476553153	-0.00449581619
0.06821683865	0.00472094533	-0.00448550575
0.06821999555	0.00467510505	-0.00447436670
0.06822320819	0.00462798701	-0.00446237342
0.06822647550	0.00457956779	-0.00444949876
0.06822979624	0.00452982393	-0.00443571498
0.06823317591	0.00447862766	-0.00442094704
0.06823660204	0.00442612038	-0.00440522881
0.06824007543	0.00437224253	-0.00438851829
0.06824360198	0.00431684934	-0.00437073037
0.06824717444	0.00425999772	-0.00435185697
0.06825078661	0.00420172914	-0.00433189254
0.06825444706	0.00414184221	-0.00431071833
0.06825814093	0.00408051420	-0.00428837790
0.06826187103	0.00401763159	-0.00426479380
0.06826563989	0.00395307614	-0.00423987169
0.06826943157	0.00388704429	-0.00421366196
0.06827325001	0.00381938910	-0.00418606521
0.06827709085	0.00375010202	-0.00415703471
0.06828094949	0.00367917602	-0.00412652276
0.06828482113	0.00360660553	-0.00409448107
0.06828870072	0.00353238638	-0.00406086109
0.06829258303	0.00345651601	-0.00402561388
0.06829646259	0.00337899365	-0.00398869005
0.06830033372	0.00329982023	-0.00395004027
0.06830419057	0.00321899847	-0.00390961527
0.06830802952	0.00313647934	-0.00386733621
0.06831184306	0.00305229390	-0.00382315871
0.06831562019	0.00296655322	-0.00377709116
0.06831936395	0.00287904669	-0.00372896432
0.06832305592	0.00279005910	-0.00367887265
0.06832670084	0.00269932450	-0.00362661686
0.06833028083	0.00260712898	-0.00357229299
0.06833379661	0.00251329296	-0.00351575175
0.06833723807	0.00241791101	-0.00345698090
0.06834059632	0.00232105472	-0.00339596807
0.06834386596	0.00222269797	-0.00333264640
0.06834703942	0.00212287587	-0.00326697979
0.06835010940	0.00202161931	-0.00319893085
0.06835306821	0.00191897539	-0.00312847419
0.06835590809	0.00181500122	-0.00305559525
0.06835862240	0.00170972045	-0.00298026096
0.06836120448	0.00160316014	-0.00290243980
0.06836364681	0.00149539106	-0.00282212997
0.06836594269	0.00138646295	-0.00273932177
0.06836808574	0.00127642145	-0.00265400661
0.06837006971	0.00116531865	-0.00256618268
0.06837188862	0.00105320787	-0.00247585123
0.06837353762	0.00094008167	-0.00238296929
0.06837500939	0.00082613006	-0.00228763535
0.06837629991	0.00071134396	-0.00218982971
0.06837740500	0.00059572210	-0.00208952281
0.06837831921	0.00047943892	-0.00198681424
0.06837903907	0.00036251384	-0.00188171313
0.06837956130	0.00024494289	-0.00177419919
0.06837988219	0.00012693404	-0.00166441431
0.06837999948	0.00000840751	-0.00155230229
0.06837991079	-0.00011045507	-0.00143799168
0.06837961435	-0.00022965576	-0.00132149235
0.06837910886	-0.00034910090	-0.00120287743
0.06837839361	-0.00046870823	-0.00108222581
0.06837746794	-0.00058845445	-0.00095956930
0.06837633259	-0.00070819585	-0.00083504079
0.06837498719	-0.00082796518	-0.00070863803
0.06837343426	-0.00094756931	-0.00058054118
0.06837167352	-0.00106708040	-0.00045072588
0.06836970903	-0.00118629121	-0.00031938800
0.06836754155	-0.00130524400	-0.00018654146
0.06836517501	-0.00142381363	-0.00005232185
0.06836261283	-0.00154193625	0.00008316595
0.06835985730	-0.00165961140	0.00021987788
0.06835691495	-0.00177667609	0.00035763004
0.06835378886	-0.00189313210	0.00049635876
0.06835048322	-0.00200894085	0.00063598455
0.06834700541	-0.00212397068	0.00077633905
0.06834335972	-0.00223820944	0.00091734098
0.06833955205	-0.00235160055	0.00105887991
0.06833558812	-0.00246410140	0.00120086013
0.06833147550	-0.00257562732	0.00134314435
0.06832722037	-0.00268614157	0.00148562842
0.06832282943	-0.00279559978	0.00162820461
0.06831830973	-0.00290395520	0.00177076217
0.06831366849	-0.00301116222	0.00191319212
0.06830891305	-0.00311717794	0.00205538618
0.06830405084	-0.00322196187	0.00219723742
0.06829908854	-0.00332549306	0.00233866027
0.06829403538	-0.00342770069	0.00247952436
0.06828889827	-0.00352856525	0.00261973566
0.06828368428	-0.00362806568	0.00275920464
0.06827840034	-0.00372618401	0.00289785581
0.06827305678	-0.00382284153	0.00303554637
0.06826765709	-0.00391808571	0.00317225485
0.06826221307	-0.00401181588	0.00330782529
0.06825672733	-0.00410409232	0.00344224989
0.06825121142	-0.00419482290	0.00357538799
0.06824567005	-0.00428403073	0.00370719108
0.06824010953	-0.00437171038	0.00383760327
0.06823453805	-0.00445782650	0.00396654013
0.06822896197	-0.00454237253	0.00409393802
0.06822338716	-0.00462534797	0.00421974347
0.06821781985	-0.00470674567	0.00434390110
0.06821226601	-0.00478656089	0.00446635921
0.06820673139	-0.00486479116	0.00458706980
0.06820122080	-0.00494144525	0.00470600103
0.06819574046	-0.00501651101	0.00482310351
0.06819029572	-0.00508998724	0.00493833262
0.06818488995	-0.00516189715	0.00505167154
0.06817952766	-0.00523224695	0.00516309906
0.06817421520	-0.00530101704	0.00527256024
0.06816895313	-0.00536826124	0.00538007842
0.06816374875	-0.00543394486	0.00548559447
0.06815860345	-0.00549810656	0.00558911355
0.06815351965	-0.00556076965	0.00569064200
0.06814850316	-0.00562191404	0.00579013899
0.06814355473	-0.00568157976	0.00588761726
0.06813867703	-0.00573978154	0.00598307538
0.06813387246	-0.00579653552	0.00607651444
0.06812914313	-0.00585185923	0.00616793787
0.06812449095	-0.00590577120	0.00625735152
0.06811991756	-0.00595829105	0.00634476342
0.06811542438	-0.00600943941	0.00643018371
0.06811101258	-0.00605923800	0.00651362434
0.06810668315	-0.00610770911	0.00659509929
0.06810243562	-0.00615488932	0.00667464473
0.06809827317	-0.00620077345	0.00675225230
0.06809419550	-0.00624539345	0.00682794264
0.06809020005	-0.00628880409	0.00690177656
0.06808629222	-0.00633097244	0.00697371831
0.06808246678	-0.00637197911	0.00704384785
0.06807872836	-0.00641179735	0.00711213861
0.06807507144	-0.00645050757	0.00717867716
0.06807150145	-0.00648807298	0.00724342951
0.06806801401	-0.00652455886	0.00730645833
0.06806460852	-0.00655998986	0.00736780174
0.06806128713	-0.00659436078	0.00742745746
0.06805804701	-0.00662771733	0.00748547269
0.06805488744	-0.00666008224	0.00754187820
0.06805180725	-0.00669148193	0.00759671071
0.06804880626	-0.00672193172	0.00764999464
0.06804588366	-0.00675145291	0.00770175700
0.06804303778	-0.00678007448	0.00775203410
0.06804026752	-0.00680781877	0.00780085756
0.06803757171	-0.00683470820	0.00784825883
0.06803494916	-0.00686076478	0.00789426942
0.06803239860	-0.00688601048	0.00793892061
0.06802991822	-0.00691047231	0.00798225213
0.06802750760	-0.00693416255	0.00802428676
0.06802516551	-0.00695710123	0.00806505211
0.06802289018	-0.00697931316	0.00810458185
0.06802068020	-0.00700081888	0.00814290608
0.06801853347	-0.00702164539	0.00818006535
0.06801644900	-0.00704180842	0.00821608983
0.06801442735	-0.00706130808	0.00825098346
0.06801246545	-0.00708017965	0.00828478876
0.06801056421	-0.00709841922	0.00831749728
0.06800987719	-0.00710499854	0.00832947126
0.06800932820	-0.00711025162	0.00834209027
0.06800892398	-0.00711411693	0.00835520636
0.06800866951	-0.00711654915	0.00836866575
0.06800856793	-0.00711751980	0.00838231065
0.06800862050	-0.00711701750	0.00839598108
0.06800882656	-0.00711504813	0.00840951677
0.06800918358	-0.00711163477	0.00842275903
0.06800968715	-0.00710681743	0.00843555259
0.06801033108	-0.00710065253	0.00844774748
0.06801110747	-0.00709321233	0.00845920070
0.06801200680	-0.00708458402	0.00846977800
0.06801301811	-0.00707486871	0.00847935535
0.06801412910	-0.00706418025	0.00848782047
0.06864045779	0.00597474308	-0.00424776254
0.06864327131	0.00594233157	-0.00432318887
0.06864494855	0.00592292488	-0.00435325342
0.06864645166	0.00590547840	-0.00437594236
0.06864790048	0.00588861274	-0.00439474574
0.06864931197	0.00587213476	-0.00441109063
0.06865070989	0.00585576912	-0.00442566117
0.06865212236	0.00583918626	-0.00443880582
0.06865352561	0.00582266443	-0.00445089037
0.06865494993	0.00580584615	-0.00446201421
0.06865640072	0.00578866484	-0.00447229350
0.06865785974	0.00577133401	-0.00448189612
0.06865934453	0.00575364308	-0.00449084466
0.06866086771	0.00573543764	-0.00449915137
0.06866241487	0.00571688583	-0.00450691204
0.06866398888	0.00569794978	-0.00451415705
0.06866559689	0.00567853883	-0.00452089182
0.06866724049	0.00565862913	-0.00452713313
0.06866892111	0.00563819777	-0.00453289372
0.06867064008	0.00561722266	-0.00453818249
0.06867239959	0.00559567109	-0.00454300157
0.06867419878	0.00557354662	-0.00454736211
0.06867603807	0.00555083737	-0.00455126919
0.06867792330	0.00552746330	-0.00455470342
0.06867985195	0.00550344762	-0.00455767568
0.06868182524	0.00547876638	-0.00456018165
0.06868384448	0.00545339410	-0.00456221577
0.06868591056	0.00542730965	-0.00456377182
0.06868802438	0.00540049140	-0.00456484338
0.06869018931	0.00537288498	-0.00456541115
0.06869241550	0.00534434769	-0.00456542085
0.06869467901	0.00531517413	-0.00456496840
0.06869699464	0.00528516101	-0.00456398876
0.06869938163	0.00525404266	-0.00456238033
0.06870180101	0.00522231155	-0.00456030609
0.06870429197	0.00518943784	-0.00455758195
0.06870682564	0.00515578417	-0.00455432445
0.06870942865	0.00512097791	-0.00455039675
0.06871207314	0.00508537170	-0.00454591536
0.06871479231	0.00504849653	-0.00454070511
0.06871755708	0.00501072337	-0.00453488565
0.06872037935	0.00497186705	-0.00452838709
0.06872326461	0.00493182535	-0.00452115909
0.06872621053	0.00489060183	-0.00451318678
0.06872920893	0.00484828213	-0.00450449070
0.06873226599	0.00480474892	-0.00449501639
0.06873538102	0.00475997850	-0.00448473958
0.06873855325	0.00471394709	-0.00447363531
0.06874178175	0.00466663074	-0.00446167793
0.06874506544	0.00461800579	-0.00444884034
0.06874840313	0.00456804853	-0.00443509479
0.06875180027	0.00451663142	-0.00442036678
0.06875524448	0.00446389481	-0.00440468939
0.06875873653	0.00440977905	-0.00438802081
0.06876228230	0.00435413968	-0.00437027654
0.06876587459	0.00429703293	-0.00435144814
0.06876950720	0.00423849970	-0.00433152974
0.06877318868	0.00417833916	-0.00431040354
0.06877690423	0.00411672735	-0.00428811210
0.06878065662	0.00405355088	-0.00426457844
0.06878444838	0.00398869168	-0.00423970881
0.06878826361	0.00392234487	-0.00421355243
0.06879210623	0.00385436381	-0.00418601063
0.06879597188	0.00378473959	-0.00415703663
0.06879985595	0.00371346483	-0.00412658274
0.06880375364	0.00364053360	-0.00409460060
0.06880765991	0.00356594135	-0.00406104165
0.06881156950	0.00348968517	-0.00402585689
0.06881547694	0.00341176393	-0.00398899691
0.06881937655	0.00333217820	-0.00395041229
0.06882326243	0.00325093033	-0.00391005374
0.06882713098	0.00316797115	-0.00386784266
0.06883097463	0.00308333126	-0.00382373450
0.06883478239	0.00299712095	-0.00377773693
0.06883855723	0.00290913018	-0.00372968204
0.06884228074	0.00281964226	-0.00367966246
0.06884595759	0.00272839207	-0.00362748067
0.06884956989	0.00263566426	-0.00357323085
0.06885311828	0.00254127975	-0.00351676493
0.06885659263	0.00244533249	-0.00345807012
0.06885998399	0.00234789361	-0.00339713360
0.06886328690	0.00224893691	-0.00333388878
0.06886649374	0.00214849720	-0.00326829941
0.06886959712	0.00204660514	-0.00320032798
0.06887258929	0.00194330753	-0.00312994891
0.06887546243	0.00183866121	-0.00305714735
0.06887820981	0.00173268970	-0.00298189019
0.06888082469	0.00162541995	-0.00290414591
0.06888329947	0.00151692248	-0.00282391236
0.06888562735	0.00140724693	-0.00274117965
0.06888780187	0.00129643884	-0.00265593906
0.06888981667	0.00118455027	-0.00256818862
0.06889166567	0.00107163452	-0.00247792939
0.06889334395	0.00095768433	-0.00238511879
0.06889484406	0.00084288934	-0.00228985405
0.06889616187	0.00072724080	-0.00219211584
0.06889729312	0.00061073770	-0.00209187497
0.06889823223	0.00049355431	-0.00198922993
0.06889897562	0.00037571039	-0.00188419003
0.06889951993	0.00025720236	-0.00177673544
0.06889986132	0.00013823810	-0.00166700665
0.06889999745	0.00001873851	-0.00155494860
0.06889992580	-0.00010111471	-0.00144068868
0.06889964453	-0.00022132305	-0.00132423724
0.06889915223	-0.00034179251	-0.00120566709
0.06889844809	-0.00046244037	-0.00108505684
0.06889753136	-0.00058324273	-0.00096243862
0.06889640271	-0.00070405548	-0.00083794453
0.06889506167	-0.00082491059	-0.00071157317
0.06889351067	-0.00094561455	-0.00058350345
0.06889174940	-0.00106623861	-0.00045371228
0.06888978182	-0.00118657510	-0.00032239413
0.06888760865	-0.00130666535	-0.00018956391
0.06888523376	-0.00142638361	-0.00005535663
0.06888266051	-0.00154566522	0.00008012288
0.06887989119	-0.00166450882	0.00021682991
0.06887693228	-0.00178275078	0.00035458154
0.06887378682	-0.00190039192	0.00049331352
0.06887045903	-0.00201739277	0.00063294605
0.06886695624	-0.00213362091	0.00077331148
0.06886328278	-0.00224906323	0.00091432807
0.06885944453	-0.00236366222	0.00105588532
0.06885544725	-0.00247737439	0.00119788732
0.06885129852	-0.00259011420	0.00134019704
0.06884700458	-0.00270184395	0.00148271012
0.06884257215	-0.00281251838	0.00162531868
0.06883800833	-0.00292208981	0.00176791190
0.06883332041	-0.00303051173	0.00191038069
0.06882851579	-0.00313774034	0.00205261667
0.06882360197	-0.00324373428	0.00219451278
0.06881858570	-0.00334847170	0.00233598315
0.06881347628	-0.00345188098	0.00247689762
0.06880828074	-0.00355394173	0.00261716192
0.06880300622	-0.00365463207	0.00275668627
0.06879765974	-0.00375393323	0.00289539489
0.06879225175	-0.00385176575	0.00303314543
0.06878678582	-0.00394817633	0.00316991546
0.06878127388	-0.00404306359	0.00330554975
0.06877571864	-0.00413648712	0.00344003947
0.06877013175	-0.00422835413	0.00357324461
0.06876451805	-0.00431868707	0.00370511614
0.06875888394	-0.00440747991	0.00383559789
0.06875323775	-0.00449469677	0.00396460555
0.06874758594	-0.00458033053	0.00409207533
0.06874193449	-0.00466438016	0.00421795355
0.06873628975	-0.00474683807	0.00434218471
0.06873065780	-0.00482769906	0.00446471699
0.06872504450	-0.00490696026	0.00458550230
0.06871945476	-0.00498463007	0.00470450854
0.06871389493	-0.00506069602	0.00482168637
0.06870837043	-0.00513515659	0.00493699113
0.06870288476	-0.00520803470	0.00505040570
0.06869744251	-0.00527933633	0.00516190874
0.06869205015	-0.00534904167	0.00527144555
0.06868670830	-0.00541720436	0.00537903886
0.06868142436	-0.00548378957	0.00548462998
0.06867619982	-0.00554883580	0.00558822371
0.06867103716	-0.00561236631	0.00568982615
0.06866594227	-0.00567436093	0.00578939683
0.06866091599	-0.00573485964	0.00588694813
0.06865596105	-0.00579387715	0.00598247859
0.06865107990	-0.00585142961	0.00607598926
0.06864627474	-0.00590753459	0.00616748351
0.06864154751	-0.00596221066	0.00625696715
0.06863689992	-0.00601547754	0.00634444818
0.06863233343	-0.00606735591	0.00642993669
0.06862784927	-0.00611786761	0.00651344459
0.06862344846	-0.00616703506	0.00659498585
0.06861913057	-0.00621489501	0.00667459639
0.06861489881	-0.00626144242	0.00675226817
0.06861075293	-0.00630670936	0.00682802173
0.06860669037	-0.00635075088	0.00690191743
0.06860271657	-0.00639353418	0.00697392024
0.06859882631	-0.00643514011	0.00704410938
0.06859502427	-0.00647554209	0.00711245891
0.06859130491	-0.00651482082	0.00717905468
0.06858767368	-0.00655293970	0.00724386344
0.06858412623	-0.00658996424	0.00730694739
0.06858066194	-0.00662591940	0.00736834461
0.06857728298	-0.00666080017	0.00742805316
0.06857398652	-0.00669465253	0.00748612002
0.06857077184	-0.00672749948	0.00754257597
0.06856763776	-0.00675936771	0.00759745768
0.06856458412	-0.00679027281	0.00765078967
0.06856161008	-0.00682023634	0.00770259900
0.06855871396	-0.00684928754	0.00775292193
0.06855589468	-0.00687744904	0.00780179008
0.06855315104	-0.00690474352	0.00784923492
0.06855048184	-0.00693119326	0.00789528798
0.06854788581	-0.00695682050	0.00793998055
0.06854536110	-0.00698165254	0.00798335230
0.06854290730	-0.00700570192	0.00802542613
0.06854052316	-0.00702898893	0.00806622969
0.06853820689	-0.00705153862	0.00810579662
0.06853595707	-0.00707337183	0.00814415705
0.06853377157	-0.00709451579	0.00818135142
0.06853164938	-0.00711498655	0.00821740997
0.06852959107	-0.00713478438	0.00825233691
0.06852759352	-0.00715394484	0.00828617460
0.06852565766	-0.00717246417	0.00831891494
0.06852496134	-0.00717911367	0.00833085000
0.06852440303	-0.00718444075	0.00834343797
0.06852398959	-0.00718838299	0.00835653126
0.06852372611	-0.00719089420	0.00836997636
0.06852361584	-0.00719194495	0.00838361565
0.06852366013	-0.00719152292	0.00839728921
0.06852385845	-0.00718963307	0.00841083674
0.06852420833	-0.00718629754	0.00842409940
0.06852470549	-0.00718155541	0.00843692170
0.06852534379	-0.00717546225	0.00844915332
0.06852611541	-0.00716808946	0.00846065084
0.06852701091	-0.00715952344	0.00847127947
0.06852801935	-0.00714986456	0.00848091459
0.06852912849	-0.00713922604	0.00848944325
0.06915871962	0.00601730006	-0.00424612638
0.06916152503	0.00598496911	-0.00432159530
0.06916320098	0.00596557045	-0.00435168015
0.06916470408	0.00594811816	-0.00437438543
0.06916615351	0.00593124008	-0.00439320401
0.06916756613	0.00591474397	-0.00440956290
0.06916896557	0.00589835583	-0.00442414679
0.06917037981	0.00588174773	-0.00443730501
0.06917178523	0.00586519631	-0.00444940223
0.06917321195	0.00584834585	-0.00446053893
0.06917466533	0.00583112998	-0.00447083140
0.06917612727	0.00581376091	-0.00448044669
0.06917761522	0.00579602905	-0.00448940803
0.06917914173	0.00577778066	-0.00449772814
0.06918069249	0.00575918281	-0.00450550217
0.06918227035	0.00574019766	-0.00451276055
0.06918388246	0.00572073488	-0.00451950894
0.06918553039	0.00570077056	-0.00452576418
0.06918721558	0.00568028171	-0.00453153901
0.06918893938	0.00565924621	-0.00453684235
0.06919070395	0.00563763129	-0.00454167640
0.06919250848	0.00561544032	-0.00454605223
0.06919435338	0.00559266128	-0.00454997489
0.06919624449	0.00556921432	-0.00455342525
0.06919817930	0.00554512232	-0.00455641403
0.06920015904	0.00552036126	-0.00455893693
0.06920218503	0.00549490553	-0.00456098841
0.06920425818	0.00546873390	-0.00456256228
0.06920637937	0.00544182460	-0.00456365213
0.06920855199	0.00541412332	-0.00456423880
0.06921078616	0.00538548783	-0.00456426851
0.06921305805	0.00535621094	-0.00456383593
0.06921538242	0.00532609018	-0.00456287675
0.06921777841	0.00529486094	-0.00456129040
0.06922020727	0.00526301290	-0.00455923774
0.06922270801	0.00523001867	-0.00455653679
0.06922525192	0.00519623871	-0.00455330250
0.06922786550	0.00516130202	-0.00454939952
0.06923052104	0.00512555914	-0.00454494277
0.06923325161	0.00508854313	-0.00453975901
0.06923602826	0.00505062277	-0.00453396620
0.06923886286	0.00501161350	-0.00452749515
0.06924176088	0.00497141329	-0.00452029587
0.06924472002	0.00493002534	-0.00451235343
0.06924773214	0.00488753453	-0.00450368786
0.06925080340	0.00484382377	-0.00449424513
0.06925393314	0.00479886915	-0.00448400100
0.06925712057	0.00475264661	-0.00447293049
0.06926036481	0.00470513198	-0.00446100800
0.06926366477	0.00465630136	-0.00444820643
0.06926701928	0.00460613077	-0.00443449803
0.06927043377	0.00455449293	-0.00441980884
0.06927389590	0.00450152711	-0.00440417116
0.06927740647	0.00444717359	-0.00438754334
0.06928097133	0.00439128820	-0.00436984153
0.06928458328	0.00433392653	-0.00435105690
0.06928823618	0.00427512888	-0.00433118327
0.06929193854	0.00421469500	-0.00431010380
0.06929567559	0.00415279968	-0.00428786003
0.06929945009	0.00408932970	-0.00426437546
0.06930326456	0.00402416711	-0.00423955693
0.06930710316	0.00395750576	-0.00421345251
0.06931096976	0.00388919928	-0.00418596421
0.06931486001	0.00381923842	-0.00415704526
0.06931876931	0.00374761544	-0.00412664791
0.06932269284	0.00367432405	-0.00409472381
0.06932662557	0.00359935936	-0.00406122434
0.06933056222	0.00352271807	-0.00402610046
0.06933449731	0.00344439870	-0.00398930271
0.06933842515	0.00336440146	-0.00395078164
0.06934233984	0.00328272836	-0.00391048787
0.06934623773	0.00319933008	-0.00386834311
0.06935011124	0.00311423674	-0.00382430260
0.06935394937	0.00302755788	-0.00377837329
0.06935775505	0.00293908401	-0.00373038861
0.06936150983	0.00284909699	-0.00368043939
0.06936521836	0.00275733251	-0.00362832984
0.06936886269	0.00266407379	-0.00357415231
0.06937244343	0.00256914226	-0.00351775994
0.06937595041	0.00247263124	-0.00345913939
0.06937937461	0.00237461141	-0.00339827742
0.06938271051	0.00227505649	-0.00333510767
0.06938595045	0.00217400100	-0.00326959376
0.06938908697	0.00207147536	-0.00320169808
0.06939211224	0.00196752609	-0.00313139484
0.06939501837	0.00186220974	-0.00305866891
0.06939779856	0.00175554972	-0.00298348716
0.06940044599	0.00164757285	-0.00290581805
0.06940295297	0.00153834942	-0.00282565909
0.06940531261	0.00142792896	-0.00274300022
0.06940751836	0.00131635695	-0.00265783258
0.06940956376	0.00120368537	-0.00257015403
0.06941144265	0.00108996750	-0.00247996548
0.06941314999	0.00097519630	-0.00238722470
0.06941467824	0.00085956103	-0.00229202771
0.06941602316	0.00074305323	-0.00219435552
0.06941718040	0.00062567220	-0.00209417931
0.06941814424	0.00050759202	-0.00199159650
0.06941891103	0.00038883278	-0.00188661656
0.06941947730	0.00026939131	-0.00177922013
0.06941983907	0.00014947537	-0.00166954632
0.06941999394	0.00002900657	-0.00155754118
0.06941993926	-0.00009183335	-0.00144333098
0.06941967309	-0.00021304530	-0.00132692653
0.06941919393	-0.00033453493	-0.00120840031
0.06941850088	-0.00045621908	-0.00108783068
0.06941759310	-0.00057807323	-0.00096525008
0.06941647114	-0.00069995291	-0.00084078982
0.06941513450	-0.00082188928	-0.00071444935
0.06941358550	-0.00094368849	-0.00058640635
0.06941182377	-0.00106542083	-0.00045663895
0.06940985319	-0.00118687826	-0.00032534030
0.06940767444	-0.00130810115	-0.00019252623
0.06940529133	-0.00142896313	-0.00005833120
0.06940270718	-0.00154939877	0.00007714001
0.06939992424	-0.00166940581	0.00021384204
0.06939694895	-0.00178881997	0.00035159297
0.06939378434	-0.00190764111	0.00049032793
0.06939043462	-0.00202582888	0.00062996685
0.06938690711	-0.00214325012	0.00077034278
0.06938320614	-0.00225989073	0.00091137350
0.06937933760	-0.00237569233	0.00105294847
0.06937530727	-0.00249061051	0.00119497158
0.06937112276	-0.00260455888	0.00133730603
0.06936679033	-0.00271749879	0.00147984728
0.06936231676	-0.00282938407	0.00162248733
0.06935770918	-0.00294016614	0.00176511523
0.06935297495	-0.00304979758	0.00190762182
0.06934812153	-0.00315823371	0.00204989861
0.06934315649	-0.00326543228	0.00219183843
0.06933808665	-0.00337137058	0.00233335508
0.06933292140	-0.00347597616	0.00247431865
0.06932766784	-0.00357922777	0.00261463462
0.06932233322	-0.00368110271	0.00275421296
0.06931692464	-0.00378158142	0.00289297759
0.06931145266	-0.00388058370	0.00303078663
0.06930592095	-0.00397815546	0.00316761670
0.06930034154	-0.00407419465	0.00330331329
0.06929471725	-0.00416876011	0.00343786654
0.06928905985	-0.00426175847	0.00357113712
0.06928337427	-0.00435321147	0.00370307543
0.06927766704	-0.00444311252	0.00383362507
0.06927194660	-0.00453142518	0.00396270185
0.06926621952	-0.00461814178	0.00409024181
0.06926049190	-0.00470326079	0.00421619107
0.06925477018	-0.00478677414	0.00434049402
0.06924906059	-0.00486867620	0.00446309874
0.06924336906	-0.00494896370	0.00458395700
0.06923770063	-0.00502764467	0.00470303649
0.06923206175	-0.00510470631	0.00482028790
0.06922645794	-0.00518014678	0.00493566655
0.06922089282	-0.00525398872	0.00504915501
0.06921537105	-0.00532623791	0.00516073180
0.06920989920	-0.00539687429	0.00527034249
0.06920447801	-0.00546595134	0.00537800919
0.06919911493	-0.00553343407	0.00548367365
0.06919381156	-0.00559936085	0.00558734030
0.06918857045	-0.00566375487	0.00568901503
0.06918339757	-0.00572659589	0.00578865769
0.06917829383	-0.00578792384	0.00588628035
0.06917326203	-0.00584775339	0.00598188151
0.06916830469	-0.00590610074	0.00607546214
0.06916342406	-0.00596298345	0.00616702559
0.06915862216	-0.00601842019	0.00625657762
0.06915390072	-0.00607243071	0.00634412619
0.06914926129	-0.00612503580	0.00642968137
0.06914470511	-0.00617625741	0.00651325502
0.06914023325	-0.00622611806	0.00659486107
0.06913584533	-0.00627465467	0.00667453522
0.06913154458	-0.00632186235	0.00675226975
0.06912733079	-0.00636777334	0.00682808510
0.06912320143	-0.00641244289	0.00690204119
0.06911916197	-0.00645583835	0.00697410367
0.06911520719	-0.00649804083	0.00704435106
0.06911134181	-0.00653902392	0.00711275803
0.06910756028	-0.00657886860	0.00717940973
0.06910386809	-0.00661753844	0.00724427363
0.06910026088	-0.00665509922	0.00730741147
0.06909673805	-0.00669157616	0.00736886127
0.06909330177	-0.00672696448	0.00742862147
0.06908994921	-0.00676131041	0.00748673880
0.06908667965	-0.00679463722	0.00754324404
0.06908349191	-0.00682697188	0.00759817384
0.06908038583	-0.00685833023	0.00765155282
0.06907736056	-0.00688873410	0.00770340807
0.06907441443	-0.00691821299	0.00775377579
0.06907154632	-0.00694678981	0.00780268764
0.06906875505	-0.00697448751	0.00785017507
0.06906603939	-0.00700132864	0.00789626965
0.06906339807	-0.00702733569	0.00794100267
0.06906082922	-0.00705253627	0.00798441375
0.06905833241	-0.00707694317	0.00802652590
0.06905590639	-0.00710057692	0.00806736681
0.06905354934	-0.00712346286	0.00810697011
0.06905125984	-0.00714562207	0.00814536592
0.06904903573	-0.00716708206	0.00818259462
0.06904687597	-0.00718785914	0.00821868647
0.06904478114	-0.00720795380	0.00825364598
0.06904274808	-0.00722740185	0.00828751533
0.06904077773	-0.00724619969	0.00832028679
0.06904007225	-0.00725291829	0.00833218300
0.06903950475	-0.00725831828	0.00834473987
0.06903908219	-0.00726233639	0.00835781019
0.06903880979	-0.00726492553	0.00837124072
0.06903869089	-0.00726605536	0.00838487400
0.06903872696	-0.00726571265	0.00839855020
0.06903891755	-0.00726390141	0.00841210896
0.06903926032	-0.00726064287	0.00842539133
0.06903975104	-0.00725597520	0.00843824159
0.06904038369	-0.00724995310	0.00845050907
0.06904115050	-0.00724264714	0.00846204996
0.06904204209	-0.00723414293	0.00847272893
0.06904304758	-0.00722454014	0.00848242080
0.06904415476	-0.00721395130	0.00849101194
0.06967699233	0.00605973096	-0.00424454405
0.06967978978	0.00602747838	-0.00432005454
0.06968146448	0.00600808684	-0.00435015915
0.06968296762	0.00599062802	-0.00437288032
0.06968441768	0.00597373692	-0.00439171367
0.06968583145	0.00595722214	-0.00440808616
0.06968723244	0.00594081102	-0.00442268300
0.06968864846	0.00592417723	-0.00443585440
0.06969005605	0.00590759579	-0.00444796391
0.06969148516	0.00589071274	-0.00445911307
0.06969294114	0.00587346192	-0.00446941832
0.06969440601	0.00585605426	-0.00447904590
0.06969589711	0.00583828112	-0.00448801963
0.06969742695	0.00581998943	-0.00449635274
0.06969898130	0.00580134521	-0.00450413971
0.06970056301	0.00578231065	-0.00451141103
0.06970217920	0.00576279573	-0.00451817263
0.06970383145	0.00574277647	-0.00452444136
0.06970552120	0.00572222986	-0.00453022998
0.06970724980	0.00570113367	-0.00453554743
0.06970901943	0.00567945514	-0.00454039598
0.06971082927	0.00565719740	-0.00454478662
0.06971267976	0.00563434829	-0.00454872438
0.06971457672	0.00561082820	-0.00455219036
0.06971651766	0.00558665964	-0.00455519513
0.06971850382	0.00556181850	-0.00455773443
0.06972053653	0.00553627910	-0.00455980274
0.06972261670	0.00551002006	-0.00456139387
0.06972474523	0.00548301951	-0.00456250143
0.06972692550	0.00545522316	-0.00456310641
0.06972916760	0.00542648927	-0.00456315551
0.06973144783	0.00539710887	-0.00456274220
0.06973378088	0.00536688028	-0.00456180285
0.06973618582	0.00533553999	-0.00456023789
0.06973862412	0.00530357486	-0.00455820615
0.06974113458	0.00527045995	-0.00455552769
0.06974368865	0.00523655357	-0.00455231590
0.06974631273	0.00520148632	-0.00454843690
0.06974897926	0.00516560665	-0.00454400404
0.06975172115	0.00512844970	-0.00453884597
0.06975450961	0.00509038203	-0.00453307902
0.06975735645	0.00505121973	-0.00452663465
0.06976026715	0.00501086095	-0.00451946326
0.06976323941	0.00496930852	-0.00451154980
0.06976626515	0.00492664657	-0.00450291384
0.06976935052	0.00488275825	-0.00449350178
0.06977249486	0.00483761940	-0.00448328937
0.06977569740	0.00479120575	-0.00447225166
0.06977895725	0.00474349289	-0.00446036307
0.06978227337	0.00469445665	-0.00444759648
0.06978564457	0.00464407281	-0.00443392418
0.06978907628	0.00459221433	-0.00441927272
0.06979255621	0.00453901943	-0.00440367364
0.06979608515	0.00448442828	-0.00438708546
0.06979966895	0.00442829706	-0.00436942493
0.06980330043	0.00437068066	-0.00435068288
0.06980697346	0.00431161884	-0.00433085281
0.06981069652	0.00425091187	-0.00430981880
0.06981445490	0.00418873335	-0.00428762141
0.06981825135	0.00412497018	-0.00426418463
0.06982208836	0.00405950458	-0.00423941584
0.06982595013	0.00399252908	-0.00421336200
0.06982984052	0.00392389763	-0.00418592581
0.06983375518	0.00385360063	-0.00415706047
0.06983768950	0.00378162997	-0.00412671822
0.06984163867	0.00370797901	-0.00409485066
0.06984559763	0.00363264249	-0.00406140914
0.06984956112	0.00355561678	-0.00402634460
0.06985352365	0.00347690003	-0.00398960752
0.06985747950	0.00339649209	-0.00395114840
0.06986142275	0.00331439460	-0.00391091781
0.06986534974	0.00323055814	-0.00386883773
0.06986925288	0.00314501235	-0.00382486322
0.06987312112	0.00305786599	-0.00377900051
0.06987695738	0.00296891016	-0.00373108435
0.06988074319	0.00287842524	-0.00368120379
0.06988448312	0.00278614774	-0.00362916476
0.06988815923	0.00269235948	-0.00357505780
0.06989177206	0.00259688236	-0.00351873725
0.06989531139	0.00249980912	-0.00346018923
0.06989876816	0.00240120995	-0.00339940007
0.06990213680	0.00230105851	-0.00333630366
0.06990540957	0.00219938904	-0.00327086347
0.06990857896	0.00209623171	-0.00320304181
0.06991163708	0.00199163276	-0.00313281268
0.06991457595	0.00188564847	-0.00306016068
0.06991738869	0.00177830212	-0.00298505266
0.06992006842	0.00166962042	-0.00290745705
0.06992260735	0.00155967343	-0.00282737103
0.06992499851	0.00144851056	-0.00274478438
0.06992723526	0.00133617721	-0.00265968810
0.06992931104	0.00122272533	-0.00257207989
0.06993121960	0.00110820817	-0.00248196051
0.06993295581	0.00099261889	-0.00238928807
0.06993451199	0.00087614636	-0.00229415740
0.06993588385	0.00075878245	-0.00219654985
0.06993706689	0.00064052674	-0.00209643696
0.06993805532	0.00052155312	-0.00199391510
0.06993884536	0.00040188202	-0.00188899391
0.06993943345	0.00028151069	-0.00178165446
0.06993981550	0.00016064675	-0.00167203455
0.06993998901	0.00003921252	-0.00156008128
0.06993995121	-0.00008261022	-0.00144591985
0.06993970009	-0.00020482181	-0.00132956150
0.06993923403	-0.00032732753	-0.00121107840
0.06993855203	-0.00045004379	-0.00109054865
0.06993765319	-0.00057294548	-0.00096800501
0.06993653795	-0.00069588773	-0.00084357800
0.06993520574	-0.00081890093	-0.00071726792
0.06993365878	-0.00094179086	-0.00058925122
0.06993189665	-0.00106462688	-0.00045950727
0.06992992317	-0.00118720057	-0.00032822785
0.06992773895	-0.00130955134	-0.00019542977
0.06992534775	-0.00143155224	-0.00006124691
0.06992275284	-0.00155313701	0.00007421598
0.06991995646	-0.00167430255	0.00021091293
0.06991696498	-0.00179488392	0.00034866297
0.06991378144	-0.00191488001	0.00048740065
0.06991041002	-0.00203424961	0.00062704563
0.06990685802	-0.00215285882	0.00076743162
0.06990312980	-0.00227069256	0.00090847596
0.06989923125	-0.00238769156	0.00105006807
0.06989516817	-0.00250381052	0.00119211162
0.06989094818	-0.00261896219	0.00133447008
0.06988657758	-0.00273310699	0.00147703870
0.06988206321	-0.00284619784	0.00161970933
0.06987741223	-0.00295818525	0.00176237098
0.06987263206	-0.00306902091	0.00190491435
0.06986773021	-0.00317865927	0.00204723087
0.06986271434	-0.00328705719	0.00218921326
0.06985759133	-0.00339419108	0.00233077499
0.06985237065	-0.00349998770	0.00247178642
0.06984705950	-0.00360442493	0.00261215275
0.06984166520	-0.00370747923	0.00275178372
0.06983619496	-0.00380913029	0.00289060298
0.06983065943	-0.00390929715	0.00302846908
0.06982506238	-0.00400802496	0.00316535770
0.06981941594	-0.00410521097	0.00330111508
0.06981372306	-0.00420091331	0.00343573031
0.06980799559	-0.00429503800	0.00356906473
0.06980223859	-0.00438760610	0.00370106823
0.06979645871	-0.00447861043	0.00383168414
0.06979066447	-0.00456801403	0.00396082837
0.06978486258	-0.00465580865	0.00408843684
0.06977905925	-0.00474199228	0.00421445546
0.06977326102	-0.00482655638	0.00433882850
0.06976747423	-0.00490949488	0.00446150394
0.06976170493	-0.00499080410	0.00458243345
0.06975595827	-0.00507049173	0.00470158447
0.06975024078	-0.00514854462	0.00481890774
0.06974455811	-0.00522496063	0.00493435856
0.06973891397	-0.00529976212	0.00504791917
0.06973331312	-0.00537295463	0.00515956801
0.06972776223	-0.00544451789	0.00526925087
0.06972226210	-0.00551450522	0.00537698925
0.06971682031	-0.00558288147	0.00548272535
0.06971143852	-0.00564968487	0.00558646324
0.06970611937	-0.00571493855	0.00568820858
0.06970086890	-0.00577862219	0.00578792158
0.06969568810	-0.00584077566	0.00588561396
0.06969057983	-0.00590141364	0.00598128417
0.06968554668	-0.00596055231	0.00607493316
0.06968059096	-0.00601820930	0.00616656423
0.06967571474	-0.00607440330	0.00625618308
0.06967091983	-0.00612915414	0.00634379766
0.06966620779	-0.00618248270	0.00642941798
0.06966157994	-0.00623441103	0.00651305588
0.06965703737	-0.00628496178	0.00659472524
0.06965257974	-0.00633417203	0.00667446157
0.06964821034	-0.00638203704	0.00675225742
0.06964392896	-0.00642858919	0.00682813315
0.06963973310	-0.00647388396	0.00690214826
0.06963562827	-0.00651788885	0.00697426905
0.06963160927	-0.00656068521	0.00704457337
0.06962768082	-0.00660224681	0.00711303649
0.06962383741	-0.00664265489	0.00717974284
0.06962008453	-0.00668187324	0.00724466065
0.06961641783	-0.00671996786	0.00730785116
0.06961283671	-0.00675696424	0.00736935235
0.06960934336	-0.00679285784	0.00742916303
0.06960593494	-0.00682769513	0.00748732969
0.06960261074	-0.00686149965	0.00754388313
0.06959936958	-0.00689429865	0.00759885994
0.06959621128	-0.00692610822	0.00765228484
0.06959313501	-0.00695695045	0.00770418498
0.06959013907	-0.00698685513	0.00775459649
0.06958722234	-0.00701584541	0.00780355104
0.06958438363	-0.00704394452	0.00785108012
0.06958162171	-0.00707117527	0.00789721528
0.06957893529	-0.00709756045	0.00794198785
0.06957632247	-0.00712312792	0.00798543737
0.06957378284	-0.00714789073	0.00802758699
0.06957131510	-0.00717186967	0.00806846442
0.06956891745	-0.00719509035	0.00810810327
0.06956658842	-0.00721757409	0.00814653367
0.06956432585	-0.00723934870	0.00818379592
0.06956212867	-0.00726043073	0.00821992033
0.06955999746	-0.00728082089	0.00825491169
0.06955792905	-0.00730055524	0.00828881199
0.06955592435	-0.00731963035	0.00832161388
0.06955520983	-0.00732641699	0.00833347131
0.06955463325	-0.00733188884	0.00834599705
0.06955420168	-0.00733598176	0.00835904425
0.06955392044	-0.00733864781	0.00837245994
0.06955379298	-0.00733985573	0.00838608683
0.06955382088	-0.00733959138	0.00839976517
0.06955400378	-0.00733785786	0.00841333459
0.06955433945	-0.00733467547	0.00842663600
0.06955482374	-0.00733008151	0.00843951344
0.06955545070	-0.00732412981	0.00845181595
0.06955621266	-0.00731689011	0.00846339930
0.06955710028	-0.00730844725	0.00847412766
0.06955810274	-0.00729890016	0.00848387527
0.06955920786	-0.00728836075	0.00849252785
0.07019527559	0.00610203942	-0.00424301309
0.07019806523	0.00606986311	-0.00431856416
0.07019973873	0.00605047781	-0.00434868803
0.07020124193	0.00603301179	-0.00437142465
0.07020269265	0.00601610709	-0.00439027237
0.07020410759	0.00599957314	-0.00440665808
0.07020551013	0.00598313856	-0.00442126750
0.07020692795	0.00596647865	-0.00443445169
0.07020833772	0.00594986678	-0.00444657312
0.07020976923	0.00593295076	-0.00445773438
0.07021122782	0.00591566462	-0.00446805204
0.07021269561	0.00589821801	-0.00447769152
0.07021418986	0.00588040325	-0.00448667728
0.07021572302	0.00586206794	-0.00449502299
0.07021728096	0.00584337702	-0.00450282251
0.07021886651	0.00582429274	-0.00451010638
0.07022048678	0.00580472537	-0.00451688079
0.07022214333	0.00578465090	-0.00452316259
0.07022383763	0.00576404623	-0.00452896457
0.07022557102	0.00574288908	-0.00453429570
0.07022734568	0.00572114667	-0.00453915830
0.07022916082	0.00569882190	-0.00454356330
0.07023101687	0.00567590248	-0.00454751569
0.07023291965	0.00565230899	-0.00455099680
0.07023486670	0.00562806363	-0.00455401708
0.07023685925	0.00560314219	-0.00455657227
0.07023889865	0.00557751888	-0.00455865689
0.07024098581	0.00555117223	-0.00456026476
0.07024312164	0.00552408021	-0.00456138949
0.07024530953	0.00549618859	-0.00456201222
0.07024755951	0.00546735610	-0.00456208013
0.07024984803	0.00543787200	-0.00456168549
0.07025218972	0.00540753540	-0.00456076536
0.07025460356	0.00537608389	-0.00455922116
0.07025705123	0.00534400151	-0.00455720971
0.07025957136	0.00531076576	-0.00455455306
0.07026213554	0.00527673281	-0.00455136310
0.07026477006	0.00524153488	-0.00454750736
0.07026744751	0.00520551830	-0.00454309769
0.07027020065	0.00516822029	-0.00453796456
0.07027300084	0.00513000522	-0.00453222270
0.07027585985	0.00509068980	-0.00452580424
0.07027878314	0.00505017237	-0.00451865992
0.07028176844	0.00500845540	-0.00451077461
0.07028480772	0.00496562226	-0.00450216742
0.07028790709	0.00492155635	-0.00449278514
0.07029106593	0.00487623327	-0.00448260355
0.07029428347	0.00482962852	-0.00447159772
0.07029755884	0.00478171744	-0.00445974206
0.07030089099	0.00473247562	-0.00444700948
0.07030427877	0.00468187859	-0.00443337228
0.07030772757	0.00462979955	-0.00441875751
0.07031122518	0.00457637567	-0.00440319597
0.07031477236	0.00452154704	-0.00438664634
0.07031837495	0.00446517013	-0.00436902598
0.07032202581	0.00440729919	-0.00435032536
0.07032571882	0.00434797339	-0.00433053767
0.07032946243	0.00428699358	-0.00430954792
0.07033324199	0.00422453212	-0.00428739568
0.07033706021	0.00416047607	-0.00426400544
0.07034091959	0.00409470779	-0.00423928509
0.07034480436	0.00402741854	-0.00421328052
0.07034871836	0.00395846253	-0.00418589509
0.07035265723	0.00388782983	-0.00415708199
0.07035661638	0.00381551199	-0.00412679343
0.07036059098	0.00374150201	-0.00409498099
0.07036457598	0.00366579427	-0.00406159597
0.07036856610	0.00358838478	-0.00402658929
0.07037255583	0.00350927135	-0.00398991138
0.07037653946	0.00342845346	-0.00395151268
0.07038051105	0.00334593241	-0.00391134372
0.07038446692	0.00326165864	-0.00386932675
0.07038839944	0.00317566133	-0.00382541664
0.07039229757	0.00308804849	-0.00377961892
0.07039616415	0.00299861176	-0.00373176965
0.07039998073	0.00290763009	-0.00368195613
0.07040375183	0.00281484080	-0.00362998594
0.07040745946	0.00272052429	-0.00357594791
0.07041110413	0.00262450296	-0.00351969750
0.07041467555	0.00252686895	-0.00346122032
0.07041816464	0.00242769199	-0.00340050230
0.07042156576	0.00232694567	-0.00333747755
0.07042487111	0.00222466394	-0.00327210941
0.07042807311	0.00212087673	-0.00320436010
0.07043116381	0.00201563001	-0.00313420342
0.07043413516	0.00190897980	-0.00306162370
0.07043698022	0.00180094922	-0.00298658777
0.07043969199	0.00169156489	-0.00290906404
0.07044226264	0.00158089665	-0.00282904938
0.07044468509	0.00146899377	-0.00274653338
0.07044695260	0.00135590161	-0.00266150693
0.07044905855	0.00124167204	-0.00257396755
0.07045099656	0.00112635832	-0.00248391586
0.07045276143	0.00100995378	-0.00239131032
0.07045434537	0.00089264693	-0.00229624458
0.07045574397	0.00077442995	-0.00219870032
0.07045695266	0.00065530272	-0.00209864945
0.07045796552	0.00053543891	-0.00199618730
0.07045877867	0.00041485933	-0.00189132367
0.07045938846	0.00029356160	-0.00178404008
0.07045979067	0.00017175322	-0.00167447299
0.07045998271	0.00004935724	-0.00156257059
0.07045996172	-0.00007344455	-0.00144845698
0.07045972557	-0.00019665190	-0.00133214386
0.07045927257	-0.00032016975	-0.00121370308
0.07045860161	-0.00044391406	-0.00109321248
0.07045771169	-0.00056785913	-0.00097070514
0.07045660317	-0.00069185972	-0.00084631082
0.07045527541	-0.00081594540	-0.00072003063
0.07045373054	-0.00093992165	-0.00059203982
0.07045196810	-0.00106385685	-0.00046231897
0.07044999179	-0.00118754223	-0.00033105855
0.07044780221	-0.00131101626	-0.00019827628
0.07044540304	-0.00143415136	-0.00006410550
0.07044279752	-0.00155688052	0.00007134908
0.07043998785	-0.00167919972	0.00020804088
0.07043698036	-0.00180094341	0.00034578988
0.07043377808	-0.00192210951	0.00048453004
0.07043038518	-0.00204265597	0.00062418076
0.07042680894	-0.00216244812	0.00076457642
0.07042305372	-0.00228146992	0.00090563391
0.07041912543	-0.00239966123	0.00104724260
0.07041502988	-0.00251697585	0.00118930597
0.07041077471	-0.00263332567	0.00133168773
0.07040636628	-0.00274867020	0.00147428295
0.07040181142	-0.00286296143	0.00161698334
0.07039711739	-0.00297614899	0.00175967782
0.07039229163	-0.00308818369	0.00190225701
0.07038734174	-0.00319901908	0.00204461223
0.07038227541	-0.00330861115	0.00218663609
0.07037709963	-0.00341693545	0.00232824177
0.07037182392	-0.00352391794	0.00246929985
0.07036645558	-0.00362953562	0.00260971529
0.07036100202	-0.00373376416	0.00274939761
0.07035547054	-0.00383658246	0.00288827015
0.07034987188	-0.00393790883	0.00302619192
0.07034420993	-0.00403778762	0.00316313768
0.07033849692	-0.00413611545	0.00329895438
0.07033273588	-0.00423294969	0.00343363012
0.07032693880	-0.00432819577	0.00356702687
0.07032111084	-0.00442187408	0.00369909400
0.07031525875	-0.00451397686	0.00382977461
0.07030939117	-0.00460446660	0.00395898472
0.07030351493	-0.00469333451	0.00408666009
0.07029763633	-0.00478057808	0.00421274644
0.07029176204	-0.00486618831	0.00433718794
0.07028589851	-0.00495015868	0.00445993246
0.07028005189	-0.00503248513	0.00458093155
0.07027422744	-0.00511317498	0.00470015245
0.07026843179	-0.00519221476	0.00481754592
0.07026267071	-0.00526960201	0.00493306723
0.07025694798	-0.00534535880	0.00504669835
0.07025126848	-0.00541949047	0.00515841757
0.07024563897	-0.00549197653	0.00526817095
0.07024006034	-0.00556287011	0.00537597937
0.07023454026	-0.00563213593	0.00548178548
0.07022908046	-0.00569981208	0.00558559299
0.07022368367	-0.00576592162	0.00568740734
0.07021835601	-0.00583044415	0.00578718906
0.07021309854	-0.00589341949	0.00588494958
0.07020791419	-0.00595486232	0.00598068729
0.07020280561	-0.00601478882	0.00607440309
0.07019777518	-0.00607321665	0.00616610024
0.07019282501	-0.00613016455	0.00625578441
0.07018795697	-0.00618565243	0.00634346350
0.07018317268	-0.00623970127	0.00642914749
0.07017847350	-0.00629233319	0.00651284819
0.07017386057	-0.00634357098	0.00659457946
0.07016933357	-0.00639345189	0.00667437655
0.07016489582	-0.00644197131	0.00675223234
0.07016054717	-0.00648916177	0.00682816711
0.07015628513	-0.00653507898	0.00690223990
0.07015211523	-0.00657969061	0.00697441771
0.07014803230	-0.00662307821	0.00704477769
0.07014404108	-0.00666521576	0.00711329570
0.07014013606	-0.00670618474	0.00718005549
0.07013632276	-0.00674594916	0.00724502599
0.07013259683	-0.00678457524	0.00730826799
0.07012895768	-0.00682208877	0.00736981943
0.07012540751	-0.00685848540	0.00742967947
0.07012194348	-0.00689381188	0.00748789437
0.07011856488	-0.00692809199	0.00754449493
0.07011527053	-0.00696135325	0.00759951770
0.07011206024	-0.00699361205	0.00765298751
0.07010893317	-0.00702489070	0.00770493153
0.07010588764	-0.00705521926	0.00775538586
0.07010292250	-0.00708462117	0.00780438217
0.07010003656	-0.00711311990	0.00785195197
0.07009722857	-0.00714073856	0.00789812681
0.07009449723	-0.00716750017	0.00794293806
0.07009184063	-0.00719343289	0.00798642517
0.07008925835	-0.00721855003	0.00802861142
0.07008674908	-0.00724287264	0.00806952457
0.07008431098	-0.00726642657	0.00810919818
0.07008194258	-0.00728923341	0.00814766241
0.07007964171	-0.00731132123	0.00818495747
0.07007740727	-0.00733270685	0.00822111372
0.07007523983	-0.00735339120	0.00825613622
0.07007313620	-0.00737341057	0.00829006680
0.07007109728	-0.00739276172	0.00832289845
0.07007037386	-0.00739961537	0.00833471718
0.07006978832	-0.00740515802	0.00834721175
0.07006934784	-0.00740932473	0.00836023568
0.07006905785	-0.00741206667	0.00837363628
0.07006892190	-0.00741335170	0.00838725643
0.07006894168	-0.00741316478	0.00840093644
0.07006911693	-0.00741150809	0.00841451595
0.07006944551	-0.00740840104	0.00842783573
0.07006992336	-0.00740388005	0.00844073962
0.07007054463	-0.00739799808	0.00845307634
0.07007130168	-0.00739082407	0.00846470126
0.07007218527	-0.00738244208	0.00847547807
0.07007318462	-0.00737295034	0.00848528044
0.07007428759	-0.00736246008	0.00849399344
0.07071356919	0.00614422759	-0.00424153196
0.07071635116	0.00611212551	-0.00431712266
0.07071802352	0.00609274560	-0.00434726529
0.07071952682	0.00607527174	-0.00437001696
0.07072097822	0.00605835287	-0.00438887866
0.07072239435	0.00604179924	-0.00440527721
0.07072379846	0.00602534076	-0.00441989885
0.07072521809	0.00600865430	-0.00443309547
0.07072663004	0.00599201161	-0.00444522847
0.07072806396	0.00597506224	-0.00445640148
0.07072952516	0.00595774041	-0.00446673118
0.07073099587	0.00594025451	-0.00447638221
0.07073249327	0.00592239781	-0.00448537963
0.07073402975	0.00590401854	-0.00449373757
0.07073559127	0.00588528062	-0.00450154925
0.07073718066	0.00586614632	-0.00450884529
0.07073880499	0.00584652622	-0.00451563210
0.07074046584	0.00582639625	-0.00452192657
0.07074216466	0.00580573325	-0.00452774151
0.07074390283	0.00578451487	-0.00453308591
0.07074568250	0.00576270830	-0.00453796213
0.07074750292	0.00574031625	-0.00454238103
0.07074936452	0.00571732627	-0.00454634760
0.07075127310	0.00569365915	-0.00454984340
0.07075322622	0.00566933676	-0.00455287870
0.07075522514	0.00564433479	-0.00455544930
0.07075727119	0.00561862736	-0.00455754972
0.07075936531	0.00559219287	-0.00455917381
0.07076150841	0.00556500918	-0.00456031519
0.07076370388	0.00553702208	-0.00456095512
0.07076596170	0.00550809081	-0.00456104128
0.07076825847	0.00547850283	-0.00456066474
0.07077060875	0.00544805805	-0.00455976325
0.07077303145	0.00541649513	-0.00455823919
0.07077548844	0.00538429536	-0.00455624740
0.07077801817	0.00535093861	-0.00455361193
0.07078059241	0.00531677897	-0.00455044315
0.07078323731	0.00528145020	-0.00454660999
0.07078592560	0.00524529660	-0.00454222280
0.07078868992	0.00520785742	-0.00453711389
0.07079150177	0.00516949486	-0.00453139638
0.07079437287	0.00513002624	-0.00452500307
0.07079730868	0.00508935008	-0.00451788504
0.07080030693	0.00504746852	-0.00451002707
0.07080335966	0.00500446414	-0.00450144782
0.07080647295	0.00496022061	-0.00449209447
0.07080964619	0.00491471329	-0.00448194283
0.07081287863	0.00486791743	-0.00447096797
0.07081616941	0.00481980815	-0.00445914432
0.07081951749	0.00477036079	-0.00444644481
0.07082292173	0.00471955063	-0.00443284173
0.07082638751	0.00466725111	-0.00441826265
0.07082990266	0.00461359835	-0.00440273761
0.07083346796	0.00455853236	-0.00438622548
0.07083708921	0.00450190991	-0.00436864420
0.07084075930	0.00444378461	-0.00434998389
0.07084447215	0.00438419504	-0.00433023746
0.07084823616	0.00432294261	-0.00430929079
0.07085203673	0.00426019848	-0.00428718252
0.07085587657	0.00419584984	-0.00426383758
0.07085975814	0.00412977921	-0.00423916442
0.07086366574	0.00406217656	-0.00421320784
0.07086760316	0.00399289641	-0.00418587187
0.07087156607	0.00392192846	-0.00415710967
0.07087554985	0.00384926393	-0.00412687344
0.07087954969	0.00377489545	-0.00409511472
0.07088356052	0.00369881707	-0.00406178480
0.07088757706	0.00362102444	-0.00402683453
0.07089159380	0.00354151500	-0.00399021431
0.07089560500	0.00346028790	-0.00395187456
0.07089960470	0.00337734408	-0.00391176573
0.07090358921	0.00329263385	-0.00386981033
0.07090755088	0.00320618594	-0.00382596307
0.07091147866	0.00311810759	-0.00378022879
0.07091537534	0.00302819101	-0.00373244480
0.07091922245	0.00293671371	-0.00368269673
0.07092302446	0.00284341382	-0.00363079379
0.07092676336	0.00274857032	-0.00357682305
0.07093043961	0.00265200614	-0.00352064116
0.07093404289	0.00255381279	-0.00346223320
0.07093756404	0.00245405954	-0.00340158467
0.07094099738	0.00235271994	-0.00333862995
0.07094433505	0.00224982764	-0.00327333223
0.07094756942	0.00214541232	-0.00320565365
0.07095069245	0.00203951971	-0.00313556779
0.07095369604	0.00193220551	-0.00306305874
0.07095657316	0.00182349277	-0.00298809332
0.07095931675	0.00171340798	-0.00291063989
0.07096191887	0.00160202073	-0.00283069502
0.07096437238	0.00148938021	-0.00274824814
0.07096667043	0.00137553169	-0.00266329001
0.07096880633	0.00126052701	-0.00257581800
0.07097077359	0.00114441938	-0.00248583256
0.07097256692	0.00102720235	-0.00239329252
0.07097417842	0.00090906407	-0.00229829036
0.07097560359	0.00078999700	-0.00220080808
0.07097683776	0.00067000133	-0.00210081796
0.07097787489	0.00054925053	-0.00199841430
0.07097871101	0.00042776574	-0.00189360707
0.07097934236	0.00030554501	-0.00178637822
0.07097976462	0.00018279570	-0.00167686291
0.07097997511	0.00005944156	-0.00156501039
0.07097997084	-0.00006433557	-0.00145094368
0.07097974961	-0.00018853489	-0.00133467494
0.07097930961	-0.00031306097	-0.00121627568
0.07097864965	-0.00043782935	-0.00109582353
0.07097776864	-0.00056281371	-0.00097335186
0.07097666685	-0.00068786847	-0.00084898965
0.07097534357	-0.00081302240	-0.00072273886
0.07097380083	-0.00093808063	-0.00059477354
0.07097203813	-0.00106311062	-0.00046507545
0.07097005908	-0.00118790321	-0.00033383377
0.07096786424	-0.00131249593	-0.00020106714
0.07096545722	-0.00143676061	-0.00006690835
0.07096284123	-0.00156062946	0.00006853794
0.07096001843	-0.00168409758	0.00020522452
0.07095699511	-0.00180699880	0.00034297233
0.07095377429	-0.00192933007	0.00048171475
0.07095036011	-0.00205104848	0.00062137090
0.07094675986	-0.00217201863	0.00076177585
0.07094297789	-0.00229222353	0.00090284603
0.07093902012	-0.00241160213	0.00104447077
0.07093489238	-0.00253010737	0.00118655336
0.07093060234	-0.00264765028	0.00132895775
0.07092615636	-0.00276418945	0.00147157881
0.07092156136	-0.00287967598	0.00161430815
0.07091682461	-0.00299405859	0.00175703458
0.07091195362	-0.00310728721	0.00189964865
0.07090695603	-0.00321931452	0.00204204157
0.07090183963	-0.00333009563	0.00218410585
0.07089661145	-0.00343960524	0.00232575437
0.07089128112	-0.00354776850	0.00246685794
0.07088585599	-0.00365456157	0.00260732128
0.07088034358	-0.00375995929	0.00274705367
0.07087475128	-0.00386393980	0.00288597820
0.07086908993	-0.00396642067	0.00302395429
0.07086336351	-0.00406744548	0.00316095582
0.07085758435	-0.00416691019	0.00329683043
0.07085175560	-0.00426487143	0.00343156522
0.07084588935	-0.00436123404	0.00356502282
0.07083999087	-0.00445601775	0.00369715209
0.07083406702	-0.00454921421	0.00382789587
0.07082812655	-0.00464078536	0.00395717030
0.07082217640	-0.00473072191	0.00408491101
0.07081622299	-0.00481902081	0.00421106352
0.07081027310	-0.00490567261	0.00433557189
0.07080433327	-0.00499067036	0.00445838387
0.07079840977	-0.00507400961	0.00457945094
0.07079250797	-0.00515569730	0.00469874010
0.07078663461	-0.00523571966	0.00481620216
0.07078079555	-0.00531407391	0.00493179236
0.07077499467	-0.00539078184	0.00504549236
0.07076923696	-0.00546584856	0.00515728036
0.07076352925	-0.00553925339	0.00526710263
0.07075787254	-0.00561104926	0.00537497950
0.07075227458	-0.00568120076	0.00548085403
0.07074673719	-0.00574974584	0.00558472957
0.07074126316	-0.00581670748	0.00568661136
0.07073585872	-0.00588206524	0.00578646025
0.07073052497	-0.00594585885	0.00588428736
0.07072526492	-0.00600810300	0.00598009104
0.07072008129	-0.00606881387	0.00607387215
0.07071497652	-0.00612800916	0.00616563389
0.07070995277	-0.00618570767	0.00625538191
0.07070501197	-0.00624192936	0.00634312407
0.07070015579	-0.00629669529	0.00642887030
0.07069538562	-0.00635002772	0.00651263239
0.07069070266	-0.00640194954	0.00659442416
0.07068610661	-0.00645249815	0.00667428066
0.07068160085	-0.00650166912	0.00675219506
0.07067718524	-0.00654949510	0.00682818753
0.07067285732	-0.00659603201	0.00690231673
0.07066862266	-0.00664124770	0.00697455028
0.07066447609	-0.00668522395	0.00704496466
0.07066042239	-0.00672793491	0.00711353635
0.07065645604	-0.00676946233	0.00718034837
0.07065258259	-0.00680977042	0.00724537040
0.07064879771	-0.00684892563	0.00730866276
0.07064510078	-0.00688695402	0.00737026332
0.07064149404	-0.00692385147	0.00743017163
0.07063797466	-0.00695966498	0.00748843369
0.07063454189	-0.00699441859	0.00754508032
0.07063119457	-0.00702814009	0.00760014803
0.07062793252	-0.00706084613	0.00765366175
0.07062475489	-0.00709255927	0.00770564869
0.07062165997	-0.00712330986	0.00775614490
0.07061864663	-0.00715312158	0.00780518205
0.07061571365	-0.00718201818	0.00785279165
0.07061285979	-0.00721002303	0.00789900531
0.07061008372	-0.00723715942	0.00794385437
0.07060738354	-0.00726345578	0.00798737825
0.07060475878	-0.00728892569	0.00802960032
0.07060220814	-0.00731359045	0.00807054839
0.07059972977	-0.00733747617	0.00811025600
0.07059732218	-0.00736060468	0.00814875332
0.07059498316	-0.00738300433	0.00818608047
0.07059271162	-0.00740469220	0.00822226785
0.07059050810	-0.00742566944	0.00825732081
0.07058836938	-0.00744597259	0.00829128099
0.07058629639	-0.00746559856	0.00832414176
0.07058556419	-0.00747251820	0.00833592188
0.07058496980	-0.00747813064	0.00834838527
0.07058452052	-0.00748237012	0.00836138580
0.07058422187	-0.00748518695	0.00837477106
0.07058407750	-0.00748654812	0.00838838411
0.07058408922	-0.00748643770	0.00840206535
0.07058425686	-0.00748485697	0.00841565439
0.07058457836	-0.00748182446	0.00842899191
0.07058504978	-0.00747737569	0.00844192153
0.07058566532	-0.00747156281	0.00845429166
0.07058641745	-0.00746445392	0.00846595729
0.07058729695	-0.00745613233	0.00847678163
0.07058829312	-0.00744669556	0.00848663779
0.07058939384	-0.00743625421	0.00849541021
0.07123187299	0.00618629698	-0.00424009957
0.07123464744	0.00615426714	-0.00431572897
0.07123631871	0.00613489179	-0.00434588989
0.07123782213	0.00611740943	-0.00436865620
0.07123927424	0.00610047585	-0.00438753149
0.07124069157	0.00608390207	-0.00440394253
0.07124209727	0.00606741924	-0.00441857603
0.07124351872	0.00605070581	-0.00443178472
0.07124493286	0.00603403192	-0.00444392896
0.07124636919	0.00601704882	-0.00445511337
0.07124783301	0.00599969096	-0.00446545475
0.07124930664	0.00598216543	-0.00447511698
0.07125080719	0.00596426647	-0.00448412570
0.07125234699	0.00594584293	-0.00449249549
0.07125391208	0.00592705771	-0.00450031898
0.07125550530	0.00590787309	-0.00450762681
0.07125713369	0.00588819997	-0.00451442564
0.07125879882	0.00586801423	-0.00452073239
0.07126050217	0.00584729263	-0.00452655989
0.07126224509	0.00582601277	-0.00453191713
0.07126402976	0.00580414179	-0.00453680655
0.07126585543	0.00578168221	-0.00454123894
0.07126772256	0.00575862142	-0.00454521925
0.07126963692	0.00573488044	-0.00454872926
0.07127159609	0.00571048079	-0.00455177914
0.07127360135	0.00568539807	-0.00455436466
0.07127565402	0.00565960630	-0.00455648040
0.07127775507	0.00563308377	-0.00455812020
0.07127990540	0.00560580822	-0.00455927772
0.07128210841	0.00557772545	-0.00455993433
0.07128437404	0.00554869519	-0.00456003818
0.07128667901	0.00551900316	-0.00455967919
0.07128903784	0.00548845004	-0.00455879576
0.07129146934	0.00545677555	-0.00455729124
0.07129393560	0.00542445823	-0.00455531852
0.07129647488	0.00539098035	-0.00455270357
0.07129905912	0.00535669387	-0.00454955533
0.07130171433	0.00532123415	-0.00454574408
0.07130441342	0.00528494341	-0.00454137871
0.07130718885	0.00524736295	-0.00453629330
0.07131001229	0.00520885281	-0.00453059943
0.07131289541	0.00516923092	-0.00452423053
0.07131584365	0.00512839596	-0.00451713802
0.07131885477	0.00508634974	-0.00450930660
0.07132192086	0.00504317410	-0.00450075448
0.07132504798	0.00499875291	-0.00449142923
0.07132823553	0.00495306133	-0.00448130669
0.07133148277	0.00490607438	-0.00447036192
0.07133478885	0.00485776692	-0.00445856938
0.07133815276	0.00480811407	-0.00444590199
0.07134157334	0.00475709083	-0.00443233209
0.07134505598	0.00470457092	-0.00441778770
0.07134858855	0.00465068938	-0.00440229817
0.07135217184	0.00459538615	-0.00438582250
0.07135581162	0.00453851832	-0.00436827924
0.07135950081	0.00448013882	-0.00434965816
0.07136323335	0.00442028569	-0.00432995187
0.07136701762	0.00435876088	-0.00430904713
0.07137083905	0.00429573433	-0.00428698166
0.07137470034	0.00423109340	-0.00426368084
0.07137860394	0.00416472075	-0.00423905363
0.07138253420	0.00409680507	-0.00421314380
0.07138649488	0.00402720117	-0.00418585600
0.07139048163	0.00395589842	-0.00415714341
0.07139448987	0.00388288767	-0.00412695817
0.07139851475	0.00380816122	-0.00409525182
0.07140255121	0.00373171277	-0.00406197560
0.07140659397	0.00365353761	-0.00402708034
0.07141063750	0.00357363285	-0.00399051640
0.07141467605	0.00349199726	-0.00395223413
0.07141870365	0.00340863145	-0.00391218395
0.07142271658	0.00332348560	-0.00387028863
0.07142670718	0.00323658800	-0.00382650270
0.07143066437	0.00314804510	-0.00378083033
0.07143459091	0.00305764972	-0.00373311009
0.07143846831	0.00296567789	-0.00368342590
0.07144230099	0.00287186856	-0.00363158862
0.07144607093	0.00277649934	-0.00357768361
0.07144977852	0.00267939362	-0.00352156864
0.07145341339	0.00258064233	-0.00346322829
0.07145696636	0.00248031429	-0.00340264767
0.07146043167	0.00237838297	-0.00333976137
0.07146380142	0.00227488175	-0.00327453248
0.07146706790	0.00216984008	-0.00320692302
0.07147022302	0.00206330341	-0.00313690641
0.07147325861	0.00195532717	-0.00306446646
0.07147616754	0.00184593429	-0.00298956997
0.07147894271	0.00173515115	-0.00291218531
0.07148157607	0.00162304713	-0.00283230872
0.07148406041	0.00150967128	-0.00274992946
0.07148638880	0.00139506882	-0.00266503818
0.07148855442	0.00127929154	-0.00257763209
0.07149055073	0.00116239263	-0.00248771150
0.07149237232	0.00104436585	-0.00239523558
0.07149401120	0.00092539895	-0.00230029566
0.07149546275	0.00080548473	-0.00220287408
0.07149672224	0.00068462366	-0.00210294346
0.07149778349	0.00056298901	-0.00200059710
0.07149864243	0.00044060227	-0.00189584513
0.07149929523	0.00031746188	-0.00178866994
0.07149973742	0.00019377507	-0.00167920539
0.07149996625	0.00006946633	-0.00156740177
0.07149997863	-0.00005528252	-0.00145338107
0.07149977224	-0.00018047006	-0.00133715587
0.07149934520	-0.00030600054	-0.00121879738
0.07149869620	-0.00043178906	-0.00109838297
0.07149782409	-0.00055780872	-0.00097594633
0.07149672903	-0.00068391356	-0.00085161569
0.07149541025	-0.00081013154	-0.00072539381
0.07149386969	-0.00093626750	-0.00059745358
0.07149210678	-0.00106238792	-0.00046777792
0.07149012507	-0.00118828331	-0.00033655473
0.07148792506	-0.00131399024	-0.00020380357
0.07148551032	-0.00143937996	-0.00006965668
0.07148288399	-0.00156438390	0.00006578133
0.07148004821	-0.00168899626	0.00020246263
0.07147700923	-0.00181305028	0.00034020910
0.07147377005	-0.00193654193	0.00047895356
0.07147033481	-0.00205942747	0.00061861485
0.07146671077	-0.00218157077	0.00075902871
0.07146290229	-0.00230295386	0.00090011114
0.07145891530	-0.00242351483	0.00104175142
0.07145475565	-0.00254320572	0.00118385263
0.07145043102	-0.00266193674	0.00132627899
0.07144594782	-0.00277966556	0.00146892517
0.07144131298	-0.00289634235	0.00161168266
0.07143653385	-0.00301191499	0.00175444019
0.07143161797	-0.00312633250	0.00189708821
0.07142657305	-0.00323954668	0.00203951785
0.07142140694	-0.00335151180	0.00218162153
0.07141612675	-0.00346220170	0.00232331180
0.07141074217	-0.00357154072	0.00246445971
0.07140526065	-0.00367950418	0.00260496976
0.07139968980	-0.00378606610	0.00274475100
0.07139403709	-0.00389120386	0.00288372624
0.07138831346	-0.00399483431	0.00302175534
0.07138252299	-0.00409700023	0.00315881129
0.07137667812	-0.00419759695	0.00329474241
0.07137078210	-0.00429668037	0.00342953484
0.07136484712	-0.00439415472	0.00356305184
0.07135887856	-0.00449003908	0.00369524178
0.07135288339	-0.00458432451	0.00382604724
0.07134687049	-0.00467697245	0.00395538449
0.07134084688	-0.00476797302	0.00408318901
0.07133481910	-0.00485732271	0.00420940612
0.07132879405	-0.00494501159	0.00433397980
0.07132277837	-0.00503103230	0.00445685769
0.07131677845	-0.00511537997	0.00457799116
0.07131079974	-0.00519806120	0.00469734701
0.07130484910	-0.00527906190	0.00481487607
0.07129893249	-0.00535837896	0.00493053356
0.07129305391	-0.00543603391	0.00504430087
0.07128721840	-0.00551203165	0.00515615607
0.07128143292	-0.00558635126	0.00526604567
0.07127569855	-0.00565904551	0.00537398942
0.07127002312	-0.00573007886	0.00547993080
0.07126440855	-0.00579948911	0.00558387282
0.07125885770	-0.00586729916	0.00568582052
0.07125337686	-0.00593348852	0.00578573506
0.07124796723	-0.00599809686	0.00588362726
0.07124263187	-0.00606113884	0.00597949541
0.07123737357	-0.00612263069	0.00607334035
0.07123219482	-0.00618259011	0.00616516522
0.07122709786	-0.00624103595	0.00625497565
0.07122208466	-0.00629798827	0.00634277945
0.07121715694	-0.00635346819	0.00642858652
0.07121231613	-0.00640749809	0.00651240862
0.07120756347	-0.00646010096	0.00659425954
0.07120289871	-0.00651131437	0.00667417411
0.07119832526	-0.00656113404	0.00675214580
0.07119384302	-0.00660959277	0.00682819470
0.07118944952	-0.00665674669	0.00690237903
0.07118515041	-0.00670256382	0.00697466708
0.07118094049	-0.00674712615	0.00704513465
0.07117682459	-0.00679040802	0.00711375881
0.07117279719	-0.00683249145	0.00718062191
0.07116886388	-0.00687334084	0.00724569432
0.07116502030	-0.00691302288	0.00730903591
0.07116126587	-0.00695156388	0.00737068450
0.07115760281	-0.00698895998	0.00743064000
0.07115402831	-0.00702525840	0.00748894818
0.07115054163	-0.00706048344	0.00754563986
0.07114714158	-0.00709466318	0.00760075151
0.07114382799	-0.00712781450	0.00765430817
0.07114060001	-0.00715996025	0.00770633708
0.07113745592	-0.00719113102	0.00775687422
0.07113439459	-0.00722135076	0.00780595130
0.07113141478	-0.00725064350	0.00785359985
0.07112851524	-0.00727903285	0.00789985146
0.07112569464	-0.00730654238	0.00794473750
0.07112295105	-0.00733320080	0.00798829732
0.07112028400	-0.00735902195	0.00803055442
0.07111769217	-0.00738402736	0.00807153665
0.07111517369	-0.00740824341	0.00811127751
0.07111272707	-0.00743169219	0.00814980718
0.07111035006	-0.00745440231	0.00818716571
0.07110804157	-0.00747639112	0.00822338354
0.07110580212	-0.00749765997	0.00825846628
0.07110362848	-0.00751824565	0.00829245543
0.07110152154	-0.00753814526	0.00832534468
0.07110078069	-0.00754512989	0.00833708629
0.07110017758	-0.00755081112	0.00834951847
0.07109971959	-0.00755512236	0.00836249548
0.07109941236	-0.00755801310	0.00837586517
0.07109925966	-0.00755944947	0.00838947079
0.07109926336	-0.00755941464	0.00840315282
0.07109942343	-0.00755790901	0.00841675087
0.07109973788	-0.00755495023	0.00843010550
0.07110020287	-0.00755057297	0.00844306014
0.07110081267	-0.00754482851	0.00845546291
0.07110155983	-0.00753778418	0.00846716840
0.07110243519	-0.00752952253	0.00847803937
0.07110342811	-0.00752014036	0.00848794838
0.07110452651	-0.00750974764	0.00849677924
0.07176015448	0.00622905520	-0.00423868807
0.07176292141	0.00619709701	-0.00431435602
0.07176459160	0.00617772547	-0.00434453510
0.07176609519	0.00616023383	-0.00436731593
0.07176754805	0.00614328471	-0.00438620469
0.07176896663	0.00612668989	-0.00440262810
0.07177037396	0.00611018181	-0.00441727335
0.07177179727	0.00609344047	-0.00443049400
0.07177321366	0.00607673439	-0.00444264934
0.07177465246	0.00605971657	-0.00445384502
0.07177611894	0.00604232162	-0.00446419796
0.07177759555	0.00602475537	-0.00447387125
0.07177909931	0.00600681301	-0.00448289114
0.07178064249	0.00598834404	-0.00449127265
0.07178221121	0.00596951030	-0.00449910779
0.07178380833	0.00595027412	-0.00450642727
0.07178544084	0.00593054668	-0.00451323798
0.07178711033	0.00591030381	-0.00451955686
0.07178881827	0.00588952222	-0.00452539676
0.07179056603	0.00586817942	-0.00453076669
0.07179235578	0.00584624256	-0.00453566915
0.07179418679	0.00582371389	-0.00454011484
0.07179605953	0.00580058070	-0.00454410873
0.07179797974	0.00577676420	-0.00454763279
0.07179994506	0.00575228558	-0.00455069704
0.07180195675	0.00572712033	-0.00455329730
0.07180401615	0.00570124240	-0.00455542817
0.07180612422	0.00567462993	-0.00455708351
0.07180828189	0.00564726053	-0.00455825695
0.07181049254	0.00561908008	-0.00455893003
0.07181276609	0.00558994874	-0.00455905136
0.07181507938	0.00556015048	-0.00455870971
0.07181744688	0.00552948676	-0.00455784413
0.07181988730	0.00549769839	-0.00455635892
0.07182236296	0.00546526111	-0.00455440504
0.07182491193	0.00543165961	-0.00455181039
0.07182750629	0.00539724373	-0.00454868245
0.07183017197	0.00536165042	-0.00454489286
0.07183288198	0.00532521980	-0.00454054906
0.07183566868	0.00528749523	-0.00453548689
0.07183850385	0.00524883458	-0.00452981640
0.07184139915	0.00520905637	-0.00452347164
0.07184435998	0.00516805950	-0.00451640438
0.07184738415	0.00512584540	-0.00450859923
0.07185046376	0.00508249515	-0.00450007396
0.07185360489	0.00503789287	-0.00449077653
0.07185680692	0.00499201348	-0.00448068279
0.07186006915	0.00494483176	-0.00446976782
0.07186339073	0.00489632234	-0.00445800608
0.07186677066	0.00484646007	-0.00444537053
0.07187020779	0.00479521973	-0.00443183348
0.07187370749	0.00474247525	-0.00441732348
0.07187725770	0.00468836064	-0.00440186913
0.07188085919	0.00463281574	-0.00438542961
0.07188451772	0.00457569795	-0.00436792404
0.07188822625	0.00451705955	-0.00434934186
0.07189197872	0.00445693798	-0.00432967537
0.07189578348	0.00439513577	-0.00430881224
0.07189962602	0.00433182165	-0.00428678922
0.07190350902	0.00426688309	-0.00426353217
0.07190743491	0.00420020293	-0.00423895058
0.07191138808	0.00413196857	-0.00421308714
0.07191537229	0.00406203509	-0.00418584718
0.07191938317	0.00399039154	-0.00415718384
0.07192341613	0.00391702840	-0.00412704925
0.07192746635	0.00384193763	-0.00409539491
0.07193152874	0.00376511256	-0.00406217205
0.07193559802	0.00368654814	-0.00402733145
0.07193966865	0.00360624112	-0.00399082343
0.07194373486	0.00352418992	-0.00395259830
0.07194779068	0.00344039479	-0.00391260644
0.07195183235	0.00335480579	-0.00387077086
0.07195585220	0.00326745075	-0.00382704592
0.07195983914	0.00317843534	-0.00378143512
0.07196379587	0.00308755297	-0.00373377829
0.07196770391	0.00299507821	-0.00368415767
0.07197156761	0.00290075083	-0.00363238573
0.07197536893	0.00280484702	-0.00357854614
0.07197910821	0.00270719068	-0.00352249779
0.07198277504	0.00260787215	-0.00346422475
0.07198636019	0.00250695975	-0.00340371174
0.07198985784	0.00240442691	-0.00334089359
0.07199326002	0.00230030673	-0.00327573324
0.07199655899	0.00219462842	-0.00320819264
0.07199974657	0.00208743714	-0.00313824502
0.07200281451	0.00197878808	-0.00306587392
0.07200575564	0.00186870401	-0.00299104614
0.07200856275	0.00175721123	-0.00291373002
0.07201122772	0.00164437888	-0.00283392148
0.07201374325	0.00153025591	-0.00275160965
0.07201610232	0.00141488745	-0.00266678503
0.07201829803	0.00129832525	-0.00257944469
0.07202032373	0.00118062249	-0.00248958879
0.07202217393	0.00106177314	-0.00239717684
0.07202384052	0.00094196454	-0.00230229902
0.07202531879	0.00082118984	-0.00220493802
0.07202660390	0.00069944978	-0.00210506679
0.07202768958	0.00057691745	-0.00200277764
0.07202857165	0.00045361467	-0.00189808085
0.07202924617	0.00032954032	-0.00179095924
0.07202970856	0.00020490147	-0.00168154541
0.07202995599	0.00007962334	-0.00156979066
0.07202998524	-0.00004611223	-0.00145581594
0.07202979392	-0.00017230322	-0.00133963427
0.07202938002	-0.00029885355	-0.00122131654
0.07202874217	-0.00042567788	-0.00110093990
0.07202787911	-0.00055274868	-0.00097853833
0.07202679091	-0.00067991964	-0.00085423931
0.07202547674	-0.00080721792	-0.00072804641
0.07202393843	-0.00093444802	-0.00060013133
0.07202217537	-0.00106167546	-0.00047047820
0.07202019102	-0.00118869040	-0.00033927361
0.07201798584	-0.00131552842	-0.00020653803
0.07201556333	-0.00144206021	-0.00007240316
0.07201292660	-0.00156821639	0.00006302642
0.07201007775	-0.00169399027	0.00019970230
0.07200702298	-0.00181921447	0.00033744726
0.07200376528	-0.00194388400	0.00047619358
0.07200030879	-0.00206795423	0.00061585983
0.07199666073	-0.00219128830	0.00075628241
0.07199282546	-0.00231386727	0.00089737687
0.07198880895	-0.00243562835	0.00103903247
0.07198461705	-0.00255652267	0.00118115209
0.07198025746	-0.00267645960	0.00132360018
0.07197573662	-0.00279539586	0.00146627124
0.07197106151	-0.00291328073	0.00160905663
0.07196623951	-0.00303006117	0.00175184501
0.07196127823	-0.00314568533	0.00189452673
0.07195618543	-0.00326010411	0.00203699282
0.07195096902	-0.00337327091	0.00217913561
0.07194563620	-0.00348515869	0.00232086736
0.07194019674	-0.00359569099	0.00246205934
0.07193465815	-0.00370484227	0.00260261581
0.07192902815	-0.00381258573	0.00274244561
0.07192331429	-0.00391889796	0.00288147127
0.07191752761	-0.00402369509	0.00301955308
0.07191167230	-0.00412701910	0.00315666315
0.07190576089	-0.00422876466	0.00329265049
0.07189979675	-0.00432898692	0.00342750026
0.07189379216	-0.00442758955	0.00356107637
0.07188775262	-0.00452459090	0.00369332666
0.07188168523	-0.00461998148	0.00382419350
0.07187559894	-0.00471372217	0.00395359326
0.07186950091	-0.00480580257	0.00408146128
0.07186339780	-0.00489621863	0.00420774271
0.07185729660	-0.00498495998	0.00433238140
0.07185120406	-0.00507201881	0.00445532490
0.07184512670	-0.00515738986	0.00457652447
0.07183907006	-0.00524107936	0.00469594671
0.07183304111	-0.00532307289	0.00481354248
0.07182704591	-0.00540336705	0.00492926698
0.07182108856	-0.00548198305	0.00504310130
0.07181517421	-0.00555892559	0.00515502341
0.07180930990	-0.00563417354	0.00526498006
0.07180349680	-0.00570777948	0.00537299041
0.07179774285	-0.00577970773	0.00547899837
0.07179205003	-0.00584999595	0.00558300661
0.07178642129	-0.00591866698	0.00568501994
0.07178086300	-0.00598570024	0.00578499987
0.07177537642	-0.00605113537	0.00588295690
0.07176996471	-0.00611498700	0.00597888928
0.07176463069	-0.00617727137	0.00607279779
0.07175937694	-0.00623800623	0.00616468555
0.07175420573	-0.00629721047	0.00625455814
0.07174911911	-0.00635490421	0.00634242334
0.07174411882	-0.00641110869	0.00642829103
0.07173920637	-0.00646584636	0.00651217291
0.07173438303	-0.00651914035	0.00659408276
0.07172964858	-0.00657102840	0.00667405519
0.07172500647	-0.00662150637	0.00675208395
0.07172045663	-0.00667060720	0.00682818906
0.07171599663	-0.00671838726	0.00690242832
0.07171163212	-0.00676481472	0.00697477067
0.07170735795	-0.00680997179	0.00704529125
0.07170317896	-0.00685383302	0.00711396769
0.07169908963	-0.00689648067	0.00718088168
0.07169509558	-0.00693787936	0.00724600428
0.07169119246	-0.00697809601	0.00730939492
0.07168737968	-0.00701715721	0.00737109138
0.07168365949	-0.00705505932	0.00743109390
0.07168002906	-0.00709184981	0.00748944803
0.07167648767	-0.00712755325	0.00754618461
0.07167303412	-0.00716219799	0.00760134005
0.07166966824	-0.00719580118	0.00765493949
0.07166638917	-0.00722838593	0.00770701022
0.07166319520	-0.00725998308	0.00775758817
0.07166008516	-0.00729061687	0.00780670505
0.07165705784	-0.00732031160	0.00785439239
0.07165411195	-0.00734909113	0.00790068182
0.07165124616	-0.00737697932	0.00794560471
0.07164845852	-0.00740400515	0.00798920036
0.07164574855	-0.00743018271	0.00803149238
0.07164311492	-0.00745553381	0.00807250865
0.07164055574	-0.00748008508	0.00811228263
0.07163806950	-0.00750385886	0.00815084455
0.07163565395	-0.00752688403	0.00818823436
0.07163330795	-0.00754917822	0.00822448254
0.07163103204	-0.00757074299	0.00825959496
0.07162882294	-0.00759161538	0.00829361298
0.07162668157	-0.00761179267	0.00832653061
0.07162593203	-0.00761884253	0.00833823307
0.07162532013	-0.00762459284	0.00835063346
0.07162485338	-0.00762897622	0.00836358638
0.07162453750	-0.00763194131	0.00837693997
0.07162437637	-0.00763345335	0.00839053769
0.07162437197	-0.00763349464	0.00840422010
0.07162452435	-0.00763206469	0.00841782679
0.07162483165	-0.00762918025	0.00843119824
0.07162529008	-0.00762487512	0.00844417767
0.07162589403	-0.00761919975	0.00845661292
0.07162663608	-0.00761222065	0.00846835820
0.07162750719	-0.00760401960	0.00847927580
0.07162849672	-0.00759469270	0.00848923772
0.07162959267	-0.00758434927	0.00849812717
0.07227847811	0.00627089326	-0.00423734841
0.07228123778	0.00623900351	-0.00431305332
0.07228290698	0.00621963494	-0.00434324978
0.07228441076	0.00620213359	-0.00436604449
0.07228586437	0.00618516870	-0.00438494612
0.07228728420	0.00616855279	-0.00440138133
0.07228869314	0.00615201952	-0.00441603779
0.07229011829	0.00613525041	-0.00442926983
0.07229153689	0.00611851240	-0.00444143576
0.07229297811	0.00610146015	-0.00445264217
0.07229444721	0.00608402848	-0.00446300612
0.07229592675	0.00606642197	-0.00447268995
0.07229743366	0.00604843672	-0.00448172048
0.07229898015	0.00602992288	-0.00449011315
0.07230055244	0.00601104125	-0.00449795938
0.07230215337	0.00599175419	-0.00450528994
0.07230378992	0.00597197319	-0.00451211195
0.07230546367	0.00595167401	-0.00451844237
0.07230717610	0.00593083331	-0.00452429407
0.07230892860	0.00590942852	-0.00452967607
0.07231072331	0.00588742675	-0.00453459093
0.07231255955	0.00586483007	-0.00453904930
0.07231443777	0.00584162562	-0.00454305608
0.07231636372	0.00581773480	-0.00454659351
0.07231833504	0.00579317847	-0.00454967145
0.07232035301	0.00576793204	-0.00455228573
0.07232241899	0.00574196935	-0.00455443100
0.07232453392	0.00571526844	-0.00455610110
0.07232669876	0.00568780678	-0.00455728971
0.07232891688	0.00565953029	-0.00455797846
0.07233119816	0.00563029959	-0.00455811643
0.07233351958	0.00560039693	-0.00455779127
0.07233589553	0.00556962453	-0.00455694268
0.07233834467	0.00553772426	-0.00455547586
0.07234082950	0.00550516914	-0.00455353990
0.07234338792	0.00547144621	-0.00455096459
0.07234599217	0.00543690323	-0.00454785596
0.07234866805	0.00540117870	-0.00454408701
0.07235138873	0.00536461073	-0.00453976375
0.07235418641	0.00532674465	-0.00453472373
0.07235703304	0.00528793623	-0.00452907550
0.07235994022	0.00524800458	-0.00452275374
0.07236291333	0.00520684877	-0.00451571055
0.07236595022	0.00516446989	-0.00450793045
0.07236904303	0.00512094827	-0.00449943077
0.07237219781	0.00507616827	-0.00449015986
0.07237541397	0.00503010459	-0.00448009358
0.07237869082	0.00498273177	-0.00446920703
0.07238202750	0.00493402419	-0.00445747468
0.07238542304	0.00488395649	-0.00444486949
0.07238887631	0.00483250317	-0.00443136379
0.07239239264	0.00477953842	-0.00441688661
0.07239596004	0.00472519521	-0.00440146585
0.07239957928	0.00466941330	-0.00438506083
0.07240325608	0.00461205039	-0.00436759125
0.07240698344	0.00455315811	-0.00434904622
0.07241075533	0.00449277335	-0.00432941775
0.07241458006	0.00443069917	-0.00430859437
0.07241844316	0.00436710311	-0.00428661192
0.07242234731	0.00430187280	-0.00426339670
0.07242629492	0.00423489123	-0.00423885871
0.07243027042	0.00416634450	-0.00421303963
0.07243427754	0.00409608803	-0.00418584540
0.07243831193	0.00402411049	-0.00415722916
0.07244236898	0.00395040204	-0.00412714301
0.07244644387	0.00387495429	-0.00409553844
0.07245053152	0.00379776023	-0.00406236662
0.07245462662	0.00371881446	-0.00402757833
0.07245872364	0.00363811338	-0.00399112384
0.07246281679	0.00355565507	-0.00395295341
0.07246690009	0.00347143943	-0.00391301736
0.07247096974	0.00338541642	-0.00387123899
0.07247501808	0.00329761340	-0.00382757246
0.07247903399	0.00320813529	-0.00378202064
0.07248302013	0.00311677608	-0.00373442457
0.07248695800	0.00302380889	-0.00368486484
0.07249085190	0.00292897432	-0.00363315552
0.07249468378	0.00283254717	-0.00357937861
0.07249845391	0.00273435183	-0.00352339412
0.07250215187	0.00263447806	-0.00346518562
0.07250576834	0.00253299372	-0.00340473743
0.07250929748	0.00242987218	-0.00334198462
0.07251273126	0.00232514628	-0.00327689002
0.07251606186	0.00221884497	-0.00320941547
0.07251928105	0.00211101317	-0.00313953402
0.07252238050	0.00200170579	-0.00306722899
0.07252535298	0.00189094549	-0.00299246714
0.07252819120	0.00177875846	-0.00291521679
0.07253088696	0.00166521362	-0.00283547359
0.07253343287	0.00155035980	-0.00275322648
0.07253582184	0.00143424209	-0.00266846586
0.07253804686	0.00131691217	-0.00258118866
0.07254010120	0.00119842322	-0.00249139488
0.07254197927	0.00107876940	-0.00239904437
0.07254367286	0.00095813768	-0.00230422623
0.07254517718	0.00083652151	-0.00220692342
0.07254648727	0.00071392194	-0.00210710928
0.07254759676	0.00059051186	-0.00200487511
0.07254850138	0.00046631343	-0.00190023137
0.07254919708	0.00034132592	-0.00179316129
0.07254967918	0.00021575628	-0.00168379622
0.07254994476	0.00008953043	-0.00157208848
0.07254999048	-0.00003716975	-0.00145815801
0.07254981386	-0.00016434169	-0.00134201824
0.07254941282	-0.00029188896	-0.00122373976
0.07254878586	-0.00041972579	-0.00110339950
0.07254793166	-0.00054782405	-0.00098103171
0.07254685020	-0.00067603709	-0.00085676317
0.07254554056	-0.00080439127	-0.00073059822
0.07254400449	-0.00093269077	-0.00060270743
0.07254224134	-0.00106100017	-0.00047307607
0.07254025447	-0.00118910927	-0.00034188947
0.07253804431	-0.00131705274	-0.00020916899
0.07253561429	-0.00144470066	-0.00007504581
0.07253296747	-0.00157198290	0.00006037553
0.07253010593	-0.00169889189	0.00019704605
0.07252703584	-0.00182525964	0.00033478943
0.07252376015	-0.00195108020	0.00047353738
0.07252028299	-0.00207630811	0.00061320824
0.07251661157	-0.00220080579	0.00075363904
0.07251275027	-0.00232455334	0.00089474491
0.07250870504	-0.00244748712	0.00103641506
0.07250448176	-0.00256955736	0.00117855220
0.07250008814	-0.00269067261	0.00132102101
0.07249553067	-0.00281078869	0.00146371581
0.07249081635	-0.00292985398	0.00160652784
0.07248595261	-0.00304781456	0.00174934568
0.07248094712	-0.00316461771	0.00189205961
0.07247580768	-0.00328021349	0.00203456057
0.07247054229	-0.00339455440	0.00217674077
0.07246515821	-0.00350761258	0.00231851220
0.07245966526	-0.00361931078	0.00245974635
0.07245407107	-0.00372962262	0.00260034726
0.07244838342	-0.00383852048	0.00274022355
0.07244260998	-0.00394598020	0.00287929748
0.07243676185	-0.00405191721	0.00301742978
0.07243084333	-0.00415637268	0.00315459168
0.07242486706	-0.00425924068	0.00329063288
0.07241883650	-0.00436057560	0.00342553758
0.07241276405	-0.00446028054	0.00355917031
0.07240665531	-0.00455837320	0.00369147845
0.07240051748	-0.00465484350	0.00382240411
0.07239435964	-0.00474965179	0.00395186378
0.07238818904	-0.00484278716	0.00407979267
0.07238201245	-0.00493424505	0.00420613573
0.07237583697	-0.00502401463	0.00433083673
0.07236966947	-0.00511208768	0.00445384313
0.07236351656	-0.00519845853	0.00457510608
0.07235738390	-0.00528313307	0.00469459196
0.07235127855	-0.00536609657	0.00481225170
0.07234520668	-0.00544734530	0.00492804044
0.07233917247	-0.00552690021	0.00504193903
0.07233318119	-0.00560476578	0.00515392530
0.07232723996	-0.00568092067	0.00526394625
0.07232135004	-0.00575541727	0.00537202046
0.07231551945	-0.00582821980	0.00547809227
0.07230975027	-0.00589936574	0.00558216402
0.07230404551	-0.00596887789	0.00568424030
0.07229841162	-0.00603673560	0.00578428295
0.07229284995	-0.00610297844	0.00588230215
0.07228736370	-0.00616762105	0.00597829613
0.07228195578	-0.00623067966	0.00607226562
0.07227662880	-0.00629217206	0.00616421371
0.07227138512	-0.00635211720	0.00625414593
0.07226622681	-0.00641053527	0.00634207003
0.07226115569	-0.00646744758	0.00642799586
0.07225617330	-0.00652287669	0.00651193510
0.07225128095	-0.00657684586	0.00659390147
0.07224647845	-0.00662939297	0.00667392940
0.07224176930	-0.00668051405	0.00675201293
0.07223715346	-0.00673024217	0.00682817197
0.07223262852	-0.00677863389	0.00690246392
0.07222820016	-0.00682565759	0.00697485837
0.07222386324	-0.00687139568	0.00704542979
0.07221962264	-0.00691582290	0.00711415640
0.07221547283	-0.00695902174	0.00718111922
0.07221141946	-0.00700095705	0.00724628999
0.07220745819	-0.00704169597	0.00730972770
0.07220358842	-0.00708126534	0.00737147007
0.07219981244	-0.00711966178	0.00743151771
0.07219612739	-0.00715693298	0.00748991594
0.07219253256	-0.00719310378	0.00754669559
0.07218902676	-0.00722820277	0.00760189306
0.07218560980	-0.00726224740	0.00765553355
0.07218228084	-0.00729526100	0.00770764441
0.07217903813	-0.00732727470	0.00775826151
0.07217588053	-0.00735831298	0.00780741658
0.07217280679	-0.00738840040	0.00785514115
0.07216981562	-0.00741756111	0.00790146688
0.07216690569	-0.00744581921	0.00794642514
0.07216407501	-0.00747320395	0.00799005517
0.07216132312	-0.00749972970	0.00803238069
0.07215864866	-0.00752541850	0.00807342962
0.07215604972	-0.00755029724	0.00811323541
0.07215352478	-0.00757438851	0.00815182827
0.07215107157	-0.00759772146	0.00818924810
0.07214868894	-0.00762031396	0.00822552539
0.07214637739	-0.00764216782	0.00826066631
0.07214413366	-0.00766332029	0.00829471202
0.07214195864	-0.00768376885	0.00832765691
0.07214120070	-0.00769088174	0.00833932107
0.07214058030	-0.00769669887	0.00835169026
0.07214010505	-0.00770115205	0.00836461944
0.07213978077	-0.00770418912	0.00837795704
0.07213961145	-0.00770577448	0.00839154669
0.07213959915	-0.00770588956	0.00840522905
0.07213974405	-0.00770453301	0.00841884372
0.07214004434	-0.00770172072	0.00843223108
0.07214049636	-0.00769748565	0.00844523417
0.07214109454	-0.00769187742	0.00845770055
0.07214183157	-0.00768496175	0.00846948405
0.07214269845	-0.00767681969	0.00848044652
0.07214368461	-0.00766754664	0.00849045945
0.07214477807	-0.00765725129	0.00849940543
0.07279681127	0.00631261979	-0.00423605266
0.07279956382	0.00628079668	-0.00431179371
0.07280123207	0.00626143031	-0.00434200712
0.07280273607	0.00624391868	-0.00436481534
0.07280419046	0.00622693753	-0.00438372950
0.07280561155	0.00621030009	-0.00440017619
0.07280702212	0.00619374123	-0.00441484354
0.07280844912	0.00617694397	-0.00442808666
0.07280986994	0.00616017366	-0.00444026287
0.07281131359	0.00614308666	-0.00445147971
0.07281278531	0.00612561795	-0.00446185436
0.07281426778	0.00610797087	-0.00447154842
0.07281577783	0.00608994244	-0.00448058926
0.07281732763	0.00607138343	-0.00448899276
0.07281890349	0.00605245364	-0.00449684976
0.07282050822	0.00603311545	-0.00450419107
0.07282214880	0.00601328062	-0.00451102404
0.07282382681	0.00599292488	-0.00451736565
0.07282554373	0.00597202482	-0.00452322878
0.07282730094	0.00595055778	-0.00452862250
0.07282910061	0.00592849089	-0.00453354938
0.07283094205	0.00590582596	-0.00453802002
0.07283282574	0.00588255002	-0.00454203933
0.07283475740	0.00585858466	-0.00454558971
0.07283673471	0.00583395041	-0.00454868091
0.07283875894	0.00580862260	-0.00455130880
0.07284083145	0.00578257496	-0.00455346802
0.07284295322	0.00575578541	-0.00455515245
0.07284512520	0.00572823131	-0.00455635575
0.07284735075	0.00569985859	-0.00455705971
0.07284963973	0.00567052836	-0.00455721383
0.07285196923	0.00564052114	-0.00455690465
0.07285435361	0.00560963991	-0.00455607253
0.07285681142	0.00557762757	-0.00455462357
0.07285930538	0.00554495447	-0.00455270499
0.07286187320	0.00551110997	-0.00455014845
0.07286448729	0.00547643976	-0.00454705857
0.07286717331	0.00544058390	-0.00454330965
0.07286990461	0.00540387845	-0.00453900632
0.07287271321	0.00536587077	-0.00453398781
0.07287557123	0.00532691448	-0.00452836120
0.07287849021	0.00528682931	-0.00452206178
0.07288147555	0.00524551448	-0.00451504196
0.07288452507	0.00520297076	-0.00450728620
0.07288763100	0.00515927773	-0.00449881138
0.07289079936	0.00511431998	-0.00448956625
0.07289402957	0.00506807198	-0.00447952665
0.07289732093	0.00502050805	-0.00446866773
0.07290067263	0.00497160234	-0.00445696395
0.07290408369	0.00492132922	-0.00444438828
0.07290755299	0.00486966298	-0.00443091308
0.07291108585	0.00481647802	-0.00441646782
0.07291467032	0.00476190629	-0.00440107973
0.07291830719	0.00470588747	-0.00438470830
0.07292200215	0.00464827956	-0.00436727375
0.07292574822	0.00458913355	-0.00434876488
0.07292953940	0.00452848577	-0.00432917343
0.07293338395	0.00446613982	-0.00430838875
0.07293726749	0.00440226206	-0.00428644581
0.07294119264	0.00433674026	-0.00426327133
0.07294516182	0.00426945754	-0.00423877583
0.07294915949	0.00420059879	-0.00421299997
0.07295318936	0.00413001967	-0.00418585032
0.07295724708	0.00405770853	-0.00415727999
0.07296132805	0.00398365521	-0.00412724107
0.07296542744	0.00390785095	-0.00409568502
0.07296954016	0.00383028841	-0.00406256300
0.07297366090	0.00375096185	-0.00402782573
0.07297778411	0.00366986731	-0.00399142346
0.07298190401	0.00358700254	-0.00395330640
0.07298601458	0.00350236711	-0.00391342484
0.07299011202	0.00341591085	-0.00387170230
0.07299418864	0.00332766066	-0.00382809280
0.07299823330	0.00323772073	-0.00378259856
0.07300224862	0.00314588561	-0.00373506181
0.07300621610	0.00305242700	-0.00368556156
0.07301013998	0.00295708632	-0.00363391341
0.07301400219	0.00286013697	-0.00358019774
0.07301780296	0.00276140385	-0.00352427565
0.07302153180	0.00266097612	-0.00346613021
0.07302517937	0.00255892121	-0.00340574538
0.07302873977	0.00245521242	-0.00334305645
0.07303220490	0.00234988231	-0.00327802612
0.07303556690	0.00224295962	-0.00321061615
0.07303881747	0.00213448899	-0.00314079943
0.07304194821	0.00202452507	-0.00306855901
0.07304495181	0.00191309041	-0.00299386165
0.07304782091	0.00180021110	-0.00291667566
0.07305054725	0.00168595582	-0.00283699637
0.07305312333	0.00157037331	-0.00275481261
0.07305554197	0.00145350858	-0.00267011464
0.07305779610	0.00133541329	-0.00258289923
0.07305987888	0.00121614058	-0.00249316627
0.07306178464	0.00109568482	-0.00240087594
0.07306350505	0.00097423261	-0.00230611622
0.07306503524	0.00085177771	-0.00220887043
0.07306637016	0.00072832147	-0.00210911221
0.07306750331	0.00060403656	-0.00200693191
0.07306843033	0.00047894550	-0.00190234016
0.07306914709	0.00035304797	-0.00179532059
0.07306964879	0.00022655074	-0.00168600334
0.07306993242	0.00009938050	-0.00157434171
0.07306999453	-0.00002828089	-0.00146045463
0.07306983255	-0.00015643028	-0.00134435597
0.07306944431	-0.00028497089	-0.00122611602
0.07306882821	-0.00041381654	-0.00110581147
0.07306798285	-0.00054293849	-0.00098347687
0.07306690811	-0.00067218978	-0.00085923829
0.07306560302	-0.00080159591	-0.00073310083
0.07306406923	-0.00093096081	-0.00060523394
0.07306230603	-0.00106034808	-0.00047562401
0.07306031671	-0.00118954721	-0.00034445517
0.07305810164	-0.00131859189	-0.00021174961
0.07305566421	-0.00144735166	-0.00007763801
0.07305300743	-0.00157575561	0.00005777513
0.07305013334	-0.00170379528	0.00019444025
0.07304704808	-0.00183130212	0.00033218192
0.07304375457	-0.00195826921	0.00047093133
0.07304025694	-0.00208465024	0.00061060655
0.07303656237	-0.00221030694	0.00075104524
0.07303267525	-0.00233521844	0.00089216213
0.07302860155	-0.00245932023	0.00103384637
0.07302434714	-0.00258256170	0.00117600050
0.07301991977	-0.00270485056	0.00131848945
0.07301532595	-0.00282614171	0.00146120733
0.07301057272	-0.00294638266	0.00160404530
0.07300566756	-0.00306551862	0.00174689183
0.07300061817	-0.00318349599	0.00188963714
0.07299543244	-0.00330026397	0.00203217207
0.07299011842	-0.00341577423	0.00217438876
0.07298468342	-0.00352999803	0.00231619888
0.07297913736	-0.00364285736	0.00245747417
0.07297348795	-0.00375432500	0.00259811844
0.07296774304	-0.00386437253	0.00273804010
0.07296191040	-0.00397297503	0.00287716115
0.07295600122	-0.00408004723	0.00301534274
0.07295001992	-0.00418562950	0.00315255524
0.07294397919	-0.00428961530	0.00328864903
0.07293788264	-0.00439205828	0.00342360738
0.07293174275	-0.00449286098	0.00355729542
0.07292556524	-0.00459204041	0.00368966006
0.07291935740	-0.00468958595	0.00382064318
0.07291312843	-0.00478545742	0.00395016137
0.07290688569	-0.00487964337	0.00407814972
0.07290063605	-0.00497213875	0.00420455302
0.07289438673	-0.00506293228	0.00432931491
0.07288814470	-0.00515201532	0.00445238277
0.07288191668	-0.00523938181	0.00457370765
0.07287570842	-0.00532503727	0.00469325574
0.07286952710	-0.00540896668	0.00481097799
0.07286337898	-0.00549116599	0.00492682953
0.07285726835	-0.00557165588	0.00504079092
0.07285120055	-0.00565044061	0.00515283991
0.07284518281	-0.00572749864	0.00526292371
0.07283921649	-0.00580288218	0.00537106036
0.07283330967	-0.00587655531	0.00547719459
0.07282746452	-0.00594855539	0.00558132842
0.07282168414	-0.00601890511	0.00568346625
0.07281597506	-0.00608758381	0.00578357021
0.07281033867	-0.00615463097	0.00588165020
0.07280477827	-0.00622006122	0.00597770441
0.07279929681	-0.00628389082	0.00607173353
0.07279389698	-0.00634613758	0.00616374061
0.07278858119	-0.00640682050	0.00625373114
0.07278335155	-0.00646595983	0.00634171284
0.07277820995	-0.00652357699	0.00642769552
0.07277315795	-0.00657969464	0.00651169084
0.07276819693	-0.00663433614	0.00659371250
0.07276332672	-0.00668753953	0.00667379471
0.07275855085	-0.00673930099	0.00675193178
0.07275386933	-0.00678965375	0.00682814357
0.07274927975	-0.00683865456	0.00690248706
0.07274478784	-0.00688627199	0.00697493246
0.07274038847	-0.00693258863	0.00704555361
0.07273608654	-0.00697757944	0.00711432929
0.07273187654	-0.00702132714	0.00718133985
0.07272776413	-0.00706379681	0.00724655773
0.07272374497	-0.00710505578	0.00731004148
0.07271981848	-0.00714513119	0.00737182877
0.07271598695	-0.00718401986	0.00743192055
0.07271224754	-0.00722176973	0.00749036190
0.07270859952	-0.00725840590	0.00754718369
0.07270504169	-0.00729395724	0.00760242226
0.07270157389	-0.00732844142	0.00765610291
0.07269819525	-0.00736188207	0.00770825303
0.07269490403	-0.00739431054	0.00775890843
0.07269169907	-0.00742575159	0.00780810084
0.07268857911	-0.00745623005	0.00785586184
0.07268554287	-0.00748577032	0.00790222307
0.07268258898	-0.00751439676	0.00794721593
0.07267971547	-0.00754213890	0.00799087959
0.07267692183	-0.00756901135	0.00803323789
0.07267420672	-0.00759503642	0.00807431877
0.07267156819	-0.00762024124	0.00811415567
0.07266900472	-0.00764464865	0.00815277881
0.07266651401	-0.00766828808	0.00819022800
0.07266409489	-0.00769117763	0.00822653378
0.07266174788	-0.00771331935	0.00826170258
0.07265946966	-0.00773475071	0.00829577539
0.07265726113	-0.00775546939	0.00832874693
0.07265649491	-0.00776264438	0.00834037292
0.07265586613	-0.00776852736	0.00835271091
0.07265538248	-0.00777304941	0.00836561626
0.07265504989	-0.00777615753	0.00837893767
0.07265487244	-0.00777781530	0.00839251896
0.07265485231	-0.00777800330	0.00840620089
0.07265498976	-0.00777671932	0.00841982306
0.07265528308	-0.00777397841	0.00843322576
0.07265572869	-0.00776981269	0.00844625185
0.07265632110	-0.00776427097	0.00845874863
0.07265705309	-0.00775741819	0.00847056956
0.07265791569	-0.00774933465	0.00848157607
0.07265889841	-0.00774011509	0.00849163912
0.07265998932	-0.00772986754	0.00850064072
0.07331515382	0.00635423643	-0.00423479975
0.07331789938	0.00632247819	-0.00431057614
0.07331956671	0.00630311330	-0.00434080607
0.07332107097	0.00628559082	-0.00436362747
0.07332252616	0.00626859292	-0.00438255382
0.07332394852	0.00625193352	-0.00439901168
0.07332536074	0.00623534867	-0.00441368962
0.07332678960	0.00621852289	-0.00442694352
0.07332821264	0.00620171996	-0.00443912971
0.07332965873	0.00618459787	-0.00445035667
0.07333113308	0.00616709180	-0.00446074171
0.07333261847	0.00614940386	-0.00447044568
0.07333413167	0.00613133197	-0.00447949653
0.07333568478	0.00611272752	-0.00448791054
0.07333726420	0.00609374929	-0.00449577798
0.07333887274	0.00607435970	-0.00450312972
0.07334051734	0.00605447079	-0.00450997332
0.07334219959	0.00603405825	-0.00451632577
0.07334392099	0.00601309858	-0.00452220000
0.07334568290	0.00599156908	-0.00452760507
0.07334748751	0.00596943682	-0.00453254361
0.07334933414	0.00594670343	-0.00453702616
0.07335122328	0.00592335578	-0.00454105759
0.07335316063	0.00589931567	-0.00454462054
0.07335514390	0.00587460330	-0.00454772461
0.07335717436	0.00584919390	-0.00455036568
0.07335925340	0.00582306112	-0.00455253843
0.07336138198	0.00579618275	-0.00455423674
0.07336356106	0.00576853603	-0.00455545430
0.07336579402	0.00574006691	-0.00455617299
0.07336809065	0.00571063696	-0.00455634277
0.07337042821	0.00568052502	-0.00455604911
0.07337282097	0.00564953480	-0.00455523296
0.07337528741	0.00561741025	-0.00455380131
0.07337779044	0.00558461902	-0.00455189960
0.07338036763	0.00555065282	-0.00454936126
0.07338299149	0.00551585527	-0.00454628958
0.07338568762	0.00547986794	-0.00454256011
0.07338842947	0.00544302492	-0.00453827611
0.07339124894	0.00540487553	-0.00453327849
0.07339411828	0.00536577129	-0.00452767287
0.07339704901	0.00532553251	-0.00452139514
0.07340004649	0.00528405861	-0.00451439802
0.07340310859	0.00524134998	-0.00450666589
0.07340622756	0.00519748550	-0.00449821523
0.07340940941	0.00515234997	-0.00448899514
0.07341265358	0.00510591764	-0.00447898149
0.07341595938	0.00505816259	-0.00446814941
0.07341932600	0.00500905875	-0.00445647341
0.07342275248	0.00495858025	-0.00444392645
0.07342623771	0.00490670113	-0.00443048090
0.07342978699	0.00485329602	-0.00441606670
0.07343338844	0.00479849586	-0.00440071040
0.07343704282	0.00474224024	-0.00438437163
0.07344075581	0.00468438745	-0.00436697117
0.07344452047	0.00462498785	-0.00434849751
0.07344833081	0.00456407722	-0.00432894209
0.07345219507	0.00450145970	-0.00430819510
0.07345609889	0.00443730046	-0.00428629065
0.07346004491	0.00437148742	-0.00426315586
0.07346403550	0.00430390385	-0.00423870175
0.07346805519	0.00423473337	-0.00421296800
0.07347210766	0.00416383196	-0.00418586180
0.07347618855	0.00409118762	-0.00415733622
0.07348029327	0.00401678984	-0.00412734335
0.07348441698	0.00394062953	-0.00409583461
0.07348855459	0.00386269902	-0.00406276115
0.07349270079	0.00378299221	-0.00402807365
0.07349685001	0.00370150481	-0.00399172233
0.07350099646	0.00361823424	-0.00395365735
0.07350513411	0.00353317971	-0.00391382895
0.07350925914	0.00344629093	-0.00387216091
0.07351336382	0.00335759438	-0.00382860709
0.07351743702	0.00326719350	-0.00378316907
0.07352148132	0.00317488340	-0.00373569026
0.07352547819	0.00308093436	-0.00368624810
0.07352943183	0.00298508861	-0.00363465970
0.07353332415	0.00288761818	-0.00358100386
0.07353715532	0.00278834847	-0.00352514273
0.07354091482	0.00268736805	-0.00346705893
0.07354459327	0.00258474390	-0.00340673602
0.07354818469	0.00248044927	-0.00334410953
0.07355168096	0.00237451646	-0.00327914204
0.07355507412	0.00226697397	-0.00321179523
0.07355835584	0.00215786617	-0.00314204180
0.07356151764	0.00204724746	-0.00306986458
0.07356455214	0.00193514028	-0.00299523030
0.07356745191	0.00182157061	-0.00291810727
0.07357020860	0.00170660692	-0.00283849054
0.07357281463	0.00159029782	-0.00275636876
0.07357526275	0.00147268829	-0.00267173210
0.07357754579	0.00135382991	-0.00258457719
0.07357965682	0.00123377584	-0.00249490378
0.07358159007	0.00111252064	-0.00240267237
0.07358333713	0.00099025053	-0.00230796989
0.07358489302	0.00086695958	-0.00221077993
0.07358625260	0.00074264944	-0.00211107650
0.07358740927	0.00061749259	-0.00200894899
0.07358835856	0.00049151186	-0.00190440819
0.07358909626	0.00036470737	-0.00179743814
0.07358961744	0.00023728574	-0.00168816776
0.07358991902	0.00010917436	-0.00157655135
0.07358999743	-0.00001944490	-0.00146270685
0.07358985003	-0.00014856829	-0.00134664852
0.07358947453	-0.00027809872	-0.00122844639
0.07358886925	-0.00040794957	-0.00110817691
0.07358803271	-0.00053809152	-0.00098587492
0.07358696469	-0.00066837725	-0.00086166577
0.07358566415	-0.00079883148	-0.00073555534
0.07358413266	-0.00092925784	-0.00060771197
0.07358236946	-0.00105971897	-0.00047812317
0.07358037775	-0.00119000403	-0.00034697182
0.07357815787	-0.00132014578	-0.00021428102
0.07357571312	-0.00145001318	-0.00008018090
0.07357304650	-0.00157953456	0.00005522407
0.07357016000	-0.00170870059	0.00019188376
0.07356705971	-0.00183734213	0.00032962362
0.07356374855	-0.00196545131	0.00046837430
0.07356023063	-0.00209298097	0.00060805365
0.07355651312	-0.00221979216	0.00074849991
0.07355260041	-0.00234586305	0.00088962743
0.07354849846	-0.00247112828	0.00103132533
0.07354421317	-0.00259553634	0.00117349595
0.07353975232	-0.00271899415	0.00131600445
0.07353512242	-0.00284145572	0.00145874478
0.07353033058	-0.00296286765	0.00160160798
0.07352538430	-0.00308317429	0.00174448246
0.07352029134	-0.00320232118	0.00188725834
0.07351505965	-0.00332025666	0.00202982639
0.07350969733	-0.00343693155	0.00217207863
0.07350421178	-0.00355231627	0.00231392649
0.07349861298	-0.00366633205	0.00245524191
0.07349290871	-0.00377895082	0.00259592849
0.07348710693	-0.00389014335	0.00273589443
0.07348121548	-0.00399988399	0.00287506147
0.07347524565	-0.00410808675	0.00301329117
0.07346920195	-0.00421479123	0.00315055308
0.07346309718	-0.00431989028	0.00328669824
0.07345693505	-0.00442343678	0.00342170897
0.07345072813	-0.00452533274	0.00355545103
0.07344448227	-0.00462559451	0.00368787085
0.07343820485	-0.00472421087	0.00381891010
0.07343190518	-0.00482114115	0.00394848547
0.07342559072	-0.00491637336	0.00407653192
0.07341926847	-0.00500990196	0.00420299407
0.07341294574	-0.00510171522	0.00432781546
0.07340662961	-0.00519180409	0.00445094337
0.07340032689	-0.00528016211	0.00457232878
0.07339404347	-0.00536679444	0.00469193766
0.07338778660	-0.00545168576	0.00480972100
0.07338156266	-0.00553483173	0.00492563393
0.07337537601	-0.00561625273	0.00503965672
0.07336923212	-0.00569595281	0.00515176700
0.07336313830	-0.00577391024	0.00526191225
0.07335709597	-0.00585017703	0.00537010993
0.07335111333	-0.00592471715	0.00547630519
0.07334519262	-0.00599756781	0.00558049971
0.07333933701	-0.00606875163	0.00568269771
0.07333355312	-0.00613824790	0.00578286162
0.07332784241	-0.00620609604	0.00588100105
0.07332220822	-0.00627231066	0.00597711415
0.07331665361	-0.00633690803	0.00607120157
0.07331118130	-0.00639990600	0.00616326632
0.07330579375	-0.00646132363	0.00625331387
0.07330049315	-0.00652118122	0.00634135189
0.07329528140	-0.00657950029	0.00642739018
0.07329016015	-0.00663630359	0.00651144034
0.07328513078	-0.00669161462	0.00659351606
0.07328019319	-0.00674547154	0.00667365134
0.07327535093	-0.00679787072	0.00675184079
0.07327060403	-0.00684884551	0.00682810416
0.07326595013	-0.00689845286	0.00690249805
0.07326139497	-0.00694666154	0.00697499329
0.07325693345	-0.00699355431	0.00704566308
0.07325257048	-0.00703910636	0.00711448675
0.07324830056	-0.00708340063	0.00718154401
0.07324412938	-0.00712640241	0.00724680797
0.07324005261	-0.00716817926	0.00731033675
0.07323606966	-0.00720875857	0.00737216797
0.07323218284	-0.00724813742	0.00743230292
0.07322838930	-0.00728636396	0.00749078646
0.07322468833	-0.00732346356	0.00754764946
0.07322107873	-0.00735946533	0.00760292823
0.07321756031	-0.00739438724	0.00765664817
0.07321413221	-0.00742825313	0.00770883668
0.07321079269	-0.00746109464	0.00775952955
0.07320754058	-0.00749293678	0.00780875850
0.07320437462	-0.00752380463	0.00785655513
0.07320129351	-0.00755372286	0.00790295109
0.07319829586	-0.00758271610	0.00794797780
0.07319537969	-0.00761081413	0.00799167436
0.07319254450	-0.00763803183	0.00803406472
0.07318978890	-0.00766439176	0.00807517687
0.07318711096	-0.00768992129	0.00811504420
0.07318450912	-0.00771464352	0.00815369696
0.07318198107	-0.00773858813	0.00819117487
0.07317952564	-0.00776177349	0.00822750852
0.07317714330	-0.00778420186	0.00826270459
0.07317483074	-0.00780591094	0.00829680391
0.07317258884	-0.00782689862	0.00832980155
0.07317181447	-0.00783413477	0.00834138947
0.07317117741	-0.00784008268	0.00835369629
0.07317068546	-0.00784467265	0.00836657773
0.07317034465	-0.00784785091	0.00837988276
0.07317015915	-0.00784958020	0.00839345540
0.07317013126	-0.00784984026	0.00840713652
0.07317026129	-0.00784862804	0.00842076572
0.07317054767	-0.00784595776	0.00843418320
0.07317098688	-0.00784186069	0.00844723167
0.07317157353	-0.00783638486	0.00845975814
0.07317230044	-0.00782959441	0.00847161575
0.07317315874	-0.00782156894	0.00848266548
0.07317413797	-0.00781240249	0.00849277778
0.07317522625	-0.00780220247	0.00850183409
0.07387276267	0.00639575430	-0.00423358797
0.07387549993	0.00636405911	-0.00430939892
0.07387716551	0.00634469491	-0.00433964499
0.07387866926	0.00632716096	-0.00436247922
0.07388012451	0.00631014578	-0.00438141745
0.07388154742	0.00629346394	-0.00439788618
0.07388296054	0.00627685267	-0.00441257442
0.07388439053	0.00625999794	-0.00442583879
0.07388581505	0.00624316199	-0.00443803468
0.07388726282	0.00622600444	-0.00444927148
0.07388873902	0.00620846064	-0.00445966661
0.07389022656	0.00619073148	-0.00446938021
0.07389174211	0.00617261579	-0.00447844078
0.07389329771	0.00615396555	-0.00448686499
0.07389487984	0.00613493855	-0.00449474257
0.07389649133	0.00611549724	-0.00450210442
0.07389813908	0.00609555394	-0.00450895832
0.07389982469	0.00607508427	-0.00451532130
0.07390154963	0.00605406470	-0.00452120629
0.07390331531	0.00603247242	-0.00452662236
0.07390512390	0.00601027450	-0.00453157222
0.07390697472	0.00598747235	-0.00453606631
0.07390886830	0.00596405270	-0.00454010952
0.07391081030	0.00593993755	-0.00454368464
0.07391279846	0.00591514678	-0.00454680119
0.07391483407	0.00588965551	-0.00454945505
0.07391691850	0.00586343731	-0.00455164092
0.07391905274	0.00583646984	-0.00455335270
0.07392123775	0.00580873023	-0.00455458407
0.07392347690	0.00578016445	-0.00455531706
0.07392577994	0.00575063453	-0.00455550205
0.07392812428	0.00572041761	-0.00455522343
0.07393052412	0.00568931815	-0.00455442278
0.07393299785	0.00565708113	-0.00455300794
0.07393550860	0.00562417155	-0.00455112259
0.07393809374	0.00559008339	-0.00454860193
0.07394072595	0.00555515826	-0.00454554790
0.07394343070	0.00551903925	-0.00454183731
0.07394618160	0.00548205845	-0.00453757209
0.07394901039	0.00544376713	-0.00453259476
0.07395188948	0.00540451474	-0.00452700952
0.07395483034	0.00536412216	-0.00452075285
0.07395783832	0.00532248899	-0.00451377779
0.07396091130	0.00527961529	-0.00450606863
0.07396404159	0.00523557918	-0.00449764145
0.07396723518	0.00519026572	-0.00448844569
0.07397049151	0.00514364891	-0.00447845726
0.07397380991	0.00509570262	-0.00446765129
0.07397718959	0.00504640054	-0.00445600230
0.07398062959	0.00499571655	-0.00444348326
0.07398412880	0.00494362446	-0.00443006656
0.07398769253	0.00488999913	-0.00441568258
0.07399130894	0.00483497048	-0.00440035722
0.07399497879	0.00477847802	-0.00438405024
0.07399870774	0.00472038034	-0.00436668298
0.07400248888	0.00466072717	-0.00434824359
0.07400631624	0.00459955372	-0.00432872326
0.07401019802	0.00453666468	-0.00430801299
0.07401411994	0.00447222405	-0.00428614601
0.07401808458	0.00440611988	-0.00426304990
0.07402209433	0.00433823559	-0.00423863614
0.07402613377	0.00426875357	-0.00421294343
0.07403020653	0.00419753007	-0.00418587957
0.07403430828	0.00412455276	-0.00415739763
0.07403843441	0.00404981081	-0.00412744967
0.07404258009	0.00397329478	-0.00409598709
0.07404674023	0.00389499665	-0.00406296100
0.07405090951	0.00381491000	-0.00402832206
0.07405508236	0.00373303021	-0.00399202045
0.07405925297	0.00364935433	-0.00395400630
0.07406341532	0.00356388125	-0.00391422980
0.07406756553	0.00347656058	-0.00387261497
0.07407169591	0.00338741834	-0.00382911551
0.07407579529	0.00329655723	-0.00378373239
0.07407986620	0.00320377294	-0.00373631018
0.07408389014	0.00310933433	-0.00368692475
0.07408787122	0.00301298444	-0.00363539474
0.07409179137	0.00291499394	-0.00358179737
0.07409565068	0.00281518870	-0.00352599582
0.07409943863	0.00271365674	-0.00346797226
0.07410314577	0.00261046457	-0.00340770989
0.07410676608	0.00250558541	-0.00334514445
0.07411029140	0.00239905128	-0.00328023840
0.07411371370	0.00229089045	-0.00321295335
0.07411702460	0.00218114705	-0.00314326183
0.07412021556	0.00206987520	-0.00307114644
0.07412327912	0.00195709723	-0.00299657388
0.07412620779	0.00184283903	-0.00291951246
0.07412899315	0.00172716884	-0.00283995695
0.07413162754	0.00161013518	-0.00275789584
0.07413410363	0.00149178296	-0.00267331920
0.07413641416	0.00137216371	-0.00258622353
0.07413855211	0.00125133058	-0.00249660843
0.07414051165	0.00112927835	-0.00240443472
0.07414228425	0.00100619283	-0.00230978829
0.07414386484	0.00088206844	-0.00221265304
0.07414524819	0.00075690710	-0.00211300329
0.07414642761	0.00063088110	-0.00201092752
0.07414739852	0.00050401360	-0.00190643666
0.07414815663	0.00037630515	-0.00179951515
0.07414869690	0.00024796218	-0.00169029074
0.07414901616	0.00011891284	-0.00157871867
0.07414911074	-0.00001066101	-0.00146491593
0.07414897791	-0.00014075506	-0.00134889719
0.07414861529	-0.00027127185	-0.00123073217
0.07414802110	-0.00040212438	-0.00111049713
0.07414719379	-0.00053328271	-0.00098822716
0.07414613305	-0.00066459921	-0.00086404694
0.07414483776	-0.00079609776	-0.00073796309
0.07414330941	-0.00092758174	-0.00061014287
0.07414154718	-0.00105911281	-0.00048057487
0.07413955419	-0.00119047983	-0.00034944078
0.07413733073	-0.00132171460	-0.00021676454
0.07413488007	-0.00145268552	-0.00008267579
0.07413220511	-0.00158332018	0.00005272104
0.07412930786	-0.00171360835	0.00018937528
0.07412619434	-0.00184338033	0.00032711324
0.07412286745	-0.00197262730	0.00046586503
0.07411933129	-0.00210130125	0.00060554826
0.07411559300	-0.00222926256	0.00074600181
0.07411165698	-0.00235648843	0.00088713961
0.07410752919	-0.00248291266	0.00102885073
0.07410321555	-0.00260848286	0.00117103734
0.07409872383	-0.00273310517	0.00131356485
0.07409406060	-0.00285673265	0.00145632703
0.07408923298	-0.00297931107	0.00159921480
0.07408424851	-0.00310078389	0.00174211649
0.07407911500	-0.00322109580	0.00188492216
0.07407384046	-0.00334019429	0.00202752250
0.07406843303	-0.00345802933	0.00216980943
0.07406290018	-0.00357457050	0.00231169411
0.07405725197	-0.00368973826	0.00245304869
0.07405149625	-0.00380350371	0.00259377656
0.07404564106	-0.00391583683	0.00273378572
0.07403969432	-0.00402671121	0.00287299767
0.07403366740	-0.00413604018	0.00301127435
0.07402756492	-0.00424386254	0.00314858451
0.07402139977	-0.00435007053	0.00328477983
0.07401517574	-0.00445471630	0.00341984173
0.07400890552	-0.00455770131	0.00355363657
0.07400259504	-0.00465904124	0.00368611031
0.07399625180	-0.00475872430	0.00381720440
0.07398988520	-0.00485670931	0.00394683564
0.07398350282	-0.00495298375	0.00407493887
0.07397711174	-0.00504754161	0.00420145853
0.07397071939	-0.00514037068	0.00432633808
0.07396433295	-0.00523146151	0.00444952470
0.07395795933	-0.00532080725	0.00457096927
0.07395160451	-0.00540841272	0.00469063757
0.07394527585	-0.00549426227	0.00480848064
0.07393897981	-0.00557835126	0.00492445357
0.07393272087	-0.00566069981	0.00503853639
0.07392650456	-0.00574131175	0.00515070661
0.07392033831	-0.00582016515	0.00526091193
0.07391422360	-0.00589731182	0.00536916929
0.07390816873	-0.00597271563	0.00547542422
0.07390217602	-0.00604641364	0.00557967809
0.07389624870	-0.00611842839	0.00568193493
0.07389039346	-0.00618873912	0.00578215746
0.07388461185	-0.00625738519	0.00588035502
0.07387890727	-0.00632438121	0.00597652571
0.07387328283	-0.00638974345	0.00607067015
0.07386774132	-0.00645348979	0.00616279131
0.07386228525	-0.00651563934	0.00625289462
0.07385691685	-0.00657621249	0.00634098773
0.07385163810	-0.00663523082	0.00642708040
0.07384645065	-0.00669271719	0.00651118420
0.07384135596	-0.00674869522	0.00659331281
0.07383635394	-0.00680320323	0.00667350001
0.07383144819	-0.00685623772	0.00675174068
0.07382663877	-0.00690783220	0.00682805451
0.07382192333	-0.00695804382	0.00690249770
0.07381730766	-0.00700684152	0.00697504169
0.07381278665	-0.00705430827	0.00704575906
0.07380836525	-0.00710041946	0.00711462967
0.07380403798	-0.00714525824	0.00718173262
0.07379981053	-0.00718879015	0.00724704166
0.07379567858	-0.00723108295	0.00731061449
0.07379164156	-0.00727216429	0.00737248869
0.07378770178	-0.00731203148	0.00743266587
0.07378385639	-0.00735073292	0.00749119069
0.07378010468	-0.00738829421	0.00754809402
0.07377644545	-0.00742474475	0.00760341212
0.07377287852	-0.00746010275	0.00765717049
0.07376940302	-0.00749439231	0.00770939657
0.07376601720	-0.00752764532	0.00776012609
0.07376271989	-0.00755988706	0.00780939080
0.07375950981	-0.00759114286	0.00785722229
0.07375638566	-0.00762143765	0.00790365223
0.07375334605	-0.00765079633	0.00794871205
0.07375038897	-0.00767924893	0.00799244080
0.07374751391	-0.00770681061	0.00803486253
0.07374471948	-0.00773350415	0.00807600527
0.07374200373	-0.00775935720	0.00811590238
0.07373936508	-0.00778439309	0.00815458413
0.07373680120	-0.00780864174	0.00819209014
0.07373431091	-0.00783212181	0.00822845107
0.07373189468	-0.00785483577	0.00826367381
0.07372954916	-0.00787682156	0.00829779909
0.07372727524	-0.00789807724	0.00833082225
0.07372649323	-0.00790537369	0.00834237223
0.07372584835	-0.00791138565	0.00835464791
0.07372534846	-0.00791604267	0.00836750536
0.07372499970	-0.00791929018	0.00838079384
0.07372480633	-0.00792109012	0.00839435757
0.07372477074	-0.00792142140	0.00840803751
0.07372489335	-0.00792028014	0.00842167328
0.07372517267	-0.00791767972	0.00843510501
0.07372560527	-0.00791365059	0.00844817524
0.07372618584	-0.00790823999	0.00846073072
0.07372690728	-0.00790151130	0.00847262425
0.07372776079	-0.00789354339	0.00848371639
0.07372873597	-0.00788442962	0.00849387710
0.07372982099	-0.00787427680	0.00850298725
