Phi075DUCTEDFANFIXRPM_B2_2
3	0	0
215	76
0.03489792694	-0.00209724081	0.02266714306
0.03489469589	-0.00215033090	0.02273932249
0.03489350491	-0.00216957111	0.02277250123
0.03489266599	-0.00218302176	0.02279971382
0.03489199537	-0.00219371441	0.02282370270
0.03489144839	-0.00220239718	0.02284591965
0.03489098984	-0.00220964978	0.02286691180
0.03489058609	-0.00221601587	0.02288682454
0.03489025417	-0.00222123568	0.02290631571
0.03488996399	-0.00222578897	0.02292522083
0.03488970854	-0.00222978960	0.02294364862
0.03488950384	-0.00223299035	0.02296198586
0.03488933366	-0.00223564766	0.02298010644
0.03488918602	-0.00223795056	0.02299793229
0.03488907442	-0.00223968968	0.02301574185
0.03488899695	-0.00224089623	0.02303356461
0.03488894764	-0.00224166385	0.02305136277
0.03488892577	-0.00224200416	0.02306917000
0.03488893083	-0.00224192539	0.02308701731
0.03488896249	-0.00224143264	0.02310493324
0.03488901968	-0.00224054223	0.02312293150
0.03488910424	-0.00223922517	0.02314106675
0.03488921694	-0.00223746855	0.02315937388
0.03488935335	-0.00223534048	0.02317780650
0.03488951694	-0.00223278559	0.02319644039
0.03488970775	-0.00222980209	0.02321529452
0.03488992569	-0.00222638936	0.02323438664
0.03489017109	-0.00222254030	0.02325373896
0.03489044426	-0.00221824776	0.02327337434
0.03489074309	-0.00221354255	0.02329327598
0.03489105874	-0.00220856156	0.02331331988
0.03489141487	-0.00220292806	0.02333391838
0.03489179889	-0.00219683728	0.02335487240
0.03489219314	-0.00219056654	0.02337590597
0.03489263516	-0.00218351446	0.02339768559
0.03489308908	-0.00217624873	0.02341960370
0.03489358252	-0.00216832256	0.02344217233
0.03489409116	-0.00216012179	0.02346497768
0.03489464159	-0.00215121186	0.02348852592
0.03489520314	-0.00214208345	0.02351227778
0.03489580303	-0.00213228861	0.02353677010
0.03489643073	-0.00212199117	0.02356182572
0.03489708103	-0.00211126970	0.02358737475
0.03489775573	-0.00210008783	0.02361348546
0.03489846221	-0.00208831495	0.02364033517
0.03489919454	-0.00207604055	0.02366783468
0.03489995273	-0.00206325559	0.02369601891
0.03490073673	-0.00204995119	0.02372492325
0.03490154645	-0.00203611874	0.02375458358
0.03490238179	-0.00202174913	0.02378503562
0.03490324258	-0.00200683361	0.02381631556
0.03490412218	-0.00199147647	0.02384831715
0.03490502995	-0.00197550197	0.02388130245
0.03490596360	-0.00195893573	0.02391525748
0.03490691564	-0.00194189720	0.02395004924
0.03490788990	-0.00192430418	0.02398582246
0.03490888942	-0.00190608596	0.02402270424
0.03490990374	-0.00188741745	0.02406047219
0.03491094264	-0.00186810278	0.02409944442
0.03491200061	-0.00184822548	0.02413952171
0.03491307157	-0.00182788342	0.02418059173
0.03491416531	-0.00180687144	0.02422300117
0.03491527470	-0.00178530568	0.02426659274
0.03491639897	-0.00176318092	0.02431140877
0.03491753731	-0.00174049204	0.02435749092
0.03491868884	-0.00171723432	0.02440488040
0.03491985263	-0.00169340377	0.02445361801
0.03492102767	-0.00166899687	0.02450374394
0.03492221290	-0.00164401041	0.02455529761
0.03492340719	-0.00161844197	0.02460831783
0.03492460933	-0.00159228980	0.02466284265
0.03492581587	-0.00156560212	0.02471882495
0.03492702618	-0.00153836485	0.02477633581
0.03492824259	-0.00151049456	0.02483557651
0.03492945575	-0.00148217574	0.02489622280
0.03493067311	-0.00145320348	0.02495874823
0.03493188388	-0.00142380224	0.02502272449
0.03493309454	-0.00139378268	0.02508862260
0.03493429740	-0.00136330081	0.02515614433
0.03493549246	-0.00133232537	0.02522543340
0.03493667910	-0.00130083719	0.02529659646
0.03493785402	-0.00126888947	0.02536956982
0.03493901528	-0.00123650124	0.02544438495
0.03494016076	-0.00120369837	0.02552105996
0.03494128867	-0.00117049984	0.02559963545
0.03494239743	-0.00113691945	0.02568016502
0.03494348476	-0.00110299458	0.02576263666
0.03494454835	-0.00106876788	0.02584703684
0.03494558673	-0.00103425936	0.02593342288
0.03494659813	-0.00099950133	0.02602180916
0.03494758077	-0.00096453212	0.02611219701
0.03494853300	-0.00092938978	0.02620459237
0.03494945328	-0.00089411390	0.02629899537
0.03495033924	-0.00085878452	0.02639528243
0.03495119116	-0.00082338373	0.02649369232
0.03495200729	-0.00078797863	0.02659409621
0.03495278592	-0.00075264872	0.02669635826
0.03495352722	-0.00071739723	0.02680066948
0.03495423029	-0.00068228229	0.02690693191
0.03495489403	-0.00064738506	0.02701498243
0.03495551915	-0.00061270279	0.02712506285
0.03495610472	-0.00057833117	0.02723685879
0.03495665138	-0.00054428693	0.02735054774
0.03495715913	-0.00051063663	0.02746595468
0.03495762850	-0.00047742364	0.02758307468
0.03495806022	-0.00044469074	0.02770188516
0.03495845493	-0.00041249636	0.02782223526
0.03495881381	-0.00038086901	0.02794421377
0.03495913776	-0.00034987261	0.02806754970
0.03495942828	-0.00031952874	0.02819242416
0.03495968655	-0.00028989766	0.02831848015
0.03495991421	-0.00026100226	0.02844591781
0.03496011281	-0.00023288673	0.02857444277
0.03496028403	-0.00020558331	0.02870408213
0.03496042964	-0.00017911814	0.02883475269
0.03496055138	-0.00015352827	0.02896622798
0.03496065109	-0.00012883775	0.02909861797
0.03496073063	-0.00010506195	0.02923170763
0.03496079179	-0.00008222807	0.02936534423
0.03496083639	-0.00006035602	0.02949957773
0.03496086623	-0.00003945141	0.02963422467
0.03496088304	-0.00001952678	0.02976918485
0.03496088848	-0.00000059213	0.02990432635
0.03496088419	0.00001734299	0.03003961271
0.03496087168	0.00003428146	0.03017491890
0.03496085241	0.00005022524	0.03031013558
0.03496082774	0.00006517700	0.03044516325
0.03496079891	0.00007914391	0.03057990347
0.03496076708	0.00009213537	0.03071425915
0.03496073332	0.00010416354	0.03084813489
0.03496069855	0.00011524273	0.03098139556
0.03496066366	0.00012538100	0.03111401837
0.03496062936	0.00013460478	0.03124589147
0.03496059629	0.00014293713	0.03137690725
0.03496056498	0.00015040073	0.03150694607
0.03496053595	0.00015700381	0.03163604063
0.03496050945	0.00016279728	0.03176395791
0.03496048590	0.00016777839	0.03189078703
0.03496046536	0.00017200612	0.03201628533
0.03496044810	0.00017547767	0.03214053385
0.03496043411	0.00017824318	0.03226339791
0.03496042339	0.00018033323	0.03238478954
0.03496041597	0.00018176623	0.03250469562
0.03496041175	0.00018257629	0.03262306049
0.03496041059	0.00018279823	0.03273982061
0.03496041235	0.00018246200	0.03285493164
0.03496041685	0.00018159801	0.03296835301
0.03496042389	0.00018023705	0.03308004787
0.03496043325	0.00017841247	0.03318995878
0.03496044474	0.00017614603	0.03329807989
0.03496045814	0.00017346718	0.03340439982
0.03496047315	0.00017041459	0.03350885941
0.03496048956	0.00016701419	0.03361142963
0.03496050720	0.00016327908	0.03371215747
0.03496052574	0.00015926076	0.03381093328
0.03496054508	0.00015495704	0.03390784007
0.03496056493	0.00015041189	0.03400282307
0.03496058509	0.00014565130	0.03409584643
0.03496060546	0.00014067772	0.03418698130
0.03496062579	0.00013553010	0.03427618555
0.03496064594	0.00013022761	0.03436346385
0.03496066578	0.00012478878	0.03444882322
0.03496068517	0.00011923151	0.03453227293
0.03496070401	0.00011357337	0.03461382443
0.03496072220	0.00010783137	0.03469349120
0.03496073963	0.00010202195	0.03477128864
0.03496075624	0.00009616069	0.03484723386
0.03496077197	0.00009026295	0.03492134572
0.03496078674	0.00008434933	0.03499360599
0.03496080055	0.00007841331	0.03506409349
0.03496081337	0.00007247582	0.03513282317
0.03496082512	0.00006656570	0.03519974055
0.03496083587	0.00006065514	0.03526499336
0.03496084555	0.00005479263	0.03532848779
0.03496085422	0.00004895234	0.03539035959
0.03496086182	0.00004317941	0.03545051083
0.03496086844	0.00003743861	0.03550909900
0.03496087406	0.00003176767	0.03556607462
0.03496087870	0.00002616951	0.03562145313
0.03496088240	0.00002062948	0.03567532931
0.03496088520	0.00001516951	0.03572769335
0.03496088712	0.00000979239	0.03577857562
0.03496088820	0.00000450253	0.03582799609
0.03496088848	-0.00000070315	0.03587600032
0.03496088801	-0.00000582254	0.03592262633
0.03496088681	-0.00001084863	0.03596789371
0.03496088493	-0.00001577968	0.03601183330
0.03496088241	-0.00002061439	0.03605447581
0.03496087930	-0.00002535138	0.03609585192
0.03496087563	-0.00002998966	0.03613599205
0.03496087144	-0.00003452534	0.03617491064
0.03496086678	-0.00003896488	0.03621265552
0.03496086167	-0.00004330794	0.03624926157
0.03496085615	-0.00004755073	0.03628475095
0.03496085027	-0.00005169288	0.03631915281
0.03496084407	-0.00005573036	0.03635247600
0.03496083757	-0.00005966790	0.03638475051
0.03496083079	-0.00006351859	0.03641605302
0.03496082377	-0.00006726934	0.03644638059
0.03496081653	-0.00007093328	0.03647582780
0.03496081235	-0.00007296325	0.03649066967
0.03496081149	-0.00007337664	0.03650564401
0.03496081400	-0.00007216859	0.03652057527
0.03496081970	-0.00006935327	0.03653528838
0.03496082813	-0.00006496370	0.03654961086
0.03496083862	-0.00005905132	0.03656337478
0.03496085028	-0.00005168546	0.03657641878
0.03496086210	-0.00004295248	0.03658858992
0.03496087296	-0.00003295475	0.03659974551
0.03496088169	-0.00002180950	0.03660975476
0.03496088716	-0.00000964739	0.03661850032
0.03496088833	0.00000338899	0.03662587966
0.03496088429	0.00001714680	0.03663180626
0.03496087433	0.00003146473	0.03663621064
0.03496085800	0.00004617492	0.03663904116
0.03545862662	-0.00208715074	0.02266434465
0.03545544648	-0.00214049409	0.02273633903
0.03545427258	-0.00215985085	0.02276945007
0.03545344472	-0.00217339766	0.02279661436
0.03545278242	-0.00218417453	0.02282056507
0.03545224159	-0.00219293550	0.02284275049
0.03545178765	-0.00220026197	0.02286371598
0.03545138765	-0.00220669738	0.02288360578
0.03545105809	-0.00221198567	0.02290307718
0.03545076956	-0.00221660491	0.02292196518
0.03545051520	-0.00222066929	0.02294037815
0.03545031055	-0.00222393390	0.02295870270
0.03545013980	-0.00222665410	0.02297681253
0.03544999123	-0.00222901817	0.02299462938
0.03544987798	-0.00223081844	0.02301243161
0.03544979818	-0.00223208618	0.02303024866
0.03544974601	-0.00223291467	0.02304804264
0.03544972075	-0.00223331563	0.02306584718
0.03544972190	-0.00223329740	0.02308369324
0.03544974913	-0.00223286517	0.02310160935
0.03544980139	-0.00223203525	0.02311960918
0.03544988047	-0.00223077894	0.02313774736
0.03544998712	-0.00222908347	0.02315605879
0.03545011703	-0.00222701659	0.02317449706
0.03545027357	-0.00222452333	0.02319313796
0.03545045676	-0.00222160195	0.02321200043
0.03545066655	-0.00221825186	0.02323110223
0.03545090323	-0.00221446606	0.02325046558
0.03545116712	-0.00221023745	0.02327011333
0.03545145615	-0.00220559668	0.02329002870
0.03545176171	-0.00220067975	0.02331008772
0.03545210687	-0.00219511245	0.02333070261
0.03545247933	-0.00218908870	0.02335167438
0.03545286191	-0.00218288402	0.02337272717
0.03545329117	-0.00217590105	0.02339452719
0.03545373216	-0.00216870370	0.02341646722
0.03545421181	-0.00216084818	0.02343905898
0.03545470640	-0.00215271777	0.02346188896
0.03545524186	-0.00214388082	0.02348546302
0.03545578829	-0.00213482474	0.02350924226
0.03545637221	-0.00212510463	0.02353376314
0.03545698336	-0.00211488321	0.02355884866
0.03545761667	-0.00210423853	0.02358442900
0.03545827390	-0.00209313452	0.02361057237
0.03545896222	-0.00208144145	0.02363745596
0.03545967585	-0.00206924824	0.02366499066
0.03546041482	-0.00205654591	0.02369321138
0.03546117906	-0.00204332567	0.02372215348
0.03546196849	-0.00202957900	0.02375185281
0.03546278301	-0.00201529687	0.02378234508
0.03546362245	-0.00200047060	0.02381366644
0.03546448034	-0.00198520380	0.02384571078
0.03546536579	-0.00196932197	0.02387873984
0.03546627658	-0.00195285056	0.02391273969
0.03546720541	-0.00193590820	0.02394757752
0.03546815601	-0.00191841330	0.02398339787
0.03546913132	-0.00190029565	0.02402032766
0.03547012118	-0.00188172893	0.02405814485
0.03547113508	-0.00186251871	0.02409716709
0.03547216768	-0.00184274789	0.02413729533
0.03547321305	-0.00182251367	0.02417841742
0.03547428072	-0.00180161238	0.02422087948
0.03547536374	-0.00178015931	0.02426452453
0.03547646137	-0.00175814928	0.02430939481
0.03547757280	-0.00173557721	0.02435553194
0.03547869719	-0.00171243844	0.02440297705
0.03547983363	-0.00168872898	0.02445177086
0.03548098113	-0.00166444534	0.02450195351
0.03548213865	-0.00163958437	0.02455356434
0.03548330509	-0.00161414362	0.02460664207
0.03548447929	-0.00158812136	0.02466122471
0.03548565785	-0.00156156546	0.02471726521
0.03548684019	-0.00153446196	0.02477483450
0.03548802855	-0.00150672810	0.02483413341
0.03548921384	-0.00147854692	0.02489483841
0.03549040329	-0.00144971515	0.02495742197
0.03549158641	-0.00142045552	0.02502145673
0.03549276950	-0.00139058022	0.02508741260
0.03549394506	-0.00136024406	0.02515499205
0.03549511308	-0.00132941609	0.02522433840
0.03549627298	-0.00129807736	0.02529555801
0.03549742150	-0.00126628070	0.02536858734
0.03549855677	-0.00123404508	0.02544345771
0.03549967672	-0.00120139624	0.02552018713
0.03550077958	-0.00116835315	0.02559881607
0.03550186382	-0.00113492961	0.02567939791
0.03550292721	-0.00110116280	0.02576192062
0.03550396750	-0.00106709516	0.02584637063
0.03550498323	-0.00103274674	0.02593280503
0.03550597270	-0.00099814970	0.02602123808
0.03550693414	-0.00096334225	0.02611167101
0.03550786594	-0.00092836230	0.02620410968
0.03550876660	-0.00089324929	0.02629855410
0.03550963382	-0.00085808281	0.02639488094
0.03551046783	-0.00082284538	0.02649332814
0.03551126695	-0.00078760369	0.02659376718
0.03551202950	-0.00075243678	0.02669606245
0.03551275562	-0.00071734817	0.02680040429
0.03551344444	-0.00068239568	0.02690669486
0.03551409490	-0.00064766001	0.02701477143
0.03551470767	-0.00061313878	0.02712487488
0.03551528183	-0.00057892698	0.02723669166
0.03551581802	-0.00054504156	0.02735039852
0.03551631622	-0.00051154867	0.02746582085
0.03551677696	-0.00047849161	0.02758295352
0.03551720093	-0.00044591302	0.02770177385
0.03551758875	-0.00041387103	0.02782213128
0.03551794159	-0.00038239422	0.02794411410
0.03551826031	-0.00035154604	0.02806745201
0.03551854636	-0.00032134829	0.02819232529
0.03551880090	-0.00029186069	0.02831837792
0.03551902554	-0.00026310635	0.02844580914
0.03551922176	-0.00023512908	0.02857432534
0.03551939121	-0.00020796111	0.02870395329
0.03551953563	-0.00018162850	0.02883460986
0.03551965669	-0.00015616801	0.02896606905
0.03551975620	-0.00013160381	0.02909844027
0.03551983596	-0.00010795109	0.02923150895
0.03551989773	-0.00008523690	0.02936512263
0.03551994327	-0.00006348119	0.02949933085
0.03551997435	-0.00004268948	0.02963395054
0.03551999263	-0.00002287426	0.02976888159
0.03551999977	-0.00000404545	0.02990399229
0.03551999732	0.00001378739	0.03003924604
0.03551998680	0.00003062716	0.03017451801
0.03551996959	0.00004647584	0.03030969898
0.03551994704	0.00006133609	0.03044468957
0.03551992036	0.00007521507	0.03057939143
0.03551989069	0.00008812217	0.03071370759
0.03551985904	0.00010006952	0.03084754272
0.03551982634	0.00011107141	0.03098076197
0.03551979344	0.00012113586	0.03111334239
0.03551976105	0.00013028922	0.03124517231
0.03551972977	0.00013855453	0.03137614430
0.03551970013	0.00014595439	0.03150613892
0.03551967264	0.00015249697	0.03163518857
0.03551964755	0.00015823310	0.03176306086
0.03551962526	0.00016315997	0.03188984443
0.03551960583	0.00016733646	0.03201529729
0.03551958954	0.00017075972	0.03213950004
0.03551957636	0.00017347978	0.03226231831
0.03551956630	0.00017552712	0.03238366431
0.03551955939	0.00017692008	0.03250352483
0.03551955553	0.00017769269	0.03262184428
0.03551955460	0.00017787965	0.03273855922
0.03551955644	0.00017751083	0.03285362538
0.03551956090	0.00017661654	0.03296700221
0.03551956778	0.00017522747	0.03307865293
0.03551957686	0.00017337687	0.03318852020
0.03551958797	0.00017108645	0.03329659813
0.03551960087	0.00016838555	0.03340287533
0.03551961531	0.00016531273	0.03350729280
0.03551963106	0.00016189382	0.03360982155
0.03551964796	0.00015814189	0.03371050840
0.03551966569	0.00015410827	0.03380924403
0.03551968416	0.00014979078	0.03390611116
0.03551970309	0.00014523324	0.03400105521
0.03551972228	0.00014046158	0.03409404044
0.03551974163	0.00013547820	0.03418513776
0.03551976093	0.00013032195	0.03427430522
0.03551978001	0.00012501192	0.03436154747
0.03551979876	0.00011956658	0.03444687154
0.03551981705	0.00011400378	0.03453028671
0.03551983477	0.00010834101	0.03461180442
0.03551985183	0.00010259522	0.03469143815
0.03551986815	0.00009678280	0.03476920328
0.03551988364	0.00009091927	0.03484511695
0.03551989825	0.00008501992	0.03491919799
0.03551991191	0.00007910530	0.03499142827
0.03551992464	0.00007316890	0.03506188646
0.03551993637	0.00006723155	0.03513058749
0.03551994707	0.00006132201	0.03519747714
0.03551995678	0.00005541254	0.03526270273
0.03551996544	0.00004955148	0.03532617082
0.03551997310	0.00004371306	0.03538801680
0.03551997974	0.00003794225	0.03544814315
0.03551998540	0.00003220396	0.03550670689
0.03551999009	0.00002653577	0.03556365881
0.03551999383	0.00002094057	0.03561901439
0.03551999666	0.00001540377	0.03567286816
0.03551999861	0.00000994721	0.03572521044
0.03551999971	0.00000457366	0.03577607159
0.03551999999	-0.00000071250	0.03582547158
0.03551999951	-0.00000591435	0.03587345593
0.03551999829	-0.00001102978	0.03592006260
0.03551999637	-0.00001605183	0.03596531122
0.03551999380	-0.00002097876	0.03600923261
0.03551999062	-0.00002580930	0.03605185748
0.03551998687	-0.00003054207	0.03609321646
0.03551998258	-0.00003517611	0.03613333998
0.03551997781	-0.00003970754	0.03617224252
0.03551997257	-0.00004414281	0.03620997183
0.03551996691	-0.00004848158	0.03624656275
0.03551996088	-0.00005272009	0.03628203747
0.03551995449	-0.00005685799	0.03631642512
0.03551994781	-0.00006089126	0.03634973459
0.03551994085	-0.00006482462	0.03638199585
0.03551993362	-0.00006867114	0.03641328543
0.03551992618	-0.00007241777	0.03644360044
0.03551991853	-0.00007607760	0.03647303526
0.03551991412	-0.00007810672	0.03648787724
0.03551991321	-0.00007851925	0.03650285161
0.03551991587	-0.00007731035	0.03651778279
0.03551992188	-0.00007449420	0.03653249574
0.03551993082	-0.00007010380	0.03654681797
0.03551994200	-0.00006419064	0.03656058155
0.03551995455	-0.00005682404	0.03657362512
0.03551996745	-0.00004809036	0.03658579576
0.03551997957	-0.00003809200	0.03659695078
0.03551998978	-0.00002694618	0.03660695939
0.03551999692	-0.00001478357	0.03661570426
0.03551999996	-0.00000174677	0.03662308285
0.03551999797	0.00001201137	0.03662900866
0.03551999024	0.00002632955	0.03663341222
0.03551997629	0.00004103991	0.03663624190
0.03598010084	-0.00207700355	0.02266153321
0.03597696665	-0.00213060333	0.02273333855
0.03597580804	-0.00215007817	0.02276638035
0.03597498999	-0.00216372247	0.02279349522
0.03597433504	-0.00217458470	0.02281740684
0.03597379957	-0.00218342496	0.02283955995
0.03597334958	-0.00219082638	0.02286049809
0.03597295278	-0.00219733208	0.02288036436
0.03597262511	-0.00220268985	0.02289981545
0.03597233786	-0.00220737600	0.02291868585
0.03597208425	-0.00221150504	0.02293708357
0.03597187941	-0.00221483447	0.02295539504
0.03597170789	-0.00221761850	0.02297349375
0.03597155823	-0.00222004464	0.02299130129
0.03597144325	-0.00222190697	0.02300909591
0.03597136108	-0.00222323684	0.02302690699
0.03597130604	-0.00222412713	0.02304469657
0.03597127744	-0.00222458966	0.02306249822
0.03597127477	-0.00222463289	0.02308034287
0.03597129770	-0.00222426210	0.02309825901
0.03597134521	-0.00222349361	0.02311626030
0.03597141903	-0.00222229898	0.02313440134
0.03597151990	-0.00222066562	0.02315271700
0.03597164361	-0.00221866087	0.02317116090
0.03597179345	-0.00221623019	0.02318980878
0.03597196943	-0.00221337189	0.02320867961
0.03597217150	-0.00221008544	0.02322779113
0.03597239995	-0.00220636388	0.02324716557
0.03597265509	-0.00220220021	0.02326682578
0.03597293489	-0.00219762488	0.02328675500
0.03597323097	-0.00219277300	0.02330682929
0.03597356581	-0.00218727294	0.02332746072
0.03597392743	-0.00218131728	0.02334845041
0.03597429907	-0.00217517969	0.02336952266
0.03597471638	-0.00216826692	0.02339134331
0.03597514528	-0.00216113901	0.02341330551
0.03597561203	-0.00215335525	0.02343592069
0.03597609351	-0.00214529627	0.02345877562
0.03597661497	-0.00213653345	0.02348237581
0.03597714730	-0.00212755082	0.02350618280
0.03597771632	-0.00211790659	0.02353073260
0.03597831205	-0.00210776236	0.02355584842
0.03597892953	-0.00209719565	0.02358146049
0.03597957048	-0.00208617067	0.02360763697
0.03598024189	-0.00207455863	0.02363455490
0.03598093813	-0.00206244782	0.02366212528
0.03598165921	-0.00204982936	0.02369038300
0.03598240508	-0.00203669454	0.02371936338
0.03598317565	-0.00202303491	0.02374910226
0.03598397082	-0.00200884154	0.02377963532
0.03598479043	-0.00199410582	0.02381099868
0.03598562815	-0.00197893065	0.02384308638
0.03598649289	-0.00196314282	0.02387615983
0.03598738246	-0.00194676758	0.02391020512
0.03598828974	-0.00192992273	0.02394508968
0.03598921838	-0.00191252730	0.02398095782
0.03599017124	-0.00189451160	0.02401793630
0.03599113841	-0.00187604805	0.02405580345
0.03599212914	-0.00185694366	0.02409487640
0.03599313823	-0.00183728073	0.02413505630
0.03599415987	-0.00181715574	0.02417623120
0.03599520339	-0.00179636656	0.02421874663
0.03599626199	-0.00177502760	0.02426244590
0.03599733493	-0.00175313371	0.02430737120
0.03599842145	-0.00173067988	0.02435356408
0.03599952072	-0.00170766146	0.02440106558
0.03600063184	-0.00168407451	0.02444991638
0.03600175385	-0.00165991556	0.02450015652
0.03600288574	-0.00163518146	0.02455182529
0.03600402643	-0.00160986980	0.02460496133
0.03600517478	-0.00158397884	0.02465960256
0.03600632749	-0.00155755611	0.02471570203
0.03600748396	-0.00153058774	0.02477333053
0.03600864641	-0.00150299165	0.02483268841
0.03600980595	-0.00147494942	0.02489345290
0.03601096963	-0.00144625946	0.02495609532
0.03601212722	-0.00141714270	0.02502018935
0.03601328485	-0.00138741291	0.02508620370
0.03601443522	-0.00135722366	0.02515384159
0.03601557830	-0.00132654433	0.02522324591
0.03601671351	-0.00129535620	0.02529452276
0.03601783770	-0.00126371169	0.02536760871
0.03601894902	-0.00123162972	0.02544253495
0.03602004543	-0.00119913592	0.02551931941
0.03602112523	-0.00116624921	0.02559800239
0.03602218689	-0.00113298341	0.02567863706
0.03602322825	-0.00109937548	0.02576121137
0.03602424709	-0.00106546768	0.02584571171
0.03602524200	-0.00103128004	0.02593219494
0.03602621130	-0.00099684462	0.02602067520
0.03602715326	-0.00096219946	0.02611115363
0.03602806631	-0.00092738237	0.02620363597
0.03602894897	-0.00089243262	0.02629812212
0.03602979899	-0.00085742932	0.02639448904
0.03603061659	-0.00082235545	0.02649297381
0.03603140012	-0.00078727728	0.02659344818
0.03603214793	-0.00075227336	0.02669577686
0.03603286018	-0.00071734754	0.02680014942
0.03603353598	-0.00068255731	0.02690646823
0.03603417431	-0.00064798288	0.02701457088
0.03603477581	-0.00061362227	0.02712469734
0.03603533958	-0.00057956973	0.02723653492
0.03603586624	-0.00054584247	0.02735025962
0.03603635577	-0.00051250623	0.02746569720
0.03603680868	-0.00047960419	0.02758284239
0.03603722563	-0.00044717888	0.02770167237
0.03603760724	-0.00041528813	0.02782203689
0.03603795464	-0.00038396057	0.02794402374
0.03603826866	-0.00035325922	0.02806736331
0.03603855072	-0.00032320604	0.02819223507
0.03603880195	-0.00029386027	0.02831828396
0.03603902392	-0.00026524518	0.02844570834
0.03603921807	-0.00023740425	0.02857421535
0.03603938602	-0.00021036969	0.02870383145
0.03603952944	-0.00018416744	0.02883447353
0.03603964999	-0.00015883404	0.02896591615
0.03603974942	-0.00013439373	0.02909826807
0.03603982949	-0.00011086153	0.02923131523
0.03603989192	-0.00008826437	0.02936490545
0.03603993842	-0.00006662221	0.02949908784
0.03603997072	-0.00004594050	0.02963367972
0.03603999045	-0.00002623168	0.02976858107
0.03603999922	-0.00000750560	0.02990366039
0.03603999855	0.00001022818	0.03003888095
0.03603998991	0.00002697257	0.03017411813
0.03603997467	0.00004272956	0.03030926282
0.03603995413	0.00005750181	0.03044421576
0.03603992948	0.00007129645	0.03057887870
0.03603990182	0.00008412286	0.03071315478
0.03603987216	0.00009599314	0.03084694878
0.03603984140	0.00010692155	0.03098012606
0.03603981036	0.00011691606	0.03111266357
0.03603977973	0.00012600295	0.03124444982
0.03603975012	0.00013420520	0.03137537751
0.03603972204	0.00014154536	0.03150532746
0.03603969598	0.00014803153	0.03163433174
0.03603967219	0.00015371444	0.03176215861
0.03603965106	0.00015859123	0.03188889620
0.03603963266	0.00016272066	0.03201430321
0.03603961724	0.00016609985	0.03213845980
0.03603960479	0.00016877867	0.03226123192
0.03603959533	0.00017078752	0.03238253194
0.03603958887	0.00017214470	0.03250234657
0.03603958533	0.00017288409	0.03262062029
0.03603958458	0.00017304031	0.03273728977
0.03603958649	0.00017264311	0.03285231078
0.03603959089	0.00017172273	0.03296564283
0.03603959759	0.00017030975	0.03307724917
0.03603960639	0.00016843732	0.03318707259
0.03603961712	0.00016612707	0.03329510715
0.03603962955	0.00016340824	0.03340134145
0.03603964342	0.00016031927	0.03350571662
0.03603965853	0.00015688591	0.03360820376
0.03603967472	0.00015312117	0.03370884948
0.03603969168	0.00014907623	0.03380754482
0.03603970932	0.00014474890	0.03390437220
0.03603972737	0.00014018286	0.03399927721
0.03603974564	0.00013540394	0.03409222424
0.03603976404	0.00013041456	0.03418328396
0.03603978235	0.00012525340	0.03427241457
0.03603980042	0.00011993950	0.03435962074
0.03603981814	0.00011449128	0.03444490949
0.03603983539	0.00010892649	0.03452829009
0.03603985206	0.00010326258	0.03460977400
0.03603986807	0.00009751644	0.03468937470
0.03603988333	0.00009170439	0.03476710754
0.03603989777	0.00008584191	0.03484298967
0.03603991133	0.00007994421	0.03491703990
0.03603992396	0.00007403177	0.03498924025
0.03603993566	0.00006809809	0.03505966915
0.03603994639	0.00006216394	0.03512834157
0.03603995609	0.00005625797	0.03519520355
0.03603996483	0.00005035252	0.03526040196
0.03603997253	0.00004449576	0.03532384378
0.03603997926	0.00003866200	0.03538566399
0.03603998499	0.00003289605	0.03544576551
0.03603998976	0.00002716294	0.03550430490
0.03603999359	0.00002150010	0.03556123320
0.03603999649	0.00001591041	0.03561656591
0.03603999851	0.00001037932	0.03567039734
0.03603999966	0.00000492859	0.03572271794
0.03604000000	-0.00000043904	0.03577355803
0.03603999955	-0.00000571921	0.03582293763
0.03603999835	-0.00001091499	0.03587090218
0.03603999644	-0.00001602428	0.03591748960
0.03603999386	-0.00002104017	0.03596271954
0.03603999065	-0.00002596092	0.03600662281
0.03603998685	-0.00003078528	0.03604923010
0.03603998250	-0.00003551189	0.03609057204
0.03603997765	-0.00004013978	0.03613067904
0.03603997232	-0.00004466512	0.03616956560
0.03603996656	-0.00004909432	0.03620727942
0.03603996040	-0.00005342706	0.03624385530
0.03603995388	-0.00005765961	0.03627931543
0.03603994703	-0.00006179161	0.03631368893
0.03603993990	-0.00006581908	0.03634698476
0.03603993251	-0.00006974673	0.03637923286
0.03603992487	-0.00007358757	0.03641050957
0.03603991704	-0.00007732861	0.03644081211
0.03603990901	-0.00008098292	0.03647023459
0.03603990440	-0.00008301048	0.03648507678
0.03603990345	-0.00008342144	0.03650005118
0.03603990623	-0.00008221098	0.03651498224
0.03603991255	-0.00007939329	0.03652969489
0.03603992196	-0.00007500140	0.03654401665
0.03603993378	-0.00006908680	0.03655777961
0.03603994715	-0.00006171883	0.03657082241
0.03603996105	-0.00005298388	0.03658299213
0.03603997437	-0.00004298436	0.03659414610
0.03603998594	-0.00003183749	0.03660415354
0.03603999463	-0.00001967397	0.03661289713
0.03603999939	-0.00000663641	0.03662027436
0.03603999930	0.00000712235	0.03662619873
0.03603999362	0.00002144099	0.03663060079
0.03603998187	0.00003615164	0.03663342893
0.03650153276	-0.00206681055	0.02265871225
0.03649844325	-0.00212066975	0.02273032478
0.03649729948	-0.00214026411	0.02276329590
0.03649649097	-0.00215400710	0.02279036026
0.03649584314	-0.00216495577	0.02281423193
0.03649531287	-0.00217387633	0.02283635199
0.03649486671	-0.00218135365	0.02285726213
0.03649447300	-0.00218793056	0.02287710430
0.03649414717	-0.00219335870	0.02289653455
0.03649386114	-0.00219811265	0.02291538689
0.03649360825	-0.00220230721	0.02293376895
0.03649340320	-0.00220570231	0.02295206694
0.03649323091	-0.00220855102	0.02297015419
0.03649308019	-0.00221104006	0.02298795210
0.03649296349	-0.00221296529	0.02300573884
0.03649287901	-0.00221435812	0.02302354368
0.03649282117	-0.00221531104	0.02304132863
0.03649278930	-0.00221583598	0.02305912720
0.03649278289	-0.00221594151	0.02307697027
0.03649280162	-0.00221563299	0.02309488629
0.03649284450	-0.00221492676	0.02311288891
0.03649291319	-0.00221379466	0.02313103270
0.03649300842	-0.00221222425	0.02314935252
0.03649312608	-0.00221028248	0.02316780198
0.03649326938	-0.00220791524	0.02318645683
0.03649343834	-0.00220512090	0.02320533600
0.03649363288	-0.00220189894	0.02322445726
0.03649385332	-0.00219824252	0.02324384283
0.03649409992	-0.00219414467	0.02326351555
0.03649437074	-0.00218963567	0.02328345869
0.03649465758	-0.00218484974	0.02330354837
0.03649498237	-0.00217941784	0.02332419645
0.03649533343	-0.00217353119	0.02334520421
0.03649569441	-0.00216746161	0.02336629610
0.03649610008	-0.00216061999	0.02338813755
0.03649651721	-0.00215356246	0.02341012215
0.03649697140	-0.00214585142	0.02343276097
0.03649744010	-0.00213786485	0.02345564112
0.03649794795	-0.00212917715	0.02347926771
0.03649846654	-0.00212026894	0.02350310275
0.03649902106	-0.00211070162	0.02352768180
0.03649960178	-0.00210063559	0.02355282824
0.03650020386	-0.00209014788	0.02357847241
0.03650082896	-0.00207920297	0.02360468239
0.03650148392	-0.00206767301	0.02363163505
0.03650216324	-0.00205564567	0.02365924153
0.03650286691	-0.00204311216	0.02368753667
0.03650359490	-0.00203006384	0.02371655579
0.03650434712	-0.00201649236	0.02374633470
0.03650512346	-0.00200238887	0.02377690904
0.03650592377	-0.00198774482	0.02380831491
0.03650674188	-0.00197266241	0.02384044650
0.03650758646	-0.00195696973	0.02387356487
0.03650845539	-0.00194069182	0.02390765617
0.03650934172	-0.00192394565	0.02394258802
0.03651024901	-0.00190665086	0.02397850454
0.03651118004	-0.00188873830	0.02401553230
0.03651212514	-0.00187037911	0.02405345002
0.03651309334	-0.00185138176	0.02409257430
0.03651407956	-0.00183182792	0.02413280649
0.03651507815	-0.00181181337	0.02417403485
0.03651609818	-0.00179113752	0.02421660429
0.03651713303	-0.00176991388	0.02426035844
0.03651818199	-0.00174813736	0.02430533943
0.03651924430	-0.00172580298	0.02435158872
0.03652031915	-0.00170290613	0.02439914730
0.03652140566	-0.00167944290	0.02444805577
0.03652250290	-0.00165540985	0.02449835410
0.03652360988	-0.00163080383	0.02455008149
0.03652472555	-0.00160562245	0.02460327651
0.03652584879	-0.00157986399	0.02465797702
0.03652697637	-0.00155357558	0.02471413616
0.03652810773	-0.00152674351	0.02477182455
0.03652924500	-0.00149928632	0.02483124207
0.03653037953	-0.00147138416	0.02489206673
0.03653151819	-0.00144283711	0.02495476866
0.03653265098	-0.00141386429	0.02501892262
0.03653378390	-0.00138428106	0.02508499608
0.03653490981	-0.00135423974	0.02515269303
0.03653602868	-0.00132371004	0.02522215596
0.03653713995	-0.00129267344	0.02529349064
0.03653824052	-0.00126118199	0.02536663378
0.03653932858	-0.00122925453	0.02544161647
0.03654040217	-0.00119691659	0.02551845651
0.03654145958	-0.00116418702	0.02559719404
0.03654249935	-0.00113107967	0.02567788204
0.03654351934	-0.00109763128	0.02576050841
0.03654451739	-0.00106388392	0.02584505954
0.03654549211	-0.00102985759	0.02593159201
0.03654644185	-0.00099558425	0.02602011986
0.03654736493	-0.00096110179	0.02611064413
0.03654825980	-0.00092644787	0.02620317045
0.03654912502	-0.00089166162	0.02629769862
0.03654995837	-0.00085682167	0.02639410587
0.03655076007	-0.00082191144	0.02649262842
0.03655152851	-0.00078699676	0.02659313831
0.03655226206	-0.00075215574	0.02669550054
0.03655296086	-0.00071739251	0.02679990393
0.03655362407	-0.00068276422	0.02690625102
0.03655425066	-0.00064835064	0.02701437980
0.03655484126	-0.00061415014	0.02712452927
0.03655539499	-0.00058025627	0.02723638761
0.03655591243	-0.00054668644	0.02735013006
0.03655639358	-0.00051350601	0.02746558279
0.03655683892	-0.00048075805	0.02758274033
0.03655724909	-0.00044848497	0.02770157979
0.03655762471	-0.00041674428	0.02782195118
0.03655796685	-0.00038556468	0.02794394181
0.03655827634	-0.00035500873	0.02806728278
0.03655855455	-0.00032509860	0.02819215270
0.03655880260	-0.00029589299	0.02831819754
0.03655902199	-0.00026741540	0.02844561471
0.03655921416	-0.00023970892	0.02857411216
0.03655938065	-0.00021280575	0.02870371599
0.03655952313	-0.00018673175	0.02883434317
0.03655964319	-0.00016152319	0.02896576878
0.03655974254	-0.00013720441	0.02909810095
0.03655982292	-0.00011379027	0.02923112614
0.03655988598	-0.00009130755	0.02936469243
0.03655993341	-0.00006977626	0.02949884851
0.03655996689	-0.00004920176	0.02963341208
0.03655998802	-0.00002959644	0.02976828324
0.03655999835	-0.00001097010	0.02990333069
0.03655999939	0.00000666771	0.03003851757
0.03655999256	0.00002331990	0.03017371945
0.03655997921	0.00003898846	0.03030882737
0.03655996060	0.00005367605	0.03044374218
0.03655993789	0.00006738978	0.03057836573
0.03655991217	0.00008013900	0.03071260125
0.03655988441	0.00009193577	0.03084635364
0.03655985549	0.00010279432	0.03097948852
0.03655982623	0.00011272258	0.03111198268
0.03655979729	0.00012174675	0.03124372481
0.03655976926	0.00012988973	0.03137460781
0.03655974266	0.00013717402	0.03150451269
0.03655971795	0.00014360766	0.03163347122
0.03655969539	0.00014924125	0.03176125229
0.03655967535	0.00015407191	0.03188794355
0.03655965790	0.00015815824	0.03201330439
0.03655964331	0.00016149732	0.03213741450
0.03655963154	0.00016413889	0.03226014018
0.03655962262	0.00016611326	0.03238139395
0.03655961658	0.00016743864	0.03250116243
0.03655961332	0.00016814882	0.03261939018
0.03655961272	0.00016827829	0.03273601397
0.03655961466	0.00016785672	0.03285098963
0.03655961898	0.00016691422	0.03296427670
0.03655962549	0.00016548129	0.03307583849
0.03655963400	0.00016359096	0.03318561790
0.03655964433	0.00016126478	0.03329360896
0.03655965628	0.00015853191	0.03339980022
0.03655966960	0.00015543063	0.03350413300
0.03655968408	0.00015198664	0.03360657844
0.03655969957	0.00014821287	0.03370718294
0.03655971578	0.00014416035	0.03380583793
0.03655973261	0.00013982688	0.03390262549
0.03655974981	0.00013525598	0.03399749142
0.03655976719	0.00013047342	0.03409040022
0.03655978466	0.00012548157	0.03418142231
0.03655980201	0.00012031902	0.03427051607
0.03655981912	0.00011500470	0.03435768616
0.03655983585	0.00010955698	0.03444293960
0.03655985210	0.00010399355	0.03452628566
0.03655986776	0.00009833179	0.03460773580
0.03655988276	0.00009258853	0.03468730349
0.03655989701	0.00008678002	0.03476500409
0.03655991044	0.00008092168	0.03484085472
0.03655992301	0.00007502868	0.03491487420
0.03655993466	0.00006912140	0.03498704467
0.03655994539	0.00006319339	0.03505744435
0.03655995515	0.00005726530	0.03512608823
0.03655996392	0.00005136570	0.03519292261
0.03655997173	0.00004546702	0.03525809391
0.03655997853	0.00003961724	0.03532150954
0.03655998438	0.00003379077	0.03538330407
0.03655998925	0.00002803224	0.03544338084
0.03655999319	0.00002230682	0.03550189596
0.03655999621	0.00001665177	0.03555880072
0.03655999832	0.00001106996	0.03561411066
0.03655999958	0.00000554691	0.03566791985
0.03656000000	0.00000010427	0.03572021886
0.03655999962	-0.00000525523	0.03577103799
0.03655999848	-0.00001052726	0.03582039728
0.03655999662	-0.00001571486	0.03586834211
0.03655999407	-0.00002081598	0.03591491037
0.03655999088	-0.00002582372	0.03596012173
0.03655998708	-0.00003073636	0.03600400698
0.03655998271	-0.00003555267	0.03604659679
0.03655997782	-0.00004027128	0.03608792177
0.03655997244	-0.00004489125	0.03612801233
0.03655996661	-0.00004940877	0.03616688301
0.03655996037	-0.00005383022	0.03620458143
0.03655995375	-0.00005815531	0.03624114235
0.03655994678	-0.00006238030	0.03627658798
0.03655993951	-0.00006650486	0.03631094743
0.03655993198	-0.00007052504	0.03634422969
0.03655992420	-0.00007444552	0.03637646471
0.03655991620	-0.00007827927	0.03640772863
0.03655990801	-0.00008201337	0.03643801877
0.03655989965	-0.00008566082	0.03646742899
0.03655989485	-0.00008768617	0.03648227147
0.03655989386	-0.00008809489	0.03649724593
0.03655989677	-0.00008688220	0.03651217680
0.03655990336	-0.00008406231	0.03652688903
0.03655991320	-0.00007966828	0.03654121013
0.03655992561	-0.00007375163	0.03655497220
0.03655993974	-0.00006638172	0.03656801389
0.03655995455	-0.00005764496	0.03658018231
0.03655996896	-0.00004764377	0.03659133478
0.03655998178	-0.00003649542	0.03660134055
0.03655999190	-0.00002433060	0.03661008232
0.03655999826	-0.00001129193	0.03661745759
0.03655999992	0.00000246771	0.03662337991
0.03655999615	0.00001678700	0.03662777983
0.03655998643	0.00003149807	0.03663060576
0.03703294997	-0.00205638428	0.02265583106
0.03702990474	-0.00211051051	0.02272724350
0.03702877569	-0.00213022794	0.02276014119
0.03702797662	-0.00214407261	0.02278715303
0.03702733584	-0.00215511035	0.02281098314
0.03702681072	-0.00216411366	0.02283306879
0.03702636835	-0.00217166920	0.02285394975
0.03702597769	-0.00217831950	0.02287376680
0.03702565367	-0.00218382019	0.02289317531
0.03702536883	-0.00218864403	0.02291200877
0.03702511665	-0.00219290613	0.02293037446
0.03702491139	-0.00219636894	0.02294865833
0.03702473833	-0.00219928435	0.02296673353
0.03702458654	-0.00220183825	0.02298452133
0.03702446813	-0.00220382834	0.02300229974
0.03702438133	-0.00220528610	0.02302009796
0.03702432071	-0.00220630361	0.02303787795
0.03702428559	-0.00220689292	0.02305567316
0.03702427547	-0.00220706270	0.02307351442
0.03702429003	-0.00220681842	0.02309143017
0.03702432829	-0.00220617641	0.02310943400
0.03702439189	-0.00220510880	0.02312758047
0.03702448153	-0.00220360333	0.02314590443
0.03702459318	-0.00220172653	0.02316435950
0.03702472999	-0.00219942473	0.02318302138
0.03702489197	-0.00219669635	0.02320190903
0.03702507904	-0.00219354094	0.02322104020
0.03702529151	-0.00218995169	0.02324043710
0.03702552965	-0.00218592175	0.02326012260
0.03702579155	-0.00218148119	0.02328007998
0.03702606922	-0.00217676328	0.02330018542
0.03702638403	-0.00217140169	0.02332085057
0.03702672462	-0.00216558624	0.02334187685
0.03702707502	-0.00215958680	0.02336298890
0.03702746916	-0.00215281858	0.02338485168
0.03702787461	-0.00214583364	0.02340685930
0.03702831634	-0.00213819763	0.02342952239
0.03702877236	-0.00213028573	0.02345242845
0.03702926671	-0.00212167552	0.02347608217
0.03702977167	-0.00211284406	0.02349994606
0.03703031182	-0.00210335604	0.02352455518
0.03703087765	-0.00209337067	0.02354973312
0.03703146445	-0.00208296441	0.02357541030
0.03703207384	-0.00207210206	0.02360165476
0.03703271248	-0.00206065674	0.02362864316
0.03703337501	-0.00204871546	0.02365628679
0.03703406144	-0.00203626951	0.02368462046
0.03703477170	-0.00202331036	0.02371367945
0.03703550573	-0.00200982973	0.02374349956
0.03703626341	-0.00199581886	0.02377411639
0.03703704459	-0.00198126929	0.02380556603
0.03703784326	-0.00196628246	0.02383774282
0.03703866786	-0.00195068780	0.02387090744
0.03703951634	-0.00193451016	0.02390504610
0.03704038190	-0.00191786562	0.02394002666
0.03704126802	-0.00190067449	0.02397599300
0.03704217741	-0.00188286814	0.02401307151
0.03704310065	-0.00186461639	0.02405104131
0.03704404653	-0.00184572923	0.02409021844
0.03704501010	-0.00182628769	0.02413050448
0.03704598584	-0.00180638679	0.02417178790
0.03704698260	-0.00178582756	0.02421441295
0.03704799393	-0.00176472256	0.02425822362
0.03704901913	-0.00174306677	0.02430326194
0.03705005745	-0.00172085524	0.02434956933
0.03705110812	-0.00169808340	0.02439718669
0.03705217026	-0.00167474737	0.02444615453
0.03705324298	-0.00165084371	0.02449651276
0.03705432529	-0.00162636933	0.02454830051
0.03705541618	-0.00160132181	0.02460155626
0.03705651456	-0.00157569944	0.02465631777
0.03705761727	-0.00154954899	0.02471253834
0.03705872376	-0.00152285685	0.02477028838
0.03705983612	-0.00149554226	0.02482976727
0.03706094589	-0.00146778385	0.02489065386
0.03706205978	-0.00143938343	0.02495341701
0.03706316804	-0.00141055824	0.02501763264
0.03706427651	-0.00138112531	0.02508376691
0.03706537822	-0.00135123565	0.02515152461
0.03706647314	-0.00132085929	0.02522104782
0.03706756071	-0.00128997795	0.02529244196
0.03706863792	-0.00125864328	0.02536564391
0.03706970299	-0.00122687403	0.02544068461
0.03707075400	-0.00119469561	0.02551758178
0.03707178929	-0.00116212685	0.02559637537
0.03707280741	-0.00112918157	0.02567711815
0.03707380627	-0.00109589632	0.02575979800
0.03707478377	-0.00106231293	0.02584440126
0.03707573853	-0.00102845142	0.02593098429
0.03707666895	-0.00099434362	0.02601956097
0.03707757338	-0.00096002725	0.02611013227
0.03707845029	-0.00092553984	0.02620270369
0.03707929828	-0.00089092034	0.02629727494
0.03708011517	-0.00085624692	0.02639372352
0.03708090118	-0.00082150342	0.02649228475
0.03708165471	-0.00078675526	0.02659283098
0.03708237419	-0.00075208006	0.02669522753
0.03708305973	-0.00071748222	0.02679966243
0.03708371052	-0.00068301859	0.02690603841
0.03708432552	-0.00064876844	0.02701419384
0.03708490537	-0.00061473052	0.02712436674
0.03708544919	-0.00058099767	0.02723624620
0.03708595756	-0.00054758749	0.02735000666
0.03708643044	-0.00051456495	0.02746547471
0.03708686832	-0.00048197300	0.02758264472
0.03708727183	-0.00044985394	0.02770149366
0.03708764153	-0.00041826495	0.02782187187
0.03708797850	-0.00038723480	0.02794386612
0.03708828353	-0.00035682558	0.02806720827
0.03708855797	-0.00032705966	0.02819207604
0.03708880288	-0.00029799522	0.02831811645
0.03708901975	-0.00026965595	0.02844552596
0.03708920995	-0.00024208459	0.02857401333
0.03708937503	-0.00021531330	0.02870360431
0.03708951658	-0.00018936786	0.02883421592
0.03708963616	-0.00016428429	0.02896562382
0.03708973545	-0.00014008702	0.02909793547
0.03708981612	-0.00011679074	0.02923093785
0.03708987981	-0.00009442209	0.02936447934
0.03708992816	-0.00007300112	0.02949860817
0.03708996280	-0.00005253312	0.02963314247
0.03708998529	-0.00003303043	0.02976798243
0.03708999716	-0.00001450277	0.02990299696
0.03708999988	0.00000304026	0.03003814909
0.03708999482	0.00001960162	0.03017331457
0.03708998331	0.00003518326	0.03030838461
0.03708996658	0.00004978785	0.03044326013
0.03708994577	0.00006342248	0.03057784311
0.03708992194	0.00007609645	0.03071203691
0.03708989603	0.00008782179	0.03084574650
0.03708986891	0.00009861269	0.03097883779
0.03708984137	0.00010847703	0.03111128740
0.03708981407	0.00011744093	0.03124298422
0.03708978758	0.00012552720	0.03137382132
0.03708976240	0.00013275828	0.03150367994
0.03708973901	0.00013914215	0.03163259152
0.03708971762	0.00014472928	0.03176032564
0.03708969863	0.00014951674	0.03188696940
0.03708968210	0.00015356298	0.03201228292
0.03708966828	0.00015686506	0.03213634542
0.03708965716	0.00015947254	0.03225902352
0.03708964876	0.00016141563	0.03238022995
0.03708964309	0.00016271249	0.03249995120
0.03708964008	0.00016339677	0.03261813191
0.03708963962	0.00016350285	0.03273470898
0.03708964156	0.00016306029	0.03284963826
0.03708964578	0.00016209910	0.03296287937
0.03708965208	0.00016064965	0.03307439564
0.03708966029	0.00015874488	0.03318413010
0.03708967022	0.00015640626	0.03329207673
0.03708968169	0.00015366282	0.03339822406
0.03708969444	0.00015055273	0.03350251358
0.03708970829	0.00014710157	0.03360491646
0.03708972309	0.00014332225	0.03370547894
0.03708973854	0.00013926560	0.03380409277
0.03708975457	0.00013492943	0.03390083976
0.03708977092	0.00013035712	0.03399566585
0.03708978742	0.00012557430	0.03408853571
0.03708980399	0.00012058338	0.03417951948
0.03708982040	0.00011542278	0.03426857571
0.03708983655	0.00011011136	0.03435570905
0.03708985231	0.00010466742	0.03444092655
0.03708986759	0.00009910859	0.03452423747
0.03708988227	0.00009345218	0.03460565326
0.03708989628	0.00008771495	0.03468518737
0.03708990955	0.00008191310	0.03476285518
0.03708992201	0.00007606198	0.03483867379
0.03708993361	0.00007017670	0.03491266202
0.03708994430	0.00006427756	0.03498480213
0.03708995409	0.00005835813	0.03505517212
0.03708996293	0.00005243899	0.03512378700
0.03708997079	0.00004654857	0.03519059335
0.03708997771	0.00004065943	0.03525573713
0.03708998366	0.00003481934	0.03531912617
0.03708998866	0.00002900283	0.03538089463
0.03708999271	0.00002325432	0.03544094629
0.03708999585	0.00001753913	0.03549943678
0.03708999809	0.00001189437	0.03555631766
0.03708999946	0.00000632289	0.03561160450
0.03708999999	0.00000081027	0.03566539113
0.03708999971	-0.00000462196	0.03571766823
0.03708999866	-0.00000997105	0.03576846611
0.03708999687	-0.00001523271	0.03581780483
0.03708999438	-0.00002040997	0.03586572968
0.03708999123	-0.00002550080	0.03591227852
0.03708998746	-0.00003049832	0.03595747104
0.03708998311	-0.00003540085	0.03600133802
0.03708997821	-0.00004020714	0.03604391012
0.03708997280	-0.00004491584	0.03608521793
0.03708996693	-0.00004952604	0.03612529184
0.03708996064	-0.00005403392	0.03616414645
0.03708995395	-0.00005844587	0.03620182926
0.03708994690	-0.00006276158	0.03623837504
0.03708993953	-0.00006697736	0.03627380599
0.03708993187	-0.00007109287	0.03630815120
0.03708992396	-0.00007510418	0.03634141974
0.03708991583	-0.00007901596	0.03637364152
0.03708990749	-0.00008284114	0.03640489250
0.03708989898	-0.00008656685	0.03643517009
0.03708989031	-0.00009020604	0.03646456788
0.03708988533	-0.00009222848	0.03647941076
0.03708988432	-0.00009263428	0.03649438529
0.03708988734	-0.00009141867	0.03650931592
0.03708989419	-0.00008859591	0.03652402759
0.03708990443	-0.00008419909	0.03653834782
0.03708991739	-0.00007827976	0.03655210873
0.03708993222	-0.00007090731	0.03656514898
0.03708994790	-0.00006216817	0.03657731568
0.03708996332	-0.00005216482	0.03658846619
0.03708997732	-0.00004101451	0.03659846978
0.03708998878	-0.00002884799	0.03660720917
0.03708999663	-0.00001580790	0.03661458190
0.03708999994	-0.00000204711	0.03662050152
0.03708999797	0.00001227304	0.03662489864
0.03708999018	0.00002698465	0.03662772170
0.03755430045	-0.00204612269	0.02265300052
0.03755129751	-0.00210051319	0.02272421327
0.03755018249	-0.00212035250	0.02275703762
0.03754939244	-0.00213429789	0.02278399695
0.03754875839	-0.00214542385	0.02280778549
0.03754823818	-0.00215450916	0.02282983669
0.03754779942	-0.00216214222	0.02285068841
0.03754741168	-0.00216886524	0.02287048029
0.03754708937	-0.00217443786	0.02288986696
0.03754680568	-0.00217933098	0.02290868145
0.03754655415	-0.00218366003	0.02292703068
0.03754634869	-0.00218718998	0.02294530032
0.03754617489	-0.00219017151	0.02296336337
0.03754602207	-0.00219278971	0.02298114093
0.03754590203	-0.00219484412	0.02299891088
0.03754581302	-0.00219636627	0.02301670235
0.03754574973	-0.00219744784	0.02303447723
0.03754571150	-0.00219810099	0.02305226893
0.03754569783	-0.00219833449	0.02307010823
0.03754570840	-0.00219815392	0.02308802353
0.03754574225	-0.00219757560	0.02310602840
0.03754580098	-0.00219657197	0.02312417737
0.03754588526	-0.00219513092	0.02314250528
0.03754599118	-0.00219331855	0.02316096576
0.03754612179	-0.00219108167	0.02317963448
0.03754627709	-0.00218841873	0.02319853039
0.03754645703	-0.00218532932	0.02321767125
0.03754666189	-0.00218180673	0.02323707926
0.03754689195	-0.00217784415	0.02325677730
0.03754714532	-0.00217347148	0.02327674867
0.03754741423	-0.00216882105	0.02329686964
0.03754771952	-0.00216352921	0.02331755157
0.03754805010	-0.00215778440	0.02333859609
0.03754839041	-0.00215185452	0.02335972804
0.03754877351	-0.00214515913	0.02338161186
0.03754916781	-0.00213824619	0.02340364219
0.03754959764	-0.00213068459	0.02342632925
0.03755004157	-0.00212284676	0.02344926092
0.03755052302	-0.00211431341	0.02347294142
0.03755101497	-0.00210555807	0.02349683384
0.03755154139	-0.00209614871	0.02352147268
0.03755209300	-0.00208624333	0.02354668176
0.03755266522	-0.00207591786	0.02357239160
0.03755325961	-0.00206513737	0.02359867015
0.03755388268	-0.00205377597	0.02362569391
0.03755452919	-0.00204192001	0.02365337429
0.03755519914	-0.00202956088	0.02368174608
0.03755589249	-0.00201669013	0.02371084453
0.03755660915	-0.00200329957	0.02374070542
0.03755734902	-0.00198938050	0.02377136430
0.03755811195	-0.00197492456	0.02380285725
0.03755889206	-0.00196003244	0.02383507879
0.03755969760	-0.00194453491	0.02386828920
0.03756052655	-0.00192845663	0.02390247474
0.03756137231	-0.00191191278	0.02393750352
0.03756223823	-0.00189482432	0.02397351918
0.03756312698	-0.00187712317	0.02401064793
0.03756402936	-0.00185897782	0.02404866929
0.03756495394	-0.00184019977	0.02408789876
0.03756589590	-0.00182086940	0.02412823810
0.03756684984	-0.00180108101	0.02416957604
0.03756782441	-0.00178063719	0.02421225615
0.03756881331	-0.00175964961	0.02425612277
0.03756981584	-0.00173811327	0.02430121786
0.03757083129	-0.00171602327	0.02434758276
0.03757185890	-0.00169337508	0.02439525830
0.03757289780	-0.00167016483	0.02444428493
0.03757394713	-0.00164638912	0.02449470246
0.03757500593	-0.00162204485	0.02454654995
0.03757607320	-0.00159712964	0.02459986581
0.03757714787	-0.00157164175	0.02465468772
0.03757822688	-0.00154562759	0.02471096907
0.03757930967	-0.00151907367	0.02476878013
0.03758039828	-0.00149189990	0.02482831975
0.03758148446	-0.00146428341	0.02488926762
0.03758257474	-0.00143602771	0.02495209135
0.03758365963	-0.00140734822	0.02501636799
0.03758474479	-0.00137806356	0.02508256241
0.03758582344	-0.00134832347	0.02515038022
0.03758689555	-0.00131809832	0.02521996304
0.03758796055	-0.00128737003	0.02529141598
0.03758901551	-0.00125618985	0.02536467607
0.03759005869	-0.00122457646	0.02543977413
0.03759108820	-0.00119255516	0.02551672777
0.03759210242	-0.00116014471	0.02559557677
0.03759309992	-0.00112735894	0.02567637367
0.03759407868	-0.00109423419	0.02575910635
0.03759503661	-0.00106081207	0.02584376112
0.03759597239	-0.00102711260	0.02593039406
0.03759688442	-0.00099316748	0.02601901894
0.03759777110	-0.00095901427	0.02610963665
0.03759863093	-0.00092469035	0.02620225256
0.03759946253	-0.00089023454	0.02629686629
0.03760026377	-0.00085572449	0.02639335562
0.03760103485	-0.00082114450	0.02649195496
0.03760177421	-0.00078655954	0.02659253698
0.03760248031	-0.00075204676	0.02669496732
0.03760315325	-0.00071761087	0.02679943320
0.03760379222	-0.00068330838	0.02690583756
0.03760439623	-0.00064921806	0.02701401917
0.03760496587	-0.00061533905	0.02712421504
0.03760550028	-0.00058176346	0.02723611520
0.03760600002	-0.00054850913	0.02734989325
0.03760646507	-0.00051564060	0.02746537626
0.03760689587	-0.00048320072	0.02758255838
0.03760729304	-0.00045123168	0.02770141646
0.03760765715	-0.00041979032	0.02782180121
0.03760798921	-0.00038890550	0.02794379882
0.03760829002	-0.00035863884	0.02806714191
0.03760856087	-0.00032901288	0.02819200733
0.03760880281	-0.00030008534	0.02831804315
0.03760901729	-0.00027188006	0.02844544485
0.03760920565	-0.00024443943	0.02857392205
0.03760936938	-0.00021779560	0.02870350012
0.03760951005	-0.00019197427	0.02883409614
0.03760962918	-0.00016701121	0.02896548634
0.03760972841	-0.00014293091	0.02909777750
0.03760980936	-0.00011974794	0.02923075715
0.03760987365	-0.00009748879	0.02936427396
0.03760992286	-0.00007617355	0.02949837570
0.03760995860	-0.00005580743	0.02963288091
0.03760998238	-0.00003640274	0.02976768989
0.03760999571	-0.00001796914	0.02990267178
0.03761000000	-0.00000051623	0.03003778944
0.03760999661	0.00001595893	0.03017291885
0.03760998684	0.00003145831	0.03030795135
0.03760997189	0.00004598454	0.03044278799
0.03760995286	0.00005954470	0.03057733083
0.03760993080	0.00007214805	0.03071148334
0.03760990663	0.00008380656	0.03084515063
0.03760988119	0.00009453441	0.03097819883
0.03760985527	0.00010433940	0.03111060443
0.03760982950	0.00011324757	0.03124225650
0.03760980445	0.00012128164	0.03137304829
0.03760978060	0.00012846400	0.03150286126
0.03760975842	0.00013480255	0.03163172654
0.03760973813	0.00014034763	0.03175941435
0.03760972011	0.00014509628	0.03188601128
0.03760970443	0.00014910675	0.03201127817
0.03760969132	0.00015237611	0.03213529376
0.03760968079	0.00015495374	0.03225792502
0.03760967285	0.00015686976	0.03237908483
0.03760966752	0.00015814224	0.03249875960
0.03760966473	0.00015880471	0.03261689404
0.03760966436	0.00015889144	0.03273342514
0.03760966630	0.00015843187	0.03284830883
0.03760967040	0.00015745590	0.03296150475
0.03760967649	0.00015599381	0.03307297628
0.03760968439	0.00015407840	0.03318266659
0.03760969393	0.00015173107	0.03329056958
0.03760970493	0.00014898075	0.03339667378
0.03760971714	0.00014586545	0.03350092081
0.03760973038	0.00014241069	0.03360328195
0.03760974451	0.00013862931	0.03370380318
0.03760975924	0.00013457195	0.03380237666
0.03760977451	0.00013023644	0.03389908384
0.03760979006	0.00012566599	0.03399387089
0.03760980572	0.00012088615	0.03408670257
0.03760982142	0.00011589931	0.03417764879
0.03760983696	0.00011074374	0.03426666825
0.03760985220	0.00010543825	0.03435376562
0.03760986705	0.00010000105	0.03443894792
0.03760988140	0.00009444971	0.03452222443
0.03760989516	0.00008880148	0.03460360659
0.03760990825	0.00008307305	0.03468310786
0.03760992060	0.00007728055	0.03476074359
0.03760993215	0.00007143929	0.03483653088
0.03760994285	0.00006556429	0.03491048854
0.03760995266	0.00005967580	0.03498259896
0.03760996157	0.00005376739	0.03505293993
0.03760996955	0.00004785958	0.03512152646
0.03760997657	0.00004198066	0.03518830543
0.03760998267	0.00003610333	0.03525342232
0.03760998781	0.00003027513	0.03531678537
0.03760999204	0.00002447072	0.03537852837
0.03760999533	0.00001873432	0.03543855551
0.03760999774	0.00001303140	0.03549702195
0.03760999927	0.00000739891	0.03555387951
0.03760999996	0.00000183968	0.03560914382
0.03760999982	-0.00000366066	0.03566290842
0.03760999890	-0.00000908064	0.03571516416
0.03760999724	-0.00001441756	0.03576594130
0.03760999486	-0.00001966713	0.03581525994
0.03760999180	-0.00002483240	0.03586316530
0.03760998811	-0.00002991131	0.03590969520
0.03760998381	-0.00003489705	0.03595486936
0.03760997895	-0.00003978793	0.03599871853
0.03760997358	-0.00004458272	0.03604127336
0.03760996771	-0.00004928009	0.03608256443
0.03760996141	-0.00005387911	0.03612262212
0.03760995470	-0.00005837601	0.03616146104
0.03760994761	-0.00006277714	0.03619912866
0.03760994018	-0.00006708221	0.03623565968
0.03760993244	-0.00007128754	0.03627107633
0.03760992443	-0.00007539280	0.03630540767
0.03760991620	-0.00007939408	0.03633866284
0.03760990776	-0.00008329605	0.03637087172
0.03760989912	-0.00008711157	0.03640211009
0.03760989033	-0.00009082784	0.03643237546
0.03760988138	-0.00009445774	0.03646176115
0.03760987626	-0.00009647675	0.03647660449
0.03760987523	-0.00009687908	0.03649157910
0.03760987835	-0.00009566002	0.03650650944
0.03760988543	-0.00009283385	0.03652122045
0.03760989603	-0.00008843372	0.03653553966
0.03760990949	-0.00008251120	0.03654929919
0.03760992495	-0.00007513574	0.03656233772
0.03760994140	-0.00006639380	0.03657450239
0.03760995773	-0.00005638787	0.03658565058
0.03760997280	-0.00004523526	0.03659565158
0.03760998546	-0.00003306672	0.03660438815
0.03760999467	-0.00002002493	0.03661175786
0.03760999948	-0.00000626278	0.03661767429
0.03760999914	0.00000805838	0.03662206809
0.03760999311	0.00002277064	0.03662488775
0.03807561245	-0.00203583803	0.02265016956
0.03807265071	-0.00209049469	0.02272117956
0.03807154938	-0.00211045681	0.02275392936
0.03807076810	-0.00212450372	0.02278083526
0.03807014061	-0.00213571863	0.02280458149
0.03806962518	-0.00214488660	0.02282659760
0.03806918994	-0.00215259784	0.02284741951
0.03806880503	-0.00215939420	0.02286718572
0.03806848440	-0.00216503936	0.02288655008
0.03806820182	-0.00217000236	0.02290534519
0.03806795095	-0.00217439895	0.02292367758
0.03806774528	-0.00217799663	0.02294193262
0.03806757076	-0.00218104489	0.02295998318
0.03806741694	-0.00218372797	0.02297775022
0.03806729530	-0.00218584727	0.02299551144
0.03806720414	-0.00218743440	0.02301329589
0.03806713825	-0.00218858061	0.02303106542
0.03806709699	-0.00218929818	0.02304885339
0.03806707986	-0.00218959600	0.02306669053
0.03806708655	-0.00218947974	0.02308460520
0.03806711611	-0.00218896571	0.02310261096
0.03806717010	-0.00218802665	0.02312076230
0.03806724917	-0.00218665062	0.02313909403
0.03806734949	-0.00218490330	0.02315755981
0.03806747406	-0.00218273195	0.02317623528
0.03806762287	-0.00218013507	0.02319513938
0.03806779587	-0.00217711230	0.02321428987
0.03806799332	-0.00217365698	0.02323370896
0.03806821550	-0.00216976242	0.02325341951
0.03806846057	-0.00216545829	0.02327340486
0.03806872095	-0.00216087597	0.02329354137
0.03806901698	-0.00215565455	0.02331424012
0.03806933781	-0.00214998105	0.02333530291
0.03806966829	-0.00214412141	0.02335645483
0.03807004066	-0.00213749953	0.02337835975
0.03807042410	-0.00213065929	0.02340041291
0.03807084235	-0.00212317282	0.02342312403
0.03807127449	-0.00211540976	0.02344608144
0.03807174339	-0.00210695399	0.02346978885
0.03807222268	-0.00209827549	0.02349370997
0.03807273574	-0.00208894552	0.02351837869
0.03807327352	-0.00207912089	0.02354361908
0.03807383154	-0.00206887694	0.02356936177
0.03807441134	-0.00205817908	0.02359567465
0.03807501925	-0.00204690237	0.02362273398
0.03807565017	-0.00203513252	0.02365045135
0.03807630409	-0.00202286100	0.02367886151
0.03807698098	-0.00201007944	0.02370799969
0.03807768074	-0.00199677974	0.02373790162
0.03807840328	-0.00198295329	0.02376860286
0.03807914844	-0.00196859181	0.02380013942
0.03807991051	-0.00195379522	0.02383240603
0.03808069750	-0.00193839566	0.02386566256
0.03808150746	-0.00192241756	0.02389989531
0.03808233394	-0.00190597525	0.02393497266
0.03808318022	-0.00188899031	0.02397103801
0.03808404889	-0.00187139522	0.02400821735
0.03808493098	-0.00185335711	0.02404629067
0.03808583485	-0.00183468904	0.02408557284
0.03808675578	-0.00181547071	0.02412596588
0.03808768853	-0.00179579567	0.02416735876
0.03808864152	-0.00177546814	0.02421009432
0.03808960859	-0.00175459884	0.02425401730
0.03809058909	-0.00173318281	0.02429916958
0.03809158231	-0.00171121520	0.02434559242
0.03809258748	-0.00168869150	0.02439332657
0.03809360380	-0.00166560788	0.02444241242
0.03809463039	-0.00164196095	0.02449288969
0.03809566632	-0.00161774763	0.02454479736
0.03809671063	-0.00159296553	0.02459817376
0.03809776227	-0.00156761294	0.02465305648
0.03809881823	-0.00154173586	0.02470939907
0.03809987799	-0.00151532093	0.02476727158
0.03810094351	-0.00148828873	0.02482687235
0.03810200677	-0.00146081488	0.02488788194
0.03810307412	-0.00143270463	0.02495076666
0.03810413629	-0.00140417151	0.02501510474
0.03810519881	-0.00137503580	0.02508135971
0.03810625507	-0.00134544591	0.02514923802
0.03810730501	-0.00131537256	0.02521888085
0.03810834809	-0.00128479788	0.02529039297
0.03810938144	-0.00125377272	0.02536371157
0.03811040336	-0.00122231568	0.02543886734
0.03811141199	-0.00119045194	0.02551587779
0.03811240575	-0.00115820021	0.02559478253
0.03811338325	-0.00112557431	0.02567563387
0.03811434248	-0.00109261037	0.02575841967
0.03811528142	-0.00105934978	0.02584312622
0.03811619877	-0.00102581254	0.02592980933
0.03811709296	-0.00099203023	0.02601848266
0.03811796242	-0.00095804027	0.02610914699
0.03811880567	-0.00092387986	0.02620180759
0.03811962137	-0.00088958767	0.02629646396
0.03812040744	-0.00085524087	0.02639299420
0.03812116404	-0.00082082419	0.02649163178
0.03812188966	-0.00078640217	0.02659224969
0.03812258279	-0.00075205148	0.02669471390
0.03812324351	-0.00071777710	0.02679921082
0.03812387104	-0.00068363524	0.02690564360
0.03812446438	-0.00064970417	0.02701385140
0.03812502412	-0.00061598339	0.02712407022
0.03812554942	-0.00058256431	0.02723599104
0.03812604082	-0.00054946497	0.02734978663
0.03812649826	-0.00051674951	0.02746528450
0.03812692222	-0.00048446067	0.02758247863
0.03812731326	-0.00045264051	0.02770134574
0.03812767194	-0.00042134557	0.02782173686
0.03812799926	-0.00039060475	0.02794373767
0.03812829598	-0.00036047924	0.02806708153
0.03812856337	-0.00033099175	0.02819194439
0.03812880244	-0.00030219950	0.02831797542
0.03812901460	-0.00027412651	0.02844536909
0.03812920118	-0.00024681483	0.02857383586
0.03812936361	-0.00022029659	0.02870340077
0.03812950343	-0.00019459738	0.02883398093
0.03812962213	-0.00016975276	0.02896535316
0.03812972130	-0.00014578729	0.02909762355
0.03812980253	-0.00012271538	0.02923058019
0.03812986739	-0.00010056340	0.02936407203
0.03812991743	-0.00007935148	0.02949814639
0.03812995422	-0.00005908475	0.02963262222
0.03812997925	-0.00003977548	0.02976739994
0.03812999398	-0.00002143330	0.02990234888
0.03812999978	-0.00000406780	0.03003743180
0.03812999801	0.00001232395	0.03017252485
0.03812998991	0.00002774392	0.03030751954
0.03812997665	0.00004219470	0.03044231701
0.03812995934	0.00005568336	0.03057681945
0.03812993897	0.00006821911	0.03071093043
0.03812991647	0.00007981388	0.03084455516
0.03812989264	0.00009048179	0.03097756005
0.03812986826	0.00010023059	0.03110992141
0.03812984396	0.00010908623	0.03124152851
0.03812982028	0.00011707134	0.03137227479
0.03812979770	0.00012420825	0.03150204193
0.03812977666	0.00013050478	0.03163086072
0.03812975742	0.00013601112	0.03175850207
0.03812974032	0.00014072427	0.03188505201
0.03812972543	0.00014470233	0.03201027214
0.03812971299	0.00014794233	0.03213424070
0.03812970301	0.00015049348	0.03225682500
0.03812969550	0.00015238578	0.03237793811
0.03812969047	0.00015363724	0.03249756631
0.03812968787	0.00015428127	0.03261565440
0.03812968759	0.00015435199	0.03273213949
0.03812968950	0.00015387875	0.03284697754
0.03812969347	0.00015289133	0.03296012825
0.03812969934	0.00015141989	0.03307155502
0.03812970693	0.00014949712	0.03318120116
0.03812971608	0.00014714434	0.03328906052
0.03812972661	0.00014439037	0.03339512160
0.03812973829	0.00014127307	0.03349932619
0.03812975093	0.00013781787	0.03360164561
0.03812976441	0.00013403757	0.03370212564
0.03812977845	0.00012998260	0.03380065882
0.03812979297	0.00012565082	0.03389732626
0.03812980774	0.00012108526	0.03399207433
0.03812982260	0.00011631138	0.03408486792
0.03812983747	0.00011133156	0.03417577667
0.03812985215	0.00010618392	0.03426475946
0.03812986653	0.00010088720	0.03435182094
0.03812988051	0.00009545955	0.03443696815
0.03812989398	0.00008991846	0.03452021037
0.03812990685	0.00008428112	0.03460155901
0.03812991906	0.00007856414	0.03468102754
0.03812993053	0.00007278362	0.03475863130
0.03812994122	0.00006695476	0.03483438739
0.03812995106	0.00006109256	0.03490831461
0.03812996002	0.00005521717	0.03498039547
0.03812996810	0.00004932220	0.03505070755
0.03812997527	0.00004342808	0.03511926587
0.03812998150	0.00003756297	0.03518601758
0.03812998682	0.00003169970	0.03525110770
0.03812999121	0.00002588560	0.03531444492
0.03812999470	0.00002009544	0.03537616257
0.03812999729	0.00001437325	0.03543616534
0.03812999901	0.00000868465	0.03549460786
0.03812999988	0.00000306643	0.03555144224
0.03812999992	-0.00000247859	0.03560668414
0.03812999917	-0.00000796473	0.03566042685
0.03812999766	-0.00001337061	0.03571266134
0.03812999542	-0.00001869355	0.03576341788
0.03812999249	-0.00002392927	0.03581271657
0.03812998891	-0.00002908082	0.03586060257
0.03812998471	-0.00003414615	0.03590711366
0.03812997993	-0.00003911848	0.03595226957
0.03812997462	-0.00004399613	0.03599610105
0.03812996880	-0.00004877788	0.03603863874
0.03812996252	-0.00005346241	0.03607991318
0.03812995581	-0.00005804880	0.03611995475
0.03812994872	-0.00006253331	0.03615877812
0.03812994127	-0.00006692226	0.03619643065
0.03812993350	-0.00007121534	0.03623294702
0.03812992543	-0.00007540893	0.03626834947
0.03812991712	-0.00007950268	0.03630266705
0.03812990859	-0.00008349272	0.03633590895
0.03812989987	-0.00008738369	0.03636810504
0.03812989096	-0.00009118839	0.03639933090
0.03812988192	-0.00009489410	0.03642958414
0.03812987274	-0.00009851363	0.03645895782
0.03812986748	-0.00010052865	0.03647380168
0.03812986643	-0.00010092697	0.03648877640
0.03812986964	-0.00009970390	0.03650370640
0.03812987694	-0.00009687379	0.03651841664
0.03812988787	-0.00009246982	0.03653273465
0.03812990179	-0.00008654361	0.03654649259
0.03812991782	-0.00007916466	0.03655952913
0.03812993497	-0.00007041946	0.03657169145
0.03812995214	-0.00006041054	0.03658283694
0.03812996819	-0.00004925526	0.03659283495
0.03812998197	-0.00003708439	0.03660156824
0.03812999242	-0.00002404063	0.03660893444
0.03812999862	-0.00001027690	0.03661484718
0.03812999979	0.00000404543	0.03661923714
0.03812999539	0.00001875843	0.03662205284
0.03859688718	-0.00202553695	0.02264734078
0.03859396560	-0.00208046132	0.02271814517
0.03859287761	-0.00210054704	0.02275081928
0.03859210489	-0.00211469615	0.02277767090
0.03859148379	-0.00212600061	0.02280137412
0.03859097303	-0.00213525183	0.02282335452
0.03859054122	-0.00214304181	0.02284414608
0.03859015909	-0.00214991204	0.02286388614
0.03858984009	-0.00215563028	0.02288322774
0.03858955859	-0.00216066368	0.02290200306
0.03858930836	-0.00216512832	0.02292031824
0.03858910250	-0.00216879425	0.02293855833
0.03858892727	-0.00217190975	0.02295659607
0.03858877248	-0.00217465821	0.02297435229
0.03858864930	-0.00217684291	0.02299210450
0.03858855604	-0.00217849554	0.02300988168
0.03858848763	-0.00217970691	0.02302764562
0.03858844342	-0.00218048942	0.02304542964
0.03858842293	-0.00218085207	0.02306326442
0.03858842584	-0.00218080063	0.02308117828
0.03858845122	-0.00218035141	0.02309918476
0.03858850059	-0.00217947746	0.02311733831
0.03858857459	-0.00217816698	0.02313567372
0.03858866948	-0.00217648526	0.02315414469
0.03858878816	-0.00217437997	0.02317282680
0.03858893065	-0.00217184971	0.02319173900
0.03858909688	-0.00216889412	0.02321089904
0.03858928713	-0.00216550666	0.02323032915
0.03858950164	-0.00216168068	0.02325005217
0.03858973864	-0.00215744567	0.02327005147
0.03858999072	-0.00215293203	0.02329020352
0.03859027771	-0.00214778163	0.02331091908
0.03859058907	-0.00214218004	0.02333200015
0.03859090997	-0.00213639122	0.02335317208
0.03859127190	-0.00212984349	0.02337509813
0.03859164477	-0.00212307654	0.02339717417
0.03859205175	-0.00211566583	0.02341990942
0.03859247243	-0.00210797816	0.02344289266
0.03859292911	-0.00209960064	0.02346662707
0.03859339608	-0.00209099961	0.02349057700
0.03859389613	-0.00208174969	0.02351527573
0.03859442044	-0.00207200647	0.02354054757
0.03859496465	-0.00206184473	0.02356632327
0.03859553024	-0.00205123016	0.02359267063
0.03859612340	-0.00204003884	0.02361976572
0.03859673915	-0.00202835578	0.02364752026
0.03859737748	-0.00201617257	0.02367596899
0.03859803835	-0.00200348091	0.02370514711
0.03859872167	-0.00199027280	0.02373509033
0.03859942734	-0.00197653970	0.02376583415
0.03860015522	-0.00196227340	0.02379741457
0.03860089972	-0.00194757307	0.02382972651
0.03860166867	-0.00193227221	0.02386302941
0.03860246015	-0.00191639505	0.02389730965
0.03860326788	-0.00190005502	0.02393243586
0.03860409505	-0.00188317435	0.02396855120
0.03860494418	-0.00186568607	0.02400578142
0.03860580653	-0.00184775597	0.02404390701
0.03860669025	-0.00182919864	0.02408324221
0.03860759074	-0.00181009311	0.02412368926
0.03860850288	-0.00179053219	0.02416513741
0.03860943487	-0.00177032170	0.02420792877
0.03861038073	-0.00174957143	0.02425190844
0.03861133979	-0.00172827647	0.02429711826
0.03861231138	-0.00170643199	0.02434359938
0.03861329475	-0.00168403352	0.02439139251
0.03861428910	-0.00166107727	0.02444053793
0.03861529357	-0.00163755984	0.02449107530
0.03861630728	-0.00161347819	0.02454304351
0.03861732926	-0.00158882991	0.02459648081
0.03861835850	-0.00156361331	0.02465142472
0.03861939207	-0.00153787398	0.02470782890
0.03862042943	-0.00151159870	0.02476576322
0.03862147253	-0.00148470873	0.02482542549
0.03862251350	-0.00145737814	0.02488649717
0.03862355856	-0.00142941394	0.02494944322
0.03862459865	-0.00140102776	0.02501384310
0.03862563918	-0.00137204154	0.02508015896
0.03862667367	-0.00134260236	0.02514809810
0.03862770208	-0.00131268131	0.02521780127
0.03862872387	-0.00128226069	0.02528937289
0.03862973622	-0.00125139098	0.02536275031
0.03863073749	-0.00122009067	0.02543796409
0.03863172584	-0.00118838483	0.02551503163
0.03863269973	-0.00115629212	0.02559399238
0.03863365779	-0.00112382634	0.02567489842
0.03863459807	-0.00109102341	0.02575773759
0.03863551858	-0.00105792449	0.02584249614
0.03863641803	-0.00102454959	0.02592922965
0.03863729490	-0.00099093015	0.02601795162
0.03863814764	-0.00095710340	0.02610866274
0.03863897481	-0.00092310644	0.02620136819
0.03863977508	-0.00088897774	0.02629606735
0.03864054641	-0.00085479399	0.02639263863
0.03864128897	-0.00082054035	0.02649131454
0.03864200127	-0.00078628092	0.02659196842
0.03864268181	-0.00075209190	0.02669446657
0.03864333069	-0.00071797855	0.02679899458
0.03864394711	-0.00068399675	0.02690545579
0.03864453012	-0.00065022428	0.02701368979
0.03864508027	-0.00061666102	0.02712393155
0.03864559674	-0.00058339764	0.02723587298
0.03864608004	-0.00055045240	0.02734968606
0.03864653013	-0.00051788903	0.02746519872
0.03864694744	-0.00048575017	0.02758240477
0.03864733255	-0.00045407776	0.02770128079
0.03864768598	-0.00042292801	0.02782167818
0.03864800871	-0.00039232987	0.02794368202
0.03864830147	-0.00036234409	0.02806702650
0.03864856550	-0.00033299358	0.02819188664
0.03864880180	-0.00030433503	0.02831791269
0.03864901172	-0.00027639266	0.02844529813
0.03864919657	-0.00024920817	0.02857375429
0.03864935774	-0.00022281367	0.02870330582
0.03864949674	-0.00019723467	0.02883386990
0.03864961502	-0.00017250648	0.02896522394
0.03864971413	-0.00014865373	0.02909747334
0.03864979562	-0.00012569072	0.02923040672
0.03864986103	-0.00010364366	0.02936387337
0.03864991188	-0.00008253273	0.02949792010
0.03864994969	-0.00006236298	0.02963236632
0.03864997592	-0.00004314667	0.02976711253
0.03864999198	-0.00002489337	0.02990202830
0.03864999925	-0.00000761267	0.03003707625
0.03864999902	0.00000869834	0.03017213273
0.03864999252	0.00002404162	0.03030708938
0.03864998090	0.00003841974	0.03044184748
0.03864996523	0.00005183973	0.03057630931
0.03864994650	0.00006431077	0.03071037857
0.03864992558	0.00007584472	0.03084396055
0.03864990330	0.00008645565	0.03097692195
0.03864988040	0.00009615128	0.03110923891
0.03864985749	0.00010495743	0.03124080089
0.03864983511	0.00011289665	0.03137150151
0.03864981374	0.00011999120	0.03150122270
0.03864979381	0.00012624882	0.03162999488
0.03864977555	0.00013171956	0.03175758966
0.03864975931	0.00013640039	0.03188409253
0.03864974518	0.00014034919	0.03200926582
0.03864973337	0.00014356300	0.03213318728
0.03864972390	0.00014609084	0.03225572457
0.03864971678	0.00014796260	0.03237679092
0.03864971204	0.00014919621	0.03249637254
0.03864970960	0.00014982496	0.03261441426
0.03864970938	0.00014988284	0.03273085333
0.03864971125	0.00014939906	0.03284564574
0.03864971509	0.00014840332	0.03295875125
0.03864972073	0.00014692565	0.03307013329
0.03864972801	0.00014499861	0.03317973531
0.03864973678	0.00014264344	0.03328755109
0.03864974684	0.00013988886	0.03339356910
0.03864975800	0.00013677258	0.03349773130
0.03864977006	0.00013331991	0.03360000908
0.03864978290	0.00012954363	0.03370044799
0.03864979626	0.00012549397	0.03379894096
0.03864981007	0.00012116879	0.03389556877
0.03864982409	0.00011661096	0.03399027796
0.03864983817	0.00011184584	0.03408303356
0.03864985223	0.00010687580	0.03417390496
0.03864986610	0.00010173882	0.03426285118
0.03864987965	0.00009645354	0.03434987691
0.03864989278	0.00009103807	0.03443498916
0.03864990541	0.00008550981	0.03451819720
0.03864991744	0.00007988589	0.03459951246
0.03864992881	0.00007418287	0.03467894839
0.03864993945	0.00006841675	0.03475652034
0.03864994930	0.00006260271	0.03483224537
0.03864995833	0.00005675566	0.03490614228
0.03864996649	0.00005089568	0.03497819373
0.03864997378	0.00004501640	0.03504847706
0.03864998018	0.00003913816	0.03511700731
0.03864998566	0.00003328902	0.03518373192
0.03864999026	0.00002744193	0.03524879543
0.03864999394	0.00002164399	0.03531210695
0.03864999674	0.00001587010	0.03537379941
0.03864999866	0.00001016409	0.03543377795
0.03864999974	0.00000449174	0.03549219669
0.03864999998	-0.00000111034	0.03554900803
0.03864999943	-0.00000663934	0.03560422766
0.03864999810	-0.00001210949	0.03565794863
0.03864999604	-0.00001749953	0.03571016202
0.03864999327	-0.00002280679	0.03576089809
0.03864998984	-0.00002802702	0.03581017696
0.03864998577	-0.00003316324	0.03585804374
0.03864998111	-0.00003821343	0.03590453615
0.03864997589	-0.00004317083	0.03594967394
0.03864997015	-0.00004803377	0.03599348787
0.03864996393	-0.00005280104	0.03603600853
0.03864995727	-0.00005747134	0.03607726648
0.03864995020	-0.00006204374	0.03611729206
0.03864994277	-0.00006651453	0.03615609999
0.03864993499	-0.00007089001	0.03619373754
0.03864992690	-0.00007516987	0.03623023938
0.03864991854	-0.00007935050	0.03626562775
0.03864990995	-0.00008343156	0.03629993167
0.03864990116	-0.00008740921	0.03633316041
0.03864989219	-0.00009128808	0.03636534382
0.03864988305	-0.00009508090	0.03639655728
0.03864987378	-0.00009877500	0.03642679848
0.03864986439	-0.00010238315	0.03645616023
0.03864985902	-0.00010439367	0.03647100470
0.03864985795	-0.00010478745	0.03648597952
0.03864986126	-0.00010355986	0.03650090914
0.03864986875	-0.00010072530	0.03651561851
0.03864987999	-0.00009631699	0.03652993518
0.03864989431	-0.00009038662	0.03654369131
0.03864991087	-0.00008300373	0.03655672561
0.03864992867	-0.00007425485	0.03656888526
0.03864994661	-0.00006424257	0.03658002772
0.03864996355	-0.00005308426	0.03659002234
0.03864997835	-0.00004091076	0.03659875194
0.03864998996	-0.00002786477	0.03660611418
0.03864999743	-0.00001409927	0.03661202274
0.03865000000	0.00000022438	0.03661640836
0.03864999711	0.00001493823	0.03661921961
0.03911812579	-0.00201522566	0.02264451657
0.03911524339	-0.00207041901	0.02271511267
0.03911416841	-0.00209062896	0.02274771005
0.03911340405	-0.00210488085	0.02277450656
0.03911278919	-0.00211627536	0.02279816611
0.03911228299	-0.00212561033	0.02282011022
0.03911185453	-0.00213347953	0.02284087091
0.03911147510	-0.00214042407	0.02286058437
0.03911115771	-0.00214621585	0.02287990277
0.03911087728	-0.00215132010	0.02289865790
0.03911062767	-0.00215585322	0.02291695552
0.03911042163	-0.00215958785	0.02293518032
0.03911024574	-0.00216277103	0.02295320492
0.03911009001	-0.00216558530	0.02297095004
0.03910996532	-0.00216783585	0.02298869296
0.03910987003	-0.00216955442	0.02300646260
0.03910979917	-0.00217083139	0.02302422072
0.03910975210	-0.00217167930	0.02304200056
0.03910972833	-0.00217210723	0.02305983278
0.03910972756	-0.00217212107	0.02307774564
0.03910974889	-0.00217173712	0.02309575266
0.03910979377	-0.00217092873	0.02311390826
0.03910986282	-0.00216968428	0.02313224721
0.03910995242	-0.00216806861	0.02315072323
0.03911006539	-0.00216602988	0.02316941187
0.03911020173	-0.00216356670	0.02318833206
0.03911036138	-0.00216067880	0.02320750157
0.03911054460	-0.00215735968	0.02322694260
0.03911075166	-0.00215360279	0.02324667802
0.03911098080	-0.00214943740	0.02326669121
0.03911122480	-0.00214499295	0.02328685878
0.03911150301	-0.00213991409	0.02330759111
0.03911180513	-0.00213438495	0.02332869044
0.03911211673	-0.00212866746	0.02334988240
0.03911246848	-0.00212219442	0.02337182959
0.03911283107	-0.00211550131	0.02339392854
0.03911322707	-0.00210816693	0.02341668794
0.03911363660	-0.00210055520	0.02343969707
0.03911408139	-0.00209225650	0.02346345853
0.03911453636	-0.00208373351	0.02348743737
0.03911502375	-0.00207456423	0.02351216618
0.03911553496	-0.00206490301	0.02353746956
0.03911606573	-0.00205482406	0.02356327838
0.03911661750	-0.00204429339	0.02358966035
0.03911719630	-0.00203318806	0.02361679132
0.03911779728	-0.00202159242	0.02364458318
0.03911842043	-0.00200949814	0.02367307063
0.03911906571	-0.00199689701	0.02370228886
0.03911973303	-0.00198378111	0.02373227351
0.03912042230	-0.00197014199	0.02376306010
0.03912113336	-0.00195597152	0.02379468457
0.03912186077	-0.00194136810	0.02382704206
0.03912261216	-0.00192616660	0.02386039154
0.03912338567	-0.00191039104	0.02389471947
0.03912417515	-0.00189415394	0.02392989477
0.03912498372	-0.00187737820	0.02396606032
0.03912581385	-0.00185999741	0.02400334168
0.03912665700	-0.00184217597	0.02404151979
0.03912752112	-0.00182373004	0.02408090826
0.03912840172	-0.00180473798	0.02412140958
0.03912929380	-0.00178529183	0.02416291328
0.03913020537	-0.00176519905	0.02420576069
0.03913113058	-0.00174456847	0.02424979735
0.03913206880	-0.00172339523	0.02429506497
0.03913301935	-0.00170167454	0.02434160467
0.03913398151	-0.00167940195	0.02438945706
0.03913495450	-0.00165657368	0.02443866234
0.03913593748	-0.00163318639	0.02448926010
0.03913692957	-0.00160923701	0.02454128915
0.03913792984	-0.00158472316	0.02459478765
0.03913893730	-0.00155964313	0.02464979304
0.03913994909	-0.00153404213	0.02470625910
0.03914096468	-0.00150790705	0.02476425554
0.03914198597	-0.00148115983	0.02482397960
0.03914300528	-0.00145397303	0.02488511366
0.03914402867	-0.00142615536	0.02494812132
0.03914504731	-0.00139791660	0.02501258329
0.03914606646	-0.00136908030	0.02507896030
0.03914707980	-0.00133979227	0.02514696056
0.03914808728	-0.00131002388	0.02521672433
0.03914908837	-0.00127975769	0.02528835570
0.03915008033	-0.00124904373	0.02536179219
0.03915106152	-0.00121790044	0.02543706422
0.03915203018	-0.00118635274	0.02551418910
0.03915298477	-0.00115441923	0.02559320608
0.03915392395	-0.00112211373	0.02567416702
0.03915484582	-0.00108947192	0.02575705975
0.03915574842	-0.00105653474	0.02584187050
0.03915663049	-0.00102332218	0.02592865457
0.03915749055	-0.00098986556	0.02601742534
0.03915832706	-0.00095620194	0.02610818341
0.03915913861	-0.00092236826	0.02620093382
0.03915992391	-0.00088840283	0.02629567588
0.03916068094	-0.00085438185	0.02639228830
0.03916140987	-0.00082029091	0.02649100263
0.03916210923	-0.00078619367	0.02659169254
0.03916277756	-0.00075216584	0.02669422468
0.03916341494	-0.00071821298	0.02679878380
0.03916402060	-0.00068439061	0.02690527345
0.03916459358	-0.00065077606	0.02701353366
0.03916513443	-0.00061736953	0.02712379832
0.03916564233	-0.00058426101	0.02723576035
0.03916611778	-0.00055146895	0.02734959086
0.03916656074	-0.00051905668	0.02746511825
0.03916697162	-0.00048706672	0.02758233613
0.03916735098	-0.00045554089	0.02770122098
0.03916769932	-0.00042453508	0.02782162452
0.03916801759	-0.00039407830	0.02794363129
0.03916830652	-0.00036423086	0.02806697626
0.03916856730	-0.00033501583	0.02819183352
0.03916880090	-0.00030648943	0.02831785446
0.03916900866	-0.00027867604	0.02844523151
0.03916919183	-0.00025161701	0.02857367688
0.03916935179	-0.00022534444	0.02870321487
0.03916949000	-0.00019988376	0.02883376269
0.03916960787	-0.00017527004	0.02896509836
0.03916970691	-0.00015152799	0.02909732658
0.03916978866	-0.00012867175	0.02923023653
0.03916985460	-0.00010672745	0.02936367780
0.03916990622	-0.00008571525	0.02949769672
0.03916994500	-0.00006564018	0.02963211314
0.03916997238	-0.00004651445	0.02976682766
0.03916998974	-0.00002834758	0.02990171009
0.03916999841	-0.00001114918	0.03003672288
0.03916999967	0.00000508364	0.03017174262
0.03916999471	0.00002035284	0.03030666109
0.03916998466	0.00003466096	0.03044137965
0.03916997057	0.00004801499	0.03057580074
0.03916995339	0.00006042405	0.03070982813
0.03916993401	0.00007189998	0.03084336724
0.03916991321	0.00008245676	0.03097628503
0.03916989172	0.00009210207	0.03110855749
0.03916987014	0.00010086161	0.03124007426
0.03916984901	0.00010875787	0.03137072913
0.03916982879	0.00011581299	0.03150040429
0.03916980990	0.00012203466	0.03162912979
0.03916979258	0.00012747277	0.03175667796
0.03916977717	0.00013212424	0.03188313371
0.03916976374	0.00013604678	0.03200826013
0.03916975253	0.00013923740	0.03213213448
0.03916974353	0.00014174493	0.03225462475
0.03916973678	0.00014359914	0.03237564436
0.03916973229	0.00014481790	0.03249517939
0.03916973001	0.00014543435	0.03261317478
0.03916972983	0.00014548235	0.03272956786
0.03916973165	0.00014499101	0.03284431469
0.03916973534	0.00014398989	0.03295737505
0.03916974076	0.00014250891	0.03306871243
0.03916974773	0.00014058051	0.03317827040
0.03916975611	0.00013822584	0.03328604268
0.03916976572	0.00013547350	0.03339201772
0.03916977637	0.00013236106	0.03349613764
0.03916978786	0.00012891374	0.03359837389
0.03916980009	0.00012514425	0.03369877179
0.03916981279	0.00012110263	0.03379722467
0.03916982590	0.00011678675	0.03389381296
0.03916983919	0.00011223931	0.03398848340
0.03916985253	0.00010748557	0.03408120117
0.03916986582	0.00010252790	0.03417203534
0.03916987889	0.00009740411	0.03426094516
0.03916989165	0.00009213279	0.03434793527
0.03916990398	0.00008673196	0.03443301271
0.03916991580	0.00008121896	0.03451618673
0.03916992702	0.00007561084	0.03459746877
0.03916993759	0.00006992410	0.03467687226
0.03916994743	0.00006417469	0.03475441254
0.03916995650	0.00005837770	0.03483010668
0.03916996475	0.00005254801	0.03490397345
0.03916997215	0.00004670558	0.03497599565
0.03916997871	0.00004084410	0.03504625040
0.03916998438	0.00003498383	0.03511475274
0.03916998915	0.00002915267	0.03518145040
0.03916999306	0.00002332372	0.03524648745
0.03916999607	0.00001754387	0.03530977344
0.03916999823	0.00001178815	0.03537144087
0.03916999952	0.00000610015	0.03543139533
0.03917000000	0.00000044584	0.03548979045
0.03916999966	-0.00000513834	0.03554657892
0.03916999855	-0.00001064960	0.03560177644
0.03916999669	-0.00001610210	0.03565547581
0.03916999411	-0.00002147469	0.03570766824
0.03916999086	-0.00002676468	0.03575838399
0.03916998695	-0.00003196788	0.03580764320
0.03916998244	-0.00003708728	0.03585549090
0.03916997735	-0.00004212086	0.03590196476
0.03916997173	-0.00004706190	0.03594708459
0.03916996560	-0.00005190875	0.03599088109
0.03916995902	-0.00005666021	0.03603338486
0.03916995201	-0.00006131496	0.03607462644
0.03916994461	-0.00006587211	0.03611463616
0.03916993686	-0.00007032795	0.03615342877
0.03916992879	-0.00007468876	0.03619105148
0.03916992043	-0.00007895423	0.03622753891
0.03916991181	-0.00008312077	0.03626291330
0.03916990296	-0.00008718806	0.03629720369
0.03916989394	-0.00009115226	0.03633041938
0.03916988475	-0.00009501798	0.03636259022
0.03916987540	-0.00009879792	0.03639379137
0.03916986594	-0.00010247944	0.03642402064
0.03916985637	-0.00010607525	0.03645337057
0.03916985089	-0.00010808080	0.03646821570
0.03916984981	-0.00010846955	0.03648319064
0.03916985321	-0.00010723696	0.03649811983
0.03916986088	-0.00010439746	0.03651282824
0.03916987239	-0.00009998436	0.03652714342
0.03916988709	-0.00009404939	0.03654089755
0.03916990413	-0.00008666213	0.03655392936
0.03916992252	-0.00007790918	0.03656608607
0.03916994116	-0.00006789317	0.03657722516
0.03916995892	-0.00005673153	0.03658721603
0.03916997466	-0.00004455511	0.03659594154
0.03916998733	-0.00003150666	0.03660329940
0.03916999598	-0.00001773919	0.03660920334
0.03916999985	-0.00000341408	0.03661358415
0.03916999837	0.00001130069	0.03661639046
0.03963932941	-0.00200490999	0.02264169914
0.03963648524	-0.00206037329	0.02271208447
0.03963542297	-0.00208070801	0.02274460411
0.03963466678	-0.00209506312	0.02277134477
0.03963405802	-0.00210654812	0.02279496001
0.03963355627	-0.00211596724	0.02281686728
0.03963313110	-0.00212391604	0.02283759660
0.03963275432	-0.00213093527	0.02285728301
0.03963243850	-0.00213680098	0.02287657781
0.03963215912	-0.00214197645	0.02289531238
0.03963191014	-0.00214657841	0.02291359208
0.03963170393	-0.00215038212	0.02293180125
0.03963152739	-0.00215363336	0.02294981240
0.03963137076	-0.00215651381	0.02296754613
0.03963124462	-0.00215883058	0.02298527950
0.03963114736	-0.00216061547	0.02300304135
0.03963107412	-0.00216195843	0.02302079340
0.03963102426	-0.00216287212	0.02303856885
0.03963099732	-0.00216336572	0.02305639828
0.03963099298	-0.00216344523	0.02307430994
0.03963101036	-0.00216312695	0.02309231733
0.03963105087	-0.00216238452	0.02311047481
0.03963111513	-0.00216120650	0.02312881714
0.03963119958	-0.00215965730	0.02314729807
0.03963130698	-0.00215768552	0.02316599311
0.03963143734	-0.00215528986	0.02318492117
0.03963159059	-0.00215247007	0.02320410003
0.03963176699	-0.00214921972	0.02322355190
0.03963196678	-0.00214553236	0.02324329963
0.03963218827	-0.00214143703	0.02326332665
0.03963242442	-0.00213706222	0.02328350967
0.03963269408	-0.00213205536	0.02330425872
0.03963298722	-0.00212659912	0.02332537627
0.03963328975	-0.00212095343	0.02334658824
0.03963363161	-0.00211455557	0.02336855653
0.03963398419	-0.00210793677	0.02339067840
0.03963436952	-0.00210067919	0.02341346195
0.03963476818	-0.00209314390	0.02343649699
0.03963520140	-0.00208492451	0.02346028552
0.03963564470	-0.00207648006	0.02348429331
0.03963611977	-0.00206739194	0.02350905225
0.03963661823	-0.00205781324	0.02353438723
0.03963713591	-0.00204781761	0.02356022923
0.03963767423	-0.00203737135	0.02358664590
0.03963823905	-0.00202635255	0.02361381284
0.03963882567	-0.00201484487	0.02364164210
0.03963943405	-0.00200284006	0.02367016839
0.03964006416	-0.00199033001	0.02369942682
0.03964071591	-0.00197730688	0.02372945305
0.03964138920	-0.00196376230	0.02376028253
0.03964208390	-0.00194968823	0.02379195118
0.03964279467	-0.00193518228	0.02382435437
0.03964352898	-0.00192008070	0.02385775060
0.03964428500	-0.00190440731	0.02389212638
0.03964505672	-0.00188827373	0.02392735094
0.03964584720	-0.00187160349	0.02396356689
0.03964665884	-0.00185433076	0.02400089955
0.03964748330	-0.00183661857	0.02403913037
0.03964832835	-0.00181828462	0.02407857231
0.03964918960	-0.00179940660	0.02411912811
0.03965006217	-0.00178007579	0.02416068756
0.03965095388	-0.00176010129	0.02420359124
0.03965185901	-0.00173959097	0.02424768508
0.03965277696	-0.00171854001	0.02429301073
0.03965370704	-0.00169694365	0.02433960923
0.03965464857	-0.00167479748	0.02438752111
0.03965560078	-0.00165209775	0.02443678648
0.03965656284	-0.00162884111	0.02448744487
0.03965753392	-0.00160502453	0.02453953498
0.03965851308	-0.00158064560	0.02459309491
0.03965949936	-0.00155570263	0.02464816200
0.03966048996	-0.00153024043	0.02470469019
0.03966148439	-0.00150424601	0.02476274897
0.03966248447	-0.00147764198	0.02482253504
0.03966348272	-0.00145059937	0.02488373172
0.03966448505	-0.00142292864	0.02494680121
0.03966548283	-0.00139483766	0.02501132550
0.03966648119	-0.00136615164	0.02507776388
0.03966747396	-0.00133701505	0.02514582547
0.03966846110	-0.00130739962	0.02521565006
0.03966944208	-0.00127728810	0.02528734138
0.03967041422	-0.00124673011	0.02536083713
0.03967137591	-0.00121574402	0.02543616760
0.03967232542	-0.00118435461	0.02551334999
0.03967326125	-0.00115258042	0.02559242338
0.03967418209	-0.00112043525	0.02567343939
0.03967508607	-0.00108795459	0.02575638584
0.03967597128	-0.00105517912	0.02584124894
0.03967683647	-0.00102212883	0.02592808370
0.03967768019	-0.00098883490	0.02601690339
0.03967850094	-0.00095533423	0.02610770851
0.03967929733	-0.00092166359	0.02620050399
0.03968006808	-0.00088786115	0.02629528903
0.03968081123	-0.00085400258	0.02639194267
0.03968152692	-0.00082007393	0.02649069546
0.03968221373	-0.00078613840	0.02659142145
0.03968287021	-0.00075227123	0.02669398761
0.03968349643	-0.00071847825	0.02679857786
0.03968409163	-0.00068481466	0.02690509596
0.03968465489	-0.00065135727	0.02701338238
0.03968518671	-0.00061810668	0.02712366992
0.03968568630	-0.00058515213	0.02723565251
0.03968615414	-0.00055251230	0.02734950040
0.03968659018	-0.00052025010	0.02746504246
0.03968699482	-0.00048840794	0.02758227211
0.03968736859	-0.00045702752	0.02770116570
0.03968771200	-0.00042616440	0.02782157530
0.03968802596	-0.00039584767	0.02794358490
0.03968831117	-0.00036613717	0.02806693027
0.03968856880	-0.00033705614	0.02819178454
0.03968879979	-0.00030866033	0.02831780024
0.03968900545	-0.00028097429	0.02844516877
0.03968918699	-0.00025403903	0.02857360323
0.03968934577	-0.00022788664	0.02870312753
0.03968948320	-0.00020254243	0.02883365896
0.03968960067	-0.00017804128	0.02896497613
0.03968969965	-0.00015440794	0.02909718302
0.03968978164	-0.00013165645	0.02923006939
0.03968984809	-0.00010981278	0.02936348514
0.03968990044	-0.00008889715	0.02949747612
0.03968994017	-0.00006891453	0.02963186261
0.03968996866	-0.00004987708	0.02976654531
0.03968998727	-0.00003179430	0.02990139427
0.03968999729	-0.00001467581	0.03003637179
0.03968999997	0.00000148128	0.03017135467
0.03968999650	0.00001667889	0.03030623484
0.03968998796	0.00003091955	0.03044091378
0.03968997538	0.00004421020	0.03057529402
0.03968995970	0.00005655992	0.03070927947
0.03968994178	0.00006798046	0.03084277564
0.03968992240	0.00007848579	0.03097564976
0.03968990226	0.00008808349	0.03110787765
0.03968988196	0.00009679918	0.03123934916
0.03968986202	0.00010465522	0.03136995826
0.03968984289	0.00011167370	0.03149958736
0.03968982500	0.00011786223	0.03162826618
0.03968980857	0.00012327051	0.03175576773
0.03968979394	0.00012789545	0.03188217636
0.03968978118	0.00013179456	0.03200725595
0.03968977053	0.00013496482	0.03213108320
0.03968976198	0.00013745486	0.03225352649
0.03968975557	0.00013929436	0.03237449941
0.03968975131	0.00014050108	0.03249398793
0.03968974916	0.00014110805	0.03261193705
0.03968974902	0.00014114897	0.03272828422
0.03968975078	0.00014065285	0.03284298555
0.03968975432	0.00013964913	0.03295600087
0.03968975951	0.00013816759	0.03306729369
0.03968976617	0.00013624056	0.03317680772
0.03968977417	0.00013388909	0.03328453663
0.03968978334	0.00013114169	0.03339046881
0.03968979348	0.00012803574	0.03349454658
0.03968980443	0.00012459639	0.03359674143
0.03968981606	0.00012083629	0.03369709847
0.03968982812	0.00011680527	0.03379551141
0.03968984056	0.00011250123	0.03389206034
0.03968985315	0.00010796668	0.03398669219
0.03968986576	0.00010322678	0.03407937227
0.03968987831	0.00009828391	0.03417016940
0.03968989063	0.00009317571	0.03425904297
0.03968990262	0.00008792069	0.03434599764
0.03968991418	0.00008253680	0.03443104044
0.03968992523	0.00007704132	0.03451418062
0.03968993569	0.00007145123	0.03459542961
0.03968994548	0.00006578297	0.03467480084
0.03968995457	0.00006005240	0.03475230963
0.03968996289	0.00005427457	0.03482797305
0.03968997041	0.00004846429	0.03490180986
0.03968997709	0.00004264143	0.03497380299
0.03968998294	0.00003679973	0.03504402932
0.03968998793	0.00003095934	0.03511250393
0.03968999203	0.00002514806	0.03517917483
0.03968999529	0.00001933910	0.03524418559
0.03968999768	0.00001357914	0.03530744623
0.03968999923	0.00000784334	0.03536908880
0.03968999994	0.00000217507	0.03542901936
0.03968999985	-0.00000345952	0.03548739102
0.03968999897	-0.00000902416	0.03554415677
0.03968999735	-0.00001451609	0.03559933235
0.03968999499	-0.00001994939	0.03565301028
0.03968999193	-0.00002530300	0.03570518192
0.03968998822	-0.00003057426	0.03575587750
0.03968998389	-0.00003575899	0.03580511720
0.03968997897	-0.00004086016	0.03585294597
0.03968997349	-0.00004587577	0.03589940144
0.03968996749	-0.00005079913	0.03594450343
0.03968996102	-0.00005562860	0.03598828265
0.03968995410	-0.00006036299	0.03603076968
0.03968994677	-0.00006500098	0.03607199503
0.03968993908	-0.00006954169	0.03611198901
0.03968993105	-0.00007398143	0.03615076644
0.03968992271	-0.00007832645	0.03618837444
0.03968991410	-0.00008257645	0.03622484757
0.03968990524	-0.00008672785	0.03626020812
0.03968989618	-0.00009078033	0.03629448509
0.03968988695	-0.00009473008	0.03632768785
0.03968987757	-0.00009858171	0.03635984623
0.03968986804	-0.00010234782	0.03639103519
0.03968985841	-0.00010601586	0.03642125264
0.03968984868	-0.00010959846	0.03645059083
0.03968984311	-0.00011159857	0.03646543668
0.03968984203	-0.00011198185	0.03648041175
0.03968984550	-0.00011074380	0.03649534048
0.03968985334	-0.00010789893	0.03651004784
0.03968986510	-0.00010348059	0.03652436139
0.03968988014	-0.00009754060	0.03653811333
0.03968989762	-0.00009014858	0.03655114243
0.03968991655	-0.00008139120	0.03656329593
0.03968993583	-0.00007137112	0.03657443135
0.03968995434	-0.00006020584	0.03658441812
0.03968997094	-0.00004802624	0.03659313917
0.03968998459	-0.00003497512	0.03660049226
0.03968999434	-0.00002120550	0.03660639116
0.03968999940	-0.00000687880	0.03661076672
0.03968999923	0.00000783699	0.03661356765
0.04016049912	-0.00199459540	0.02263889053
0.04015769228	-0.00205032935	0.02270906279
0.04015664244	-0.00207078923	0.02274150376
0.04015589422	-0.00208524795	0.02276818783
0.04015529143	-0.00209682375	0.02279175818
0.04015479405	-0.00210632734	0.02281362809
0.04015437210	-0.00211435608	0.02283432556
0.04015399792	-0.00212145030	0.02285398452
0.04015368365	-0.00212739025	0.02287325530
0.04015340531	-0.00213263726	0.02289196893
0.04015315695	-0.00213730836	0.02291023039
0.04015295060	-0.00214118146	0.02292842361
0.04015277344	-0.00214450108	0.02294642100
0.04015261594	-0.00214744802	0.02296414307
0.04015248841	-0.00214983132	0.02298186662
0.04015238923	-0.00215168284	0.02299962041
0.04015231369	-0.00215309212	0.02301736616
0.04015226113	-0.00215407191	0.02303513698
0.04015223111	-0.00215463152	0.02305296342
0.04015222330	-0.00215477703	0.02307087369
0.04015223684	-0.00215452474	0.02308888125
0.04015227311	-0.00215384862	0.02310704044
0.04015233271	-0.00215273738	0.02312538598
0.04015241216	-0.00215125499	0.02314387167
0.04015251415	-0.00214935053	0.02316257296
0.04015263868	-0.00214702274	0.02318150876
0.04015278571	-0.00214427142	0.02320069685
0.04015295547	-0.00214109022	0.02322015944
0.04015314820	-0.00213747276	0.02323991938
0.04015336225	-0.00213344788	0.02325996012
0.04015359075	-0.00212914308	0.02328015854
0.04015385209	-0.00212420861	0.02330092422
0.04015413650	-0.00211882569	0.02332205992
0.04015443021	-0.00211325219	0.02334329186
0.04015476244	-0.00210692992	0.02336528120
0.04015510527	-0.00210038584	0.02338742597
0.04015548021	-0.00209320550	0.02341023364
0.04015586830	-0.00208574706	0.02343329459
0.04015629026	-0.00207760743	0.02345711018
0.04015672220	-0.00206924195	0.02348114693
0.04015718528	-0.00206023542	0.02350593600
0.04015767133	-0.00205073970	0.02353130260
0.04015817628	-0.00204082784	0.02355717781
0.04015870150	-0.00203046646	0.02358362923
0.04015925273	-0.00201953464	0.02361083217
0.04015982536	-0.00200811539	0.02363869891
0.04016041936	-0.00199620053	0.02366726408
0.04016103471	-0.00198378204	0.02369656281
0.04016167130	-0.00197085216	0.02372663068
0.04016232905	-0.00195740261	0.02375750314
0.04016300783	-0.00194342542	0.02378921607
0.04016370242	-0.00192901742	0.02382166506
0.04016442010	-0.00191401627	0.02385510813
0.04016515909	-0.00189844555	0.02388953188
0.04016591353	-0.00188241597	0.02392480581
0.04016668641	-0.00186585174	0.02396107229
0.04016748006	-0.00184868756	0.02399845637
0.04016828634	-0.00183108510	0.02403674006
0.04016911283	-0.00181286362	0.02407623559
0.04016995525	-0.00179410014	0.02411684600
0.04017080884	-0.00177488516	0.02415846137
0.04017168122	-0.00175502942	0.02420142147
0.04017256682	-0.00173463984	0.02424557265
0.04017346503	-0.00171371162	0.02429095649
0.04017437521	-0.00169224006	0.02433761395
0.04017529667	-0.00167022077	0.02438558548
0.04017622866	-0.00164765002	0.02443491112
0.04017717039	-0.00162452448	0.02448563029
0.04017812101	-0.00160084110	0.02453778164
0.04017907963	-0.00157659752	0.02459140317
0.04018004532	-0.00155179200	0.02464653213
0.04018101532	-0.00152646898	0.02470312263
0.04018198916	-0.00150061558	0.02476124394
0.04018296862	-0.00147415509	0.02482109218
0.04018394639	-0.00144725699	0.02488235166
0.04018492823	-0.00141973350	0.02494548314
0.04018590573	-0.00139179057	0.02501006992
0.04018688388	-0.00136325507	0.02507656983
0.04018785666	-0.00133427015	0.02514469291
0.04018882402	-0.00130480787	0.02521457848
0.04018978545	-0.00127485119	0.02528632990
0.04019073831	-0.00124444931	0.02535988507
0.04019168105	-0.00121362051	0.02543527412
0.04019261195	-0.00118238944	0.02551251416
0.04019352955	-0.00115077459	0.02559164408
0.04019443257	-0.00111878974	0.02567271529
0.04019531916	-0.00108647014	0.02575571557
0.04019618747	-0.00105385628	0.02584063111
0.04019703626	-0.00102096810	0.02592751667
0.04019786411	-0.00098783666	0.02601638536
0.04019866953	-0.00095449868	0.02610723761
0.04019945119	-0.00092099078	0.02620007823
0.04020020781	-0.00088735097	0.02629490631
0.04020093748	-0.00085365440	0.02639160121
0.04020164032	-0.00081988756	0.02649039252
0.04020231493	-0.00078611322	0.02659115460
0.04020295990	-0.00075240612	0.02669375481
0.04020357529	-0.00071877236	0.02679837620
0.04020416035	-0.00068526682	0.02690492274
0.04020471416	-0.00065196583	0.02701323535
0.04020523722	-0.00061887033	0.02712354574
0.04020572874	-0.00058606885	0.02723554887
0.04020618919	-0.00055358026	0.02734941410
0.04020661851	-0.00052146708	0.02746497078
0.04020701710	-0.00048977161	0.02758221214
0.04020738546	-0.00045853540	0.02770111441
0.04020772408	-0.00042781373	0.02782153001
0.04020803385	-0.00039763571	0.02794354235
0.04020831545	-0.00036806075	0.02806688802
0.04020857002	-0.00033911228	0.02819173921
0.04020879848	-0.00031084553	0.02831774959
0.04020900209	-0.00028328524	0.02844510950
0.04020918206	-0.00025647209	0.02857353295
0.04020933969	-0.00023043813	0.02870304347
0.04020947636	-0.00020520861	0.02883355839
0.04020959344	-0.00018081816	0.02896485696
0.04020969236	-0.00015729161	0.02909704243
0.04020977457	-0.00013464288	0.02922990512
0.04020984151	-0.00011289781	0.02936329527
0.04020989458	-0.00009207665	0.02949725820
0.04020993521	-0.00007218432	0.02963161466
0.04020996476	-0.00005323296	0.02976626547
0.04020998456	-0.00003523201	0.02990108088
0.04020999589	-0.00001819113	0.03003602306
0.04020999994	-0.00000210743	0.03017096902
0.04020999789	0.00001302099	0.03030581083
0.04020999080	0.00002719661	0.03044045009
0.04020997968	0.00004042634	0.03057478945
0.04020996544	0.00005271922	0.03070873291
0.04020994893	0.00006408692	0.03084218611
0.04020993090	0.00007454334	0.03097501655
0.04020991206	0.00008409602	0.03110719987
0.04020989298	0.00009277046	0.03123862613
0.04020987418	0.00010058891	0.03136918947
0.04020985610	0.00010757338	0.03149877254
0.04020983916	0.00011373142	0.03162740470
0.04020982358	0.00011911253	0.03175485968
0.04020980969	0.00012371362	0.03188122125
0.04020979757	0.00012759196	0.03200625406
0.04020978744	0.00013074453	0.03213003430
0.04020977931	0.00013321976	0.03225243069
0.04020977322	0.00013504720	0.03237335700
0.04020976918	0.00013624456	0.03249279911
0.04020976714	0.00013684469	0.03261070207
0.04020976702	0.00013688118	0.03272700345
0.04020976871	0.00013638290	0.03284165941
0.04020977210	0.00013537918	0.03295462980
0.04020977706	0.00013389968	0.03306587821
0.04020978341	0.00013197658	0.03317534844
0.04020979104	0.00012963087	0.03328303412
0.04020979978	0.00012689091	0.03338892361
0.04020980944	0.00012379396	0.03349295939
0.04020981985	0.00012036504	0.03359511302
0.04020983089	0.00011661677	0.03369542937
0.04020984235	0.00011259876	0.03379380255
0.04020985413	0.00010830893	0.03389031229
0.04020986605	0.00010378962	0.03398490573
0.04020987796	0.00009906586	0.03407754832
0.04020988980	0.00009414005	0.03416830858
0.04020990139	0.00008904967	0.03425714609
0.04020991265	0.00008381315	0.03434406551
0.04020992347	0.00007844837	0.03442907386
0.04020993379	0.00007297254	0.03451218040
0.04020994351	0.00006740256	0.03459339653
0.04020995258	0.00006175480	0.03467273569
0.04020996094	0.00005604508	0.03475021319
0.04020996855	0.00005028837	0.03482584608
0.04020997538	0.00004449943	0.03489965312
0.04020998138	0.00003869802	0.03497161737
0.04020998656	0.00003287794	0.03504181549
0.04020999090	0.00002705925	0.03511026255
0.04020999437	0.00002126960	0.03517690688
0.04020999702	0.00001548236	0.03524189154
0.04020999882	0.00000974398	0.03530512700
0.04020999980	0.00000402973	0.03536674488
0.04020999997	-0.00000161720	0.03542665172
0.04020999935	-0.00000723050	0.03548500011
0.04020999797	-0.00001277408	0.03554174331
0.04020999586	-0.00001824519	0.03559689712
0.04020999304	-0.00002365783	0.03565055378
0.04020998955	-0.00002899105	0.03570270479
0.04020998542	-0.00003424220	0.03575338037
0.04020998069	-0.00003940711	0.03580260072
0.04020997539	-0.00004448875	0.03585041071
0.04020996955	-0.00004948512	0.03589684794
0.04020996322	-0.00005438958	0.03594193226
0.04020995642	-0.00005920047	0.03598569435
0.04020994920	-0.00006391661	0.03602816477
0.04020994159	-0.00006853670	0.03606937403
0.04020993363	-0.00007305987	0.03610935242
0.04020992535	-0.00007748244	0.03614811481
0.04020991677	-0.00008181063	0.03618570822
0.04020990794	-0.00008604414	0.03622216719
0.04020989888	-0.00009017942	0.03625751402
0.04020988962	-0.00009421614	0.03629177768
0.04020988021	-0.00009815053	0.03632496764
0.04020987066	-0.00010198716	0.03635711367
0.04020986097	-0.00010573857	0.03638829055
0.04020985120	-0.00010939229	0.03641849629
0.04020984133	-0.00011296085	0.03644782286
0.04020983568	-0.00011495511	0.03646266948
0.04020983460	-0.00011533248	0.03647764469
0.04020983815	-0.00011408855	0.03649257291
0.04020984613	-0.00011123788	0.03650727913
0.04020985813	-0.00010681392	0.03652159093
0.04020987348	-0.00010086851	0.03653534052
0.04020989136	-0.00009347136	0.03654836669
0.04020991077	-0.00008470920	0.03656051673
0.04020993064	-0.00007468475	0.03657164818
0.04020994984	-0.00006351554	0.03658163055
0.04020996723	-0.00005133252	0.03659034679
0.04020998178	-0.00003827851	0.03659769472
0.04020999253	-0.00002450658	0.03660358819
0.04020999871	-0.00001017818	0.03660795811
0.04020999974	0.00000453870	0.03661075323
0.04069165746	-0.00198408991	0.02263603922
0.04068888781	-0.00204010019	0.02270599214
0.04068785034	-0.00206068791	0.02273835204
0.04068711009	-0.00207525248	0.02276497775
0.04068651325	-0.00208692110	0.02278850178
0.04068602022	-0.00209651103	0.02281033309
0.04068560149	-0.00210462148	0.02283099766
0.04068522991	-0.00211179238	0.02285062821
0.04068491721	-0.00211780824	0.02286987413
0.04068463992	-0.00212312840	0.02288856607
0.04068439220	-0.00212787022	0.02290680861
0.04068418572	-0.00213181429	0.02292498524
0.04068400797	-0.00213520385	0.02294296831
0.04068384963	-0.00213821881	0.02296067821
0.04068372071	-0.00214067018	0.02297839148
0.04068361966	-0.00214258989	0.02299613681
0.04068354184	-0.00214406701	0.02301387588
0.04068348663	-0.00214511444	0.02303164175
0.04068345355	-0.00214574160	0.02304946492
0.04068344232	-0.00214595466	0.02306737355
0.04068345206	-0.00214576992	0.02308538110
0.04068348414	-0.00214516166	0.02310354183
0.04068353911	-0.00214411877	0.02312189047
0.04068361361	-0.00214270477	0.02314038085
0.04068371024	-0.00214086923	0.02315908834
0.04068382901	-0.00213861092	0.02317803189
0.04068396987	-0.00213592970	0.02319722925
0.04068413305	-0.00213281930	0.02321670263
0.04068431878	-0.00212927340	0.02323647488
0.04068452546	-0.00212532066	0.02325652950
0.04068474638	-0.00212108753	0.02327674351
0.04068499948	-0.00211622720	0.02329752605
0.04068527522	-0.00211091935	0.02331868014
0.04068556019	-0.00210541976	0.02333993238
0.04068588287	-0.00209917489	0.02336194310
0.04068621605	-0.00209270732	0.02338411114
0.04068658068	-0.00208560607	0.02340694333
0.04068695830	-0.00207822632	0.02343003066
0.04068736908	-0.00207016837	0.02345387376
0.04068778976	-0.00206188374	0.02347794002
0.04068824096	-0.00205296077	0.02350275978
0.04068871469	-0.00204355000	0.02352815858
0.04068920701	-0.00203372391	0.02355406764
0.04068971925	-0.00202344944	0.02358055447
0.04069025700	-0.00201260669	0.02360779412
0.04069081575	-0.00200127797	0.02363569906
0.04069139550	-0.00198945519	0.02366430389
0.04069199621	-0.00197713043	0.02369364370
0.04069261777	-0.00196429601	0.02372375406
0.04069326011	-0.00195094372	0.02375467036
0.04069392309	-0.00193706570	0.02378642846
0.04069460163	-0.00192275796	0.02381892419
0.04069530282	-0.00190785957	0.02385241507
0.04069602493	-0.00189239392	0.02388688775
0.04069676225	-0.00187647077	0.02392221208
0.04069751767	-0.00186001499	0.02395853012
0.04069829347	-0.00184296188	0.02399596670
0.04069908172	-0.00182547167	0.02403430434
0.04069988981	-0.00180736525	0.02407385459
0.04070071356	-0.00178871891	0.02411452075
0.04070154833	-0.00176962239	0.02415619320
0.04070240155	-0.00174988810	0.02419921090
0.04070326778	-0.00172962196	0.02424342062
0.04070414643	-0.00170881925	0.02428886388
0.04070503688	-0.00168747526	0.02433558154
0.04070593844	-0.00166558566	0.02438361397
0.04070685039	-0.00164314672	0.02443300114
0.04070777195	-0.00162015513	0.02448378238
0.04070870230	-0.00159660787	0.02453599626
0.04070964058	-0.00157250254	0.02458968069
0.04071058584	-0.00154783742	0.02464487283
0.04071153543	-0.00152265654	0.02470152694
0.04071248886	-0.00149694713	0.02475971209
0.04071344788	-0.00147063319	0.02481962382
0.04071440535	-0.00144388260	0.02488094742
0.04071536689	-0.00141650938	0.02494414219
0.04071632429	-0.00138871753	0.02500879278
0.04071728241	-0.00136033560	0.02507535551
0.04071823539	-0.00133150539	0.02514354138
0.04071918316	-0.00130219930	0.02521348920
0.04072012521	-0.00127240049	0.02528530198
0.04072105898	-0.00124215775	0.02535891780
0.04072198293	-0.00121148926	0.02543436664
0.04072289540	-0.00118041953	0.02551166553
0.04072379495	-0.00114896700	0.02559085317
0.04072468031	-0.00111714543	0.02567198070
0.04072554968	-0.00108498984	0.02575503592
0.04072640125	-0.00105254048	0.02584000499
0.04072723380	-0.00101981728	0.02592694237
0.04072804592	-0.00098685115	0.02601586106
0.04072883619	-0.00095367864	0.02610676139
0.04072960325	-0.00092033622	0.02619964806
0.04073034589	-0.00088686170	0.02629452003
0.04073106220	-0.00085332975	0.02639125703
0.04073175232	-0.00081972727	0.02649008759
0.04073241486	-0.00078611660	0.02659088647
0.04073304844	-0.00075257197	0.02669352139
0.04073365311	-0.00071909976	0.02679817450
0.04073422812	-0.00068575452	0.02690475002
0.04073477258	-0.00065261206	0.02701308931
0.04073528697	-0.00061967371	0.02712342296
0.04073577051	-0.00058702725	0.02723544699
0.04073622365	-0.00055469177	0.02734932985
0.04073664633	-0.00052272937	0.02746490138
0.04073703892	-0.00049118222	0.02758215463
0.04073740192	-0.00046009177	0.02770106568
0.04073773581	-0.00042951295	0.02782148734
0.04073804143	-0.00039947494	0.02794350241
0.04073831947	-0.00037003670	0.02806684834
0.04073857101	-0.00034122181	0.02819169631
0.04073879696	-0.00031308505	0.02831770120
0.04073899856	-0.00028565130	0.02844505225
0.04073917696	-0.00025896091	0.02857346442
0.04073933345	-0.00023304591	0.02870296082
0.04073946937	-0.00020793146	0.02883345885
0.04073958606	-0.00018365198	0.02896473840
0.04073968490	-0.00016023235	0.02909690197
0.04073976733	-0.00013768636	0.02922974047
0.04073983474	-0.00011603975	0.02936310446
0.04073988851	-0.00009531278	0.02949703877
0.04073993002	-0.00007551033	0.02963136458
0.04073996062	-0.00005664452	0.02976598283
0.04073998160	-0.00003872476	0.02990076402
0.04073999419	-0.00002176069	0.03003567016
0.04073999959	-0.00000574947	0.03017057846
0.04073999894	0.00000931077	0.03030538117
0.04073999327	0.00002342250	0.03043998000
0.04073998357	0.00003659257	0.03057427769
0.04073997074	0.00004882995	0.03070817838
0.04073995560	0.00006014627	0.03084158782
0.04073993890	0.00007055536	0.03097437377
0.04073992133	0.00008006467	0.03110651171
0.04073990344	0.00008869960	0.03123789189
0.04073988575	0.00009648231	0.03136840866
0.04073986869	0.00010343469	0.03149794490
0.04073985267	0.00010956423	0.03162652958
0.04073983791	0.00011492024	0.03175393719
0.04073982474	0.00011949961	0.03188025090
0.04073981324	0.00012335937	0.03200523614
0.04073980362	0.00012649650	0.03212896858
0.04073979589	0.00012895923	0.03225131730
0.04073979010	0.00013077698	0.03237219626
0.04073978626	0.00013196735	0.03249159120
0.04073978433	0.00013256308	0.03260944727
0.04073978421	0.00013259761	0.03272570214
0.04073978583	0.00013209967	0.03284031201
0.04073978907	0.00013109846	0.03295323680
0.04073979379	0.00012962354	0.03306444011
0.04073979984	0.00012770692	0.03317386590
0.04073980710	0.00012536952	0.03328150771
0.04073981541	0.00012263959	0.03338735388
0.04073982458	0.00011955420	0.03349134707
0.04073983446	0.00011613829	0.03359345888
0.04073984493	0.00011240442	0.03369373396
0.04073985578	0.00010840199	0.03379206682
0.04073986693	0.00010412893	0.03388853684
0.04073987818	0.00009962738	0.03398309135
0.04073988942	0.00009492230	0.03407569593
0.04073990055	0.00009001606	0.03416641884
0.04073991144	0.00008494598	0.03425521982
0.04073992198	0.00007973043	0.03434210353
0.04073993209	0.00007438719	0.03442707699
0.04073994168	0.00006893341	0.03451014945
0.04073995069	0.00006338593	0.03459133232
0.04073995905	0.00005776104	0.03467063901
0.04073996672	0.00005207449	0.03474808483
0.04073997364	0.00004634119	0.03482368682
0.04073997979	0.00004057583	0.03489746373
0.04073998514	0.00003479809	0.03496939876
0.04073998968	0.00002900181	0.03503956833
0.04073999339	0.00002320696	0.03510798752
0.04073999627	0.00001744104	0.03517460497
0.04073999833	0.00001167759	0.03523956323
0.04073999956	0.00000596280	0.03530277324
0.04074000000	0.00000027211	0.03536436616
0.04073999965	-0.00000535155	0.03542424902
0.04073999853	-0.00001094165	0.03548257388
0.04073999667	-0.00001646231	0.03553929429
0.04073999411	-0.00002191078	0.03559442609
0.04073999085	-0.00002730098	0.03564806126
0.04073998695	-0.00003261206	0.03570019143
0.04073998243	-0.00003784140	0.03575084679
0.04073997732	-0.00004298484	0.03580004759
0.04073997167	-0.00004804533	0.03584783862
0.04073996550	-0.00005302088	0.03589425743
0.04073995885	-0.00005790487	0.03593932389
0.04073995176	-0.00006269568	0.03598306867
0.04073994426	-0.00006739211	0.03602552233
0.04073993639	-0.00007199288	0.03606671534
0.04073992818	-0.00007649711	0.03610667799
0.04073991967	-0.00008090116	0.03614542518
0.04073991089	-0.00008521120	0.03618300387
0.04073990185	-0.00008942694	0.03621944855
0.04073989260	-0.00009354485	0.03625478152
0.04073988318	-0.00009756460	0.03628903176
0.04073987360	-0.00010148245	0.03632220879
0.04073986391	-0.00010530294	0.03635434236
0.04073985408	-0.00010903854	0.03638550705
0.04073984418	-0.00011267684	0.03641570097
0.04073983420	-0.00011623032	0.03644501581
0.04073982848	-0.00011821821	0.03645986326
0.04073982740	-0.00011858916	0.03647483862
0.04073983102	-0.00011733882	0.03648976629
0.04073983915	-0.00011448186	0.03650447127
0.04073985136	-0.00011005176	0.03651878116
0.04073986700	-0.00010410046	0.03653252818
0.04073988524	-0.00009669773	0.03654555117
0.04073990511	-0.00008793037	0.03655769743
0.04073992552	-0.00007790116	0.03656882458
0.04073994535	-0.00006672768	0.03657880214
0.04073996349	-0.00005454094	0.03658751315
0.04073997888	-0.00004148380	0.03659485547
0.04073999058	-0.00002770936	0.03660074303
0.04073999780	-0.00001337910	0.03660510679
0.04073999998	0.00000133896	0.03660789560
0.04121276189	-0.00197379264	0.02263325393
0.04121002789	-0.00203007429	0.02270298964
0.04120900229	-0.00205078765	0.02273526919
0.04120826968	-0.00206545628	0.02276183699
0.04120767857	-0.00207721613	0.02278531503
0.04120718974	-0.00208689097	0.02280710800
0.04120677411	-0.00209508179	0.02282773984
0.04120640504	-0.00210232809	0.02284734215
0.04120609386	-0.00210841863	0.02286656329
0.04120581760	-0.00211381077	0.02288523360
0.04120557050	-0.00211862216	0.02290345725
0.04120536392	-0.00212263608	0.02292161730
0.04120518562	-0.00212609447	0.02293958602
0.04120502649	-0.00212917637	0.02295728371
0.04120489628	-0.00213169473	0.02297498663
0.04120479345	-0.00213368156	0.02299272341
0.04120471347	-0.00213522548	0.02301045569
0.04120465573	-0.00213633950	0.02302821648
0.04120461976	-0.00213703315	0.02304603622
0.04120460526	-0.00213731272	0.02306394304
0.04120461139	-0.00213719449	0.02308195037
0.04120463947	-0.00213665306	0.02310011243
0.04120469004	-0.00213567748	0.02311846392
0.04120475982	-0.00213433084	0.02313695872
0.04120485135	-0.00213256316	0.02315567215
0.04120496462	-0.00213037328	0.02317462314
0.04120509960	-0.00212776110	0.02319382943
0.04120525650	-0.00212472043	0.02321331326
0.04120543556	-0.00212124503	0.02323309746
0.04120563520	-0.00211736334	0.02325316557
0.04120584888	-0.00211320082	0.02327339477
0.04120609412	-0.00210841351	0.02329419373
0.04120636159	-0.00210317961	0.02331536577
0.04120663821	-0.00209775285	0.02333663784
0.04120695179	-0.00209158422	0.02335866943
0.04120727574	-0.00208519203	0.02338086024
0.04120763054	-0.00207816870	0.02340371641
0.04120799816	-0.00207086647	0.02342682955
0.04120839828	-0.00206288899	0.02345069959
0.04120880820	-0.00205468401	0.02347479475
0.04120924805	-0.00204584335	0.02349964457
0.04120971004	-0.00203651628	0.02352507492
0.04121019030	-0.00202677469	0.02355101717
0.04121069014	-0.00201658581	0.02357753872
0.04121121501	-0.00200583080	0.02360481437
0.04121176053	-0.00199459125	0.02363275676
0.04121232667	-0.00198285918	0.02366140049
0.04121291339	-0.00197062674	0.02369078061
0.04121352061	-0.00195788633	0.02372093266
0.04121414824	-0.00194462985	0.02375189198
0.04121479613	-0.00193084948	0.02378369441
0.04121545935	-0.00191664047	0.02381623602
0.04121614480	-0.00190184328	0.02384977382
0.04121685079	-0.00188648108	0.02388429455
0.04121757175	-0.00187066271	0.02391966836
0.04121831050	-0.00185431370	0.02395603703
0.04121906927	-0.00183736992	0.02399352514
0.04121984032	-0.00181999021	0.02403191577
0.04122063084	-0.00180199702	0.02407151975
0.04122143677	-0.00178346597	0.02411224066
0.04122225357	-0.00176448602	0.02415396918
0.04122308849	-0.00174487122	0.02419704343
0.04122393623	-0.00172472654	0.02424131065
0.04122479621	-0.00170404728	0.02428681226
0.04122566782	-0.00168282878	0.02433358905
0.04122655039	-0.00166106672	0.02438168131
0.04122744322	-0.00163875741	0.02443112892
0.04122834553	-0.00161589754	0.02448197114
0.04122925654	-0.00159248408	0.02453424643
0.04123017538	-0.00156851467	0.02458799264
0.04123110116	-0.00154398754	0.02464324685
0.04123203126	-0.00151894635	0.02469996344
0.04123296522	-0.00149337842	0.02475821132
0.04123390473	-0.00146720846	0.02481818540
0.04123484284	-0.00144060276	0.02487957200
0.04123578501	-0.00141337712	0.02494282894
0.04123672323	-0.00138573362	0.02500754222
0.04123766224	-0.00135750246	0.02507416664
0.04123859632	-0.00132882412	0.02514241418
0.04123952539	-0.00129967131	0.02521242316
0.04124044896	-0.00127002740	0.02528429620
0.04124136451	-0.00123994078	0.02535797159
0.04124227055	-0.00120942952	0.02543347917
0.04124316544	-0.00117851801	0.02551083586
0.04124404776	-0.00114722461	0.02559008017
0.04124491628	-0.00111556307	0.02567126302
0.04124576924	-0.00108356820	0.02575437218
0.04124660483	-0.00105127999	0.02583939381
0.04124742189	-0.00101871837	0.02592638208
0.04124821903	-0.00098591411	0.02601534986
0.04124899483	-0.00095290358	0.02610629739
0.04124974799	-0.00091972308	0.02619922925
0.04125047729	-0.00088641027	0.02629414431
0.04125118088	-0.00085303930	0.02639092261
0.04125185887	-0.00081959752	0.02648979171
0.04125250990	-0.00078614679	0.02659062669
0.04125313262	-0.00075276088	0.02669329566
0.04125372707	-0.00071944644	0.02679797989
0.04125429251	-0.00068625768	0.02690458381
0.04125482806	-0.00065326993	0.02701294926
0.04125533418	-0.00062048485	0.02712330571
0.04125581012	-0.00058798954	0.02723535022
0.04125625629	-0.00055580325	0.02734925034
0.04125667263	-0.00052398770	0.02746483642
0.04125705952	-0.00049258494	0.02758210129
0.04125741742	-0.00046163629	0.02770102092
0.04125774678	-0.00043119636	0.02782144848
0.04125804846	-0.00040129439	0.02794346618
0.04125832309	-0.00037198891	0.02806681231
0.04125857175	-0.00034330366	0.02819165708
0.04125879531	-0.00031529293	0.02831765654
0.04125899498	-0.00028798177	0.02844499885
0.04125917189	-0.00026141022	0.02857339990
0.04125932728	-0.00023561026	0.02870288241
0.04125946249	-0.00021060700	0.02883336383
0.04125957879	-0.00018643461	0.02896462469
0.04125967756	-0.00016311805	0.02909676673
0.04125976020	-0.00014067099	0.02922958147
0.04125982805	-0.00011911905	0.02936291978
0.04125988247	-0.00009848254	0.02949682597
0.04125992482	-0.00007876626	0.02963112171
0.04125995640	-0.00005998233	0.02976570801
0.04125997848	-0.00004214011	0.02990045563
0.04125999227	-0.00002524927	0.03003532641
0.04125999895	-0.00000930699	0.03017019779
0.04125999961	0.00000568857	0.03030496216
0.04125999528	0.00001973985	0.03043952135
0.04125998692	0.00003285365	0.03057377821
0.04125997542	0.00004503888	0.03070763698
0.04125996158	0.00005630711	0.03084100353
0.04125994613	0.00006667208	0.03097374591
0.04125992974	0.00007614120	0.03110583941
0.04125991298	0.00008473975	0.03123717447
0.04125989634	0.00009248976	0.03136764563
0.04125988024	0.00009941306	0.03149713602
0.04125986508	0.00010551703	0.03162567424
0.04125985109	0.00011085082	0.03175303549
0.04125983859	0.00011541129	0.03187930237
0.04125982766	0.00011925524	0.03200424109
0.04125981851	0.00012237964	0.03212792677
0.04125981116	0.00012483250	0.03225022887
0.04125980564	0.00012664312	0.03237106152
0.04125980198	0.00012782904	0.03249041036
0.04125980014	0.00012842283	0.03260822059
0.04125980003	0.00012845778	0.03272443001
0.04125980157	0.00012796252	0.03283899486
0.04125980465	0.00012696612	0.03295187509
0.04125980914	0.00012549799	0.03306303436
0.04125981490	0.00012359003	0.03317241674
0.04125982180	0.00012126307	0.03328001572
0.04125982970	0.00011854521	0.03338581959
0.04125983841	0.00011547339	0.03348977119
0.04125984779	0.00011207244	0.03359184220
0.04125985772	0.00010835487	0.03369207700
0.04125986799	0.00010436984	0.03379037053
0.04125987854	0.00010011534	0.03388680179
0.04125988917	0.00009563331	0.03398131833
0.04125989976	0.00009094859	0.03407388585
0.04125991024	0.00008606357	0.03416457233
0.04125992046	0.00008101540	0.03425333769
0.04125993033	0.00007582235	0.03434018659
0.04125993977	0.00007050217	0.03442512604
0.04125994869	0.00006507190	0.03450816529
0.04125995703	0.00005954833	0.03458931574
0.04125996473	0.00005394768	0.03466859080
0.04125997175	0.00004828563	0.03474600576
0.04125997803	0.00004257703	0.03482157766
0.04125998356	0.00003683651	0.03489532522
0.04125998829	0.00003108366	0.03496723181
0.04125999224	0.00002531235	0.03503737357
0.04125999537	0.00001954247	0.03510576563
0.04125999769	0.00001380139	0.03517235692
0.04125999921	0.00000806280	0.03523728948
0.04125999993	0.00000237264	0.03530047472
0.04125999987	-0.00000329349	0.03536204334
0.04125999904	-0.00000889290	0.03542190287
0.04125999747	-0.00001445887	0.03548020484
0.04125999517	-0.00001995569	0.03553690307
0.04125999219	-0.00002538064	0.03559201347
0.04125998854	-0.00003074754	0.03564562773
0.04125998426	-0.00003603566	0.03569773763
0.04125997939	-0.00004124239	0.03574837334
0.04125997395	-0.00004636358	0.03579755513
0.04125996798	-0.00005140217	0.03584532772
0.04125996151	-0.00005635618	0.03589172861
0.04125995458	-0.00006121902	0.03593677771
0.04125994723	-0.00006598906	0.03598050568
0.04125993949	-0.00007066513	0.03602294303
0.04125993139	-0.00007524595	0.03606412025
0.04125992296	-0.00007973063	0.03610406760
0.04125991426	-0.00008411556	0.03614280003
0.04125990529	-0.00008840688	0.03618036441
0.04125989608	-0.00009260431	0.03621679520
0.04125988667	-0.00009670431	0.03625211472
0.04125987710	-0.00010070658	0.03628635192
0.04125986739	-0.00010460738	0.03631951638
0.04125985757	-0.00010841125	0.03635163786
0.04125984763	-0.00011213057	0.03638279071
0.04125983763	-0.00011575302	0.03641297314
0.04125982755	-0.00011929097	0.03644227657
0.04125982178	-0.00012127223	0.03645712490
0.04125982070	-0.00012163651	0.03647210040
0.04125982439	-0.00012037952	0.03648702750
0.04125983265	-0.00011751600	0.03650173119
0.04125984504	-0.00011307952	0.03651603908
0.04125986094	-0.00010712210	0.03652978343
0.04125987951	-0.00009971358	0.03654280310
0.04125989978	-0.00009094082	0.03655494544
0.04125992068	-0.00008090666	0.03656606810
0.04125994108	-0.00006972874	0.03657604067
0.04125995988	-0.00005753813	0.03658474624
0.04125997603	-0.00004447773	0.03659208273
0.04125998858	-0.00003070068	0.03659796414
0.04125999675	-0.00001636849	0.03660232151
0.04125999997	-0.00000164920	0.03660510375
0.04173383550	-0.00196351081	0.02263048265
0.04173113636	-0.00202006385	0.02269999934
0.04173012240	-0.00204090293	0.02273219777
0.04172939728	-0.00205567572	0.02275870707
0.04172881178	-0.00206752691	0.02278213862
0.04172832707	-0.00207728678	0.02280389281
0.04172791449	-0.00208555807	0.02282449151
0.04172754790	-0.00209287991	0.02284406521
0.04172723821	-0.00209904526	0.02286326123
0.04172696298	-0.00210450950	0.02288190958
0.04172671652	-0.00210939060	0.02290011405
0.04172650987	-0.00211347451	0.02291825722
0.04172633105	-0.00211700188	0.02293621130
0.04172617117	-0.00212015085	0.02295389653
0.04172603972	-0.00212273636	0.02297158885
0.04172593517	-0.00212479046	0.02298931682
0.04172585310	-0.00212640134	0.02300704207
0.04172579291	-0.00212758212	0.02302479755
0.04172575414	-0.00212834244	0.02304261364
0.04172573648	-0.00212868869	0.02306051844
0.04172573910	-0.00212863716	0.02307852535
0.04172576331	-0.00212816273	0.02309668855
0.04172580961	-0.00212725465	0.02311504271
0.04172587480	-0.00212597555	0.02313354176
0.04172596136	-0.00212427594	0.02315226095
0.04172606930	-0.00212215470	0.02317121920
0.04172619856	-0.00211961177	0.02319043429
0.04172634936	-0.00211664104	0.02320992840
0.04172652193	-0.00211323635	0.02322972440
0.04172671473	-0.00210942593	0.02324980586
0.04172692138	-0.00210533425	0.02327005013
0.04172715896	-0.00210062019	0.02329086538
0.04172741839	-0.00209546048	0.02331205524
0.04172768690	-0.00209010677	0.02333334704
0.04172799160	-0.00208401464	0.02335539938
0.04172830659	-0.00207769806	0.02337761287
0.04172865182	-0.00207075290	0.02340049291
0.04172900970	-0.00206352845	0.02342363178
0.04172939945	-0.00205563169	0.02344752866
0.04172979890	-0.00204750663	0.02347165265
0.04173022771	-0.00203874855	0.02349653246
0.04173067826	-0.00202950544	0.02352199428
0.04173114678	-0.00201984861	0.02354796965
0.04173163455	-0.00200974562	0.02357452586
0.04173214690	-0.00199907862	0.02360183744
0.04173267952	-0.00198792853	0.02362981725
0.04173323242	-0.00197628744	0.02365849984
0.04173380553	-0.00196414760	0.02368792022
0.04173439878	-0.00195150150	0.02371811391
0.04173501209	-0.00193834109	0.02374911622
0.04173564530	-0.00192465867	0.02378096295
0.04173629360	-0.00191054867	0.02381355042
0.04173696373	-0.00189585296	0.02384713512
0.04173765403	-0.00188059450	0.02388170386
0.04173835907	-0.00186488119	0.02391712713
0.04173908160	-0.00184863923	0.02395354643
0.04173982379	-0.00183180507	0.02399108606
0.04174057808	-0.00181453612	0.02402952968
0.04174135151	-0.00179665644	0.02406918738
0.04174214009	-0.00177824095	0.02410996303
0.04174293940	-0.00175937782	0.02415174763
0.04174375651	-0.00173988277	0.02419487844
0.04174458626	-0.00171985979	0.02423920316
0.04174542808	-0.00169930422	0.02428476313
0.04174628135	-0.00167821144	0.02433159906
0.04174714544	-0.00165657714	0.02437975116
0.04174801965	-0.00163439765	0.02442925923
0.04174890323	-0.00161166969	0.02448016244
0.04174979541	-0.00158839022	0.02453249917
0.04175069534	-0.00156455688	0.02458630718
0.04175160216	-0.00154016790	0.02464162346
0.04175251331	-0.00151526652	0.02469840257
0.04175342832	-0.00148984020	0.02475671319
0.04175434885	-0.00146381429	0.02481674965
0.04175526811	-0.00143735357	0.02487819927
0.04175619143	-0.00141027557	0.02494151839
0.04175711099	-0.00138278044	0.02500629439
0.04175803142	-0.00135470006	0.02507298052
0.04175894711	-0.00132617355	0.02514128976
0.04175985799	-0.00129717397	0.02521135991
0.04176076358	-0.00126768490	0.02528329324
0.04176166142	-0.00123775428	0.02535702821
0.04176255003	-0.00120740011	0.02543259454
0.04176342781	-0.00117664664	0.02551000904
0.04176429338	-0.00114551216	0.02558931003
0.04176514553	-0.00111401042	0.02567054821
0.04176598251	-0.00108217598	0.02575371133
0.04176680258	-0.00105004860	0.02583878552
0.04176760458	-0.00101764820	0.02592582468
0.04176838714	-0.00098500539	0.02601484156
0.04176914888	-0.00095215639	0.02610583628
0.04176988852	-0.00091913733	0.02619881332
0.04177060485	-0.00088598569	0.02629377146
0.04177129606	-0.00085277512	0.02639059107
0.04177196225	-0.00081949339	0.02648949867
0.04177260210	-0.00078620193	0.02659036973
0.04177321427	-0.00075297402	0.02669307273
0.04177379878	-0.00071981656	0.02679778806
0.04177435491	-0.00068678345	0.02690442037
0.04177488181	-0.00065394952	0.02701281196
0.04177537990	-0.00062131677	0.02712319117
0.04177584843	-0.00058897160	0.02723525613
0.04177628783	-0.00055693346	0.02734917349
0.04177669803	-0.00052526366	0.02746477408
0.04177707936	-0.00049400413	0.02758205054
0.04177743230	-0.00046319607	0.02770097871
0.04177775728	-0.00043289378	0.02782141214
0.04177805511	-0.00040312654	0.02794343245
0.04177832643	-0.00037395244	0.02806677876
0.04177857228	-0.00034539539	0.02819162029
0.04177879352	-0.00031750922	0.02831761430
0.04177899131	-0.00029031914	0.02844494786
0.04177916676	-0.00026386484	0.02857333777
0.04177932109	-0.00023817831	0.02870280637
0.04177945559	-0.00021328455	0.02883327118
0.04177957152	-0.00018921753	0.02896451334
0.04177967021	-0.00016600228	0.02909663386
0.04177975304	-0.00014365234	0.02922942484
0.04177982131	-0.00012219323	0.02936273749
0.04177987636	-0.00010164526	0.02949661560
0.04177991950	-0.00008201322	0.02963088128
0.04177995203	-0.00006330920	0.02976543568
0.04177997518	-0.00004554252	0.02990014976
0.04177999013	-0.00002872288	0.03003498524
0.04177999802	-0.00001284748	0.03016981976
0.04177999995	0.00000208550	0.03030454586
0.04177999691	0.00001607845	0.03043906548
0.04177998984	0.00002913813	0.03057328159
0.04177997961	0.00004127338	0.03070709854
0.04177996702	0.00005249570	0.03084042231
0.04177995277	0.00006281876	0.03097312123
0.04177993753	0.00007224991	0.03110517040
0.04177992184	0.00008081430	0.03123646047
0.04177990620	0.00008853386	0.03136688616
0.04177989101	0.00009543031	0.03149633086
0.04177987668	0.00010151098	0.03162482276
0.04177986343	0.00010682480	0.03175213782
0.04177985157	0.00011136862	0.03187835803
0.04177984118	0.00011519900	0.03200325040
0.04177983248	0.00011831292	0.03212688951
0.04177982548	0.00012075816	0.03224914518
0.04177982023	0.00012256389	0.03236993172
0.04177981674	0.00012374757	0.03248923466
0.04177981497	0.00012434163	0.03260699926
0.04177981486	0.00012437922	0.03272316344
0.04177981632	0.00012388882	0.03283768348
0.04177981924	0.00012289938	0.03295051938
0.04177982351	0.00012144020	0.03306163482
0.04177982898	0.00011954302	0.03317097402
0.04177983554	0.00011722858	0.03327853040
0.04177984304	0.00011452489	0.03338429222
0.04177985130	0.00011146869	0.03348820247
0.04177986019	0.00010808472	0.03359023291
0.04177986960	0.00010438545	0.03369042767
0.04177987932	0.00010041982	0.03378868211
0.04177988928	0.00009618582	0.03388507485
0.04177989931	0.00009172522	0.03397955366
0.04177990929	0.00008706275	0.03407208437
0.04177991914	0.00008220081	0.03416273467
0.04177992872	0.00007717636	0.03425146465
0.04177993795	0.00007200762	0.03433827898
0.04177994674	0.00006671224	0.03442318467
0.04177995502	0.00006130722	0.03450619095
0.04177996273	0.00005580925	0.03458730922
0.04177996980	0.00005023450	0.03466655288
0.04177997620	0.00004459858	0.03474393721
0.04177998188	0.00003891628	0.03481947925
0.04177998681	0.00003320216	0.03489319769
0.04177999097	0.00002747572	0.03496507605
0.04177999435	0.00002173089	0.03503519023
0.04177999694	0.00001598745	0.03510355539
0.04177999874	0.00001027263	0.03517012072
0.04177999975	0.00000456029	0.03523502780
0.04177999999	-0.00000110387	0.03529818848
0.04177999946	-0.00000674413	0.03535973301
0.04177999818	-0.00001231799	0.03541956942
0.04177999618	-0.00001785855	0.03547784868
0.04177999349	-0.00002333031	0.03553452494
0.04177999012	-0.00002873053	0.03558961414
0.04177998611	-0.00003407297	0.03564320767
0.04177998148	-0.00003933699	0.03569529748
0.04177997628	-0.00004451999	0.03574591371
0.04177997054	-0.00004961786	0.03579507667
0.04177996428	-0.00005463350	0.03584283099
0.04177995754	-0.00005956494	0.03588921414
0.04177995036	-0.00006440563	0.03593424605
0.04177994277	-0.00006915394	0.03597795735
0.04177993480	-0.00007380871	0.03602037857
0.04177992650	-0.00007836865	0.03606154015
0.04177991789	-0.00008283290	0.03610147234
0.04177990901	-0.00008719786	0.03614019016
0.04177989987	-0.00009146963	0.03617774037
0.04177989052	-0.00009564792	0.03621415741
0.04177988097	-0.00009972923	0.03624946360
0.04177987127	-0.00010371324	0.03628368789
0.04177986145	-0.00010759626	0.03631683992
0.04177985153	-0.00011138278	0.03634894943
0.04177984150	-0.00011508513	0.03638009055
0.04177983141	-0.00011869104	0.03641026162
0.04177982125	-0.00012221281	0.03643955375
0.04177981543	-0.00012418711	0.03645440299
0.04177981437	-0.00012454436	0.03646937864
0.04177981812	-0.00012328037	0.03648430513
0.04177982649	-0.00012040996	0.03649900746
0.04177983906	-0.00011596678	0.03651331326
0.04177985519	-0.00011000292	0.03652705480
0.04177987405	-0.00010258830	0.03654007098
0.04177989468	-0.00009380985	0.03655220919
0.04177991602	-0.00008377049	0.03656332713
0.04177993694	-0.00007258792	0.03657329445
0.04177995635	-0.00006039323	0.03658199429
0.04177997319	-0.00004732941	0.03658932464
0.04177998653	-0.00003354962	0.03659519958
0.04177999558	-0.00001921541	0.03659955023
0.04177999976	-0.00000449483	0.03660232556
0.04225487925	-0.00195324853	0.02262772680
0.04225221423	-0.00201007281	0.02269702281
0.04225121165	-0.00203103760	0.02272913942
0.04225049389	-0.00204591456	0.02275558966
0.04224991389	-0.00205785714	0.02277897426
0.04224943323	-0.00206770208	0.02280068924
0.04224902366	-0.00207605392	0.02282125442
0.04224865951	-0.00208345135	0.02284079917
0.04224835132	-0.00208969159	0.02285996973
0.04224807711	-0.00209522801	0.02287859581
0.04224783129	-0.00210017890	0.02289678080
0.04224762459	-0.00210433289	0.02291490680
0.04224744529	-0.00210792934	0.02293284597
0.04224728470	-0.00211114550	0.02295051848
0.04224715206	-0.00211379825	0.02296819995
0.04224704586	-0.00211591974	0.02298591887
0.04224696178	-0.00211759769	0.02300363686
0.04224689923	-0.00211884535	0.02302138680
0.04224685774	-0.00211967247	0.02303919903
0.04224683701	-0.00212008553	0.02305710159
0.04224683624	-0.00212010081	0.02307510789
0.04224685668	-0.00211969354	0.02309327203
0.04224689884	-0.00211885310	0.02311162866
0.04224695958	-0.00211764169	0.02313013177
0.04224704132	-0.00211601029	0.02314885654
0.04224714407	-0.00211395784	0.02316782190
0.04224726777	-0.00211148432	0.02318704560
0.04224741264	-0.00210858370	0.02320654984
0.04224757890	-0.00210524989	0.02322635748
0.04224776505	-0.00210151092	0.02324645214
0.04224796486	-0.00209749024	0.02326671133
0.04224819500	-0.00209284962	0.02328754273
0.04224844660	-0.00208776429	0.02330875027
0.04224870721	-0.00208248381	0.02333006167
0.04224900329	-0.00207646837	0.02335213462
0.04224930955	-0.00207022761	0.02337437067
0.04224964547	-0.00206336082	0.02339727447
0.04224999388	-0.00205621435	0.02342043895
0.04225037353	-0.00204839852	0.02344436256
0.04225076280	-0.00204035359	0.02346851528
0.04225118085	-0.00203167830	0.02349342497
0.04225162027	-0.00202251937	0.02351891817
0.04225207737	-0.00201294753	0.02354492656
0.04225255340	-0.00200293064	0.02357151736
0.04225305355	-0.00199235187	0.02359886479
0.04225357363	-0.00198129146	0.02362688192
0.04225411362	-0.00196974158	0.02365560329
0.04225467349	-0.00195769457	0.02368506386
0.04225525315	-0.00194514300	0.02371529912
0.04225585251	-0.00193207891	0.02374634435
0.04225647144	-0.00191849465	0.02377823531
0.04225710521	-0.00190448389	0.02381086859
0.04225776043	-0.00188988989	0.02384450012
0.04225843546	-0.00187473538	0.02387911682
0.04225912500	-0.00185912736	0.02391458951
0.04225983173	-0.00184299267	0.02395105937
0.04226055778	-0.00182626833	0.02398865047
0.04226129576	-0.00180911037	0.02402714704
0.04226205254	-0.00179134440	0.02406685841
0.04226282424	-0.00177304465	0.02410768876
0.04226360653	-0.00175429854	0.02414952940
0.04226440631	-0.00173492343	0.02419271674
0.04226521854	-0.00171502232	0.02423709892
0.04226604267	-0.00169459061	0.02428271721
0.04226687809	-0.00167362370	0.02432961225
0.04226772419	-0.00165211731	0.02437782416
0.04226858028	-0.00163006778	0.02442739266
0.04226944563	-0.00160747185	0.02447835683
0.04227031949	-0.00158432649	0.02453075498
0.04227120103	-0.00156062931	0.02458462476
0.04227208938	-0.00153637856	0.02464000309
0.04227298208	-0.00151161705	0.02469684469
0.04227387865	-0.00148633237	0.02475521803
0.04227478071	-0.00146045055	0.02481531683
0.04227568163	-0.00143413481	0.02487682947
0.04227658661	-0.00140720441	0.02494021074
0.04227748802	-0.00137985762	0.02500504944
0.04227839035	-0.00135192795	0.02507179727
0.04227928816	-0.00132355318	0.02514016818
0.04228018134	-0.00129470672	0.02521029949
0.04228106944	-0.00126537232	0.02528229308
0.04228195003	-0.00123559753	0.02535608761
0.04228282169	-0.00120540025	0.02543171267
0.04228368284	-0.00117480457	0.02550918496
0.04228453211	-0.00114382875	0.02558854263
0.04228536832	-0.00111248648	0.02566983611
0.04228618977	-0.00108081212	0.02575305316
0.04228699474	-0.00104884520	0.02583817989
0.04228778208	-0.00101660559	0.02592526992
0.04228855046	-0.00098412378	0.02601433585
0.04228929853	-0.00095143580	0.02610537775
0.04229002501	-0.00091857763	0.02619839995
0.04229072873	-0.00088558657	0.02629340113
0.04229140791	-0.00085253577	0.02639026202
0.04229206263	-0.00081941342	0.02648920809
0.04229269160	-0.00078628050	0.02659011521
0.04229329350	-0.00075320981	0.02669285222
0.04229386835	-0.00072020852	0.02679759860
0.04229441544	-0.00068733019	0.02690425927
0.04229493391	-0.00065464916	0.02701267696
0.04229542419	-0.00062216778	0.02712307891
0.04229588554	-0.00058997174	0.02723516429
0.04229631835	-0.00055808068	0.02734909886
0.04229672256	-0.00052655552	0.02746471393
0.04229709850	-0.00049543805	0.02758200197
0.04229744661	-0.00046476937	0.02770093866
0.04229776732	-0.00043460345	0.02782137795
0.04229806142	-0.00040496962	0.02794340084
0.04229832952	-0.00037592555	0.02806674732
0.04229857264	-0.00034749530	0.02819158561
0.04229879161	-0.00031973224	0.02831757417
0.04229898757	-0.00029266172	0.02844489897
0.04229916160	-0.00026632313	0.02857327776
0.04229931489	-0.00024074842	0.02870273246
0.04229944870	-0.00021596253	0.02883318067
0.04229956426	-0.00019199921	0.02896440417
0.04229966286	-0.00016888354	0.02909650319
0.04229974586	-0.00014662897	0.02922927046
0.04229981454	-0.00012526088	0.02936255748
0.04229987018	-0.00010479963	0.02949640756
0.04229991409	-0.00008524997	0.02963064325
0.04229994753	-0.00006662395	0.02976516581
0.04229997170	-0.00004893089	0.02989984645
0.04229998776	-0.00003218049	0.03003464671
0.04229999683	-0.00001636998	0.03016944446
0.04229999997	-0.00000149757	0.03030413239
0.04229999817	0.00001243908	0.03043861255
0.04229999235	0.00002544668	0.03057278804
0.04229998335	0.00003753402	0.03070656330
0.04229997195	0.00004871251	0.03083984443
0.04229995886	0.00005899576	0.03097250003
0.04229994471	0.00006839105	0.03110450503
0.04229993006	0.00007692340	0.03123575027
0.04229991537	0.00008461463	0.03136613067
0.04229990107	0.00009148636	0.03149552984
0.04229988753	0.00009754585	0.03162397562
0.04229987498	0.00010284184	0.03175124468
0.04229986373	0.00010737115	0.03187741842
0.04229985386	0.00011119009	0.03200226465
0.04229984558	0.00011429564	0.03212585740
0.04229983892	0.00011673537	0.03224806686
0.04229983391	0.00011853832	0.03236880752
0.04229983058	0.00011972186	0.03248806478
0.04229982888	0.00012031827	0.03260578399
0.04229982876	0.00012036055	0.03272190316
0.04229983014	0.00011987706	0.03283637864
0.04229983290	0.00011889663	0.03294917045
0.04229983695	0.00011744840	0.03306024232
0.04229984214	0.00011556399	0.03316953860
0.04229984836	0.00011326406	0.03327705263
0.04229985547	0.00011057648	0.03338277264
0.04229986330	0.00010753783	0.03348664181
0.04229987173	0.00010417274	0.03358863194
0.04229988063	0.00010049365	0.03368878692
0.04229988981	0.00009654925	0.03378700254
0.04229989922	0.00009233758	0.03388335702
0.04229990867	0.00008790021	0.03397779835
0.04229991806	0.00008326175	0.03407029251
0.04229992730	0.00007842462	0.03416090688
0.04229993627	0.00007342560	0.03424960175
0.04229994489	0.00006828284	0.03433638176
0.04229995306	0.00006301392	0.03442125393
0.04229996073	0.00005763575	0.03450422749
0.04229996783	0.00005216497	0.03458531383
0.04229997431	0.00004661767	0.03466452634
0.04229998012	0.00004100940	0.03474188030
0.04229998522	0.00003535488	0.03481739271
0.04229998960	0.00002966862	0.03489108227
0.04229999321	0.00002397001	0.03496293264
0.04229999606	0.00001825304	0.03503301948
0.04229999814	0.00001253740	0.03510135794
0.04229999945	0.00000685018	0.03516789756
0.04229999998	0.00000116538	0.03523277937
0.04229999976	-0.00000447152	0.03529591571
0.04229999880	-0.00001008465	0.03535743637
0.04229999711	-0.00001563176	0.03541724985
0.04229999471	-0.00002114575	0.03547550662
0.04229999164	-0.00002659129	0.03553216111
0.04229998792	-0.00003196567	0.03558722929
0.04229998357	-0.00003728256	0.03564080230
0.04229997863	-0.00004252142	0.03569287220
0.04229997313	-0.00004767967	0.03574346915
0.04229996711	-0.00005275321	0.03579261345
0.04229996059	-0.00005774492	0.03584034969
0.04229995360	-0.00006265284	0.03588671526
0.04229994619	-0.00006747045	0.03593173014
0.04229993839	-0.00007219614	0.03597542495
0.04229993023	-0.00007682873	0.03601783018
0.04229992174	-0.00008136696	0.03605897628
0.04229991296	-0.00008580995	0.03609889348
0.04229990393	-0.00009015413	0.03613759682
0.04229989465	-0.00009440557	0.03617513301
0.04229988517	-0.00009856397	0.03621153644
0.04229987551	-0.00010262585	0.03624682945
0.04229986570	-0.00010659091	0.03628104096
0.04229985579	-0.00011045545	0.03631418068
0.04229984578	-0.00011422397	0.03634627834
0.04229983567	-0.00011790869	0.03637740786
0.04229982551	-0.00012149744	0.03640756768
0.04229981530	-0.00012500241	0.03643684863
0.04229980944	-0.00012696942	0.03645169882
0.04229980839	-0.00012731933	0.03646667463
0.04229981220	-0.00012604802	0.03648160048
0.04229982067	-0.00012317040	0.03649630138
0.04229983340	-0.00011872020	0.03651060498
0.04229984973	-0.00011274961	0.03652434358
0.04229986886	-0.00010532862	0.03653735610
0.04229988983	-0.00009654423	0.03654948999
0.04229991156	-0.00008649942	0.03656060299
0.04229993296	-0.00007531197	0.03657056481
0.04229995292	-0.00006311304	0.03657925866
0.04229997040	-0.00005004564	0.03658658260
0.04229998446	-0.00003626298	0.03659245077
0.04229999432	-0.00002192666	0.03659679437
0.04229999939	-0.00000720474	0.03659956249
0.04277589407	-0.00194300966	0.02262498768
0.04277326245	-0.00200010480	0.02269406148
0.04277227104	-0.00202119521	0.02272609563
0.04277156048	-0.00203617631	0.02275248629
0.04277098590	-0.00204821025	0.02277582351
0.04277050922	-0.00205814025	0.02279749888
0.04277010261	-0.00206657265	0.02281803018
0.04276974087	-0.00207404569	0.02283754565
0.04276943416	-0.00208036085	0.02285669042
0.04276916098	-0.00208596948	0.02287529393
0.04276891581	-0.00209099020	0.02289345917
0.04276870909	-0.00209521431	0.02291156772
0.04276852936	-0.00209887989	0.02292949171
0.04276836810	-0.00210216329	0.02294715125
0.04276823431	-0.00210488336	0.02296482163
0.04276812652	-0.00210707230	0.02298253126
0.04276804051	-0.00210881740	0.02300024175
0.04276797567	-0.00211013201	0.02301798593
0.04276793155	-0.00211102600	0.02303579407
0.04276790786	-0.00211150596	0.02305369420
0.04276790380	-0.00211158816	0.02307169967
0.04276792059	-0.00211124812	0.02308986455
0.04276795872	-0.00211047543	0.02310822346
0.04276801514	-0.00210933181	0.02312673045
0.04276809221	-0.00210776873	0.02314546061
0.04276818992	-0.00210578519	0.02316443289
0.04276830821	-0.00210338119	0.02318366502
0.04276844732	-0.00210055080	0.02320317922
0.04276860745	-0.00209728800	0.02322299833
0.04276878713	-0.00209362060	0.02324310602
0.04276898029	-0.00208967106	0.02326337999
0.04276920319	-0.00208510401	0.02328422737
0.04276944718	-0.00208009320	0.02330545243
0.04276970011	-0.00207488610	0.02332678331
0.04276998780	-0.00206894751	0.02334887672
0.04277028557	-0.00206278271	0.02337113519
0.04277061242	-0.00205599445	0.02339406259
0.04277095161	-0.00204892611	0.02341725258
0.04277132144	-0.00204119138	0.02344120276
0.04277170080	-0.00203322673	0.02346538411
0.04277210838	-0.00202463439	0.02349032355
0.04277253697	-0.00201555981	0.02351584800
0.04277298295	-0.00200607313	0.02354188930
0.04277344755	-0.00199614251	0.02356851456
0.04277393582	-0.00198565215	0.02359589773
0.04277444369	-0.00197468159	0.02362395208
0.04277497113	-0.00196322310	0.02365271211
0.04277551810	-0.00195126909	0.02368221278
0.04277608452	-0.00193881222	0.02371248950
0.04277667031	-0.00192584461	0.02374357756
0.04277727532	-0.00191235870	0.02377551264
0.04277789497	-0.00189844734	0.02380819164
0.04277853565	-0.00188395522	0.02384186992
0.04277919582	-0.00186890484	0.02387653447
0.04277987027	-0.00185340226	0.02391205649
0.04278056163	-0.00183737500	0.02394857684
0.04278127196	-0.00182076064	0.02398621931
0.04278199407	-0.00180371380	0.02402476875
0.04278273464	-0.00178606169	0.02406453371
0.04278348990	-0.00176787784	0.02410541867
0.04278425561	-0.00174924886	0.02414731529
0.04278503852	-0.00172999381	0.02419055906
0.04278583370	-0.00171021469	0.02423499863
0.04278664061	-0.00168990694	0.02428067518
0.04278745866	-0.00166906600	0.02432762925
0.04278828725	-0.00164768760	0.02437590090
0.04278912570	-0.00162576810	0.02442552976
0.04278997331	-0.00160330426	0.02447655482
0.04279082932	-0.00158029304	0.02452901431
0.04279169295	-0.00155673205	0.02458294580
0.04279256334	-0.00153261953	0.02463838612
0.04279343808	-0.00150799790	0.02469529014
0.04279431670	-0.00148285483	0.02475372615
0.04279520078	-0.00145711706	0.02481388723
0.04279608385	-0.00143094622	0.02487546282
0.04279697098	-0.00140416335	0.02493890618
0.04279785471	-0.00137696478	0.02500380753
0.04279873944	-0.00134918568	0.02507061699
0.04279961984	-0.00132096251	0.02513904953
0.04280049580	-0.00129226897	0.02520924194
0.04280136687	-0.00126308904	0.02528129573
0.04280223069	-0.00123346983	0.02535514977
0.04280308585	-0.00120342916	0.02543083351
0.04280393080	-0.00117299098	0.02550836354
0.04280476422	-0.00114217347	0.02558777782
0.04280558492	-0.00111099031	0.02566912655
0.04280639126	-0.00107947564	0.02575239748
0.04280718153	-0.00104766873	0.02583757670
0.04280795461	-0.00101558944	0.02592471755
0.04280870921	-0.00098326811	0.02601383250
0.04280944396	-0.00095074060	0.02610492152
0.04281015764	-0.00091804271	0.02619798882
0.04281084910	-0.00088521160	0.02629303300
0.04281151657	-0.00085231990	0.02638993512
0.04281216013	-0.00081935621	0.02648891963
0.04281277852	-0.00078638107	0.02658986276
0.04281337043	-0.00075346679	0.02669263373
0.04281393588	-0.00072062082	0.02679741114
0.04281447417	-0.00068789636	0.02690410012
0.04281498445	-0.00065536730	0.02701254390
0.04281546713	-0.00062303630	0.02712296855
0.04281592149	-0.00059098836	0.02723507433
0.04281634789	-0.00055924330	0.02734902607
0.04281674628	-0.00052786165	0.02746465561
0.04281711697	-0.00049688508	0.02758195520
0.04281746038	-0.00046635455	0.02770090041
0.04281777693	-0.00043632374	0.02782134554
0.04281806740	-0.00040682202	0.02794337101
0.04281833237	-0.00037790663	0.02806671767
0.04281857282	-0.00034960178	0.02819155272
0.04281878958	-0.00032196038	0.02831753585
0.04281898376	-0.00029500794	0.02844485191
0.04281915641	-0.00026878354	0.02857321960
0.04281930868	-0.00024331910	0.02870266045
0.04281944181	-0.00021863948	0.02883309209
0.04281955700	-0.00019477822	0.02896429698
0.04281965551	-0.00017176046	0.02909637456
0.04281973867	-0.00014959954	0.02922911818
0.04281980773	-0.00012832074	0.02936237967
0.04281986394	-0.00010794443	0.02949620179
0.04281990860	-0.00008847534	0.02963040759
0.04281994291	-0.00006992551	0.02976489841
0.04281996806	-0.00005230421	0.02989954571
0.04281998518	-0.00003562116	0.03003431087
0.04281999539	-0.00001987363	0.03016907198
0.04281999970	-0.00000505988	0.03030372188
0.04281999909	0.00000882242	0.03043816273
0.04281999446	0.00002177990	0.03057229774
0.04281998664	0.00003382130	0.03070603148
0.04281997640	0.00004495795	0.03083927013
0.04281996442	0.00005520338	0.03097188260
0.04281995132	0.00006456481	0.03110384361
0.04281993766	0.00007306714	0.03123504423
0.04281992389	0.00008073206	0.03136537953
0.04281991043	0.00008758109	0.03149473339
0.04281989765	0.00009362143	0.03162313326
0.04281988578	0.00009890160	0.03175035655
0.04281987511	0.00010341840	0.03187648405
0.04281986574	0.00010722791	0.03200128438
0.04281985787	0.00011032710	0.03212483101
0.04281985152	0.00011276332	0.03224699451
0.04281984674	0.00011456546	0.03236768953
0.04281984355	0.00011575083	0.03248690138
0.04281984192	0.00011635155	0.03260457545
0.04281984179	0.00011640047	0.03272064988
0.04281984308	0.00011592582	0.03283508106
0.04281984569	0.00011495629	0.03294782906
0.04281984952	0.00011352091	0.03305885762
0.04281985444	0.00011165115	0.03316811125
0.04281986033	0.00010936757	0.03327558320
0.04281986707	0.00010669792	0.03338126169
0.04281987448	0.00010367863	0.03348509005
0.04281988245	0.00010033421	0.03358704014
0.04281989086	0.00009667704	0.03368715563
0.04281989954	0.00009275561	0.03378533268
0.04281990840	0.00008856797	0.03388164919
0.04281991730	0.00008415550	0.03397605332
0.04281992612	0.00007954270	0.03406851121
0.04281993479	0.00007473199	0.03415908992
0.04281994318	0.00006976000	0.03424774993
0.04281995120	0.00006464478	0.03433449590
0.04281995879	0.00005940384	0.03441933482
0.04281996588	0.00005405404	0.03450227593
0.04281997241	0.00004861192	0.03458333060
0.04281997832	0.00004309351	0.03466251221
0.04281998357	0.00003751430	0.03473983604
0.04281998813	0.00003188895	0.03481531907
0.04281999197	0.00002623189	0.03488898000
0.04281999506	0.00002056245	0.03496080262
0.04281999742	0.00001487463	0.03503086236
0.04281999901	0.00000918805	0.03509917437
0.04281999985	0.00000352966	0.03516568850
0.04281999995	-0.00000212638	0.03523054527
0.04281999930	-0.00000773485	0.03529365749
0.04281999793	-0.00001331970	0.03535515449
0.04281999586	-0.00001883895	0.03541494527
0.04281999309	-0.00002432527	0.03547317976
0.04281998967	-0.00002974352	0.03552981268
0.04281998562	-0.00003509103	0.03558486005
0.04281998096	-0.00004038135	0.03563841272
0.04281997573	-0.00004559407	0.03569046292
0.04281996995	-0.00005072660	0.03574104076
0.04281996368	-0.00005577488	0.03579016659
0.04281995692	-0.00006074176	0.03583788492
0.04281994971	-0.00006562528	0.03588423310
0.04281994210	-0.00007041897	0.03592923112
0.04281993411	-0.00007512119	0.03597290960
0.04281992577	-0.00007973080	0.03601529901
0.04281991712	-0.00008424652	0.03605642979
0.04281990820	-0.00008866749	0.03609633213
0.04281989903	-0.00009299016	0.03613502117
0.04281988963	-0.00009722054	0.03617254348
0.04281988004	-0.00010135836	0.03620893344
0.04281987028	-0.00010540014	0.03624421340
0.04281986039	-0.00010934557	0.03627841226
0.04281985039	-0.00011319100	0.03631153981
0.04281984032	-0.00011694089	0.03634362575
0.04281983015	-0.00012060739	0.03637474380
0.04281981994	-0.00012417839	0.03640489249
0.04281980968	-0.00012766599	0.03643416236
0.04281980380	-0.00012962542	0.03644901353
0.04281980276	-0.00012996768	0.03646398950
0.04281980662	-0.00012868875	0.03647891468
0.04281981520	-0.00012580363	0.03649361410
0.04281982806	-0.00012134614	0.03650791540
0.04281984458	-0.00011536854	0.03652165094
0.04281986395	-0.00010794091	0.03653465965
0.04281988521	-0.00009915034	0.03654678904
0.04281990730	-0.00008909987	0.03655789690
0.04281992913	-0.00007790735	0.03656785299
0.04281994959	-0.00006570399	0.03657654059
0.04281996765	-0.00005263288	0.03658385785
0.04281998238	-0.00003884724	0.03658971898
0.04281999299	-0.00002450871	0.03659405526
0.04281999888	-0.00000978540	0.03659681585
0.04329688087	-0.00193279774	0.02262226648
0.04329428196	-0.00199016322	0.02269111669
0.04329330149	-0.00201137908	0.02272306777
0.04329259801	-0.00202646422	0.02274939837
0.04329202875	-0.00203858943	0.02277268779
0.04329155599	-0.00204860444	0.02279432319
0.04329115231	-0.00205711736	0.02281482026
0.04329079295	-0.00206466597	0.02283430613
0.04329048772	-0.00207105602	0.02285342480
0.04329021557	-0.00207673686	0.02287200546
0.04328997106	-0.00208182741	0.02289015068
0.04328976434	-0.00208612165	0.02290824151
0.04328958420	-0.00208985637	0.02292615007
0.04328942232	-0.00209320701	0.02294379639
0.04328928744	-0.00209599442	0.02296145544
0.04328917813	-0.00209825085	0.02297915554
0.04328909025	-0.00210006312	0.02299685831
0.04328902321	-0.00210144472	0.02301459650
0.04328897655	-0.00210240563	0.02303240034
0.04328894998	-0.00210295253	0.02305029781
0.04328894274	-0.00210310169	0.02306830226
0.04328895599	-0.00210282895	0.02308646768
0.04328899022	-0.00210212406	0.02310482866
0.04328904245	-0.00210104830	0.02312333933
0.04328911497	-0.00209955361	0.02314207470
0.04328920778	-0.00209763904	0.02316105371
0.04328932084	-0.00209530465	0.02318029409
0.04328945434	-0.00209254456	0.02319981807
0.04328960851	-0.00208935286	0.02321964846
0.04328978190	-0.00208575712	0.02323976901
0.04328996859	-0.00208187880	0.02326005760
0.04329018445	-0.00207738543	0.02328092079
0.04329042104	-0.00207244923	0.02330216320
0.04329066650	-0.00206731561	0.02332351339
0.04329094602	-0.00206145396	0.02334562710
0.04329123553	-0.00205536523	0.02336790784
0.04329155357	-0.00204865561	0.02339085869
0.04329188379	-0.00204166552	0.02341407403
0.04329224405	-0.00203401200	0.02343805064
0.04329261376	-0.00202612775	0.02346226047
0.04329301116	-0.00201761849	0.02348722951
0.04329342920	-0.00200862838	0.02351278506
0.04329386436	-0.00199922698	0.02353885914
0.04329431783	-0.00198938274	0.02356551874
0.04329479454	-0.00197898092	0.02359293750
0.04329529052	-0.00196810034	0.02362102893
0.04329580574	-0.00195673336	0.02364982750
0.04329634016	-0.00194487247	0.02367936812
0.04329689369	-0.00193251043	0.02370968619
0.04329746626	-0.00191963942	0.02374081693
0.04329805773	-0.00190625197	0.02377279601
0.04329866361	-0.00189244015	0.02380552060
0.04329929016	-0.00187805001	0.02383924550
0.04329993584	-0.00186310387	0.02387395779
0.04330059560	-0.00184770684	0.02390952902
0.04330127199	-0.00183178712	0.02394609973
0.04330196702	-0.00181528283	0.02398379346
0.04330267367	-0.00179834722	0.02402239565
0.04330339847	-0.00178080904	0.02406221408
0.04330413772	-0.00176274116	0.02410315354
0.04330488730	-0.00174422941	0.02414510601
0.04330565378	-0.00172509447	0.02418840612
0.04330643235	-0.00170543740	0.02423290296
0.04330722249	-0.00168525365	0.02427863764
0.04330802363	-0.00166453870	0.02432565065
0.04330883517	-0.00164328832	0.02437398193
0.04330965645	-0.00162149887	0.02442367103
0.04331048677	-0.00159916710	0.02447475688
0.04331132542	-0.00157629000	0.02452727761
0.04331217161	-0.00155286518	0.02458127071
0.04331302452	-0.00152889084	0.02463677290
0.04331388177	-0.00150440900	0.02469373926
0.04331474291	-0.00147940746	0.02475223783
0.04331560950	-0.00145381363	0.02481246109
0.04331647519	-0.00142778757	0.02487409954
0.04331734494	-0.00140115208	0.02493760490
0.04331821147	-0.00137410156	0.02500256881
0.04331907906	-0.00134647284	0.02506943980
0.04331994251	-0.00131840103	0.02513793386
0.04332080171	-0.00128986017	0.02520818729
0.04332165621	-0.00126083444	0.02528030120
0.04332250370	-0.00123137051	0.02535421466
0.04332334280	-0.00120148613	0.02542995699
0.04332417199	-0.00117120508	0.02550754467
0.04332498997	-0.00114054549	0.02558701549
0.04332579559	-0.00110952102	0.02566841939
0.04332658721	-0.00107816557	0.02575174412
0.04332736318	-0.00104651817	0.02583697576
0.04332812239	-0.00101459867	0.02592416735
0.04332886356	-0.00098243726	0.02601333125
0.04332958536	-0.00095006962	0.02610446731
0.04333028659	-0.00091753139	0.02619757967
0.04333096610	-0.00088485954	0.02629266677
0.04333162218	-0.00085212622	0.02638961008
0.04333225489	-0.00081932042	0.02648863296
0.04333286298	-0.00078650227	0.02658961204
0.04333344517	-0.00075374357	0.02669241693
0.04333400148	-0.00072105202	0.02679722532
0.04333453120	-0.00068848053	0.02690394257
0.04333503351	-0.00065610246	0.02701241239
0.04333550880	-0.00062392083	0.02712285971
0.04333595635	-0.00059201994	0.02723498586
0.04333637652	-0.00056041979	0.02734895476
0.04333676924	-0.00052918051	0.02746459875
0.04333713481	-0.00049834366	0.02758190989
0.04333747365	-0.00046795008	0.02770086360
0.04333778616	-0.00043805312	0.02782131458
0.04333807309	-0.00040868220	0.02794334264
0.04333833500	-0.00037989414	0.02806668949
0.04333857286	-0.00035171331	0.02819152134
0.04333878747	-0.00032419216	0.02831749906
0.04333897990	-0.00029735635	0.02844480642
0.04333915120	-0.00027124465	0.02857316307
0.04333930247	-0.00024588894	0.02870259011
0.04333943493	-0.00022131402	0.02883300526
0.04333954975	-0.00019755323	0.02896419161
0.04333964817	-0.00017463175	0.02909624784
0.04333973148	-0.00015256282	0.02922896790
0.04333980089	-0.00013137162	0.02936220395
0.04333985766	-0.00011107854	0.02949599824
0.04333990301	-0.00009168828	0.02963017425
0.04333993816	-0.00007321286	0.02976463346
0.04333996426	-0.00005566153	0.02989924756
0.04333998241	-0.00003904403	0.03003397778
0.04333999371	-0.00002335766	0.03016870240
0.04333999915	-0.00000860071	0.03030331444
0.04333999968	0.00000522909	0.03043771616
0.04333999620	0.00001813832	0.03057181088
0.04333998952	0.00003013567	0.03070550328
0.04333998039	0.00004123237	0.03083869966
0.04333996947	0.00005144188	0.03097126920
0.04333995739	0.00006077137	0.03110318645
0.04333994468	0.00006924557	0.03123434266
0.04333993180	0.00007688610	0.03136463310
0.04333991915	0.00008371434	0.03149394189
0.04333990710	0.00008973744	0.03162229609
0.04333989587	0.00009500369	0.03174947386
0.04333988576	0.00009950990	0.03187555538
0.04333987686	0.00010331188	0.03200031007
0.04333986938	0.00010640660	0.03212381085
0.04333986333	0.00010884118	0.03224592865
0.04333985877	0.00011064439	0.03236657832
0.04333985571	0.00011183344	0.03248574502
0.04333985414	0.00011244031	0.03260337424
0.04333985399	0.00011249770	0.03271940422
0.04333985520	0.00011203370	0.03283379139
0.04333985766	0.00011107687	0.03294649586
0.04333986128	0.00010965611	0.03305748141
0.04333986593	0.00010780274	0.03316669268
0.04333987150	0.00010553724	0.03327412285
0.04333987787	0.00010288725	0.03337976010
0.04333988489	0.00009988900	0.03348354794
0.04333989242	0.00009656690	0.03358545830
0.04333990036	0.00009293331	0.03368553457
0.04333990854	0.00008903645	0.03378367337
0.04333991689	0.00008487443	0.03387995219
0.04333992526	0.00008048843	0.03397431941
0.04333993353	0.00007590282	0.03406674130
0.04333994165	0.00007112005	0.03415728464
0.04333994948	0.00006617656	0.03424591008
0.04333995694	0.00006109035	0.03433262228
0.04333996398	0.00005587882	0.03441742823
0.04333997051	0.00005055877	0.03450033715
0.04333997649	0.00004514668	0.03458136042
0.04333998186	0.00003965851	0.03466051141
0.04333998658	0.00003410968	0.03473780537
0.04333999062	0.00002851478	0.03481325928
0.04333999396	0.00002288820	0.03488689183
0.04333999657	0.00001724914	0.03495868696
0.04333999845	0.00001159168	0.03502871983
0.04333999959	0.00000593535	0.03509700563
0.04334000000	0.00000030693	0.03516349451
0.04333999967	-0.00000531923	0.03522832647
0.04333999863	-0.00001089817	0.03529141480
0.04333999688	-0.00001645369	0.03535288837
0.04333999444	-0.00002194402	0.03541265667
0.04333999134	-0.00002740166	0.03547086908
0.04333998759	-0.00003279165	0.03552748064
0.04333998324	-0.00003811132	0.03558250741
0.04333997830	-0.00004337413	0.03563603995
0.04333997280	-0.00004855980	0.03568807063
0.04333996677	-0.00005366573	0.03573862956
0.04333996026	-0.00005868789	0.03578773711
0.04333995329	-0.00006362910	0.03583543771
0.04333994589	-0.00006848740	0.03588176867
0.04333993809	-0.00007325636	0.03592675001
0.04333992993	-0.00007793435	0.03597041233
0.04333992144	-0.00008252023	0.03601278609
0.04333991265	-0.00008701272	0.03605390170
0.04333990360	-0.00009141096	0.03609378935
0.04333989432	-0.00009571142	0.03613246422
0.04333988482	-0.00009992009	0.03616997281
0.04333987513	-0.00010403667	0.03620634944
0.04333986529	-0.00010805772	0.03624161649
0.04333985533	-0.00011198292	0.03627580284
0.04333984527	-0.00011580864	0.03630891835
0.04333983514	-0.00011953933	0.03634099270
0.04333982493	-0.00012318706	0.03637209939
0.04333981469	-0.00012673977	0.03640223707
0.04333980440	-0.00013020949	0.03643149599
0.04333979849	-0.00013216105	0.03644634818
0.04333979747	-0.00013249538	0.03646132431
0.04333980139	-0.00013120855	0.03647624879
0.04333981005	-0.00012831565	0.03649094666
0.04333982304	-0.00012385060	0.03650524559
0.04333983973	-0.00011786574	0.03651897794
0.04333985931	-0.00011043124	0.03653198270
0.04333988083	-0.00010163425	0.03654410742
0.04333990325	-0.00009157792	0.03655520994
0.04333992546	-0.00008038015	0.03656516010
0.04333994638	-0.00006817221	0.03657384123
0.04333996498	-0.00005509724	0.03658115156
0.04333998031	-0.00004130852	0.03658700538
0.04333999161	-0.00002696772	0.03659133406
0.04333999827	-0.00001224297	0.03659408685
0.04382785820	-0.00192243229	0.02261951596
0.04382529195	-0.00198007220	0.02268813732
0.04382432243	-0.00200141547	0.02272000330
0.04382362604	-0.00201660631	0.02274627230
0.04382306210	-0.00202882429	0.02276951269
0.04382259328	-0.00203892571	0.02279110705
0.04382219255	-0.00204752047	0.02281156894
0.04382183560	-0.00205514591	0.02283102439
0.04382153187	-0.00206161213	0.02285011620
0.04382126078	-0.00206736640	0.02286867331
0.04382101697	-0.00207252796	0.02288679788
0.04382081028	-0.00207689354	0.02290487041
0.04382062977	-0.00208069859	0.02292276300
0.04382046729	-0.00208411766	0.02294039564
0.04382033137	-0.00208697357	0.02295804292
0.04382022057	-0.00208929867	0.02297573308
0.04382013087	-0.00209117930	0.02299342775
0.04382006166	-0.00209262908	0.02301115962
0.04382001250	-0.00209365810	0.02302895886
0.04381998311	-0.00209427314	0.02304685341
0.04381997273	-0.00209449047	0.02306485659
0.04381998249	-0.00209428623	0.02308302235
0.04382001287	-0.00209365037	0.02310138524
0.04382006096	-0.00209264370	0.02311989945
0.04382012899	-0.00209121864	0.02313863992
0.04382021697	-0.00208937431	0.02315762557
0.04382032483	-0.00208711079	0.02317687416
0.04382045280	-0.00208442230	0.02319640788
0.04382060107	-0.00208130300	0.02321624957
0.04382076824	-0.00207778025	0.02323638301
0.04382094853	-0.00207397448	0.02325668629
0.04382115742	-0.00206955614	0.02327756539
0.04382138668	-0.00206469594	0.02329882526
0.04382162474	-0.00205963717	0.02332019495
0.04382189617	-0.00205385390	0.02334232912
0.04382217750	-0.00204784266	0.02336463236
0.04382248679	-0.00204121315	0.02338760688
0.04382280813	-0.00203430278	0.02341084785
0.04382315892	-0.00202673198	0.02343485117
0.04382351906	-0.00201892964	0.02345908982
0.04382390637	-0.00201050502	0.02348408882
0.04382431395	-0.00200160096	0.02350967585
0.04382473839	-0.00199228643	0.02353578311
0.04382518082	-0.00198253021	0.02356247749
0.04382564608	-0.00197221857	0.02358993232
0.04382613026	-0.00196142965	0.02361806132
0.04382663336	-0.00195015589	0.02364689894
0.04382715533	-0.00193838986	0.02367648006
0.04382769609	-0.00192612442	0.02370684003
0.04382825555	-0.00191335182	0.02373801405
0.04382883360	-0.00190006466	0.02377003776
0.04382942582	-0.00188635420	0.02380280859
0.04383003835	-0.00187206795	0.02383658078
0.04383066968	-0.00185722796	0.02387134148
0.04383131487	-0.00184193842	0.02390696263
0.04383197641	-0.00182612821	0.02394358444
0.04383265627	-0.00180973601	0.02398133018
0.04383334759	-0.00179291364	0.02401998590
0.04383405674	-0.00177549148	0.02405985858
0.04383478011	-0.00175754166	0.02410085335
0.04383551368	-0.00173914924	0.02414286253
0.04383626387	-0.00172013657	0.02418621980
0.04383702598	-0.00170060373	0.02423077477
0.04383779949	-0.00168054619	0.02427656848
0.04383858386	-0.00165995947	0.02432364130
0.04383937848	-0.00163883935	0.02437203312
0.04384018273	-0.00161718222	0.02442178340
0.04384099592	-0.00159498484	0.02447293097
0.04384181735	-0.00157224418	0.02452551388
0.04384264624	-0.00154895786	0.02457956952
0.04384348180	-0.00152512406	0.02463513455
0.04384432171	-0.00150078441	0.02469216419
0.04384516553	-0.00147592679	0.02475072630
0.04384601475	-0.00145047930	0.02481101271
0.04384686321	-0.00142460044	0.02487271500
0.04384771573	-0.00139811475	0.02493628331
0.04384856520	-0.00137121472	0.02500131077
0.04384941580	-0.00134373881	0.02506824425
0.04385026243	-0.00131582081	0.02513680081
0.04385110501	-0.00128743508	0.02520711622
0.04385194308	-0.00125856597	0.02527929118
0.04385277438	-0.00122925976	0.02535326501
0.04385359755	-0.00119953408	0.02542906685
0.04385441111	-0.00116941258	0.02550671310
0.04385521379	-0.00113891331	0.02558624135
0.04385600444	-0.00110804990	0.02566770130
0.04385678147	-0.00107685603	0.02575108068
0.04385754326	-0.00104537049	0.02583636557
0.04385828871	-0.00101361308	0.02592360872
0.04385901657	-0.00098161386	0.02601282234
0.04385972553	-0.00094940832	0.02610400621
0.04386041441	-0.00091703195	0.02619716433
0.04386108208	-0.00088452153	0.02629229505
0.04386172686	-0.00085194869	0.02638928020
0.04386234881	-0.00081930286	0.02648834208
0.04386294668	-0.00078664369	0.02658935769
0.04386351924	-0.00075404252	0.02669219706
0.04386406647	-0.00072150730	0.02679703693
0.04386458770	-0.00068909059	0.02690378291
0.04386508210	-0.00065686528	0.02701227921
0.04386555005	-0.00062483471	0.02712274957
0.04386599085	-0.00059308248	0.02723489644
0.04386640483	-0.00056162877	0.02734888280
0.04386679193	-0.00053053333	0.02746454150
0.04386715243	-0.00049983756	0.02758186439
0.04386748674	-0.00046958221	0.02770082677
0.04386779523	-0.00043982029	0.02782128374
0.04386807863	-0.00041058128	0.02794331446
0.04386833751	-0.00038192157	0.02806666156
0.04386857280	-0.00035386568	0.02819149019
0.04386878526	-0.00032646560	0.02831746248
0.04386897596	-0.00029974713	0.02844476106
0.04386914590	-0.00027374875	0.02857310654
0.04386929617	-0.00024850230	0.02870251963
0.04386942796	-0.00022403250	0.02883291810
0.04386954241	-0.00020037249	0.02896408569
0.04386964072	-0.00017754751	0.02909612031
0.04386972416	-0.00015557070	0.02922881653
0.04386979392	-0.00013446711	0.02936202683
0.04386985121	-0.00011425718	0.02949579293
0.04386989726	-0.00009494557	0.02962993880
0.04386993322	-0.00007654428	0.02976436601
0.04386996024	-0.00005906255	0.02989894651
0.04386997940	-0.00004251013	0.03003364134
0.04386999176	-0.00002688436	0.03016832903
0.04386999831	-0.00001218356	0.03030290274
0.04386999997	0.00000159448	0.03043726485
0.04386999762	0.00001445630	0.03057131879
0.04386999205	0.00002641050	0.03070496935
0.04386998400	0.00003746824	0.03083812295
0.04386997413	0.00004764290	0.03097064905
0.04386996305	0.00005694157	0.03110252202
0.04386995127	0.00006538886	0.03123363329
0.04386993925	0.00007300626	0.03136387834
0.04386992739	0.00007981504	0.03149314154
0.04386991605	0.00008582229	0.03162144953
0.04386990546	0.00009107608	0.03174858126
0.04386989589	0.00009557320	0.03187461627
0.04386988746	0.00009936919	0.03199932480
0.04386988035	0.00010246102	0.03212277921
0.04386987459	0.00010489560	0.03224485081
0.04386987024	0.00010670155	0.03236545462
0.04386986732	0.00010789598	0.03248457569
0.04386986580	0.00010851074	0.03260215957
0.04386986563	0.00010857835	0.03271814462
0.04386986675	0.00010812678	0.03283248730
0.04386986906	0.00010718445	0.03294514778
0.04386987247	0.00010578013	0.03305608987
0.04386987686	0.00010394499	0.03316525833
0.04386988212	0.00010169941	0.03327264630
0.04386988813	0.00009907091	0.03337824190
0.04386989475	0.00009609556	0.03348198881
0.04386990185	0.00009279764	0.03358385903
0.04386990934	0.00008918947	0.03368389570
0.04386991704	0.00008531905	0.03378199586
0.04386992488	0.00008118449	0.03387823662
0.04386993273	0.00007682678	0.03397256658
0.04386994047	0.00007227019	0.03406495213
0.04386994804	0.00006751718	0.03415545976
0.04386995533	0.00006260400	0.03424405032
0.04386996225	0.00005754856	0.03433072843
0.04386996874	0.00005236822	0.03441550111
0.04386997474	0.00004707967	0.03449837756
0.04386998018	0.00004169934	0.03457936914
0.04386998503	0.00003624312	0.03465848923
0.04386998924	0.00003072635	0.03473575306
0.04386999278	0.00002516356	0.03481117760
0.04386999564	0.00001956908	0.03488478152
0.04386999778	0.00001396202	0.03495654892
0.04386999921	0.00000833651	0.03502655470
0.04386999992	0.00000271198	0.03509481407
0.04386999991	-0.00000288494	0.03516127749
0.04386999918	-0.00000847972	0.03522608444
0.04386999776	-0.00001402766	0.03528914868
0.04386999564	-0.00001955239	0.03535059861
0.04386999287	-0.00002501240	0.03541034426
0.04386998944	-0.00003043996	0.03546853442
0.04386998539	-0.00003580033	0.03552512445
0.04386998076	-0.00004109083	0.03558013045
0.04386997554	-0.00004632485	0.03563364271
0.04386996979	-0.00005148219	0.03568565372
0.04386996354	-0.00005656028	0.03573619359
0.04386995682	-0.00006155510	0.03578528273
0.04386994964	-0.00006646945	0.03583296546
0.04386994206	-0.00007130139	0.03587927908
0.04386993409	-0.00007604449	0.03592424361
0.04386992578	-0.00008069715	0.03596788965
0.04386991715	-0.00008525823	0.03601024764
0.04386990824	-0.00008972644	0.03605134797
0.04386989908	-0.00009410094	0.03609122083
0.04386988969	-0.00009837821	0.03612988143
0.04386988011	-0.00010256420	0.03616737619
0.04386987034	-0.00010665861	0.03620373940
0.04386986044	-0.00011065801	0.03623899345
0.04386985042	-0.00011456210	0.03627316721
0.04386984031	-0.00011836726	0.03630627059
0.04386983015	-0.00012207792	0.03633833327
0.04386981990	-0.00012570605	0.03636942853
0.04386980963	-0.00012923968	0.03639955512
0.04386979933	-0.00013269075	0.03642880300
0.04386979341	-0.00013463406	0.03644365626
0.04386979241	-0.00013496008	0.03645863255
0.04386979637	-0.00013366497	0.03647355630
0.04386980511	-0.00013076391	0.03648825254
0.04386981822	-0.00012629093	0.03650254897
0.04386983506	-0.00012029846	0.03651627797
0.04386985484	-0.00011285675	0.03652927859
0.04386987660	-0.00010405305	0.03654139841
0.04386989931	-0.00009399057	0.03655249533
0.04386992189	-0.00008278729	0.03656243926
0.04386994323	-0.00007057455	0.03657111360
0.04386996232	-0.00005749554	0.03657841666
0.04386997823	-0.00004370359	0.03658426282
0.04386999018	-0.00002936041	0.03658858353
0.04386999756	-0.00001463415	0.03659132815
0.04434878605	-0.00191240066	0.02261686836
0.04434625122	-0.00197030529	0.02268526718
0.04434529227	-0.00199177155	0.02271705031
0.04434460274	-0.00200706445	0.02274325931
0.04434404398	-0.00201937201	0.02276645190
0.04434357900	-0.00202955689	0.02278800621
0.04434318116	-0.00203823072	0.02280843376
0.04434282658	-0.00204593041	0.02282785950
0.04434252435	-0.00205247023	0.02284692503
0.04434225434	-0.00205829547	0.02286545909
0.04434201125	-0.00206352567	0.02288356344
0.04434180466	-0.00206796021	0.02290161800
0.04434162386	-0.00207183327	0.02291949489
0.04434146088	-0.00207531849	0.02293711404
0.04434132402	-0.00207824066	0.02295474969
0.04434121187	-0.00208063216	0.02297243000
0.04434112048	-0.00208257892	0.02299011661
0.04434104926	-0.00208409465	0.02300784213
0.04434099778	-0.00208518956	0.02302563671
0.04434096576	-0.00208587052	0.02304352820
0.04434095243	-0.00208615380	0.02306152994
0.04434095892	-0.00208601586	0.02307969581
0.04434098569	-0.00208544680	0.02309806032
0.04434102988	-0.00208450700	0.02311657774
0.04434109368	-0.00208314934	0.02313532293
0.04434117710	-0.00208137299	0.02315431480
0.04434128007	-0.00207917808	0.02317357111
0.04434140281	-0.00207655891	0.02319311406
0.04434154550	-0.00207350970	0.02321296646
0.04434170679	-0.00207005762	0.02323311216
0.04434188103	-0.00206632209	0.02325342946
0.04434208332	-0.00206197642	0.02327432372
0.04434230565	-0.00205718982	0.02329560028
0.04434253670	-0.00205220354	0.02331698863
0.04434280047	-0.00204649619	0.02333914239
0.04434307404	-0.00204056000	0.02336146719
0.04434337505	-0.00203400808	0.02338446442
0.04434368796	-0.00202717492	0.02340772998
0.04434402976	-0.00201968426	0.02343175893
0.04434438084	-0.00201196128	0.02345602527
0.04434475857	-0.00200361864	0.02348105304
0.04434515623	-0.00199479795	0.02350667033
0.04434557048	-0.00198556758	0.02353280949
0.04434600244	-0.00197589663	0.02355953732
0.04434645682	-0.00196567237	0.02358702682
0.04434692981	-0.00195497226	0.02361519198
0.04434742140	-0.00194378882	0.02364406717
0.04434793155	-0.00193211471	0.02367368727
0.04434846017	-0.00191994285	0.02370408758
0.04434900718	-0.00190726559	0.02373530328
0.04434957246	-0.00189407560	0.02376736995
0.04435015172	-0.00188046337	0.02380018533
0.04435075092	-0.00186627776	0.02383400306
0.04435136861	-0.00185154063	0.02386881040
0.04435199995	-0.00183635524	0.02390447965
0.04435264738	-0.00182065112	0.02394115070
0.04435331282	-0.00180436752	0.02397894655
0.04435398956	-0.00178765487	0.02401765387
0.04435468384	-0.00177034510	0.02405757885
0.04435539212	-0.00175250966	0.02409862692
0.04435611047	-0.00173423285	0.02414069077
0.04435684517	-0.00171533863	0.02418410315
0.04435759162	-0.00169592611	0.02422871418
0.04435834932	-0.00167599084	0.02427456479
0.04435911773	-0.00165552832	0.02432169530
0.04435989627	-0.00163453438	0.02437014551
0.04436068432	-0.00161300541	0.02441995479
0.04436148122	-0.00159093818	0.02447116189
0.04436228626	-0.00156832968	0.02452380479
0.04436309870	-0.00154517749	0.02457792078
0.04436391776	-0.00152147980	0.02463354643
0.04436474117	-0.00149727783	0.02469063714
0.04436556850	-0.00147255957	0.02474926057
0.04436640121	-0.00144725379	0.02480960790
0.04436723327	-0.00142151746	0.02487137182
0.04436806939	-0.00139517682	0.02493500089
0.04436890262	-0.00136842247	0.02500008969
0.04436973705	-0.00134109452	0.02506708351
0.04437056768	-0.00131332541	0.02513570041
0.04437139444	-0.00128508984	0.02520607565
0.04437221685	-0.00125637235	0.02527830958
0.04437303273	-0.00122721880	0.02535234170
0.04437384074	-0.00119764672	0.02542820102
0.04437463943	-0.00116767963	0.02550590386
0.04437542752	-0.00113733551	0.02558548759
0.04437620392	-0.00110662797	0.02566700170
0.04437696706	-0.00107559045	0.02575043389
0.04437771533	-0.00104426152	0.02583577024
0.04437844767	-0.00101266095	0.02592306323
0.04437916284	-0.00098081865	0.02601232492
0.04437985957	-0.00094876994	0.02610355502
0.04438053668	-0.00091655014	0.02619675740
0.04438119306	-0.00088419587	0.02629193032
0.04438182707	-0.00085177827	0.02638895597
0.04438243874	-0.00081928715	0.02648805559
0.04438302687	-0.00078678175	0.02658910657
0.04438359023	-0.00075433293	0.02669197933
0.04438412881	-0.00072194887	0.02679684971
0.04438464193	-0.00068968183	0.02690362356
0.04438512878	-0.00065760422	0.02701214555
0.04438558972	-0.00062571970	0.02712263829
0.04438602406	-0.00059411119	0.02723480530
0.04438643213	-0.00056279905	0.02734880865
0.04438681385	-0.00053184264	0.02746448169
0.04438716949	-0.00050128325	0.02758181609
0.04438749944	-0.00047116148	0.02770078700
0.04438780408	-0.00044153008	0.02782124990
0.04438808411	-0.00041241854	0.02794328336
0.04438834007	-0.00038388285	0.02806663087
0.04438857287	-0.00035594766	0.02819145656
0.04438878326	-0.00032866455	0.02831742379
0.04438897228	-0.00030205944	0.02844471406
0.04438914090	-0.00027617052	0.02857304895
0.04438929020	-0.00025102959	0.02870244876
0.04438942131	-0.00022666132	0.02883283130
0.04438953538	-0.00020309863	0.02896398097
0.04438963356	-0.00018036682	0.02909599493
0.04438971710	-0.00015847893	0.02922866832
0.04438978717	-0.00013745992	0.02936185396
0.04438984494	-0.00011733023	0.02949559305
0.04438989161	-0.00009809451	0.02962971002
0.04438992833	-0.00007976474	0.02976410653
0.04438995621	-0.00006235015	0.02989865478
0.04438997631	-0.00004586049	0.03003331566
0.04438998966	-0.00003029315	0.03016796790
0.04438999724	-0.00001564648	0.03030250480
0.04438999996	-0.00000191831	0.03043682887
0.04438999866	0.00001089783	0.03057084364
0.04438999414	0.00002281048	0.03070445401
0.04438998711	0.00003383072	0.03083756651
0.04438997822	0.00004397186	0.03097005087
0.04438996807	0.00005324090	0.03110188127
0.04438995717	0.00006166236	0.03123294936
0.04438994597	0.00006925756	0.03136315078
0.04438993486	0.00007604771	0.03149237015
0.04438992419	0.00008203982	0.03162063374
0.04438991419	0.00008728173	0.03174772120
0.04438990514	0.00009177022	0.03187371149
0.04438989714	0.00009556060	0.03199837564
0.04438989038	0.00009864983	0.03212178547
0.04438988491	0.00010108458	0.03224381264
0.04438988075	0.00010289334	0.03236437236
0.04438987795	0.00010409315	0.03248344955
0.04438987649	0.00010471570	0.03260098983
0.04438987630	0.00010479336	0.03271693166
0.04438987734	0.00010435398	0.03283123157
0.04438987951	0.00010342584	0.03294384974
0.04438988272	0.00010203758	0.03305475002
0.04438988687	0.00010022022	0.03316387733
0.04438989184	0.00009799406	0.03327122470
0.04438989752	0.00009538650	0.03337678023
0.04438990376	0.00009243344	0.03348048778
0.04438991046	0.00008915905	0.03358231939
0.04438991751	0.00008557562	0.03368231798
0.04438992476	0.00008173089	0.03378038098
0.04438993213	0.00007762303	0.03387658513
0.04438993949	0.00007329283	0.03397087924
0.04438994674	0.00006876444	0.03406322984
0.04438995381	0.00006404033	0.03415370313
0.04438996058	0.00005915659	0.03424226012
0.04438996700	0.00005413105	0.03432890546
0.04438997298	0.00004898098	0.03441364613
0.04438997847	0.00004372303	0.03449649134
0.04438998341	0.00003837353	0.03457745245
0.04438998777	0.00003294831	0.03465654281
0.04438999150	0.00002746266	0.03473377765
0.04438999458	0.00002193105	0.03480917395
0.04438999698	0.00001636772	0.03488275033
0.04438999869	0.00001079171	0.03495449105
0.04438999970	0.00000519719	0.03502447078
0.04439000000	-0.00000039648	0.03509270472
0.04438999960	-0.00000596284	0.03515914365
0.04438999850	-0.00001152717	0.03522392654
0.04438999673	-0.00001704503	0.03528696761
0.04438999428	-0.00002253990	0.03534839482
0.04438999119	-0.00002797051	0.03540811867
0.04438998746	-0.00003336890	0.03546628743
0.04438998313	-0.00003870053	0.03552285675
0.04438997823	-0.00004396274	0.03557784278
0.04438997277	-0.00004916883	0.03563133552
0.04438996679	-0.00005429870	0.03568332762
0.04438996032	-0.00005934979	0.03573384916
0.04438995340	-0.00006431810	0.03578292057
0.04438994605	-0.00006920641	0.03583058613
0.04438993830	-0.00007401278	0.03587688305
0.04438993018	-0.00007873081	0.03592183142
0.04438992173	-0.00008335891	0.03596546180
0.04438991298	-0.00008789594	0.03600780462
0.04438990396	-0.00009234062	0.03604889025
0.04438989469	-0.00009669209	0.03608874888
0.04438988522	-0.00010094687	0.03612739576
0.04438987555	-0.00010511087	0.03616487723
0.04438986572	-0.00010918379	0.03620122753
0.04438985576	-0.00011316221	0.03623646907
0.04438984569	-0.00011704583	0.03627063071
0.04438983555	-0.00012083106	0.03630372243
0.04438982535	-0.00012452228	0.03633577389
0.04438981507	-0.00012813142	0.03636685814
0.04438980479	-0.00013164656	0.03639697408
0.04438979447	-0.00013507954	0.03642621134
0.04438978854	-0.00013701485	0.03644106561
0.04438978756	-0.00013733279	0.03645604206
0.04438979157	-0.00013602964	0.03647096509
0.04438980039	-0.00013312066	0.03648565975
0.04438981360	-0.00012863998	0.03649995374
0.04438983059	-0.00012264011	0.03651367950
0.04438985054	-0.00011519140	0.03652667609
0.04438987253	-0.00010638118	0.03653879115
0.04438989552	-0.00009631274	0.03654988263
0.04438991842	-0.00008510411	0.03655982050
0.04438994016	-0.00007288672	0.03656848825
0.04438995972	-0.00005980379	0.03657578425
0.04438997616	-0.00004600871	0.03658162296
0.04438998871	-0.00003166322	0.03658593594
0.04438999677	-0.00001693550	0.03658867261
0.04486968754	-0.00190242993	0.02261424846
0.04486718353	-0.00196059748	0.02268242450
0.04486623495	-0.00198218597	0.02271412460
0.04486555219	-0.00199758031	0.02274027341
0.04486499853	-0.00200997695	0.02276341804
0.04486453734	-0.00202024483	0.02278493214
0.04486414236	-0.00202899731	0.02280532518
0.04486379013	-0.00203677085	0.02282472104
0.04486348941	-0.00204338389	0.02284376013
0.04486322049	-0.00204927974	0.02286227097
0.04486297815	-0.00205457825	0.02288035492
0.04486277169	-0.00205908142	0.02289839134
0.04486259065	-0.00206302216	0.02291625235
0.04486242721	-0.00206657324	0.02293385785
0.04486228946	-0.00206956136	0.02295148169
0.04486217602	-0.00207201897	0.02296915197
0.04486208302	-0.00207403156	0.02298683033
0.04486200988	-0.00207561297	0.02300454931
0.04486195618	-0.00207677349	0.02302233901
0.04486192161	-0.00207752011	0.02304022727
0.04486190544	-0.00207786907	0.02305822737
0.04486190877	-0.00207779717	0.02307639314
0.04486193205	-0.00207729464	0.02309475906
0.04486197247	-0.00207642145	0.02311327949
0.04486203218	-0.00207513094	0.02313202918
0.04486211118	-0.00207342232	0.02315102705
0.04486220942	-0.00207129578	0.02317029086
0.04486232708	-0.00206874567	0.02318984279
0.04486246437	-0.00206576631	0.02320970568
0.04486261996	-0.00206238465	0.02322986341
0.04486278832	-0.00205871913	0.02325019448
0.04486298421	-0.00205444586	0.02327110367
0.04486319980	-0.00204973262	0.02329239666
0.04486342404	-0.00204481859	0.02331380342
0.04486368038	-0.00203918690	0.02333597649
0.04486394641	-0.00203332553	0.02335832260
0.04486423938	-0.00202685094	0.02338134225
0.04486454410	-0.00202009476	0.02340463214
0.04486487717	-0.00201268397	0.02342868644
0.04486521943	-0.00200504009	0.02345298018
0.04486558785	-0.00199677918	0.02347803644
0.04486597587	-0.00198804159	0.02350368367
0.04486638022	-0.00197889513	0.02352985443
0.04486680200	-0.00196930918	0.02355661540
0.04486724579	-0.00195917203	0.02358413928
0.04486770790	-0.00194856044	0.02361234026
0.04486818830	-0.00193746703	0.02364125271
0.04486868695	-0.00192588454	0.02367091146
0.04486920377	-0.00191380597	0.02370135178
0.04486973867	-0.00190122375	0.02373260881
0.04487029154	-0.00188813062	0.02376471810
0.04487085818	-0.00187461629	0.02379757767
0.04487144442	-0.00186053099	0.02383144060
0.04487204883	-0.00184589636	0.02386629422
0.04487266671	-0.00183081478	0.02390201120
0.04487330041	-0.00181521640	0.02393873113
0.04487395181	-0.00179904101	0.02397657671
0.04487461438	-0.00178243770	0.02401533526
0.04487529418	-0.00176523991	0.02405531216
0.04487598778	-0.00174751844	0.02409641316
0.04487669133	-0.00172935681	0.02413853129
0.04487741096	-0.00171058059	0.02418199840
0.04487814217	-0.00169128796	0.02422666509
0.04487888449	-0.00167147447	0.02427257222
0.04487963738	-0.00165113567	0.02431976003
0.04488040027	-0.00163026740	0.02436826823
0.04488117256	-0.00160886607	0.02441813611
0.04488195359	-0.00158692846	0.02446940236
0.04488274269	-0.00156445154	0.02452210484
0.04488353913	-0.00154143290	0.02457628078
0.04488434213	-0.00151787072	0.02463196666
0.04488514948	-0.00149380581	0.02468911805
0.04488596077	-0.00146922628	0.02474780240
0.04488677741	-0.00144406154	0.02480821027
0.04488759351	-0.00141846706	0.02487003543
0.04488841367	-0.00139227075	0.02493372488
0.04488923110	-0.00136566138	0.02499887464
0.04489004978	-0.00133848061	0.02506592841
0.04489086485	-0.00131085963	0.02513460529
0.04489167620	-0.00128277342	0.02520504001
0.04489248340	-0.00125420672	0.02527733254
0.04489328427	-0.00122520498	0.02535142260
0.04489407752	-0.00119578563	0.02542733907
0.04489486172	-0.00116597205	0.02550509815
0.04489563563	-0.00113578215	0.02558473704
0.04489639816	-0.00110522953	0.02566630498
0.04489714777	-0.00107434739	0.02574978969
0.04489788289	-0.00104317406	0.02583517722
0.04489860247	-0.00101172929	0.02592251975
0.04489930530	-0.00098004286	0.02601182925
0.04489999011	-0.00094814989	0.02610310532
0.04490065576	-0.00091608557	0.02619635172
0.04490130115	-0.00088388632	0.02629156662
0.04490192466	-0.00085162279	0.02638863255
0.04490252634	-0.00081928521	0.02648776971
0.04490310499	-0.00078693236	0.02658885589
0.04490365939	-0.00075463466	0.02669176188
0.04490418953	-0.00072240052	0.02679666263
0.04490469475	-0.00069028188	0.02690346421
0.04490517425	-0.00065835067	0.02701201179
0.04490562836	-0.00062661088	0.02712252681
0.04490605641	-0.00059514477	0.02723471390
0.04490645872	-0.00056397284	0.02734873419
0.04490683519	-0.00053315408	0.02746442155
0.04490718609	-0.00050272968	0.02758176744
0.04490751181	-0.00047274011	0.02770074689
0.04490781269	-0.00044323780	0.02782121577
0.04490808942	-0.00041425230	0.02794325202
0.04490834252	-0.00038583918	0.02806660000
0.04490857289	-0.00035802326	0.02819142285
0.04490878126	-0.00033085565	0.02831738513
0.04490896863	-0.00030436243	0.02844466723
0.04490913596	-0.00027858148	0.02857299169
0.04490928429	-0.00025354460	0.02870237838
0.04490941474	-0.00022927636	0.02883274519
0.04490952841	-0.00020580951	0.02896387716
0.04490962646	-0.00018316937	0.02909587068
0.04490971009	-0.00016136892	0.02922852149
0.04490978043	-0.00014043299	0.02936168273
0.04490983866	-0.00012038206	0.02949539509
0.04490988593	-0.00010122074	0.02962948345
0.04490992337	-0.00008296102	0.02976384959
0.04490995207	-0.00006561208	0.02989836592
0.04490997307	-0.00004918372	0.03003299318
0.04490998738	-0.00003367334	0.03016761032
0.04490999595	-0.00001907934	0.03030211079
0.04490999968	-0.00000539961	0.03043639720
0.04490999939	0.00000737229	0.03057037319
0.04490999588	0.00001924480	0.03070394377
0.04490998983	0.00003022896	0.03083701558
0.04490998188	0.00004033795	0.03096945862
0.04490997263	0.00004957876	0.03110124689
0.04490996258	0.00005797573	0.03123227222
0.04490995216	0.00006555010	0.03136243046
0.04490994177	0.00007232294	0.03149160645
0.04490993174	0.00007830121	0.03161982607
0.04490992231	0.00008353255	0.03174686973
0.04490991376	0.00008801370	0.03187281576
0.04490990618	0.00009179972	0.03199743600
0.04490989976	0.00009488758	0.03212080170
0.04490989455	0.00009732371	0.03224278490
0.04490989058	0.00009913649	0.03236330099
0.04490988790	0.00010034286	0.03248233476
0.04490988649	0.00010097436	0.03259983190
0.04490988629	0.00010106322	0.03271573098
0.04490988724	0.00010063713	0.03282998857
0.04490988928	0.00009972428	0.03294256489
0.04490989230	0.00009835314	0.03305342383
0.04490989621	0.00009655462	0.03316251042
0.04490990089	0.00009434892	0.03326981764
0.04490990625	0.00009176332	0.03337533355
0.04490991214	0.00008883353	0.03347900217
0.04490991845	0.00008558365	0.03358079561
0.04490992509	0.00008202589	0.03368075654
0.04490993190	0.00007820779	0.03377878280
0.04490993882	0.00007412754	0.03387495076
0.04490994572	0.00006982573	0.03396920944
0.04490995249	0.00006532640	0.03406152549
0.04490995907	0.00006063204	0.03415196484
0.04490996536	0.00005577856	0.03424048866
0.04490997129	0.00005078372	0.03432710159
0.04490997678	0.00004566471	0.03441181063
0.04490998179	0.00004043811	0.03449462497
0.04490998627	0.00003512019	0.03457555597
0.04490999016	0.00002972671	0.03465461696
0.04490999344	0.00002427288	0.03473182317
0.04490999608	0.00001877312	0.03480719155
0.04490999805	0.00001324163	0.03488074074
0.04490999934	0.00000769732	0.03495245511
0.04490999995	0.00000213443	0.03502240910
0.04490999987	-0.00000342778	0.03509061793
0.04490999911	-0.00000896297	0.03515703268
0.04490999766	-0.00001449628	0.03522179180
0.04490999555	-0.00001998350	0.03528480999
0.04490999279	-0.00002544795	0.03534621476
0.04490998941	-0.00003084861	0.03540591708
0.04490998540	-0.00003621731	0.03546406471
0.04490998081	-0.00004151970	0.03552061359
0.04490997566	-0.00004675314	0.03557557989
0.04490996998	-0.00005193081	0.03562905337
0.04490996379	-0.00005703275	0.03568102679
0.04490995713	-0.00006205639	0.03573153024
0.04490995003	-0.00006699776	0.03578058416
0.04490994251	-0.00007185961	0.03582823276
0.04490993461	-0.00007664000	0.03587451321
0.04490992635	-0.00008133257	0.03591944563
0.04490991778	-0.00008593572	0.03596306055
0.04490990892	-0.00009044832	0.03600538840
0.04490989980	-0.00009486910	0.03604645953
0.04490989045	-0.00009919721	0.03608630412
0.04490988090	-0.00010342916	0.03612493745
0.04490987117	-0.00010757085	0.03616240580
0.04490986128	-0.00011162195	0.03619874336
0.04490985127	-0.00011557908	0.03623397256
0.04490984117	-0.00011944193	0.03626812224
0.04490983100	-0.00012320693	0.03630120246
0.04490982077	-0.00012687845	0.03633324284
0.04490981049	-0.00013046833	0.03636431625
0.04490980019	-0.00013396471	0.03639442166
0.04490978988	-0.00013737935	0.03642364844
0.04490978394	-0.00013930650	0.03643850376
0.04490978298	-0.00013961622	0.03645348036
0.04490978704	-0.00013830488	0.03646840265
0.04490979593	-0.00013538784	0.03648309569
0.04490980923	-0.00013089932	0.03649738721
0.04490982634	-0.00012489193	0.03651110965
0.04490984646	-0.00011743609	0.03652410213
0.04490986865	-0.00010861924	0.03653621234
0.04490989188	-0.00009854472	0.03654729827
0.04490991509	-0.00008733065	0.03655722998
0.04490993719	-0.00007510852	0.03656589100
0.04490995717	-0.00006202160	0.03657317981
0.04490997411	-0.00004822334	0.03657901094
0.04490998722	-0.00003387550	0.03658331604
0.04490999592	-0.00001914630	0.03658604462
0.04539056349	-0.00189252362	0.02261165718
0.04538808969	-0.00195095214	0.02267961032
0.04538715132	-0.00197266201	0.02271122729
0.04538647520	-0.00198815715	0.02273731578
0.04538592657	-0.00200064229	0.02276041231
0.04538546913	-0.00201099266	0.02278188607
0.04538507699	-0.00201982332	0.02280224444
0.04538472709	-0.00202767028	0.02282161029
0.04538442789	-0.00203435612	0.02284062278
0.04538416007	-0.00204032219	0.02285911024
0.04538391850	-0.00204568864	0.02287717366
0.04538371221	-0.00205026006	0.02289519177
0.04538353096	-0.00205426813	0.02291303673
0.04538336711	-0.00205788472	0.02293062842
0.04538322854	-0.00206093845	0.02294824028
0.04538311388	-0.00206346185	0.02296590034
0.04538301934	-0.00206553995	0.02298357027
0.04538294436	-0.00206718671	0.02300128253
0.04538288851	-0.00206841252	0.02301906718
0.04538285150	-0.00206922449	0.02303695199
0.04538283260	-0.00206963884	0.02305495026
0.04538283288	-0.00206963267	0.02307311573
0.04538285278	-0.00206919638	0.02309148287
0.04538288956	-0.00206838951	0.02311000608
0.04538294531	-0.00206716585	0.02312876006
0.04538302004	-0.00206552467	0.02314776371
0.04538311368	-0.00206346620	0.02316703479
0.04538322643	-0.00206098487	0.02318659548
0.04538335848	-0.00205807507	0.02320646861
0.04538350853	-0.00205476355	0.02322663812
0.04538367119	-0.00205116775	0.02324698273
0.04538386087	-0.00204696661	0.02326790658
0.04538406992	-0.00204232642	0.02328921574
0.04538428756	-0.00203748437	0.02331064066
0.04538453667	-0.00203192804	0.02333283277
0.04538479538	-0.00202614120	0.02335519990
0.04538508054	-0.00201974366	0.02337824169
0.04538537730	-0.00201306416	0.02340155562
0.04538570188	-0.00200573295	0.02342563497
0.04538603557	-0.00199816788	0.02344995581
0.04538639495	-0.00198998839	0.02347504024
0.04538677359	-0.00198133359	0.02350071711
0.04538716832	-0.00197227072	0.02352691915
0.04538758020	-0.00196276946	0.02355371295
0.04538801371	-0.00195271909	0.02358127086
0.04538846523	-0.00194219570	0.02360950732
0.04538893475	-0.00193119199	0.02363845669
0.04538942221	-0.00191970078	0.02366815373
0.04538992755	-0.00190771515	0.02369863371
0.04539045067	-0.00189522760	0.02372993170
0.04539099147	-0.00188223096	0.02376208324
0.04539154584	-0.00186881416	0.02379498664
0.04539211947	-0.00185482878	0.02382889438
0.04539271097	-0.00184029627	0.02386379389
0.04539331574	-0.00182531808	0.02389955822
0.04539393609	-0.00180982502	0.02393632663
0.04539457384	-0.00179375742	0.02397422156
0.04539522261	-0.00177726300	0.02401303093
0.04539588834	-0.00176017674	0.02405305933
0.04539656765	-0.00174256877	0.02409421285
0.04539725679	-0.00172452183	0.02413638485
0.04539796175	-0.00170586312	0.02417990627
0.04539867815	-0.00168668985	0.02422462820
0.04539940549	-0.00166699761	0.02427059143
0.04540014327	-0.00164678199	0.02431783611
0.04540089094	-0.00162603882	0.02436640188
0.04540164789	-0.00160476455	0.02441632794
0.04540241349	-0.00158295595	0.02446765290
0.04540318707	-0.00156060999	0.02452041454
0.04540396793	-0.00153772427	0.02457465000
0.04540475531	-0.00151429694	0.02463039568
0.04540554704	-0.00149036841	0.02468760732
0.04540634271	-0.00146592691	0.02474635217
0.04540714371	-0.00144090248	0.02480682016
0.04540794428	-0.00141544910	0.02486870615
0.04540874891	-0.00138939636	0.02493245556
0.04540955096	-0.00136293116	0.02499766587
0.04541035432	-0.00133589678	0.02506477919
0.04541115424	-0.00130842308	0.02513351563
0.04541195060	-0.00128048537	0.02520400944
0.04541274297	-0.00125206857	0.02527636020
0.04541352924	-0.00122321773	0.02535050782
0.04541430813	-0.00119395018	0.02542648105
0.04541507823	-0.00116428916	0.02550429601
0.04541583833	-0.00113425250	0.02558398971
0.04541658735	-0.00110385378	0.02566561116
0.04541732379	-0.00107312599	0.02574914805
0.04541804611	-0.00104210721	0.02583458643
0.04541875327	-0.00101081717	0.02592197822
0.04541944407	-0.00097928550	0.02601133523
0.04542011729	-0.00094754715	0.02610265700
0.04542077177	-0.00091563714	0.02619594716
0.04542140647	-0.00088359173	0.02629120378
0.04542201977	-0.00085148110	0.02638830976
0.04542261171	-0.00081929582	0.02648748427
0.04542318111	-0.00078709430	0.02658860545
0.04542372679	-0.00075494645	0.02669154450
0.04542424872	-0.00072286095	0.02679647546
0.04542474625	-0.00069088941	0.02690330464
0.04542521858	-0.00065910329	0.02701187769
0.04542566604	-0.00062750690	0.02712241491
0.04542608796	-0.00059618182	0.02723462200
0.04542648464	-0.00056514874	0.02734865918
0.04542685600	-0.00053446626	0.02746436083
0.04542720228	-0.00050417545	0.02758171821
0.04542752386	-0.00047431666	0.02770070622
0.04542782106	-0.00044494204	0.02782118110
0.04542809457	-0.00041608114	0.02794322020
0.04542834489	-0.00038778918	0.02806656874
0.04542857289	-0.00036009106	0.02819138885
0.04542877927	-0.00033303751	0.02831734630
0.04542896502	-0.00030665473	0.02844462039
0.04542913107	-0.00028098031	0.02857293457
0.04542927845	-0.00025604602	0.02870230834
0.04542940824	-0.00023187636	0.02883265963
0.04542952153	-0.00020850388	0.02896377412
0.04542961943	-0.00018595397	0.02909574745
0.04542970312	-0.00016423950	0.02922837594
0.04542977372	-0.00014338521	0.02936151308
0.04542983237	-0.00012341159	0.02949519901
0.04542988022	-0.00010432326	0.02962925908
0.04542991835	-0.00008613215	0.02976359517
0.04542994783	-0.00006884746	0.02989807994
0.04542996969	-0.00005247899	0.03003267395
0.04542998491	-0.00003702418	0.03016725638
0.04542999444	-0.00002248148	0.03030172080
0.04542999914	-0.00000884881	0.03043596995
0.04542999983	0.00000388019	0.03056990757
0.04542999728	0.00001571391	0.03070343879
0.04542999218	0.00002666330	0.03083647034
0.04542998514	0.00003674147	0.03096887250
0.04542997676	0.00004595532	0.03110061909
0.04542996751	0.00005432908	0.03123160213
0.04542995785	0.00006188387	0.03136171764
0.04542994815	0.00006864064	0.03149085071
0.04542993874	0.00007460629	0.03161902685
0.04542992986	0.00007982824	0.03174602717
0.04542992178	0.00008430323	0.03187192942
0.04542991460	0.00008808605	0.03199650622
0.04542990851	0.00009117367	0.03211982828
0.04542990355	0.00009361232	0.03224176800
0.04542989977	0.00009543020	0.03236224094
0.04542989720	0.00009664421	0.03248123177
0.04542989583	0.00009728571	0.03259868625
0.04542989562	0.00009738679	0.03271454306
0.04542989650	0.00009697502	0.03282875880
0.04542989840	0.00009607844	0.03294129374
0.04542990124	0.00009472540	0.03305211180
0.04542990492	0.00009294667	0.03316115815
0.04542990934	0.00009076235	0.03326842568
0.04542991438	0.00008819960	0.03337390242
0.04542991993	0.00008529398	0.03347753256
0.04542992587	0.00008206946	0.03357928828
0.04542993211	0.00007853823	0.03367921198
0.04542993851	0.00007474758	0.03377720194
0.04542994499	0.00007069574	0.03387333414
0.04542995144	0.00006642310	0.03396755780
0.04542995776	0.00006195360	0.03405983972
0.04542996388	0.00005728973	0.03415024552
0.04542996970	0.00005246724	0.03423873657
0.04542997516	0.00004750380	0.03432531750
0.04542998020	0.00004241655	0.03440999529
0.04542998475	0.00003722197	0.03449277915
0.04542998877	0.00003193628	0.03457368040
0.04542999223	0.00002657516	0.03465271238
0.04542999508	0.00002115378	0.03472989032
0.04542999729	0.00001568648	0.03480523113
0.04542999886	0.00001018739	0.03487875345
0.04542999976	0.00000467535	0.03495044181
0.04542999999	-0.00000085536	0.03502037038
0.04542999955	-0.00000638556	0.03508855442
0.04542999844	-0.00001188906	0.03515494529
0.04542999667	-0.00001739084	0.03521968095
0.04542999426	-0.00002284693	0.03528267656
0.04542999120	-0.00002828049	0.03534405917
0.04542998754	-0.00003365074	0.03540374025
0.04542998327	-0.00003898930	0.03546186702
0.04542997844	-0.00004426202	0.03551839571
0.04542997307	-0.00004946626	0.03557334256
0.04542996717	-0.00005461511	0.03562679702
0.04542996079	-0.00005968872	0.03567875201
0.04542995395	-0.00006468453	0.03572923760
0.04542994669	-0.00006959858	0.03577827426
0.04542993902	-0.00007443361	0.03582590613
0.04542993099	-0.00007918766	0.03587217033
0.04542992261	-0.00008385443	0.03591708700
0.04542991393	-0.00008843231	0.03596068667
0.04542990497	-0.00009292017	0.03600299975
0.04542989577	-0.00009731674	0.03604405658
0.04542988634	-0.00010162118	0.03608388731
0.04542987673	-0.00010583002	0.03612250728
0.04542986695	-0.00010994910	0.03615996268
0.04542985702	-0.00011397812	0.03619628768
0.04542984698	-0.00011791370	0.03623150471
0.04542983684	-0.00012175553	0.03626564260
0.04542982665	-0.00012550006	0.03629871146
0.04542981642	-0.00012915164	0.03633074092
0.04542980613	-0.00013272201	0.03636180363
0.04542979584	-0.00013619941	0.03639189866
0.04542978553	-0.00013959551	0.03642111510
0.04542977959	-0.00014151437	0.03643597147
0.04542977865	-0.00014181574	0.03645094822
0.04542978275	-0.00014049608	0.03646586976
0.04542979170	-0.00013757086	0.03648056115
0.04542980510	-0.00013307437	0.03649485014
0.04542982232	-0.00012705934	0.03650856922
0.04542984258	-0.00011959627	0.03652155753
0.04542986495	-0.00011077268	0.03653366280
0.04542988841	-0.00010069199	0.03654474310
0.04542991189	-0.00008947241	0.03655466854
0.04542993433	-0.00007724546	0.03656332274
0.04542995470	-0.00006415450	0.03657060424
0.04542997210	-0.00005035301	0.03657642767
0.04542998573	-0.00003600279	0.03658072476
0.04542999502	-0.00002127209	0.03658344513
0.04591141468	-0.00188268488	0.02260909530
0.04590897051	-0.00194137227	0.02267682558
0.04590804216	-0.00196320264	0.02270835933
0.04590737260	-0.00197879785	0.02273438741
0.04590682893	-0.00199137089	0.02275743575
0.04590637520	-0.00200180320	0.02277886904
0.04590598588	-0.00201071152	0.02279919264
0.04590563829	-0.00201863143	0.02281852835
0.04590534061	-0.00202538962	0.02283751410
0.04590507391	-0.00203142548	0.02285597806
0.04590483312	-0.00203685944	0.02287402079
0.04590462703	-0.00204149873	0.02289202045
0.04590444562	-0.00204557372	0.02290984921
0.04590428141	-0.00204925545	0.02292742693
0.04590414207	-0.00205237443	0.02294502665
0.04590402625	-0.00205496324	0.02296267633
0.04590393026	-0.00205710649	0.02298033765
0.04590385351	-0.00205881825	0.02299804302
0.04590379560	-0.00206010902	0.02301582242
0.04590375624	-0.00206098599	0.02303370361
0.04590373471	-0.00206146539	0.02305169985
0.04590373205	-0.00206152461	0.02306986482
0.04590374868	-0.00206115423	0.02308823296
0.04590378194	-0.00206041335	0.02310675875
0.04590383387	-0.00205925621	0.02312551680
0.04590390445	-0.00205768215	0.02314452601
0.04590399365	-0.00205569143	0.02316380413
0.04590410164	-0.00205327855	0.02318337335
0.04590422861	-0.00205043799	0.02320325647
0.04590437329	-0.00204719628	0.02322343752
0.04590453042	-0.00204366989	0.02324379541
0.04590471408	-0.00203954055	0.02326473367
0.04590491678	-0.00203497310	0.02328605873
0.04590512800	-0.00203020270	0.02330750153
0.04590537009	-0.00202472141	0.02332971239
0.04590562170	-0.00201900877	0.02335210027
0.04590589926	-0.00201268794	0.02337516390
0.04590618830	-0.00200608478	0.02339850158
0.04590650463	-0.00199883281	0.02342260565
0.04590683000	-0.00199134621	0.02344695330
0.04590718057	-0.00198324780	0.02347206557
0.04590755011	-0.00197467545	0.02349777175
0.04590793548	-0.00196569581	0.02352400473
0.04590833773	-0.00195627889	0.02355083101
0.04590876124	-0.00194631493	0.02357842260
0.04590920247	-0.00193587937	0.02360669420
0.04590966140	-0.00192496497	0.02363568011
0.04591013799	-0.00191356465	0.02366541508
0.04591063216	-0.00190167157	0.02369593433
0.04591114383	-0.00188927830	0.02372727291
0.04591167288	-0.00187637774	0.02375946631
0.04591221531	-0.00186305804	0.02379241315
0.04591277668	-0.00184917216	0.02382636530
0.04591335562	-0.00183474131	0.02386131029
0.04591394764	-0.00181986606	0.02389712156
0.04591455499	-0.00180447785	0.02393393803
0.04591517946	-0.00178851755	0.02397188187
0.04591581481	-0.00177213153	0.02401074163
0.04591646683	-0.00175515630	0.02405082111
0.04591713224	-0.00173766130	0.02409202671
0.04591780737	-0.00171972853	0.02413425215
0.04591849805	-0.00170118677	0.02417782743
0.04591920003	-0.00168213228	0.02422260415
0.04591991280	-0.00166256072	0.02426862303
0.04592063588	-0.00164246766	0.02431592412
0.04592136873	-0.00162184898	0.02436454700
0.04592211075	-0.00160070112	0.02441453079
0.04592286133	-0.00157902088	0.02446591400
0.04592361982	-0.00155680521	0.02451873434
0.04592438552	-0.00153405171	0.02457302887
0.04592515769	-0.00151075850	0.02462883389
0.04592593421	-0.00148696562	0.02468610533
0.04592671468	-0.00146266139	0.02474491023
0.04592750046	-0.00143777650	0.02480543789
0.04592828592	-0.00141246342	0.02486738424
0.04592907543	-0.00138655342	0.02493119317
0.04592986251	-0.00136023156	0.02499646360
0.04593065096	-0.00133334268	0.02506363603
0.04593143612	-0.00130601537	0.02513243162
0.04593221789	-0.00127822525	0.02520298410
0.04593299584	-0.00124995742	0.02527539265
0.04593376789	-0.00122125651	0.02534959743
0.04593453279	-0.00119213977	0.02542562704
0.04593528917	-0.00116263030	0.02550349750
0.04593603582	-0.00113274586	0.02558324563
0.04593677170	-0.00110249999	0.02566492021
0.04593749531	-0.00107192547	0.02574850893
0.04593820517	-0.00104106014	0.02583399784
0.04593890023	-0.00100992370	0.02592143855
0.04593957932	-0.00097854564	0.02601084277
0.04594024124	-0.00094696075	0.02610220994
0.04594088486	-0.00091520386	0.02619554358
0.04594150913	-0.00088331109	0.02629084167
0.04594211249	-0.00085135211	0.02638798747
0.04594269494	-0.00081931790	0.02648719909
0.04594325534	-0.00078726642	0.02658835507
0.04594379252	-0.00075526714	0.02669132700
0.04594430645	-0.00072332897	0.02679628800
0.04594479648	-0.00069150320	0.02690314465
0.04594526182	-0.00065986084	0.02701174305
0.04594570279	-0.00062840649	0.02712230238
0.04594611874	-0.00059722108	0.02723452939
0.04594650994	-0.00056632547	0.02734858341
0.04594687630	-0.00053577788	0.02746429932
0.04594721808	-0.00050561927	0.02758166818
0.04594753561	-0.00047588985	0.02770066476
0.04594782923	-0.00044664150	0.02782114569
0.04594809960	-0.00041790379	0.02794318771
0.04594834719	-0.00038973155	0.02806653690
0.04594857286	-0.00036214982	0.02819135438
0.04594877730	-0.00033520890	0.02831730714
0.04594896146	-0.00030893512	0.02844457336
0.04594912626	-0.00028336580	0.02857287745
0.04594927269	-0.00025853267	0.02870223850
0.04594940183	-0.00023446016	0.02883257449
0.04594951472	-0.00021118064	0.02896367175
0.04594961246	-0.00018871954	0.02909562515
0.04594969620	-0.00016708964	0.02922823161
0.04594976705	-0.00014631559	0.02936134494
0.04594982610	-0.00012641791	0.02949500476
0.04594987448	-0.00010740116	0.02962903688
0.04594991327	-0.00008927731	0.02976334328
0.04594994350	-0.00007205551	0.02989779685
0.04594996619	-0.00005574559	0.03003235800
0.04594998229	-0.00004034503	0.03016690610
0.04594999273	-0.00002585231	0.03030133489
0.04594999836	-0.00001226541	0.03043554720
0.04595000000	0.00000042197	0.03056944690
0.04594999838	0.00001221817	0.03070293920
0.04594999418	0.00002313403	0.03083593094
0.04594998802	0.00003318260	0.03096829268
0.04594998046	0.00004237071	0.03109999805
0.04594997200	0.00005072245	0.03123093927
0.04594996307	0.00005825881	0.03136101254
0.04594995403	0.00006500066	0.03149010319
0.04594994522	0.00007095482	0.03161823632
0.04594993687	0.00007616849	0.03174519380
0.04594992924	0.00008063840	0.03187105277
0.04594992245	0.00008441908	0.03199558663
0.04594991667	0.00008750751	0.03211886555
0.04594991196	0.00008994968	0.03224076228
0.04594990835	0.00009177367	0.03236119257
0.04594990589	0.00009299629	0.03248014096
0.04594990457	0.00009364876	0.03259755327
0.04594990434	0.00009376299	0.03271336830
0.04594990514	0.00009336645	0.03282754269
0.04594990692	0.00009248703	0.03294003673
0.04594990959	0.00009115297	0.03305081440
0.04594991304	0.00008939486	0.03315982097
0.04594991720	0.00008723276	0.03326704929
0.04594992195	0.00008469368	0.03337248732
0.04594992717	0.00008181301	0.03347607945
0.04594993275	0.00007861462	0.03357779790
0.04594993861	0.00007511067	0.03367768483
0.04594994461	0.00007134819	0.03377563892
0.04594995068	0.00006732547	0.03387173580
0.04594995670	0.00006308269	0.03396592486
0.04594996258	0.00005864369	0.03405817308
0.04594996826	0.00005401097	0.03414854575
0.04594997364	0.00004922010	0.03423700443
0.04594997866	0.00004428868	0.03432355376
0.04594998325	0.00003923378	0.03440820070
0.04594998737	0.00003407181	0.03449095444
0.04594999096	0.00002881892	0.03457182632
0.04594999400	0.00002349072	0.03465082967
0.04594999643	0.00001810232	0.03472797969
0.04594999825	0.00001266799	0.03480329329
0.04594999944	0.00000720182	0.03487678909
0.04594999997	0.00000172254	0.03494845177
0.04594999984	-0.00000377552	0.03501835525
0.04594999906	-0.00000927325	0.03508651481
0.04594999763	-0.00001474463	0.03515288212
0.04594999555	-0.00002021444	0.03521759462
0.04594999285	-0.00002563897	0.03528056795
0.04594998952	-0.00003104124	0.03534192868
0.04594998560	-0.00003638068	0.03540158881
0.04594998109	-0.00004168873	0.03545969499
0.04594997603	-0.00004693140	0.03551620377
0.04594997046	-0.00005210608	0.03557113142
0.04594996437	-0.00005722577	0.03562456711
0.04594995781	-0.00006227071	0.03567650392
0.04594995081	-0.00006723836	0.03572697189
0.04594994340	-0.00007212478	0.03577599153
0.04594993560	-0.00007693267	0.03582360689
0.04594992744	-0.00008166010	0.03586985505
0.04594991896	-0.00008630078	0.03591475619
0.04594991018	-0.00009085311	0.03595834082
0.04594990114	-0.00009531596	0.03600063933
0.04594989186	-0.00009968806	0.03604168205
0.04594988238	-0.00010396857	0.03608149911
0.04594987272	-0.00010815406	0.03612010591
0.04594986289	-0.00011225031	0.03615754855
0.04594985293	-0.00011625702	0.03619386115
0.04594984286	-0.00012017083	0.03622906617
0.04594983271	-0.00012399141	0.03626319243
0.04594982251	-0.00012771527	0.03629625010
0.04594981227	-0.00013134671	0.03632826879
0.04594980199	-0.00013489740	0.03635932094
0.04594979170	-0.00013835563	0.03638940574
0.04594978141	-0.00014173299	0.03641861197
0.04594977548	-0.00014364346	0.03643346941
0.04594977456	-0.00014393637	0.03644844631
0.04594977870	-0.00014260828	0.03646336708
0.04594978771	-0.00013967476	0.03647805679
0.04594980119	-0.00013517021	0.03649234323
0.04594981851	-0.00012914744	0.03650605888
0.04594983890	-0.00012167705	0.03651904296
0.04594986143	-0.00011284662	0.03653114322
0.04594988510	-0.00010275970	0.03654221782
0.04594990883	-0.00009153452	0.03655213690
0.04594993157	-0.00007930270	0.03656078418
0.04594995230	-0.00006620765	0.03656805828
0.04594997012	-0.00005240289	0.03657387390
0.04594998425	-0.00003805026	0.03657816288
0.04594999408	-0.00002331805	0.03658087492
0.04643224186	-0.00187291649	0.02260656348
0.04642982678	-0.00193186057	0.02267407105
0.04642890829	-0.00195381048	0.02270552157
0.04642824517	-0.00196950501	0.02273148917
0.04642770639	-0.00198216530	0.02275448925
0.04642725633	-0.00199267896	0.02277588198
0.04642686980	-0.00200166440	0.02279617070
0.04642652453	-0.00200965675	0.02281547618
0.04642622837	-0.00201648680	0.02283443508
0.04642596280	-0.00202259198	0.02285287540
0.04642572281	-0.00202809302	0.02287089734
0.04642551696	-0.00203279972	0.02288887840
0.04642533544	-0.00203694122	0.02290669081
0.04642517091	-0.00204068768	0.02292425442
0.04642503085	-0.00204387150	0.02294184185
0.04642491394	-0.00204652533	0.02295948099
0.04642481655	-0.00204873335	0.02297713354
0.04642473812	-0.00205050972	0.02299483183
0.04642467824	-0.00205186506	0.02301260582
0.04642463661	-0.00205280666	0.02303048319
0.04642461255	-0.00205335074	0.02304847721
0.04642460706	-0.00205347499	0.02306664149
0.04642462054	-0.00205317016	0.02308501043
0.04642465040	-0.00205249490	0.02310353860
0.04642469862	-0.00205140394	0.02312230050
0.04642476520	-0.00204989664	0.02314131504
0.04642485008	-0.00204797330	0.02316059997
0.04642495346	-0.00204562852	0.02318017747
0.04642507551	-0.00204285684	0.02320007035
0.04642521499	-0.00203968458	0.02322026267
0.04642536676	-0.00203622726	0.02324063361
0.04642554456	-0.00203216935	0.02326158600
0.04642574110	-0.00202767427	0.02328292668
0.04642594610	-0.00202297518	0.02330438709
0.04642618138	-0.00201756855	0.02332661642
0.04642642608	-0.00201192977	0.02334902474
0.04642669627	-0.00200568527	0.02337210991
0.04642697779	-0.00199915811	0.02339547102
0.04642728611	-0.00199198499	0.02341959950
0.04642760339	-0.00198457650	0.02344397363
0.04642794541	-0.00197655878	0.02346911341
0.04642830609	-0.00196806848	0.02349484855
0.04642868237	-0.00195917169	0.02352111213
0.04642907525	-0.00194983870	0.02354797053
0.04642948904	-0.00193996076	0.02357559544
0.04642992026	-0.00192961260	0.02360390180
0.04643036890	-0.00191878711	0.02363292388
0.04643083491	-0.00190747726	0.02366269639
0.04643131822	-0.00189567628	0.02369325452
0.04643181874	-0.00188337684	0.02372463329
0.04643233637	-0.00187057190	0.02375686814
0.04643286719	-0.00185734885	0.02378985799
0.04643341662	-0.00184356198	0.02382385413
0.04643398334	-0.00182923231	0.02385884418
0.04643456295	-0.00181445950	0.02389470195
0.04643515766	-0.00179917562	0.02393156605
0.04643576921	-0.00178332210	0.02396955835
0.04643639150	-0.00176704395	0.02400846806
0.04643703019	-0.00175017918	0.02404859816
0.04643768207	-0.00173279658	0.02408985538
0.04643834356	-0.00171497740	0.02413213378
0.04643902035	-0.00169655198	0.02417576245
0.04643970829	-0.00167761567	0.02422059350
0.04644040689	-0.00165816413	0.02426666754
0.04644111566	-0.00163819299	0.02431402458
0.04644183408	-0.00161769813	0.02436270409
0.04644256158	-0.00159667601	0.02441274513
0.04644329754	-0.00157512340	0.02446418611
0.04644404133	-0.00155303730	0.02451706466
0.04644479227	-0.00153041526	0.02457141777
0.04644554964	-0.00150725542	0.02462728165
0.04644631136	-0.00148359740	0.02468461241
0.04644707704	-0.00145942963	0.02474347687
0.04644784800	-0.00143468344	0.02480406372
0.04644861873	-0.00140950981	0.02486606998
0.04644939353	-0.00138374168	0.02492993796
0.04645016604	-0.00135756226	0.02499526804
0.04645093996	-0.00133081797	0.02506249913
0.04645171076	-0.00130363612	0.02513135341
0.04645247833	-0.00127599262	0.02520196410
0.04645324223	-0.00124787278	0.02527443003
0.04645400044	-0.00121932080	0.02534869153
0.04645475172	-0.00119035384	0.02542477710
0.04645549473	-0.00116099487	0.02550270265
0.04645622829	-0.00113126156	0.02558250482
0.04645695137	-0.00110116745	0.02566423215
0.04645766250	-0.00107074507	0.02574787233
0.04645836021	-0.00104003205	0.02583341139
0.04645904349	-0.00100904806	0.02592090069
0.04645971118	-0.00097782242	0.02601035179
0.04646036210	-0.00094638978	0.02610176405
0.04646099513	-0.00091478479	0.02619514089
0.04646160925	-0.00088304341	0.02629048018
0.04646220291	-0.00085123482	0.02638766554
0.04646277612	-0.00081935039	0.02648691404
0.04646332776	-0.00078744767	0.02658810461
0.04646385665	-0.00075559565	0.02669110922
0.04646436278	-0.00072380348	0.02679610011
0.04646484550	-0.00069212214	0.02690298407
0.04646530403	-0.00066062218	0.02701160769
0.04646573868	-0.00062930850	0.02712218902
0.04646614879	-0.00059826140	0.02723443588
0.04646653464	-0.00056750187	0.02734850669
0.04646689614	-0.00053708777	0.02746423683
0.04646723351	-0.00050705995	0.02758161717
0.04646754710	-0.00047745851	0.02770062234
0.04646783722	-0.00044833501	0.02782110936
0.04646810450	-0.00041971908	0.02794315437
0.04646834943	-0.00039166514	0.02806650430
0.04646857282	-0.00036419838	0.02819131928
0.04646877535	-0.00033736868	0.02831726748
0.04646895795	-0.00031120249	0.02844452601
0.04646912152	-0.00028573687	0.02857282020
0.04646926702	-0.00026100349	0.02870216873
0.04646939550	-0.00023702674	0.02883248966
0.04646950799	-0.00021383880	0.02896356994
0.04646960556	-0.00019146513	0.02909550369
0.04646968934	-0.00016991843	0.02922808842
0.04646976041	-0.00014922327	0.02936117825
0.04646981984	-0.00012940017	0.02949481230
0.04646986873	-0.00011045369	0.02962881682
0.04646990815	-0.00009239578	0.02976309390
0.04646993910	-0.00007523557	0.02989751666
0.04646996257	-0.00005898291	0.03003204534
0.04646997951	-0.00004363533	0.03016655953
0.04646999083	-0.00002919135	0.03030095312
0.04646999737	-0.00001564899	0.03043512903
0.04646999990	-0.00000300201	0.03056899125
0.04646999917	0.00000875785	0.03070244509
0.04646999585	0.00001964136	0.03083539749
0.04646999053	0.00002966147	0.03096771930
0.04646998378	0.00003882496	0.03109938395
0.04646997607	0.00004715579	0.03123028384
0.04646996784	0.00005467482	0.03136031536
0.04646995943	0.00006140282	0.03148936408
0.04646995120	0.00006734653	0.03161745472
0.04646994336	0.00007255294	0.03174436987
0.04646993618	0.00007701876	0.03187018606
0.04646992976	0.00008079828	0.03199467749
0.04646992428	0.00008388847	0.03211791379
0.04646991980	0.00008633510	0.03223976804
0.04646991636	0.00008816611	0.03236015618
0.04646991401	0.00008939822	0.03247906264
0.04646991273	0.00009006251	0.03259643329
0.04646991248	0.00009019075	0.03271220705
0.04646991321	0.00008981025	0.03282634058
0.04646991487	0.00008894880	0.03293879423
0.04646991737	0.00008763449	0.03304953199
0.04646992061	0.00008589777	0.03315849928
0.04646992452	0.00008375862	0.03326568886
0.04646992898	0.00008124392	0.03337108867
0.04646993388	0.00007838890	0.03347464326
0.04646993913	0.00007521733	0.03357632489
0.04646994462	0.00007174130	0.03367617551
0.04646995024	0.00006800765	0.03377409418
0.04646995591	0.00006401466	0.03387015618
0.04646996152	0.00005980236	0.03396431109
0.04646996698	0.00005539444	0.03405652602
0.04646997224	0.00005079344	0.03414686599
0.04646997720	0.00004603475	0.03423529272
0.04646998179	0.00004113589	0.03432181084
0.04646998597	0.00003611385	0.03440642732
0.04646998967	0.00003098499	0.03448915135
0.04646999286	0.00002576538	0.03456999424
0.04646999549	0.00002047058	0.03464896932
0.04646999754	0.00001511561	0.03472609178
0.04646999898	0.00000971471	0.03480137853
0.04646999980	0.00000428188	0.03487484816
0.04646999999	-0.00000116423	0.03494648550
0.04646999953	-0.00000662922	0.03501636422
0.04646999843	-0.00001209410	0.03508449963
0.04646999669	-0.00001753296	0.03515084369
0.04646999432	-0.00002297044	0.03521553334
0.04646999134	-0.00002836307	0.03527848467
0.04646998776	-0.00003373370	0.03533982383
0.04646998360	-0.00003904200	0.03539946328
0.04646997887	-0.00004431920	0.03545754916
0.04646997360	-0.00004953152	0.03551403829
0.04646996783	-0.00005467634	0.03556894700
0.04646996157	-0.00005976657	0.03562236418
0.04646995484	-0.00006478257	0.03567428306
0.04646994770	-0.00006972179	0.03572473365
0.04646994015	-0.00007458031	0.03577373649
0.04646993223	-0.00007936082	0.03582133557
0.04646992397	-0.00008406137	0.03586756793
0.04646991539	-0.00008867572	0.03591245375
0.04646990653	-0.00009320227	0.03595602354
0.04646989742	-0.00009763989	0.03599830768
0.04646988808	-0.00010198731	0.03603933649
0.04646987855	-0.00010624369	0.03607914007
0.04646986885	-0.00011040562	0.03611773388
0.04646985899	-0.00011447884	0.03615516393
0.04646984900	-0.00011846306	0.03619146431
0.04646983892	-0.00012235491	0.03622665749
0.04646982876	-0.00012615408	0.03626077228
0.04646981856	-0.00012985709	0.03629381892
0.04646980833	-0.00013346823	0.03632582699
0.04646979805	-0.00013699907	0.03635686873
0.04646978779	-0.00014043799	0.03638694343
0.04646977752	-0.00014379647	0.03641613961
0.04646977159	-0.00014569845	0.03643099811
0.04646977070	-0.00014598280	0.03644597516
0.04646977488	-0.00014464619	0.03646089515
0.04646978395	-0.00014170429	0.03647558317
0.04646979749	-0.00013719158	0.03648986701
0.04646981490	-0.00013116098	0.03650357920
0.04646983540	-0.00012368319	0.03651655899
0.04646985808	-0.00011484587	0.03652865419
0.04646988193	-0.00010475263	0.03653972301
0.04646990589	-0.00009352180	0.03654963567
0.04646992891	-0.00008128507	0.03655827594
0.04646994998	-0.00006818588	0.03656554255
0.04646996818	-0.00005437781	0.03657135028
0.04646998276	-0.00004002276	0.03657563105
0.04646999312	-0.00002528902	0.03657833468
0.04695304578	-0.00186322094	0.02260406225
0.04695065925	-0.00192241941	0.02267134739
0.04694975045	-0.00194448787	0.02270271471
0.04694909369	-0.00196028091	0.02272862180
0.04694855974	-0.00197302776	0.02275157357
0.04694811331	-0.00198362214	0.02277292569
0.04694772955	-0.00199268412	0.02279317945
0.04694738657	-0.00200074838	0.02281245461
0.04694709195	-0.00200764977	0.02283138655
0.04694682752	-0.00201382378	0.02284980313
0.04694658836	-0.00201939142	0.02286780416
0.04694638278	-0.00202416508	0.02288576650
0.04694620117	-0.00202837264	0.02290356243
0.04694603637	-0.00203218338	0.02292111180
0.04694589565	-0.00203543162	0.02293868679
0.04694577771	-0.00203815005	0.02295631524
0.04694567900	-0.00204042241	0.02297395885
0.04694559896	-0.00204226298	0.02299164991
0.04694553719	-0.00204368249	0.02300941830
0.04694549339	-0.00204468832	0.02302729169
0.04694546689	-0.00204529669	0.02304528330
0.04694545866	-0.00204548558	0.02306344669
0.04694546910	-0.00204524590	0.02308181623
0.04694549567	-0.00204463588	0.02310034656
0.04694554031	-0.00204361070	0.02311911210
0.04694560302	-0.00204216977	0.02313813175
0.04694568373	-0.00204031344	0.02315742326
0.04694578264	-0.00203803637	0.02317700881
0.04694589991	-0.00203533319	0.02319691120
0.04694603435	-0.00203222999	0.02321711454
0.04694618092	-0.00202884136	0.02323749826
0.04694635305	-0.00202485450	0.02325846450
0.04694654361	-0.00202043140	0.02327982052
0.04694674256	-0.00201580324	0.02330129828
0.04694697122	-0.00201047087	0.02332354576
0.04694720922	-0.00200490555	0.02334597424
0.04694747225	-0.00199873698	0.02336908062
0.04694774647	-0.00199228541	0.02339246486
0.04694804701	-0.00198519074	0.02341661741
0.04694835641	-0.00197785995	0.02344101769
0.04694869013	-0.00196992250	0.02346618464
0.04694904220	-0.00196151383	0.02349194839
0.04694940963	-0.00195269947	0.02351824220
0.04694979342	-0.00194344999	0.02354513236
0.04695019774	-0.00193365761	0.02357279021
0.04695061923	-0.00192339642	0.02360113094
0.04695105786	-0.00191265937	0.02363018880
0.04695151358	-0.00190143952	0.02365999845
0.04695198632	-0.00188973018	0.02369059505
0.04695247601	-0.00187752408	0.02372201358
0.04695298252	-0.00186481426	0.02375428946
0.04695350204	-0.00185168736	0.02378732190
0.04695403987	-0.00183799900	0.02382136159
0.04695459470	-0.00182376997	0.02385639625
0.04695516224	-0.00180909906	0.02389230006
0.04695574464	-0.00179391897	0.02392921133
0.04695634361	-0.00177817165	0.02396725162
0.04695695319	-0.00176200078	0.02400621082
0.04695757891	-0.00174524588	0.02404639106
0.04695821762	-0.00172797506	0.02408769941
0.04695886583	-0.00171026885	0.02413003030
0.04695952911	-0.00169195913	0.02417371187
0.04696020338	-0.00167314033	0.02421859675
0.04696088818	-0.00165380815	0.02426472546
0.04696158303	-0.00163395822	0.02431213794
0.04696228741	-0.00161358646	0.02436087358
0.04696300076	-0.00159268934	0.02441097136
0.04696372250	-0.00157126363	0.02446246961
0.04696445198	-0.00154930632	0.02451540588
0.04696518856	-0.00152681496	0.02456981706
0.04696593151	-0.00150378766	0.02462573929
0.04696667882	-0.00148026367	0.02468312887
0.04696743010	-0.00145623151	0.02474205239
0.04696818663	-0.00143162314	0.02480269793
0.04696894304	-0.00140658808	0.02486476360
0.04696970350	-0.00138096088	0.02492869013
0.04697046182	-0.00135492298	0.02499407938
0.04697122161	-0.00132832231	0.02506136864
0.04697197843	-0.00130128493	0.02513028114
0.04697273216	-0.00127378706	0.02520094959
0.04697348238	-0.00124581416	0.02527347242
0.04697422711	-0.00121741006	0.02534779021
0.04697496514	-0.00118859182	0.02542393130
0.04697569513	-0.00115938225	0.02550191150
0.04697641594	-0.00112979897	0.02558176729
0.04697712654	-0.00109985547	0.02566354697
0.04697782551	-0.00106958409	0.02574723823
0.04697851139	-0.00103902220	0.02583282708
0.04697918320	-0.00100818945	0.02592036460
0.04697983978	-0.00097711503	0.02600986225
0.04698047998	-0.00094583339	0.02610131928
0.04698110270	-0.00091437906	0.02619473901
0.04698170693	-0.00088278779	0.02629011920
0.04698229114	-0.00085112831	0.02638734386
0.04698285534	-0.00081939236	0.02648662900
0.04698339843	-0.00078763707	0.02658785394
0.04698391925	-0.00075593098	0.02669089103
0.04698441777	-0.00072428346	0.02679591162
0.04698489336	-0.00069274519	0.02690282274
0.04698534525	-0.00066138626	0.02701147146
0.04698577373	-0.00063021189	0.02712207469
0.04698617815	-0.00059930170	0.02723434132
0.04698655879	-0.00056867685	0.02734842886
0.04698691553	-0.00053839486	0.02746417320
0.04698724860	-0.00050849643	0.02758156502
0.04698755834	-0.00047902155	0.02770057881
0.04698784503	-0.00045002150	0.02782107197
0.04698810930	-0.00042152595	0.02794312004
0.04698835162	-0.00039358891	0.02806647080
0.04698857277	-0.00036623572	0.02819128340
0.04698877344	-0.00033951585	0.02831722720
0.04698895450	-0.00031345586	0.02844447820
0.04698911685	-0.00028809254	0.02857276268
0.04698926143	-0.00026345755	0.02870209893
0.04698938927	-0.00023957519	0.02883240504
0.04698950135	-0.00021647747	0.02896346861
0.04698959875	-0.00019418989	0.02909538299
0.04698968255	-0.00017272507	0.02922794629
0.04698975381	-0.00015210748	0.02936101296
0.04698981359	-0.00013235767	0.02949462159
0.04698986297	-0.00011348017	0.02962859888
0.04698990298	-0.00009548692	0.02976284702
0.04698993462	-0.00007838706	0.02989723936
0.04698995885	-0.00006219044	0.03003173599
0.04698997660	-0.00004689463	0.03016621670
0.04698998876	-0.00003249819	0.03030057553
0.04698999616	-0.00001899921	0.03043471550
0.04698999957	-0.00000639148	0.03056854070
0.04698999970	0.00000533316	0.03070195656
0.04698999721	0.00001618542	0.03083487011
0.04698999271	0.00002617816	0.03096715248
0.04698998673	0.00003531809	0.03109877689
0.04698997975	0.00004362904	0.03122963596
0.04698997218	0.00005113175	0.03135962625
0.04698996439	0.00005784687	0.03148863356
0.04698995671	0.00006378110	0.03161668223
0.04698994937	0.00006898119	0.03174355556
0.04698994260	0.00007344385	0.03186932951
0.04698993655	0.00007722310	0.03199377903
0.04698993136	0.00008031592	0.03211697322
0.04698992711	0.00008276786	0.03223878552
0.04698992383	0.00008460671	0.03235913205
0.04698992158	0.00008584912	0.03247799709
0.04698992034	0.00008652602	0.03259532661
0.04698992007	0.00008666901	0.03271105960
0.04698992074	0.00008630530	0.03282515278
0.04698992228	0.00008546252	0.03293756654
0.04698992462	0.00008416866	0.03304826490
0.04698992766	0.00008245401	0.03315719340
0.04698993132	0.00008033846	0.03326434473
0.04698993551	0.00007784878	0.03336970681
0.04698994011	0.00007502003	0.03347322432
0.04698994503	0.00007187586	0.03357486962
0.04698995018	0.00006842835	0.03367468439
0.04698995542	0.00006472407	0.03377256810
0.04698996072	0.00006076137	0.03386859566
0.04698996594	0.00005658006	0.03396271687
0.04698997100	0.00005220373	0.03405489895
0.04698997586	0.00004763494	0.03414520663
0.04698998041	0.00004290889	0.03423360183
0.04698998460	0.00003804305	0.03432008915
0.04698998837	0.00003305433	0.03440467557
0.04698999168	0.00002795902	0.03448737027
0.04698999448	0.00002277311	0.03456818456
0.04698999674	0.00001751210	0.03464713175
0.04698999842	0.00001219096	0.03472422702
0.04698999950	0.00000682385	0.03479948727
0.04698999998	0.00000142473	0.03487293108
0.04698999983	-0.00000398785	0.03494454341
0.04698999906	-0.00000941944	0.03501439772
0.04698999765	-0.00001485114	0.03508250929
0.04698999563	-0.00002025718	0.03514883042
0.04698999299	-0.00002566202	0.03521349753
0.04698998976	-0.00003102244	0.03527642718
0.04698998593	-0.00003636115	0.03533774505
0.04698998155	-0.00004163804	0.03539736411
0.04698997661	-0.00004688414	0.03545542995
0.04698997116	-0.00005206584	0.03551189971
0.04698996521	-0.00005718055	0.03556678974
0.04698995878	-0.00006224109	0.03562018867
0.04698995191	-0.00006722790	0.03567208986
0.04698994463	-0.00007213847	0.03572252331
0.04698993696	-0.00007696888	0.03577150960
0.04698992894	-0.00008172180	0.03581909262
0.04698992058	-0.00008639528	0.03586530938
0.04698991192	-0.00009098311	0.03591018010
0.04698990299	-0.00009548369	0.03595373527
0.04698989382	-0.00009989589	0.03599600524
0.04698988443	-0.00010421846	0.03603702033
0.04698987485	-0.00010845055	0.03607681062
0.04698986512	-0.00011258875	0.03611539162
0.04698985524	-0.00011663880	0.03615280926
0.04698984524	-0.00012060036	0.03618909760
0.04698983515	-0.00012447011	0.03622427911
0.04698982499	-0.00012824774	0.03625838259
0.04698981480	-0.00013192976	0.03629141835
0.04698980458	-0.00013552046	0.03632341596
0.04698979432	-0.00013903134	0.03635444744
0.04698978408	-0.00014245081	0.03638451219
0.04698977384	-0.00014579030	0.03641369844
0.04698976792	-0.00014768371	0.03642855802
0.04698976706	-0.00014795943	0.03644353521
0.04698977127	-0.00014661422	0.03645845441
0.04698978039	-0.00014366385	0.03647314070
0.04698979399	-0.00013914292	0.03648742192
0.04698981148	-0.00013310442	0.03650113062
0.04698983209	-0.00012561916	0.03651410608
0.04698985490	-0.00011677488	0.03652619617
0.04698987891	-0.00010667527	0.03653725915
0.04698990308	-0.00009543875	0.03654716532
0.04698992635	-0.00008319705	0.03655579853
0.04698994772	-0.00007009369	0.03656305757
0.04698996629	-0.00005628230	0.03656885733
0.04698998130	-0.00004192481	0.03657312982
0.04698999213	-0.00002718953	0.03657582495
0.04748384195	-0.00185341671	0.02260154500
0.04748148398	-0.00191287199	0.02266860385
0.04748058490	-0.00193506019	0.02269988643
0.04747993453	-0.00195095278	0.02272573186
0.04747940543	-0.00196378712	0.02274863437
0.04747896266	-0.00197446309	0.02276994505
0.04747858171	-0.00198360246	0.02279016312
0.04747824106	-0.00199173943	0.02280940732
0.04747794800	-0.00199871295	0.02282831169
0.04747768475	-0.00200495657	0.02284670398
0.04747744645	-0.00201059159	0.02286468359
0.04747724118	-0.00201543298	0.02288262675
0.04747705954	-0.00201970736	0.02290040576
0.04747689450	-0.00202358316	0.02291794047
0.04747675316	-0.00202689659	0.02293550266
0.04747663423	-0.00202968038	0.02295312005
0.04747653424	-0.00203201786	0.02297075440
0.04747645264	-0.00203392343	0.02298843792
0.04747638902	-0.00203540789	0.02300620044
0.04747634310	-0.00203647875	0.02302406958
0.04747631421	-0.00203715220	0.02304205856
0.04747630330	-0.00203740653	0.02306022085
0.04747631075	-0.00203723282	0.02307859079
0.04747633409	-0.00203668887	0.02309712311
0.04747637520	-0.00203573031	0.02311589214
0.04747643408	-0.00203435661	0.02313491678
0.04747651068	-0.00203256814	0.02315421476
0.04747660518	-0.00203035966	0.02317380826
0.04747671775	-0.00202772585	0.02319372007
0.04747684720	-0.00202469263	0.02321393439
0.04747698862	-0.00202137358	0.02323433086
0.04747715514	-0.00201745870	0.02325531095
0.04747733980	-0.00201310852	0.02327668231
0.04747753277	-0.00200855223	0.02329817744
0.04747775488	-0.00200329511	0.02332044312
0.04747798625	-0.00199780423	0.02334289183
0.04747824218	-0.00199171261	0.02336601951
0.04747850919	-0.00198533764	0.02338942697
0.04747880201	-0.00197832246	0.02341360372
0.04747910363	-0.00197107042	0.02343803029
0.04747942912	-0.00196321432	0.02346322456
0.04747977266	-0.00195488838	0.02348901709
0.04748013133	-0.00194615755	0.02351534134
0.04748050610	-0.00193699271	0.02354226348
0.04748090105	-0.00192728704	0.02356995451
0.04748131289	-0.00191711399	0.02359832986
0.04748174160	-0.00190646658	0.02362742376
0.04748218712	-0.00189533794	0.02365727084
0.04748264939	-0.00188372147	0.02368790621
0.04748312833	-0.00187160997	0.02371936482
0.04748362383	-0.00185899656	0.02375168207
0.04748413214	-0.00184596710	0.02378475745
0.04748465846	-0.00183237855	0.02381884106
0.04748520150	-0.00181825151	0.02385392070
0.04748575707	-0.00180368386	0.02388987097
0.04748632727	-0.00178860894	0.02392682982
0.04748691378	-0.00177296923	0.02396491854
0.04748751075	-0.00175690708	0.02400392766
0.04748812360	-0.00174026349	0.02404415849
0.04748874926	-0.00172310593	0.02408551845
0.04748938430	-0.00170551416	0.02412790231
0.04749003417	-0.00168732166	0.02417163728
0.04749069489	-0.00166862190	0.02421657648
0.04749136600	-0.00164941062	0.02426276039
0.04749204704	-0.00162968348	0.02431022884
0.04749273749	-0.00160943641	0.02435902115
0.04749343682	-0.00158866588	0.02440917621
0.04749414443	-0.00156736869	0.02446073228
0.04749485973	-0.00154554180	0.02451372683
0.04749558205	-0.00152318276	0.02456819666
0.04749631071	-0.00150028967	0.02462417783
0.04749704372	-0.00147690138	0.02468162680
0.04749778071	-0.00145300651	0.02474060999
0.04749852293	-0.00142853766	0.02480131481
0.04749926512	-0.00140364287	0.02486344050
0.04750001136	-0.00137815832	0.02492742618
0.04750075561	-0.00135226364	0.02499287520
0.04750150137	-0.00132580830	0.02506022324
0.04750224431	-0.00129891713	0.02512919457
0.04750298431	-0.00127156660	0.02519992138
0.04750372096	-0.00124374237	0.02527250172
0.04750445231	-0.00121548786	0.02534687639
0.04750517717	-0.00118682004	0.02542307359
0.04750589425	-0.00115776158	0.02550110905
0.04750660240	-0.00112833002	0.02558101905
0.04750730062	-0.00109853883	0.02566285164
0.04750798752	-0.00106842010	0.02574659454
0.04750866166	-0.00103801101	0.02583223373
0.04750932207	-0.00100733114	0.02591982003
0.04750996763	-0.00097640955	0.02600936474
0.04751059718	-0.00094528052	0.02610086706
0.04751120966	-0.00091397840	0.02619433017
0.04751180406	-0.00088253879	0.02628975176
0.04751237889	-0.00085102994	0.02638701618
0.04751293415	-0.00081944395	0.02648633840
0.04751346874	-0.00078783753	0.02658759813
0.04751398155	-0.00075627878	0.02669066811
0.04751447251	-0.00072477729	0.02679571878
0.04751494101	-0.00069338343	0.02690265743
0.04751538630	-0.00066216683	0.02701133159
0.04751580864	-0.00063113299	0.02712195702
0.04751620741	-0.00060036091	0.02723424371
0.04751658285	-0.00056987190	0.02734834825
0.04751693487	-0.00053972311	0.02746410704
0.04751726366	-0.00050995511	0.02758151054
0.04751756955	-0.00048060778	0.02770053314
0.04751785284	-0.00045173212	0.02782103261
0.04751811411	-0.00042335780	0.02794308388
0.04751835382	-0.00039553848	0.02806643560
0.04751857274	-0.00036829961	0.02819124591
0.04751877153	-0.00034169025	0.02831718537
0.04751895106	-0.00031573709	0.02844442890
0.04751911219	-0.00029047664	0.02857270370
0.04751925584	-0.00026594054	0.02870202765
0.04751938301	-0.00024215300	0.02883231892
0.04751949468	-0.00021914587	0.02896336574
0.04751959188	-0.00019694468	0.02909526069
0.04751967569	-0.00017556199	0.02922780249
0.04751974714	-0.00015502215	0.02936084590
0.04751980725	-0.00013534573	0.02949442898
0.04751985710	-0.00011653726	0.02962837890
0.04751989769	-0.00009860867	0.02976259795
0.04751992999	-0.00008156909	0.02989695972
0.04751995496	-0.00006542836	0.03003142412
0.04751997350	-0.00005018412	0.03016587117
0.04751998649	-0.00003583499	0.03030019503
0.04751999473	-0.00002237906	0.03043429885
0.04751999899	-0.00000981023	0.03056808682
0.04751999996	0.00000187962	0.03070146447
0.04751999830	0.00001270109	0.03083433894
0.04751999459	0.00002266698	0.03096658162
0.04751998937	0.00003178391	0.03109816557
0.04751998310	0.00004007559	0.03122898357
0.04751997620	0.00004756263	0.03135893237
0.04751996902	0.00005426557	0.03148789802
0.04751996188	0.00006019105	0.03161590446
0.04751995502	0.00006538559	0.03174273572
0.04751994867	0.00006984589	0.03186846716
0.04751994296	0.00007362571	0.03199287452
0.04751993807	0.00007672203	0.03211602635
0.04751993403	0.00007918017	0.03223779645
0.04751993092	0.00008102778	0.03235810110
0.04751992876	0.00008228143	0.03247692448
0.04751992756	0.00008297190	0.03259421261
0.04751992729	0.00008313063	0.03270990459
0.04751992789	0.00008278470	0.03282395719
0.04751992932	0.00008196162	0.03293633083
0.04751993149	0.00008068923	0.03304698955
0.04751993434	0.00007899769	0.03315587903
0.04751993777	0.00007690678	0.03326299190
0.04751994169	0.00007444317	0.03336831601
0.04751994600	0.00007164174	0.03347179624
0.04751995059	0.00006852604	0.03357340500
0.04751995540	0.00006510810	0.03367318371
0.04751996029	0.00006143426	0.03377103227
0.04751996521	0.00005750290	0.03386702520
0.04751997005	0.00005335364	0.03396111250
0.04751997473	0.00004900996	0.03405326155
0.04751997919	0.00004447442	0.03414353678
0.04751998335	0.00003978207	0.03423190026
0.04751998715	0.00003495028	0.03431835663
0.04751999053	0.00002999590	0.03440291283
0.04751999346	0.00002493514	0.03448557805
0.04751999588	0.00001978393	0.03456636358
0.04751999777	0.00001455771	0.03464528273
0.04751999910	0.00000927138	0.03472235067
0.04751999984	0.00000393903	0.03479758428
0.04751999998	-0.00000142542	0.03487100213
0.04751999951	-0.00000680354	0.03494258934
0.04751999843	-0.00001220081	0.03501241909
0.04751999674	-0.00001759840	0.03508050672
0.04751999445	-0.00002297072	0.03514680480
0.04751999155	-0.00002834204	0.03521144925
0.04751998807	-0.00003366941	0.03527435711
0.04751998402	-0.00003897534	0.03533565359
0.04751997943	-0.00004421998	0.03539525216
0.04751997429	-0.00004943416	0.03545329788
0.04751996865	-0.00005458445	0.03550974816
0.04751996254	-0.00005966828	0.03556461943
0.04751995596	-0.00006469836	0.03561800002
0.04751994895	-0.00006965525	0.03566988343
0.04751994154	-0.00007453643	0.03572029966
0.04751993377	-0.00007933801	0.03576926931
0.04751992565	-0.00008406264	0.03581683621
0.04751991720	-0.00008870837	0.03586303731
0.04751990847	-0.00009326901	0.03590789286
0.04751989948	-0.00009774298	0.03595143333
0.04751989025	-0.00010212914	0.03599368907
0.04751988082	-0.00010642624	0.03603469037
0.04751987121	-0.00011063342	0.03607446731
0.04751986146	-0.00011474733	0.03611303546
0.04751985157	-0.00011877362	0.03615044063
0.04751984156	-0.00012271198	0.03618671687
0.04751983147	-0.00012655910	0.03622188665
0.04751982132	-0.00013031464	0.03625597877
0.04751981114	-0.00013397518	0.03628900361
0.04751980094	-0.00013754495	0.03632099071
0.04751979071	-0.00014103537	0.03635201188
0.04751978050	-0.00014443494	0.03638206664
0.04751977029	-0.00014775497	0.03641124292
0.04751976439	-0.00014963959	0.03642610360
0.04751976355	-0.00014990644	0.03644108093
0.04751976780	-0.00014855240	0.03645599931
0.04751977696	-0.00014559334	0.03647068384
0.04751979062	-0.00014106396	0.03648496236
0.04751980819	-0.00013501736	0.03649866746
0.04751982889	-0.00012752442	0.03651163846
0.04751985182	-0.00011867300	0.03652372330
0.04751987598	-0.00010856686	0.03653478029
0.04751990034	-0.00009732450	0.03654467979
0.04751992384	-0.00008507770	0.03655330574
0.04751994550	-0.00007197007	0.03656055701
0.04751996441	-0.00005815527	0.03656634859
0.04751997982	-0.00004379526	0.03657061257
0.04751999112	-0.00002905842	0.03657329897
0.04800460110	-0.00184387456	0.02259910676
0.04800227063	-0.00190357933	0.02266594407
0.04800138093	-0.00192588395	0.02269714362
0.04800073674	-0.00194187334	0.02272292858
0.04800021235	-0.00195479276	0.02274578277
0.04799977313	-0.00196554811	0.02276705276
0.04799939491	-0.00197476276	0.02278723577
0.04799905653	-0.00198297048	0.02280644953
0.04799876502	-0.00199001421	0.02282532679
0.04799850294	-0.00199632559	0.02284369517
0.04799826550	-0.00200202619	0.02286165368
0.04799806056	-0.00200693351	0.02287957789
0.04799787892	-0.00201127297	0.02289734019
0.04799771370	-0.00201521211	0.02291486041
0.04799757180	-0.00201858901	0.02293240990
0.04799745196	-0.00202143647	0.02295001632
0.04799735078	-0.00202383738	0.02296764143
0.04799726772	-0.00202580625	0.02298531739
0.04799720237	-0.00202735399	0.02300307399
0.04799715445	-0.00202848820	0.02302093879
0.04799712331	-0.00202922506	0.02303892500
0.04799710986	-0.00202954316	0.02305708603
0.04799711448	-0.00202943374	0.02307545616
0.04799713476	-0.00202895418	0.02309399024
0.04799717253	-0.00202806054	0.02311276248
0.04799722778	-0.00202675236	0.02313179178
0.04799730048	-0.00202503004	0.02315109587
0.04799739079	-0.00202288842	0.02317069693
0.04799749887	-0.00202032224	0.02319061775
0.04799762358	-0.00201735723	0.02321084258
0.04799776012	-0.00201410603	0.02323125130
0.04799792130	-0.00201026132	0.02325224469
0.04799810033	-0.00200598225	0.02327363081
0.04799828761	-0.00200149604	0.02329514270
0.04799850349	-0.00199631229	0.02331742592
0.04799872854	-0.00199089400	0.02333989417
0.04799897771	-0.00198487742	0.02336304242
0.04799923783	-0.00197857716	0.02338647234
0.04799952331	-0.00197163950	0.02341067248
0.04799981750	-0.00196446426	0.02343512450
0.04800013515	-0.00195668751	0.02346034522
0.04800047055	-0.00194844225	0.02348616562
0.04800082086	-0.00193979289	0.02351251935
0.04800118703	-0.00193071060	0.02353947247
0.04800157305	-0.00192108952	0.02356719564
0.04800197569	-0.00191100243	0.02359560456
0.04800239492	-0.00190044244	0.02362473340
0.04800283072	-0.00188940277	0.02365461677
0.04800328300	-0.00187787688	0.02368528975
0.04800375168	-0.00186585764	0.02371678725
0.04800423666	-0.00185333825	0.02374914462
0.04800473428	-0.00184040383	0.02378226169
0.04800524961	-0.00182691264	0.02381638792
0.04800578140	-0.00181288505	0.02385151122
0.04800632554	-0.00179841811	0.02388750658
0.04800688410	-0.00178344575	0.02392451162
0.04800745870	-0.00176791098	0.02396264735
0.04800804364	-0.00175195484	0.02400170495
0.04800864420	-0.00173541980	0.02404198491
0.04800925739	-0.00171837267	0.02408339498
0.04800987987	-0.00170089250	0.02412583029
0.04801051693	-0.00168281426	0.02416961712
0.04801116471	-0.00166423057	0.02421460910
0.04801182275	-0.00164513715	0.02426084662
0.04801249060	-0.00162552971	0.02430836945
0.04801316775	-0.00160540418	0.02435721682
0.04801385368	-0.00158475705	0.02440742755
0.04801454781	-0.00156358512	0.02445903981
0.04801524955	-0.00154188534	0.02451209099
0.04801595826	-0.00151965526	0.02456661782
0.04801667327	-0.00149689295	0.02462265626
0.04801739262	-0.00147363690	0.02468016298
0.04801811596	-0.00144987580	0.02473920416
0.04801884450	-0.00142554288	0.02479996661
0.04801957311	-0.00140078473	0.02486215064
0.04802030578	-0.00137543915	0.02492619383
0.04802103657	-0.00134968398	0.02499170098
0.04802176893	-0.00132337020	0.02505910617
0.04802249861	-0.00129662140	0.02512813470
0.04802322550	-0.00126941436	0.02519891827
0.04802394918	-0.00124173490	0.02527155454
0.04802466774	-0.00121362605	0.02534598454
0.04802538003	-0.00118510467	0.02542223632
0.04802608476	-0.00115619330	0.02550032552
0.04802678081	-0.00112690942	0.02558028826
0.04802746721	-0.00109726645	0.02566217235
0.04802814257	-0.00106729629	0.02574596548
0.04802880549	-0.00103703586	0.02583165367
0.04802945501	-0.00100650473	0.02591928743
0.04803009002	-0.00097573182	0.02600887796
0.04803070940	-0.00094475122	0.02610042436
0.04803131208	-0.00091359715	0.02619392971
0.04803189709	-0.00088230502	0.02628939160
0.04803246295	-0.00085094262	0.02638669475
0.04803300965	-0.00081950241	0.02648605310
0.04803353612	-0.00078804071	0.02658734672
0.04803404125	-0.00075662515	0.02669044876
0.04803452498	-0.00072526556	0.02679552876
0.04803498670	-0.00069401199	0.02690249424
0.04803542567	-0.00066293364	0.02701119322
0.04803584214	-0.00063203629	0.02712184033
0.04803623549	-0.00060139832	0.02723414662
0.04803660596	-0.00057104118	0.02734826779
0.04803695344	-0.00054102166	0.02746404071
0.04803727813	-0.00051138024	0.02758145568
0.04803758034	-0.00048215665	0.02770048695
0.04803786035	-0.00045340163	0.02782099266
0.04803811874	-0.00042514487	0.02794304715
0.04803835594	-0.00039743967	0.02806639992
0.04803857272	-0.00037031158	0.02819120811
0.04803876971	-0.00034380928	0.02831714349
0.04803894776	-0.00031795958	0.02844437986
0.04803910770	-0.00029279872	0.02857264537
0.04803925045	-0.00026835830	0.02870195751
0.04803937698	-0.00024466248	0.02883223447
0.04803948824	-0.00022174293	0.02896326513
0.04803958524	-0.00019962523	0.02909514134
0.04803966904	-0.00017832184	0.02922766236
0.04803974064	-0.00015785704	0.02936068330
0.04803980107	-0.00013825140	0.02949424169
0.04803985135	-0.00011950947	0.02962816515
0.04803989247	-0.00010164313	0.02976235607
0.04803992540	-0.00008466152	0.02989668826
0.04803995106	-0.00006857450	0.03003112148
0.04803997034	-0.00005337976	0.03016553595
0.04803998411	-0.00003907594	0.03029982597
0.04803999315	-0.00002566120	0.03043389481
0.04803999821	-0.00001312949	0.03056764674
0.04803999998	-0.00000147277	0.03070098740
0.04803999910	0.00000931949	0.03083382403
0.04803999614	0.00001925999	0.03096602829
0.04803999163	0.00002835529	0.03109757305
0.04803998604	0.00003662897	0.03122835129
0.04803997976	0.00004410152	0.03135825993
0.04803997315	0.00005079338	0.03148718523
0.04803996653	0.00005671110	0.03161515078
0.04803996012	0.00006190100	0.03174194132
0.04803995417	0.00006635977	0.03186763160
0.04803994880	0.00007014090	0.03199199814
0.04803994417	0.00007324139	0.03211510894
0.04803994035	0.00007570631	0.03223683818
0.04803993738	0.00007756320	0.03235710229
0.04803993533	0.00007882855	0.03247588534
0.04803993416	0.00007953296	0.03259313339
0.04803993387	0.00007970776	0.03270878567
0.04803993442	0.00007937987	0.03282279898
0.04803993574	0.00007857668	0.03293513377
0.04803993777	0.00007732591	0.03304575411
0.04803994042	0.00007565756	0.03315460583
0.04803994363	0.00007359135	0.03326168145
0.04803994731	0.00007115382	0.03336696882
0.04803995133	0.00006837967	0.03347041297
0.04803995563	0.00006529236	0.03357198635
0.04803996012	0.00006190386	0.03367173016
0.04803996467	0.00005826031	0.03376954469
0.04803996924	0.00005436011	0.03386550410
0.04803997373	0.00005024268	0.03395955860
0.04803997804	0.00004593141	0.03405167568
0.04803998214	0.00004142886	0.03414191950
0.04803998593	0.00003676990	0.03423025229
0.04803998936	0.00003197185	0.03431667870
0.04803999238	0.00002705148	0.03440120566
0.04803999495	0.00002202493	0.03448384234
0.04803999702	0.00001690807	0.03456460005
0.04803999857	0.00001171626	0.03464349207
0.04803999957	0.00000646435	0.03472053356
0.04803999999	0.00000116637	0.03479574140
0.04803999982	-0.00000416383	0.03486913414
0.04803999906	-0.00000950789	0.03494069704
0.04803999770	-0.00001487126	0.03501050305
0.04803999574	-0.00002023518	0.03507856751
0.04803999319	-0.00002557421	0.03514484330
0.04803999005	-0.00003091244	0.03520946583
0.04803998636	-0.00003620717	0.03527235261
0.04803998209	-0.00004148076	0.03533362840
0.04803997731	-0.00004669359	0.03539320715
0.04803997199	-0.00005187628	0.03545123340
0.04803996619	-0.00005699559	0.03550766485
0.04803995993	-0.00006204895	0.03556251797
0.04803995321	-0.00006704900	0.03561588082
0.04803994608	-0.00007197638	0.03566774704
0.04803993857	-0.00007682859	0.03571814662
0.04803993069	-0.00008160177	0.03576710019
0.04803992249	-0.00008629851	0.03581465149
0.04803991397	-0.00009091689	0.03586083744
0.04803990517	-0.00009545074	0.03590567831
0.04803989613	-0.00009989848	0.03594920458
0.04803988687	-0.00010425898	0.03599144656
0.04803987740	-0.00010853099	0.03603243453
0.04803986777	-0.00011271365	0.03607219857
0.04803985800	-0.00011680361	0.03611075428
0.04803984810	-0.00012080651	0.03614814740
0.04803983810	-0.00012472202	0.03618441193
0.04803982802	-0.00012854684	0.03621957039
0.04803981788	-0.00013228064	0.03625365153
0.04803980772	-0.00013592002	0.03628666580
0.04803979755	-0.00013946918	0.03631864274
0.04803978735	-0.00014293947	0.03634965395
0.04803977717	-0.00014631944	0.03637969905
0.04803976700	-0.00014962031	0.03640886569
0.04803976112	-0.00015149624	0.03642372744
0.04803976031	-0.00015175434	0.03643870490
0.04803976460	-0.00015039158	0.03645362247
0.04803977379	-0.00014742395	0.03646830525
0.04803978750	-0.00014288623	0.03648258110
0.04803980513	-0.00013683163	0.03649628264
0.04803982591	-0.00012933112	0.03650924925
0.04803984894	-0.00012047265	0.03652132890
0.04803987324	-0.00011036007	0.03653237996
0.04803989776	-0.00009911193	0.03654227287
0.04803992147	-0.00008686012	0.03655089166
0.04803994339	-0.00007374827	0.03655813526
0.04803996262	-0.00005993010	0.03656391876
0.04803997839	-0.00004556763	0.03656817434
0.04803999011	-0.00003082924	0.03657085212
0.04852533912	-0.00183441099	0.02259670015
0.04852303566	-0.00189436273	0.02266331649
0.04852215519	-0.00191678264	0.02269443315
0.04852151710	-0.00193286793	0.02272015770
0.04852099735	-0.00194587167	0.02274296360
0.04852056165	-0.00195670569	0.02276419290
0.04852018615	-0.00196599497	0.02278434081
0.04851985003	-0.00197427284	0.02280352411
0.04851956006	-0.00198138619	0.02282237419
0.04851929916	-0.00198776475	0.02284071858
0.04851906261	-0.00199353040	0.02285865592
0.04851885804	-0.00199850313	0.02287656110
0.04851867644	-0.00200290713	0.02289430658
0.04851851106	-0.00200690912	0.02291181222
0.04851836865	-0.00201034900	0.02292934889
0.04851824797	-0.00201325964	0.02294694419
0.04851814567	-0.00201572349	0.02296455993
0.04851806121	-0.00201775518	0.02298222819
0.04851799421	-0.00201936573	0.02299997871
0.04851794437	-0.00202056282	0.02301783901
0.04851791105	-0.00202136263	0.02303582228
0.04851789516	-0.00202174404	0.02305398186
0.04851789706	-0.00202169845	0.02307235200
0.04851791438	-0.00202128282	0.02309088763
0.04851794892	-0.00202045365	0.02310966287
0.04851800067	-0.00201921053	0.02312869661
0.04851806958	-0.00201755391	0.02314800659
0.04851815584	-0.00201547868	0.02316761497
0.04851825958	-0.00201297968	0.02318754455
0.04851837970	-0.00201008243	0.02320777962
0.04851851150	-0.00200689862	0.02322820034
0.04851866750	-0.00200312362	0.02324920675
0.04851884106	-0.00199891519	0.02327060735
0.04851902282	-0.00199449861	0.02329213570
0.04851923264	-0.00198938776	0.02331443615
0.04851945155	-0.00198404159	0.02333692362
0.04851969417	-0.00197809956	0.02336009211
0.04851994760	-0.00197187354	0.02338354417
0.04852022593	-0.00196501290	0.02340776734
0.04852051291	-0.00195791398	0.02343224447
0.04852082292	-0.00195021607	0.02345749127
0.04852115042	-0.00194205099	0.02348333915
0.04852149261	-0.00193348259	0.02350972198
0.04852185042	-0.00192448233	0.02353670569
0.04852222774	-0.00191494531	0.02356446061
0.04852262142	-0.00190494365	0.02359290267
0.04852303145	-0.00189447054	0.02362206603
0.04852345778	-0.00188351928	0.02365198527
0.04852390034	-0.00187208340	0.02368269541
0.04852435904	-0.00186015586	0.02371423134
0.04852483379	-0.00184772989	0.02374662838
0.04852532101	-0.00183488991	0.02377978666
0.04852582564	-0.00182149546	0.02381395503
0.04852634648	-0.00180756671	0.02384912150
0.04852687950	-0.00179319984	0.02388516146
0.04852742673	-0.00177832939	0.02392221219
0.04852798973	-0.00176289889	0.02396039442
0.04852856296	-0.00174704808	0.02399949999
0.04852915156	-0.00173062087	0.02403982856
0.04852975262	-0.00171368346	0.02408128821
0.04853036285	-0.00169631415	0.02412377445
0.04853098745	-0.00167834944	0.02416761260
0.04853162263	-0.00165988103	0.02421265681
0.04853226794	-0.00164090470	0.02425894740
0.04853292295	-0.00162141615	0.02430652405
0.04853358715	-0.00160141135	0.02435542593
0.04853426003	-0.00158088678	0.02440569177
0.04853494104	-0.00155983924	0.02445735967
0.04853562958	-0.00153826570	0.02451046693
0.04853632503	-0.00151616367	0.02456505020
0.04853702674	-0.00149353122	0.02462114536
0.04853773279	-0.00147040646	0.02467870926
0.04853844284	-0.00144677817	0.02473780789
0.04853915806	-0.00142258020	0.02479862740
0.04853987345	-0.00139795770	0.02486086924
0.04854059288	-0.00137275005	0.02492496939
0.04854131057	-0.00134713335	0.02499053413
0.04854202988	-0.00132096006	0.02505799593
0.04854274664	-0.00129435255	0.02512708115
0.04854346075	-0.00126728789	0.02519792096
0.04854417179	-0.00123975207	0.02527061266
0.04854487790	-0.00121178772	0.02534509748
0.04854557793	-0.00118341162	0.02542140336
0.04854627063	-0.00115464616	0.02549954584
0.04854695490	-0.00112550875	0.02557956085
0.04854762977	-0.00109601279	0.02566149599
0.04854829388	-0.00106618995	0.02574533894
0.04854894586	-0.00103607693	0.02583107571
0.04854958477	-0.00100569327	0.02591875654
0.04855020950	-0.00097506774	0.02600839251
0.04855081896	-0.00094423428	0.02609998263
0.04855141210	-0.00091322693	0.02619352989
0.04855198794	-0.00088208094	0.02628903177
0.04855254505	-0.00085086365	0.02638637336
0.04855308341	-0.00081956787	0.02648576756
0.04855360195	-0.00078824951	0.02658709483
0.04855409960	-0.00075697578	0.02669022870
0.04855457627	-0.00072575670	0.02679533784
0.04855503138	-0.00069464205	0.02690232999
0.04855546418	-0.00066370055	0.02701105365
0.04855587492	-0.00063293830	0.02712172232
0.04855626298	-0.00060243304	0.02723404813
0.04855662859	-0.00057220638	0.02734818585
0.04855697164	-0.00054231475	0.02746397289
0.04855729232	-0.00051279850	0.02758139933
0.04855759093	-0.00048369727	0.02770043929
0.04855786774	-0.00045506150	0.02782095129
0.04855812330	-0.00042692094	0.02794300908
0.04855835805	-0.00039932848	0.02806636301
0.04855857273	-0.00037230983	0.02819116923
0.04855876794	-0.00034591325	0.02831710067
0.04855894453	-0.00032016567	0.02844433009
0.04855910331	-0.00029510309	0.02857258652
0.04855924516	-0.00027075706	0.02870188708
0.04855937104	-0.00024715168	0.02883215001
0.04855948189	-0.00022431846	0.02896316480
0.04855957868	-0.00020228299	0.02909502256
0.04855966246	-0.00018105768	0.02922752315
0.04855973421	-0.00016066672	0.02936052196
0.04855979491	-0.00014113070	0.02949405604
0.04855984560	-0.00012245413	0.02962795343
0.04855988724	-0.00010464892	0.02976211663
0.04855992076	-0.00008772418	0.02989641967
0.04855994708	-0.00007168979	0.03003082216
0.04855996708	-0.00005654348	0.03016520451
0.04855998159	-0.00004228395	0.03029946117
0.04855999139	-0.00002890940	0.03043349550
0.04855999723	-0.00001641383	0.03056721188
0.04855999976	-0.00000478929	0.03070051606
0.04855999963	0.00000597467	0.03083331538
0.04855999740	0.00001589067	0.03096548174
0.04855999358	0.00002496522	0.03109698785
0.04855998864	0.00003322174	0.03122772686
0.04855998296	0.00004068062	0.03135759587
0.04855997690	0.00004736217	0.03148648138
0.04855997078	0.00005327290	0.03161440658
0.04855996481	0.00005845889	0.03174115694
0.04855995924	0.00006291683	0.03186680660
0.04855995419	0.00006669996	0.03199113287
0.04855994983	0.00006980527	0.03211420321
0.04855994621	0.00007227762	0.03223589212
0.04855994340	0.00007414440	0.03235611624
0.04855994143	0.00007542202	0.03247485949
0.04855994031	0.00007614095	0.03259206800
0.04855994001	0.00007633235	0.03270768112
0.04855994049	0.00007602303	0.03282165566
0.04855994171	0.00007524023	0.03293395213
0.04855994360	0.00007401155	0.03304453462
0.04855994608	0.00007236686	0.03315334907
0.04855994908	0.00007032578	0.03326038797
0.04855995251	0.00006791474	0.03336563908
0.04855995627	0.00006516827	0.03346904763
0.04855996028	0.00006210973	0.03357058612
0.04855996446	0.00005875106	0.03367029551
0.04855996870	0.00005513814	0.03376807648
0.04855997293	0.00005126943	0.03386400283
0.04855997708	0.00004718416	0.03395802497
0.04855998105	0.00004290559	0.03405011053
0.04855998479	0.00003843632	0.03414032336
0.04855998823	0.00003381105	0.03422862590
0.04855999131	0.00002904701	0.03431502275
0.04855999399	0.00002416090	0.03439952088
0.04855999622	0.00001916880	0.03448212943
0.04855999796	0.00001408651	0.03456285970
0.04855999918	0.00000892933	0.03464172497
0.04855999986	0.00000371205	0.03471874039
0.04855999998	-0.00000155136	0.03479392281
0.04855999952	-0.00000684712	0.03486729080
0.04855999848	-0.00001215694	0.03493882973
0.04855999685	-0.00001748623	0.03500861233
0.04855999464	-0.00002281632	0.03507665394
0.04855999186	-0.00002812189	0.03514290775
0.04855998850	-0.00003342689	0.03520750868
0.04855998459	-0.00003868884	0.03527037467
0.04855998013	-0.00004392995	0.03533163007
0.04855997517	-0.00004911085	0.03539118929
0.04855996968	-0.00005426192	0.03544919634
0.04855996373	-0.00005935013	0.03550560923
0.04855995733	-0.00006437292	0.03556044446
0.04855995049	-0.00006934282	0.03561378983
0.04855994325	-0.00007424060	0.03566563911
0.04855993564	-0.00007906375	0.03571602228
0.04855992768	-0.00008380842	0.03576495999
0.04855991940	-0.00008847719	0.03581249592
0.04855991081	-0.00009306814	0.03585866694
0.04855990197	-0.00009757512	0.03590349336
0.04855989288	-0.00010199656	0.03594700562
0.04855988358	-0.00010633132	0.03598923404
0.04855987410	-0.00011057817	0.03603020888
0.04855986445	-0.00011473624	0.03606996020
0.04855985467	-0.00011880220	0.03610850364
0.04855984478	-0.00012278164	0.03614588489
0.04855983478	-0.00012667424	0.03618213790
0.04855982471	-0.00013047671	0.03621728518
0.04855981459	-0.00013418873	0.03625135550
0.04855980446	-0.00013780690	0.03628435937
0.04855979432	-0.00014133540	0.03631632630
0.04855978415	-0.00014478550	0.03634732769
0.04855977402	-0.00014814583	0.03637736327
0.04855976390	-0.00015142752	0.03640652040
0.04855975804	-0.00015329471	0.03642138324
0.04855975725	-0.00015354402	0.03643636082
0.04855976157	-0.00015217250	0.03645127757
0.04855977080	-0.00014919626	0.03646595858
0.04855978456	-0.00014465017	0.03648023175
0.04855980224	-0.00013858753	0.03649392972
0.04855982309	-0.00013107942	0.03650689190
0.04855984621	-0.00012221387	0.03651896633
0.04855987062	-0.00011209482	0.03653001144
0.04855989530	-0.00010084089	0.03653989773
0.04855991920	-0.00008858404	0.03654850931
0.04855994136	-0.00007546795	0.03655574520
0.04855996087	-0.00006164641	0.03656152058
0.04855997698	-0.00004728146	0.03656576773
0.04855998910	-0.00003254152	0.03656843685
0.04904605667	-0.00182502739	0.02259432532
0.04904377975	-0.00188522350	0.02266072136
0.04904290837	-0.00190775757	0.02269175531
0.04904227628	-0.00192393784	0.02271741954
0.04904176112	-0.00193702511	0.02274017718
0.04904132891	-0.00194793709	0.02276136581
0.04904095610	-0.00195730032	0.02278147862
0.04904062223	-0.00196564771	0.02280063143
0.04904033382	-0.00197283006	0.02281945429
0.04904007412	-0.00197927524	0.02283777465
0.04903983846	-0.00198510538	0.02285569075
0.04903963429	-0.00199014296	0.02287357682
0.04903945276	-0.00199461097	0.02289130538
0.04903928728	-0.00199867529	0.02290879633
0.04903914441	-0.00200217764	0.02292632007
0.04903902293	-0.00200515094	0.02294390414
0.04903891956	-0.00200767724	0.02296151037
0.04903883379	-0.00200977126	0.02297917080
0.04903876520	-0.00201144414	0.02299691508
0.04903871352	-0.00201270362	0.02301477072
0.04903867813	-0.00201356590	0.02303275088
0.04903865988	-0.00201401014	0.02305090883
0.04903865915	-0.00201402790	0.02306927878
0.04903867362	-0.00201367572	0.02308781578
0.04903870503	-0.00201291055	0.02310659381
0.04903875339	-0.00201173202	0.02312563177
0.04903881865	-0.00201014063	0.02314494741
0.04903890097	-0.00200813132	0.02316456288
0.04903900051	-0.00200569902	0.02318450096
0.04903911618	-0.00200286905	0.02320474603
0.04903924338	-0.00199975216	0.02322517847
0.04903939436	-0.00199604639	0.02324619763
0.04903956262	-0.00199190811	0.02326761241
0.04903973901	-0.00198756069	0.02328915694
0.04903994296	-0.00198252223	0.02331147431
0.04904015591	-0.00197724770	0.02333398069
0.04904039215	-0.00197137972	0.02335716909
0.04904063908	-0.00196522744	0.02338064295
0.04904091047	-0.00195844331	0.02340488880
0.04904119043	-0.00195142021	0.02342939068
0.04904149304	-0.00194380062	0.02345466318
0.04904181284	-0.00193571518	0.02348053817
0.04904214713	-0.00192722722	0.02350694971
0.04904249680	-0.00191830846	0.02353396361
0.04904286567	-0.00190885493	0.02356174986
0.04904325065	-0.00189893814	0.02359022465
0.04904365172	-0.00188855134	0.02361942210
0.04904406884	-0.00187768791	0.02364937675
0.04904450193	-0.00186634145	0.02368012361
0.04904495092	-0.00185450500	0.02371169752
0.04904541572	-0.00184217186	0.02374413375
0.04904589281	-0.00182942570	0.02377733276
0.04904638704	-0.00181612734	0.02381154279
0.04904689721	-0.00180229677	0.02384675194
0.04904741941	-0.00178802930	0.02388283600
0.04904795560	-0.00177326008	0.02391993191
0.04904850733	-0.00175793315	0.02395816013
0.04904906915	-0.00174218696	0.02399731314
0.04904964611	-0.00172586687	0.02403768979
0.04905023535	-0.00170903843	0.02407919848
0.04905083366	-0.00169177923	0.02412173510
0.04905144613	-0.00167392727	0.02416562402
0.04905206904	-0.00165557335	0.02421071991
0.04905270196	-0.00163671328	0.02425706301
0.04905334446	-0.00161734280	0.02430469293
0.04905399605	-0.00159745786	0.02435364875
0.04905465623	-0.00157705498	0.02440396914
0.04905532445	-0.00155613095	0.02445569210
0.04905600013	-0.00153468273	0.02450885487
0.04905668267	-0.00151270783	0.02456349401
0.04905737143	-0.00149020429	0.02461964531
0.04905806453	-0.00146720985	0.02467726583
0.04905876162	-0.00144371339	0.02473642133
0.04905946388	-0.00141964934	0.02479729736
0.04906016637	-0.00139516147	0.02485959643
0.04906087292	-0.00137009070	0.02492375299
0.04906157784	-0.00134461140	0.02498937477
0.04906228443	-0.00131857751	0.02505689265
0.04906298861	-0.00129211019	0.02512603402
0.04906369027	-0.00126518677	0.02519692954
0.04906438899	-0.00123779343	0.02526967615
0.04906508297	-0.00120997242	0.02534421529
0.04906577106	-0.00118174041	0.02542057477
0.04906645203	-0.00115311966	0.02549877005
0.04906712481	-0.00112412749	0.02557883686
0.04906778844	-0.00109477729	0.02566082259
0.04906844160	-0.00106510051	0.02574471492
0.04906908292	-0.00103513363	0.02583049985
0.04906971147	-0.00100489614	0.02591822735
0.04907032619	-0.00097441669	0.02600790837
0.04907092597	-0.00094372903	0.02609954185
0.04907150980	-0.00091286707	0.02619313068
0.04907207671	-0.00088186588	0.02628867223
0.04907262529	-0.00085079235	0.02638605195
0.04907315550	-0.00081963963	0.02648548173
0.04907366632	-0.00078846324	0.02658684240
0.04907415665	-0.00075732996	0.02669000788
0.04907462645	-0.00072625001	0.02679514596
0.04907507510	-0.00069527287	0.02690216461
0.04907550187	-0.00066446684	0.02701091281
0.04907590701	-0.00063383830	0.02712160292
0.04907628990	-0.00060346435	0.02723394815
0.04907665077	-0.00057336677	0.02734810238
0.04907698949	-0.00054360163	0.02746390349
0.04907730625	-0.00051420918	0.02758134139
0.04907760134	-0.00048522894	0.02770039007
0.04907787501	-0.00045671106	0.02782090842
0.04907812781	-0.00042868532	0.02794296960
0.04907836015	-0.00040120427	0.02806632479
0.04907857276	-0.00037429371	0.02819112917
0.04907876623	-0.00034800153	0.02831705685
0.04907894138	-0.00032235477	0.02844427950
0.04907909901	-0.00029738917	0.02857252708
0.04907923998	-0.00027313625	0.02870181630
0.04907936521	-0.00024962007	0.02883206546
0.04907947564	-0.00022687193	0.02896306469
0.04907957222	-0.00020491749	0.02909490432
0.04907965596	-0.00018376908	0.02922738481
0.04907972783	-0.00016345079	0.02936036186
0.04907978880	-0.00014398323	0.02949387201
0.04907983987	-0.00012537092	0.02962774373
0.04907988200	-0.00010762575	0.02976187962
0.04907991609	-0.00009075681	0.02989615395
0.04907994304	-0.00007477402	0.03003052616
0.04907996372	-0.00005967514	0.03016487685
0.04907997895	-0.00004545890	0.03029910063
0.04907998949	-0.00003212359	0.03043310094
0.04907999606	-0.00001966325	0.03056678228
0.04907999934	-0.00000806999	0.03070005049
0.04907999993	0.00000266655	0.03083281301
0.04907999839	0.00001255890	0.03096494201
0.04907999524	0.00002161350	0.03109640999
0.04907999092	0.00002985365	0.03122711032
0.04907998583	0.00003729960	0.03135694024
0.04907998030	0.00004397158	0.03148578651
0.04907997466	0.00004987602	0.03161367192
0.04907996912	0.00005505878	0.03174038264
0.04907996391	0.00005951655	0.03186599225
0.04907995918	0.00006330230	0.03199027880
0.04907995507	0.00006641302	0.03211330922
0.04907995165	0.00006889337	0.03223495837
0.04907994898	0.00007077059	0.03235514304
0.04907994710	0.00007206101	0.03247384703
0.04907994602	0.00007279496	0.03259101656
0.04907994571	0.00007300344	0.03270659104
0.04907994614	0.00007271313	0.03282052735
0.04907994726	0.00007195116	0.03293278602
0.04907994901	0.00007074500	0.03304333118
0.04907995132	0.00006912436	0.03315210888
0.04907995412	0.00006710879	0.03325911155
0.04907995732	0.00006472460	0.03336432692
0.04907996083	0.00006200616	0.03346770036
0.04907996457	0.00005897671	0.03356920444
0.04907996845	0.00005564817	0.03366887988
0.04907997238	0.00005206619	0.03376662776
0.04907997630	0.00004822924	0.03386252151
0.04907998012	0.00004417639	0.03395651174
0.04907998376	0.00003993079	0.03404856621
0.04907998716	0.00003549503	0.03413874850
0.04907999027	0.00003090366	0.03422702120
0.04907999302	0.00002617383	0.03431338892
0.04907999537	0.00002132219	0.03439785861
0.04907999727	0.00001636473	0.03448043943
0.04907999870	0.00001131720	0.03456114265
0.04907999961	0.00000619482	0.03463998155
0.04907999999	0.00000101232	0.03471697126
0.04907999982	-0.00000421637	0.03479212864
0.04907999908	-0.00000947753	0.03486547221
0.04907999778	-0.00001475299	0.03493698752
0.04907999591	-0.00002004807	0.03500674704
0.04907999346	-0.00002534420	0.03507476613
0.04907999045	-0.00003061621	0.03514099829
0.04907998688	-0.00003588787	0.03520557791
0.04907998278	-0.00004111694	0.03526842343
0.04907997814	-0.00004632549	0.03532965872
0.04907997301	-0.00005147435	0.03538919869
0.04907996737	-0.00005659373	0.03544718682
0.04907996128	-0.00006165076	0.03550358142
0.04907995475	-0.00006664291	0.03555839902
0.04907994780	-0.00007158260	0.03561172716
0.04907994046	-0.00007645071	0.03566355975
0.04907993276	-0.00008124473	0.03571392674
0.04907992472	-0.00008596083	0.03576284882
0.04907991637	-0.00009060158	0.03581036961
0.04907990774	-0.00009516504	0.03585652592
0.04907989885	-0.00009964511	0.03590133809
0.04907988973	-0.00010404020	0.03594483655
0.04907988040	-0.00010834919	0.03598705161
0.04907987090	-0.00011257084	0.03602801351
0.04907986125	-0.00011670428	0.03606775229
0.04907985147	-0.00012074620	0.03610628367
0.04907984158	-0.00012470216	0.03614365321
0.04907983159	-0.00012857182	0.03617989486
0.04907982155	-0.00013235191	0.03621503114
0.04907981146	-0.00013604211	0.03624909080
0.04907980135	-0.00013963904	0.03628208441
0.04907979125	-0.00014314686	0.03631404148
0.04907978112	-0.00014657676	0.03634503320
0.04907977103	-0.00014991742	0.03637505939
0.04907976096	-0.00015317990	0.03640420716
0.04907975512	-0.00015503834	0.03641907107
0.04907975436	-0.00015527882	0.03643404879
0.04907975871	-0.00015389852	0.03644896470
0.04907976798	-0.00015091363	0.03646364394
0.04907978177	-0.00014635914	0.03647791440
0.04907979950	-0.00014028844	0.03649160878
0.04907982041	-0.00013277271	0.03650456652
0.04907984361	-0.00012390006	0.03651663571
0.04907986813	-0.00011377452	0.03652767484
0.04907989294	-0.00010251479	0.03653755449
0.04907991702	-0.00009025288	0.03654615884
0.04907993939	-0.00007713255	0.03655338699
0.04907995917	-0.00006330763	0.03655915422
0.04907997560	-0.00004894020	0.03656339290
0.04907998809	-0.00003419871	0.03656605334
0.04956675441	-0.00181572492	0.02259198237
0.04956450356	-0.00187616278	0.02265815886
0.04956364112	-0.00189880985	0.02268911030
0.04956301497	-0.00191508417	0.02271471431
0.04956250433	-0.00192825415	0.02273742378
0.04956207557	-0.00193924334	0.02275857176
0.04956170545	-0.00194867984	0.02277864948
0.04956137382	-0.00195709612	0.02279777179
0.04956108697	-0.00196434685	0.02281656739
0.04956082847	-0.00197085804	0.02283486366
0.04956059373	-0.00197675210	0.02285275848
0.04956038998	-0.00198185396	0.02287062536
0.04956020856	-0.00198638543	0.02288833693
0.04956004302	-0.00199051155	0.02290581310
0.04955989973	-0.00199407584	0.02292332381
0.04955977751	-0.00199711129	0.02294089653
0.04955967314	-0.00199969952	0.02295849313
0.04955958611	-0.00200185536	0.02297614558
0.04955951601	-0.00200359005	0.02299388348
0.04955946257	-0.00200491143	0.02301173431
0.04955942517	-0.00200583568	0.02302971119
0.04955940466	-0.00200634226	0.02304786734
0.04955940140	-0.00200642288	0.02306623693
0.04955941311	-0.00200613367	0.02308477509
0.04955944151	-0.00200543201	0.02310355571
0.04955948659	-0.00200431758	0.02312259768
0.04955954831	-0.00200279092	0.02314191876
0.04955962683	-0.00200084705	0.02316154108
0.04955972229	-0.00199848095	0.02318148742
0.04955983364	-0.00199571776	0.02320174222
0.04955995639	-0.00199266732	0.02322218613
0.04956010249	-0.00198903027	0.02324321775
0.04956026561	-0.00198496164	0.02326464643
0.04956043680	-0.00198068288	0.02328620684
0.04956063504	-0.00197571630	0.02330854082
0.04956084219	-0.00197051290	0.02333106579
0.04956107224	-0.00196471845	0.02335427377
0.04956131285	-0.00195863940	0.02337776908
0.04956157750	-0.00195193125	0.02340203727
0.04956185065	-0.00194498345	0.02342656353
0.04956214604	-0.00193744163	0.02345186137
0.04956245837	-0.00192943528	0.02347776309
0.04956278498	-0.00192102720	0.02350420293
0.04956312674	-0.00191218938	0.02353124663
0.04956348737	-0.00190281878	0.02355906379
0.04956386388	-0.00189298628	0.02358757088
0.04956425624	-0.00188268520	0.02361680199
0.04956466440	-0.00187190900	0.02364679161
0.04956508828	-0.00186065136	0.02367757473
0.04956552783	-0.00184890536	0.02370918614
0.04956598293	-0.00183666440	0.02374166109
0.04956645017	-0.00182401142	0.02377490036
0.04956693427	-0.00181080851	0.02380915155
0.04956743407	-0.00179707543	0.02384440288
0.04956794573	-0.00178290668	0.02388053052
0.04956847117	-0.00176823799	0.02391767109
0.04956901192	-0.00175301390	0.02395594476
0.04956956264	-0.00173737161	0.02399514469
0.04957012826	-0.00172115788	0.02403556887
0.04957070599	-0.00170443764	0.02407712606
0.04957129270	-0.00168728777	0.02411971251
0.04957189335	-0.00166954774	0.02416365164
0.04957250431	-0.00165130750	0.02420879865
0.04957312516	-0.00163256286	0.02425519369
0.04957375548	-0.00161330958	0.02430287630
0.04957439479	-0.00159354364	0.02435188550
0.04957504259	-0.00157326156	0.02440225985
0.04957569836	-0.00155246012	0.02445403730
0.04957636152	-0.00153113629	0.02450725499
0.04957703149	-0.00150928756	0.02456194942
0.04957770762	-0.00148691196	0.02461815630
0.04957838810	-0.00146404685	0.02467583285
0.04957907258	-0.00144068120	0.02473504465
0.04957976219	-0.00141675005	0.02479597661
0.04958045214	-0.00139239575	0.02485833236
0.04958114612	-0.00136746077	0.02492254476
0.04958183861	-0.00134211779	0.02498822302
0.04958253280	-0.00131622217	0.02505579642
0.04958322472	-0.00128989390	0.02512499339
0.04958391424	-0.00126311059	0.02519594409
0.04958460097	-0.00123585856	0.02526874508
0.04958528312	-0.00120817969	0.02534333802
0.04958595957	-0.00118009056	0.02541975060
0.04958662911	-0.00115161328	0.02549799817
0.04958729070	-0.00112276512	0.02557811632
0.04958794337	-0.00109355941	0.02566015218
0.04958858584	-0.00106402742	0.02574409344
0.04958921676	-0.00103420538	0.02582992610
0.04958983522	-0.00100411276	0.02591769985
0.04959044017	-0.00097377806	0.02600742553
0.04959103052	-0.00094323488	0.02609910201
0.04959160527	-0.00091251696	0.02619273205
0.04959216346	-0.00088165922	0.02628831294
0.04959270371	-0.00085072808	0.02638573049
0.04959322599	-0.00081971705	0.02648519557
0.04959372926	-0.00078868125	0.02658658939
0.04959421247	-0.00075768702	0.02668978625
0.04959467554	-0.00072674481	0.02679495306
0.04959511788	-0.00069590380	0.02690199804
0.04959553878	-0.00066523185	0.02701077062
0.04959593845	-0.00063473561	0.02712148207
0.04959631629	-0.00060449159	0.02723384663
0.04959667252	-0.00057452170	0.02734801730
0.04959700701	-0.00054488168	0.02746383246
0.04959731993	-0.00051561165	0.02758128181
0.04959761157	-0.00048675102	0.02770033923
0.04959788217	-0.00045834967	0.02782086398
0.04959813226	-0.00043043741	0.02794292864
0.04959836225	-0.00040306643	0.02806628520
0.04959857283	-0.00037626264	0.02819108788
0.04959876459	-0.00035007356	0.02831701197
0.04959893832	-0.00032452633	0.02844422804
0.04959909481	-0.00029965645	0.02857246699
0.04959923490	-0.00027549540	0.02870174512
0.04959935949	-0.00025206718	0.02883198079
0.04959946950	-0.00022940293	0.02896296474
0.04959956584	-0.00020752833	0.02909478658
0.04959964954	-0.00018645566	0.02922724731
0.04959972152	-0.00016620891	0.02936020296
0.04959978273	-0.00014680871	0.02949368955
0.04959983417	-0.00012825958	0.02962753602
0.04959987675	-0.00011057339	0.02976164503
0.04959991138	-0.00009375923	0.02989589108
0.04959993894	-0.00007782704	0.03003023345
0.04959996028	-0.00006277462	0.03016455296
0.04959997619	-0.00004860075	0.03029874434
0.04959998744	-0.00003530376	0.03043271114
0.04959999472	-0.00002287776	0.03056635795
0.04959999871	-0.00001131494	0.03069959070
0.04960000000	-0.00000060500	0.03083231694
0.04959999913	0.00000926448	0.03096440911
0.04959999662	0.00001829990	0.03109583951
0.04959999291	0.00002652441	0.03122650170
0.04959998838	0.00003395815	0.03135629309
0.04959998337	0.00004062122	0.03148510066
0.04959997818	0.00004652002	0.03161294683
0.04959997306	0.00005170017	0.03173961849
0.04959996821	0.00005615836	0.03186518860
0.04959996377	0.00005994729	0.03198943598
0.04959995991	0.00006306398	0.03211242704
0.04959995668	0.00006555284	0.03223403698
0.04959995415	0.00006744099	0.03235418275
0.04959995236	0.00006874468	0.03247284804
0.04959995132	0.00006949409	0.03258997911
0.04959995100	0.00006972008	0.03270551550
0.04959995138	0.00006944919	0.03281941412
0.04959995241	0.00006870843	0.03293163551
0.04959995404	0.00006752514	0.03304214386
0.04959995618	0.00006592890	0.03315088533
0.04959995879	0.00006393916	0.03325785228
0.04959996177	0.00006158213	0.03336303240
0.04959996504	0.00005889200	0.03346637123
0.04959996851	0.00005589192	0.03356784139
0.04959997212	0.00005259375	0.03366748335
0.04959997575	0.00004904294	0.03376519860
0.04959997937	0.00004523799	0.03386106022
0.04959998287	0.00004121778	0.03395501899
0.04959998620	0.00003700533	0.03404704282
0.04959998928	0.00003260328	0.03413719499
0.04959999207	0.00002804598	0.03422543827
0.04959999450	0.00002335054	0.03431177727
0.04959999654	0.00001853351	0.03439621894
0.04959999813	0.00001361083	0.03447877242
0.04959999925	0.00000859818	0.03455944898
0.04959999988	0.00000351073	0.03463826188
0.04959999997	-0.00000163686	0.03471522625
0.04959999953	-0.00000683074	0.03479035894
0.04959999853	-0.00001205721	0.03486367846
0.04959999698	-0.00001729821	0.03493517048
0.04959999487	-0.00002255900	0.03500490726
0.04959999220	-0.00002782110	0.03507290415
0.04959998898	-0.00003305947	0.03513911496
0.04959998521	-0.00003829772	0.03520367360
0.04959998093	-0.00004349385	0.03526649893
0.04959997612	-0.00004866977	0.03532771441
0.04959997084	-0.00005378656	0.03538723541
0.04959996506	-0.00005887419	0.03544520490
0.04959995884	-0.00006390001	0.03550158147
0.04959995220	-0.00006886147	0.03555638170
0.04959994514	-0.00007377091	0.03560969286
0.04959993771	-0.00007860931	0.03566150900
0.04959992993	-0.00008337418	0.03571186005
0.04959992183	-0.00008806170	0.03576076674
0.04959991342	-0.00009267440	0.03580827260
0.04959990474	-0.00009721035	0.03585441442
0.04959989581	-0.00010166348	0.03589921255
0.04959988666	-0.00010603221	0.03594269741
0.04959987732	-0.00011031541	0.03598489931
0.04959986781	-0.00011451184	0.03602584846
0.04959985816	-0.00011862064	0.03606557490
0.04959984838	-0.00012263851	0.03610409437
0.04959983851	-0.00012657098	0.03614145239
0.04959982854	-0.00013041769	0.03617768285
0.04959981852	-0.00013417540	0.03621280829
0.04959980846	-0.00013784378	0.03624685744
0.04959979839	-0.00014141947	0.03627984096
0.04959978833	-0.00014490661	0.03631178831
0.04959977825	-0.00014831630	0.03634277050
0.04959976821	-0.00015163730	0.03637278745
0.04959975819	-0.00015488056	0.03640192599
0.04959975237	-0.00015673022	0.03641679098
0.04959975164	-0.00015696186	0.03643176881
0.04959975602	-0.00015557276	0.03644668388
0.04959976532	-0.00015257921	0.03646136134
0.04959977914	-0.00014801630	0.03647562909
0.04959979691	-0.00014193753	0.03648931987
0.04959981787	-0.00013441416	0.03650227315
0.04959984114	-0.00012553440	0.03651433708
0.04959986575	-0.00011540235	0.03652537022
0.04959989068	-0.00010413681	0.03653524321
0.04959991492	-0.00009186984	0.03654384030
0.04959993749	-0.00007874526	0.03655106070
0.04959995752	-0.00006491696	0.03655681976
0.04959997424	-0.00005054705	0.03656104995
0.04959998708	-0.00003580401	0.03656370168
0.05008743297	-0.00180650455	0.02258967132
0.05008520773	-0.00186718149	0.02265562907
0.05008435410	-0.00188994037	0.02268649824
0.05008373379	-0.00190630778	0.02271204218
0.05008322764	-0.00191955967	0.02273470354
0.05008280230	-0.00193062531	0.02275581093
0.05008243483	-0.00194013438	0.02277585357
0.05008210543	-0.00194861888	0.02279494539
0.05008182015	-0.00195593735	0.02281371371
0.05008156286	-0.00196251395	0.02283198587
0.05008132906	-0.00196847136	0.02284985935
0.05008112576	-0.00197363693	0.02286770698
0.05008094449	-0.00197823129	0.02288540148
0.05008077891	-0.00198241866	0.02290286279
0.05008063526	-0.00198604436	0.02292036038
0.05008051234	-0.00198914141	0.02293792164
0.05008040703	-0.00199179104	0.02295550849
0.05008031880	-0.00199400818	0.02297315283
0.05008024726	-0.00199580417	0.02299088422
0.05008019214	-0.00199718693	0.02300873008
0.05008015282	-0.00199817266	0.02302670354
0.05008013013	-0.00199874107	0.02304485772
0.05008012443	-0.00199888404	0.02306322675
0.05008013348	-0.00199865729	0.02308176588
0.05008015896	-0.00199801864	0.02310054889
0.05008020087	-0.00199696781	0.02311959467
0.05008025917	-0.00199550537	0.02313892096
0.05008033400	-0.00199362643	0.02315854989
0.05008042552	-0.00199132603	0.02317850425
0.05008053269	-0.00198862911	0.02319876853
0.05008065111	-0.00198564461	0.02321922365
0.05008079248	-0.00198207578	0.02324026746
0.05008095061	-0.00197807627	0.02326170974
0.05008111674	-0.00197386566	0.02328328575
0.05008130944	-0.00196897043	0.02330563602
0.05008151098	-0.00196383765	0.02332817926
0.05008173500	-0.00195811619	0.02335140648
0.05008196948	-0.00195210984	0.02337492292
0.05008222757	-0.00194547711	0.02339921308
0.05008249409	-0.00193860407	0.02342376337
0.05008278247	-0.00193113946	0.02344908616
0.05008308753	-0.00192321165	0.02347501422
0.05008340667	-0.00191488287	0.02350148198
0.05008374073	-0.00190612542	0.02352855506
0.05008409337	-0.00189683716	0.02355640272
0.05008446164	-0.00188708835	0.02358494168
0.05008484551	-0.00187687238	0.02361420600
0.05008524495	-0.00186618279	0.02364423014
0.05008565988	-0.00185501333	0.02367504905
0.05008609023	-0.00184335716	0.02370669751
0.05008653590	-0.00183120772	0.02373921070
0.05008699354	-0.00181864726	0.02377248973
0.05008746778	-0.00180553910	0.02380678158
0.05008795748	-0.00179190283	0.02384207457
0.05008845888	-0.00177783209	0.02387824529
0.05008897387	-0.00176326320	0.02391543000
0.05008950391	-0.00174814121	0.02395374859
0.05009004382	-0.00173260207	0.02399299489
0.05009059841	-0.00171649392	0.02403346605
0.05009116493	-0.00169988109	0.02407507119
0.05009174034	-0.00168283975	0.02411770690
0.05009232948	-0.00166521084	0.02416169569
0.05009292880	-0.00164708342	0.02420689324
0.05009353790	-0.00162845335	0.02425333965
0.05009415635	-0.00160931640	0.02430107438
0.05009478370	-0.00158966856	0.02435013636
0.05009541945	-0.00156950636	0.02440056409
0.05009606308	-0.00154882658	0.02445239544
0.05009671405	-0.00152762618	0.02450566748
0.05009737176	-0.00150590265	0.02456041660
0.05009803560	-0.00148365399	0.02461667846
0.05009870379	-0.00146091720	0.02467441046
0.05009937597	-0.00143768133	0.02473367797
0.05010005327	-0.00141388201	0.02479466529
0.05010073098	-0.00138966022	0.02485707713
0.05010141273	-0.00136485994	0.02492134480
0.05010209309	-0.00133965216	0.02498707897
0.05010277521	-0.00131389368	0.02505470733
0.05010345517	-0.00128770331	0.02512395934
0.05010413287	-0.00126105893	0.02519496467
0.05010480790	-0.00123394702	0.02526781951
0.05010547851	-0.00120640908	0.02534246573
0.05010614362	-0.00117846160	0.02541893089
0.05010680202	-0.00115012656	0.02549723027
0.05010745269	-0.00112142114	0.02557739926
0.05010809468	-0.00109235866	0.02565948477
0.05010872673	-0.00106297015	0.02574347451
0.05010934751	-0.00103329165	0.02582935446
0.05010995613	-0.00100334258	0.02591717405
0.05011055155	-0.00097315130	0.02600694400
0.05011113270	-0.00094275126	0.02609866309
0.05011169858	-0.00091217602	0.02619233398
0.05011224828	-0.00088146036	0.02628795388
0.05011278041	-0.00085067024	0.02638540896
0.05011329493	-0.00081979952	0.02648490905
0.05011379084	-0.00078890293	0.02658633576
0.05011426709	-0.00075804637	0.02668956377
0.05011472360	-0.00072724051	0.02679475911
0.05011515978	-0.00069653423	0.02690183024
0.05011557493	-0.00066599497	0.02701062705
0.05011596926	-0.00063562964	0.02712135971
0.05011634217	-0.00060551417	0.02723374351
0.05011669386	-0.00057567059	0.02734793055
0.05011702421	-0.00054615431	0.02746375972
0.05011733338	-0.00051700533	0.02758122053
0.05011762164	-0.00048826295	0.02770028672
0.05011788923	-0.00045997680	0.02782081793
0.05011813667	-0.00043217669	0.02794288614
0.05011836434	-0.00040491446	0.02806624419
0.05011857293	-0.00037821613	0.02819104532
0.05011876301	-0.00035212887	0.02831696597
0.05011893535	-0.00032667991	0.02844417567
0.05011909071	-0.00030190450	0.02857240621
0.05011922992	-0.00027783409	0.02870167350
0.05011935388	-0.00025449262	0.02883189596
0.05011946346	-0.00023191108	0.02896286493
0.05011955957	-0.00021011518	0.02909466928
0.05011964320	-0.00018911711	0.02922711061
0.05011971527	-0.00016894081	0.02936004523
0.05011977671	-0.00014960690	0.02949350866
0.05011982849	-0.00013111990	0.02962733027
0.05011987150	-0.00011349168	0.02976141282
0.05011990665	-0.00009673131	0.02989563104
0.05011993479	-0.00008084876	0.03002994404
0.05011995675	-0.00006584187	0.03016423284
0.05011997333	-0.00005170948	0.03029839230
0.05011998525	-0.00003844994	0.03043232608
0.05011999323	-0.00002605745	0.03056593887
0.05011999790	-0.00001452426	0.03069913669
0.05011999985	-0.00000384015	0.03083182718
0.05011999964	0.00000600721	0.03096388305
0.05011999775	0.00001502416	0.03109527642
0.05011999461	0.00002323371	0.03122590101
0.05011999062	0.00003065589	0.03135565443
0.05011998611	0.00003731069	0.03148442385
0.05011998138	0.00004320444	0.03161223135
0.05011997665	0.00004838255	0.03173886449
0.05011997214	0.00005284170	0.03186439566
0.05011996800	0.00005663434	0.03198860444
0.05011996438	0.00005975748	0.03211155670
0.05011996134	0.00006225532	0.03223312797
0.05011995894	0.00006415484	0.03235323540
0.05011995724	0.00006547222	0.03247186253
0.05011995623	0.00006623748	0.03258895570
0.05011995591	0.00006648135	0.03270445454
0.05011995624	0.00006623023	0.03281831599
0.05011995719	0.00006551101	0.03293050064
0.05011995869	0.00006435090	0.03304097270
0.05011996068	0.00006277934	0.03314967845
0.05011996310	0.00006081571	0.03325661019
0.05011996588	0.00005848608	0.03336175556
0.05011996891	0.00005582450	0.03346506027
0.05011997213	0.00005285401	0.03356649699
0.05011997547	0.00004958643	0.03366610596
0.05011997883	0.00004606698	0.03376378905
0.05011998215	0.00004229420	0.03385961899
0.05011998536	0.00003830678	0.03395354675
0.05011998838	0.00003412764	0.03404554037
0.05011999116	0.00002975943	0.03413566286
0.05011999365	0.00002523634	0.03422387715
0.05011999578	0.00002057540	0.03431018785
0.05011999751	0.00001579309	0.03439460189
0.05011999881	0.00001090529	0.03447712842
0.05011999965	0.00000592762	0.03455777870
0.05011999999	0.00000087517	0.03463656598
0.05011999982	-0.00000423745	0.03471350539
0.05011999912	-0.00000939643	0.03478861374
0.05011999788	-0.00001458816	0.03486190955
0.05011999609	-0.00001979464	0.03493337863
0.05011999375	-0.00002502110	0.03500309299
0.05011999087	-0.00003024913	0.03507106802
0.05011998746	-0.00003545383	0.03513725779
0.05011998351	-0.00004065864	0.03520179575
0.05011997905	-0.00004582181	0.03526460119
0.05011997409	-0.00005096508	0.03532579715
0.05011996866	-0.00005604976	0.03538529945
0.05011996275	-0.00006110565	0.03544325058
0.05011995641	-0.00006610023	0.03549960939
0.05011994967	-0.00007103099	0.03555439250
0.05011994251	-0.00007591019	0.03560768693
0.05011993500	-0.00008071888	0.03565948686
0.05011992715	-0.00008545460	0.03570982221
0.05011991899	-0.00009011352	0.03575871373
0.05011991054	-0.00009469818	0.03580620489
0.05011990182	-0.00009920663	0.03585233242
0.05011989286	-0.00010363283	0.03589711673
0.05011988369	-0.00010797521	0.03594058820
0.05011987434	-0.00011223263	0.03598277713
0.05011986483	-0.00011640386	0.03602371372
0.05011985517	-0.00012048803	0.03606342799
0.05011984541	-0.00012448187	0.03610193575
0.05011983555	-0.00012839085	0.03613928241
0.05011982561	-0.00013221463	0.03617550184
0.05011981562	-0.00013594998	0.03621061660
0.05011980559	-0.00013959654	0.03624465541
0.05011979557	-0.00014315101	0.03627762898
0.05011978555	-0.00014661748	0.03630956676
0.05011977552	-0.00015000698	0.03634053956
0.05011976553	-0.00015330833	0.03637054741
0.05011975556	-0.00015653240	0.03639967686
0.05011974978	-0.00015837327	0.03641454291
0.05011974907	-0.00015859606	0.03642952086
0.05011975348	-0.00015719815	0.03644443509
0.05011976280	-0.00015419592	0.03645911075
0.05011977666	-0.00014962459	0.03647337579
0.05011979446	-0.00014353773	0.03648706295
0.05011981546	-0.00013600672	0.03650001177
0.05011983879	-0.00012711985	0.03651207043
0.05011986348	-0.00011698129	0.03652309756
0.05011988852	-0.00010570993	0.03653296388
0.05011991290	-0.00009343790	0.03654155371
0.05011993566	-0.00008030907	0.03654876634
0.05011995591	-0.00006647739	0.03655451721
0.05011997292	-0.00005210500	0.03655873890
0.05011998608	-0.00003736042	0.03656138191
0.05060809295	-0.00179736705	0.02258739215
0.05060589288	-0.00185828038	0.02265313204
0.05060504792	-0.00188114988	0.02268391921
0.05060443339	-0.00189760942	0.02270940322
0.05060393166	-0.00191094236	0.02273201658
0.05060350970	-0.00192208370	0.02275308343
0.05060314488	-0.00193166462	0.02277309103
0.05060281770	-0.00194021669	0.02279215238
0.05060253398	-0.00194760225	0.02281089341
0.05060227793	-0.00195424363	0.02282914143
0.05060204508	-0.00196026379	0.02284699354
0.05060184225	-0.00196549247	0.02286482187
0.05060166116	-0.00197014915	0.02288249923
0.05060149559	-0.00197439723	0.02289994560
0.05060135161	-0.00197808378	0.02291742998
0.05060122805	-0.00198124189	0.02293497968
0.05060112185	-0.00198395238	0.02295255666
0.05060103249	-0.00198623029	0.02297019278
0.05060095957	-0.00198808705	0.02298791752
0.05060090283	-0.00198953067	0.02300575827
0.05060086167	-0.00199057734	0.02302372814
0.05060083689	-0.00199120707	0.02304188018
0.05060082883	-0.00199141187	0.02306024850
0.05060083532	-0.00199124708	0.02307878841
0.05060085799	-0.00199067092	0.02309757362
0.05060089684	-0.00198968317	0.02311662298
0.05060095182	-0.00198828445	0.02313595426
0.05060102309	-0.00198646991	0.02315558959
0.05060111079	-0.00198423469	0.02317555172
0.05060121389	-0.00198160353	0.02319582523
0.05060132812	-0.00197868445	0.02321629129
0.05060146491	-0.00197518330	0.02323734701
0.05060161820	-0.00197125238	0.02325880261
0.05060177942	-0.00196710942	0.02328039392
0.05060196674	-0.00196228499	0.02330276018
0.05060216281	-0.00195722229	0.02332532137
0.05060238099	-0.00195157327	0.02334856751
0.05060260950	-0.00194563907	0.02337210472
0.05060286122	-0.00193908120	0.02339641650
0.05060312130	-0.00193228236	0.02342099045
0.05060340287	-0.00192489440	0.02344633783
0.05060370086	-0.00191704453	0.02347229183
0.05060401272	-0.00190879448	0.02349878711
0.05060433930	-0.00190011680	0.02352588916
0.05060468415	-0.00189091028	0.02355376690
0.05060504440	-0.00188124453	0.02358233730
0.05060542003	-0.00187111306	0.02361163439
0.05060581098	-0.00186050944	0.02364169260
0.05060621719	-0.00184942751	0.02367254685
0.05060663858	-0.00183786050	0.02370423186
0.05060707507	-0.00182580192	0.02373678281
0.05060752338	-0.00181333330	0.02377010110
0.05060798801	-0.00180031920	0.02380443312
0.05060846788	-0.00178677901	0.02383976727
0.05060895929	-0.00177280555	0.02387598053
0.05060946409	-0.00175833573	0.02391320885
0.05060998372	-0.00174331509	0.02395157183
0.05061051310	-0.00172787832	0.02399086394
0.05061105694	-0.00171187497	0.02403138155
0.05061161255	-0.00169536873	0.02407303406
0.05061217695	-0.00167843510	0.02411571848
0.05061275488	-0.00166091646	0.02415975634
0.05061334287	-0.00164290101	0.02420500386
0.05061394052	-0.00162438463	0.02425150106
0.05061454741	-0.00160536311	0.02429928731
0.05061516310	-0.00158583246	0.02434840149
0.05061578710	-0.00156578920	0.02439888202
0.05061641892	-0.00154523013	0.02445076667
0.05061705800	-0.00152415219	0.02450409245
0.05061770377	-0.00150255286	0.02455889569
0.05061835563	-0.00148043012	0.02461521193
0.05061901183	-0.00145782062	0.02467299878
0.05061967204	-0.00143471349	0.02473232141
0.05062033734	-0.00141104492	0.02479336350
0.05062100312	-0.00138695455	0.02485583084
0.05062167295	-0.00136228785	0.02492015321
0.05062234149	-0.00133721416	0.02498594271
0.05062301184	-0.00131159167	0.02505362546
0.05062368015	-0.00128553803	0.02512293195
0.05062434632	-0.00125903139	0.02519399136
0.05062500995	-0.00123205839	0.02526689951
0.05062566932	-0.00120466017	0.02534159847
0.05062632336	-0.00117685310	0.02541811569
0.05062697090	-0.00114865903	0.02549646637
0.05062761092	-0.00112009508	0.02557668571
0.05062824249	-0.00109117454	0.02565882040
0.05062886438	-0.00106192822	0.02574285815
0.05062947528	-0.00103239194	0.02582878495
0.05063007430	-0.00100258509	0.02591664995
0.05063066041	-0.00097253590	0.02600646377
0.05063123258	-0.00094227763	0.02609822509
0.05063178983	-0.00091184372	0.02619193648
0.05063233123	-0.00088126877	0.02628759506
0.05063285543	-0.00085061831	0.02638508733
0.05063336238	-0.00081988651	0.02648462216
0.05063385110	-0.00078912773	0.02658608149
0.05063432056	-0.00075840747	0.02668934042
0.05063477066	-0.00072773656	0.02679456408
0.05063520083	-0.00069716361	0.02690166118
0.05063561036	-0.00066675566	0.02701048206
0.05063599947	-0.00063651985	0.02712123581
0.05063636756	-0.00060653155	0.02723363875
0.05063671481	-0.00057681290	0.02734784211
0.05063704111	-0.00054741900	0.02746368526
0.05063734661	-0.00051838972	0.02758115751
0.05063763157	-0.00048976425	0.02770023250
0.05063789621	-0.00046159195	0.02782077021
0.05063814104	-0.00043390267	0.02794284206
0.05063836644	-0.00040674789	0.02806620171
0.05063857308	-0.00038015375	0.02819100143
0.05063876149	-0.00035416704	0.02831691882
0.05063893246	-0.00032881509	0.02844412235
0.05063908671	-0.00030413293	0.02857234470
0.05063922506	-0.00028015197	0.02870160140
0.05063934838	-0.00025689608	0.02883181092
0.05063945753	-0.00023439610	0.02896276521
0.05063955340	-0.00021267777	0.02909455242
0.05063963695	-0.00019175321	0.02922697468
0.05063970910	-0.00017164628	0.02935988863
0.05063977074	-0.00015237762	0.02949332929
0.05063982284	-0.00013395174	0.02962712646
0.05063986627	-0.00011638050	0.02976118298
0.05063990191	-0.00009967299	0.02989537381
0.05063993060	-0.00008383916	0.03002965791
0.05063995316	-0.00006887691	0.03016391647
0.05063997037	-0.00005478513	0.03029804451
0.05063998294	-0.00004156223	0.03043194577
0.05063999158	-0.00002920245	0.03056552504
0.05063999691	-0.00001769812	0.03069868845
0.05063999951	-0.00000703911	0.03083134373
0.05063999992	0.00000278683	0.03096336384
0.05063999863	0.00001178597	0.03109472072
0.05063999606	0.00001998121	0.03122530826
0.05063999259	0.00002739244	0.03135502425
0.05063998856	0.00003403955	0.03148375609
0.05063998426	0.00003992880	0.03161152547
0.05063997991	0.00004510540	0.03173812065
0.05063997574	0.00004956600	0.03186361345
0.05063997188	0.00005336282	0.03198778418
0.05063996849	0.00005649285	0.03211069819
0.05063996563	0.00005900008	0.03223223137
0.05063996337	0.00006091138	0.03235230099
0.05063996175	0.00006224281	0.03247089052
0.05063996078	0.00006302427	0.03258794633
0.05063996045	0.00006328633	0.03270340815
0.05063996074	0.00006305529	0.03281723297
0.05063996161	0.00006235789	0.03292938141
0.05063996299	0.00006122122	0.03303981770
0.05063996484	0.00005967459	0.03314848825
0.05063996709	0.00005773729	0.03325538528
0.05063996966	0.00005543528	0.03336049640
0.05063997247	0.00005280244	0.03346376748
0.05063997545	0.00004986170	0.03356517124
0.05063997854	0.00004662488	0.03366474769
0.05063998163	0.00004313694	0.03376239909
0.05063998468	0.00003939646	0.03385819780
0.05063998760	0.00003544196	0.03395209501
0.05063999033	0.00003129623	0.03404405886
0.05063999282	0.00002696196	0.03413415209
0.05063999501	0.00002247316	0.03422233781
0.05063999686	0.00001784679	0.03430862062
0.05063999831	0.00001309927	0.03439300744
0.05063999933	0.00000824641	0.03447550742
0.05063999989	0.00000330376	0.03455613180
0.05063999997	-0.00000171364	0.03463489384
0.05063999954	-0.00000679125	0.03471180864
0.05063999860	-0.00001191532	0.03478689301
0.05063999712	-0.00001707228	0.03486016546
0.05063999511	-0.00002224423	0.03493161193
0.05063999257	-0.00002743634	0.03500130421
0.05063998949	-0.00003263029	0.03506925769
0.05063998589	-0.00003780132	0.03513542674
0.05063998177	-0.00004297269	0.03519994431
0.05063997715	-0.00004810291	0.03526273016
0.05063997204	-0.00005321354	0.03532390688
0.05063996648	-0.00005826614	0.03538339077
0.05063996045	-0.00006329028	0.03544132380
0.05063995400	-0.00006825365	0.03549766511
0.05063994716	-0.00007315374	0.03555243137
0.05063993992	-0.00007800271	0.03560570931
0.05063993234	-0.00008278172	0.03565749327
0.05063992443	-0.00008748831	0.03570781316
0.05063991621	-0.00009211868	0.03575668974
0.05063990772	-0.00009667532	0.03580416641
0.05063989897	-0.00010115630	0.03585027988
0.05063988999	-0.00010555560	0.03589505056
0.05063988081	-0.00010987165	0.03593850884
0.05063987145	-0.00011410333	0.03598068498
0.05063986194	-0.00011824939	0.03602160920
0.05063985230	-0.00012230896	0.03606131150
0.05063984255	-0.00012627880	0.03609980771
0.05063983271	-0.00013016434	0.03613714319
0.05063982280	-0.00013396522	0.03617335176
0.05063981284	-0.00013767823	0.03620845600
0.05063980286	-0.00014130302	0.03624248462
0.05063979288	-0.00014483630	0.03627544838
0.05063978290	-0.00014828214	0.03630737674
0.05063977292	-0.00015165148	0.03633834030
0.05063976299	-0.00015493322	0.03636833918
0.05063975308	-0.00015813813	0.03639745966
0.05063974733	-0.00015997021	0.03641232679
0.05063974665	-0.00016018414	0.03642730484
0.05063975108	-0.00015877741	0.03644221822
0.05063976043	-0.00015576652	0.03645689209
0.05063977431	-0.00015118675	0.03647115440
0.05063979214	-0.00014509182	0.03648483794
0.05063981318	-0.00013755316	0.03649778229
0.05063983656	-0.00012865917	0.03650983568
0.05063986132	-0.00011851411	0.03652085680
0.05063988646	-0.00010723693	0.03653071644
0.05063991097	-0.00009495984	0.03653929900
0.05063993389	-0.00008182677	0.03654650385
0.05063995436	-0.00006799171	0.03655224654
0.05063997162	-0.00005361685	0.03655645973
0.05063998508	-0.00003887072	0.03655909402
0.05113874710	-0.00178814015	0.02258510196
0.05113657224	-0.00184929159	0.02265062079
0.05113573599	-0.00187227260	0.02268132467
0.05113512726	-0.00188882502	0.02270674778
0.05113462999	-0.00190223971	0.02272931235
0.05113421145	-0.00191345740	0.02275033796
0.05113384931	-0.00192311079	0.02277030989
0.05113352438	-0.00193173104	0.02278934020
0.05113324226	-0.00193918430	0.02280805342
0.05113298747	-0.00194589106	0.02282627682
0.05113275560	-0.00195197455	0.02284410713
0.05113255329	-0.00195726695	0.02286191573
0.05113237242	-0.00196198654	0.02287957557
0.05113220688	-0.00196629591	0.02289700665
0.05113206261	-0.00197004390	0.02291447747
0.05113193846	-0.00197326367	0.02293201530
0.05113183141	-0.00197603563	0.02294958213
0.05113174095	-0.00197837491	0.02296720973
0.05113166670	-0.00198029305	0.02298492757
0.05113160839	-0.00198179816	0.02300276296
0.05113156542	-0.00198290640	0.02302072903
0.05113153859	-0.00198359808	0.02303887873
0.05113152822	-0.00198386535	0.02305724613
0.05113153219	-0.00198376316	0.02307578666
0.05113155209	-0.00198325015	0.02309457390
0.05113158792	-0.00198232616	0.02311362672
0.05113163963	-0.00198099182	0.02313296286
0.05113170738	-0.00197924239	0.02315260446
0.05113179131	-0.00197707305	0.02317257427
0.05113189041	-0.00197450836	0.02319285693
0.05113200050	-0.00197165543	0.02321333388
0.05113213275	-0.00196822269	0.02323440146
0.05113228125	-0.00196436112	0.02325587034
0.05113243762	-0.00196028655	0.02327747693
0.05113261961	-0.00195553370	0.02329985917
0.05113281027	-0.00195054188	0.02332243834
0.05113302267	-0.00194496610	0.02334570341
0.05113324527	-0.00193910487	0.02336926145
0.05113349068	-0.00193262270	0.02339359489
0.05113374437	-0.00192589890	0.02341819259
0.05113401919	-0.00191858845	0.02344356463
0.05113431017	-0.00191081741	0.02346954468
0.05113461484	-0.00190264698	0.02349606759
0.05113493399	-0.00189404999	0.02352319875
0.05113527113	-0.00188492612	0.02355110670
0.05113562343	-0.00187534440	0.02357970870
0.05113599087	-0.00186529838	0.02360903873
0.05113637340	-0.00185478172	0.02363913120
0.05113677096	-0.00184378832	0.02367002097
0.05113718348	-0.00183231149	0.02370174276
0.05113761086	-0.00182034480	0.02373433169
0.05113804990	-0.00180796906	0.02376768949
0.05113850502	-0.00179505009	0.02380206192
0.05113897512	-0.00178160708	0.02383743748
0.05113945662	-0.00176773201	0.02387369357
0.05113995131	-0.00175336238	0.02391096578
0.05114046061	-0.00173844422	0.02394937344
0.05114097954	-0.00172311098	0.02398871169
0.05114151270	-0.00170721360	0.02402927605
0.05114205749	-0.00169081516	0.02407097628
0.05114261096	-0.00167399045	0.02411370975
0.05114317776	-0.00165658331	0.02415779703
0.05114375450	-0.00163868107	0.02420309488
0.05114434078	-0.00162027964	0.02424964323
0.05114493620	-0.00160137483	0.02429748140
0.05114554032	-0.00158196266	0.02434664817
0.05114615266	-0.00156203965	0.02439718188
0.05114677274	-0.00154160260	0.02444912025
0.05114740001	-0.00152064846	0.02450250019
0.05114803393	-0.00149917468	0.02455735795
0.05114867390	-0.00147717922	0.02461372900
0.05114931820	-0.00145469836	0.02467157114
0.05114996651	-0.00143172133	0.02473094934
0.05115061989	-0.00140818491	0.02479204663
0.05115127383	-0.00138422735	0.02485456993
0.05115193181	-0.00135969564	0.02491894743
0.05115258862	-0.00133475742	0.02498479272
0.05115324727	-0.00130927233	0.02505253033
0.05115390401	-0.00128335683	0.02512189176
0.05115455872	-0.00125698935	0.02519300571
0.05115521102	-0.00123015668	0.02526596762
0.05115585922	-0.00120289957	0.02534071980
0.05115650227	-0.00117523432	0.02541728954
0.05115713901	-0.00114718263	0.02549569196
0.05115776845	-0.00111876155	0.02557596210
0.05115838968	-0.00108998433	0.02565814643
0.05115900146	-0.00106088158	0.02574223264
0.05115960253	-0.00103148889	0.02582820673
0.05116019200	-0.00100182561	0.02591611757
0.05116076887	-0.00097191985	0.02600597567
0.05116133212	-0.00094180469	0.02609777964
0.05116188076	-0.00091151341	0.02619153193
0.05116241391	-0.00088108046	0.02628722957
0.05116293022	-0.00085057091	0.02638475944
0.05116342965	-0.00081997928	0.02648432936
0.05116391122	-0.00078935954	0.02658582168
0.05116437391	-0.00075877675	0.02668911186
0.05116481764	-0.00072824196	0.02679436417
0.05116524182	-0.00069780348	0.02690148755
0.05116564576	-0.00066752792	0.02701033281
0.05116602967	-0.00063742271	0.02712110793
0.05116639295	-0.00060756260	0.02723353027
0.05116673578	-0.00057796988	0.02734775019
0.05116705805	-0.00054869930	0.02746360754
0.05116735989	-0.00051979063	0.02758109146
0.05116764154	-0.00049128294	0.02770017544
0.05116790324	-0.00046322533	0.02782071984
0.05116814547	-0.00043564766	0.02794279548
0.05116836860	-0.00040860107	0.02806615687
0.05116857327	-0.00038211181	0.02819095531
0.05116876003	-0.00035622630	0.02831686954
0.05116892961	-0.00033097198	0.02844406699
0.05116908275	-0.00030638362	0.02857228122
0.05116922022	-0.00028249261	0.02870152740
0.05116934289	-0.00025932276	0.02883172402
0.05116945159	-0.00023690474	0.02896266365
0.05116954721	-0.00021526433	0.02909443371
0.05116963067	-0.00019441360	0.02922683691
0.05116970288	-0.00017437630	0.02935973018
0.05116976472	-0.00015517311	0.02949314804
0.05116981711	-0.00013680851	0.02962692071
0.05116986094	-0.00011929438	0.02976095115
0.05116989706	-0.00010263977	0.02989511452
0.05116992629	-0.00008685469	0.03002936963
0.05116994943	-0.00007193707	0.03016359786
0.05116996726	-0.00005788584	0.03029769438
0.05116998048	-0.00004469946	0.03043156301
0.05116998976	-0.00003237225	0.03056510866
0.05116999573	-0.00002089659	0.03069823754
0.05116999897	-0.00001026245	0.03083085747
0.05117000000	-0.00000045766	0.03096284168
0.05116999929	0.00000852398	0.03109416193
0.05116999727	0.00001670524	0.03122471229
0.05116999432	0.00002410590	0.03135439070
0.05116999076	0.00003074571	0.03148308481
0.05116998689	0.00003663091	0.03161081592
0.05116998292	0.00004180646	0.03173737298
0.05116997908	0.00004626901	0.03186282724
0.05116997550	0.00005007051	0.03198695977
0.05116997234	0.00005320798	0.03210983538
0.05116996966	0.00005572518	0.03223133029
0.05116996753	0.00005764882	0.03235136197
0.05116996599	0.00005899490	0.03246991373
0.05116996507	0.00005979319	0.03258693202
0.05116996474	0.00006007409	0.03270235667
0.05116996498	0.00005986377	0.03281614471
0.05116996577	0.00005918885	0.03292825678
0.05116996704	0.00005807630	0.03303865714
0.05116996875	0.00005655528	0.03314729234
0.05116997082	0.00005464500	0.03325415452
0.05116997320	0.00005237130	0.03335923125
0.05116997580	0.00004976790	0.03346246856
0.05116997855	0.00004685764	0.03356383922
0.05116998138	0.00004365227	0.03366338302
0.05116998421	0.00004019655	0.03376100259
0.05116998699	0.00003648909	0.03385676995
0.05116998964	0.00003256821	0.03395063646
0.05116999209	0.00002845662	0.03404257042
0.05116999430	0.00002415699	0.03413263428
0.05116999621	0.00001970318	0.03422079131
0.05116999777	0.00001511209	0.03430704611
0.05116999894	0.00001040006	0.03439140560
0.05116999970	0.00000558283	0.03447387891
0.05117000000	0.00000067589	0.03455447729
0.05116999982	-0.00000430579	0.03463321398
0.05116999915	-0.00000934772	0.03471010408
0.05116999796	-0.00001443620	0.03478516438
0.05116999626	-0.00001955774	0.03485841338
0.05116999404	-0.00002469452	0.03492983715
0.05116999129	-0.00002985165	0.03499950725
0.05116998802	-0.00003501089	0.03506743909
0.05116998425	-0.00004014763	0.03513358734
0.05116997996	-0.00004528496	0.03519808445
0.05116997520	-0.00005038162	0.03526085064
0.05116996995	-0.00005545904	0.03532200804
0.05116996426	-0.00006047898	0.03538147345
0.05116995812	-0.00006547081	0.03543938831
0.05116995157	-0.00007040242	0.03549571205
0.05116994464	-0.00007527130	0.03555046138
0.05116993732	-0.00008008950	0.03560372278
0.05116992967	-0.00008483832	0.03565549071
0.05116992170	-0.00008951527	0.03570579507
0.05116991345	-0.00009411658	0.03575465665
0.05116990492	-0.00009864473	0.03580211879
0.05116989614	-0.00010309776	0.03584821813
0.05116988714	-0.00010746971	0.03589297514
0.05116987795	-0.00011175899	0.03593642017
0.05116986860	-0.00011596448	0.03597858350
0.05116985909	-0.00012008494	0.03601949530
0.05116984947	-0.00012411950	0.03605918556
0.05116983974	-0.00012806493	0.03609767019
0.05116982993	-0.00013192662	0.03613499445
0.05116982005	-0.00013570423	0.03617119212
0.05116981013	-0.00013939452	0.03620628580
0.05116980019	-0.00014299718	0.03624030419
0.05116979026	-0.00014650891	0.03627325812
0.05116978034	-0.00014993377	0.03630517702
0.05116977042	-0.00015328262	0.03633613129
0.05116976054	-0.00015654442	0.03636612118
0.05116975070	-0.00015972985	0.03639523266
0.05116974497	-0.00016155298	0.03641010086
0.05116974433	-0.00016175789	0.03642507903
0.05116974878	-0.00016034218	0.03643999154
0.05116975816	-0.00015732245	0.03645466357
0.05116977206	-0.00015273411	0.03646892310
0.05116978991	-0.00014663094	0.03648260295
0.05116981098	-0.00013908450	0.03649554274
0.05116983440	-0.00013018326	0.03650759075
0.05116985922	-0.00012003159	0.03651860575
0.05116988444	-0.00010874849	0.03652845858
0.05116990907	-0.00009646625	0.03653703373
0.05116993215	-0.00008332886	0.03654423067
0.05116995282	-0.00006949036	0.03654996502
0.05116997032	-0.00005511299	0.03655416954
0.05116998408	-0.00004036530	0.03655679495
0.05165937135	-0.00177917167	0.02258288684
0.05165722080	-0.00184055398	0.02264818978
0.05165639297	-0.00186364316	0.02267881225
0.05165578986	-0.00188028572	0.02270417579
0.05165529690	-0.00189377976	0.02272669261
0.05165488169	-0.00190507156	0.02274767785
0.05165452215	-0.00191479534	0.02276761484
0.05165419942	-0.00192348178	0.02278661474
0.05165391888	-0.00193100079	0.02280530068
0.05165366534	-0.00193777107	0.02282349993
0.05165343445	-0.00194391609	0.02284130882
0.05165323267	-0.00194927039	0.02285909804
0.05165305203	-0.00195405110	0.02287674063
0.05165288657	-0.00195842003	0.02289415664
0.05165274206	-0.00196222774	0.02291161409
0.05165261736	-0.00196550745	0.02292914017
0.05165250953	-0.00196833915	0.02294669693
0.05165241806	-0.00197073810	0.02296431608
0.05165234256	-0.00197271591	0.02298202701
0.05165228277	-0.00197428080	0.02299985702
0.05165223811	-0.00197544891	0.02301781921
0.05165220935	-0.00197620083	0.02303596645
0.05165219679	-0.00197652886	0.02305433278
0.05165219837	-0.00197648755	0.02307287374
0.05165221565	-0.00197603597	0.02309166278
0.05165224862	-0.00197517399	0.02311071878
0.05165229724	-0.00197390230	0.02313005949
0.05165236164	-0.00197221619	0.02314970702
0.05165244198	-0.00197011095	0.02316968412
0.05165253728	-0.00196761093	0.02318997551
0.05165264343	-0.00196482236	0.02321046288
0.05165277136	-0.00196145620	0.02323154182
0.05165291530	-0.00195766210	0.02325302345
0.05165306705	-0.00195365410	0.02327464475
0.05165324397	-0.00194897091	0.02329704235
0.05165342948	-0.00194404806	0.02331963884
0.05165363636	-0.00193854357	0.02334292215
0.05165385334	-0.00193275337	0.02336650028
0.05165409273	-0.00192634488	0.02339085463
0.05165434033	-0.00191969412	0.02341547526
0.05165460870	-0.00191245912	0.02344087112
0.05165489300	-0.00190476482	0.02346687633
0.05165519079	-0.00189667189	0.02349342595
0.05165550287	-0.00188815344	0.02352058526
0.05165583264	-0.00187911004	0.02354852243
0.05165617735	-0.00186961012	0.02357715499
0.05165653697	-0.00185964728	0.02360651689
0.05165691147	-0.00184921527	0.02363664251
0.05165730078	-0.00183830806	0.02366756667
0.05165770482	-0.00182691901	0.02369932406
0.05165812350	-0.00181504177	0.02373194976
0.05165855369	-0.00180275645	0.02376534583
0.05165899970	-0.00178993009	0.02379975740
0.05165946048	-0.00177658167	0.02383517306
0.05165993252	-0.00176280239	0.02387147063
0.05166041755	-0.00174853028	0.02390878538
0.05166091698	-0.00173371188	0.02394723632
0.05166142592	-0.00171847942	0.02398661929
0.05166194889	-0.00170268518	0.02402722895
0.05166248332	-0.00168639166	0.02406897543
0.05166302636	-0.00166967297	0.02411175644
0.05166358252	-0.00165237435	0.02415589164
0.05166414850	-0.00163458229	0.02420123828
0.05166472392	-0.00161629273	0.02424783623
0.05166530837	-0.00159750150	0.02429572473
0.05166590143	-0.00157820462	0.02434494249
0.05166650263	-0.00155839862	0.02439552779
0.05166711148	-0.00153808032	0.02444751825
0.05166772748	-0.00151724662	0.02450095072
0.05166835006	-0.00149589499	0.02455586137
0.05166897865	-0.00147402336	0.02461228559
0.05166961158	-0.00145166767	0.02467018137
0.05167024851	-0.00142881721	0.02472961347
0.05167089050	-0.00140540933	0.02479076433
0.05167153311	-0.00138158096	0.02485334193
0.05167217976	-0.00135718054	0.02491777294
0.05167282535	-0.00133237409	0.02498367238
0.05167347281	-0.00130702262	0.02505146322
0.05167411848	-0.00128124146	0.02512087799
0.05167476223	-0.00125500929	0.02519204488
0.05167540369	-0.00122831307	0.02526505899
0.05167604121	-0.00120119317	0.02533986282
0.05167667374	-0.00117366579	0.02541648356
0.05167730015	-0.00114575252	0.02549493624
0.05167791946	-0.00111747032	0.02557525573
0.05167853078	-0.00108883241	0.02565748826
0.05167913290	-0.00105986919	0.02574162155
0.05167972456	-0.00103061605	0.02582764158
0.05168030490	-0.00100109230	0.02591559697
0.05168087292	-0.00097132590	0.02600549810
0.05168142762	-0.00094134978	0.02609734352
0.05168196803	-0.00091119707	0.02619113557
0.05168249328	-0.00088090205	0.02628687120
0.05168300204	-0.00085052938	0.02638443762
0.05168349426	-0.00082007388	0.02648404168
0.05168396897	-0.00078958916	0.02658556610
0.05168442518	-0.00075913986	0.02668888669
0.05168486279	-0.00072873723	0.02679416690
0.05168528124	-0.00069842930	0.02690131588
0.05168567982	-0.00066828226	0.02701018490
0.05168605874	-0.00063830379	0.02712098086
0.05168641741	-0.00060856808	0.02723342214
0.05168675600	-0.00057909755	0.02734765825
0.05168707439	-0.00054994661	0.02746352950
0.05168737271	-0.00052115494	0.02758102485
0.05168765120	-0.00049276148	0.02770011767
0.05168791007	-0.00046481508	0.02782066868
0.05168814979	-0.00043734562	0.02794274814
0.05168837073	-0.00041040391	0.02806611135
0.05168857351	-0.00038401629	0.02819090866
0.05168875866	-0.00035822883	0.02831681998
0.05168892691	-0.00033306908	0.02844401165
0.05168907896	-0.00030857156	0.02857221815
0.05168921558	-0.00028476764	0.02870145425
0.05168933761	-0.00026168107	0.02883163849
0.05168944588	-0.00023934237	0.02896256405
0.05168954123	-0.00021777734	0.02909431762
0.05168962460	-0.00019699799	0.02922670246
0.05168969686	-0.00017702799	0.02935957581
0.05168975886	-0.00015788804	0.02949297169
0.05168981154	-0.00013958261	0.02962672074
0.05168985573	-0.00012212358	0.02976072602
0.05168989230	-0.00010552001	0.02989486291
0.05168992203	-0.00008978189	0.03002909003
0.05168994572	-0.00007490723	0.03016328900
0.05168996413	-0.00006089499	0.03029735507
0.05168997795	-0.00004774369	0.03043119220
0.05168998785	-0.00003544770	0.03056470537
0.05168999443	-0.00002399949	0.03069780089
0.05168999827	-0.00001338909	0.03083038669
0.05168999987	-0.00000360443	0.03096233622
0.05168999972	0.00000536065	0.03109362107
0.05168999823	0.00001352876	0.03122413550
0.05168999577	0.00002091957	0.03135377760
0.05168999266	0.00002755274	0.03148243525
0.05168998919	0.00003343443	0.03161012937
0.05168998558	0.00003860939	0.03173664960
0.05168998205	0.00004307427	0.03186206662
0.05168997874	0.00004688076	0.03198616222
0.05168997579	0.00005002588	0.03210900071
0.05168997328	0.00005255319	0.03223045864
0.05168997128	0.00005448925	0.03235045363
0.05168996983	0.00005585001	0.03246896889
0.05168996894	0.00005666507	0.03258595091
0.05168996861	0.00005696468	0.03270133963
0.05168996882	0.00005677491	0.03281509211
0.05168996953	0.00005612226	0.03292716902
0.05168997070	0.00005503354	0.03303753467
0.05168997227	0.00005353781	0.03314613570
0.05168997419	0.00005165419	0.03325296418
0.05168997639	0.00004940840	0.03335800767
0.05168997878	0.00004683400	0.03346121233
0.05168998131	0.00004395373	0.03356255101
0.05168998391	0.00004077931	0.03366206323
0.05168998650	0.00003735527	0.03375965204
0.05168998903	0.00003368026	0.03385538909
0.05168999141	0.00002979242	0.03394922595
0.05168999360	0.00002571434	0.03404113102
0.05168999555	0.00002144873	0.03413116648
0.05168999719	0.00001702928	0.03421929578
0.05168999850	0.00001247280	0.03430552350
0.05168999941	0.00000779558	0.03438985658
0.05168999991	0.00000301330	0.03447230412
0.05168999997	-0.00000185863	0.03455287737
0.05168999955	-0.00000680528	0.03463158956
0.05168999865	-0.00001181223	0.03470845578
0.05168999725	-0.00001686584	0.03478349282
0.05168999534	-0.00002195266	0.03485671914
0.05168999292	-0.00002705498	0.03492812098
0.05168998998	-0.00003217784	0.03499776965
0.05168998654	-0.00003730308	0.03506568058
0.05168998261	-0.00004240623	0.03513180873
0.05168997817	-0.00004751022	0.03519628606
0.05168997326	-0.00005257403	0.03525903324
0.05168996789	-0.00005761891	0.03532017198
0.05168996209	-0.00006260687	0.03537961953
0.05168995584	-0.00006756708	0.03543751682
0.05168994920	-0.00007246759	0.03549382359
0.05168994219	-0.00007730591	0.03554855657
0.05168993481	-0.00008209401	0.03560180198
0.05168992710	-0.00008681327	0.03565355442
0.05168991908	-0.00009146121	0.03570384377
0.05168991079	-0.00009603409	0.03575269087
0.05168990223	-0.00010053435	0.03580013896
0.05168989344	-0.00010496004	0.03584622465
0.05168988443	-0.00010930521	0.03589096844
0.05168987524	-0.00011356830	0.03593440069
0.05168986589	-0.00011774817	0.03597655162
0.05168985640	-0.00012184358	0.03601745142
0.05168984679	-0.00012585368	0.03605713006
0.05168983709	-0.00012977523	0.03609560350
0.05168982731	-0.00013361360	0.03613291691
0.05168981747	-0.00013736842	0.03616910405
0.05168980759	-0.00014103651	0.03620418753
0.05168979770	-0.00014461751	0.03623819603
0.05168978781	-0.00014810816	0.03627114046
0.05168977794	-0.00015151250	0.03630305023
0.05168976808	-0.00015484131	0.03633399553
0.05168975827	-0.00015808360	0.03636397672
0.05168974848	-0.00016124999	0.03639307951
0.05168974279	-0.00016306434	0.03640794876
0.05168974217	-0.00016326041	0.03642292702
0.05168974665	-0.00016183591	0.03643783868
0.05168975605	-0.00015880753	0.03645250890
0.05168976997	-0.00015421078	0.03646676570
0.05168978784	-0.00014809955	0.03648044193
0.05168980893	-0.00014054549	0.03649337725
0.05168983238	-0.00013163715	0.03650541999
0.05168985725	-0.00012147899	0.03651642898
0.05168988255	-0.00011019009	0.03652627514
0.05168990728	-0.00009790281	0.03653484303
0.05168993050	-0.00008476120	0.03654203221
0.05168995135	-0.00007091934	0.03654775838
0.05168996908	-0.00005653951	0.03655195442
0.05168998311	-0.00004179029	0.03655457112
0.05217997875	-0.00177028740	0.02258070320
0.05217785211	-0.00183189783	0.02264579128
0.05217703256	-0.00185509397	0.02267633268
0.05217643499	-0.00187182567	0.02270163686
0.05217594631	-0.00188539820	0.02272410608
0.05217553439	-0.00189676334	0.02274505105
0.05217517744	-0.00190655675	0.02276495316
0.05217485690	-0.00191530872	0.02278392270
0.05217457794	-0.00192289281	0.02280258139
0.05217432566	-0.00192972596	0.02282075648
0.05217409575	-0.00193593189	0.02283854394
0.05217389453	-0.00194134747	0.02285631374
0.05217371416	-0.00194618872	0.02287393904
0.05217354880	-0.00195061663	0.02289133993
0.05217340409	-0.00195448348	0.02290878395
0.05217327890	-0.00195782255	0.02292629820
0.05217317034	-0.00196071344	0.02294384480
0.05217307790	-0.00196317149	0.02296145538
0.05217300122	-0.00196520843	0.02297915930
0.05217294001	-0.00196683255	0.02299698379
0.05217289373	-0.00196805999	0.02301494196
0.05217286311	-0.00196887160	0.02303308660
0.05217284845	-0.00196925986	0.02305145169
0.05217284773	-0.00196927889	0.02306999290
0.05217286248	-0.00196888819	0.02308878356
0.05217289268	-0.00196808768	0.02310784255
0.05217293830	-0.00196687809	0.02312718761
0.05217299947	-0.00196525477	0.02314684085
0.05217307634	-0.00196321307	0.02316682501
0.05217316794	-0.00196077717	0.02318712488
0.05217327027	-0.00195805243	0.02320762243
0.05217339402	-0.00195475228	0.02322871246
0.05217353353	-0.00195102510	0.02325020655
0.05217368079	-0.00194708311	0.02327184227
0.05217385278	-0.00194246901	0.02329425493
0.05217403329	-0.00193761457	0.02331686842
0.05217423480	-0.00193218079	0.02334016965
0.05217444631	-0.00192646103	0.02336376753
0.05217467985	-0.00192012562	0.02338814243
0.05217492153	-0.00191354732	0.02341278563
0.05217518364	-0.00190638716	0.02343820493
0.05217546144	-0.00189876897	0.02346423491
0.05217575254	-0.00189075293	0.02349081084
0.05217605773	-0.00188231240	0.02351799789
0.05217638033	-0.00187334883	0.02354596386
0.05217671765	-0.00186393005	0.02357462655
0.05217706967	-0.00185404973	0.02360401987
0.05217743635	-0.00184370170	0.02363417818
0.05217781761	-0.00183287999	0.02366513627
0.05217821340	-0.00182157804	0.02369692878
0.05217862361	-0.00180978953	0.02372959076
0.05217904518	-0.00179759393	0.02376302460
0.05217948234	-0.00178485943	0.02379747479
0.05217993404	-0.00177160485	0.02383293004
0.05218039685	-0.00175792058	0.02386926858
0.05218087248	-0.00174374522	0.02390662532
0.05218136228	-0.00172902577	0.02394511900
0.05218186150	-0.00171389328	0.02398454613
0.05218237454	-0.00169820136	0.02402520054
0.05218289888	-0.00168201191	0.02406699269
0.05218343174	-0.00166539837	0.02410982068
0.05218397754	-0.00164820739	0.02415400320
0.05218453305	-0.00163052461	0.02419939805
0.05218509788	-0.00161234600	0.02424604501
0.05218567164	-0.00159366741	0.02429398325
0.05218625391	-0.00157448487	0.02434325141
0.05218684425	-0.00155479491	0.02439388768
0.05218744217	-0.00153459435	0.02444592963
0.05218804717	-0.00151388009	0.02449941402
0.05218865870	-0.00149264958	0.02455437695
0.05218927621	-0.00147090073	0.02461085374
0.05218989804	-0.00144866913	0.02466880255
0.05219052388	-0.00142594415	0.02472828796
0.05219115475	-0.00140266370	0.02478949178
0.05219178633	-0.00137896339	0.02485212308
0.05219242193	-0.00135469311	0.02491660700
0.05219305657	-0.00133001728	0.02498256001
0.05219369312	-0.00130479824	0.02505040350
0.05219432799	-0.00127915023	0.02511987103
0.05219496106	-0.00125305216	0.02519109030
0.05219559195	-0.00122649114	0.02526415605
0.05219621904	-0.00119950720	0.02533901100
0.05219684131	-0.00117211644	0.02541568221
0.05219745765	-0.00114434031	0.02549418462
0.05219806708	-0.00111619569	0.02557455295
0.05219866874	-0.00108769578	0.02565683320
0.05219926142	-0.00105887078	0.02574101309
0.05219984390	-0.00102975586	0.02582707861
0.05220041532	-0.00100037029	0.02591507811
0.05220097471	-0.00097074190	0.02600502187
0.05220152106	-0.00094090346	0.02609690834
0.05220205344	-0.00091088796	0.02619073979
0.05220257097	-0.00088072951	0.02628651305
0.05220307235	-0.00085049233	0.02638411571
0.05220355753	-0.00082017159	0.02648375362
0.05220402555	-0.00078982051	0.02658530986
0.05220447543	-0.00075950332	0.02668866063
0.05220490706	-0.00072923147	0.02679396852
0.05220531989	-0.00069905270	0.02690114291
0.05220571324	-0.00066903281	0.02701003553
0.05220608728	-0.00063917973	0.02712085220
0.05220644144	-0.00060956706	0.02723331233
0.05220677588	-0.00058021738	0.02734756455
0.05220709047	-0.00055118476	0.02746344966
0.05220738535	-0.00052250875	0.02758095644
0.05220766073	-0.00049422822	0.02770005813
0.05220791682	-0.00046639174	0.02782061580
0.05220815409	-0.00043902922	0.02794269915
0.05220837288	-0.00041219114	0.02806606429
0.05220857380	-0.00038590393	0.02819086063
0.05220875737	-0.00036021332	0.02831676918
0.05220892430	-0.00033514695	0.02844395529
0.05220907528	-0.00031073912	0.02857215428
0.05220921105	-0.00028702117	0.02870138054
0.05220933245	-0.00026401677	0.02883155269
0.05220944028	-0.00024175630	0.02896246447
0.05220953537	-0.00022026560	0.02909420188
0.05220961863	-0.00019955661	0.02922656871
0.05220969091	-0.00017965294	0.02935942251
0.05220975307	-0.00016057527	0.02949279680
0.05220980600	-0.00014232810	0.02962652265
0.05220985055	-0.00012492329	0.02976050319
0.05220988753	-0.00010836989	0.02989461403
0.05220991774	-0.00009267792	0.03002881364
0.05220994197	-0.00007784543	0.03016298380
0.05220996093	-0.00006387143	0.03029701993
0.05220997533	-0.00005075449	0.03043082606
0.05220998581	-0.00003848904	0.03056430726
0.05220999298	-0.00002706762	0.03069736995
0.05220999740	-0.00001648034	0.03082992213
0.05220999957	-0.00000671521	0.03096183752
0.05220999995	0.00000223384	0.03109308752
0.05220999897	0.00001038933	0.03122356656
0.05220999698	0.00001777078	0.03135317291
0.05220999430	0.00002439777	0.03148179464
0.05220999122	0.00003027638	0.03160945233
0.05220998796	0.00003545115	0.03173593629
0.05220998474	0.00003991873	0.03186131661
0.05220998169	0.00004373056	0.03198537585
0.05220997895	0.00004688366	0.03210817777
0.05220997661	0.00004942137	0.03222959926
0.05220997473	0.00005137013	0.03234955812
0.05220997336	0.00005274580	0.03246803742
0.05220997251	0.00005357785	0.03258498371
0.05220997218	0.00005389639	0.03270033704
0.05220997236	0.00005372735	0.03281405448
0.05220997300	0.00005309711	0.03292609676
0.05220997407	0.00005203238	0.03303642820
0.05220997552	0.00005056206	0.03314499556
0.05220997728	0.00004870520	0.03325179085
0.05220997930	0.00004648740	0.03335680159
0.05220998151	0.00004394208	0.03345997409
0.05220998383	0.00004109186	0.03356128125
0.05220998621	0.00003794843	0.03366076237
0.05220998856	0.00003455611	0.03375832087
0.05220999085	0.00003091357	0.03385402807
0.05220999299	0.00002705877	0.03394783570
0.05220999493	0.00002301422	0.03403971231
0.05220999662	0.00001878261	0.03412971980
0.05220999801	0.00001439749	0.03421782178
0.05220999907	0.00000987560	0.03430402283
0.05220999974	0.00000523316	0.03438832988
0.05221000000	0.00000048578	0.03447075204
0.05220999982	-0.00000435118	0.03455130054
0.05220999918	-0.00000926286	0.03462998859
0.05220999806	-0.00001423489	0.03470683129
0.05220999645	-0.00001925370	0.03478184540
0.05220999434	-0.00002430588	0.03485504940
0.05220999174	-0.00002937380	0.03492642963
0.05220998863	-0.00003446246	0.03499605719
0.05220998502	-0.00003955379	0.03506394752
0.05220998093	-0.00004462343	0.03513005587
0.05220997635	-0.00004969418	0.03519451372
0.05220997132	-0.00005472520	0.03525724218
0.05220996582	-0.00005973765	0.03531836253
0.05220995992	-0.00006469371	0.03537779249
0.05220995358	-0.00006962239	0.03543567249
0.05220994686	-0.00007449190	0.03549196253
0.05220993978	-0.00007929976	0.03554667941
0.05220993233	-0.00008405784	0.03559990907
0.05220992457	-0.00008874763	0.03565164625
0.05220991652	-0.00009336667	0.03570192083
0.05220990819	-0.00009791120	0.03575075365
0.05220989961	-0.00010238366	0.03579818790
0.05220989080	-0.00010678210	0.03584426016
0.05220988179	-0.00011110059	0.03588899093
0.05220987260	-0.00011533757	0.03593241057
0.05220986326	-0.00011949191	0.03597454930
0.05220985379	-0.00012356237	0.03601543729
0.05220984420	-0.00012754808	0.03605510449
0.05220983453	-0.00013144584	0.03609356690
0.05220982479	-0.00013526096	0.03613086962
0.05220981499	-0.00013899310	0.03616704639
0.05220980515	-0.00014263905	0.03620211983
0.05220979531	-0.00014619848	0.03623611860
0.05220978548	-0.00014966813	0.03626905367
0.05220977567	-0.00015305203	0.03630095443
0.05220976586	-0.00015636087	0.03633189091
0.05220975611	-0.00015958374	0.03636186353
0.05220974639	-0.00016273114	0.03639095775
0.05220974074	-0.00016453674	0.03640582805
0.05220974014	-0.00016472399	0.03642080640
0.05220974465	-0.00016329071	0.03643571720
0.05220975406	-0.00016025370	0.03645038562
0.05220976799	-0.00015564856	0.03646463969
0.05220978587	-0.00014952929	0.03647831230
0.05220980698	-0.00014196762	0.03649124315
0.05220983046	-0.00013305221	0.03650328063
0.05220985538	-0.00012288758	0.03651428362
0.05220988074	-0.00011159290	0.03652412312
0.05220990557	-0.00009930060	0.03653268377
0.05220992892	-0.00008615478	0.03653986520
0.05220994993	-0.00007230956	0.03654558321
0.05220996786	-0.00005792728	0.03654977077
0.05220998215	-0.00004317654	0.03655237879
0.05270056984	-0.00176148752	0.02257855081
0.05269846670	-0.00182332332	0.02264342515
0.05269765531	-0.00184662518	0.02267388581
0.05269706323	-0.00186344503	0.02269913086
0.05269657877	-0.00187709519	0.02272155263
0.05269617010	-0.00188853286	0.02274245744
0.05269581573	-0.00189839517	0.02276232475
0.05269549736	-0.00190721197	0.02278126398
0.05269521999	-0.00191486046	0.02279989544
0.05269496897	-0.00192175584	0.02281804638
0.05269474007	-0.00192802206	0.02283581243
0.05269453942	-0.00193349832	0.02285356278
0.05269435935	-0.00193839949	0.02287117075
0.05269419413	-0.00194288581	0.02288855648
0.05269404925	-0.00194681123	0.02290598699
0.05269392360	-0.00195020909	0.02292348934
0.05269381436	-0.00195315859	0.02294102569
0.05269372102	-0.00195567519	0.02295862760
0.05269364320	-0.00195777070	0.02297632439
0.05269358065	-0.00195945349	0.02299414325
0.05269353281	-0.00196073971	0.02301209726
0.05269350040	-0.00196161047	0.02303023915
0.05269348372	-0.00196205839	0.02304860285
0.05269348079	-0.00196213722	0.02306714414
0.05269349309	-0.00196180687	0.02308593624
0.05269352062	-0.00196106728	0.02310499803
0.05269356333	-0.00195991923	0.02312434723
0.05269362137	-0.00195835815	0.02314400596
0.05269369487	-0.00195637945	0.02316399695
0.05269378290	-0.00195400711	0.02318430506
0.05269388152	-0.00195134565	0.02320481253
0.05269400121	-0.00194811095	0.02322591340
0.05269413643	-0.00194445011	0.02324741967
0.05269427933	-0.00194057357	0.02326906953
0.05269444654	-0.00193602798	0.02329149694
0.05269462218	-0.00193124138	0.02331412712
0.05269481848	-0.00192587771	0.02333744594
0.05269502467	-0.00192022782	0.02336106324
0.05269525252	-0.00191396487	0.02338545833
0.05269548844	-0.00190745845	0.02341012374
0.05269574446	-0.00190037251	0.02343556611
0.05269601593	-0.00189282982	0.02346162048
0.05269630053	-0.00188489003	0.02348822233
0.05269659901	-0.00187652679	0.02351543670
0.05269691463	-0.00186764240	0.02354343105
0.05269724477	-0.00185830409	0.02357212343
0.05269758938	-0.00184850563	0.02360154774
0.05269794845	-0.00183824090	0.02363173829
0.05269832188	-0.00182750400	0.02366272983
0.05269870963	-0.00181628842	0.02369455698
0.05269911159	-0.00180458794	0.02372725475
0.05269952477	-0.00179248132	0.02376072586
0.05269995329	-0.00177983794	0.02379521417
0.05270039615	-0.00176667644	0.02383070850
0.05270084997	-0.00175308640	0.02386708746
0.05270131644	-0.00173900700	0.02390448566
0.05270179688	-0.00172438570	0.02394302154
0.05270228662	-0.00170935236	0.02398249227
0.05270278997	-0.00169376191	0.02402319087
0.05270330449	-0.00167767567	0.02406502813
0.05270382743	-0.00166116642	0.02410790251
0.05270436314	-0.00164408217	0.02415213178
0.05270490843	-0.00162650777	0.02419757425
0.05270546294	-0.00160843919	0.02424426962
0.05270602628	-0.00158987229	0.02429225701
0.05270659805	-0.00157080312	0.02434157496
0.05270717779	-0.00155122822	0.02439226161
0.05270776505	-0.00153114440	0.02444435444
0.05270835933	-0.00151054856	0.02449789015
0.05270896009	-0.00148943812	0.02455290475
0.05270956679	-0.00146781100	0.02460943350
0.05271017781	-0.00144570241	0.02466743473
0.05271079283	-0.00142310182	0.02472697283
0.05271141287	-0.00139994768	0.02478822901
0.05271203367	-0.00137637431	0.02485091342
0.05271265850	-0.00135223301	0.02491544966
0.05271328246	-0.00132768662	0.02498145564
0.05271390838	-0.00130259883	0.02504935120
0.05271453272	-0.00127708275	0.02511887092
0.05271515536	-0.00125111756	0.02519014201
0.05271577594	-0.00122469052	0.02526325884
0.05271639286	-0.00119784129	0.02533816436
0.05271700512	-0.00117058587	0.02541488550
0.05271761162	-0.00114294559	0.02549343714
0.05271821142	-0.00111493726	0.02557385379
0.05271880364	-0.00108657405	0.02565618128
0.05271938711	-0.00105788594	0.02574040730
0.05271996063	-0.00102890791	0.02582651785
0.05272052334	-0.00099965918	0.02591456103
0.05272107430	-0.00097016745	0.02600454699
0.05272161250	-0.00094046534	0.02609647413
0.05272213704	-0.00091058567	0.02619034460
0.05272264703	-0.00088056242	0.02628615515
0.05272314121	-0.00085045938	0.02638379372
0.05272361951	-0.00082027201	0.02648346518
0.05272408099	-0.00079005319	0.02658505297
0.05272452468	-0.00075986675	0.02668843368
0.05272495047	-0.00072972430	0.02679376903
0.05272535782	-0.00069967334	0.02690096865
0.05272574604	-0.00066977924	0.02700988471
0.05272611531	-0.00064005018	0.02712072196
0.05272646506	-0.00061055922	0.02723320083
0.05272679543	-0.00058132904	0.02734746909
0.05272710631	-0.00055241341	0.02746336803
0.05272739781	-0.00052385178	0.02758088622
0.05272767014	-0.00049568288	0.02769999680
0.05272792351	-0.00046795505	0.02782056119
0.05272815837	-0.00044069822	0.02794264852
0.05272837505	-0.00041396252	0.02806601569
0.05272857414	-0.00038777452	0.02819081119
0.05272875616	-0.00036217957	0.02831671716
0.05272892178	-0.00033720542	0.02844389789
0.05272907170	-0.00031288614	0.02857208959
0.05272920664	-0.00028925303	0.02870130628
0.05272932740	-0.00026632973	0.02883146660
0.05272943478	-0.00024414645	0.02896236491
0.05272952960	-0.00022272906	0.02909408647
0.05272961274	-0.00020208945	0.02922643565
0.05272968504	-0.00018225113	0.02935927026
0.05272974734	-0.00016323483	0.02949262335
0.05272980051	-0.00014504502	0.02962632640
0.05272984539	-0.00012769356	0.02976028264
0.05272988277	-0.00011118951	0.02989436787
0.05272991344	-0.00009554290	0.03002854042
0.05272993817	-0.00008075183	0.03016268226
0.05272995767	-0.00006681535	0.03029668892
0.05272997262	-0.00005373208	0.03043046455
0.05272998367	-0.00004149651	0.03056391429
0.05272999141	-0.00003010126	0.03069694466
0.05272999638	-0.00001953651	0.03082946375
0.05272999909	-0.00000979037	0.03096134553
0.05272999999	-0.00000085681	0.03109256123
0.05272999950	0.00000728653	0.03122300543
0.05272999796	0.00001465909	0.03135257657
0.05272999571	0.00002128032	0.03148116294
0.05272999301	0.00002715625	0.03160878475
0.05272999009	0.00003233120	0.03173523298
0.05272998716	0.00003680182	0.03186057717
0.05272998435	0.00004061930	0.03198460058
0.05272998182	0.00004378066	0.03210736649
0.05272997965	0.00004632903	0.03222875210
0.05272997789	0.00004829072	0.03234867536
0.05272997660	0.00004968152	0.03246711923
0.05272997579	0.00005053075	0.03258403034
0.05272997546	0.00005086837	0.03269934879
0.05272997561	0.00005072021	0.03281303173
0.05272997619	0.00005011252	0.03292503989
0.05272997717	0.00004907188	0.03303533763
0.05272997849	0.00004762706	0.03314387183
0.05272998011	0.00004579703	0.03325063443
0.05272998197	0.00004360729	0.03335561290
0.05272998399	0.00004109108	0.03345875372
0.05272998611	0.00003827094	0.03356002983
0.05272998828	0.00003515852	0.03365948032
0.05272999041	0.00003179791	0.03375700896
0.05272999247	0.00002818783	0.03385268675
0.05272999437	0.00002436606	0.03394646559
0.05272999607	0.00002035499	0.03403831416
0.05272999752	0.00001615735	0.03412829410
0.05272999868	0.00001180651	0.03421636917
0.05272999949	0.00000731915	0.03430254395
0.05272999993	0.00000271142	0.03438682536
0.05272999996	-0.00000200112	0.03446922251
0.05272999956	-0.00000680319	0.03454974663
0.05272999871	-0.00001167998	0.03462841091
0.05272999738	-0.00001661718	0.03470523044
0.05272999558	-0.00002160127	0.03478022198
0.05272999328	-0.00002661890	0.03485340397
0.05272999050	-0.00003165253	0.03492476292
0.05272998722	-0.00003670710	0.03499436969
0.05272998346	-0.00004176461	0.03506223973
0.05272997923	-0.00004680085	0.03512832858
0.05272997452	-0.00005183845	0.03519276724
0.05272996937	-0.00005683681	0.03525547726
0.05272996377	-0.00006181692	0.03531657950
0.05272995776	-0.00006674121	0.03537599213
0.05272995134	-0.00007163847	0.03543385510
0.05272994454	-0.00007647708	0.03549012867
0.05272993740	-0.00008125459	0.03554482969
0.05272992990	-0.00008598277	0.03559804383
0.05272992209	-0.00009064321	0.03564976599
0.05272991400	-0.00009523344	0.03570002601
0.05272990565	-0.00009974974	0.03574884477
0.05272989706	-0.00010419451	0.03579626540
0.05272988824	-0.00010856580	0.03584232443
0.05272987923	-0.00011285772	0.03588704238
0.05272987004	-0.00011706870	0.03593044961
0.05272986072	-0.00012119761	0.03597257632
0.05272985126	-0.00012524322	0.03601345267
0.05272984170	-0.00012920464	0.03605310860
0.05272983207	-0.00013307871	0.03609156015
0.05272982236	-0.00013687069	0.03612885235
0.05272981260	-0.00014058023	0.03616501891
0.05272980282	-0.00014420414	0.03620008245
0.05272979302	-0.00014774208	0.03623407163
0.05272978325	-0.00015119083	0.03626699749
0.05272977350	-0.00015455438	0.03629888939
0.05272976375	-0.00015784334	0.03632981717
0.05272975407	-0.00016104686	0.03635978135
0.05272974442	-0.00016417538	0.03638886714
0.05272973879	-0.00016597223	0.03640373848
0.05272973823	-0.00016615069	0.03641871692
0.05272974276	-0.00016470866	0.03643362685
0.05272975218	-0.00016166304	0.03644829346
0.05272976612	-0.00015704954	0.03646254481
0.05272978402	-0.00015092225	0.03647621381
0.05272980514	-0.00014335300	0.03648914020
0.05272982864	-0.00013443054	0.03650117243
0.05272985359	-0.00012425946	0.03651216943
0.05272987901	-0.00011295902	0.03652200229
0.05272990392	-0.00010066171	0.03653055570
0.05272992738	-0.00008751169	0.03653772940
0.05272994855	-0.00007366314	0.03654343928
0.05272996668	-0.00005927842	0.03654761839
0.05272998120	-0.00004452618	0.03655021774
0.05322114514	-0.00175277206	0.02257642944
0.05321906510	-0.00181483047	0.02264109116
0.05321826177	-0.00183823684	0.02267147146
0.05321767508	-0.00185514382	0.02269665759
0.05321719480	-0.00186887075	0.02271903210
0.05321678937	-0.00188038017	0.02273989686
0.05321643755	-0.00189031063	0.02275972946
0.05321612135	-0.00189919157	0.02277863845
0.05321584555	-0.00190690379	0.02279724271
0.05321559581	-0.00191386073	0.02281536953
0.05321536792	-0.00192018663	0.02283311415
0.05321516787	-0.00192572294	0.02285084505
0.05321498813	-0.00193068344	0.02286843565
0.05321482307	-0.00193522757	0.02288580618
0.05321467806	-0.00193921098	0.02290322314
0.05321455200	-0.00194266704	0.02292071352
0.05321444212	-0.00194567459	0.02293823953
0.05321434793	-0.00194824918	0.02295583268
0.05321426904	-0.00195040269	0.02297352224
0.05321420520	-0.00195214361	0.02299133534
0.05321415587	-0.00195348805	0.02300928507
0.05321412174	-0.00195441741	0.02302742406
0.05321410312	-0.00195492444	0.02304578622
0.05321409804	-0.00195506253	0.02306432742
0.05321410798	-0.00195479196	0.02308312079
0.05321413293	-0.00195411275	0.02310218517
0.05321417284	-0.00195302569	0.02312153832
0.05321422785	-0.00195152628	0.02314120233
0.05321429809	-0.00194961001	0.02316119993
0.05321438264	-0.00194730068	0.02318151604
0.05321447768	-0.00194470194	0.02320203319
0.05321459342	-0.00194153212	0.02322314462
0.05321472447	-0.00193793705	0.02324466280
0.05321486314	-0.00193412541	0.02326632651
0.05321502569	-0.00192964773	0.02328876838
0.05321519661	-0.00192492839	0.02331141494
0.05321538785	-0.00191963424	0.02333475102
0.05321558887	-0.00191405362	0.02335838741
0.05321581119	-0.00190786254	0.02338280235
0.05321604151	-0.00190142738	0.02340748961
0.05321629160	-0.00189441505	0.02343295468
0.05321655692	-0.00188694721	0.02345903306
0.05321683518	-0.00187908305	0.02348566042
0.05321712714	-0.00187079645	0.02351290171
0.05321743597	-0.00186199058	0.02354092401
0.05321775910	-0.00185273209	0.02356964566
0.05321809651	-0.00184301481	0.02359910051
0.05321844816	-0.00183283268	0.02362932284
0.05321881397	-0.00182217989	0.02366034737
0.05321919389	-0.00181104999	0.02369220868
0.05321958782	-0.00179943680	0.02372494176
0.05321999282	-0.00178741842	0.02375844964
0.05322041293	-0.00177486541	0.02379297557
0.05322084718	-0.00176179621	0.02382850844
0.05322129225	-0.00174829964	0.02386492731
0.05322174978	-0.00173431540	0.02390236643
0.05322222109	-0.00171979142	0.02394094397
0.05322270159	-0.00170485640	0.02398045775
0.05322319551	-0.00168936658	0.02402119997
0.05322370046	-0.00167338269	0.02406308177
0.05322421374	-0.00165697685	0.02410600197
0.05322473960	-0.00163999844	0.02415027741
0.05322527493	-0.00162253148	0.02419576691
0.05322581938	-0.00160457199	0.02424251011
0.05322637257	-0.00158611583	0.02429054604
0.05322693409	-0.00156715906	0.02433991318
0.05322750351	-0.00154769824	0.02439064961
0.05322808038	-0.00152773015	0.02444279272
0.05322866420	-0.00150725170	0.02449637913
0.05322925446	-0.00148626029	0.02455144480
0.05322985061	-0.00146475382	0.02460802490
0.05323045109	-0.00144276717	0.02466607794
0.05323105557	-0.00142028986	0.02472566814
0.05323166503	-0.00139726091	0.02478697608
0.05323227533	-0.00137381333	0.02484971298
0.05323288965	-0.00134979986	0.02491430095
0.05323350320	-0.00132538175	0.02498035931
0.05323411873	-0.00130042401	0.02504830636
0.05323473280	-0.00127503866	0.02511787768
0.05323534527	-0.00124920513	0.02518920002
0.05323595579	-0.00122291082	0.02526236738
0.05323656279	-0.00119619503	0.02533732292
0.05323716528	-0.00116907369	0.02541409347
0.05323776219	-0.00114156798	0.02549269380
0.05323835257	-0.00111369465	0.02557315828
0.05323893558	-0.00108546682	0.02565553251
0.05323951007	-0.00105691429	0.02573980419
0.05324007483	-0.00102807181	0.02582595932
0.05324062905	-0.00099895858	0.02591404574
0.05324117177	-0.00096960217	0.02600407350
0.05324170202	-0.00094003503	0.02609604090
0.05324221889	-0.00091028984	0.02618995002
0.05324272152	-0.00088040042	0.02628579752
0.05324320866	-0.00085043015	0.02638347167
0.05324368024	-0.00082037479	0.02648317638
0.05324413533	-0.00079028686	0.02658479545
0.05324457297	-0.00076022980	0.02668820585
0.05324499306	-0.00073021540	0.02679356845
0.05324539504	-0.00070029087	0.02690079310
0.05324577825	-0.00067052121	0.02700973244
0.05324614285	-0.00064091484	0.02712059015
0.05324648828	-0.00061154425	0.02723308766
0.05324681467	-0.00058243226	0.02734737189
0.05324712191	-0.00055363232	0.02746328461
0.05324741010	-0.00052518375	0.02758081421
0.05324767945	-0.00049712521	0.02769993369
0.05324793015	-0.00046950478	0.02782050484
0.05324816264	-0.00044235239	0.02794259623
0.05324837724	-0.00041571788	0.02806596555
0.05324857454	-0.00038962787	0.02819076035
0.05324875502	-0.00036412742	0.02831666389
0.05324891936	-0.00033924434	0.02844383944
0.05324906823	-0.00031501250	0.02857202408
0.05324920233	-0.00029146315	0.02870123143
0.05324932247	-0.00026861988	0.02883138021
0.05324942940	-0.00024651276	0.02896226534
0.05324952394	-0.00022516769	0.02909397138
0.05324960695	-0.00020459648	0.02922630324
0.05324967925	-0.00018482260	0.02935911903
0.05324974167	-0.00016586675	0.02949245131
0.05324979507	-0.00014773344	0.02962613197
0.05324984025	-0.00013043451	0.02976006433
0.05324987802	-0.00011397901	0.02989412440
0.05324990913	-0.00009837700	0.03002827034
0.05324993433	-0.00008362661	0.03016238433
0.05324995435	-0.00006972695	0.03029636201
0.05324996984	-0.00005667670	0.03043010762
0.05324998143	-0.00004447039	0.03056352642
0.05324998971	-0.00003310072	0.03069652499
0.05324999522	-0.00002255795	0.03082901152
0.05324999845	-0.00001283027	0.03096086022
0.05324999986	-0.00000391172	0.03109204214
0.05324999983	0.00000421994	0.03122245204
0.05324999874	0.00001158403	0.03135198851
0.05324999689	0.00001819989	0.03148054006
0.05324999456	0.00002407351	0.03160812655
0.05324999197	0.00002924898	0.03173453960
0.05324998932	0.00003372295	0.03185984821
0.05324998676	0.00003754635	0.03198383635
0.05324998443	0.00004071623	0.03210656678
0.05324998242	0.00004327549	0.03222791705
0.05324998077	0.00004525032	0.03234780525
0.05324997956	0.00004665642	0.03246621425
0.05324997879	0.00004752298	0.03258309068
0.05324997847	0.00004787983	0.03269837480
0.05324997859	0.00004775267	0.03281202375
0.05324997911	0.00004716761	0.03292399831
0.05324998000	0.00004615114	0.03303426285
0.05324998121	0.00004473189	0.03314276439
0.05324998270	0.00004292873	0.03324949479
0.05324998439	0.00004076707	0.03335444147
0.05324998624	0.00003827998	0.03345755109
0.05324998817	0.00003548992	0.03355879662
0.05324999014	0.00003240849	0.03365821692
0.05324999206	0.00002907957	0.03375571617
0.05324999389	0.00002550191	0.03385136498
0.05324999557	0.00002171313	0.03394511546
0.05324999705	0.00001773548	0.03403693642
0.05324999827	0.00001357174	0.03412688922
0.05324999920	0.00000925511	0.03421493778
0.05324999978	0.00000480219	0.03430108668
0.05325000000	0.00000022909	0.03438534285
0.05324999981	-0.00000444871	0.03446771536
0.05324999920	-0.00000921599	0.03454821546
0.05324999814	-0.00001405800	0.03462685633
0.05324999662	-0.00001896048	0.03470365303
0.05324999463	-0.00002390997	0.03477862234
0.05324999216	-0.00002889317	0.03485178267
0.05324998921	-0.00003389262	0.03492312066
0.05324998578	-0.00003891322	0.03499270694
0.05324998187	-0.00004393704	0.03506055700
0.05324997751	-0.00004894001	0.03512662664
0.05324997268	-0.00005394459	0.03519104641
0.05324996741	-0.00005891041	0.03525373826
0.05324996171	-0.00006385832	0.03531482267
0.05324995562	-0.00006875096	0.03537421823
0.05324994911	-0.00007361692	0.03543206442
0.05324994225	-0.00007842477	0.03548832178
0.05324993505	-0.00008317205	0.03554300717
0.05324992750	-0.00008787046	0.03559620604
0.05324991966	-0.00009250167	0.03564791340
0.05324991154	-0.00009706323	0.03569815908
0.05324990317	-0.00010155142	0.03574696400
0.05324989456	-0.00010596862	0.03579437121
0.05324988574	-0.00011031290	0.03584041720
0.05324987673	-0.00011457836	0.03588512253
0.05324986756	-0.00011876346	0.03592851754
0.05324985825	-0.00012286706	0.03597063241
0.05324984882	-0.00012688793	0.03601149730
0.05324983929	-0.00013082518	0.03605114212
0.05324982969	-0.00013467567	0.03608958299
0.05324982003	-0.00013844462	0.03612686483
0.05324981032	-0.00014213166	0.03616302133
0.05324980058	-0.00014573364	0.03619807513
0.05324979084	-0.00014925021	0.03623205487
0.05324978112	-0.00015267815	0.03626497165
0.05324977143	-0.00015602144	0.03629685483
0.05324976175	-0.00015929062	0.03632777404
0.05324975213	-0.00016247489	0.03635772992
0.05324974255	-0.00016558461	0.03638680739
0.05324973696	-0.00016737276	0.03640167976
0.05324973643	-0.00016754245	0.03641665828
0.05324974097	-0.00016609170	0.03643156734
0.05324975041	-0.00016303750	0.03644623215
0.05324976436	-0.00015841567	0.03646048078
0.05324978226	-0.00015228038	0.03647414617
0.05324980339	-0.00014470358	0.03648706811
0.05324982690	-0.00013577409	0.03649909510
0.05324985188	-0.00012559660	0.03651008614
0.05324987735	-0.00011429042	0.03651991237
0.05324990233	-0.00010198812	0.03652845857
0.05324992590	-0.00008883392	0.03653562457
0.05324994721	-0.00007498205	0.03654132633
0.05324996552	-0.00006059491	0.03654549702
0.05324998027	-0.00004584117	0.03654808773
0.05374170515	-0.00174414095	0.02257433880
0.05373964784	-0.00180641923	0.02263878907
0.05373885243	-0.00182992886	0.02266908940
0.05373827108	-0.00184692199	0.02269421687
0.05373779492	-0.00186072482	0.02271654427
0.05373739269	-0.00187230518	0.02273736913
0.05373704342	-0.00188230305	0.02275716710
0.05373672937	-0.00189124744	0.02277604592
0.05373645516	-0.00189902270	0.02279462304
0.05373620669	-0.00190604057	0.02281272576
0.05373597983	-0.00191242552	0.02283044897
0.05373578039	-0.00191802126	0.02284816040
0.05373560100	-0.00192304047	0.02286573362
0.05373543614	-0.00192764184	0.02288308890
0.05373529103	-0.00193168265	0.02290049225
0.05373516460	-0.00193519634	0.02291797060
0.05373505414	-0.00193826136	0.02293548619
0.05373495913	-0.00194089336	0.02295307050
0.05373487923	-0.00194310432	0.02297075272
0.05373481416	-0.00194490279	0.02298855995
0.05373476340	-0.00194630491	0.02300650527
0.05373472762	-0.00194729231	0.02302464123
0.05373470712	-0.00194785790	0.02304300170
0.05373469999	-0.00194805468	0.02306154265
0.05373470765	-0.00194784335	0.02308033711
0.05373473010	-0.00194722395	0.02309940391
0.05373476729	-0.00194619733	0.02311876081
0.05373481937	-0.00194475904	0.02313842989
0.05373488645	-0.00194290464	0.02315843387
0.05373496764	-0.00194065775	0.02317875775
0.05373505919	-0.00193812118	0.02319928433
0.05373517111	-0.00193501566	0.02322040607
0.05373529811	-0.00193148578	0.02324193589
0.05373543267	-0.00192773847	0.02326361317
0.05373559071	-0.00192332811	0.02328606919
0.05373575704	-0.00191867545	0.02330873184
0.05373594336	-0.00191345021	0.02333208486
0.05373613934	-0.00190793828	0.02335574001
0.05373635628	-0.00190181843	0.02338017445
0.05373658116	-0.00189545394	0.02340488321
0.05373682548	-0.00188851458	0.02343037060
0.05373708481	-0.00188112097	0.02345647260
0.05373735691	-0.00187333180	0.02348312509
0.05373764251	-0.00186512119	0.02351039289
0.05373794474	-0.00185639318	0.02353844273
0.05373826105	-0.00184721383	0.02356719321
0.05373859145	-0.00183757705	0.02359667816
0.05373893587	-0.00182747684	0.02362693182
0.05373929426	-0.00181690745	0.02365798888
0.05373966655	-0.00180586249	0.02368988388
0.05374005265	-0.00179433587	0.02372265178
0.05374044969	-0.00178240499	0.02375619594
0.05374086161	-0.00176994159	0.02379075897
0.05374128746	-0.00175696392	0.02382632988
0.05374172400	-0.00174356001	0.02386278813
0.05374217284	-0.00172967013	0.02390026763
0.05374263524	-0.00171524266	0.02393888628
0.05374310674	-0.00170040513	0.02397844257
0.05374359147	-0.00168501508	0.02401922785
0.05374408708	-0.00166913266	0.02406115362
0.05374459094	-0.00165282935	0.02410411907
0.05374510720	-0.00163595587	0.02414844010
0.05374563283	-0.00161859544	0.02419397604
0.05374616748	-0.00160074410	0.02424076648
0.05374671076	-0.00158239772	0.02428885035
0.05374726229	-0.00156355238	0.02433826609
0.05374782165	-0.00154420463	0.02438905169
0.05374838838	-0.00152435126	0.02444124447
0.05374896200	-0.00150398917	0.02449488099
0.05374954202	-0.00148311574	0.02454999712
0.05375012790	-0.00146172885	0.02460662795
0.05375071808	-0.00143986304	0.02466473220
0.05375131228	-0.00141750792	0.02472437388
0.05375191143	-0.00139460302	0.02478573298
0.05375251148	-0.00137128012	0.02484852179
0.05375311555	-0.00134739330	0.02491316089
0.05375371894	-0.00132310230	0.02497927103
0.05375432435	-0.00129827341	0.02504726899
0.05375492839	-0.00127301758	0.02511689135
0.05375553094	-0.00124731449	0.02518826436
0.05375613164	-0.00122115166	0.02526148170
0.05375672895	-0.00119456807	0.02533648672
0.05375732190	-0.00116757953	0.02541330614
0.05375790944	-0.00114020710	0.02549195464
0.05375849064	-0.00111246747	0.02557246644
0.05375906466	-0.00108437372	0.02565488691
0.05375963038	-0.00105595545	0.02573920378
0.05376018660	-0.00102724720	0.02582540303
0.05376073252	-0.00099826814	0.02591353226
0.05376126720	-0.00096904570	0.02600360139
0.05376178967	-0.00093961217	0.02609560868
0.05376229906	-0.00091000011	0.02618955607
0.05376279450	-0.00088024316	0.02628544016
0.05376327476	-0.00085040430	0.02638314958
0.05376373976	-0.00082047959	0.02648288724
0.05376418860	-0.00079052120	0.02658453732
0.05376462033	-0.00076059216	0.02668797715
0.05376503484	-0.00073070445	0.02679336679
0.05376543157	-0.00070090501	0.02690061629
0.05376580988	-0.00067125846	0.02700957874
0.05376616991	-0.00064177343	0.02712045677
0.05376651111	-0.00061252190	0.02723297282
0.05376683361	-0.00058352678	0.02734727296
0.05376713728	-0.00055484123	0.02746319941
0.05376742223	-0.00052650447	0.02758074041
0.05376768865	-0.00049855502	0.02769986881
0.05376793673	-0.00047104074	0.02782044678
0.05376816690	-0.00044399157	0.02794254230
0.05376837946	-0.00041745704	0.02806591387
0.05376857499	-0.00039146386	0.02819070812
0.05376875396	-0.00036605676	0.02831660939
0.05376891704	-0.00034126363	0.02844377995
0.05376906486	-0.00031711813	0.02857195774
0.05376919814	-0.00029365147	0.02870115601
0.05376931765	-0.00027088720	0.02883129351
0.05376942413	-0.00024885523	0.02896216575
0.05376951838	-0.00022758149	0.02909385661
0.05376960125	-0.00020707775	0.02922617149
0.05376967355	-0.00018736739	0.02935896882
0.05376973607	-0.00016847113	0.02949228067
0.05376978968	-0.00015039347	0.02962593934
0.05376983515	-0.00013314626	0.02975984824
0.05376987328	-0.00011673854	0.02989388358
0.05376990480	-0.00010118039	0.03002800337
0.05376993047	-0.00008646999	0.03016208997
0.05376995098	-0.00007260649	0.03029603916
0.05376996698	-0.00005958862	0.03042975525
0.05376997910	-0.00004741098	0.03056314360
0.05376998790	-0.00003606632	0.03069611088
0.05376999393	-0.00002554501	0.03082856536
0.05376999767	-0.00001583530	0.03096038151
0.05376999955	-0.00000693129	0.03109153019
0.05376999999	0.00000118912	0.03122190633
0.05376999932	0.00000854514	0.03135140868
0.05376999786	0.00001515600	0.03147992596
0.05376999589	0.00002102764	0.03160747766
0.05376999361	0.00002620393	0.03173385608
0.05376999125	0.00003068153	0.03185912964
0.05376998892	0.00003451111	0.03198308305
0.05376998679	0.00003768973	0.03210577856
0.05376998493	0.00004026007	0.03222709403
0.05376998340	0.00004224821	0.03234694771
0.05376998227	0.00004366977	0.03246532234
0.05376998154	0.00004455380	0.03258216465
0.05376998123	0.00004492998	0.03269741494
0.05376998132	0.00004482389	0.03281103042
0.05376998178	0.00004426155	0.03292297188
0.05376998259	0.00004326929	0.03303320373
0.05376998369	0.00004187563	0.03314167310
0.05376998505	0.00004009936	0.03324837178
0.05376998660	0.00003796578	0.03335328716
0.05376998828	0.00003550780	0.03345636604
0.05376999003	0.00003274779	0.03355758145
0.05376999180	0.00002969731	0.03365697203
0.05376999352	0.00002640003	0.03375444231
0.05376999514	0.00002285473	0.03385006259
0.05376999661	0.00001909885	0.03394378515
0.05376999786	0.00001515456	0.03403557891
0.05376999887	0.00001102462	0.03412550497
0.05376999958	0.00000674209	0.03421352742
0.05376999995	0.00000232352	0.03429965084
0.05376999995	-0.00000221507	0.03438388213
0.05376999956	-0.00000685825	0.03446623039
0.05376999875	-0.00001159086	0.03454670683
0.05376999750	-0.00001639821	0.03462532464
0.05376999579	-0.00002126610	0.03470209887
0.05376999363	-0.00002618113	0.03477704627
0.05376999099	-0.00003113003	0.03485018526
0.05376998788	-0.00003609545	0.03492150261
0.05376998431	-0.00004108221	0.03499106872
0.05376998026	-0.00004607249	0.03505889910
0.05376997577	-0.00005104233	0.03512494982
0.05376997082	-0.00005601404	0.03518935097
0.05376996546	-0.00006094748	0.03525202494
0.05376995966	-0.00006586333	0.03531309178
0.05376995349	-0.00007072446	0.03537247054
0.05376994691	-0.00007555928	0.03543030021
0.05376993999	-0.00008033651	0.03548654159
0.05376993273	-0.00008505371	0.03554121159
0.05376992514	-0.00008972249	0.03559439542
0.05376991727	-0.00009432461	0.03564608820
0.05376990912	-0.00009885763	0.03569631977
0.05376990074	-0.00010331786	0.03574511105
0.05376989212	-0.00010770763	0.03579250505
0.05376988330	-0.00011202502	0.03583853820
0.05376987430	-0.00011626417	0.03588323111
0.05376986515	-0.00012042351	0.03592661407
0.05376985586	-0.00012450194	0.03596871729
0.05376984646	-0.00012849819	0.03600957089
0.05376983696	-0.00013241140	0.03604920478
0.05376982740	-0.00013623842	0.03608763512
0.05376981778	-0.00013998446	0.03612490676
0.05376980812	-0.00014364914	0.03616105336
0.05376979843	-0.00014722930	0.03619609756
0.05376978875	-0.00015072460	0.03623006800
0.05376977909	-0.00015413185	0.03626297584
0.05376976946	-0.00015745499	0.03629485043
0.05376975985	-0.00016070449	0.03632576121
0.05376975029	-0.00016386962	0.03635570890
0.05376974079	-0.00016696064	0.03638477819
0.05376973523	-0.00016874012	0.03639965158
0.05376973473	-0.00016890108	0.03641463017
0.05376973929	-0.00016744164	0.03642953837
0.05376974874	-0.00016437889	0.03644420138
0.05376976270	-0.00015974876	0.03645844729
0.05376978060	-0.00015360552	0.03647210909
0.05376980173	-0.00014602120	0.03648502659
0.05376982525	-0.00013708471	0.03649704836
0.05376985025	-0.00012690082	0.03650803345
0.05376987576	-0.00011558894	0.03651785307
0.05376990081	-0.00010328167	0.03652639209
0.05376992447	-0.00009012332	0.03653355040
0.05376994591	-0.00007626814	0.03653924409
0.05376996440	-0.00006187859	0.03654340638
0.05376997935	-0.00004712336	0.03654598849
0.05427226069	-0.00173543079	0.02257223935
0.05427022615	-0.00179793034	0.02263647535
0.05426943871	-0.00182154396	0.02266669457
0.05426886273	-0.00183862386	0.02269176251
0.05426839073	-0.00185250316	0.02271404211
0.05426799173	-0.00186415500	0.02273482643
0.05426764502	-0.00187422081	0.02275458923
0.05426733316	-0.00188322914	0.02277343738
0.05426706056	-0.00189106796	0.02279198688
0.05426681340	-0.00189814725	0.02281006507
0.05426658760	-0.00190459175	0.02282776648
0.05426638881	-0.00191024742	0.02284545806
0.05426620981	-0.00191532584	0.02286301354
0.05426604516	-0.00191998494	0.02288035326
0.05426589999	-0.00192408365	0.02289774270
0.05426577323	-0.00192765548	0.02291520872
0.05426566220	-0.00193077848	0.02293271363
0.05426556643	-0.00193346841	0.02295028883
0.05426548554	-0.00193573734	0.02296796347
0.05426541928	-0.00193759390	0.02298576461
0.05426536712	-0.00193905422	0.02300370531
0.05426532973	-0.00194010020	0.02302183804
0.05426530740	-0.00194072490	0.02304019663
0.05426529824	-0.00194098093	0.02305873718
0.05426530366	-0.00194082939	0.02307753257
0.05426532365	-0.00194027039	0.02309660165
0.05426535817	-0.00193930478	0.02311596217
0.05426540734	-0.00193792821	0.02313563621
0.05426547131	-0.00193613628	0.02315564647
0.05426554918	-0.00193395245	0.02317597803
0.05426563729	-0.00193147866	0.02319651398
0.05426574543	-0.00192843808	0.02321764596
0.05426586842	-0.00192497404	0.02323918737
0.05426599891	-0.00192129171	0.02326087820
0.05426615248	-0.00191694935	0.02328334835
0.05426631426	-0.00191236405	0.02330602707
0.05426649570	-0.00190720842	0.02332939703
0.05426668671	-0.00190176588	0.02335307096
0.05426689832	-0.00189571800	0.02337752492
0.05426711779	-0.00188942490	0.02340225523
0.05426735640	-0.00188255926	0.02342776500
0.05426760979	-0.00187524064	0.02345389068
0.05426787578	-0.00186752723	0.02348056838
0.05426815508	-0.00185939341	0.02350786279
0.05426845075	-0.00185074407	0.02353594027
0.05426876030	-0.00184164469	0.02356471970
0.05426908373	-0.00183208924	0.02359423488
0.05426942099	-0.00182207180	0.02362452000
0.05426977201	-0.00181158668	0.02365560974
0.05427013673	-0.00180062756	0.02368753859
0.05427051506	-0.00178918839	0.02372034149
0.05427090419	-0.00177734595	0.02375392211
0.05427130798	-0.00176497309	0.02378852244
0.05427172549	-0.00175208789	0.02382413159
0.05427215356	-0.00173877762	0.02386062944
0.05427259376	-0.00172498308	0.02389814955
0.05427304733	-0.00171065311	0.02393680954
0.05427350989	-0.00169591408	0.02397640858
0.05427398548	-0.00168062483	0.02401723718
0.05427447182	-0.00166484492	0.02405920718
0.05427496632	-0.00164864520	0.02410221816
0.05427547305	-0.00163187773	0.02414658507
0.05427598904	-0.00161462492	0.02419216774
0.05427651394	-0.00159688282	0.02423900571
0.05427704738	-0.00157864735	0.02428713784
0.05427758899	-0.00155991457	0.02433660250
0.05427813834	-0.00154068103	0.02438743759
0.05427869500	-0.00152094354	0.02443968038
0.05427925849	-0.00150069897	0.02449336734
0.05427982833	-0.00147994471	0.02454853427
0.05428040399	-0.00145867859	0.02460521619
0.05428098395	-0.00143693482	0.02466337201
0.05428156791	-0.00141470310	0.02472306554
0.05428215682	-0.00139192348	0.02478447616
0.05428274669	-0.00136872645	0.02484731724
0.05428334056	-0.00134496753	0.02491200785
0.05428393385	-0.00132080486	0.02497817017
0.05428452919	-0.00129610607	0.02504621942
0.05428512326	-0.00127098101	0.02511589319
0.05428571594	-0.00124540959	0.02518731728
0.05428630687	-0.00121937950	0.02526058497
0.05428689455	-0.00119292934	0.02533563987
0.05428747802	-0.00116607485	0.02541250854
0.05428805624	-0.00113883695	0.02549120561
0.05428862830	-0.00111123226	0.02557176512
0.05428919338	-0.00108327381	0.02565423222
0.05428975036	-0.00105499102	0.02573859466
0.05429029808	-0.00102641822	0.02582483841
0.05429083574	-0.00099757453	0.02591301081
0.05429136241	-0.00096848725	0.02600312169
0.05429187715	-0.00093918853	0.02609516921
0.05429237908	-0.00090971075	0.02618915524
0.05429286736	-0.00088008743	0.02628507627
0.05429334077	-0.00085038111	0.02638282128
0.05429379923	-0.00082058817	0.02648259222
0.05429424185	-0.00079076041	0.02658427363
0.05429466769	-0.00076096046	0.02668774320
0.05429507663	-0.00073120049	0.02679316016
0.05429546813	-0.00070152717	0.02690043480
0.05429584155	-0.00067200471	0.02700942063
0.05429619702	-0.00064264201	0.02712031925
0.05429653400	-0.00061351047	0.02723285408
0.05429685262	-0.00058463314	0.02734717035
0.05429715273	-0.00055606286	0.02746311077
0.05429743444	-0.00052783874	0.02758066336
0.05429769793	-0.00049999920	0.02769980088
0.05429794340	-0.00047259185	0.02782038583
0.05429817123	-0.00044564665	0.02794248565
0.05429838175	-0.00041921280	0.02806585962
0.05429857550	-0.00039331712	0.02819065344
0.05429875296	-0.00036800399	0.02831655256
0.05429891476	-0.00034330140	0.02844371825
0.05429906154	-0.00031924279	0.02857188928
0.05429919398	-0.00029585934	0.02870107854
0.05429931285	-0.00027317453	0.02883120483
0.05429941887	-0.00025121815	0.02896206424
0.05429951282	-0.00023001613	0.02909373993
0.05429959554	-0.00020958020	0.02922603787
0.05429966782	-0.00018993367	0.02935881675
0.05429973044	-0.00017109727	0.02949210818
0.05429978423	-0.00015307549	0.02962574485
0.05429982999	-0.00013588019	0.02975963026
0.05429986846	-0.00011952040	0.02989364084
0.05429990039	-0.00010400622	0.03002773445
0.05429992651	-0.00008933588	0.03016179361
0.05429994750	-0.00007550858	0.03029571424
0.05429996400	-0.00006252308	0.03042940075
0.05429997663	-0.00005037407	0.03056275858
0.05429998596	-0.00003905437	0.03069569449
0.05429999249	-0.00002855440	0.03082811685
0.05429999672	-0.00001886253	0.03095990035
0.05429999908	-0.00000997290	0.03109101569
0.05429999997	-0.00000186354	0.03122135797
0.05429999972	0.00000548463	0.03135082609
0.05429999865	0.00001209074	0.03147930899
0.05429999703	0.00001796068	0.03160682580
0.05429999507	0.00002313811	0.03173316947
0.05429999298	0.00002761965	0.03185840789
0.05429999089	0.00003145576	0.03198232645
0.05429998895	0.00003464349	0.03210498691
0.05429998724	0.00003722532	0.03222626746
0.05429998583	0.00003922717	0.03234608650
0.05429998477	0.00004066461	0.03246442666
0.05429998409	0.00004156654	0.03258123471
0.05429998379	0.00004196251	0.03269645106
0.05429998385	0.00004187797	0.03281003294
0.05429998426	0.00004133881	0.03292194119
0.05429998499	0.00004037126	0.03303214024
0.05429998599	0.00003900368	0.03314057732
0.05429998722	0.00003725481	0.03324724417
0.05429998862	0.00003514982	0.03335212813
0.05429999014	0.00003272148	0.03345517616
0.05429999172	0.00002999204	0.03355636135
0.05429999330	0.00002697304	0.03365572210
0.05429999482	0.00002370793	0.03375316331
0.05429999624	0.00002019552	0.03384875495
0.05429999750	0.00001647307	0.03394244948
0.05429999855	0.00001256266	0.03403421594
0.05429999934	0.00000846706	0.03412411518
0.05429999984	0.00000421917	0.03421211142
0.05430000000	-0.00000016453	0.03429820926
0.05429999980	-0.00000466808	0.03438241559
0.05429999921	-0.00000927612	0.03446473950
0.05429999820	-0.00001397354	0.03454519220
0.05429999676	-0.00001874572	0.03462378687
0.05429999488	-0.00002357852	0.03470053854
0.05429999254	-0.00002845857	0.03477546396
0.05429998974	-0.00003337268	0.03484858153
0.05429998649	-0.00003830357	0.03491987816
0.05429998277	-0.00004325602	0.03498942403
0.05429997860	-0.00004821228	0.03505723466
0.05429997399	-0.00005314852	0.03512326639
0.05429996893	-0.00005808689	0.03518764886
0.05429996347	-0.00006298748	0.03525030489
0.05429995758	-0.00006787083	0.03531135409
0.05429995133	-0.00007270002	0.03537071599
0.05429994469	-0.00007750325	0.03542852907
0.05429993771	-0.00008224944	0.03548475442
0.05429993041	-0.00008693615	0.03553940899
0.05429992278	-0.00009157489	0.03559257771
0.05429991488	-0.00009614753	0.03564425587
0.05429990671	-0.00010065163	0.03569447327
0.05429989832	-0.00010508351	0.03574325087
0.05429988970	-0.00010944548	0.03579063161
0.05429988089	-0.00011373561	0.03583665187
0.05429987190	-0.00011794809	0.03588133230
0.05429986276	-0.00012208134	0.03592470319
0.05429985350	-0.00012613424	0.03596679471
0.05429984413	-0.00013010555	0.03600763698
0.05429983467	-0.00013399440	0.03604725991
0.05429982515	-0.00013779765	0.03608567968
0.05429981558	-0.00014152047	0.03612294109
0.05429980597	-0.00014516247	0.03615907774
0.05429979634	-0.00014872053	0.03619411231
0.05429978671	-0.00015219428	0.03622807342
0.05429977711	-0.00015558056	0.03626097230
0.05429976755	-0.00015888329	0.03629283827
0.05429975801	-0.00016211286	0.03632374057
0.05429974852	-0.00016525859	0.03635368006
0.05429973909	-0.00016833066	0.03638274112
0.05429973357	-0.00017010134	0.03639761554
0.05429973309	-0.00017025345	0.03641259422
0.05429973767	-0.00016878518	0.03642750153
0.05429974714	-0.00016571377	0.03644216270
0.05429976109	-0.00016107522	0.03645640585
0.05429977899	-0.00015492391	0.03647006399
0.05429980012	-0.00014733196	0.03648297699
0.05429982365	-0.00013838837	0.03649499346
0.05429984867	-0.00012819801	0.03650597251
0.05429987421	-0.00011688033	0.03651578542
0.05429989931	-0.00010456803	0.03652431715
0.05429992307	-0.00009140546	0.03653146767
0.05429994463	-0.00007754694	0.03653715315
0.05429996327	-0.00006315495	0.03654130693
0.05429997843	-0.00004839821	0.03654388030
0.05479279128	-0.00172696938	0.02257020982
0.05479077873	-0.00178968327	0.02263423684
0.05478999899	-0.00181339768	0.02266437689
0.05478942821	-0.00183056172	0.02268938669
0.05478896024	-0.00184451517	0.02271161958
0.05478856438	-0.00185623635	0.02273236428
0.05478822018	-0.00186636806	0.02275209268
0.05478791044	-0.00187543844	0.02277091082
0.05478763943	-0.00188333892	0.02278943328
0.05478739356	-0.00189047783	0.02280748744
0.05478716881	-0.00189698012	0.02282516748
0.05478697067	-0.00190269396	0.02284283959
0.05478679207	-0.00190782987	0.02286037766
0.05478662767	-0.00191254501	0.02287770209
0.05478648247	-0.00191669995	0.02289507783
0.05478635541	-0.00192032823	0.02291253170
0.05478624388	-0.00192350754	0.02293002606
0.05478614740	-0.00192625373	0.02294759225
0.05478606559	-0.00192857896	0.02296525935
0.05478599822	-0.00193049195	0.02298305442
0.05478594475	-0.00193200881	0.02300099046
0.05478590584	-0.00193311171	0.02301911990
0.05478588177	-0.00193379383	0.02303747651
0.05478587070	-0.00193410744	0.02305601650
0.05478587400	-0.00193401402	0.02307481264
0.05478589166	-0.00193351370	0.02309388379
0.05478592364	-0.00193260740	0.02311324766
0.05478597006	-0.00193129080	0.02313292636
0.05478603106	-0.00192955960	0.02315294257
0.05478610578	-0.00192743706	0.02317328144
0.05478619061	-0.00192502430	0.02319382635
0.05478629515	-0.00192204686	0.02321496812
0.05478641432	-0.00191864681	0.02323652063
0.05478654095	-0.00191502767	0.02325822448
0.05478669025	-0.00191075142	0.02328070819
0.05478684770	-0.00190623162	0.02330340239
0.05478702449	-0.00190114368	0.02332678866
0.05478721075	-0.00189576861	0.02335048068
0.05478741727	-0.00188979071	0.02337495346
0.05478763159	-0.00188356704	0.02339970455
0.05478786474	-0.00187677310	0.02342523592
0.05478811246	-0.00186952741	0.02345138446
0.05478837262	-0.00186188769	0.02347808650
0.05478864590	-0.00185382855	0.02350540662
0.05478893530	-0.00184525572	0.02353351080
0.05478923840	-0.00183623411	0.02356231821
0.05478955517	-0.00182675777	0.02359186260
0.05478988558	-0.00181682083	0.02362217815
0.05479022956	-0.00180641768	0.02365329949
0.05479058705	-0.00179554204	0.02368526108
0.05479095795	-0.00178418794	0.02371809783
0.05479133952	-0.00177243150	0.02375171373
0.05479173554	-0.00176014670	0.02378635015
0.05479214508	-0.00174735144	0.02382199631
0.05479256506	-0.00173413224	0.02385853248
0.05479299699	-0.00172043042	0.02389609191
0.05479344210	-0.00170619528	0.02393479192
0.05479389612	-0.00169155206	0.02397443235
0.05479436298	-0.00167636084	0.02401530290
0.05479484045	-0.00166068063	0.02405731574
0.05479532600	-0.00164458165	0.02410037081
0.05479582361	-0.00162791726	0.02414478214
0.05479633038	-0.00161076910	0.02419041009
0.05479684595	-0.00159313325	0.02423729410
0.05479736999	-0.00157500561	0.02428547299
0.05479790210	-0.00155638228	0.02433498504
0.05479844188	-0.00153725980	0.02438586809
0.05479898890	-0.00151763498	0.02443815933
0.05479954270	-0.00149750467	0.02449189517
0.05480010279	-0.00147686626	0.02454711134
0.05480066867	-0.00145571755	0.02460384279
0.05480123884	-0.00143409243	0.02466204859
0.05480181302	-0.00141198066	0.02472179239
0.05480239212	-0.00138932281	0.02478325296
0.05480297224	-0.00136624816	0.02484614473
0.05480355635	-0.00134261354	0.02491088528
0.05480413997	-0.00131857561	0.02497709819
0.05480472567	-0.00129400325	0.02504519718
0.05480531020	-0.00126900528	0.02511492083
0.05480589342	-0.00124356182	0.02518639445
0.05480647500	-0.00121766071	0.02525971100
0.05480705346	-0.00119134021	0.02533481428
0.05480762784	-0.00116461597	0.02541173074
0.05480819714	-0.00113750878	0.02549047494
0.05480876045	-0.00111003518	0.02557108075
0.05480931696	-0.00108220817	0.02565359311
0.05480986557	-0.00105405699	0.02573799978
0.05481040515	-0.00102561576	0.02582428673
0.05481093489	-0.00099690355	0.02591250106
0.05481145389	-0.00096794755	0.02600265247
0.05481196122	-0.00093877974	0.02609473907
0.05481245600	-0.00090943237	0.02618876263
0.05481293741	-0.00087993880	0.02628471955
0.05481340425	-0.00085036118	0.02638249916
0.05481385644	-0.00082069616	0.02648230245
0.05481429309	-0.00079099521	0.02658401433
0.05481471327	-0.00076132058	0.02668751284
0.05481511687	-0.00073168459	0.02679295639
0.05481550336	-0.00070213368	0.02690025549
0.05481587208	-0.00067273166	0.02700926411
0.05481622318	-0.00064348765	0.02712018279
0.05481655611	-0.00061447255	0.02723273594
0.05481687098	-0.00058570949	0.02734706797
0.05481716767	-0.00055725103	0.02746302203
0.05481744626	-0.00052913617	0.02758058599
0.05481770695	-0.00050140324	0.02769973247
0.05481794988	-0.00047409958	0.02782032432
0.05481817548	-0.00044725519	0.02794242843
0.05481838403	-0.00042091895	0.02806580486
0.05481857607	-0.00039511778	0.02819059839
0.05481875206	-0.00036989574	0.02831649558
0.05481891262	-0.00034528089	0.02844365666
0.05481905838	-0.00032130646	0.02857182128
0.05481919001	-0.00029800361	0.02870100194
0.05481930825	-0.00027539576	0.02883111750
0.05481941382	-0.00025351257	0.02896196461
0.05481950747	-0.00023237999	0.02909362574
0.05481959004	-0.00021200969	0.02922590739
0.05481966228	-0.00019242491	0.02935866853
0.05481972498	-0.00017364640	0.02949194030
0.05481977895	-0.00015567865	0.02962555578
0.05481982496	-0.00013853351	0.02975941858
0.05481986376	-0.00012222002	0.02989340530
0.05481989607	-0.00010674830	0.03002747366
0.05481992261	-0.00009211661	0.03016150637
0.05481994405	-0.00007832419	0.03029539946
0.05481996102	-0.00006536989	0.03042905743
0.05481997414	-0.00005324842	0.03056238581
0.05481998395	-0.00004195267	0.03069529145
0.05481999097	-0.00003147317	0.03082768280
0.05481999567	-0.00002179835	0.03095943480
0.05481999848	-0.00001292242	0.03109051796
0.05481999979	-0.00000482353	0.03122082754
0.05481999994	0.00000251729	0.03135026262
0.05481999924	0.00000911907	0.03147871232
0.05481999795	0.00001498762	0.03160619543
0.05481999629	0.00002016641	0.03173250556
0.05481999446	0.00002465207	0.03185771002
0.05481999259	0.00002849478	0.03198159493
0.05481999084	0.00003169163	0.03210422154
0.05481998928	0.00003428486	0.03222546835
0.05481998798	0.00003630030	0.03234525394
0.05481998700	0.00003775342	0.03246356080
0.05481998636	0.00003867300	0.03258033575
0.05481998606	0.00003908843	0.03269551932
0.05481998611	0.00003902507	0.03280906875
0.05481998647	0.00003850868	0.03292094492
0.05481998713	0.00003756537	0.03303111227
0.05481998803	0.00003622337	0.03313951816
0.05481998914	0.00003450135	0.03324615425
0.05481999041	0.00003242437	0.03335100787
0.05481999178	0.00003002503	0.03345402610
0.05481999319	0.00002732551	0.03355518208
0.05481999460	0.00002433731	0.03365451401
0.05481999594	0.00002110366	0.03375192714
0.05481999717	0.00001762342	0.03384749110
0.05481999823	0.00001393366	0.03394115855
0.05481999908	0.00001005636	0.03403289865
0.05481999967	0.00000599432	0.03412277196
0.05481999997	0.00000178028	0.03421074289
0.05481999994	-0.00000256935	0.03429681601
0.05481999955	-0.00000703867	0.03438099823
0.05481999877	-0.00001161239	0.03446329862
0.05481999758	-0.00001627546	0.03454372837
0.05481999597	-0.00002101329	0.03462230068
0.05481999392	-0.00002581182	0.03469903055
0.05481999143	-0.00003065773	0.03477393474
0.05481998848	-0.00003553788	0.03484703162
0.05481998509	-0.00004043507	0.03491830824
0.05481998124	-0.00004535403	0.03498783455
0.05481997694	-0.00005027708	0.03505562609
0.05481997223	-0.00005518053	0.03512163948
0.05481996707	-0.00006008637	0.03518600390
0.05481996152	-0.00006495491	0.03524864258
0.05481995555	-0.00006980655	0.03530967475
0.05481994924	-0.00007460457	0.03536902037
0.05481994253	-0.00007937700	0.03542681742
0.05481993550	-0.00008409290	0.03548302728
0.05481992816	-0.00008874986	0.03553766694
0.05481992050	-0.00009335930	0.03559082107
0.05481991258	-0.00009790319	0.03564248510
0.05481990440	-0.00010237907	0.03569268881
0.05481989600	-0.00010678330	0.03574145320
0.05481988738	-0.00011111815	0.03578882112
0.05481987858	-0.00011538171	0.03583482894
0.05481986960	-0.00011956817	0.03587949732
0.05481986049	-0.00012367597	0.03592285653
0.05481985126	-0.00012770399	0.03596493675
0.05481984192	-0.00013165097	0.03600576808
0.05481983250	-0.00013551606	0.03604538041
0.05481982303	-0.00013929613	0.03608378997
0.05481981350	-0.00014299631	0.03612104149
0.05481980394	-0.00014661621	0.03615716854
0.05481979436	-0.00015015271	0.03619219381
0.05481978480	-0.00015360545	0.03622614591
0.05481977526	-0.00015697128	0.03625903612
0.05481976577	-0.00016025411	0.03629089376
0.05481975629	-0.00016346423	0.03632178789
0.05481974687	-0.00016659105	0.03635171944
0.05481973751	-0.00016964466	0.03638077256
0.05481973203	-0.00017140675	0.03639564799
0.05481973158	-0.00017155020	0.03641062672
0.05481973618	-0.00017007333	0.03642553316
0.05481974565	-0.00016699346	0.03644019254
0.05481975961	-0.00016234669	0.03645443300
0.05481977750	-0.00015618750	0.03646808757
0.05481979863	-0.00014858810	0.03648099616
0.05481982216	-0.00013963759	0.03649300744
0.05481984718	-0.00012944089	0.03650398059
0.05481987275	-0.00011811757	0.03651378695
0.05481989790	-0.00010580036	0.03652231156
0.05481992173	-0.00009263368	0.03652945447
0.05481994341	-0.00007877189	0.03653513194
0.05481996220	-0.00006437752	0.03653927740
0.05481997754	-0.00004961932	0.03654184225
0.05531330801	-0.00171859152	0.02256821004
0.05531131708	-0.00178151704	0.02263202933
0.05531054492	-0.00180533103	0.02266209063
0.05530997929	-0.00182257820	0.02268704257
0.05530951530	-0.00183660495	0.02270922896
0.05530912255	-0.00184839468	0.02272993419
0.05530878083	-0.00185859155	0.02274962830
0.05530847322	-0.00186772329	0.02276841654
0.05530820379	-0.00187568476	0.02278691201
0.05530795922	-0.00188288263	0.02280494220
0.05530773552	-0.00188944209	0.02282260089
0.05530753806	-0.00189521348	0.02284025355
0.05530735987	-0.00190040626	0.02285777419
0.05530719574	-0.00190517686	0.02287508330
0.05530705054	-0.00190938745	0.02289244532
0.05530692323	-0.00191307160	0.02290988698
0.05530681123	-0.00191630664	0.02292737073
0.05530671408	-0.00191910852	0.02294492783
0.05530663141	-0.00192148949	0.02296258732
0.05530656297	-0.00192345834	0.02298037620
0.05530650825	-0.00192503118	0.02299830749
0.05530646789	-0.00192619043	0.02301643351
0.05530644215	-0.00192692943	0.02303478800
0.05530642923	-0.00192730005	0.02305332729
0.05530643048	-0.00192726418	0.02307212402
0.05530644589	-0.00192682199	0.02309119705
0.05530647541	-0.00192597443	0.02311056411
0.05530651918	-0.00192471725	0.02313024726
0.05530657731	-0.00192304620	0.02315026922
0.05530664896	-0.00192098438	0.02317061518
0.05530673061	-0.00191863210	0.02319116880
0.05530683165	-0.00191571720	0.02321232012
0.05530694713	-0.00191238058	0.02323388347
0.05530706999	-0.00190882405	0.02325560007
0.05530721515	-0.00190461329	0.02327809707
0.05530736839	-0.00190015841	0.02330080644
0.05530754066	-0.00189513754	0.02332420871
0.05530772229	-0.00188982935	0.02334791850
0.05530792387	-0.00188392081	0.02337240977
0.05530813317	-0.00187776595	0.02339718130
0.05530836101	-0.00187104308	0.02342273390
0.05530860322	-0.00186386967	0.02344890494
0.05530885769	-0.00185630298	0.02347563093
0.05530912512	-0.00184831787	0.02350297636
0.05530940841	-0.00183982088	0.02353110684
0.05530970522	-0.00183087637	0.02355994181
0.05531001552	-0.00182147843	0.02358951499
0.05531033925	-0.00181162130	0.02361986052
0.05531067637	-0.00180129939	0.02365101300
0.05531102681	-0.00179050651	0.02368300687
0.05531139048	-0.00177923674	0.02371587699
0.05531176468	-0.00176756554	0.02374952768
0.05531215312	-0.00175536804	0.02378419970
0.05531255490	-0.00174266193	0.02381988236
0.05531296697	-0.00172953301	0.02385645634
0.05531339086	-0.00171592311	0.02389405456
0.05531382773	-0.00170178196	0.02393279406
0.05531427341	-0.00168723370	0.02397247534
0.05531473175	-0.00167213964	0.02401338728
0.05531520058	-0.00165655825	0.02405544239
0.05531567740	-0.00164055912	0.02409854100
0.05531616612	-0.00162399690	0.02414299618
0.05531666389	-0.00160695247	0.02418866882
0.05531717037	-0.00158942191	0.02423559830
0.05531768522	-0.00157140114	0.02428382335
0.05531820807	-0.00155288627	0.02433338220
0.05531873852	-0.00153387386	0.02438431261
0.05531927613	-0.00151436068	0.02443665172
0.05531982047	-0.00149434360	0.02449043584
0.05532037106	-0.00147381998	0.02454570065
0.05532092740	-0.00145278762	0.02460248101
0.05532148803	-0.00143128006	0.02466073621
0.05532205265	-0.00140928713	0.02472052967
0.05532262218	-0.00138674993	0.02478203959
0.05532319278	-0.00136379650	0.02484498146
0.05532376737	-0.00134028503	0.02490977137
0.05532434155	-0.00131637067	0.02497603429
0.05532491784	-0.00129192355	0.02504418244
0.05532549304	-0.00126705145	0.02511395539
0.05532606705	-0.00124173474	0.02518547799
0.05532663950	-0.00121596138	0.02525884284
0.05532720894	-0.00118976929	0.02533399396
0.05532777446	-0.00116317404	0.02541095768
0.05532833504	-0.00113619628	0.02548974849
0.05532888980	-0.00110885249	0.02557040010
0.05532943794	-0.00108115564	0.02565295724
0.05532997838	-0.00105313476	0.02573740767
0.05533050999	-0.00102482378	0.02582373737
0.05533103200	-0.00099624174	0.02591199319
0.05533154351	-0.00096741569	0.02600218473
0.05533204359	-0.00093837747	0.02609431002
0.05533253139	-0.00090915917	0.02618837073
0.05533300609	-0.00087979402	0.02628436320
0.05533346651	-0.00085034376	0.02638217708
0.05533391255	-0.00082080533	0.02648201243
0.05533434336	-0.00079122986	0.02658375449
0.05533475802	-0.00076167922	0.02668728168
0.05533515639	-0.00073216591	0.02679275161
0.05533553797	-0.00070273608	0.02690007499
0.05533590210	-0.00067345320	0.02700910622
0.05533624891	-0.00064432659	0.02712004484
0.05533657787	-0.00061542664	0.02723261620
0.05533688908	-0.00058677660	0.02734696392
0.05533718241	-0.00055842871	0.02746293158
0.05533745795	-0.00053042188	0.02758050689
0.05533771587	-0.00050279433	0.02769966234
0.05533795633	-0.00047559318	0.02782026114
0.05533817972	-0.00044884843	0.02794236961
0.05533838633	-0.00042260866	0.02806574860
0.05533857669	-0.00039690088	0.02819054198
0.05533875123	-0.00037176882	0.02831643737
0.05533891058	-0.00034724064	0.02844359405
0.05533905533	-0.00032334937	0.02857175246
0.05533918616	-0.00030012611	0.02870092477
0.05533930377	-0.00027759425	0.02883102985
0.05533940888	-0.00025578330	0.02896186495
0.05533950223	-0.00023471925	0.02909351183
0.05533958463	-0.00021441371	0.02922577752
0.05533965683	-0.00019488984	0.02935852128
0.05533971959	-0.00017616841	0.02949177376
0.05533977372	-0.00015825392	0.02962536845
0.05533981997	-0.00014115821	0.02975920903
0.05533985907	-0.00012489032	0.02989317232
0.05533989175	-0.00010946038	0.03002721587
0.05533991869	-0.00009486671	0.03016122258
0.05533994056	-0.00008110860	0.03029508860
0.05533995799	-0.00006818492	0.03042871851
0.05533997157	-0.00005609047	0.03056201793
0.05533998185	-0.00004481820	0.03069489380
0.05533998933	-0.00003435871	0.03082725464
0.05533999449	-0.00002470052	0.03095897565
0.05533999773	-0.00001583790	0.03109002714
0.05533999946	-0.00000774913	0.03122030456
0.05534000000	-0.00000041534	0.03134970711
0.05533999965	0.00000618239	0.03147812415
0.05533999869	0.00001204982	0.03160557409
0.05533999732	0.00001723020	0.03173185119
0.05533999574	0.00002172017	0.03185702223
0.05533999409	0.00002556967	0.03198087401
0.05533999252	0.00002877577	0.03210346730
0.05533999110	0.00003138054	0.03222468090
0.05533998992	0.00003340966	0.03234443354
0.05533998901	0.00003487854	0.03246270762
0.05533998841	0.00003581582	0.03257944999
0.05533998813	0.00003625076	0.03269460127
0.05533998815	0.00003620859	0.03280811876
0.05533998848	0.00003571496	0.03291996333
0.05533998906	0.00003479587	0.03303009947
0.05533998987	0.00003347942	0.03313847465
0.05533999087	0.00003178419	0.03324508046
0.05533999201	0.00002973515	0.03334990418
0.05533999323	0.00002736475	0.03345289307
0.05533999449	0.00002469505	0.03355402029
0.05533999573	0.00002173755	0.03365332383
0.05533999690	0.00001853525	0.03375070931
0.05533999794	0.00001508704	0.03384624603
0.05533999882	0.00001142984	0.03393988680
0.05533999948	0.00000758551	0.03403160093
0.05533999989	0.00000355688	0.03412144871
0.05534000000	-0.00000062348	0.03420939471
0.05533999978	-0.00000493920	0.03429544350
0.05533999921	-0.00000937447	0.03437960196
0.05533999825	-0.00001391404	0.03446187919
0.05533999689	-0.00001854292	0.03454228635
0.05533999512	-0.00002324659	0.03462083663
0.05533999291	-0.00002801103	0.03469754505
0.05533999027	-0.00003282299	0.03477242831
0.05533998718	-0.00003766936	0.03484550482
0.05533998366	-0.00004253304	0.03491676173
0.05533997968	-0.00004741870	0.03498626878
0.05533997528	-0.00005230873	0.03505404152
0.05533997046	-0.00005717958	0.03512003685
0.05533996521	-0.00006205308	0.03518438350
0.05533995957	-0.00006688976	0.03524700511
0.05533995354	-0.00007170988	0.03530802050
0.05533994716	-0.00007647692	0.03536735007
0.05533994040	-0.00008121872	0.03542513134
0.05533993332	-0.00008590453	0.03548132595
0.05533992595	-0.00009053192	0.03553595092
0.05533991827	-0.00009511224	0.03558909069
0.05533991032	-0.00009962755	0.03564074079
0.05533990214	-0.00010407539	0.03569093103
0.05533989373	-0.00010845214	0.03573968240
0.05533988512	-0.00011276005	0.03578703770
0.05533987632	-0.00011699720	0.03583303327
0.05533986737	-0.00012115781	0.03587768978
0.05533985828	-0.00012524032	0.03592103750
0.05533984908	-0.00012924361	0.03596310659
0.05533983978	-0.00013316643	0.03600392714
0.05533983040	-0.00013700791	0.03604352904
0.05533982097	-0.00014076495	0.03608192855
0.05533981150	-0.00014444263	0.03611917033
0.05533980199	-0.00014804057	0.03615528792
0.05533979247	-0.00015155565	0.03619030403
0.05533978297	-0.00015498752	0.03622424725
0.05533977350	-0.00015833304	0.03625712893
0.05533976406	-0.00016159609	0.03628897837
0.05533975465	-0.00016478691	0.03631986445
0.05533974531	-0.00016789494	0.03634978819
0.05533973602	-0.00017093020	0.03637883348
0.05533973058	-0.00017268374	0.03639370990
0.05533973016	-0.00017281859	0.03640868870
0.05533973477	-0.00017133316	0.03642359427
0.05533974425	-0.00016824487	0.03643825186
0.05533975821	-0.00016358993	0.03645248962
0.05533977609	-0.00015742290	0.03646614063
0.05533979721	-0.00014981610	0.03647904484
0.05533982073	-0.00014085870	0.03649105097
0.05533984576	-0.00013065572	0.03650201824
0.05533987135	-0.00011932677	0.03651181808
0.05533989655	-0.00010700468	0.03652033560
0.05533992045	-0.00009383392	0.03652747094
0.05533994222	-0.00007996889	0.03653314043
0.05533996115	-0.00006557216	0.03653727762
0.05533997667	-0.00005081251	0.03653983399
0.05583381131	-0.00171029680	0.02256623964
0.05583184165	-0.00177343125	0.02262985249
0.05583107697	-0.00179734361	0.02265983547
0.05583051641	-0.00181467293	0.02268472983
0.05583005635	-0.00182877212	0.02270686993
0.05582966669	-0.00184062961	0.02272753585
0.05582932744	-0.00185089090	0.02274719580
0.05582902193	-0.00186008331	0.02276595422
0.05582875409	-0.00186810509	0.02278442279
0.05582851082	-0.00187536127	0.02280242904
0.05582828818	-0.00188197728	0.02282006643
0.05582809141	-0.00188780560	0.02283769964
0.05582791366	-0.00189305465	0.02285520286
0.05582774983	-0.00189788013	0.02287249664
0.05582760465	-0.00190214577	0.02288984490
0.05582747712	-0.00190588521	0.02290727432
0.05582736470	-0.00190917541	0.02292474740
0.05582726692	-0.00191203242	0.02294229534
0.05582718343	-0.00191446855	0.02295994713
0.05582711398	-0.00191649270	0.02297772974
0.05582705806	-0.00191812097	0.02299565616
0.05582701630	-0.00191933602	0.02301377864
0.05582698895	-0.00192013132	0.02303213088
0.05582697426	-0.00192055840	0.02305066932
0.05582697354	-0.00192057952	0.02306946649
0.05582698677	-0.00192019490	0.02308854124
0.05582701391	-0.00191940552	0.02310791129
0.05582705510	-0.00191820719	0.02312759872
0.05582711045	-0.00191659572	0.02314762620
0.05582717913	-0.00191459405	0.02316797903
0.05582725770	-0.00191230168	0.02318854115
0.05582735535	-0.00190944875	0.02320970177
0.05582746723	-0.00190617496	0.02323127571
0.05582758643	-0.00190268046	0.02325300479
0.05582772758	-0.00189853462	0.02327551480
0.05582787671	-0.00189414405	0.02329823905
0.05582804459	-0.00188918965	0.02332165701
0.05582822172	-0.00188394773	0.02334538427
0.05582841849	-0.00187810792	0.02336989368
0.05582862291	-0.00187202127	0.02339468532
0.05582884558	-0.00186536881	0.02342025880
0.05582908242	-0.00185826705	0.02344645196
0.05582933136	-0.00185077274	0.02347320153
0.05582959308	-0.00184286101	0.02350057187
0.05582987044	-0.00183443918	0.02352872825
0.05583016112	-0.00182557107	0.02355759036
0.05583046510	-0.00181625086	0.02358719190
0.05583078233	-0.00180647282	0.02361756698
0.05583111277	-0.00179623145	0.02364875015
0.05583145633	-0.00178552060	0.02368077584
0.05583181295	-0.00177433440	0.02371367886
0.05583217997	-0.00176274771	0.02374736386
0.05583256103	-0.00175063673	0.02378207099
0.05583295523	-0.00173801899	0.02381778965
0.05583335961	-0.00172497954	0.02385440092
0.05583377564	-0.00171146074	0.02389203740
0.05583420448	-0.00169741275	0.02393081586
0.05583464203	-0.00168295861	0.02397053745
0.05583509207	-0.00166796085	0.02401149024
0.05583555246	-0.00165247740	0.02405358708
0.05583602077	-0.00163657724	0.02409672865
0.05583650082	-0.00162011627	0.02414122712
0.05583698981	-0.00160317463	0.02418694388
0.05583748743	-0.00158574841	0.02423391824
0.05583799332	-0.00156783356	0.02428218888
0.05583850713	-0.00154942617	0.02433179394
0.05583902847	-0.00153052281	0.02438277113
0.05583955691	-0.00151112027	0.02443515750
0.05584009202	-0.00149121539	0.02448898931
0.05584063333	-0.00147080550	0.02454430216
0.05584118036	-0.00144988840	0.02460113085
0.05584173167	-0.00142849732	0.02465943483
0.05584228697	-0.00140662213	0.02471927737
0.05584284715	-0.00138420445	0.02478083605
0.05584340846	-0.00136137112	0.02484382742
0.05584397376	-0.00133798163	0.02490866610
0.05584453873	-0.00131418967	0.02497497845
0.05584510582	-0.00128986661	0.02504317519
0.05584567193	-0.00126511919	0.02511299688
0.05584623692	-0.00123992801	0.02518456789
0.05584680046	-0.00121428117	0.02525798050
0.05584736110	-0.00118821625	0.02533317891
0.05584791796	-0.00116174872	0.02541018938
0.05584847002	-0.00113489913	0.02548902628
0.05584901643	-0.00110768387	0.02556972318
0.05584955640	-0.00108011588	0.02565232462
0.05585008885	-0.00105222401	0.02573681834
0.05585061269	-0.00102404199	0.02582319034
0.05585112714	-0.00099558880	0.02591148722
0.05585163132	-0.00096689139	0.02600171847
0.05585212432	-0.00093798143	0.02609388205
0.05585260529	-0.00090889089	0.02618797956
0.05585307342	-0.00087965283	0.02628400723
0.05585352756	-0.00085032861	0.02638185505
0.05585396761	-0.00082091546	0.02648172216
0.05585439271	-0.00079146415	0.02658349414
0.05585480195	-0.00076203619	0.02668704978
0.05585519521	-0.00073264423	0.02679254586
0.05585557198	-0.00070333420	0.02689989332
0.05585593161	-0.00067416916	0.02700894701
0.05585627422	-0.00064515867	0.02711990542
0.05585659929	-0.00061637261	0.02723249490
0.05585690692	-0.00058783433	0.02734685822
0.05585719696	-0.00055959579	0.02746283945
0.05585746951	-0.00053169577	0.02758042608
0.05585772471	-0.00050417241	0.02769959053
0.05585796274	-0.00047707258	0.02782019630
0.05585818397	-0.00045042632	0.02794230921
0.05585838867	-0.00042428190	0.02806569085
0.05585857736	-0.00039866640	0.02819048422
0.05585875048	-0.00037362325	0.02831637797
0.05585890863	-0.00034918070	0.02844353042
0.05585905238	-0.00032537156	0.02857168284
0.05585918240	-0.00030222691	0.02870084702
0.05585929939	-0.00027977008	0.02883094190
0.05585940405	-0.00025803046	0.02896176526
0.05585949709	-0.00023703404	0.02909339820
0.05585957931	-0.00021679239	0.02922564827
0.05585965146	-0.00019732862	0.02935837498
0.05585971428	-0.00017866349	0.02949160854
0.05585976855	-0.00016080151	0.02962518283
0.05585981503	-0.00014375451	0.02975900160
0.05585985442	-0.00012753154	0.02989294187
0.05585988743	-0.00011214274	0.03002696105
0.05585991476	-0.00009758649	0.03016094221
0.05585993705	-0.00008386210	0.03029478162
0.05585995492	-0.00007096852	0.03042838394
0.05585996895	-0.00005890059	0.03056165488
0.05585997968	-0.00004765133	0.03069450147
0.05585998761	-0.00003721143	0.03082683232
0.05585999320	-0.00002756947	0.03095852283
0.05585999686	-0.00001871980	0.03108954317
0.05585999899	-0.00001064081	0.03121978893
0.05585999990	-0.00000331375	0.03134915948
0.05585999990	0.00000328019	0.03147754437
0.05585999925	0.00000914674	0.03160496166
0.05585999816	0.00001432893	0.03173120626
0.05585999683	0.00001882338	0.03185634440
0.05585999540	0.00002267982	0.03198016358
0.05585999400	0.00002589531	0.03210272405
0.05585999272	0.00002851172	0.03222390497
0.05585999164	0.00003055461	0.03234362518
0.05585999081	0.00003203931	0.03246186697
0.05585999026	0.00003299432	0.03257857727
0.05585998999	0.00003344878	0.03269369677
0.05585999000	0.00003342780	0.03280718279
0.05585999028	0.00003295691	0.03291899625
0.05585999080	0.00003206200	0.03302910166
0.05585999152	0.00003077104	0.03313744660
0.05585999242	0.00002910253	0.03324402259
0.05585999344	0.00002708134	0.03334881688
0.05585999452	0.00002473977	0.03345177687
0.05585999563	0.00002209979	0.03355287578
0.05585999671	0.00001917285	0.03365215136
0.05585999771	0.00001600177	0.03374950961
0.05585999858	0.00001258545	0.03384501949
0.05585999928	0.00000896066	0.03393863400
0.05585999976	0.00000514914	0.03403032256
0.05585999999	0.00000115375	0.03412014520
0.05585999992	-0.00000299309	0.03420806664
0.05585999953	-0.00000727509	0.03429409146
0.05585999878	-0.00001167648	0.03437822654
0.05585999766	-0.00001618208	0.03446048095
0.05585999614	-0.00002077697	0.03454086587
0.05585999420	-0.00002544667	0.03461939446
0.05585999185	-0.00003017723	0.03469608174
0.05585998906	-0.00003495543	0.03477094441
0.05585998584	-0.00003976823	0.03484400085
0.05585998220	-0.00004459859	0.03491523835
0.05585997811	-0.00004945115	0.03498472643
0.05585997360	-0.00005430837	0.03505248066
0.05585996869	-0.00005914682	0.03511845821
0.05585996335	-0.00006398818	0.03518278734
0.05585995764	-0.00006879321	0.03524539214
0.05585995154	-0.00007358199	0.03530639100
0.05585994510	-0.00007831825	0.03536570478
0.05585993829	-0.00008302963	0.03542347051
0.05585993118	-0.00008768553	0.03547965010
0.05585992377	-0.00009228355	0.03553426060
0.05585991607	-0.00009683494	0.03558738623
0.05585990811	-0.00010132185	0.03563902262
0.05585989992	-0.00010574185	0.03568919958
0.05585989151	-0.00011009130	0.03573793814
0.05585988291	-0.00011437244	0.03578528102
0.05585987413	-0.00011858336	0.03583126451
0.05585986520	-0.00012271829	0.03587590934
0.05585985614	-0.00012677569	0.03591924574
0.05585984697	-0.00013075442	0.03596130387
0.05585983771	-0.00013465323	0.03600211381
0.05585982837	-0.00013847126	0.03604170542
0.05585981899	-0.00014220542	0.03608009504
0.05585980956	-0.00014586077	0.03611732723
0.05585980011	-0.00014943689	0.03615343551
0.05585979066	-0.00015293071	0.03618844259
0.05585978121	-0.00015634185	0.03622237707
0.05585977181	-0.00015966720	0.03625525035
0.05585976244	-0.00016291061	0.03628709172
0.05585975310	-0.00016608225	0.03631796986
0.05585974383	-0.00016917163	0.03634788591
0.05585973461	-0.00017218867	0.03637692350
0.05585972921	-0.00017393371	0.03639180089
0.05585972881	-0.00017406000	0.03640677975
0.05585973345	-0.00017256606	0.03642168445
0.05585974293	-0.00016946940	0.03643634025
0.05585975688	-0.00016480633	0.03645057534
0.05585977476	-0.00015863151	0.03646422280
0.05585979586	-0.00015101735	0.03647712265
0.05585981938	-0.00014205310	0.03648912364
0.05585984441	-0.00013184387	0.03650008507
0.05585987001	-0.00012050934	0.03650987843
0.05585989524	-0.00010818241	0.03651838890
0.05585991920	-0.00009500759	0.03652551670
0.05585994107	-0.00008113934	0.03653117827
0.05585996013	-0.00006674027	0.03653530722
0.05585997582	-0.00005197918	0.03653785516
0.05635430159	-0.00170208473	0.02256429826
0.05635235286	-0.00176542543	0.02262770596
0.05635159556	-0.00178943495	0.02265761105
0.05635104000	-0.00180684544	0.02268244813
0.05635058385	-0.00182101622	0.02270454216
0.05635019724	-0.00183294069	0.02272516894
0.05634986044	-0.00184326565	0.02274479486
0.05634955702	-0.00185251805	0.02276352357
0.05634929076	-0.00186059946	0.02278196531
0.05634904879	-0.00186791332	0.02279994768
0.05634882723	-0.00187458525	0.02281756379
0.05634863115	-0.00188046989	0.02283517758
0.05634845388	-0.00188577460	0.02285266337
0.05634829036	-0.00189065437	0.02286994181
0.05634814524	-0.00189497449	0.02288727629
0.05634801751	-0.00189876864	0.02290469343
0.05634790470	-0.00190211343	0.02292215578
0.05634780634	-0.00190502499	0.02293969450
0.05634772208	-0.00190751573	0.02295733852
0.05634765167	-0.00190959462	0.02297511475
0.05634759460	-0.00191127775	0.02299303621
0.05634755150	-0.00191254804	0.02301115503
0.05634752261	-0.00191339909	0.02302950490
0.05634750620	-0.00191388208	0.02304804235
0.05634750357	-0.00191395964	0.02306683981
0.05634751470	-0.00191363203	0.02308591611
0.05634753954	-0.00191290025	0.02310528898
0.05634757823	-0.00191176021	0.02312498049
0.05634763088	-0.00191020776	0.02314501331
0.05634769669	-0.00190826566	0.02316537279
0.05634777227	-0.00190603265	0.02318594318
0.05634786663	-0.00190324109	0.02320711287
0.05634797501	-0.00190002954	0.02322869714
0.05634809067	-0.00189659652	0.02325043845
0.05634822790	-0.00189251497	0.02327296118
0.05634837305	-0.00188818814	0.02329570003
0.05634853665	-0.00188329960	0.02331913339
0.05634870941	-0.00187812334	0.02334287779
0.05634890149	-0.00187235163	0.02336740503
0.05634910117	-0.00186633257	0.02339221643
0.05634931881	-0.00185974990	0.02341781044
0.05634955041	-0.00185271913	0.02344402536
0.05634979397	-0.00184529656	0.02347079813
0.05635005013	-0.00183745754	0.02349819301
0.05635032170	-0.00182911021	0.02352637489
0.05635060641	-0.00182031783	0.02355526373
0.05635090424	-0.00181107465	0.02358489320
0.05635121514	-0.00180137500	0.02361529738
0.05635153906	-0.00179121344	0.02364651081
0.05635187593	-0.00178058388	0.02367856786
0.05635222568	-0.00176948052	0.02371150331
0.05635258570	-0.00175797759	0.02374522215
0.05635295955	-0.00174595236	0.02377996389
0.05635334637	-0.00173342219	0.02381571804
0.05635374325	-0.00172047143	0.02385236611
0.05635415162	-0.00170704292	0.02389004034
0.05635457262	-0.00169308726	0.02392885723
0.05635500224	-0.00167872640	0.02396861859
0.05635544419	-0.00166382407	0.02400961169
0.05635589635	-0.00164843768	0.02405174971
0.05635635635	-0.00163263559	0.02409493368
0.05635682794	-0.00161627496	0.02413947488
0.05635730837	-0.00159943518	0.02418523519
0.05635779734	-0.00158211236	0.02423225387
0.05635829449	-0.00156430245	0.02428056951
0.05635879948	-0.00154600157	0.02433022020
0.05635931193	-0.00152720628	0.02438124357
0.05635983142	-0.00150791335	0.02443367661
0.05636035752	-0.00148811963	0.02448755553
0.05636088978	-0.00146782243	0.02454291583
0.05636142772	-0.00144701953	0.02459979225
0.05636196993	-0.00142574383	0.02465814443
0.05636251614	-0.00140398529	0.02471803544
0.05636306720	-0.00138168601	0.02477964230
0.05636361944	-0.00135897164	0.02484268258
0.05636417566	-0.00133570298	0.02490756945
0.05636473163	-0.00131203226	0.02497393065
0.05636528975	-0.00128783206	0.02504217542
0.05636584698	-0.00126320813	0.02511204528
0.05636640317	-0.00123814128	0.02518366415
0.05636695799	-0.00121261972	0.02525712397
0.05636751005	-0.00118668073	0.02533236915
0.05636805844	-0.00116033969	0.02540942583
0.05636860219	-0.00113361700	0.02548830832
0.05636914044	-0.00110652901	0.02556905002
0.05636967241	-0.00107908861	0.02565169526
0.05637019706	-0.00105132446	0.02573623181
0.05637071330	-0.00102327009	0.02582264567
0.05637122037	-0.00099494447	0.02591098317
0.05637171738	-0.00096637439	0.02600125372
0.05637220346	-0.00093759138	0.02609345522
0.05637267775	-0.00090862728	0.02618758915
0.05637313947	-0.00087951500	0.02628365167
0.05637358746	-0.00085031551	0.02638153312
0.05637402164	-0.00082102632	0.02648143169
0.05637444115	-0.00079169786	0.02658323332
0.05637484510	-0.00076239128	0.02668681715
0.05637523336	-0.00073311940	0.02679233917
0.05637560541	-0.00070392786	0.02689971053
0.05637596064	-0.00067487940	0.02700878651
0.05637629914	-0.00064598377	0.02711976459
0.05637662040	-0.00061731035	0.02723237206
0.05637692451	-0.00058888259	0.02734675092
0.05637721133	-0.00056075217	0.02746274566
0.05637748093	-0.00053295777	0.02758034360
0.05637773348	-0.00050553741	0.02769951705
0.05637796912	-0.00047853776	0.02782012984
0.05637818821	-0.00045198885	0.02794224726
0.05637839104	-0.00042593866	0.02806563165
0.05637857810	-0.00040041436	0.02819042512
0.05637874981	-0.00037545907	0.02831631739
0.05637890676	-0.00035110111	0.02844346579
0.05637904954	-0.00032737311	0.02857161242
0.05637917876	-0.00030430610	0.02870076871
0.05637929513	-0.00028192336	0.02883085364
0.05637939932	-0.00026025416	0.02896166554
0.05637949205	-0.00023932450	0.02909328485
0.05637957409	-0.00021914592	0.02922551961
0.05637964618	-0.00019974145	0.02935822962
0.05637970904	-0.00018113185	0.02949144463
0.05637976344	-0.00016332164	0.02962499890
0.05637981012	-0.00014632266	0.02975879626
0.05637984979	-0.00013014395	0.02989271393
0.05637988313	-0.00011479568	0.03002670917
0.05637991083	-0.00010027625	0.03016066522
0.05637993351	-0.00008658505	0.03029447847
0.05637995180	-0.00007372104	0.03042805367
0.05637996626	-0.00006167915	0.03056129661
0.05637997743	-0.00005045246	0.03069411440
0.05637998579	-0.00004003173	0.03082641574
0.05637999180	-0.00003040564	0.03095807626
0.05637999587	-0.00002156857	0.03108906595
0.05637999838	-0.00001349905	0.03121928057
0.05637999966	-0.00000617845	0.03134861963
0.05638000000	0.00000041197	0.03147697288
0.05637999965	0.00000627785	0.03160435805
0.05637999883	0.00001146203	0.03173057066
0.05637999774	0.00001596114	0.03185567641
0.05637999651	0.00001982465	0.03197946349
0.05637999529	0.00002304964	0.03210199168
0.05637999415	0.00002567778	0.03222314041
0.05637999318	0.00002773449	0.03234282869
0.05637999242	0.00002923504	0.03246103871
0.05637999191	0.00003020781	0.03257771742
0.05637999165	0.00003068179	0.03269280563
0.05637999165	0.00003068197	0.03280626067
0.05637999189	0.00003023378	0.03291804350
0.05637999235	0.00002936299	0.03302811866
0.05637999300	0.00002809745	0.03313643382
0.05637999379	0.00002645557	0.03324298045
0.05637999469	0.00002446213	0.03334774576
0.05637999565	0.00002214927	0.03345067728
0.05637999661	0.00001953888	0.03355174831
0.05637999754	0.00001664238	0.03365099637
0.05637999838	0.00001350236	0.03374832781
0.05637999909	0.00001011778	0.03384381126
0.05637999962	0.00000652522	0.03393739991
0.05637999993	0.00000274635	0.03402906327
0.05637999999	-0.00000121598	0.03411886116
0.05637999975	-0.00000532949	0.03420675842
0.05637999919	-0.00000957796	0.03429275964
0.05637999828	-0.00001394567	0.03437687169
0.05637999699	-0.00001841751	0.03445910363
0.05637999532	-0.00002297861	0.03453946664
0.05637999324	-0.00002761455	0.03461797388
0.05637999074	-0.00003231143	0.03469464034
0.05637998782	-0.00003705608	0.03476948273
0.05637998448	-0.00004183551	0.03484251941
0.05637998071	-0.00004663277	0.03491373778
0.05637997652	-0.00005145245	0.03498320719
0.05637997191	-0.00005627707	0.03505094318
0.05637996691	-0.00006108334	0.03511690322
0.05637996149	-0.00006589277	0.03518121512
0.05637995571	-0.00007066634	0.03524380335
0.05637994955	-0.00007542401	0.03530478594
0.05637994306	-0.00008012969	0.03536408416
0.05637993621	-0.00008481085	0.03542183459
0.05637992906	-0.00008943705	0.03547799938
0.05637992163	-0.00009400590	0.03553259564
0.05637991391	-0.00009852856	0.03558570733
0.05637990594	-0.00010298727	0.03563733024
0.05637989774	-0.00010737961	0.03568749412
0.05637988935	-0.00011170195	0.03573622005
0.05637988076	-0.00011595652	0.03578355070
0.05637987199	-0.00012014138	0.03582952231
0.05637986309	-0.00012425082	0.03587415562
0.05637985406	-0.00012828327	0.03591748088
0.05637984492	-0.00013223762	0.03595952822
0.05637983570	-0.00013611260	0.03600032770
0.05637982641	-0.00013990735	0.03603990920
0.05637981708	-0.00014361879	0.03607828907
0.05637980771	-0.00014725196	0.03611551181
0.05637979831	-0.00015080643	0.03615161092
0.05637978891	-0.00015427913	0.03618660912
0.05637977953	-0.00015766969	0.03622053499
0.05637977019	-0.00016097501	0.03625340000
0.05637976090	-0.00016419893	0.03628523341
0.05637975163	-0.00016735153	0.03631610374
0.05637974243	-0.00017042238	0.03634601221
0.05637973328	-0.00017342134	0.03637504221
0.05637972791	-0.00017515793	0.03638992057
0.05637972755	-0.00017527571	0.03640489948
0.05637973220	-0.00017377331	0.03641980331
0.05637974168	-0.00017066833	0.03643445734
0.05637975563	-0.00016599719	0.03644868975
0.05637977349	-0.00015981463	0.03646233369
0.05637979458	-0.00015219315	0.03647522920
0.05637981809	-0.00014322211	0.03648722508
0.05637984311	-0.00013300666	0.03649818070
0.05637986872	-0.00012166659	0.03650796761
0.05637989399	-0.00010933484	0.03651647107
0.05637991800	-0.00009615599	0.03652359138
0.05637993995	-0.00008228455	0.03652924506
0.05637995913	-0.00006788316	0.03653336583
0.05637997498	-0.00005312064	0.03653590538
0.05687477927	-0.00169395475	0.02256238548
0.05687285114	-0.00175749905	0.02262558936
0.05687210112	-0.00178160455	0.02265541702
0.05687155050	-0.00179909522	0.02268019711
0.05687109819	-0.00181333674	0.02270224529
0.05687071461	-0.00182532740	0.02272283310
0.05687038025	-0.00183571532	0.02274242512
0.05687007891	-0.00184502702	0.02276112423
0.05686981423	-0.00185316740	0.02277953922
0.05686957356	-0.00186053829	0.02279749777
0.05686935308	-0.00186726554	0.02281509266
0.05686915772	-0.00187320588	0.02283268704
0.05686898092	-0.00187856565	0.02285015541
0.05686881774	-0.00188349913	0.02286741851
0.05686867270	-0.00188787314	0.02288473919
0.05686854482	-0.00189172143	0.02290214401
0.05686843166	-0.00189512023	0.02291959559
0.05686833276	-0.00189808578	0.02293712502
0.05686824776	-0.00190063057	0.02295476119
0.05686817643	-0.00190276364	0.02297253097
0.05686811827	-0.00190450108	0.02299044736
0.05686807388	-0.00190582605	0.02300856242
0.05686804350	-0.00190673229	0.02302690978
0.05686802545	-0.00190727063	0.02304544612
0.05686802098	-0.00190740407	0.02306424371
0.05686803007	-0.00190713290	0.02308332140
0.05686805269	-0.00190645819	0.02310269693
0.05686808897	-0.00190537586	0.02312239233
0.05686813900	-0.00190388186	0.02314243029
0.05686820202	-0.00190199877	0.02316279622
0.05686827469	-0.00189982454	0.02318337465
0.05686836586	-0.00189709379	0.02320455318
0.05686847085	-0.00189394390	0.02322614754
0.05686858305	-0.00189057177	0.02324790081
0.05686871648	-0.00188655392	0.02327043600
0.05686885777	-0.00188229023	0.02329318916
0.05686901721	-0.00187746694	0.02331663762
0.05686918572	-0.00187235575	0.02334039886
0.05686937323	-0.00186665152	0.02336494360
0.05686956829	-0.00186069942	0.02338977443
0.05686978103	-0.00185418591	0.02341538863
0.05687000754	-0.00184722549	0.02344162494
0.05687024586	-0.00183987400	0.02346842055
0.05687049660	-0.00183210705	0.02349583958
0.05687076253	-0.00182383354	0.02352404656
0.05687104143	-0.00181511621	0.02355296172
0.05687133326	-0.00180594936	0.02358261872
0.05687163799	-0.00179632739	0.02361305158
0.05687195556	-0.00178624493	0.02364429482
0.05687228590	-0.00177569595	0.02367638277
0.05687262895	-0.00176467468	0.02370935020
0.05687298214	-0.00175325475	0.02374310240
0.05687334898	-0.00174131450	0.02377787827
0.05687372860	-0.00172887113	0.02381366743
0.05687411815	-0.00171600825	0.02385035178
0.05687451905	-0.00170266922	0.02388806325
0.05687493242	-0.00168880505	0.02392691805
0.05687535430	-0.00167453663	0.02396671866
0.05687578835	-0.00165972888	0.02400775153
0.05687623248	-0.00164443867	0.02404993017
0.05687668438	-0.00162873376	0.02409315601
0.05687714772	-0.00161247257	0.02413773937
0.05687761980	-0.00159573372	0.02418354267
0.05687810032	-0.00157851335	0.02423060509
0.05687858894	-0.00156080743	0.02427896516
0.05687908533	-0.00154261207	0.02432866090
0.05687958910	-0.00152392385	0.02437972987
0.05688009985	-0.00150473952	0.02443220901
0.05688061716	-0.00148505593	0.02448613444
0.05688114059	-0.00146487038	0.02454154160
0.05688166965	-0.00144418061	0.02459846516
0.05688220298	-0.00142301922	0.02465686495
0.05688274031	-0.00140137622	0.02471680386
0.05688328246	-0.00137919422	0.02477845831
0.05688382584	-0.00135659770	0.02484154693
0.05688437320	-0.00133344872	0.02490648141
0.05688492038	-0.00130989808	0.02497289089
0.05688546974	-0.00128581957	0.02504118311
0.05688601829	-0.00126131794	0.02511110058
0.05688656589	-0.00123637420	0.02518276677
0.05688711221	-0.00121097672	0.02525627325
0.05688765587	-0.00118516243	0.02533156467
0.05688819599	-0.00115894663	0.02540866704
0.05688873161	-0.00113234960	0.02548759461
0.05688926189	-0.00110538761	0.02556838062
0.05688978606	-0.00107807353	0.02565106919
0.05689030308	-0.00105043582	0.02573564811
0.05689081189	-0.00102250782	0.02582210336
0.05689131173	-0.00099430846	0.02591048107
0.05689180175	-0.00096586442	0.02600079052
0.05689228105	-0.00093720707	0.02609302954
0.05689274881	-0.00090836811	0.02618719952
0.05689320425	-0.00087938031	0.02628329656
0.05689364624	-0.00085030426	0.02638121131
0.05689407467	-0.00082113772	0.02648114105
0.05689448871	-0.00079193083	0.02658297206
0.05689488748	-0.00076274434	0.02668658384
0.05689527084	-0.00073359124	0.02679213158
0.05689563829	-0.00070451694	0.02689952665
0.05689598920	-0.00067558379	0.02700862475
0.05689632367	-0.00064680177	0.02711962236
0.05689664120	-0.00061823976	0.02723224773
0.05689694186	-0.00058992130	0.02734664205
0.05689722551	-0.00056189780	0.02746265024
0.05689749223	-0.00053420783	0.02758025948
0.05689774216	-0.00050688932	0.02769944193
0.05689797545	-0.00047998870	0.02782006179
0.05689819246	-0.00045353601	0.02794218379
0.05689839344	-0.00042757897	0.02806557102
0.05689857889	-0.00040214479	0.02819036472
0.05689874922	-0.00037727633	0.02831625565
0.05689890499	-0.00035300196	0.02844340018
0.05689904679	-0.00032935411	0.02857154122
0.05689917522	-0.00030636378	0.02870068985
0.05689929097	-0.00028405423	0.02883076508
0.05689939470	-0.00026245456	0.02896156579
0.05689948711	-0.00024159081	0.02909317176
0.05689956897	-0.00022147448	0.02922539154
0.05689964098	-0.00020212852	0.02935808519
0.05689970387	-0.00018357370	0.02949128200
0.05689975840	-0.00016581456	0.02962481663
0.05689980527	-0.00014886293	0.02975859297
0.05689984520	-0.00013272784	0.02989248845
0.05689987885	-0.00011741948	0.03002646017
0.05689990689	-0.00010293632	0.03016039155
0.05689992996	-0.00008927776	0.03029417909
0.05689994865	-0.00007644284	0.03042772764
0.05689996353	-0.00006442653	0.03056094305
0.05689997511	-0.00005322199	0.03069373253
0.05689998389	-0.00004282004	0.03082600484
0.05689999031	-0.00003320945	0.03095763586
0.05689999477	-0.00002438466	0.03108859540
0.05689999766	-0.00001632432	0.03121877938
0.05689999929	-0.00000900991	0.03134808745
0.05689999995	-0.00000242280	0.03147640957
0.05689999990	0.00000344262	0.03160376313
0.05689999935	0.00000862897	0.03172994425
0.05689999848	0.00001313287	0.03185501814
0.05689999746	0.00001700357	0.03197877362
0.05689999640	0.00002023816	0.03210127002
0.05689999540	0.00002287808	0.03222238707
0.05689999453	0.00002494866	0.03234204393
0.05689999385	0.00002646510	0.03246022266
0.05689999338	0.00002745562	0.03257687028
0.05689999314	0.00002794909	0.03269192767
0.05689999313	0.00002797040	0.03280535222
0.05689999333	0.00002754486	0.03291710489
0.05689999374	0.00002669812	0.03302715026
0.05689999430	0.00002545790	0.03313543610
0.05689999500	0.00002384255	0.03324195382
0.05689999579	0.00002187674	0.03334669059
0.05689999663	0.00001959247	0.03344959409
0.05689999746	0.00001701153	0.03355063767
0.05689999824	0.00001414530	0.03364985862
0.05689999893	0.00001103619	0.03374716365
0.05689999948	0.00000768318	0.03384262108
0.05689999985	0.00000412267	0.03393618426
0.05690000000	0.00000037626	0.03402782283
0.05689999989	-0.00000355321	0.03411759633
0.05689999949	-0.00000763359	0.03420546979
0.05689999877	-0.00001184872	0.03429144776
0.05689999770	-0.00001618297	0.03437553713
0.05689999626	-0.00002062126	0.03445774694
0.05689999444	-0.00002514878	0.03453808838
0.05689999222	-0.00002975118	0.03461657459
0.05689998959	-0.00003441459	0.03469322055
0.05689998655	-0.00003912592	0.03476804296
0.05689998309	-0.00004387222	0.03484106017
0.05689997921	-0.00004863660	0.03491225973
0.05689997492	-0.00005342361	0.03498171074
0.05689997022	-0.00005821585	0.03504942878
0.05689996513	-0.00006299015	0.03511537157
0.05689995964	-0.00006776788	0.03517966648
0.05689995380	-0.00007251022	0.03524223841
0.05689994758	-0.00007723699	0.03530320498
0.05689994104	-0.00008191231	0.03536248788
0.05689993415	-0.00008656346	0.03542022324
0.05689992698	-0.00009116017	0.03547637345
0.05689991952	-0.00009570005	0.03553095569
0.05689991178	-0.00010019419	0.03558405366
0.05689990381	-0.00010462491	0.03563566327
0.05689989562	-0.00010898978	0.03568581428
0.05689988723	-0.00011328521	0.03573452778
0.05689987865	-0.00011751340	0.03578184638
0.05689986991	-0.00012167240	0.03582780628
0.05689986103	-0.00012575653	0.03587242826
0.05689985203	-0.00012976423	0.03591574254
0.05689984293	-0.00013369436	0.03595777925
0.05689983375	-0.00013754568	0.03599856844
0.05689982451	-0.00014131732	0.03603813997
0.05689981523	-0.00014500622	0.03607651024
0.05689980591	-0.00014861737	0.03611372369
0.05689979657	-0.00015215035	0.03614981376
0.05689978724	-0.00015560209	0.03618480321
0.05689977792	-0.00015897222	0.03621872060
0.05689976865	-0.00016225767	0.03625157746
0.05689975942	-0.00016546224	0.03628340304
0.05689975022	-0.00016859594	0.03631426568
0.05689974110	-0.00017164841	0.03634416669
0.05689973203	-0.00017462942	0.03637318921
0.05689972670	-0.00017635761	0.03638806853
0.05689972636	-0.00017646694	0.03640304748
0.05689973102	-0.00017495613	0.03641795044
0.05689974051	-0.00017184289	0.03643260270
0.05689975445	-0.00016716372	0.03644683246
0.05689977230	-0.00016097348	0.03646047289
0.05689979337	-0.00015334474	0.03647336408
0.05689981686	-0.00014436693	0.03648535488
0.05689984187	-0.00013414532	0.03649630472
0.05689986749	-0.00012279974	0.03650608522
0.05689989278	-0.00011046321	0.03651458171
0.05689991684	-0.00009728037	0.03652169457
0.05689993887	-0.00008340576	0.03652734042
0.05689995816	-0.00006900205	0.03653145306
0.05689997415	-0.00005423812	0.03653398428
0.05739524475	-0.00168590626	0.02256050092
0.05739333689	-0.00174965153	0.02262350231
0.05739259403	-0.00177385181	0.02265325299
0.05739204830	-0.00179142171	0.02267797640
0.05739159980	-0.00180573313	0.02269997896
0.05739121921	-0.00181778922	0.02272052798
0.05739088726	-0.00182823936	0.02274008624
0.05739058800	-0.00183760969	0.02275875586
0.05739032489	-0.00184580837	0.02277714418
0.05739008553	-0.00185323564	0.02279507898
0.05738986613	-0.00186001760	0.02281265269
0.05738967150	-0.00186601302	0.02283022769
0.05738949521	-0.00187142726	0.02284767866
0.05738933238	-0.00187641387	0.02286492641
0.05738918745	-0.00188084121	0.02288223327
0.05738905944	-0.00188474305	0.02289962574
0.05738894596	-0.00188819530	0.02291706650
0.05738884655	-0.00189121427	0.02293458659
0.05738876087	-0.00189381255	0.02295221484
0.05738868867	-0.00189599924	0.02296997809
0.05738862946	-0.00189779044	0.02298788931
0.05738858384	-0.00189916954	0.02300600050
0.05738855203	-0.00190013042	0.02302434525
0.05738853239	-0.00190072356	0.02304288033
0.05738852614	-0.00190091232	0.02306167792
0.05738853327	-0.00190069705	0.02308075685
0.05738855374	-0.00190007883	0.02310013485
0.05738858767	-0.00189905366	0.02311983397
0.05738863518	-0.00189761754	0.02313987687
0.05738869548	-0.00189579290	0.02316024905
0.05738876535	-0.00189367689	0.02318083531
0.05738885340	-0.00189100636	0.02320202244
0.05738895510	-0.00188791754	0.02322362665
0.05738906395	-0.00188460574	0.02324539163
0.05738919369	-0.00188065099	0.02326793901
0.05738933120	-0.00187644985	0.02329070621
0.05738948660	-0.00187169120	0.02331416947
0.05738965097	-0.00186664448	0.02333794725
0.05738983405	-0.00186100710	0.02336250918
0.05739002461	-0.00185512137	0.02338735911
0.05739023258	-0.00184867637	0.02341299315
0.05739045413	-0.00184178565	0.02343925051
0.05739068734	-0.00183450461	0.02346606859
0.05739093281	-0.00182680906	0.02349351139
0.05739119325	-0.00181860870	0.02352174308
0.05739146647	-0.00180996574	0.02355068417
0.05739175246	-0.00180087453	0.02358036827
0.05739205118	-0.00179132955	0.02361082939
0.05739236255	-0.00178132548	0.02364210200
0.05739268654	-0.00177085633	0.02367422042
0.05739302304	-0.00175991641	0.02370721936
0.05739336959	-0.00174857874	0.02374100445
0.05739372957	-0.00173672271	0.02377581397
0.05739410217	-0.00172436534	0.02381163765
0.05739448459	-0.00171158956	0.02384835779
0.05739487820	-0.00169833919	0.02388610599
0.05739528411	-0.00168456569	0.02392499819
0.05739569845	-0.00167038887	0.02396483752
0.05739612479	-0.00165567484	0.02400590963
0.05739656110	-0.00164047993	0.02404812836
0.05739700509	-0.00162487132	0.02409139551
0.05739746037	-0.00160870865	0.02413602049
0.05739792430	-0.00159206981	0.02418186622
0.05739839658	-0.00157495096	0.02422897181
0.05739887688	-0.00155734807	0.02427737574
0.05739936487	-0.00153925727	0.02432711596
0.05739986017	-0.00152067512	0.02437822997
0.05740036239	-0.00150159839	0.02443075462
0.05740087112	-0.00148202390	0.02448472597
0.05740138592	-0.00146194895	0.02454017941
0.05740190632	-0.00144137125	0.02459714954
0.05740243098	-0.00142032309	0.02465559636
0.05740295963	-0.00139879456	0.02471558257
0.05740349308	-0.00137672872	0.02477728404
0.05740402782	-0.00135424893	0.02484042041
0.05740456652	-0.00133121848	0.02490540194
0.05740510512	-0.00130778678	0.02497185912
0.05740564592	-0.00128382878	0.02504019825
0.05740618599	-0.00125944826	0.02511016277
0.05740672519	-0.00123462645	0.02518187572
0.05740726320	-0.00120935183	0.02525542834
0.05740779866	-0.00118366102	0.02533076547
0.05740833070	-0.00115756923	0.02540791302
0.05740885838	-0.00113109662	0.02548688515
0.05740938086	-0.00110425938	0.02556771498
0.05740989740	-0.00107707035	0.02565044641
0.05741040697	-0.00104955782	0.02573506723
0.05741090852	-0.00102175492	0.02582156345
0.05741140130	-0.00099368055	0.02590998094
0.05741188446	-0.00096536126	0.02600032887
0.05741235714	-0.00093682828	0.02609260503
0.05741281852	-0.00090811317	0.02618681071
0.05741326782	-0.00087924855	0.02628294192
0.05741370393	-0.00085029465	0.02638088965
0.05741412674	-0.00082124950	0.02648085027
0.05741453542	-0.00079216288	0.02658271040
0.05741492912	-0.00076309522	0.02668634987
0.05741530768	-0.00073405964	0.02679192312
0.05741567061	-0.00070510131	0.02689934171
0.05741601730	-0.00067628223	0.02700846177
0.05741634783	-0.00064761258	0.02711947878
0.05741666169	-0.00061916075	0.02723212194
0.05741695897	-0.00059095040	0.02734653163
0.05741723952	-0.00056303263	0.02746255324
0.05741750341	-0.00053544592	0.02758017375
0.05741775078	-0.00050822811	0.02769936522
0.05741798176	-0.00048142540	0.02781999217
0.05741819671	-0.00045506784	0.02794211881
0.05741839588	-0.00042920286	0.02806550898
0.05741857974	-0.00040385777	0.02819030303
0.05741874870	-0.00037907510	0.02831619277
0.05741890331	-0.00035488332	0.02844333361
0.05741904415	-0.00033131466	0.02857146925
0.05741917179	-0.00030840010	0.02870061044
0.05741928692	-0.00028616282	0.02883067622
0.05741939019	-0.00026463182	0.02896146602
0.05741948228	-0.00024383316	0.02909305895
0.05741956394	-0.00022377827	0.02922526405
0.05741963587	-0.00020449005	0.02935794168
0.05741969878	-0.00018598930	0.02949112065
0.05741975341	-0.00016828053	0.02962463600
0.05741980046	-0.00015137559	0.02975839172
0.05741984063	-0.00013528350	0.02989226541
0.05741987458	-0.00012001448	0.03002621403
0.05741990296	-0.00010556703	0.03016012117
0.05741992639	-0.00009194061	0.03029388345
0.05741994547	-0.00007913430	0.03042740579
0.05741996074	-0.00006714312	0.03056059414
0.05741997273	-0.00005596031	0.03069335577
0.05741998191	-0.00004557677	0.03082559954
0.05741998873	-0.00003598135	0.03095720154
0.05741999357	-0.00002716854	0.03108813143
0.05741999682	-0.00001911710	0.03121828526
0.05741999879	-0.00001180864	0.03134756285
0.05741999976	-0.00000522462	0.03147585433
0.05742000000	0.00000064052	0.03160317678
0.05741999970	0.00000582919	0.03172932692
0.05741999907	0.00001033802	0.03185436944
0.05741999824	0.00001421601	0.03197809383
0.05741999735	0.00001746026	0.03210055894
0.05741999648	0.00002011203	0.03222164481
0.05741999571	0.00002219651	0.03234127073
0.05741999510	0.00002372883	0.03245941866
0.05741999467	0.00002473709	0.03257603567
0.05741999445	0.00002525003	0.03269106273
0.05741999443	0.00002529241	0.03280445725
0.05741999461	0.00002488944	0.03291618023
0.05741999496	0.00002406666	0.03302619626
0.05741999545	0.00002285166	0.03313445324
0.05741999606	0.00002126273	0.03324094249
0.05741999675	0.00001932442	0.03334565116
0.05741999746	0.00001706859	0.03344852707
0.05741999816	0.00001451695	0.03354954361
0.05741999881	0.00001168083	0.03364873787
0.05741999936	0.00000860245	0.03374601690
0.05741999976	0.00000528082	0.03384144870
0.05741999997	0.00000175218	0.03393498680
0.05741999997	-0.00000196198	0.03402660095
0.05741999970	-0.00000585878	0.03411635045
0.05741999915	-0.00000990624	0.03420420045
0.05741999827	-0.00001408826	0.03429015554
0.05741999706	-0.00001838925	0.03437422257
0.05741999548	-0.00002279421	0.03445641060
0.05741999352	-0.00002728839	0.03453673079
0.05741999116	-0.00003185747	0.03461519628
0.05741998841	-0.00003648765	0.03469182206
0.05741998524	-0.00004116589	0.03476662479
0.05741998167	-0.00004587927	0.03483962284
0.05741997770	-0.00005061100	0.03491080386
0.05741997331	-0.00005536558	0.03498023675
0.05741996852	-0.00006012568	0.03504793711
0.05741996336	-0.00006486824	0.03511386292
0.05741995780	-0.00006961449	0.03517814111
0.05741995190	-0.00007432583	0.03524069698
0.05741994562	-0.00007902193	0.03530164776
0.05741993904	-0.00008366711	0.03536091558
0.05741993212	-0.00008828847	0.03541863609
0.05741992492	-0.00009285591	0.03547477196
0.05741991745	-0.00009736704	0.03552934038
0.05741990970	-0.00010183286	0.03558242484
0.05741990172	-0.00010623579	0.03563402136
0.05741989353	-0.00011057342	0.03568415969
0.05741988516	-0.00011484214	0.03573286095
0.05741987660	-0.00011904414	0.03578016768
0.05741986788	-0.00012317748	0.03582611605
0.05741985903	-0.00012723649	0.03587072686
0.05741985006	-0.00013121961	0.03591403033
0.05741984101	-0.00013512572	0.03595605658
0.05741983187	-0.00013895357	0.03599683563
0.05741982268	-0.00014270228	0.03603639734
0.05741981345	-0.00014636881	0.03607475816
0.05741980418	-0.00014995810	0.03611196245
0.05741979491	-0.00015346975	0.03614804363
0.05741978563	-0.00015690070	0.03618302446
0.05741977638	-0.00016025056	0.03621693350
0.05741976717	-0.00016351629	0.03624978233
0.05741975802	-0.00016670165	0.03628160021
0.05741974889	-0.00016981661	0.03631245527
0.05741973983	-0.00017285084	0.03634234893
0.05741973084	-0.00017581404	0.03637136408
0.05741972555	-0.00017753389	0.03638624435
0.05741972523	-0.00017763482	0.03640122334
0.05741972991	-0.00017611566	0.03641612543
0.05741973940	-0.00017299421	0.03643077592
0.05741975333	-0.00016830707	0.03644500304
0.05741977116	-0.00016210919	0.03645863999
0.05741979222	-0.00015447323	0.03647152688
0.05741981568	-0.00014548872	0.03648351263
0.05741984069	-0.00013526099	0.03649445673
0.05741986630	-0.00012390994	0.03650423085
0.05741989161	-0.00011156867	0.03651272041
0.05741991572	-0.00009838185	0.03651982588
0.05741993782	-0.00008450409	0.03652546394
0.05741995721	-0.00007009811	0.03652956850
0.05741997334	-0.00005533278	0.03653209144
0.05792570701	-0.00167778641	0.02255860879
0.05792381948	-0.00174173383	0.02262140518
0.05792308382	-0.00176602951	0.02265107787
0.05792254301	-0.00178367917	0.02267574383
0.05792209835	-0.00179806098	0.02269770014
0.05792172078	-0.00181018295	0.02271820981
0.05792139127	-0.00182069577	0.02273773382
0.05792109410	-0.00183012516	0.02275637350
0.05792083260	-0.00183838258	0.02277473473
0.05792059458	-0.00184586668	0.02279264539
0.05792037628	-0.00185270376	0.02281019756
0.05792018241	-0.00185875471	0.02282775285
0.05792000664	-0.00186422383	0.02284518609
0.05791984420	-0.00186926401	0.02286241820
0.05791969941	-0.00187374510	0.02287971097
0.05791957130	-0.00187770095	0.02289709082
0.05791945752	-0.00188120710	0.02291452052
0.05791935764	-0.00188427994	0.02293203103
0.05791927129	-0.00188693216	0.02294965114
0.05791919825	-0.00188917293	0.02296740765
0.05791913803	-0.00189101835	0.02298531351
0.05791909120	-0.00189245206	0.02300342066
0.05791905799	-0.00189346806	0.02302176261
0.05791903679	-0.00189411648	0.02304029629
0.05791902879	-0.00189436106	0.02305909373
0.05791903399	-0.00189420219	0.02307817377
0.05791905234	-0.00189364097	0.02309755413
0.05791908396	-0.00189267348	0.02311725686
0.05791912897	-0.00189129577	0.02313730461
0.05791918660	-0.00188953011	0.02315768294
0.05791925367	-0.00188747288	0.02317827696
0.05791933866	-0.00188486314	0.02319947263
0.05791943710	-0.00188183596	0.02322108664
0.05791954263	-0.00187858505	0.02324286329
0.05791966870	-0.00187469400	0.02326542283
0.05791980249	-0.00187055602	0.02328820405
0.05791995387	-0.00186586263	0.02331168210
0.05792011414	-0.00186088100	0.02333547643
0.05792029282	-0.00185531111	0.02336005555
0.05792047892	-0.00184949238	0.02338492463
0.05792068216	-0.00184311657	0.02341057854
0.05792089879	-0.00183629623	0.02343685700
0.05792112692	-0.00182908631	0.02346369760
0.05792136715	-0.00182146288	0.02349116425
0.05792162214	-0.00181333638	0.02351942073
0.05792188974	-0.00180476852	0.02354838784
0.05792216992	-0.00179575370	0.02357809914
0.05792246266	-0.00178628647	0.02360858863
0.05792276789	-0.00177636154	0.02363989074
0.05792308555	-0.00176597303	0.02367203975
0.05792341556	-0.00175511526	0.02370507034
0.05792375549	-0.00174386066	0.02373888848
0.05792410867	-0.00173208968	0.02377373182
0.05792447429	-0.00171981916	0.02380959018
0.05792484961	-0.00170713133	0.02384634629
0.05792523599	-0.00169397051	0.02388413141
0.05792563448	-0.00168028856	0.02392306120
0.05792604132	-0.00166620424	0.02396293946
0.05792645999	-0.00165158484	0.02400405102
0.05792688851	-0.00163648617	0.02404631007
0.05792732465	-0.00162097481	0.02408961875
0.05792777191	-0.00160491162	0.02413428559
0.05792822774	-0.00158837376	0.02418017400
0.05792869182	-0.00157135740	0.02422732302
0.05792916384	-0.00155385854	0.02427577107
0.05792964348	-0.00153587331	0.02432555604
0.05793013035	-0.00151739826	0.02437671535
0.05793062409	-0.00149843016	0.02442928580
0.05793112428	-0.00147896583	0.02448330338
0.05793163049	-0.00145900253	0.02453880340
0.05793214227	-0.00143853797	0.02459582039
0.05793265831	-0.00141760412	0.02465431454
0.05793317832	-0.00139619112	0.02471434838
0.05793370312	-0.00137424255	0.02477609718
0.05793422925	-0.00135188057	0.02483928163
0.05793475934	-0.00132896976	0.02490431053
0.05793528939	-0.00130565811	0.02497081575
0.05793582167	-0.00128182174	0.02503920210
0.05793635330	-0.00125756345	0.02510921403
0.05793688415	-0.00123286469	0.02518097407
0.05793741388	-0.00120771406	0.02525457316
0.05793794117	-0.00118214785	0.02532995634
0.05793846516	-0.00115618119	0.02540714941
0.05793898493	-0.00112983411	0.02548616646
0.05793949965	-0.00110312275	0.02556704044
0.05794000859	-0.00107605989	0.02564981507
0.05794051073	-0.00104867364	0.02573447814
0.05794100504	-0.00102099694	0.02582101565
0.05794149078	-0.00099304865	0.02590947324
0.05794196713	-0.00096485520	0.02599986000
0.05794243321	-0.00093644766	0.02609217361
0.05794288822	-0.00090785747	0.02618641530
0.05794333139	-0.00087911710	0.02628258099
0.05794376164	-0.00085028639	0.02638056201
0.05794417884	-0.00082136363	0.02648055380
0.05794458219	-0.00079239830	0.02658244333
0.05794497082	-0.00076345045	0.02668611079
0.05794534460	-0.00073453335	0.02679170981
0.05794570302	-0.00070569195	0.02689915218
0.05794604549	-0.00067698786	0.02700829444
0.05794637207	-0.00064843149	0.02711933109
0.05794668228	-0.00062009073	0.02723199227
0.05794697618	-0.00059198932	0.02734641756
0.05794725363	-0.00056417811	0.02746245278
0.05794751468	-0.00053669547	0.02758008476
0.05794775948	-0.00050957912	0.02769928543
0.05794798816	-0.00048287506	0.02781991964
0.05794820104	-0.00045661335	0.02794205108
0.05794839839	-0.00043084111	0.02806544433
0.05794858066	-0.00040558574	0.02819023886
0.05794874825	-0.00038088949	0.02831612753
0.05794890169	-0.00035678088	0.02844326478
0.05794904155	-0.00033329196	0.02857139513
0.05794916840	-0.00031045367	0.02870052897
0.05794928291	-0.00028828915	0.02883058536
0.05794938570	-0.00026682726	0.02896136431
0.05794947746	-0.00024609410	0.02909294424
0.05794955891	-0.00022610103	0.02922513471
0.05794963075	-0.00020687091	0.02935779635
0.05794969367	-0.00018842452	0.02949095749
0.05794974839	-0.00017076639	0.02962445358
0.05794979562	-0.00015390838	0.02975818866
0.05794983602	-0.00013785950	0.02989204056
0.05794987025	-0.00012262999	0.03002596606
0.05794989895	-0.00010821839	0.03015984893
0.05794992275	-0.00009462421	0.03029358592
0.05794994220	-0.00008184659	0.03042708201
0.05794995787	-0.00006988060	0.03056024324
0.05794997025	-0.00005871954	0.03069297698
0.05794997983	-0.00004835439	0.03082519214
0.05794998703	-0.00003877409	0.03095676506
0.05794999225	-0.00002997319	0.03108766522
0.05794999585	-0.00002193056	0.03121778883
0.05794999815	-0.00001462793	0.03134703585
0.05794999944	-0.00000804685	0.03147529662
0.05794999996	-0.00000218183	0.03160258787
0.05794999992	0.00000300935	0.03172870694
0.05794999951	0.00000752332	0.03185371800
0.05794999888	0.00001140883	0.03197741121
0.05794999814	0.00001466300	0.03209984493
0.05794999741	0.00001732687	0.03222089951
0.05794999674	0.00001942553	0.03234049440
0.05794999620	0.00002097403	0.03245861144
0.05794999582	0.00002200034	0.03257519774
0.05794999562	0.00002253307	0.03269019437
0.05794999559	0.00002259686	0.03280355876
0.05794999574	0.00002221681	0.03291525196
0.05794999604	0.00002141835	0.03302523855
0.05794999647	0.00002022894	0.03313346657
0.05794999699	0.00001866680	0.03323992726
0.05794999758	0.00001675637	0.03334460773
0.05794999818	0.00001452937	0.03344745596
0.05794999876	0.00001200741	0.03354844537
0.05794999927	0.00000920180	0.03364761284
0.05794999967	0.00000615455	0.03374486578
0.05794999993	0.00000286470	0.03384027187
0.05795000000	-0.00000063166	0.03393378480
0.05794999984	-0.00000431316	0.03402537445
0.05794999942	-0.00000817689	0.03411509985
0.05794999872	-0.00001219103	0.03420292632
0.05794999770	-0.00001633953	0.03428885844
0.05794999634	-0.00002060686	0.03437290305
0.05794999462	-0.00002497809	0.03445506921
0.05794999252	-0.00002943852	0.03453536808
0.05794999004	-0.00003397389	0.03461381279
0.05794998716	-0.00003857045	0.03469041831
0.05794998389	-0.00004321520	0.03476520130
0.05794998021	-0.00004789528	0.03483818011
0.05794997613	-0.00005259399	0.03490934253
0.05794997166	-0.00005731576	0.03497875724
0.05794996679	-0.00006204333	0.03504643985
0.05794996155	-0.00006675379	0.03511234861
0.05794995593	-0.00007146821	0.03517661002
0.05794994997	-0.00007614818	0.03523914977
0.05794994365	-0.00008081325	0.03530008471
0.05794993703	-0.00008542795	0.03535933739
0.05794993008	-0.00009001919	0.03541704300
0.05794992286	-0.00009455703	0.03547316447
0.05794991537	-0.00009903907	0.03552771903
0.05794990762	-0.00010347627	0.03558078992
0.05794989964	-0.00010785110	0.03563237331
0.05794989146	-0.00011216116	0.03568249891
0.05794988309	-0.00011640288	0.03573118789
0.05794987455	-0.00012057840	0.03577848270
0.05794986586	-0.00012468578	0.03582441951
0.05794985704	-0.00012871940	0.03586901912
0.05794984812	-0.00013267768	0.03591231174
0.05794983910	-0.00013655950	0.03595432748
0.05794983001	-0.00014036360	0.03599509636
0.05794982087	-0.00014408913	0.03603464821
0.05794981169	-0.00014773304	0.03607299955
0.05794980249	-0.00015130025	0.03611019464
0.05794979327	-0.00015479033	0.03614626689
0.05794978406	-0.00015820025	0.03618123908
0.05794977488	-0.00016152962	0.03621513974
0.05794976574	-0.00016477541	0.03624798052
0.05794975665	-0.00016794136	0.03627979065
0.05794974759	-0.00017103737	0.03631063811
0.05794973861	-0.00017405316	0.03634052439
0.05794972969	-0.00017699835	0.03636953214
0.05794972444	-0.00017870975	0.03638441337
0.05794972416	-0.00017880219	0.03639939239
0.05794972885	-0.00017727458	0.03641429361
0.05794973834	-0.00017414482	0.03642894231
0.05794975226	-0.00016944962	0.03644316674
0.05794977007	-0.00016324401	0.03645680015
0.05794979110	-0.00015560075	0.03646968270
0.05794981454	-0.00014660945	0.03648166334
0.05794983953	-0.00013637552	0.03649260161
0.05794986514	-0.00012501894	0.03650236928
0.05794989046	-0.00011267287	0.03651085183
0.05794991461	-0.00009948204	0.03651794980
0.05794993678	-0.00008560111	0.03652357998
0.05794995627	-0.00007119281	0.03652767637
0.05794997253	-0.00005642607	0.03653019092
0.05844614966	-0.00166987711	0.02255677457
0.05844428177	-0.00173402084	0.02261937060
0.05844355308	-0.00175840922	0.02264896702
0.05844301703	-0.00177613640	0.02267357677
0.05844257609	-0.00179058664	0.02269548781
0.05844220145	-0.00180277268	0.02271595895
0.05844187433	-0.00181334644	0.02273544939
0.05844157920	-0.00182283329	0.02275405974
0.05844131927	-0.00183114784	0.02277239440
0.05844108255	-0.00183868721	0.02279028138
0.05844086534	-0.00184557794	0.02280781242
0.05844067223	-0.00185168291	0.02282534833
0.05844049699	-0.00185720546	0.02284276416
0.05844033493	-0.00186229776	0.02285998089
0.05844019029	-0.00186683118	0.02287725977
0.05844006211	-0.00187083959	0.02289462718
0.05843994808	-0.00187439820	0.02291204596
0.05843984775	-0.00187752350	0.02292954699
0.05843976080	-0.00188022823	0.02294715903
0.05843968696	-0.00188252168	0.02296490883
0.05843962578	-0.00188441990	0.02298280934
0.05843957782	-0.00188590678	0.02300091239
0.05843954329	-0.00188697646	0.02301925150
0.05843952061	-0.00188767873	0.02303778366
0.05843951095	-0.00188797769	0.02305658082
0.05843951431	-0.00188787375	0.02307566180
0.05843953064	-0.00188736808	0.02309504433
0.05843956007	-0.00188645678	0.02311475043
0.05843960269	-0.00188513599	0.02313480275
0.05843965777	-0.00188342780	0.02315518695
0.05843972219	-0.00188142784	0.02317578840
0.05843980424	-0.00187887733	0.02319699225
0.05843989956	-0.00187591022	0.02321861566
0.05844000192	-0.00187271867	0.02324040356
0.05844012450	-0.00186888970	0.02326297479
0.05844025472	-0.00186481327	0.02328576954
0.05844040227	-0.00186018349	0.02330926186
0.05844055861	-0.00185526531	0.02333307217
0.05844073308	-0.00184976120	0.02335766791
0.05844091491	-0.00184400780	0.02338255549
0.05844111362	-0.00183769943	0.02340822863
0.05844132554	-0.00183094770	0.02343452750
0.05844154881	-0.00182380713	0.02346138990
0.05844178404	-0.00181625399	0.02348887965
0.05844203380	-0.00180819951	0.02351716015
0.05844229601	-0.00179970486	0.02354615246
0.05844257063	-0.00179076453	0.02357589012
0.05844285765	-0.00178137309	0.02360640711
0.05844315698	-0.00177152534	0.02363773781
0.05844346858	-0.00176121543	0.02366991648
0.05844379238	-0.00175043777	0.02370297777
0.05844412597	-0.00173926417	0.02373682796
0.05844447263	-0.00172757610	0.02377170411
0.05844483156	-0.00171539026	0.02380759612
0.05844520008	-0.00170278818	0.02384438712
0.05844557951	-0.00168971466	0.02388220808
0.05844597091	-0.00167612197	0.02392117435
0.05844637055	-0.00166212785	0.02396109040
0.05844678188	-0.00164760071	0.02400224025
0.05844720293	-0.00163259586	0.02404453844
0.05844763153	-0.00161717930	0.02408788746
0.05844807111	-0.00160121309	0.02413259494
0.05844851916	-0.00158477368	0.02417852479
0.05844897539	-0.00156785725	0.02422571599
0.05844943947	-0.00155045980	0.02427420690
0.05844991109	-0.00153257747	0.02432403533
0.05845038989	-0.00151420682	0.02437523865
0.05845087548	-0.00149534461	0.02442785360
0.05845136748	-0.00147598764	0.02448191608
0.05845186546	-0.00145613318	0.02453746135
0.05845236898	-0.00143577889	0.02459452388
0.05845287673	-0.00141495645	0.02465306403
0.05845338846	-0.00139365606	0.02471314416
0.05845390496	-0.00137182177	0.02477493896
0.05845442283	-0.00134957462	0.02483817015
0.05845494465	-0.00132678040	0.02490324510
0.05845546650	-0.00130358573	0.02496979703
0.05845599061	-0.00127986788	0.02503822930
0.05845651414	-0.00125572870	0.02510828731
0.05845703696	-0.00123114982	0.02518009316
0.05845755875	-0.00120612000	0.02525373745
0.05845807819	-0.00118067519	0.02532916542
0.05845859446	-0.00115483044	0.02540640277
0.05845910664	-0.00112860566	0.02548546351
0.05845961391	-0.00110201691	0.02556638046
0.05846011555	-0.00107507696	0.02564919712
0.05846061055	-0.00104781371	0.02573390130
0.05846109792	-0.00102025995	0.02582047901
0.05846157690	-0.00099243446	0.02590897565
0.05846204669	-0.00096436356	0.02599940020
0.05846250643	-0.00093607820	0.02609175029
0.05846295532	-0.00090760965	0.02618602705
0.05846339262	-0.00087899026	0.02628222634
0.05846381723	-0.00085027950	0.02638023979
0.05846422904	-0.00082147593	0.02648026196
0.05846462725	-0.00079262868	0.02658218015
0.05846501102	-0.00076379747	0.02668587490
0.05846538019	-0.00073499572	0.02679149907
0.05846573428	-0.00070626813	0.02689896465
0.05846607269	-0.00067767598	0.02700812860
0.05846639548	-0.00064922986	0.02711918445
0.05846670217	-0.00062099719	0.02723186324
0.05846699282	-0.00059300182	0.02734630380
0.05846726727	-0.00056529431	0.02746235237
0.05846752560	-0.00053791292	0.02757999561
0.05846776792	-0.00051089530	0.02769920534
0.05846799437	-0.00048428721	0.02781984673
0.05846820527	-0.00045811873	0.02794198296
0.05846840085	-0.00043243671	0.02806537932
0.05846858158	-0.00040726862	0.02819017445
0.05846874784	-0.00038265641	0.02831606221
0.05846890016	-0.00035862868	0.02844319610
0.05846903907	-0.00033521730	0.02857132143
0.05846916515	-0.00031245316	0.02870044824
0.05846927904	-0.00029035936	0.02883049566
0.05846938137	-0.00026896465	0.02896126418
0.05846947280	-0.00024829513	0.02909283162
0.05846955405	-0.00022836214	0.02922500800
0.05846962579	-0.00020918845	0.02935765422
0.05846968871	-0.00019079486	0.02949079818
0.05846974351	-0.00017318591	0.02962427567
0.05846979090	-0.00015637345	0.02975799084
0.05846983151	-0.00014036651	0.02989182168
0.05846986601	-0.00012517532	0.03002572484
0.05846989502	-0.00011079849	0.03015958426
0.05846991915	-0.00009723557	0.03029329678
0.05846993896	-0.00008448572	0.03042676750
0.05846995500	-0.00007254411	0.03055990251
0.05846996776	-0.00006140409	0.03069260925
0.05846997771	-0.00005105670	0.03082479674
0.05846998528	-0.00004149098	0.03095634152
0.05846999086	-0.00003270152	0.03108721291
0.05846999480	-0.00002466733	0.03121730726
0.05846999742	-0.00001737022	0.03134652470
0.05846999900	-0.00001079186	0.03147475574
0.05846999979	-0.00000492681	0.03160201678
0.05847000000	0.00000026697	0.03172810577
0.05846999980	0.00000478608	0.03185308636
0.05846999936	0.00000867906	0.03197674937
0.05846999878	0.00001194302	0.03209915271
0.05846999817	0.00001461883	0.03222017699
0.05846999761	0.00001673144	0.03233974183
0.05846999714	0.00001829584	0.03245782894
0.05846999680	0.00001933987	0.03257438550
0.05846999662	0.00001989199	0.03268935265
0.05846999659	0.00001997677	0.03280268786
0.05846999671	0.00001961917	0.03291435220
0.05846999696	0.00001884452	0.03302431028
0.05846999733	0.00001768016	0.03313251023
0.05846999777	0.00001614423	0.03323894326
0.05846999826	0.00001426108	0.03334359642
0.05846999876	0.00001206227	0.03344641782
0.05846999922	0.00000956934	0.03354738094
0.05846999961	0.00000679356	0.03364652247
0.05846999988	0.00000377674	0.03374375013
0.05847000000	0.00000051796	0.03383913131
0.05846999993	-0.00000294687	0.03393261985
0.05846999963	-0.00000659645	0.03402418575
0.05846999907	-0.00001042788	0.03411388781
0.05846999822	-0.00001440946	0.03420169148
0.05846999707	-0.00001852521	0.03428760134
0.05846999557	-0.00002275967	0.03437162423
0.05846999372	-0.00002709795	0.03445376921
0.05846999150	-0.00003152542	0.03453404742
0.05846998890	-0.00003602786	0.03461247199
0.05846998591	-0.00004059159	0.03468905787
0.05846998253	-0.00004520364	0.03476382174
0.05846997875	-0.00004985121	0.03483678191
0.05846997458	-0.00005451766	0.03490792629
0.05846997002	-0.00005920740	0.03497732338
0.05846996508	-0.00006390323	0.03504498880
0.05846995978	-0.00006858234	0.03511088105
0.05846995410	-0.00007326568	0.03517512619
0.05846994809	-0.00007791503	0.03523765032
0.05846994173	-0.00008254982	0.03529856992
0.05846993507	-0.00008713476	0.03535780792
0.05846992810	-0.00009169660	0.03541549910
0.05846992085	-0.00009620554	0.03547160661
0.05846991335	-0.00010065920	0.03552614774
0.05846990560	-0.00010506845	0.03557920549
0.05846989762	-0.00010941586	0.03563077614
0.05846988945	-0.00011369902	0.03568088941
0.05846988110	-0.00011791438	0.03572956648
0.05846987259	-0.00012206405	0.03577684976
0.05846986392	-0.00012614612	0.03582277535
0.05846985514	-0.00013015495	0.03586736410
0.05846984625	-0.00013408898	0.03591064621
0.05846983727	-0.00013794709	0.03595265177
0.05846982823	-0.00014172803	0.03599341079
0.05846981914	-0.00014543093	0.03603295310
0.05846981002	-0.00014905276	0.03607129524
0.05846980087	-0.00015259842	0.03610848143
0.05846979171	-0.00015606746	0.03614454502
0.05846978257	-0.00015945686	0.03617950883
0.05846977345	-0.00016276624	0.03621340136
0.05846976438	-0.00016599256	0.03624623434
0.05846975536	-0.00016913957	0.03627803698
0.05846974638	-0.00017221708	0.03630887706
0.05846973747	-0.00017521488	0.03633875619
0.05846972862	-0.00017814251	0.03636775678
0.05846972341	-0.00017984566	0.03638263893
0.05846972315	-0.00017992980	0.03639761799
0.05846972786	-0.00017839393	0.03641251833
0.05846973735	-0.00017525606	0.03642716528
0.05846975125	-0.00017055297	0.03644138709
0.05846976905	-0.00016433982	0.03645501705
0.05846979005	-0.00015668943	0.03646789534
0.05846981347	-0.00014769150	0.03647987098
0.05846983844	-0.00013745152	0.03649080357
0.05846986404	-0.00012608955	0.03650056493
0.05846988937	-0.00011373879	0.03650904062
0.05846991355	-0.00010054405	0.03651613127
0.05846993578	-0.00008666001	0.03652175375
0.05846995536	-0.00007224946	0.03652584215
0.05846997175	-0.00005748135	0.03652834852
0.05896658117	-0.00166204836	0.02255496763
0.05896473261	-0.00172638582	0.02261736470
0.05896401080	-0.00175086574	0.02264688533
0.05896347944	-0.00176866948	0.02267143919
0.05896304218	-0.00178318733	0.02269330520
0.05896267046	-0.00179543666	0.02271373801
0.05896234569	-0.00180607066	0.02273319504
0.05896205258	-0.00181561428	0.02275177618
0.05896179422	-0.00182398531	0.02277008438
0.05896155881	-0.00183157933	0.02278794776
0.05896134270	-0.00183852309	0.02280545772
0.05896115035	-0.00184468148	0.02282297431
0.05896097565	-0.00185025685	0.02284037273
0.05896081401	-0.00185540072	0.02285757409
0.05896066954	-0.00185998589	0.02287483909
0.05896054131	-0.00186404629	0.02289219405
0.05896042705	-0.00186765680	0.02290960186
0.05896032632	-0.00187083399	0.02292709338
0.05896023879	-0.00187359069	0.02294469729
0.05896016421	-0.00187593624	0.02296244030
0.05896010212	-0.00187788671	0.02298033538
0.05896005306	-0.00187942622	0.02299843425
0.05896001726	-0.00188054903	0.02301677039
0.05895999316	-0.00188130460	0.02303530092
0.05895998190	-0.00188165737	0.02305409767
0.05895998348	-0.00188160782	0.02307317945
0.05895999786	-0.00188115713	0.02309256398
0.05896002516	-0.00188030147	0.02311227329
0.05896006547	-0.00187903702	0.02313233001
0.05896011807	-0.00187738573	0.02315271987
0.05896017991	-0.00187544249	0.02317332855
0.05896025912	-0.00187295062	0.02319454036
0.05896035142	-0.00187004301	0.02321617294
0.05896045069	-0.00186691024	0.02323797184
0.05896056987	-0.00186314275	0.02326055452
0.05896069662	-0.00185912729	0.02328336253
0.05896084044	-0.00185456050	0.02330686884
0.05896099296	-0.00184970516	0.02333069484
0.05896116334	-0.00184426622	0.02335530688
0.05896134100	-0.00183857753	0.02338021266
0.05896153530	-0.00183233596	0.02340590469
0.05896174263	-0.00182565220	0.02343222363
0.05896196118	-0.00181858032	0.02345910749
0.05896219152	-0.00181109683	0.02348661996
0.05896243619	-0.00180311369	0.02351492409
0.05896269314	-0.00179469158	0.02354394121
0.05896296235	-0.00178582502	0.02357370485
0.05896324378	-0.00177650867	0.02360424891
0.05896353737	-0.00176673739	0.02363560778
0.05896384306	-0.00175650536	0.02366781568
0.05896416079	-0.00174580705	0.02370090722
0.05896448820	-0.00173471369	0.02373478901
0.05896482850	-0.00172310777	0.02376969749
0.05896518090	-0.00171100583	0.02380562268
0.05896554279	-0.00169848870	0.02384244810
0.05896591544	-0.00168550167	0.02388030438
0.05896629991	-0.00167199741	0.02391930664
0.05896669254	-0.00165809264	0.02395925996
0.05896709669	-0.00164365690	0.02400044759
0.05896751046	-0.00162874500	0.02404278438
0.05896793169	-0.00161342237	0.02408617321
0.05896836378	-0.00159755223	0.02413092078
0.05896880424	-0.00158121034	0.02417689153
0.05896925279	-0.00156439289	0.02422412436
0.05896970913	-0.00154709589	0.02427265756
0.05897017292	-0.00152931549	0.02432252890
0.05897064383	-0.00151104825	0.02437377567
0.05897112147	-0.00149229093	0.02442643453
0.05897160547	-0.00147304031	0.02448054135
0.05897209541	-0.00145329364	0.02453613131
0.05897259085	-0.00143304856	0.02459323881
0.05897309052	-0.00141233646	0.02465182439
0.05897359416	-0.00139114760	0.02471195022
0.05897410255	-0.00136942648	0.02477379046
0.05897461235	-0.00134729303	0.02483706782
0.05897512609	-0.00132461427	0.02490218826
0.05897563993	-0.00130153544	0.02496878633
0.05897615605	-0.00127793495	0.02503726397
0.05897667166	-0.00125391370	0.02510736752
0.05897718664	-0.00122945353	0.02517921864
0.05897770066	-0.00120454331	0.02525290759
0.05897821245	-0.00117921869	0.02532837984
0.05897872116	-0.00115349463	0.02540566095
0.05897922592	-0.00112739092	0.02548476490
0.05897972590	-0.00110092356	0.02556572432
0.05898022040	-0.00107410526	0.02564858255
0.05898070843	-0.00104696378	0.02573332739
0.05898118899	-0.00101953168	0.02581994486
0.05898166137	-0.00099182773	0.02590848012
0.05898212474	-0.00096387813	0.02599894207
0.05898257827	-0.00093571366	0.02609132826
0.05898302118	-0.00090736550	0.02618563973
0.05898345272	-0.00087886583	0.02628187227
0.05898387182	-0.00085027376	0.02637991785
0.05898427835	-0.00082158810	0.02647997011
0.05898467154	-0.00079285768	0.02658191669
0.05898505054	-0.00076414187	0.02668563849
0.05898541521	-0.00073545423	0.02679128758
0.05898576505	-0.00070683923	0.02689877619
0.05898609947	-0.00067835780	0.02700796166
0.05898641855	-0.00065002073	0.02711903657
0.05898672178	-0.00062189497	0.02723173287
0.05898700924	-0.00059400446	0.02734618862
0.05898728076	-0.00056639949	0.02746225049
0.05898753641	-0.00053911823	0.02757990496
0.05898777630	-0.00051219822	0.02769912375
0.05898800056	-0.00048568502	0.02781977236
0.05898820950	-0.00045960871	0.02794191343
0.05898840335	-0.00043401587	0.02806531299
0.05898858256	-0.00040893404	0.02819010883
0.05898874751	-0.00038440489	0.02831599580
0.05898889871	-0.00036045709	0.02844312650
0.05898903668	-0.00033712232	0.02857124701
0.05898916199	-0.00031443145	0.02870036702
0.05898927528	-0.00029240752	0.02883040568
0.05898937715	-0.00027107917	0.02896116405
0.05898946824	-0.00025047250	0.02909271927
0.05898954928	-0.00023059883	0.02922488187
0.05898962092	-0.00021148085	0.02935751299
0.05898968382	-0.00019313938	0.02949064010
0.05898973870	-0.00017557897	0.02962409936
0.05898978623	-0.00015881145	0.02975779498
0.05898982705	-0.00014284587	0.02989160516
0.05898986180	-0.00012769247	0.03002548639
0.05898989110	-0.00011334991	0.03015932277
0.05898991555	-0.00009981777	0.03029301127
0.05898993570	-0.00008709528	0.03042645703
0.05898995210	-0.00007517765	0.03055956627
0.05898996522	-0.00006405829	0.03069224648
0.05898997553	-0.00005372835	0.03082440676
0.05898998346	-0.00004417691	0.03095592387
0.05898998938	-0.00003539864	0.03108676696
0.05898999365	-0.00002737265	0.03121683255
0.05898999658	-0.00002008087	0.03134602088
0.05898999845	-0.00001350507	0.03147422267
0.05898999951	-0.00000763984	0.03160145398
0.05898999995	-0.00000244336	0.03172751338
0.05898999996	0.00000208097	0.03185246399
0.05898999970	0.00000598148	0.03197609729
0.05898999927	0.00000925528	0.03209847071
0.05898999879	0.00001194303	0.03221946518
0.05898999832	0.00001406957	0.03233900044
0.05898999792	0.00001564982	0.03245705809
0.05898999763	0.00001671151	0.03257358538
0.05898999747	0.00001728297	0.03268852351
0.05898999744	0.00001738863	0.03280183000
0.05898999754	0.00001705337	0.03291346593
0.05898999775	0.00001630240	0.03302339594
0.05898999805	0.00001516295	0.03313156827
0.05898999842	0.00001365307	0.03323797405
0.05898999882	0.00001179703	0.03334260032
0.05898999921	0.00000962624	0.03344539531
0.05898999957	0.00000716214	0.03354633256
0.05898999983	0.00000441599	0.03364544854
0.05898999998	0.00000142939	0.03374265131
0.05898999997	-0.00000179855	0.03383800795
0.05898999977	-0.00000523207	0.03393147248
0.05898999934	-0.00000884996	0.03402301501
0.05898999864	-0.00001264932	0.03411269408
0.05898999766	-0.00001659858	0.03420047530
0.05898999637	-0.00002068184	0.03428636324
0.05898999475	-0.00002488367	0.03437036475
0.05898999278	-0.00002918926	0.03445248886
0.05898999044	-0.00003358402	0.03453274673
0.05898998773	-0.00003805380	0.03461115146
0.05898998463	-0.00004258494	0.03468771801
0.05898998115	-0.00004716455	0.03476246304
0.05898997727	-0.00005177987	0.03483540486
0.05898997302	-0.00005641434	0.03490653149
0.05898996839	-0.00006107229	0.03497591123
0.05898996337	-0.00006573663	0.03504355972
0.05898995801	-0.00007038465	0.03510943570
0.05898995228	-0.00007503716	0.03517366483
0.05898994622	-0.00007965615	0.03523617358
0.05898993982	-0.00008426091	0.03529707805
0.05898993314	-0.00008881633	0.03535630162
0.05898992614	-0.00009334901	0.03541397857
0.05898991888	-0.00009782929	0.03547007234
0.05898991137	-0.00010225481	0.03552460025
0.05898990362	-0.00010663634	0.03557764505
0.05898989565	-0.00011095656	0.03562920316
0.05898988749	-0.00011521304	0.03567930429
0.05898987916	-0.00011940226	0.03572796963
0.05898987067	-0.00012352631	0.03577524155
0.05898986203	-0.00012758326	0.03582115610
0.05898985328	-0.00013156751	0.03586573415
0.05898984443	-0.00013547750	0.03590900591
0.05898983550	-0.00013931211	0.03595100144
0.05898982650	-0.00014307008	0.03599175075
0.05898981746	-0.00014675054	0.03603128366
0.05898980840	-0.00015035049	0.03606961675
0.05898979931	-0.00015387477	0.03610679416
0.05898979021	-0.00015732295	0.03614284924
0.05898978113	-0.00016069200	0.03617780478
0.05898977208	-0.00016398155	0.03621168932
0.05898976308	-0.00016718859	0.03624451462
0.05898975413	-0.00017031682	0.03627630987
0.05898974522	-0.00017337599	0.03630714269
0.05898973638	-0.00017635595	0.03633701478
0.05898972761	-0.00017926616	0.03636600830
0.05898972244	-0.00018096112	0.03638089137
0.05898972220	-0.00018103702	0.03639587046
0.05898972692	-0.00017949296	0.03641076994
0.05898973641	-0.00017634703	0.03642541514
0.05898975030	-0.00017163613	0.03643963435
0.05898976808	-0.00016541549	0.03645326086
0.05898978905	-0.00015775802	0.03646613493
0.05898981245	-0.00014875352	0.03647810560
0.05898983739	-0.00013850754	0.03648903254
0.05898986299	-0.00012714022	0.03649878764
0.05898988832	-0.00011478481	0.03650725653
0.05898991253	-0.00010158618	0.03651433991
0.05898993481	-0.00008769907	0.03651995475
0.05898995448	-0.00007328630	0.03652403521
0.05898997098	-0.00005851683	0.03652653345
0.05948700189	-0.00165429934	0.02255318754
0.05948517236	-0.00171882799	0.02261538703
0.05948445732	-0.00174339829	0.02264483236
0.05948393061	-0.00176127765	0.02266933066
0.05948349698	-0.00177586228	0.02269115190
0.05948312814	-0.00178817415	0.02271154657
0.05948280571	-0.00179886767	0.02273097035
0.05948251462	-0.00180846741	0.02274952241
0.05948225782	-0.00181689426	0.02276780425
0.05948202372	-0.00182454231	0.02278564411
0.05948180870	-0.00183153850	0.02280313306
0.05948161713	-0.00183774971	0.02282063036
0.05948144299	-0.00184337732	0.02283801142
0.05948128177	-0.00184857217	0.02285519742
0.05948113750	-0.00185320853	0.02287244854
0.05948100925	-0.00185732036	0.02288979102
0.05948089479	-0.00186098221	0.02290718785
0.05948079369	-0.00186421073	0.02292466980
0.05948070562	-0.00186701884	0.02294226553
0.05948063033	-0.00186941595	0.02296000170
0.05948056737	-0.00187141813	0.02297789125
0.05948051727	-0.00187300972	0.02299598585
0.05948048025	-0.00187418510	0.02301431892
0.05948045477	-0.00187499342	0.02303284771
0.05948044197	-0.00187539947	0.02305164392
0.05948044183	-0.00187540375	0.02307072635
0.05948045433	-0.00187500748	0.02309011274
0.05948047956	-0.00187420690	0.02310982509
0.05948051763	-0.00187299823	0.02312988604
0.05948056783	-0.00187140329	0.02315028138
0.05948062718	-0.00186951620	0.02317089708
0.05948070362	-0.00186708241	0.02319211664
0.05948079297	-0.00186423370	0.02321375815
0.05948088926	-0.00186115915	0.02323556782
0.05948100512	-0.00185745253	0.02325816170
0.05948112850	-0.00185349746	0.02328098270
0.05948126869	-0.00184899306	0.02330450273
0.05948141749	-0.00184419997	0.02332834413
0.05948158388	-0.00183882557	0.02335297218
0.05948175749	-0.00183320097	0.02337789583
0.05948194749	-0.00182702558	0.02340360644
0.05948215035	-0.00182040914	0.02342994511
0.05948236429	-0.00181340531	0.02345685007
0.05948258987	-0.00180599081	0.02348438490
0.05948282957	-0.00179807835	0.02351271230
0.05948308140	-0.00178972809	0.02354175385
0.05948334533	-0.00178093463	0.02357154305
0.05948362132	-0.00177169267	0.02360211380
0.05948390930	-0.00176199713	0.02363350042
0.05948420924	-0.00175184226	0.02366573711
0.05948452105	-0.00174122256	0.02369885846
0.05948484242	-0.00173020871	0.02373277140
0.05948517651	-0.00171868417	0.02376771176
0.05948552255	-0.00170666534	0.02380366965
0.05948587796	-0.00169423238	0.02384052900
0.05948624401	-0.00168133103	0.02387842013
0.05948662170	-0.00166791438	0.02391745787
0.05948700748	-0.00165409813	0.02395744796
0.05948740464	-0.00163975293	0.02399867285
0.05948781129	-0.00162493311	0.02404104773
0.05948822534	-0.00160970351	0.02408447583
0.05948865011	-0.00159392855	0.02412926297
0.05948908316	-0.00157768325	0.02417527407
0.05948952422	-0.00156096385	0.02422254798
0.05948997298	-0.00154376637	0.02427112293
0.05949042914	-0.00152608693	0.02432103662
0.05949089234	-0.00150792212	0.02437232628
0.05949136222	-0.00148926868	0.02442502850
0.05949183841	-0.00147012340	0.02447917909
0.05949232049	-0.00145048348	0.02453481317
0.05949280804	-0.00143034658	0.02459196507
0.05949329981	-0.00140974375	0.02465059551
0.05949379555	-0.00138866534	0.02471076650
0.05949429600	-0.00136705629	0.02477265161
0.05949479792	-0.00134503545	0.02483597457
0.05949530377	-0.00132247102	0.02490113994
0.05949580978	-0.00129950689	0.02496778361
0.05949631809	-0.00127602262	0.02503630608
0.05949682597	-0.00125211813	0.02510645462
0.05949733328	-0.00122777550	0.02517835048
0.05949783971	-0.00120298369	0.02525208357
0.05949834400	-0.00117777807	0.02532759957
0.05949884534	-0.00115217349	0.02540492396
0.05949934283	-0.00112618963	0.02548407061
0.05949983569	-0.00109984242	0.02556507204
0.05950032320	-0.00107314455	0.02564797137
0.05950080441	-0.00104612359	0.02573275642
0.05950127832	-0.00101881191	0.02581941321
0.05950174423	-0.00099122826	0.02590798669
0.05950220133	-0.00096339870	0.02599848562
0.05950264879	-0.00093535389	0.02609090754
0.05950308584	-0.00090712485	0.02618525337
0.05950351174	-0.00087874365	0.02628151883
0.05950392544	-0.00085026902	0.02637959621
0.05950432681	-0.00082170003	0.02647967827
0.05950471507	-0.00079308521	0.02658165299
0.05950508940	-0.00076448356	0.02668540159
0.05950544965	-0.00073590881	0.02679107540
0.05950579533	-0.00070740518	0.02689858683
0.05950612585	-0.00067903327	0.02700779367
0.05950644128	-0.00065080407	0.02711888750
0.05950674113	-0.00062278405	0.02723160120
0.05950702545	-0.00059499725	0.02734607206
0.05950729410	-0.00056749368	0.02746214716
0.05950754711	-0.00054031144	0.02757981284
0.05950778462	-0.00051348795	0.02769904070
0.05950800672	-0.00048706857	0.02781969654
0.05950821374	-0.00046108339	0.02794184252
0.05950840589	-0.00043557870	0.02806524536
0.05950858360	-0.00041058214	0.02819004202
0.05950874725	-0.00038613509	0.02831592836
0.05950889734	-0.00036226629	0.02844305602
0.05950903439	-0.00033900723	0.02857117189
0.05950915894	-0.00031638875	0.02870028530
0.05950927162	-0.00029443385	0.02883031545
0.05950937302	-0.00027317105	0.02896106392
0.05950946378	-0.00025262646	0.02909260720
0.05950954460	-0.00023281137	0.02922475631
0.05950961613	-0.00021374840	0.02935737265
0.05950967901	-0.00019545839	0.02949048324
0.05950973395	-0.00017794588	0.02962392462
0.05950978161	-0.00016122272	0.02975760108
0.05950982262	-0.00014529793	0.02989139097
0.05950985761	-0.00013018180	0.03002525066
0.05950988719	-0.00011587302	0.03015906442
0.05950991195	-0.00010237121	0.03029272930
0.05950993243	-0.00008967567	0.03042615056
0.05950994917	-0.00007778163	0.03055923446
0.05950996264	-0.00006668261	0.03069188860
0.05950997330	-0.00005636979	0.03082402212
0.05950998157	-0.00004683235	0.03095551202
0.05950998783	-0.00003806502	0.03108632728
0.05950999241	-0.00003004702	0.03121636457
0.05950999565	-0.00002276039	0.03134552427
0.05950999780	-0.00001618699	0.03147369729
0.05950999910	-0.00001032146	0.03160089936
0.05950999978	-0.00000512218	0.03172692964
0.05951000000	-0.00000059255	0.03185185075
0.05950999991	0.00000331553	0.03197545481
0.05950999963	0.00000659917	0.03209779879
0.05950999927	0.00000929886	0.03221876391
0.05950999890	0.00001143931	0.03233827005
0.05950999857	0.00001303538	0.03245629872
0.05950999833	0.00001411466	0.03257279718
0.05950999818	0.00001470536	0.03268770675
0.05950999815	0.00001483180	0.03280098497
0.05950999823	0.00001451877	0.03291259293
0.05950999840	0.00001379135	0.03302249531
0.05950999865	0.00001267665	0.03313064045
0.05950999895	0.00001119266	0.03323701941
0.05950999926	0.00000936354	0.03334161919
0.05950999956	0.00000722058	0.03344438819
0.05950999981	0.00000478512	0.03354529996
0.05950999996	0.00000206838	0.03364439077
0.05950999999	-0.00000088821	0.03374156905
0.05950999986	-0.00000408553	0.03383690153
0.05950999953	-0.00000748797	0.03393034242
0.05950999897	-0.00001107442	0.03402186193
0.05950999815	-0.00001484195	0.03411151836
0.05950999704	-0.00001875914	0.03419927748
0.05950999563	-0.00002281015	0.03428514383
0.05950999388	-0.00002697962	0.03436912428
0.05950999179	-0.00003125278	0.03445122785
0.05950998934	-0.00003561508	0.03453146569
0.05950998652	-0.00004005246	0.03460985089
0.05950998332	-0.00004455129	0.03468639840
0.05950997975	-0.00004909872	0.03476112488
0.05950997579	-0.00005368205	0.03483404862
0.05950997146	-0.00005828478	0.03490515777
0.05950996675	-0.00006291122	0.03497452043
0.05950996167	-0.00006754433	0.03504215223
0.05950995625	-0.00007216152	0.03510801220
0.05950995046	-0.00007678345	0.03517222555
0.05950994437	-0.00008137233	0.03523471916
0.05950993794	-0.00008594730	0.03529560874
0.05950993123	-0.00009047347	0.03535481808
0.05950992421	-0.00009497723	0.03541248103
0.05950991694	-0.00009942909	0.03546856127
0.05950990943	-0.00010382670	0.03552307615
0.05950990167	-0.00010818076	0.03557610820
0.05950989371	-0.00011247401	0.03562765397
0.05950988557	-0.00011670405	0.03567774313
0.05950987726	-0.00012086735	0.03572639693
0.05950986879	-0.00012496599	0.03577365765
0.05950986019	-0.00012899804	0.03581956133
0.05950985147	-0.00013295792	0.03586412885
0.05950984266	-0.00013684408	0.03590739041
0.05950983378	-0.00014065538	0.03594937607
0.05950982483	-0.00014439059	0.03599011582
0.05950981584	-0.00014804881	0.03602963946
0.05950980683	-0.00015162706	0.03606796364
0.05950979780	-0.00015513015	0.03610513241
0.05950978877	-0.00015855765	0.03614117910
0.05950977975	-0.00016190654	0.03617612651
0.05950977077	-0.00016517643	0.03621000317
0.05950976183	-0.00016836434	0.03624282090
0.05950975295	-0.00017147395	0.03627460887
0.05950974411	-0.00017451495	0.03630543455
0.05950973535	-0.00017747722	0.03633529971
0.05950972666	-0.00018037017	0.03636428627
0.05950972152	-0.00018205701	0.03637917024
0.05950972131	-0.00018212473	0.03639414935
0.05950972604	-0.00018057253	0.03640904797
0.05950973553	-0.00017741862	0.03642369143
0.05950974941	-0.00017269996	0.03643790805
0.05950976716	-0.00016647189	0.03645153115
0.05950978810	-0.00015880741	0.03646440102
0.05950981147	-0.00014979638	0.03647636676
0.05950983639	-0.00013954445	0.03648728809
0.05950986197	-0.00012817182	0.03649703697
0.05950988731	-0.00011581181	0.03650549911
0.05950991154	-0.00010260933	0.03651257528
0.05950993387	-0.00008871917	0.03651818253
0.05950995361	-0.00007430419	0.03652225511
0.05950997022	-0.00005953337	0.03652474529
0.06000741214	-0.00164662920	0.02255143384
0.06000560135	-0.00171134651	0.02261343717
0.06000489299	-0.00173600605	0.02264280767
0.06000437087	-0.00175396011	0.02266725075
0.06000394084	-0.00176861071	0.02268902747
0.06000357485	-0.00178098438	0.02270938420
0.06000325474	-0.00179173671	0.02272877490
0.06000296565	-0.00180139191	0.02274729801
0.06000271041	-0.00180987394	0.02276555360
0.06000247761	-0.00181757540	0.02278337002
0.06000226370	-0.00182462343	0.02280083802
0.06000207291	-0.00183088685	0.02281831609
0.06000189934	-0.00183656612	0.02283567981
0.06000173856	-0.00184181140	0.02285285047
0.06000159451	-0.00184649838	0.02287008770
0.06000146626	-0.00185066108	0.02288741770
0.06000135164	-0.00185437372	0.02290480351
0.06000125020	-0.00185765302	0.02292227587
0.06000116161	-0.00186051199	0.02293986336
0.06000108565	-0.00186296012	0.02295759262
0.06000102186	-0.00186501346	0.02297547658
0.06000097077	-0.00186665658	0.02299356682
0.06000093257	-0.00186788400	0.02301189673
0.06000090578	-0.00186874453	0.02303042366
0.06000089149	-0.00186920330	0.02304921920
0.06000088969	-0.00186926087	0.02306830215
0.06000090036	-0.00186891848	0.02308769024
0.06000092359	-0.00186817241	0.02310740548
0.06000095949	-0.00186701898	0.02312747048
0.06000100737	-0.00186547982	0.02314787111
0.06000106428	-0.00186364833	0.02316849364
0.06000113804	-0.00186127204	0.02318972073
0.06000122454	-0.00185848166	0.02321137097
0.06000131791	-0.00185546476	0.02323319118
0.06000143055	-0.00185181844	0.02325579600
0.06000155065	-0.00184792317	0.02327862974
0.06000168730	-0.00184348056	0.02330216321
0.06000183249	-0.00183874913	0.02332601974
0.06000199499	-0.00183343865	0.02335066350
0.06000216466	-0.00182787754	0.02337560472
0.06000235047	-0.00182176769	0.02340133358
0.06000254898	-0.00181521794	0.02342769165
0.06000275842	-0.00180828151	0.02345461738
0.06000297936	-0.00180093536	0.02348217422
0.06000321423	-0.00179309291	0.02351052451
0.06000346106	-0.00178481383	0.02353959012
0.06000371984	-0.00177609278	0.02356940450
0.06000399052	-0.00176692452	0.02360000151
0.06000427304	-0.00175730402	0.02363141548
0.06000456735	-0.00174722558	0.02366368054
0.06000487338	-0.00173668376	0.02369683127
0.06000518887	-0.00172574867	0.02373077491
0.06000551691	-0.00171430476	0.02376574669
0.06000585673	-0.00170236826	0.02380173682
0.06000620582	-0.00169001868	0.02383862964
0.06000656541	-0.00167720222	0.02387655513
0.06000693651	-0.00166387235	0.02391562786
0.06000731560	-0.00165014379	0.02395565422
0.06000770592	-0.00163588829	0.02399691587
0.06000810563	-0.00162115968	0.02403932832
0.06000851267	-0.00160602225	0.02408279517
0.06000893028	-0.00159034156	0.02412762135
0.06000935610	-0.00157419196	0.02417367227
0.06000978984	-0.00155756968	0.02422098672
0.06001023121	-0.00154047076	0.02426960288
0.06001067990	-0.00152289134	0.02431955836
0.06001113557	-0.00150482799	0.02437089035
0.06001159787	-0.00148627744	0.02442363539
0.06001206643	-0.00146723648	0.02447782920
0.06001254084	-0.00144770230	0.02453350684
0.06001302068	-0.00142767252	0.02459070258
0.06001350473	-0.00140717792	0.02464937732
0.06001399274	-0.00138620889	0.02470959290
0.06001448545	-0.00136471083	0.02477152234
0.06001497966	-0.00134280151	0.02483489034
0.06001547780	-0.00132035028	0.02490010010
0.06001597616	-0.00129749974	0.02496678881
0.06001647683	-0.00127413053	0.02503535557
0.06001697715	-0.00125034166	0.02510554858
0.06001747696	-0.00122611540	0.02517748864
0.06001797597	-0.00120144084	0.02525126536
0.06001847294	-0.00117635302	0.02532682461
0.06001896705	-0.00115086672	0.02540419177
0.06001945744	-0.00112500152	0.02548338064
0.06001994333	-0.00109877326	0.02556442360
0.06002042401	-0.00107219460	0.02564736357
0.06002089855	-0.00104529292	0.02573218838
0.06002136596	-0.00101810045	0.02581888408
0.06002182554	-0.00099063585	0.02590749535
0.06002227649	-0.00096292510	0.02599803089
0.06002271801	-0.00093499870	0.02609048815
0.06002314933	-0.00090688755	0.02618486799
0.06002356971	-0.00087862358	0.02628116604
0.06002397812	-0.00085026517	0.02637927491
0.06002437443	-0.00082181163	0.02647938648
0.06002475787	-0.00079331117	0.02658138908
0.06002512763	-0.00076482248	0.02668516424
0.06002548355	-0.00073635941	0.02679086255
0.06002582514	-0.00070796596	0.02689839663
0.06002615184	-0.00067970239	0.02700762466
0.06002646369	-0.00065157988	0.02711873728
0.06002676022	-0.00062366445	0.02723146827
0.06002704147	-0.00059598021	0.02734595416
0.06002730729	-0.00056857694	0.02746204245
0.06002755772	-0.00054149261	0.02757971931
0.06002779287	-0.00051476457	0.02769895624
0.06002801286	-0.00048843795	0.02781961934
0.06002821798	-0.00046254286	0.02794177027
0.06002840845	-0.00043712534	0.02806517648
0.06002858469	-0.00041221307	0.02818997407
0.06002874707	-0.00038784718	0.02831585989
0.06002889607	-0.00036405645	0.02844298468
0.06002903219	-0.00034087221	0.02857109609
0.06002915599	-0.00031832527	0.02870020311
0.06002926806	-0.00029643858	0.02883022498
0.06002936900	-0.00027524053	0.02896096379
0.06002945942	-0.00025475728	0.02909249541
0.06002954002	-0.00023500004	0.02922463132
0.06002961142	-0.00021599141	0.02935723319
0.06002967428	-0.00019775220	0.02949032760
0.06002972927	-0.00018028697	0.02962375144
0.06002977705	-0.00016360758	0.02975740909
0.06002981824	-0.00014772306	0.02989117907
0.06002985345	-0.00013264368	0.03002501762
0.06002988330	-0.00011836821	0.03015880915
0.06002990835	-0.00010489630	0.03029245085
0.06002992915	-0.00009222729	0.03042584802
0.06002994622	-0.00008035649	0.03055890702
0.06002996003	-0.00006927746	0.03069153551
0.06002997102	-0.00005898147	0.03082364274
0.06002997963	-0.00004945778	0.03095510588
0.06002998620	-0.00004070115	0.03108589377
0.06002999110	-0.00003269093	0.03121590322
0.06002999462	-0.00002540927	0.03134503475
0.06002999704	-0.00001883813	0.03147317947
0.06002999860	-0.00001297219	0.03160035277
0.06002999950	-0.00000777003	0.03172635440
0.06002999991	-0.00000323503	0.03185124647
0.06003000000	0.00000068065	0.03197482176
0.06002999987	0.00000397416	0.03209713677
0.06002999963	0.00000668577	0.03221807301
0.06002999935	0.00000884009	0.03233755049
0.06002999909	0.00001045192	0.03245555062
0.06002999889	0.00001154871	0.03257202072
0.06002999877	0.00001215856	0.03268690218
0.06002999874	0.00001230568	0.03280015255
0.06002999880	0.00001201473	0.03291173298
0.06002999893	0.00001131071	0.03302160816
0.06002999913	0.00001022061	0.03312972652
0.06002999936	0.00000876234	0.03323607908
0.06002999960	0.00000695997	0.03334065279
0.06002999980	0.00000484463	0.03344339619
0.06002999995	0.00000243761	0.03354428287
0.06003000000	-0.00000024993	0.03364334892
0.06002999992	-0.00000317674	0.03374050306
0.06002999966	-0.00000634367	0.03383581176
0.06002999921	-0.00000971527	0.03392922937
0.06002999853	-0.00001327052	0.03402072621
0.06002999759	-0.00001700647	0.03411036035
0.06002999636	-0.00002089185	0.03419809770
0.06002999483	-0.00002491087	0.03428394280
0.06002999297	-0.00002904823	0.03436790251
0.06002999077	-0.00003328922	0.03444998585
0.06002998821	-0.00003761934	0.03453020396
0.06002998529	-0.00004202457	0.03460856992
0.06002998200	-0.00004649136	0.03468509869
0.06002997833	-0.00005100688	0.03475980690
0.06002997429	-0.00005555849	0.03483271284
0.06002996989	-0.00006012975	0.03490380478
0.06002996511	-0.00006472494	0.03497315060
0.06002995997	-0.00006932708	0.03504076598
0.06002995450	-0.00007391370	0.03510661018
0.06002994867	-0.00007850532	0.03517080799
0.06002994253	-0.00008306434	0.03523328669
0.06002993607	-0.00008760979	0.03529416161
0.06002992934	-0.00009210693	0.03535335694
0.06002992230	-0.00009658203	0.03541100610
0.06002991502	-0.00010100572	0.03546707301
0.06002990751	-0.00010537566	0.03552157505
0.06002989976	-0.00010970248	0.03557459455
0.06002989181	-0.00011396900	0.03562612815
0.06002988368	-0.00011817282	0.03567620554
0.06002987540	-0.00012231043	0.03572484797
0.06002986696	-0.00012638388	0.03577209767
0.06002985839	-0.00013039125	0.03581799063
0.06002984971	-0.00013432698	0.03586254778
0.06002984094	-0.00013818951	0.03590579930
0.06002983210	-0.00014197772	0.03594777523
0.06002982321	-0.00014569035	0.03598850556
0.06002981427	-0.00014932653	0.03602802009
0.06002980532	-0.00015288327	0.03606633548
0.06002979635	-0.00015636536	0.03610349574
0.06002978738	-0.00015977236	0.03613953416
0.06002977843	-0.00016310126	0.03617447357
0.06002976951	-0.00016635167	0.03620834247
0.06002976064	-0.00016952063	0.03624115274
0.06002975183	-0.00017261179	0.03627293356
0.06002974306	-0.00017563477	0.03630375219
0.06002973438	-0.00017857952	0.03633361051
0.06002972575	-0.00018145535	0.03636259022
0.06002972065	-0.00018313413	0.03637747509
0.06002972047	-0.00018319374	0.03639245421
0.06002972521	-0.00018163347	0.03640735197
0.06002973470	-0.00017847163	0.03642199370
0.06002974856	-0.00017374528	0.03643620775
0.06002976629	-0.00016750984	0.03644982746
0.06002978720	-0.00015983840	0.03646269316
0.06002981054	-0.00015082090	0.03647465401
0.06002983543	-0.00014056307	0.03648556977
0.06002986100	-0.00012918517	0.03649531248
0.06002988633	-0.00011682059	0.03650376791
0.06002991058	-0.00010361430	0.03651083692
0.06002993295	-0.00008972113	0.03651643664
0.06002995277	-0.00007530396	0.03652050141
0.06002996948	-0.00006053181	0.03652298359
0.06052781226	-0.00163903707	0.02254970609
0.06052601991	-0.00170394055	0.02261151465
0.06052531815	-0.00172868822	0.02264081082
0.06052480056	-0.00174671604	0.02266519901
0.06052437408	-0.00176143182	0.02268693147
0.06052401092	-0.00177386654	0.02270725046
0.06052369311	-0.00178467700	0.02272660824
0.06052340601	-0.00179438701	0.02274510254
0.06052315232	-0.00180292358	0.02276333198
0.06052292083	-0.00181067783	0.02278112506
0.06052270802	-0.00181777711	0.02279857218
0.06052251802	-0.00182409217	0.02281603106
0.06052234504	-0.00182982251	0.02283337748
0.06052218472	-0.00183511766	0.02285053282
0.06052204090	-0.00183985471	0.02286775617
0.06052191268	-0.00184406773	0.02288507368
0.06052179791	-0.00184783060	0.02290244846
0.06052169616	-0.00185116014	0.02291991118
0.06052160710	-0.00185406944	0.02293749039
0.06052153051	-0.00185656804	0.02295521268
0.06052146593	-0.00185867200	0.02297309098
0.06052141388	-0.00186036612	0.02299117677
0.06052137455	-0.00186164503	0.02300950341
0.06052134649	-0.00186255724	0.02302802838
0.06052133076	-0.00186306820	0.02304682314
0.06052132736	-0.00186317851	0.02306590648
0.06052133626	-0.00186288944	0.02308529613
0.06052135756	-0.00186219735	0.02310501409
0.06052139136	-0.00186109860	0.02312508298
0.06052143697	-0.00185961466	0.02314548872
0.06052149153	-0.00185783822	0.02316611789
0.06052156268	-0.00185551888	0.02318735231
0.06052164640	-0.00185278625	0.02320901106
0.06052173694	-0.00184982645	0.02323084157
0.06052184646	-0.00184623982	0.02325345709
0.06052196335	-0.00184240378	0.02327630332
0.06052209657	-0.00183802236	0.02329984998
0.06052223823	-0.00183335200	0.02332372134
0.06052239695	-0.00182810483	0.02334838053
0.06052256278	-0.00182260660	0.02337333902
0.06052274452	-0.00181656167	0.02339908582
0.06052293877	-0.00181007798	0.02342546296
0.06052314384	-0.00180320833	0.02345240911
0.06052336025	-0.00179592987	0.02347998762
0.06052359040	-0.00178815678	0.02350836044
0.06052383237	-0.00177994821	0.02353744973
0.06052408612	-0.00177129889	0.02356728890
0.06052435161	-0.00176220363	0.02359791180
0.06052462880	-0.00175265747	0.02362935270
0.06052491763	-0.00174265475	0.02366164572
0.06052521803	-0.00173219009	0.02369482540
0.06052552778	-0.00172133303	0.02372879931
0.06052584990	-0.00170996899	0.02376380206
0.06052618366	-0.00169811405	0.02379982398
0.06052652658	-0.00168584707	0.02383674979
0.06052687987	-0.00167311471	0.02387470917
0.06052724452	-0.00165987081	0.02391381640
0.06052761708	-0.00164622912	0.02395387854
0.06052800073	-0.00163206247	0.02399517645
0.06052839366	-0.00161742421	0.02403762597
0.06052879385	-0.00160237810	0.02408113105
0.06052920448	-0.00158679079	0.02412599575
0.06052962323	-0.00157073598	0.02417208596
0.06053004982	-0.00155420991	0.02421944043
0.06053048397	-0.00153720861	0.02426809725
0.06053092537	-0.00151972826	0.02431809399
0.06053137369	-0.00150176539	0.02436946778
0.06053182858	-0.00148331676	0.02442225508
0.06053228968	-0.00146437913	0.02447649155
0.06053275659	-0.00144494967	0.02453221221
0.06053322890	-0.00142502599	0.02458945124
0.06053370541	-0.00140463858	0.02464816973
0.06053418587	-0.00138377787	0.02470842935
0.06053467101	-0.00136238972	0.02477040256
0.06053515769	-0.00134059083	0.02483381507
0.06053564828	-0.00131825170	0.02489906867
0.06053613916	-0.00129551365	0.02496580188
0.06053663237	-0.00127225836	0.02503441239
0.06053712529	-0.00124858398	0.02510464934
0.06053761778	-0.00122447294	0.02517663309
0.06053810953	-0.00119991445	0.02525045293
0.06053859933	-0.00117494326	0.02532605493
0.06053908638	-0.00114957408	0.02540346437
0.06053956982	-0.00112382634	0.02548269498
0.06054004889	-0.00109771582	0.02556377900
0.06054052289	-0.00107125516	0.02564675915
0.06054099090	-0.00104447157	0.02573162330
0.06054145194	-0.00101739707	0.02581835747
0.06054190532	-0.00099005032	0.02590700613
0.06054235027	-0.00096245715	0.02599757789
0.06054278597	-0.00093464795	0.02609007013
0.06054321167	-0.00090665347	0.02618448363
0.06054362665	-0.00087850551	0.02628081394
0.06054402988	-0.00085026210	0.02637895398
0.06054442124	-0.00082192278	0.02647909479
0.06054479995	-0.00079353549	0.02658112499
0.06054516523	-0.00076515856	0.02668492648
0.06054551690	-0.00073680598	0.02679064908
0.06054585450	-0.00070852153	0.02689820562
0.06054617745	-0.00068036514	0.02700745468
0.06054648579	-0.00065234816	0.02711858596
0.06054677906	-0.00062453618	0.02723133413
0.06054705729	-0.00059695340	0.02734583496
0.06054732033	-0.00056964932	0.02746193639
0.06054756823	-0.00054266182	0.02757962440
0.06054780107	-0.00051602816	0.02769887039
0.06054801898	-0.00048979327	0.02781954078
0.06054822223	-0.00046398727	0.02794169673
0.06054841105	-0.00043865592	0.02806510637
0.06054858584	-0.00041382698	0.02818990499
0.06054874695	-0.00038954131	0.02831579043
0.06054889487	-0.00036582776	0.02844291251
0.06054903009	-0.00034271747	0.02857101963
0.06054915314	-0.00032024123	0.02870012046
0.06054926461	-0.00029842194	0.02883013427
0.06054936508	-0.00027728788	0.02896086367
0.06054945516	-0.00025686522	0.02909238389
0.06054953553	-0.00023716513	0.02922450690
0.06054960681	-0.00021821015	0.02935709460
0.06054966962	-0.00020002111	0.02949017315
0.06054972466	-0.00018260257	0.02962357980
0.06054977254	-0.00016596639	0.02975721899
0.06054981390	-0.00015012159	0.02989096943
0.06054984933	-0.00013507849	0.03002478722
0.06054987943	-0.00012083586	0.03015855693
0.06054990476	-0.00010739344	0.03029217583
0.06054992587	-0.00009475058	0.03042554934
0.06054994325	-0.00008290266	0.03055858387
0.06054995738	-0.00007184330	0.03069118716
0.06054996870	-0.00006156384	0.03082326851
0.06054997763	-0.00005205364	0.03095470535
0.06054998451	-0.00004330749	0.03108546632
0.06054998971	-0.00003530487	0.03121544839
0.06054999351	-0.00002802802	0.03134455222
0.06054999620	-0.00002145900	0.03147266909
0.06054999799	-0.00001559254	0.03159981408
0.06054999911	-0.00001038742	0.03172578751
0.06054999972	-0.00000584701	0.03185065102
0.06054999997	-0.00000192370	0.03197419799
0.06054999998	0.00000137967	0.03209648448
0.06054999986	0.00000410318	0.03221739230
0.06054999968	0.00000627134	0.03233684158
0.06054999948	0.00000789885	0.03245481362
0.06054999933	0.00000901308	0.03257125579
0.06054999923	0.00000964197	0.03268610957
0.06054999921	0.00000980965	0.03279933254
0.06054999925	0.00000954066	0.03291088586
0.06054999935	0.00000885989	0.03302073426
0.06054999950	0.00000779421	0.03312882626
0.06054999967	0.00000636149	0.03323515282
0.06054999983	0.00000458567	0.03333970087
0.06054999995	0.00000249776	0.03344241906
0.06055000000	0.00000011896	0.03354328104
0.06054999995	-0.00000253959	0.03364232269
0.06054999976	-0.00000543686	0.03373945308
0.06054999939	-0.00000857364	0.03383473835
0.06054999883	-0.00001191464	0.03392813304
0.06054999803	-0.00001543893	0.03401960756
0.06054999697	-0.00001914356	0.03410921975
0.06054999563	-0.00002299739	0.03419693566
0.06054999399	-0.00002698468	0.03428275984
0.06054999202	-0.00003109019	0.03436669912
0.06054998971	-0.00003529927	0.03444876254
0.06054998705	-0.00003959749	0.03452896122
0.06054998403	-0.00004397085	0.03460730824
0.06054998065	-0.00004840585	0.03468381855
0.06054997690	-0.00005288974	0.03475850876
0.06054997278	-0.00005740989	0.03483139717
0.06054996831	-0.00006194995	0.03490247215
0.06054996347	-0.00006651416	0.03497180141
0.06054995827	-0.00007108560	0.03503940061
0.06054995275	-0.00007564191	0.03510522927
0.06054994688	-0.00008020348	0.03516941178
0.06054994071	-0.00008473291	0.03523187579
0.06054993422	-0.00008924908	0.03529273627
0.06054992747	-0.00009371746	0.03535191780
0.06054992043	-0.00009816414	0.03540955337
0.06054991314	-0.00010255991	0.03546560716
0.06054990563	-0.00010690243	0.03552009657
0.06054989789	-0.00011120224	0.03557310370
0.06054988995	-0.00011544227	0.03562462532
0.06054988184	-0.00011962010	0.03567469111
0.06054987358	-0.00012373225	0.03572332234
0.06054986517	-0.00012778074	0.03577056117
0.06054985663	-0.00013176365	0.03581644359
0.06054984799	-0.00013567544	0.03586099053
0.06054983927	-0.00013951455	0.03590423215
0.06054983048	-0.00014327987	0.03594619850
0.06054982163	-0.00014697013	0.03598691955
0.06054981275	-0.00015058445	0.03602642510
0.06054980386	-0.00015411988	0.03606473184
0.06054979495	-0.00015758116	0.03610188372
0.06054978604	-0.00016096784	0.03613791400
0.06054977715	-0.00016427693	0.03617284552
0.06054976830	-0.00016750804	0.03620670678
0.06054975950	-0.00017065821	0.03623950971
0.06054975076	-0.00017373109	0.03627128347
0.06054974207	-0.00017673621	0.03630209516
0.06054973345	-0.00017966359	0.03633194676
0.06054972490	-0.00018252247	0.03636091971
0.06054971984	-0.00018419325	0.03637580547
0.06054971968	-0.00018424481	0.03639078460
0.06054972444	-0.00018267654	0.03640568150
0.06054973392	-0.00017950684	0.03642032151
0.06054974777	-0.00017477286	0.03643453300
0.06054976546	-0.00016853010	0.03644814934
0.06054978635	-0.00016085176	0.03646101091
0.06054980965	-0.00015182785	0.03647296689
0.06054983451	-0.00014156417	0.03648387713
0.06054986006	-0.00013018105	0.03649361372
0.06054988539	-0.00011781195	0.03650206249
0.06054990965	-0.00010460187	0.03650912440
0.06054993206	-0.00009070571	0.03651471664
0.06054995194	-0.00007628637	0.03651877367
0.06054996875	-0.00006151292	0.03652124790
0.06104820256	-0.00163152204	0.02254800385
0.06104642837	-0.00169660926	0.02260961905
0.06104573311	-0.00172144394	0.02263884137
0.06104522000	-0.00173954462	0.02266317501
0.06104479703	-0.00175432478	0.02268486346
0.06104443666	-0.00176681983	0.02270514493
0.06104412115	-0.00177768772	0.02272446995
0.06104383602	-0.00178745191	0.02274293558
0.06104358387	-0.00179604238	0.02276113899
0.06104335369	-0.00180384882	0.02277890880
0.06104314199	-0.00181099877	0.02279633512
0.06104295279	-0.00181736488	0.02281377487
0.06104278041	-0.00182314573	0.02283110401
0.06104262055	-0.00182849020	0.02284824405
0.06104247698	-0.00183327676	0.02286545354
0.06104234881	-0.00183753955	0.02288275855
0.06104223392	-0.00184135211	0.02290012227
0.06104213189	-0.00184473136	0.02291757533
0.06104204240	-0.00184769044	0.02293514622
0.06104196520	-0.00185023898	0.02295286148
0.06104189987	-0.00185239303	0.02297073404
0.06104184691	-0.00185413762	0.02298881532
0.06104180650	-0.00185546749	0.02300713860
0.06104177721	-0.00185643083	0.02302566150
0.06104176009	-0.00185699345	0.02304445536
0.06104175515	-0.00185715597	0.02306353896
0.06104176234	-0.00185691969	0.02308293003
0.06104178176	-0.00185628103	0.02310265057
0.06104181352	-0.00185523640	0.02312272317
0.06104185694	-0.00185380714	0.02314313385
0.06104190921	-0.00185208522	0.02316376947
0.06104197783	-0.00184982225	0.02318501102
0.06104205885	-0.00184714681	0.02320667806
0.06104214663	-0.00184424354	0.02322851865
0.06104225311	-0.00184071604	0.02325114465
0.06104236690	-0.00183693865	0.02327400311
0.06104249677	-0.00183261784	0.02329756269
0.06104263499	-0.00182800795	0.02332144863
0.06104279003	-0.00182282349	0.02334612295
0.06104295211	-0.00181738755	0.02337109841
0.06104312988	-0.00181140693	0.02339686284
0.06104331999	-0.00180498866	0.02342325875
0.06104352079	-0.00179818515	0.02345022499
0.06104373279	-0.00179097376	0.02347782481
0.06104395834	-0.00178326936	0.02350621981
0.06104419556	-0.00177513064	0.02353533241
0.06104444440	-0.00176655238	0.02356519600
0.06104470485	-0.00175752945	0.02359584439
0.06104497684	-0.00174805693	0.02362731182
0.06104526031	-0.00173812922	0.02365963240
0.06104555521	-0.00172774099	0.02369284061
0.06104585935	-0.00171696122	0.02372684435
0.06104617571	-0.00170567631	0.02376187763
0.06104650355	-0.00169390217	0.02379793089
0.06104684044	-0.00168171703	0.02383488923
0.06104718759	-0.00166906797	0.02387288203
0.06104754593	-0.00165590923	0.02391202330
0.06104791212	-0.00164235360	0.02395212073
0.06104828925	-0.00162827498	0.02399345440
0.06104867556	-0.00161372622	0.02403594049
0.06104906906	-0.00159877055	0.02407948330
0.06104947287	-0.00158327575	0.02412438600
0.06104988472	-0.00156731483	0.02417051500
0.06105030433	-0.00155088405	0.02421790895
0.06105073142	-0.00153397947	0.02426660591
0.06105116570	-0.00151659723	0.02431664338
0.06105160683	-0.00149873391	0.02436805842
0.06105205448	-0.00148038622	0.02442088744
0.06105250829	-0.00146155092	0.02447516604
0.06105296788	-0.00144222519	0.02453092916
0.06105343282	-0.00142240659	0.02458821094
0.06105390196	-0.00140212532	0.02464697265
0.06105437504	-0.00138137189	0.02470727576
0.06105485278	-0.00136009259	0.02476929220
0.06105533210	-0.00133840305	0.02483274867
0.06105581531	-0.00131617494	0.02489804559
0.06105629888	-0.00129354826	0.02496482276
0.06105678479	-0.00127040579	0.02503347651
0.06105727048	-0.00124684476	0.02510375687
0.06105775580	-0.00122284781	0.02517578379
0.06105824045	-0.00119840425	0.02524964624
0.06105872324	-0.00117354853	0.02532529050
0.06105920338	-0.00114829528	0.02540274173
0.06105968003	-0.00112266382	0.02548201361
0.06106015243	-0.00109666987	0.02556313822
0.06106061990	-0.00107032602	0.02564615812
0.06106108151	-0.00104365931	0.02573106116
0.06106153632	-0.00101670160	0.02581783338
0.06106198364	-0.00098947149	0.02590651904
0.06106242270	-0.00096199470	0.02599712663
0.06106285271	-0.00093430148	0.02608965348
0.06106327291	-0.00090642246	0.02618410029
0.06106368260	-0.00087838931	0.02628046254
0.06106408075	-0.00085025970	0.02637863346
0.06106446725	-0.00082203342	0.02647880322
0.06106484134	-0.00079375809	0.02658086078
0.06106520222	-0.00076549174	0.02668468835
0.06106554974	-0.00073724848	0.02679043504
0.06106588341	-0.00070907187	0.02689801385
0.06106620268	-0.00068102150	0.02700728378
0.06106650759	-0.00065310893	0.02711843358
0.06106679765	-0.00062539928	0.02723119882
0.06106707292	-0.00059791684	0.02734571452
0.06106733324	-0.00057071087	0.02746182902
0.06106757864	-0.00054381914	0.02757952816
0.06106780922	-0.00051727882	0.02769878321
0.06106802508	-0.00049113465	0.02781946091
0.06106822650	-0.00046541673	0.02794162192
0.06106841368	-0.00044017059	0.02806503508
0.06106858704	-0.00041542404	0.02818983484
0.06106874691	-0.00039121768	0.02831572001
0.06106889376	-0.00036758041	0.02844283953
0.06106902807	-0.00034454323	0.02857094253
0.06106915038	-0.00032213686	0.02870003737
0.06106926125	-0.00030038418	0.02883004335
0.06106936125	-0.00027931335	0.02896076357
0.06106945099	-0.00025895055	0.02909227266
0.06106953113	-0.00023930693	0.02922438304
0.06106960227	-0.00022040495	0.02935695687
0.06106966504	-0.00020226546	0.02949001988
0.06106972011	-0.00018489302	0.02962340967
0.06106976810	-0.00016829949	0.02975703075
0.06106980961	-0.00015249391	0.02989076202
0.06106984524	-0.00013748659	0.03002455943
0.06106987558	-0.00012327637	0.03015830769
0.06106990118	-0.00010986301	0.03029190421
0.06106992257	-0.00009724592	0.03042525446
0.06106994026	-0.00008542054	0.03055826494
0.06106995470	-0.00007438055	0.03069084345
0.06106996634	-0.00006411736	0.03082289937
0.06106997557	-0.00005462039	0.03095431034
0.06106998276	-0.00004588452	0.03108504484
0.06106998825	-0.00003788931	0.03121499997
0.06106999233	-0.00003061712	0.03134407655
0.06106999526	-0.00002405010	0.03147216602
0.06106999729	-0.00001818303	0.03159928315
0.06106999862	-0.00001297487	0.03172522885
0.06106999942	-0.00000842902	0.03185006424
0.06106999983	-0.00000449806	0.03197358334
0.06106999999	-0.00000118484	0.03209584178
0.06106999998	0.00000155055	0.03221672161
0.06106999989	0.00000373249	0.03233614313
0.06106999976	0.00000537563	0.03245408752
0.06106999965	0.00000650719	0.03257050220
0.06106999958	0.00000715502	0.03268532873
0.06106999956	0.00000734312	0.03279852472
0.06106999959	0.00000709595	0.03291005136
0.06106999966	0.00000643827	0.03301987339
0.06106999976	0.00000539686	0.03312793944
0.06106999987	0.00000398949	0.03323424040
0.06106999996	0.00000224003	0.03333876318
0.06107000000	0.00000017935	0.03344145654
0.06106999996	-0.00000217146	0.03354229421
0.06106999981	-0.00000480125	0.03364131184
0.06106999952	-0.00000766920	0.03373841883
0.06106999905	-0.00001077607	0.03383368104
0.06106999838	-0.00001408672	0.03392705314
0.06106999747	-0.00001758031	0.03401850569
0.06106999630	-0.00002125387	0.03410809626
0.06106999485	-0.00002507640	0.03419579106
0.06106999310	-0.00002903223	0.03428159462
0.06106999103	-0.00003310617	0.03436551380
0.06106998862	-0.00003728361	0.03444755759
0.06106998587	-0.00004155018	0.03452773713
0.06106998276	-0.00004589195	0.03460606550
0.06106997929	-0.00005029544	0.03468255762
0.06106997546	-0.00005474796	0.03475723012
0.06106997127	-0.00005923693	0.03483010126
0.06106996673	-0.00006374607	0.03490115955
0.06106996183	-0.00006827956	0.03497047248
0.06106995658	-0.00007282057	0.03503805575
0.06106995102	-0.00007734683	0.03510386911
0.06106994511	-0.00008187862	0.03516803655
0.06106993891	-0.00008637871	0.03523048609
0.06106993240	-0.00009086587	0.03529133234
0.06106992563	-0.00009530575	0.03535050028
0.06106991858	-0.00009972426	0.03540812248
0.06106991129	-0.00010409235	0.03546416333
0.06106990378	-0.00010840769	0.03551864029
0.06106989605	-0.00011268075	0.03557163525
0.06106988813	-0.00011689451	0.03562314507
0.06106988004	-0.00012104659	0.03567319943
0.06106987180	-0.00012513350	0.03572181962
0.06106986342	-0.00012915726	0.03576904777
0.06106985492	-0.00013311592	0.03581491979
0.06106984632	-0.00013700399	0.03585945667
0.06106983764	-0.00014081990	0.03590268854
0.06106982890	-0.00014456253	0.03594464546
0.06106982011	-0.00014823062	0.03598535738
0.06106981128	-0.00015182329	0.03602485407
0.06106980244	-0.00015533760	0.03606315229
0.06106979359	-0.00015877825	0.03610029592
0.06106978475	-0.00016214480	0.03613631818
0.06106977592	-0.00016543426	0.03617124193
0.06106976714	-0.00016864624	0.03620509566
0.06106975841	-0.00017177780	0.03623789135
0.06106974974	-0.00017483255	0.03626965816
0.06106974112	-0.00017781999	0.03630046303
0.06106973257	-0.00018073016	0.03633030799
0.06106972410	-0.00018357223	0.03635927429
0.06106971908	-0.00018523508	0.03637416092
0.06106971894	-0.00018527866	0.03638914006
0.06106972371	-0.00018370245	0.03640403610
0.06106973318	-0.00018052495	0.03641867441
0.06106974701	-0.00017578341	0.03643288336
0.06106976468	-0.00016953340	0.03644649636
0.06106978553	-0.00016184822	0.03645935381
0.06106980880	-0.00015281795	0.03647130497
0.06106983363	-0.00014254847	0.03648220973
0.06106985915	-0.00013116017	0.03649194023
0.06106988447	-0.00011878658	0.03650038240
0.06106990875	-0.00010557277	0.03650743726
0.06106993119	-0.00009167364	0.03651302210
0.06106995114	-0.00007725216	0.03651707143
0.06106996804	-0.00006247740	0.03651953779
0.06157859057	-0.00162394073	0.02254629463
0.06157683461	-0.00168921273	0.02260771417
0.06157614588	-0.00171413497	0.02263686174
0.06157563727	-0.00173230899	0.02266114012
0.06157521785	-0.00174715397	0.02268278399
0.06157486030	-0.00175970976	0.02270302742
0.06157454709	-0.00177063550	0.02272231923
0.06157426396	-0.00178045425	0.02274075578
0.06157401339	-0.00178909903	0.02275893276
0.06157378453	-0.00179695804	0.02277667896
0.06157357396	-0.00180415905	0.02279408415
0.06157338558	-0.00181057660	0.02281150446
0.06157321382	-0.00181640836	0.02282881604
0.06157305446	-0.00182180253	0.02284594052
0.06157291117	-0.00182663901	0.02286313587
0.06157278307	-0.00183095196	0.02288042814
0.06157266809	-0.00183481462	0.02289778059
0.06157256580	-0.00183824397	0.02291522376
0.06157247588	-0.00184125325	0.02293278612
0.06157239811	-0.00184385215	0.02295049416
0.06157233205	-0.00184605672	0.02296836082
0.06157227820	-0.00184785220	0.02298643740
0.06157223673	-0.00184923347	0.02300475717
0.06157220624	-0.00185024839	0.02302327786
0.06157218776	-0.00185086311	0.02304207068
0.06157218129	-0.00185107829	0.02306115442
0.06157218679	-0.00185089527	0.02308054680
0.06157220437	-0.00185031052	0.02310026981
0.06157223411	-0.00184932050	0.02312034604
0.06157227537	-0.00184794641	0.02314076157
0.06157232537	-0.00184627949	0.02316140357
0.06157239149	-0.00184407341	0.02318265220
0.06157246983	-0.00184145569	0.02320432748
0.06157255489	-0.00183860949	0.02322617811
0.06157265834	-0.00183514164	0.02324881455
0.06157276905	-0.00183142346	0.02327168523
0.06157289560	-0.00182716381	0.02329525772
0.06157303042	-0.00182261498	0.02331915823
0.06157318179	-0.00181749380	0.02334384770
0.06157334016	-0.00181212075	0.02336884016
0.06157351398	-0.00180620503	0.02339462225
0.06157369999	-0.00179985281	0.02342103695
0.06157389654	-0.00179311607	0.02344802333
0.06157410416	-0.00178597239	0.02347564454
0.06157432514	-0.00177833734	0.02350406179
0.06157455763	-0.00177026914	0.02353319778
0.06157480160	-0.00176176262	0.02356308588
0.06157505702	-0.00175281271	0.02359375986
0.06157532384	-0.00174341454	0.02362525393
0.06157560199	-0.00173356256	0.02365760216
0.06157589142	-0.00172325150	0.02369083903
0.06157618999	-0.00171254978	0.02372487274
0.06157650060	-0.00170134475	0.02375993670
0.06157682255	-0.00168965219	0.02379602144
0.06157715345	-0.00167754966	0.02383301248
0.06157749448	-0.00166498471	0.02387103886
0.06157784656	-0.00165191196	0.02391021434
0.06157820640	-0.00163844322	0.02395034725
0.06157857705	-0.00162445346	0.02399171688
0.06157895676	-0.00160999506	0.02403423973
0.06157934360	-0.00159513071	0.02407782048
0.06157974062	-0.00157972930	0.02412276140
0.06158014560	-0.00156386317	0.02416892939
0.06158055826	-0.00154752859	0.02421636306
0.06158097832	-0.00153072163	0.02426510039
0.06158140551	-0.00151343845	0.02431517884
0.06158183949	-0.00149567560	0.02436663538
0.06158227993	-0.00147742981	0.02441950638
0.06158272648	-0.00145869782	0.02447382737
0.06158317876	-0.00143947678	0.02452963323
0.06158363638	-0.00141976424	0.02458695803
0.06158409817	-0.00139959011	0.02464576322
0.06158456390	-0.00137894497	0.02470611011
0.06158503427	-0.00135777552	0.02476817007
0.06158550624	-0.00133619636	0.02483167080
0.06158598211	-0.00131408028	0.02489701132
0.06158645839	-0.00129156600	0.02496383277
0.06158693703	-0.00126853738	0.02503253005
0.06158741551	-0.00124509074	0.02510285413
0.06158789369	-0.00122120891	0.02517492453
0.06158837127	-0.00119688132	0.02524882991
0.06158884707	-0.00117214212	0.02532451673
0.06158932032	-0.00114700585	0.02540201006
0.06158979020	-0.00112149172	0.02548132352
0.06159025594	-0.00109561537	0.02556248904
0.06159071688	-0.00106938937	0.02564554899
0.06159117212	-0.00104284058	0.02573049123
0.06159162072	-0.00101600068	0.02581730182
0.06159206199	-0.00098888823	0.02590602477
0.06159249518	-0.00096152884	0.02599666849
0.06159291950	-0.00093395261	0.02608923026
0.06159333421	-0.00090619005	0.02618371067
0.06159373862	-0.00087827268	0.02628010514
0.06159413171	-0.00085025785	0.02637830722
0.06159451336	-0.00082214557	0.02647850620
0.06159488283	-0.00079398316	0.02658059138
0.06159523932	-0.00076582831	0.02668444529
0.06159558268	-0.00073769529	0.02679021631
0.06159591244	-0.00070962741	0.02689781765
0.06159622803	-0.00068168395	0.02700710867
0.06159652949	-0.00065387664	0.02711827723
0.06159681636	-0.00062627016	0.02723105975
0.06159708867	-0.00059888888	0.02734559052
0.06159734625	-0.00057178180	0.02746171828
0.06159758915	-0.00054498661	0.02757942873
0.06159781746	-0.00051854038	0.02769869302
0.06159803127	-0.00049248763	0.02781937819
0.06159823084	-0.00046685849	0.02794154442
0.06159841640	-0.00044169821	0.02806496122
0.06159858831	-0.00041703469	0.02818976225
0.06159874693	-0.00039290824	0.02831564727
0.06159889270	-0.00036934783	0.02844276433
0.06159902611	-0.00034638429	0.02857086332
0.06159914766	-0.00032404831	0.02869995225
0.06159925792	-0.00030236273	0.02882995047
0.06159935746	-0.00028135559	0.02896066157
0.06159944684	-0.00026105307	0.02909215958
0.06159952674	-0.00024146630	0.02922425737
0.06159959774	-0.00022261769	0.02935681737
0.06159966046	-0.00020452807	0.02948986486
0.06159971555	-0.00018720203	0.02962323780
0.06159976362	-0.00017065143	0.02975684078
0.06159980528	-0.00015488530	0.02989055288
0.06159984110	-0.00013991397	0.03002432988
0.06159987167	-0.00012573634	0.03015805669
0.06159989754	-0.00011235219	0.03029163080
0.06159991922	-0.00009976100	0.03042495776
0.06159993720	-0.00008795825	0.03055794413
0.06159995195	-0.00007693769	0.03069049782
0.06159996390	-0.00006669081	0.03082252827
0.06159997344	-0.00005720710	0.03095391330
0.06159998092	-0.00004848148	0.03108462127
0.06159998669	-0.00004049366	0.03121454941
0.06159999104	-0.00003322607	0.03134359866
0.06159999423	-0.00002666097	0.03147166066
0.06159999649	-0.00002079319	0.03159874986
0.06159999803	-0.00001558188	0.03172466774
0.06159999901	-0.00001103044	0.03184947494
0.06159999959	-0.00000709167	0.03197296609
0.06159999988	-0.00000376842	0.03209519638
0.06159999999	-0.00000102097	0.03221604814
0.06159999999	0.00000117496	0.03233544181
0.06159999993	0.00000283394	0.03245335847
0.06159999987	0.00000398308	0.03256974557
0.06159999982	0.00000465009	0.03268454476
0.06159999981	0.00000485888	0.03279771369
0.06159999983	0.00000463378	0.03290921355
0.06159999987	0.00000399948	0.03301900912
0.06159999993	0.00000298261	0.03312704913
0.06159999998	0.00000160089	0.03323332441
0.06160000000	-0.00000012191	0.03333782182
0.06159999996	-0.00000215506	0.03344049027
0.06159999984	-0.00000447754	0.03354130353
0.06159999959	-0.00000707827	0.03364029705
0.06159999920	-0.00000991657	0.03373738057
0.06159999863	-0.00001299321	0.03383261963
0.06159999785	-0.00001627318	0.03392596907
0.06159999684	-0.00001973574	0.03401739956
0.06159999556	-0.00002337791	0.03410696844
0.06159999401	-0.00002716882	0.03419464205
0.06159999215	-0.00003109285	0.03428042492
0.06159998998	-0.00003513488	0.03436432391
0.06159998748	-0.00003928036	0.03444634801
0.06159998463	-0.00004351496	0.03452650835
0.06159998143	-0.00004782480	0.03460481799
0.06159997789	-0.00005219647	0.03468129186
0.06159997398	-0.00005661730	0.03475594656
0.06159996972	-0.00006107476	0.03482880037
0.06159996512	-0.00006555266	0.03489984190
0.06159996016	-0.00007005513	0.03496913845
0.06159995487	-0.00007456539	0.03503670572
0.06159994926	-0.00007906131	0.03510250373
0.06159994332	-0.00008356302	0.03516665604
0.06159993709	-0.00008803347	0.03522909106
0.06159993056	-0.00009249133	0.03528992303
0.06159992378	-0.00009690241	0.03534907733
0.06159991672	-0.00010129248	0.03540668609
0.06159990943	-0.00010563262	0.03546271396
0.06159990193	-0.00010992051	0.03551717843
0.06159989420	-0.00011416654	0.03557016116
0.06159988630	-0.00011835378	0.03562165914
0.06159987824	-0.00012247986	0.03567170202
0.06159987003	-0.00012654128	0.03572031114
0.06159986168	-0.00013054005	0.03576752855
0.06159985322	-0.00013447423	0.03581339014
0.06159984466	-0.00013833834	0.03585791692
0.06159983603	-0.00014213082	0.03590113901
0.06159982733	-0.00014585054	0.03594308645
0.06159981859	-0.00014949624	0.03598378920
0.06159980983	-0.00015306705	0.03602327701
0.06159980105	-0.00015656003	0.03606156668
0.06159979226	-0.00015997986	0.03609870202
0.06159978348	-0.00016332608	0.03613471623
0.06159977472	-0.00016659571	0.03616963218
0.06159976601	-0.00016978838	0.03620347835
0.06159975735	-0.00017290113	0.03623626678
0.06159974875	-0.00017593759	0.03626802662
0.06159974020	-0.00017890717	0.03629882462
0.06159973173	-0.00018179996	0.03632866293
0.06159972332	-0.00018462506	0.03635762255
0.06159971834	-0.00018627989	0.03637251004
0.06159971823	-0.00018631540	0.03638748919
0.06159972301	-0.00018473118	0.03640238437
0.06159973248	-0.00018154580	0.03641702094
0.06159974629	-0.00017679660	0.03643122732
0.06159976393	-0.00017053927	0.03644483693
0.06159978475	-0.00016284717	0.03645769023
0.06159980797	-0.00015381048	0.03646963651
0.06159983277	-0.00014353514	0.03648053572
0.06159985827	-0.00013214162	0.03649026008
0.06159988358	-0.00011976350	0.03649869558
0.06159990786	-0.00010654589	0.03650574331
0.06159993033	-0.00009264378	0.03651132065
0.06159995034	-0.00007822014	0.03651536221
0.06159996733	-0.00006344407	0.03651782061
0.06209896194	-0.00161657864	0.02254464256
0.06209722358	-0.00168202953	0.02260587156
0.06209654118	-0.00170703659	0.02263494628
0.06209603694	-0.00172528167	0.02265917078
0.06209562095	-0.00174018947	0.02268077118
0.06209526615	-0.00175280414	0.02270097750
0.06209495518	-0.00176378594	0.02272023689
0.06209467400	-0.00177365760	0.02273864506
0.06209442496	-0.00178235504	0.02275679623
0.06209419740	-0.00179026504	0.02277451936
0.06209398794	-0.00179751557	0.02279190390
0.06209380038	-0.00180398302	0.02280930518
0.06209362924	-0.00180986415	0.02282659958
0.06209347037	-0.00181530654	0.02284370881
0.06209332736	-0.00182019145	0.02286089032
0.06209319935	-0.00182455308	0.02287817009
0.06209308430	-0.00182846435	0.02289551145
0.06209298179	-0.00183194233	0.02291294491
0.06209289149	-0.00183500032	0.02293049886
0.06209281319	-0.00183764810	0.02294819977
0.06209274645	-0.00183990171	0.02296606056
0.06209269176	-0.00184174660	0.02298413247
0.06209264929	-0.00184317777	0.02300244871
0.06209261767	-0.00184424277	0.02302096713
0.06209259790	-0.00184490808	0.02303975883
0.06209258999	-0.00184517440	0.02305884258
0.06209259389	-0.00184504310	0.02307823611
0.06209260971	-0.00184451070	0.02309796139
0.06209263753	-0.00184357372	0.02311804102
0.06209267673	-0.00184225320	0.02313846115
0.06209272458	-0.00184063972	0.02315910923
0.06209278830	-0.00183848889	0.02318036461
0.06209286409	-0.00183592723	0.02320204777
0.06209294655	-0.00183313647	0.02322390804
0.06209304712	-0.00182972658	0.02324655448
0.06209315488	-0.00182606592	0.02326943692
0.06209327826	-0.00182186569	0.02329302181
0.06209340983	-0.00181737618	0.02331693637
0.06209355771	-0.00181231649	0.02334164042
0.06209371252	-0.00180700454	0.02336664927
0.06209388256	-0.00180115190	0.02339244838
0.06209406464	-0.00179486386	0.02341888121
0.06209425714	-0.00178819200	0.02344588703
0.06209446056	-0.00178111411	0.02347352887
0.06209467717	-0.00177354646	0.02350196761
0.06209490514	-0.00176554679	0.02353112619
0.06209514445	-0.00175710999	0.02356103796
0.06209539506	-0.00174823103	0.02359173667
0.06209565693	-0.00173890512	0.02362325649
0.06209592999	-0.00172912674	0.02365563146
0.06209621417	-0.00171889067	0.02368889603
0.06209650740	-0.00170826480	0.02372295872
0.06209681252	-0.00169713741	0.02375805235
0.06209712883	-0.00168552413	0.02379416754
0.06209745398	-0.00167350189	0.02383119021
0.06209778915	-0.00166101868	0.02386924909
0.06209813523	-0.00164802949	0.02390845766
0.06209848899	-0.00163464519	0.02394862490
0.06209885342	-0.00162074178	0.02399002932
0.06209922682	-0.00160637121	0.02403258776
0.06209960727	-0.00159159560	0.02407620523
0.06209999779	-0.00157628493	0.02412118315
0.06210039618	-0.00156051091	0.02416738889
0.06210080217	-0.00154426983	0.02421486102
0.06210121551	-0.00152755773	0.02426363744
0.06210163589	-0.00151037080	0.02431375555
0.06210206301	-0.00149270559	0.02436525229
0.06210249654	-0.00147455881	0.02441816394
0.06210293613	-0.00145592719	0.02447252599
0.06210338141	-0.00143680787	0.02452837325
0.06210383200	-0.00141719838	0.02458573973
0.06210428675	-0.00139712836	0.02464458705
0.06210474543	-0.00137658841	0.02470497636
0.06210520872	-0.00135552569	0.02476707848
0.06210567366	-0.00133405376	0.02483062210
0.06210614248	-0.00131204652	0.02489600488
0.06210661177	-0.00128964144	0.02496286924
0.06210708343	-0.00126672341	0.02503160871
0.06210755499	-0.00124338789	0.02510197518
0.06210802631	-0.00121961788	0.02517408773
0.06210849710	-0.00119540293	0.02524803472
0.06210896619	-0.00117077690	0.02532376282
0.06210943284	-0.00114575425	0.02540129698
0.06210989621	-0.00112035406	0.02548065077
0.06211035557	-0.00109459194	0.02556185598
0.06211081025	-0.00106848038	0.02564495478
0.06211125937	-0.00104204611	0.02572993506
0.06211170199	-0.00101532061	0.02581678286
0.06211213745	-0.00098832241	0.02590554201
0.06211256500	-0.00096107701	0.02599622081
0.06211298386	-0.00093361438	0.02608881646
0.06211339330	-0.00090596489	0.02618332950
0.06211379263	-0.00087815994	0.02627975526
0.06211418086	-0.00085025654	0.02637798760
0.06211455785	-0.00082225492	0.02647821498
0.06211492287	-0.00079420213	0.02658032700
0.06211527514	-0.00076615553	0.02668420654
0.06211561450	-0.00073812950	0.02679000122
0.06211594049	-0.00071016716	0.02689762446
0.06211625254	-0.00068232747	0.02700693603
0.06211655069	-0.00065462231	0.02711812284
0.06211683448	-0.00062711595	0.02723092221
0.06211710393	-0.00059983284	0.02734546768
0.06211735889	-0.00057282173	0.02746160841
0.06211759938	-0.00054612021	0.02757932992
0.06211782549	-0.00051976526	0.02769860327
0.06211803732	-0.00049380122	0.02781929579
0.06211823512	-0.00046825821	0.02794146718
0.06211841909	-0.00044318123	0.02806488763
0.06211858961	-0.00041859824	0.02818969000
0.06211874702	-0.00039454930	0.02831557500
0.06211889175	-0.00037106345	0.02844268979
0.06211902427	-0.00034817133	0.02857078501
0.06211914509	-0.00032590361	0.02869986833
0.06211925476	-0.00030428309	0.02882985914
0.06211935383	-0.00028333769	0.02896056154
0.06211944286	-0.00026309362	0.02909204893
0.06211952252	-0.00024356196	0.02922413465
0.06211959337	-0.00022476507	0.02935668136
0.06211965603	-0.00020672378	0.02948971393
0.06211971113	-0.00018944270	0.02962307067
0.06211975929	-0.00017293369	0.02975665623
0.06211980108	-0.00015720577	0.02989034986
0.06211983708	-0.00014226930	0.03002410722
0.06211986787	-0.00012812321	0.03015781335
0.06211989398	-0.00011476734	0.03029136586
0.06211991593	-0.00010220120	0.03042467037
0.06211993419	-0.00009042033	0.03055763351
0.06211994923	-0.00007941854	0.03069016326
0.06211996147	-0.00006918740	0.03082216913
0.06211997130	-0.00005971647	0.03095352915
0.06211997906	-0.00005100073	0.03108421152
0.06211998510	-0.00004301998	0.03121411361
0.06211998971	-0.00003575677	0.03134313649
0.06211999314	-0.00002919346	0.03147117198
0.06211999562	-0.00002332490	0.03159823422
0.06211999736	-0.00001811045	0.03172412525
0.06211999852	-0.00001355349	0.03184890522
0.06211999926	-0.00000960707	0.03197236940
0.06211999968	-0.00000627399	0.03209457250
0.06211999990	-0.00000351474	0.03221539717
0.06211999999	-0.00000130516	0.03233476394
0.06212000000	0.00000036927	0.03245265381
0.06211999998	0.00000153556	0.03256901429
0.06211999996	0.00000222126	0.03268378708
0.06211999995	0.00000245021	0.03279692986
0.06211999996	0.00000224662	0.03290840386
0.06211999998	0.00000163508	0.03301817387
0.06212000000	0.00000064212	0.03312618873
0.06212000000	-0.00000071463	0.03323243919
0.06211999995	-0.00000241148	0.03333691210
0.06211999984	-0.00000441784	0.03343955650
0.06211999964	-0.00000671277	0.03354034618
0.06211999931	-0.00000928520	0.03363931642
0.06211999882	-0.00001209467	0.03373637725
0.06211999815	-0.00001514189	0.03383159395
0.06211999728	-0.00001839202	0.03392492150
0.06211999617	-0.00002182440	0.03401633068
0.06211999479	-0.00002543603	0.03410587859
0.06211999314	-0.00002919618	0.03419353173
0.06211999119	-0.00003308929	0.03427929462
0.06211998892	-0.00003710029	0.03436317410
0.06211998633	-0.00004121469	0.03444517917
0.06211998340	-0.00004541820	0.03452532095
0.06211998012	-0.00004969699	0.03460361250
0.06211997650	-0.00005403771	0.03468006873
0.06211997252	-0.00005842773	0.03475470625
0.06211996820	-0.00006285456	0.03482754331
0.06211996354	-0.00006730209	0.03489856864
0.06211995854	-0.00007177440	0.03496784936
0.06211995320	-0.00007625477	0.03503540118
0.06211994755	-0.00008072119	0.03510118435
0.06211994158	-0.00008519364	0.03516532204
0.06211993533	-0.00008963529	0.03522774303
0.06211992878	-0.00009406466	0.03528856119
0.06211992199	-0.00009844776	0.03534770231
0.06211991492	-0.00010281017	0.03540529809
0.06211990764	-0.00010712314	0.03546131342
0.06211990014	-0.00011138434	0.03551576582
0.06211989243	-0.00011560410	0.03556873673
0.06211988455	-0.00011976557	0.03562022326
0.06211987651	-0.00012386636	0.03567025507
0.06211986833	-0.00012790301	0.03571885348
0.06211986002	-0.00013187750	0.03576606052
0.06211985159	-0.00013578788	0.03581191202
0.06211984308	-0.00013962871	0.03585642904
0.06211983449	-0.00014339841	0.03589964168
0.06211982584	-0.00014709586	0.03594157997
0.06211981716	-0.00015071981	0.03598227385
0.06211980844	-0.00015426936	0.03602175307
0.06211979972	-0.00015774161	0.03606003448
0.06211979100	-0.00016114120	0.03609716181
0.06211978228	-0.00016446765	0.03613316823
0.06211977359	-0.00016771803	0.03616807665
0.06211976494	-0.00017089192	0.03620191551
0.06211975635	-0.00017398640	0.03623469693
0.06211974782	-0.00017700508	0.03626645002
0.06211973934	-0.00017995729	0.03629724139
0.06211973094	-0.00018283319	0.03632707327
0.06211972261	-0.00018564181	0.03635602643
0.06211971767	-0.00018728883	0.03637091478
0.06211971758	-0.00018731649	0.03638589392
0.06211972236	-0.00018572447	0.03640078825
0.06211973183	-0.00018253142	0.03641542314
0.06211974562	-0.00017777479	0.03642962701
0.06211976323	-0.00017151034	0.03644323332
0.06211978401	-0.00016381151	0.03645608257
0.06211980720	-0.00015476857	0.03646802411
0.06211983196	-0.00014448753	0.03647891792
0.06211985743	-0.00013308893	0.03648863630
0.06211988273	-0.00012070640	0.03649706530
0.06211990701	-0.00010748513	0.03650410609
0.06211992951	-0.00009358011	0.03650967614
0.06211994957	-0.00007915436	0.03651371014
0.06211996664	-0.00006437703	0.03651616079
0.06261932436	-0.00160929089	0.02254301468
0.06261760334	-0.00167491833	0.02260405452
0.06261692718	-0.00170000914	0.02263305688
0.06261642725	-0.00171832441	0.02265722786
0.06261601465	-0.00173329427	0.02267878504
0.06261566257	-0.00174596711	0.02269895445
0.06261535383	-0.00175700433	0.02271818161
0.06261507458	-0.00176692828	0.02273656153
0.06261482707	-0.00177567776	0.02275468701
0.06261460081	-0.00178363816	0.02277238717
0.06261439245	-0.00179093765	0.02278975113
0.06261420572	-0.00179745444	0.02280713345
0.06261403521	-0.00180338439	0.02282441071
0.06261387684	-0.00180887448	0.02284150472
0.06261373414	-0.00181380728	0.02285867241
0.06261360624	-0.00181821706	0.02287593967
0.06261349114	-0.00182217641	0.02289326994
0.06261338843	-0.00182570250	0.02291069365
0.06261329778	-0.00182880870	0.02292823916
0.06261321897	-0.00183150484	0.02294593290
0.06261315159	-0.00183380697	0.02296378777
0.06261309610	-0.00183570075	0.02298185493
0.06261305267	-0.00183718130	0.02300016755
0.06261301996	-0.00183829587	0.02301868361
0.06261299895	-0.00183901125	0.02303747408
0.06261298964	-0.00183932819	0.02305655772
0.06261299199	-0.00183924808	0.02307595228
0.06261300611	-0.00183876750	0.02309567970
0.06261303208	-0.00183788303	0.02311576258
0.06261306927	-0.00183661556	0.02313618714
0.06261311503	-0.00183505499	0.02315684113
0.06261317642	-0.00183295887	0.02317810306
0.06261324974	-0.00183045272	0.02319979390
0.06261332966	-0.00182771685	0.02322166360
0.06261342743	-0.00182436436	0.02324431984
0.06261353233	-0.00182076066	0.02326721379
0.06261365262	-0.00181661929	0.02329081085
0.06261378101	-0.00181218852	0.02331473918
0.06261392549	-0.00180718973	0.02333945754
0.06261407684	-0.00180193830	0.02336448250
0.06261424320	-0.00179614813	0.02339029836
0.06261442145	-0.00178992366	0.02341674901
0.06261460999	-0.00178331608	0.02344377395
0.06261480932	-0.00177630336	0.02347143611
0.06261502166	-0.00176880248	0.02349989599
0.06261524522	-0.00176087069	0.02352907682
0.06261547998	-0.00175250295	0.02355901191
0.06261572590	-0.00174369429	0.02358973497
0.06261598293	-0.00173443995	0.02362128015
0.06261625101	-0.00172473448	0.02365368148
0.06261653009	-0.00171457271	0.02368697335
0.06261681810	-0.00170402198	0.02372106461
0.06261711785	-0.00169297150	0.02375618749
0.06261742865	-0.00168143675	0.02379233270
0.06261774820	-0.00166949406	0.02382938656
0.06261807763	-0.00165709182	0.02386747748
0.06261841785	-0.00164418541	0.02390671869
0.06261876568	-0.00163088475	0.02394691980
0.06261912403	-0.00161706690	0.02398835854
0.06261949126	-0.00160278331	0.02403095209
0.06261986548	-0.00158809561	0.02407460579
0.06262024964	-0.00157287484	0.02411962022
0.06262064159	-0.00155719207	0.02416586323
0.06262104107	-0.00154104358	0.02421337330
0.06262144782	-0.00152442546	0.02426218831
0.06262186156	-0.00150733386	0.02431234559
0.06262228197	-0.00148976536	0.02436388201
0.06262270874	-0.00147171665	0.02441683380
0.06262314153	-0.00145318444	0.02447123638
0.06262357997	-0.00143416588	0.02452712452
0.06262402368	-0.00141465845	0.02458453215
0.06262447154	-0.00139469153	0.02464342108
0.06262492332	-0.00137425577	0.02470385229
0.06262537970	-0.00135329874	0.02476599606
0.06262583775	-0.00133193300	0.02482958205
0.06262629968	-0.00131003354	0.02489500657
0.06262676213	-0.00128773660	0.02496191333
0.06262722696	-0.00126492808	0.02503069449
0.06262769176	-0.00124170258	0.02510110285
0.06262815637	-0.00121804331	0.02517325706
0.06262862051	-0.00119393989	0.02524724519
0.06262908304	-0.00116942591	0.02532301408
0.06262954322	-0.00114451574	0.02540058861
0.06263000022	-0.00111922838	0.02547998227
0.06263045333	-0.00109357933	0.02556122671
0.06263090188	-0.00106758107	0.02564436393
0.06263134501	-0.00104126016	0.02572938183
0.06263178179	-0.00101464791	0.02581626646
0.06263221156	-0.00098776281	0.02590506141
0.06263263358	-0.00096063024	0.02599577491
0.06263304709	-0.00093328003	0.02608840410
0.06263345137	-0.00090574246	0.02618294943
0.06263384573	-0.00087804878	0.02627940617
0.06263422918	-0.00085025566	0.02637766849
0.06263460160	-0.00082236355	0.02647792399
0.06263496227	-0.00079441924	0.02658006261
0.06263531040	-0.00076647974	0.02668396752
0.06263564584	-0.00073855959	0.02678978566
0.06263596813	-0.00071070168	0.02689743064
0.06263627670	-0.00068296464	0.02700676259
0.06263657161	-0.00065536056	0.02711796754
0.06263685237	-0.00062795326	0.02723078364
0.06263711902	-0.00060076726	0.02734534373
0.06263737139	-0.00057385108	0.02746149737
0.06263760952	-0.00054724222	0.02757922990
0.06263783347	-0.00052097757	0.02769851230
0.06263804335	-0.00049510126	0.02781921220
0.06263823940	-0.00046964342	0.02794138879
0.06263842181	-0.00044464882	0.02806481296
0.06263859096	-0.00042014547	0.02818961676
0.06263874717	-0.00039617319	0.02831550185
0.06263889087	-0.00037276105	0.02844261452
0.06263902252	-0.00034993954	0.02857070613
0.06263914261	-0.00032773931	0.02869978403
0.06263925169	-0.00030618309	0.02882976764
0.06263935029	-0.00028529872	0.02896046156
0.06263943898	-0.00026511242	0.02909193857
0.06263951838	-0.00024563523	0.02922401248
0.06263958909	-0.00022688944	0.02935654618
0.06263965168	-0.00020889591	0.02948956414
0.06263970679	-0.00019165924	0.02962290499
0.06263975501	-0.00017519130	0.02975647346
0.06263979693	-0.00015950112	0.02989014897
0.06263983310	-0.00014459906	0.03002388704
0.06263986410	-0.00013048410	0.03015757286
0.06263989044	-0.00011715613	0.03029110415
0.06263991264	-0.00010461470	0.03042438660
0.06263993118	-0.00009285540	0.03055732691
0.06263994650	-0.00008187211	0.03068983312
0.06263995901	-0.00007165646	0.03082181482
0.06263996912	-0.00006219810	0.03095315025
0.06263997716	-0.00005349205	0.03108380743
0.06263998346	-0.00004551822	0.03121368389
0.06263998832	-0.00003825928	0.03134268083
0.06263999198	-0.00003169764	0.03147069024
0.06263999468	-0.00002582824	0.03159772595
0.06263999661	-0.00002061060	0.03172359055
0.06263999794	-0.00001604811	0.03184834374
0.06263999883	-0.00001209403	0.03197178135
0.06263999939	-0.00000875116	0.03209395771
0.06263999971	-0.00000598017	0.03221475569
0.06263999989	-0.00000375700	0.03233409600
0.06263999997	-0.00000206719	0.03245195950
0.06263999999	-0.00000088388	0.03256829375
0.06264000000	-0.00000017960	0.03268304055
0.06264000000	0.00000006936	0.03279615759
0.06264000000	-0.00000011287	0.03290760613
0.06264000000	-0.00000070181	0.03301735098
0.06263999998	-0.00000167106	0.03312534106
0.06263999993	-0.00000300303	0.03323156710
0.06263999983	-0.00000467414	0.03333601588
0.06263999965	-0.00000665392	0.03343863658
0.06263999936	-0.00000892152	0.03353940304
0.06263999895	-0.00001146591	0.03363835034
0.06263999838	-0.00001424678	0.03373538884
0.06263999762	-0.00001726483	0.03383058351
0.06263999665	-0.00002048537	0.03392388950
0.06263999545	-0.00002388783	0.03401527769
0.06263999398	-0.00002746919	0.03410480496
0.06263999223	-0.00003119885	0.03419243793
0.06263999019	-0.00003506131	0.03427818113
0.06263998783	-0.00003904156	0.03436204140
0.06263998516	-0.00004312514	0.03444402773
0.06263998214	-0.00004729784	0.03452415123
0.06263997879	-0.00005154587	0.03460242496
0.06263997510	-0.00005585591	0.03467886382
0.06263997106	-0.00006021540	0.03475348441
0.06263996668	-0.00006461188	0.03482630497
0.06263996196	-0.00006902931	0.03489731435
0.06263995691	-0.00007347172	0.03496657947
0.06263995153	-0.00007792248	0.03503411606
0.06263994586	-0.00008235967	0.03509988462
0.06263993986	-0.00008680314	0.03516400791
0.06263993359	-0.00009121625	0.03522641507
0.06263992702	-0.00009561738	0.03528721964
0.06263992022	-0.00009997275	0.03534634778
0.06263991315	-0.00010430777	0.03540393077
0.06263990587	-0.00010859381	0.03545993374
0.06263989839	-0.00011282858	0.03551437425
0.06263989069	-0.00011702231	0.03556733352
0.06263988283	-0.00012115823	0.03561880877
0.06263987481	-0.00012523398	0.03566882965
0.06263986666	-0.00012924609	0.03571741753
0.06263985839	-0.00013319652	0.03576461434
0.06263985000	-0.00013708333	0.03581045592
0.06263984153	-0.00014090108	0.03585496331
0.06263983299	-0.00014464822	0.03589816664
0.06263982439	-0.00014832361	0.03594009591
0.06263981576	-0.00015192600	0.03598078106
0.06263980710	-0.00015545450	0.03602025182
0.06263979844	-0.00015890621	0.03605852509
0.06263978978	-0.00016228574	0.03609564452
0.06263978112	-0.00016559263	0.03613164329
0.06263977250	-0.00016882392	0.03616654427
0.06263976391	-0.00017197920	0.03620037594
0.06263975539	-0.00017505559	0.03623315044
0.06263974693	-0.00017805666	0.03626489689
0.06263973852	-0.00018099167	0.03629568173
0.06263973019	-0.00018385083	0.03632550727
0.06263972194	-0.00018664312	0.03635445406
0.06263971703	-0.00018828241	0.03636934325
0.06263971697	-0.00018830228	0.03638432239
0.06263972176	-0.00018670252	0.03639921587
0.06263973122	-0.00018350188	0.03641384908
0.06263974499	-0.00017873787	0.03642805046
0.06263976257	-0.00017246636	0.03644165351
0.06263978332	-0.00016476087	0.03645449874
0.06263980646	-0.00015571173	0.03646643556
0.06263983119	-0.00014542504	0.03647732402
0.06263985663	-0.00013402141	0.03648703646
0.06263988190	-0.00012163452	0.03649545902
0.06263990619	-0.00010840960	0.03650249294
0.06263992872	-0.00009450170	0.03650805576
0.06263994882	-0.00008007388	0.03651208225
0.06263996597	-0.00006529530	0.03651452523
0.06313967810	-0.00160207654	0.02254141054
0.06313797417	-0.00166787821	0.02260226263
0.06313730415	-0.00169305173	0.02263119311
0.06313680849	-0.00171143633	0.02265531090
0.06313639925	-0.00172646750	0.02267682513
0.06313604985	-0.00173919782	0.02269695786
0.06313574333	-0.00175028980	0.02271615294
0.06313546599	-0.00176026543	0.02273450476
0.06313522000	-0.00176906636	0.02275260468
0.06313499504	-0.00177707660	0.02277028195
0.06313478779	-0.00178442449	0.02278762542
0.06313460188	-0.00179099006	0.02280498884
0.06313443201	-0.00179696829	0.02282224900
0.06313427416	-0.00180250554	0.02283932784
0.06313413178	-0.00180748573	0.02285648171
0.06313400401	-0.00181194312	0.02287373648
0.06313388888	-0.00181595005	0.02289105564
0.06313378599	-0.00181952373	0.02290846959
0.06313369502	-0.00182267761	0.02292600663
0.06313361574	-0.00182542161	0.02294369314
0.06313354774	-0.00182777175	0.02296154204
0.06313349148	-0.00182971391	0.02297960438
0.06313344714	-0.00183124333	0.02299791331
0.06313341338	-0.00183240695	0.02301642692
0.06313339117	-0.00183317189	0.02303521605
0.06313338051	-0.00183353894	0.02305429948
0.06313338137	-0.00183350951	0.02307369493
0.06313339383	-0.00183308023	0.02309342436
0.06313341800	-0.00183224774	0.02311351033
0.06313345325	-0.00183103279	0.02313393916
0.06313349697	-0.00182952460	0.02315459889
0.06313355611	-0.00182748265	0.02317586720
0.06313362702	-0.00182503146	0.02319756552
0.06313370447	-0.00182234996	0.02321944445
0.06313379952	-0.00181905431	0.02324211026
0.06313390162	-0.00181550702	0.02326501549
0.06313401891	-0.00181142393	0.02328862448
0.06313414421	-0.00180705136	0.02331256634
0.06313428537	-0.00180211288	0.02333729876
0.06313443334	-0.00179692140	0.02336233955
0.06313459612	-0.00179119311	0.02338817185
0.06313477063	-0.00178503160	0.02341464003
0.06313495531	-0.00177848768	0.02344168379
0.06313515065	-0.00177153953	0.02346936594
0.06313535883	-0.00176410477	0.02349784664
0.06313557809	-0.00175624023	0.02352704937
0.06313580840	-0.00174794090	0.02355700741
0.06313604974	-0.00173920188	0.02358775447
0.06313630205	-0.00173001844	0.02361932465
0.06313656528	-0.00172038521	0.02365175194
0.06313683936	-0.00171029703	0.02368507072
0.06313712228	-0.00169982074	0.02371919015
0.06313741678	-0.00168884646	0.02375434186
0.06313772220	-0.00167738951	0.02379051667
0.06313803627	-0.00166552562	0.02382760128
0.06313836011	-0.00165320360	0.02386572381
0.06313869460	-0.00164037919	0.02390499722
0.06313903662	-0.00162716140	0.02394523174
0.06313938905	-0.00161342829	0.02398670435
0.06313975024	-0.00159923088	0.02402933253
0.06314011836	-0.00158463026	0.02407302199
0.06314049631	-0.00156949854	0.02411807244
0.06314088197	-0.00155390615	0.02416435222
0.06314127508	-0.00153784939	0.02421189975
0.06314167540	-0.00152132435	0.02426075285
0.06314208264	-0.00150432720	0.02431094879
0.06314249650	-0.00148685448	0.02436252438
0.06314291666	-0.00146890291	0.02441551580
0.06314334279	-0.00145046918	0.02446995842
0.06314377454	-0.00143155040	0.02452588691
0.06314421153	-0.00141214406	0.02458333519
0.06314465265	-0.00139227924	0.02464226521
0.06314509769	-0.00137194667	0.02470273780
0.06314554730	-0.00135109432	0.02476492272
0.06314599862	-0.00132983375	0.02482855056
0.06314645381	-0.00130804102	0.02489401633
0.06314690956	-0.00128585116	0.02496096498
0.06314736772	-0.00126315109	0.02502978734
0.06314782589	-0.00124003455	0.02510023708
0.06314828394	-0.00121648491	0.02517243247
0.06314874158	-0.00119249192	0.02524646125
0.06314919769	-0.00116808889	0.02532227047
0.06314965153	-0.00114329010	0.02539988491
0.06315010230	-0.00111811443	0.02547931798
0.06315054928	-0.00109257733	0.02556060122
0.06315099184	-0.00106669124	0.02564377645
0.06315142909	-0.00104048255	0.02572883155
0.06315186014	-0.00101398241	0.02581575260
0.06315228434	-0.00098720926	0.02590458298
0.06315270096	-0.00096018837	0.02599533081
0.06315310923	-0.00093294946	0.02608799319
0.06315350844	-0.00090552266	0.02618257049
0.06315389792	-0.00087793910	0.02627905790
0.06315427671	-0.00085025512	0.02637734990
0.06315464465	-0.00082247140	0.02647763326
0.06315500104	-0.00079463443	0.02657979822
0.06315534511	-0.00076680094	0.02668372829
0.06315567671	-0.00073898555	0.02678956969
0.06315599536	-0.00071123097	0.02689723621
0.06315630053	-0.00068359551	0.02700658839
0.06315659225	-0.00065609143	0.02711781134
0.06315687004	-0.00062878213	0.02723064408
0.06315713393	-0.00060169221	0.02734521871
0.06315738377	-0.00057486995	0.02746138519
0.06315761957	-0.00054835275	0.02757912872
0.06315784140	-0.00052217740	0.02769842017
0.06315804936	-0.00049638787	0.02781912745
0.06315824369	-0.00047101429	0.02794130929
0.06315842457	-0.00044610116	0.02806473725
0.06315859236	-0.00042167658	0.02818954257
0.06315874738	-0.00039778009	0.02831542786
0.06315889006	-0.00037444084	0.02844253855
0.06315902085	-0.00035168915	0.02857062670
0.06315914022	-0.00032955564	0.02869969936
0.06315924871	-0.00030806300	0.02882967597
0.06315934684	-0.00028723897	0.02896036162
0.06315943518	-0.00026710976	0.02909182851
0.06315951434	-0.00024768640	0.02922389087
0.06315958489	-0.00022899111	0.02935641184
0.06315964740	-0.00021104477	0.02948941547
0.06315970251	-0.00019385198	0.02962274074
0.06315975080	-0.00017742461	0.02975629244
0.06315979283	-0.00016177170	0.02988995017
0.06315982916	-0.00014690362	0.03002366930
0.06315986035	-0.00013281940	0.03015733518
0.06315988692	-0.00011951896	0.03029084562
0.06315990936	-0.00010700190	0.03042410638
0.06315992816	-0.00009526388	0.03055702424
0.06315994374	-0.00008429883	0.03068950731
0.06315995653	-0.00007409844	0.03082146525
0.06315996691	-0.00006465243	0.03095277649
0.06315997521	-0.00005595589	0.03108340891
0.06315998177	-0.00004798885	0.03121326016
0.06315998686	-0.00004073404	0.03134223157
0.06315999075	-0.00003417399	0.03147021532
0.06315999366	-0.00002830368	0.03159722492
0.06315999578	-0.00002308281	0.03172306352
0.06315999729	-0.00001851479	0.03184779033
0.06315999832	-0.00001455305	0.03197120181
0.06315999901	-0.00001120043	0.03209335183
0.06315999944	-0.00000841775	0.03221412356
0.06315999970	-0.00000618106	0.03233343780
0.06315999984	-0.00000447598	0.03245127534
0.06315999992	-0.00000327575	0.03256758378
0.06315999995	-0.00000255302	0.03268230498
0.06315999996	-0.00000228419	0.03279539667
0.06315999995	-0.00000244522	0.03290682014
0.06315999993	-0.00000301175	0.03301654021
0.06315999988	-0.00000395747	0.03312450591
0.06315999978	-0.00000526486	0.03323070788
0.06315999962	-0.00000691044	0.03333513290
0.06315999938	-0.00000886387	0.03343773027
0.06315999902	-0.00001110436	0.03353847386
0.06315999853	-0.00001362093	0.03363739857
0.06315999788	-0.00001637345	0.03373441507
0.06315999703	-0.00001936259	0.03382958804
0.06315999597	-0.00002255380	0.03392287280
0.06315999468	-0.00002592660	0.03401424031
0.06315999312	-0.00002947795	0.03410374725
0.06315999129	-0.00003317739	0.03419136036
0.06315998916	-0.00003700947	0.03427708417
0.06315998672	-0.00004095924	0.03436092551
0.06315998396	-0.00004501229	0.03444289338
0.06315998087	-0.00004915445	0.03452299887
0.06315997745	-0.00005337199	0.03460125505
0.06315997369	-0.00005765164	0.03467767680
0.06315996959	-0.00006198087	0.03475228070
0.06315996515	-0.00006634728	0.03482508501
0.06315996039	-0.00007073488	0.03489607868
0.06315995529	-0.00007514768	0.03496532844
0.06315994988	-0.00007956909	0.03503285003
0.06315994417	-0.00008397731	0.03509860418
0.06315993815	-0.00008839207	0.03516271328
0.06315993186	-0.00009277690	0.03522510683
0.06315992528	-0.00009715007	0.03528589800
0.06315991848	-0.00010147796	0.03534501335
0.06315991141	-0.00010578583	0.03540258375
0.06315990413	-0.00011004521	0.03545857454
0.06315989666	-0.00011425378	0.03551300334
0.06315988898	-0.00011842172	0.03556595114
0.06315988114	-0.00012253235	0.03561741528
0.06315987315	-0.00012658328	0.03566742540
0.06315986503	-0.00013057108	0.03571600288
0.06315985680	-0.00013449767	0.03576318963
0.06315984845	-0.00013836113	0.03580902142
0.06315984002	-0.00014215603	0.03585351934
0.06315983153	-0.00014588081	0.03589671349
0.06315982298	-0.00014953435	0.03593863387
0.06315981441	-0.00015311538	0.03597931041
0.06315980580	-0.00015662303	0.03601877285
0.06315979720	-0.00016005440	0.03605703809
0.06315978860	-0.00016341406	0.03609414975
0.06315978001	-0.00016670156	0.03613014096
0.06315977145	-0.00016991394	0.03616503463
0.06315976293	-0.00017305081	0.03619885921
0.06315975448	-0.00017610927	0.03623162690
0.06315974609	-0.00017909288	0.03626336680
0.06315973775	-0.00018201086	0.03629414521
0.06315972949	-0.00018485345	0.03632396450
0.06315972130	-0.00018762956	0.03635290502
0.06315971644	-0.00018926117	0.03636779503
0.06315971640	-0.00018927333	0.03638277416
0.06315972120	-0.00018766590	0.03639766680
0.06315973065	-0.00018445772	0.03641229835
0.06315974440	-0.00017968641	0.03642649725
0.06315976195	-0.00017340790	0.03644009705
0.06315978265	-0.00016569580	0.03645293830
0.06315980576	-0.00015664052	0.03646487045
0.06315983045	-0.00014634824	0.03647575359
0.06315985585	-0.00013493962	0.03648546015
0.06315988111	-0.00012254840	0.03649387631
0.06315990539	-0.00010931988	0.03650090341
0.06315992794	-0.00009540913	0.03650645906
0.06315994809	-0.00008097926	0.03651047812
0.06315996531	-0.00006619943	0.03651291348
0.06366002343	-0.00159493465	0.02253982973
0.06365833632	-0.00166090829	0.02260049544
0.06365767238	-0.00168616348	0.02262935454
0.06365718092	-0.00170461655	0.02265341949
0.06365677500	-0.00171970829	0.02267489103
0.06365642827	-0.00173249542	0.02269498728
0.06365612393	-0.00174364151	0.02271415047
0.06365584850	-0.00175366822	0.02273247433
0.06365560402	-0.00176252001	0.02275054880
0.06365538036	-0.00177057951	0.02276820329
0.06365517421	-0.00177797526	0.02278552634
0.06365498914	-0.00178458906	0.02280287093
0.06365481991	-0.00179061505	0.02282011404
0.06365466259	-0.00179619895	0.02283717773
0.06365452054	-0.00180122598	0.02285431781
0.06365439292	-0.00180573049	0.02287156009
0.06365427778	-0.00180978446	0.02288886815
0.06365417474	-0.00181340523	0.02290627232
0.06365408346	-0.00181660629	0.02292380085
0.06365400374	-0.00181939764	0.02294148010
0.06365393516	-0.00182179529	0.02295932296
0.06365387818	-0.00182378533	0.02297738042
0.06365383295	-0.00182536311	0.02299568558
0.06365379818	-0.00182657529	0.02301419665
0.06365377482	-0.00182738928	0.02303298435
0.06365376285	-0.00182780592	0.02305206745
0.06365376226	-0.00182782665	0.02307146368
0.06365377313	-0.00182744816	0.02309119497
0.06365379554	-0.00182666713	0.02311128390
0.06365382891	-0.00182550419	0.02313171685
0.06365387066	-0.00182404786	0.02315238215
0.06365392760	-0.00182205955	0.02317365665
0.06365399616	-0.00181966279	0.02319536227
0.06365407122	-0.00181703513	0.02321725022
0.06365416361	-0.00181379575	0.02323992539
0.06365426300	-0.00181030434	0.02326284169
0.06365437735	-0.00180627897	0.02328646237
0.06365449965	-0.00180196403	0.02331041751
0.06365463757	-0.00179708529	0.02333516372
0.06365478225	-0.00179195319	0.02336022007
0.06365494153	-0.00178628618	0.02338606854
0.06365511240	-0.00178018705	0.02341255396
0.06365529331	-0.00177370619	0.02343961623
0.06365548476	-0.00176682199	0.02346731806
0.06365568887	-0.00175945274	0.02349581925
0.06365590393	-0.00175165481	0.02352504354
0.06365612991	-0.00174342326	0.02355502421
0.06365636678	-0.00173475322	0.02358579490
0.06365661448	-0.00172564003	0.02361738970
0.06365687296	-0.00171607835	0.02364984258
0.06365714217	-0.00170606308	0.02368318788
0.06365742011	-0.00169566054	0.02371733508
0.06365770949	-0.00168476174	0.02375251522
0.06365800965	-0.00167338186	0.02378871921
0.06365831838	-0.00166159603	0.02382583416
0.06365863675	-0.00164935349	0.02386398787
0.06365896564	-0.00163661031	0.02390329303
0.06365930199	-0.00162347461	0.02394356051
0.06365964862	-0.00160982546	0.02398506652
0.06366000392	-0.00159571341	0.02402772888
0.06366036608	-0.00158119906	0.02407145363
0.06366073795	-0.00156615556	0.02411653963
0.06366111746	-0.00155065270	0.02416285570
0.06366150435	-0.00153468681	0.02421044020
0.06366189838	-0.00151825397	0.02425933090
0.06366229926	-0.00150135036	0.02430956500
0.06366270671	-0.00148397253	0.02436117927
0.06366312041	-0.00146611717	0.02441420982
0.06366354004	-0.00144778098	0.02446869196
0.06366396524	-0.00142896104	0.02452466032
0.06366439565	-0.00140965482	0.02458214873
0.06366483019	-0.00138989114	0.02464111934
0.06366526863	-0.00136966076	0.02470163281
0.06366571162	-0.00134891208	0.02476385837
0.06366615635	-0.00132775566	0.02482752756
0.06366660494	-0.00130606863	0.02489303407
0.06366705414	-0.00128398482	0.02496002411
0.06366750576	-0.00126139213	0.02502888718
0.06366795745	-0.00123838348	0.02509937783
0.06366840908	-0.00121494242	0.02517161392
0.06366886036	-0.00119105878	0.02524568288
0.06366931017	-0.00116676560	0.02532153197
0.06366975781	-0.00114207709	0.02539918585
0.06367020248	-0.00111701200	0.02547865791
0.06367064348	-0.00109158574	0.02555997951
0.06367108015	-0.00106581070	0.02564319231
0.06367151166	-0.00103971311	0.02572828421
0.06367193710	-0.00101332395	0.02581524130
0.06367235584	-0.00098666163	0.02590410672
0.06367276716	-0.00095975130	0.02599488853
0.06367317029	-0.00093262255	0.02608758376
0.06367356455	-0.00090530539	0.02618219270
0.06367394925	-0.00087783082	0.02627871048
0.06367432345	-0.00085025487	0.02637703186
0.06367468700	-0.00082257842	0.02647734281
0.06367503920	-0.00079484769	0.02657953387
0.06367537929	-0.00076711909	0.02668348888
0.06367570712	-0.00073940738	0.02678935334
0.06367602221	-0.00071175505	0.02689704123
0.06367632404	-0.00068422011	0.02700641348
0.06367661261	-0.00065681497	0.02711765431
0.06367688749	-0.00062960263	0.02723050356
0.06367714868	-0.00060260777	0.02734509266
0.06367739602	-0.00057587842	0.02746127192
0.06367762953	-0.00054945190	0.02757902642
0.06367784928	-0.00052336491	0.02769832690
0.06367805535	-0.00049766122	0.02781904158
0.06367824798	-0.00047237097	0.02794122872
0.06367842735	-0.00044753843	0.02806466052
0.06367859380	-0.00042319174	0.02818946746
0.06367874766	-0.00039937021	0.02831535306
0.06367888933	-0.00037610304	0.02844246189
0.06367901926	-0.00035342040	0.02857054674
0.06367913791	-0.00033135285	0.02869961434
0.06367924582	-0.00030992308	0.02882958415
0.06367934349	-0.00028915869	0.02896026176
0.06367943147	-0.00026908593	0.02909171875
0.06367951038	-0.00024971577	0.02922376981
0.06367958077	-0.00023107040	0.02935627832
0.06367964320	-0.00021317070	0.02948926791
0.06367969830	-0.00019602126	0.02962257791
0.06367974664	-0.00017963398	0.02975611316
0.06367978877	-0.00016401788	0.02988975343
0.06367982525	-0.00014918336	0.03002345396
0.06367985663	-0.00013512948	0.03015710025
0.06367988341	-0.00012185622	0.03029059021
0.06367990609	-0.00010936322	0.03042382966
0.06367992514	-0.00009764618	0.03055672546
0.06367994098	-0.00008669910	0.03068918578
0.06367995403	-0.00007651374	0.03082112034
0.06367996467	-0.00006707990	0.03095240779
0.06367997323	-0.00005839271	0.03108301585
0.06367998003	-0.00005043230	0.03121284230
0.06367998536	-0.00004318152	0.03134178860
0.06367998947	-0.00003662299	0.03146974710
0.06367999257	-0.00003075171	0.03159673100
0.06367999488	-0.00002552758	0.03172254401
0.06367999655	-0.00002095400	0.03184724487
0.06367999773	-0.00001698464	0.03197063062
0.06367999854	-0.00001362229	0.03209275471
0.06367999908	-0.00001082798	0.03221350059
0.06367999942	-0.00000857786	0.03233278917
0.06367999963	-0.00000685759	0.03245060116
0.06367999975	-0.00000564056	0.03256688417
0.06367999981	-0.00000489952	0.03268158017
0.06367999983	-0.00000461097	0.03279464691
0.06367999982	-0.00000475097	0.03290604569
0.06367999978	-0.00000529526	0.03301574135
0.06367999970	-0.00000621763	0.03312368303
0.06367999956	-0.00000750065	0.03322986131
0.06367999935	-0.00000912091	0.03333426293
0.06367999904	-0.00001104820	0.03343683731
0.06367999862	-0.00001326182	0.03353755838
0.06367999805	-0.00001575081	0.03363646084
0.06367999732	-0.00001847523	0.03373345568
0.06367999639	-0.00002143571	0.03382860728
0.06367999525	-0.00002459785	0.03392187112
0.06367999387	-0.00002794124	0.03401321827
0.06367999223	-0.00003146285	0.03410270517
0.06367999031	-0.00003513234	0.03419029871
0.06367998810	-0.00003893432	0.03427600342
0.06367998558	-0.00004285388	0.03435982612
0.06367998275	-0.00004687667	0.03444177580
0.06367997959	-0.00005098858	0.03452186356
0.06367997610	-0.00005517591	0.03460010244
0.06367997227	-0.00005942544	0.03467650733
0.06367996812	-0.00006372469	0.03475109480
0.06367996363	-0.00006806130	0.03482388310
0.06367995882	-0.00007241935	0.03489486129
0.06367995369	-0.00007680280	0.03496409591
0.06367994824	-0.00008119514	0.03503160272
0.06367994250	-0.00008557467	0.03509734269
0.06367993646	-0.00008996098	0.03516143781
0.06367993015	-0.00009431779	0.03522381794
0.06367992357	-0.00009866326	0.03528459592
0.06367991676	-0.00010296393	0.03534369867
0.06367990969	-0.00010724491	0.03540125665
0.06367990242	-0.00011147786	0.03545723544
0.06367989496	-0.00011566049	0.03551165270
0.06367988731	-0.00011980289	0.03556458920
0.06367987949	-0.00012388845	0.03561604239
0.06367987153	-0.00012791480	0.03566604191
0.06367986344	-0.00013187851	0.03571460916
0.06367985524	-0.00013578150	0.03576178598
0.06367984694	-0.00013962182	0.03580760813
0.06367983855	-0.00014339408	0.03585209671
0.06367983011	-0.00014709672	0.03589528183
0.06367982161	-0.00015072861	0.03593719345
0.06367981309	-0.00015428850	0.03597786152
0.06367980455	-0.00015777549	0.03601731573
0.06367979600	-0.00016118670	0.03605557307
0.06367978746	-0.00016452669	0.03609267707
0.06367977893	-0.00016779498	0.03612866084
0.06367977044	-0.00017098864	0.03616354730
0.06367976199	-0.00017410725	0.03619736489
0.06367975360	-0.00017714796	0.03623012587
0.06367974528	-0.00018011428	0.03626185933
0.06367973701	-0.00018301539	0.03629263139
0.06367972882	-0.00018584156	0.03632244453
0.06367972071	-0.00018860165	0.03635137886
0.06367971588	-0.00019022566	0.03636626969
0.06367971586	-0.00019023017	0.03638124881
0.06367972067	-0.00018861514	0.03639614061
0.06367973011	-0.00018539949	0.03641077050
0.06367974384	-0.00018062093	0.03642496695
0.06367976136	-0.00017433548	0.03643856353
0.06367978203	-0.00016661683	0.03645140082
0.06367980509	-0.00015755548	0.03646332833
0.06367982974	-0.00014725765	0.03647420621
0.06367985511	-0.00013584408	0.03648390692
0.06367988034	-0.00012344859	0.03649231675
0.06367990462	-0.00011021649	0.03649933708
0.06367992718	-0.00009630292	0.03650488562
0.06367994737	-0.00008187101	0.03650889731
0.06367996466	-0.00006708996	0.03651132512
0.06418036060	-0.00158786427	0.02253827182
0.06417869007	-0.00165400764	0.02259875253
0.06417803211	-0.00167934348	0.02262754074
0.06417754480	-0.00169786420	0.02265155318
0.06417714217	-0.00171301578	0.02267298229
0.06417679807	-0.00172585903	0.02269304228
0.06417649591	-0.00173705861	0.02271217375
0.06417622236	-0.00174713581	0.02273046981
0.06417597939	-0.00175603786	0.02274851894
0.06417575702	-0.00176414607	0.02276615075
0.06417555198	-0.00177158914	0.02278345347
0.06417536774	-0.00177825064	0.02280077929
0.06417519917	-0.00178432384	0.02281800540
0.06417504239	-0.00178995388	0.02283505398
0.06417490068	-0.00179502726	0.02285218029
0.06417477322	-0.00179957836	0.02286941009
0.06417465810	-0.00180367888	0.02288670704
0.06417455492	-0.00180734623	0.02290410141
0.06417446337	-0.00181059398	0.02292162141
0.06417438324	-0.00181343217	0.02293929335
0.06417431411	-0.00181587683	0.02295713014
0.06417425643	-0.00181791425	0.02297518266
0.06417421035	-0.00181953990	0.02299348398
0.06417417461	-0.00182080013	0.02301199242
0.06417415013	-0.00182166268	0.02303077859
0.06417413691	-0.00182212841	0.02304986126
0.06417413491	-0.00182219880	0.02306925814
0.06417414423	-0.00182187059	0.02308899118
0.06417416495	-0.00182114051	0.02310908292
0.06417419648	-0.00182002904	0.02312951983
0.06417423631	-0.00181862408	0.02315019054
0.06417429113	-0.00181668888	0.02317147106
0.06417435741	-0.00181434601	0.02319318380
0.06417443014	-0.00181177167	0.02321508057
0.06417451994	-0.00180858803	0.02323776489
0.06417461668	-0.00180515195	0.02326069203
0.06417472818	-0.00180118374	0.02328432418
0.06417484754	-0.00179692588	0.02330829235
0.06417498231	-0.00179210631	0.02333305210
0.06417512379	-0.00178703302	0.02335812375
0.06417527966	-0.00178142672	0.02338398812
0.06417544696	-0.00177538937	0.02341049048
0.06417562420	-0.00176897097	0.02343757096
0.06417581185	-0.00176215013	0.02346529216
0.06417601200	-0.00175484578	0.02349381352
0.06417622296	-0.00174711384	0.02352305906
0.06417644470	-0.00173894942	0.02355306200
0.06417667720	-0.00173034772	0.02358385597
0.06417692040	-0.00172130412	0.02361547504
0.06417717425	-0.00171181332	0.02364795314
0.06417743870	-0.00170187028	0.02368132458
0.06417771178	-0.00169154080	0.02371549915
0.06417799616	-0.00168071678	0.02375070732
0.06417829118	-0.00166941326	0.02378694009
0.06417859468	-0.00165770477	0.02382408496
0.06417890771	-0.00164554096	0.02386226941
0.06417923113	-0.00163287825	0.02390160590
0.06417956194	-0.00161982389	0.02394190589
0.06417990289	-0.00160625790	0.02398344487
0.06418025243	-0.00159223042	0.02402614094
0.06418060877	-0.00157780154	0.02406990052
0.06418097471	-0.00156284542	0.02411502161
0.06418134820	-0.00154743125	0.02416137349
0.06418172901	-0.00153155537	0.02420899449
0.06418211688	-0.00151521387	0.02425792230
0.06418251155	-0.00149840292	0.02430819408
0.06418291273	-0.00148111908	0.02435984654
0.06418332011	-0.00146335902	0.02441291572
0.06418373337	-0.00144511944	0.02446743689
0.06418415218	-0.00142639740	0.02452344461
0.06418457615	-0.00140719035	0.02458097266
0.06418500424	-0.00138752683	0.02463998336
0.06418543623	-0.00136739768	0.02470053721
0.06418587274	-0.00134675167	0.02476280291
0.06418631103	-0.00132569840	0.02482651296
0.06418675316	-0.00130411605	0.02489205973
0.06418719595	-0.00128213726	0.02495909067
0.06418764117	-0.00125965092	0.02502799397
0.06418808652	-0.00123674912	0.02509852504
0.06418853186	-0.00121341557	0.02517080135
0.06418897691	-0.00118964021	0.02524491003
0.06418942057	-0.00116545580	0.02532079853
0.06418986213	-0.00114087648	0.02539849142
0.06419030083	-0.00111592089	0.02547800201
0.06419073595	-0.00109060437	0.02555936156
0.06419116687	-0.00106493927	0.02564261152
0.06419159275	-0.00103895167	0.02572773982
0.06419201270	-0.00101267239	0.02581473255
0.06419242609	-0.00098611978	0.02590363265
0.06419283221	-0.00095931889	0.02599444808
0.06419323031	-0.00093229919	0.02608717582
0.06419361971	-0.00090509056	0.02618181608
0.06419399973	-0.00087772387	0.02627836391
0.06419436943	-0.00085025484	0.02637671440
0.06419472868	-0.00082268457	0.02647705268
0.06419507677	-0.00079505898	0.02657926960
0.06419541296	-0.00076743419	0.02668324932
0.06419573708	-0.00073982509	0.02678913664
0.06419604868	-0.00071227394	0.02689684573
0.06419634722	-0.00068483846	0.02700623790
0.06419663272	-0.00065753123	0.02711749647
0.06419690473	-0.00063041484	0.02723036214
0.06419716326	-0.00060351403	0.02734496561
0.06419740815	-0.00057687661	0.02746115761
0.06419763941	-0.00055053979	0.02757892304
0.06419785711	-0.00052454021	0.02769823254
0.06419806132	-0.00049892145	0.02781895464
0.06419825228	-0.00047371363	0.02794114711
0.06419843015	-0.00044896080	0.02806458281
0.06419859529	-0.00042469115	0.02818939145
0.06419874799	-0.00040094377	0.02831527747
0.06419888867	-0.00037774788	0.02844238458
0.06419901775	-0.00035513352	0.02857046628
0.06419913569	-0.00033313121	0.02869952898
0.06419924301	-0.00031176359	0.02882949219
0.06419934022	-0.00029105818	0.02896016196
0.06419942785	-0.00027104122	0.02909160929
0.06419950650	-0.00025172366	0.02922364930
0.06419957672	-0.00023312763	0.02935614562
0.06419963907	-0.00021527401	0.02948912146
0.06419969416	-0.00019816743	0.02962241647
0.06419974254	-0.00018181975	0.02975593558
0.06419978477	-0.00016624001	0.02988955872
0.06419982139	-0.00015143865	0.03002324099
0.06419985294	-0.00013741474	0.03015686804
0.06419987992	-0.00012416831	0.03029033787
0.06419990283	-0.00011169905	0.03042355637
0.06419992211	-0.00010000271	0.03055643048
0.06419993821	-0.00008907336	0.03068886843
0.06419995151	-0.00007890281	0.03082078002
0.06419996240	-0.00006948094	0.03095204407
0.06419997121	-0.00006080294	0.03108262816
0.06419997825	-0.00005284904	0.03121243020
0.06419998380	-0.00004560218	0.03134135179
0.06419998813	-0.00003904507	0.03146928545
0.06419999143	-0.00003317278	0.03159624406
0.06419999392	-0.00002794536	0.03172203188
0.06419999575	-0.00002336623	0.03184670720
0.06419999707	-0.00001938925	0.03197006762
0.06419999800	-0.00001601723	0.03209216620
0.06419999864	-0.00001321134	0.03221288662
0.06419999907	-0.00001094787	0.03233214994
0.06419999934	-0.00000921253	0.03244993676
0.06419999950	-0.00000797881	0.03256619475
0.06419999959	-0.00000721959	0.03268086593
0.06419999963	-0.00000691147	0.03279390809
0.06419999962	-0.00000703061	0.03290528256
0.06419999956	-0.00000755283	0.03301495419
0.06419999944	-0.00000845206	0.03312287221
0.06419999927	-0.00000971090	0.03322902715
0.06419999900	-0.00001130605	0.03333340572
0.06419999864	-0.00001320743	0.03343595747
0.06419999815	-0.00001539442	0.03353665636
0.06419999752	-0.00001785607	0.03363553690
0.06419999671	-0.00002055263	0.03373251039
0.06419999570	-0.00002348470	0.03382764094
0.06419999448	-0.00002661802	0.03392088418
0.06419999302	-0.00002993228	0.03401221127
0.06419999130	-0.00003342442	0.03410167844
0.06419998930	-0.00003706423	0.03418925270
0.06419998701	-0.00004083638	0.03427493859
0.06419998442	-0.00004472600	0.03435874292
0.06419998151	-0.00004871882	0.03444067469
0.06419997829	-0.00005280074	0.03452074497
0.06419997473	-0.00005695814	0.03459896681
0.06419997085	-0.00006117783	0.03467535509
0.06419996664	-0.00006544737	0.03474992638
0.06419996211	-0.00006975446	0.03482269890
0.06419995726	-0.00007408324	0.03489366184
0.06419995208	-0.00007843762	0.03496288154
0.06419994660	-0.00008280116	0.03503037380
0.06419994084	-0.00008715226	0.03509609979
0.06419993478	-0.00009151038	0.03516018114
0.06419992846	-0.00009583944	0.03522254805
0.06419992187	-0.00010015746	0.03528331302
0.06419991506	-0.00010443117	0.03534240335
0.06419990800	-0.00010868551	0.03539994910
0.06419990074	-0.00011289229	0.03545591608
0.06419989330	-0.00011704922	0.03551032196
0.06419988566	-0.00012116631	0.03556324732
0.06419987787	-0.00012522705	0.03561468973
0.06419986994	-0.00012922905	0.03566467880
0.06419986188	-0.00013316891	0.03571323597
0.06419985372	-0.00013704850	0.03576040301
0.06419984546	-0.00014086591	0.03580621566
0.06419983712	-0.00014461575	0.03585069505
0.06419982872	-0.00014829646	0.03589387125
0.06419982028	-0.00015190691	0.03593577425
0.06419981181	-0.00015544584	0.03597643396
0.06419980332	-0.00015891237	0.03601588008
0.06419979484	-0.00016230363	0.03605412963
0.06419978636	-0.00016562413	0.03609122608
0.06419977790	-0.00016887339	0.03612720252
0.06419976946	-0.00017204850	0.03616208187
0.06419976108	-0.00017514904	0.03619589258
0.06419975276	-0.00017817216	0.03622864694
0.06419974451	-0.00018112137	0.03626037405
0.06419973631	-0.00018400576	0.03629113985
0.06419972819	-0.00018681568	0.03632094693
0.06419972015	-0.00018955989	0.03634987517
0.06419971535	-0.00019117636	0.03636476680
0.06419971536	-0.00019117329	0.03637974590
0.06419972017	-0.00018955072	0.03639463687
0.06419972961	-0.00018632767	0.03640926511
0.06419974332	-0.00018154193	0.03642345913
0.06419976081	-0.00017524961	0.03643705251
0.06419978143	-0.00016752447	0.03644988588
0.06419980445	-0.00015845709	0.03646180878
0.06419982905	-0.00014815377	0.03647268144
0.06419985439	-0.00013673530	0.03648237636
0.06419987960	-0.00012433556	0.03649077990
0.06419990387	-0.00011109993	0.03649779353
0.06419992644	-0.00009718357	0.03650333502
0.06419994667	-0.00008274965	0.03650733940
0.06419996402	-0.00006796738	0.03650975972
0.06470068985	-0.00158086446	0.02253673639
0.06469903564	-0.00164717535	0.02259703347
0.06469838360	-0.00167259085	0.02262575128
0.06469790040	-0.00169117838	0.02264971155
0.06469750100	-0.00170638909	0.02267109850
0.06469715952	-0.00171928780	0.02269112244
0.06469685951	-0.00173054023	0.02271022237
0.06469658783	-0.00174066735	0.02272849076
0.06469634637	-0.00174961909	0.02274651468
0.06469612527	-0.00175777545	0.02276412392
0.06469592134	-0.00176526531	0.02278140638
0.06469573794	-0.00177197398	0.02279871351
0.06469557004	-0.00177809387	0.02281592267
0.06469541380	-0.00178376953	0.02283295617
0.06469527245	-0.00178888875	0.02285006873
0.06469514517	-0.00179348595	0.02286728607
0.06469503008	-0.00179763253	0.02288457191
0.06469492679	-0.00180134595	0.02290195646
0.06469483499	-0.00180463989	0.02291946791
0.06469475447	-0.00180752444	0.02293713251
0.06469468482	-0.00181001562	0.02295496317
0.06469462647	-0.00181209994	0.02297301069
0.06469457958	-0.00181377295	0.02299130809
0.06469454291	-0.00181508075	0.02300981383
0.06469451735	-0.00181599136	0.02302859838
0.06469450291	-0.00181650569	0.02304768051
0.06469449956	-0.00181662524	0.02306707793
0.06469450737	-0.00181634680	0.02308681259
0.06469452645	-0.00181566716	0.02310690701
0.06469455621	-0.00181460667	0.02312734773
0.06469459417	-0.00181325256	0.02314802368
0.06469464691	-0.00181136995	0.02316931006
0.06469471097	-0.00180908044	0.02319102973
0.06469478144	-0.00180655890	0.02321293514
0.06469486872	-0.00180343045	0.02323562841
0.06469496289	-0.00180004918	0.02325856617
0.06469507160	-0.00179613759	0.02328220955
0.06469518811	-0.00179193627	0.02330619053
0.06469531980	-0.00178717529	0.02333096357
0.06469545815	-0.00178216026	0.02335605026
0.06469561069	-0.00177661410	0.02338193025
0.06469577452	-0.00177063793	0.02340844928
0.06469594818	-0.00176428142	0.02343554768
0.06469613212	-0.00175752334	0.02346328795
0.06469632840	-0.00175028327	0.02349182917
0.06469653536	-0.00174261670	0.02352109562
0.06469675297	-0.00173451880	0.02355112049
0.06469698120	-0.00172598480	0.02358193741
0.06469722000	-0.00171701014	0.02361358039
0.06469746933	-0.00170758956	0.02364608334
0.06469772912	-0.00169771808	0.02367948054
0.06469799746	-0.00168746098	0.02371368211
0.06469827695	-0.00167671104	0.02374891791
0.06469856695	-0.00166548317	0.02378517907
0.06469886534	-0.00165385130	0.02382235344
0.06469917315	-0.00164176548	0.02386056822
0.06469949122	-0.00162918250	0.02389993560
0.06469981661	-0.00161620871	0.02394026768
0.06470015203	-0.00160272512	0.02398183918
0.06470049593	-0.00158878141	0.02402456853
0.06470084657	-0.00157443720	0.02406836247
0.06470120670	-0.00155956765	0.02411351818
0.06470157431	-0.00154424134	0.02415990541
0.06470194917	-0.00152845463	0.02420756244
0.06470233103	-0.00151220361	0.02425652688
0.06470271962	-0.00149548445	0.02430683587
0.06470311467	-0.00147829371	0.02435852603
0.06470351587	-0.00146062806	0.02441163336
0.06470392291	-0.00144248417	0.02446619307
0.06470433544	-0.00142385910	0.02452223966
0.06470475312	-0.00140475027	0.02457980687
0.06470517491	-0.00138518598	0.02463885717
0.06470560058	-0.00136515707	0.02469945090
0.06470603076	-0.00134461275	0.02476175626
0.06470646274	-0.00132366165	0.02482550667
0.06470689855	-0.00130218297	0.02489109321
0.06470733506	-0.00128030820	0.02495816458
0.06470777402	-0.00125792717	0.02502710763
0.06470821316	-0.00123513117	0.02509767866
0.06470865235	-0.00121190409	0.02516999472
0.06470909129	-0.00118823595	0.02524414267
0.06470952892	-0.00116415926	0.02532007012
0.06470996454	-0.00113968805	0.02539780158
0.06471039739	-0.00111484089	0.02547735028
0.06471082676	-0.00108963302	0.02555874734
0.06471125204	-0.00106407678	0.02564203406
0.06471167240	-0.00103819808	0.02572719836
0.06471208697	-0.00101202757	0.02581422635
0.06471249512	-0.00098558358	0.02590316076
0.06471289615	-0.00095889104	0.02599400946
0.06471328932	-0.00093197928	0.02608676938
0.06471367395	-0.00090487808	0.02618144064
0.06471404937	-0.00087761819	0.02627801824
0.06471441467	-0.00085025500	0.02637639754
0.06471476970	-0.00082278980	0.02647676289
0.06471511376	-0.00079526828	0.02657900544
0.06471544611	-0.00076774624	0.02668300965
0.06471576660	-0.00074023868	0.02678891963
0.06471607477	-0.00071278767	0.02689664975
0.06471637009	-0.00068545062	0.02700606168
0.06471665257	-0.00065824028	0.02711733787
0.06471692177	-0.00063121882	0.02723021985
0.06471717768	-0.00060441108	0.02734483762
0.06471742016	-0.00057786461	0.02746104229
0.06471764921	-0.00055161656	0.02757881861
0.06471786489	-0.00052570346	0.02769813713
0.06471806727	-0.00050016870	0.02781886665
0.06471825658	-0.00047504243	0.02794106449
0.06471843299	-0.00045036845	0.02806450416
0.06471859682	-0.00042617502	0.02818931459
0.06471874839	-0.00040250097	0.02831520112
0.06471888808	-0.00037937559	0.02844230664
0.06471901632	-0.00035682875	0.02857038534
0.06471913355	-0.00033489096	0.02869944331
0.06471924030	-0.00031358481	0.02882940011
0.06471933704	-0.00029293770	0.02896006224
0.06471942432	-0.00027297592	0.02909150014
0.06471950271	-0.00025371035	0.02922352935
0.06471957276	-0.00023516311	0.02935601372
0.06471963502	-0.00021735504	0.02948897608
0.06471969008	-0.00020029080	0.02962225641
0.06471973849	-0.00018398226	0.02975575969
0.06471978081	-0.00016843847	0.02988936601
0.06471981756	-0.00015366985	0.03002303035
0.06471984928	-0.00013967554	0.03015663849
0.06471987646	-0.00012645561	0.03029008854
0.06471989958	-0.00011400979	0.03042328646
0.06471991910	-0.00010233388	0.03055613925
0.06471993543	-0.00009142200	0.03068855520
0.06471994898	-0.00008126605	0.03082044419
0.06471996011	-0.00007185598	0.03095168523
0.06471996915	-0.00006318701	0.03108224574
0.06471997643	-0.00005523949	0.03121202378
0.06471998220	-0.00004799646	0.03134092105
0.06471998673	-0.00004144071	0.03146883025
0.06471999023	-0.00003556735	0.03159576398
0.06471999289	-0.00003033662	0.03172152701
0.06471999488	-0.00002575194	0.03184617718
0.06471999634	-0.00002176737	0.03196951268
0.06471999739	-0.00001838572	0.03209158613
0.06471999813	-0.00001556833	0.03221228149
0.06471999864	-0.00001329159	0.03233151994
0.06471999897	-0.00001154127	0.03244928198
0.06471999918	-0.00001029099	0.03256551532
0.06471999930	-0.00000951373	0.03268016207
0.06471999935	-0.00000918619	0.03279318002
0.06471999933	-0.00000928463	0.03290453054
0.06471999926	-0.00000978497	0.03301417851
0.06471999912	-0.00001066124	0.03312207323
0.06471999891	-0.00001189612	0.03322820519
0.06471999860	-0.00001346638	0.03333256105
0.06471999818	-0.00001534207	0.03343509050
0.06471999763	-0.00001750265	0.03353576754
0.06471999693	-0.00001993721	0.03363462649
0.06471999605	-0.00002260615	0.03373157896
0.06471999497	-0.00002551007	0.03382668877
0.06471999367	-0.00002861484	0.03391991171
0.06471999214	-0.00003190022	0.03401121904
0.06471999034	-0.00003536315	0.03410066676
0.06471998827	-0.00003897356	0.03418822204
0.06471998590	-0.00004271614	0.03427388939
0.06471998324	-0.00004657611	0.03435767563
0.06471998027	-0.00005053922	0.03443958974
0.06471997698	-0.00005459144	0.03451964280
0.06471997336	-0.00005871918	0.03459784786
0.06471996943	-0.00006290931	0.03467421978
0.06471996516	-0.00006714943	0.03474877512
0.06471996059	-0.00007142727	0.03482153209
0.06471995570	-0.00007572704	0.03489248000
0.06471995049	-0.00008005263	0.03496168501
0.06471994498	-0.00008438763	0.03502916292
0.06471993920	-0.00008871057	0.03509487514
0.06471993312	-0.00009304078	0.03515894291
0.06471992680	-0.00009734235	0.03522129680
0.06471992020	-0.00010163318	0.03528204896
0.06471991339	-0.00010588018	0.03534112706
0.06471990634	-0.00011010814	0.03539866075
0.06471989909	-0.00011428899	0.03545461608
0.06471989166	-0.00011842045	0.03550901076
0.06471988404	-0.00012251249	0.03556192515
0.06471987628	-0.00012654863	0.03561335693
0.06471986838	-0.00013052652	0.03566333570
0.06471986036	-0.00013444274	0.03571188293
0.06471985224	-0.00013829918	0.03575904034
0.06471984402	-0.00014209389	0.03580484363
0.06471983572	-0.00014582152	0.03584931395
0.06471982738	-0.00014948050	0.03589248137
0.06471981899	-0.00015306972	0.03593437587
0.06471981057	-0.00015658790	0.03597502734
0.06471980214	-0.00016003417	0.03601446549
0.06471979372	-0.00016340565	0.03605270736
0.06471978530	-0.00016670685	0.03608979638
0.06471977689	-0.00016993727	0.03612576559
0.06471976853	-0.00017309402	0.03616063794
0.06471976021	-0.00017617666	0.03619444185
0.06471975196	-0.00017918236	0.03622718970
0.06471974377	-0.00018211461	0.03625891054
0.06471973564	-0.00018498244	0.03628967019
0.06471972760	-0.00018777626	0.03631947129
0.06471971962	-0.00019050475	0.03634839352
0.06471971487	-0.00019211375	0.03636328594
0.06471971490	-0.00019210316	0.03637826503
0.06471971972	-0.00019047312	0.03639315516
0.06471972914	-0.00018724274	0.03640778177
0.06471974283	-0.00018244988	0.03642197337
0.06471976028	-0.00017615075	0.03643556357
0.06471978086	-0.00016841918	0.03644839305
0.06471980384	-0.00015934582	0.03646031139
0.06471982840	-0.00014903706	0.03647117886
0.06471985370	-0.00013761374	0.03648086805
0.06471987888	-0.00012520980	0.03648926536
0.06471990314	-0.00011197067	0.03649627234
0.06471992573	-0.00009805154	0.03650180684
0.06471994599	-0.00008361563	0.03650580397
0.06471996340	-0.00006883217	0.03650821687
0.06523101754	-0.00157380153	0.02253519411
0.06522937972	-0.00164028093	0.02259530543
0.06522873361	-0.00166577660	0.02262395198
0.06522825454	-0.00168443140	0.02264785942
0.06522785842	-0.00169970165	0.02266920368
0.06522751957	-0.00171265622	0.02268919109
0.06522722174	-0.00172396189	0.02270825904
0.06522695195	-0.00173413928	0.02272649939
0.06522671201	-0.00174314109	0.02274449775
0.06522649222	-0.00175134597	0.02276208408
0.06522628941	-0.00175888298	0.02277934599
0.06522610688	-0.00176563918	0.02279663412
0.06522593965	-0.00177180613	0.02281382607
0.06522578397	-0.00177752780	0.02283084424
0.06522564300	-0.00178269323	0.02284794282
0.06522551592	-0.00178733689	0.02286514746
0.06522540089	-0.00179152990	0.02288242198
0.06522529750	-0.00179528979	0.02289979652
0.06522520547	-0.00179863030	0.02291729922
0.06522512457	-0.00180156160	0.02293495631
0.06522505442	-0.00180409971	0.02295278067
0.06522499543	-0.00180623132	0.02297082304
0.06522494775	-0.00180795211	0.02298911638
0.06522491016	-0.00180930789	0.02300761928
0.06522488354	-0.00181026698	0.02302640209
0.06522486791	-0.00181083034	0.02304548356
0.06522486321	-0.00181099949	0.02306488143
0.06522486955	-0.00181077127	0.02308461760
0.06522488700	-0.00181014253	0.02310471462
0.06522491499	-0.00180913347	0.02312515908
0.06522495112	-0.00180783068	0.02314584022
0.06522500180	-0.00180600114	0.02316713239
0.06522506366	-0.00180376548	0.02318885894
0.06522513188	-0.00180129725	0.02321077295
0.06522521666	-0.00179822450	0.02323347514
0.06522530827	-0.00179489855	0.02325642352
0.06522541423	-0.00179104410	0.02328007813
0.06522552789	-0.00178689985	0.02330407190
0.06522565653	-0.00178219803	0.02332885825
0.06522579177	-0.00177724182	0.02335396000
0.06522594100	-0.00177175636	0.02337985564
0.06522610139	-0.00176584197	0.02340639138
0.06522627148	-0.00175954793	0.02343350776
0.06522645173	-0.00175285321	0.02346126715
0.06522664416	-0.00174567805	0.02348982829
0.06522684713	-0.00173807749	0.02351911572
0.06522706063	-0.00173004673	0.02354916263
0.06522728462	-0.00172158109	0.02358000257
0.06522751905	-0.00171267603	0.02361166957
0.06522776387	-0.00170332637	0.02364419748
0.06522801902	-0.00169352713	0.02367762057
0.06522828264	-0.00168334312	0.02371184926
0.06522855726	-0.00167266798	0.02374711283
0.06522884226	-0.00166151649	0.02378340250
0.06522913556	-0.00164996197	0.02382060653
0.06522943817	-0.00163795492	0.02385885181
0.06522975091	-0.00162545244	0.02389825025
0.06523007090	-0.00161256000	0.02393861459
0.06523040080	-0.00159915959	0.02398021879
0.06523073909	-0.00158530047	0.02402298159
0.06523108406	-0.00157104175	0.02406681011
0.06523143840	-0.00155625960	0.02411200064
0.06523180015	-0.00154102201	0.02415842344
0.06523216908	-0.00152532532	0.02420611670
0.06523254494	-0.00150916565	0.02425511801
0.06523292747	-0.00149253916	0.02430546442
0.06523331641	-0.00147544241	0.02435719253
0.06523371145	-0.00145787207	0.02441033825
0.06523411228	-0.00143982479	0.02446493675
0.06523451857	-0.00142129761	0.02452102247
0.06523492997	-0.00140228794	0.02457862908
0.06523534547	-0.00138282380	0.02463771925
0.06523576484	-0.00136289610	0.02469835314
0.06523618870	-0.00134245443	0.02476069842
0.06523661438	-0.00132160645	0.02482448948
0.06523704389	-0.00130023242	0.02489011608
0.06523747415	-0.00127846263	0.02495722815
0.06523790686	-0.00125618790	0.02502621123
0.06523833981	-0.00123349870	0.02509682251
0.06523877285	-0.00121037907	0.02516917862
0.06523920570	-0.00118681914	0.02524336612
0.06523963732	-0.00116285116	0.02531933283
0.06524006700	-0.00113848906	0.02539710315
0.06524049401	-0.00111375131	0.02547669025
0.06524091764	-0.00108865309	0.02555812513
0.06524133729	-0.00106320670	0.02564144890
0.06524175214	-0.00103743789	0.02572664950
0.06524216134	-0.00101137714	0.02581371304
0.06524256426	-0.00098504274	0.02590268204
0.06524296020	-0.00095845952	0.02599356430
0.06524334844	-0.00093165667	0.02608635667
0.06524372831	-0.00090466386	0.02618105921
0.06524409914	-0.00087751171	0.02627766685
0.06524446004	-0.00085025528	0.02637607523
0.06524481084	-0.00082289610	0.02647646791
0.06524515087	-0.00079547956	0.02657873634
0.06524547940	-0.00076806116	0.02668276529
0.06524579625	-0.00074065602	0.02678869817
0.06524610099	-0.00071330601	0.02689644955
0.06524639308	-0.00068606824	0.02700588145
0.06524667254	-0.00065895562	0.02711717547
0.06524693892	-0.00063202991	0.02723007396
0.06524719222	-0.00060531602	0.02734470622
0.06524743228	-0.00057886128	0.02746092375
0.06524765911	-0.00055270273	0.02757871114
0.06524787277	-0.00052687683	0.02769803885
0.06524807331	-0.00050142678	0.02781877595
0.06524826097	-0.00047638273	0.02794097930
0.06524843590	-0.00045178825	0.02806442305
0.06524859843	-0.00042767166	0.02818923539
0.06524874885	-0.00040407153	0.02831512255
0.06524888755	-0.00038101723	0.02844222658
0.06524901494	-0.00035853846	0.02857030236
0.06524913146	-0.00033666570	0.02869935569
0.06524923761	-0.00031542149	0.02882930614
0.06524933389	-0.00029483316	0.02895996069
0.06524942080	-0.00027492697	0.02909138920
0.06524949893	-0.00025571381	0.02922340765
0.06524956880	-0.00023721571	0.02935588011
0.06524963096	-0.00021945354	0.02948882902
0.06524968599	-0.00020243196	0.02962209467
0.06524973443	-0.00018616285	0.02975558211
0.06524977683	-0.00017065524	0.02988917161
0.06524981371	-0.00015591960	0.03002281801
0.06524984558	-0.00014195509	0.03015640723
0.06524987295	-0.00012876183	0.03028983747
0.06524989628	-0.00011633959	0.03042301477
0.06524991602	-0.00010468423	0.03055584620
0.06524993259	-0.00009378993	0.03068824011
0.06524994638	-0.00008364865	0.03082010644
0.06524995775	-0.00007425041	0.03095132441
0.06524996703	-0.00006559050	0.03108186129
0.06524997453	-0.00005764936	0.03121161525
0.06524998053	-0.00005041013	0.03134048815
0.06524998526	-0.00004385570	0.03146837282
0.06524998895	-0.00003798121	0.03159528158
0.06524999178	-0.00003274710	0.03172101975
0.06524999392	-0.00002815677	0.03184564469
0.06524999553	-0.00002416449	0.03196895518
0.06524999669	-0.00002077307	0.03209100342
0.06524999753	-0.00001794403	0.03221167363
0.06524999812	-0.00001565385	0.03233088713
0.06524999852	-0.00001388839	0.03244862430
0.06524999878	-0.00001262135	0.03256483291
0.06524999893	-0.00001182585	0.03267945513
0.06524999899	-0.00001147868	0.03279244879
0.06524999898	-0.00001155620	0.03290377528
0.06524999889	-0.00001203442	0.03301339948
0.06524999873	-0.00001288749	0.03312127082
0.06524999848	-0.00001409815	0.03322737970
0.06524999812	-0.00001564326	0.03333171278
0.06524999766	-0.00001749300	0.03343421984
0.06524999705	-0.00001962691	0.03353487494
0.06524999628	-0.00002203410	0.03363371222
0.06524999533	-0.00002467515	0.03373064358
0.06524999418	-0.00002755064	0.03382573258
0.06524999281	-0.00003062656	0.03391893513
0.06524999120	-0.00003388278	0.03401022262
0.06524998933	-0.00003731622	0.03409965083
0.06524998718	-0.00004089693	0.03418718704
0.06524998475	-0.00004460967	0.03427283577
0.06524998202	-0.00004843969	0.03435660384
0.06524997898	-0.00005237281	0.03443850023
0.06524997563	-0.00005639504	0.03451853600
0.06524997196	-0.00006049283	0.03459672420
0.06524996797	-0.00006465312	0.03467307968
0.06524996366	-0.00006886353	0.03474761901
0.06524995904	-0.00007311183	0.03482036037
0.06524995411	-0.00007738233	0.03489129319
0.06524994888	-0.00008167884	0.03496048345
0.06524994335	-0.00008598504	0.03502794694
0.06524993754	-0.00009027955	0.03509364534
0.06524993145	-0.00009458158	0.03515769948
0.06524992512	-0.00009885539	0.03522004029
0.06524991852	-0.00010311878	0.03528077957
0.06524991171	-0.00010733881	0.03533984539
0.06524990467	-0.00011154014	0.03539736698
0.06524989743	-0.00011569482	0.03545331061
0.06524989002	-0.00011980059	0.03550769403
0.06524988243	-0.00012386732	0.03556059740
0.06524987469	-0.00012787864	0.03561201851
0.06524986682	-0.00013183219	0.03566198694
0.06524985884	-0.00013572456	0.03571052419
0.06524985076	-0.00013955761	0.03575767193
0.06524984258	-0.00014332941	0.03580346581
0.06524983434	-0.00014703462	0.03584792702
0.06524982604	-0.00015067168	0.03589108563
0.06524981770	-0.00015423946	0.03593297159
0.06524980934	-0.00015773670	0.03597361479
0.06524980097	-0.00016116251	0.03601304493
0.06524979261	-0.00016451404	0.03605127910
0.06524978425	-0.00016779575	0.03608836064
0.06524977591	-0.00017100716	0.03612432259
0.06524976761	-0.00017414536	0.03615918790
0.06524975936	-0.00017720993	0.03619298500
0.06524975118	-0.00018019805	0.03622572630
0.06524974306	-0.00018311319	0.03625744086
0.06524973500	-0.00018596432	0.03628819432
0.06524972702	-0.00018874188	0.03631798941
0.06524971912	-0.00019145451	0.03634690560
0.06524971440	-0.00019305595	0.03636179882
0.06524971445	-0.00019303778	0.03637677789
0.06524971928	-0.00019140019	0.03639166717
0.06524972870	-0.00018816240	0.03640629213
0.06524974236	-0.00018336235	0.03642048128
0.06524975978	-0.00017705633	0.03643406828
0.06524978032	-0.00016931827	0.03644689382
0.06524980324	-0.00016023889	0.03645880755
0.06524982776	-0.00014992463	0.03646966978
0.06524985302	-0.00013849641	0.03647935317
0.06524987817	-0.00012608823	0.03648774418
0.06524990242	-0.00011284556	0.03649474444
0.06524992501	-0.00009892365	0.03650027187
0.06524994530	-0.00008448572	0.03650426168
0.06524996277	-0.00006970106	0.03650666709
0.06575133151	-0.00156694133	0.02253370281
0.06574970953	-0.00163358390	0.02259363326
0.06574906917	-0.00165915724	0.02262221038
0.06574859411	-0.00167787723	0.02264606635
0.06574820116	-0.00169320520	0.02266736897
0.06574786486	-0.00170621391	0.02268732076
0.06574756915	-0.00171757121	0.02270635753
0.06574730121	-0.00172779736	0.02272457051
0.06574706275	-0.00173684772	0.02274254391
0.06574684424	-0.00174509965	0.02276010787
0.06574664253	-0.00175268241	0.02277734971
0.06574646084	-0.00175948472	0.02279461927
0.06574629429	-0.00176569734	0.02281179438
0.06574613918	-0.00177146363	0.02282879755
0.06574599858	-0.00177667390	0.02284588245
0.06574587171	-0.00178136266	0.02286307465
0.06574575675	-0.00178560073	0.02288033805
0.06574565329	-0.00178940573	0.02289770277
0.06574556106	-0.00179279145	0.02291519686
0.06574547982	-0.00179576814	0.02293284655
0.06574540920	-0.00179835179	0.02295066469
0.06574534960	-0.00180052932	0.02296870195
0.06574530118	-0.00180229651	0.02298699124
0.06574526272	-0.00180369887	0.02300549128
0.06574523511	-0.00180470505	0.02302427229
0.06574521834	-0.00180531602	0.02304335303
0.06574521237	-0.00180553333	0.02306275121
0.06574521730	-0.00180535389	0.02308248876
0.06574523320	-0.00180477458	0.02310258818
0.06574525952	-0.00180381549	0.02312303618
0.06574529389	-0.00180256256	0.02314372225
0.06574534261	-0.00180078457	0.02316501995
0.06574540238	-0.00179860124	0.02318675307
0.06574546844	-0.00179618478	0.02320867534
0.06574555084	-0.00179316616	0.02323138608
0.06574564000	-0.00178989395	0.02325434467
0.06574574332	-0.00178609503	0.02327801007
0.06574585427	-0.00178200624	0.02330201618
0.06574597999	-0.00177736190	0.02332681533
0.06574611225	-0.00177246284	0.02335193161
0.06574625832	-0.00176703637	0.02337784234
0.06574641540	-0.00176118202	0.02340439420
0.06574658208	-0.00175494870	0.02343152792
0.06574675880	-0.00174831555	0.02345930578
0.06574694754	-0.00174120347	0.02348788617
0.06574714670	-0.00173366705	0.02351719388
0.06574735625	-0.00172570157	0.02354726206
0.06574757617	-0.00171730235	0.02357812427
0.06574780641	-0.00170846495	0.02360981448
0.06574804691	-0.00169918420	0.02364236653
0.06574829763	-0.00168945519	0.02367581465
0.06574855671	-0.00167934221	0.02371006957
0.06574882666	-0.00166873978	0.02374536001
0.06574910688	-0.00165766252	0.02378167727
0.06574939529	-0.00164618319	0.02381891000
0.06574969291	-0.00163425268	0.02385718478
0.06575000055	-0.00162182844	0.02389661328
0.06575031536	-0.00160901507	0.02393700884
0.06575063996	-0.00159569552	0.02397864470
0.06575097287	-0.00158191861	0.02402143990
0.06575131240	-0.00156774297	0.02406530188
0.06575166119	-0.00155304577	0.02411052614
0.06575201731	-0.00153789439	0.02415698337
0.06575238055	-0.00152228520	0.02420471173
0.06575275065	-0.00150621430	0.02425374874
0.06575312738	-0.00148967788	0.02430413140
0.06575351044	-0.00147267248	0.02435589626
0.06575389957	-0.00145519476	0.02440907918
0.06575429444	-0.00143724136	0.02446371525
0.06575469474	-0.00141880932	0.02451983889
0.06575510012	-0.00139989600	0.02457748369
0.06575550957	-0.00138052919	0.02463661248
0.06575592290	-0.00136069983	0.02469728529
0.06575634069	-0.00134035789	0.02475966926
0.06575676033	-0.00131961012	0.02482349972
0.06575718378	-0.00129833777	0.02488916514
0.06575760803	-0.00127666999	0.02495631668
0.06575803474	-0.00125449854	0.02502533858
0.06575846174	-0.00123191309	0.02509598888
0.06575888887	-0.00120889786	0.02516838383
0.06575931588	-0.00118544307	0.02524260969
0.06575974171	-0.00116158068	0.02531861448
0.06576016570	-0.00113732459	0.02539642248
0.06576058709	-0.00111269313	0.02547604684
0.06576100521	-0.00108770142	0.02555751841
0.06576141945	-0.00106236173	0.02564087813
0.06576182900	-0.00103669966	0.02572611395
0.06576223303	-0.00101074552	0.02581321200
0.06576263092	-0.00098451757	0.02590221459
0.06576302197	-0.00095804052	0.02599312942
0.06576340547	-0.00093134345	0.02608595330
0.06576378076	-0.00090445591	0.02618068622
0.06576414718	-0.00087740839	0.02627732303
0.06576450384	-0.00085025565	0.02637575968
0.06576485058	-0.00082299941	0.02647617891
0.06576518673	-0.00079568481	0.02657847249
0.06576551157	-0.00076836705	0.02668252549
0.06576582492	-0.00074106136	0.02678848065
0.06576612636	-0.00071380942	0.02689625271
0.06576641534	-0.00068666805	0.02700570407
0.06576669188	-0.00065965029	0.02711701546
0.06576695555	-0.00063281754	0.02722993004
0.06576720633	-0.00060619476	0.02734457644
0.06576744406	-0.00057982906	0.02746080652
0.06576766875	-0.00055375740	0.02757860474
0.06576788045	-0.00052801614	0.02769794143
0.06576807922	-0.00050264832	0.02781868598
0.06576826528	-0.00047768408	0.02794089477
0.06576843878	-0.00045316676	0.02806434259
0.06576860005	-0.00042912473	0.02818915688
0.06576874935	-0.00040559635	0.02831504476
0.06576888709	-0.00038261102	0.02844214744
0.06576901366	-0.00036019830	0.02857022050
0.06576912948	-0.00033838864	0.02869926944
0.06576923507	-0.00031720455	0.02882921384
0.06576933088	-0.00029667323	0.02895986116
0.06576941744	-0.00027682098	0.02909128068
0.06576949530	-0.00025765865	0.02922328880
0.06576956499	-0.00023920822	0.02935574983
0.06576962705	-0.00022149057	0.02948868580
0.06576968204	-0.00020451036	0.02962193733
0.06576973051	-0.00018827947	0.02975540954
0.06576977298	-0.00017280696	0.02988898285
0.06576980997	-0.00015810328	0.03002261195
0.06576984199	-0.00014416766	0.03015618294
0.06576986954	-0.00013100024	0.03028959409
0.06576989307	-0.00011860085	0.03042275151
0.06576991302	-0.00010696538	0.03055556233
0.06576992981	-0.00009608809	0.03068793498
0.06576994382	-0.00008596101	0.03081977946
0.06576995542	-0.00007657422	0.03095097517
0.06576996493	-0.00006792304	0.03108148923
0.06576997264	-0.00005998805	0.03121121996
0.06576997884	-0.00005275247	0.03134006932
0.06576998377	-0.00004619926	0.03146793032
0.06576998764	-0.00004032363	0.03159481497
0.06576999064	-0.00003508618	0.03172052913
0.06576999293	-0.00003049031	0.03184512970
0.06576999467	-0.00002649051	0.03196841604
0.06576999595	-0.00002308956	0.03209043993
0.06576999688	-0.00002024915	0.03221108585
0.06576999755	-0.00001794589	0.03233027524
0.06576999801	-0.00001616568	0.03244798839
0.06576999832	-0.00001488232	0.03256417311
0.06576999850	-0.00001406907	0.03267877163
0.06576999857	-0.00001370280	0.03279174183
0.06576999856	-0.00001375996	0.03290304508
0.06576999846	-0.00001421667	0.03301264634
0.06576999828	-0.00001504718	0.03312049507
0.06576999800	-0.00001623428	0.03322658166
0.06576999760	-0.00001775494	0.03333089271
0.06576999709	-0.00001957944	0.03343337814
0.06576999642	-0.00002168741	0.03353401205
0.06576999560	-0.00002406800	0.03363282838
0.06576999459	-0.00002668194	0.03372973934
0.06576999337	-0.00002952978	0.03382480821
0.06576999193	-0.00003257767	0.03391799107
0.06576999025	-0.00003580555	0.03400925938
0.06576998831	-0.00003921032	0.03409866872
0.06576998610	-0.00004276216	0.03418618650
0.06576998360	-0.00004644589	0.03427181724
0.06576998081	-0.00005024681	0.03435556775
0.06576997771	-0.00005415078	0.03443744700
0.06576997430	-0.00005814386	0.03451746607
0.06576997058	-0.00006221256	0.03459563797
0.06576996654	-0.00006634383	0.03467197757
0.06576996219	-0.00007052537	0.03474650141
0.06576995753	-0.00007474498	0.03481922769
0.06576995257	-0.00007898702	0.03489014592
0.06576994731	-0.00008325528	0.03495932191
0.06576994175	-0.00008753349	0.03502677147
0.06576993593	-0.00009180037	0.03509245651
0.06576992983	-0.00009607502	0.03515649747
0.06576992349	-0.00010032186	0.03521882563
0.06576991689	-0.00010455858	0.03527955247
0.06576991009	-0.00010875242	0.03533860641
0.06576990305	-0.00011292786	0.03539611630
0.06576989583	-0.00011705712	0.03545204862
0.06576988844	-0.00012113791	0.03550642116
0.06576988087	-0.00012518006	0.03555931388
0.06576987316	-0.00012916726	0.03561072466
0.06576986533	-0.00013309716	0.03566068310
0.06576985738	-0.00013696635	0.03570921070
0.06576984934	-0.00014077669	0.03575634908
0.06576984121	-0.00014452623	0.03580213388
0.06576983301	-0.00014820966	0.03584658628
0.06576982476	-0.00015182541	0.03588973636
0.06576981648	-0.00015537237	0.03593161406
0.06576980817	-0.00015884926	0.03597224927
0.06576979986	-0.00016225519	0.03601167167
0.06576979155	-0.00016558734	0.03604989838
0.06576978326	-0.00016885012	0.03608697270
0.06576977498	-0.00017204305	0.03612292763
0.06576976675	-0.00017516323	0.03615778614
0.06576975856	-0.00017821025	0.03619157665
0.06576975044	-0.00018118129	0.03622431162
0.06576974239	-0.00018407980	0.03625602010
0.06576973440	-0.00018691470	0.03628676757
0.06576972649	-0.00018967647	0.03631655686
0.06576971866	-0.00019237369	0.03634546721
0.06576971398	-0.00019396779	0.03636036121
0.06576971405	-0.00019394223	0.03637534024
0.06576971888	-0.00019229731	0.03639022871
0.06576972829	-0.00018905231	0.03640485205
0.06576974193	-0.00018424528	0.03641903882
0.06576975931	-0.00017793257	0.03643262269
0.06576977981	-0.00017018819	0.03644544441
0.06576980269	-0.00016110295	0.03645735365
0.06576982716	-0.00015078335	0.03646821078
0.06576985238	-0.00013935037	0.03647788852
0.06576987750	-0.00012693807	0.03648627341
0.06576990173	-0.00011369196	0.03649326713
0.06576992433	-0.00009976734	0.03649878770
0.06576994465	-0.00008532747	0.03650277039
0.06576996217	-0.00007054163	0.03650516851
0.06627163824	-0.00156014882	0.02253223277
0.06627003188	-0.00162695248	0.02259198369
0.06626939720	-0.00165260254	0.02262049186
0.06626892609	-0.00167138694	0.02264429668
0.06626853628	-0.00168677193	0.02266555794
0.06626820251	-0.00169983416	0.02268547432
0.06626790889	-0.00171124248	0.02270448007
0.06626764278	-0.00172151682	0.02272266585
0.06626740580	-0.00173061519	0.02274061441
0.06626718856	-0.00173891365	0.02275815611
0.06626698795	-0.00174654164	0.02277537795
0.06626680711	-0.00175338955	0.02279262902
0.06626664124	-0.00175964733	0.02280978734
0.06626648669	-0.00176545777	0.02282677557
0.06626634649	-0.00177071240	0.02284384680
0.06626621984	-0.00177544577	0.02286102658
0.06626610496	-0.00177972842	0.02287827888
0.06626600146	-0.00178357805	0.02289563375
0.06626590904	-0.00178700851	0.02291311923
0.06626582748	-0.00179003010	0.02293076148
0.06626575642	-0.00179265884	0.02294857337
0.06626569625	-0.00179488181	0.02296660546
0.06626564711	-0.00179669492	0.02298489064
0.06626560782	-0.00179814340	0.02300338774
0.06626557925	-0.00179919619	0.02302216687
0.06626556138	-0.00179985429	0.02304124678
0.06626555418	-0.00180011929	0.02306064518
0.06626555774	-0.00179998814	0.02308038398
0.06626557214	-0.00179945778	0.02310048569
0.06626559684	-0.00179854816	0.02312093708
0.06626562950	-0.00179734460	0.02314162794
0.06626567631	-0.00179561766	0.02316293100
0.06626573404	-0.00179348614	0.02318467054
0.06626579801	-0.00179112097	0.02320660087
0.06626587808	-0.00178815595	0.02322931998
0.06626596487	-0.00178493698	0.02325228857
0.06626606561	-0.00178119305	0.02327596455
0.06626617391	-0.00177715920	0.02329998277
0.06626629678	-0.00177257179	0.02332479450
0.06626642614	-0.00176772935	0.02334992506
0.06626656912	-0.00176236132	0.02337585063
0.06626672298	-0.00175656643	0.02340241834
0.06626688633	-0.00175039326	0.02342956913
0.06626705960	-0.00174382112	0.02345736518
0.06626724473	-0.00173677152	0.02348596451
0.06626744017	-0.00172929866	0.02351529219
0.06626764587	-0.00172139783	0.02354538134
0.06626786182	-0.00171306444	0.02357626549
0.06626808796	-0.00170429406	0.02360797857
0.06626832425	-0.00169508159	0.02364055441
0.06626857062	-0.00168542215	0.02367402721
0.06626882528	-0.00167537956	0.02370830800
0.06626909066	-0.00166484916	0.02374362493
0.06626936619	-0.00165384544	0.02377996940
0.06626964983	-0.00164244061	0.02381723043
0.06626994258	-0.00163058594	0.02385553432
0.06627024522	-0.00161823921	0.02389499248
0.06627055497	-0.00160550419	0.02393541886
0.06627087439	-0.00159226474	0.02397708594
0.06627120203	-0.00157856928	0.02401991311
0.06627153624	-0.00156447596	0.02406380813
0.06627187959	-0.00154986292	0.02410906567
0.06627223022	-0.00153479695	0.02415555689
0.06627258789	-0.00151927444	0.02420331990
0.06627295236	-0.00150329149	0.02425239216
0.06627332340	-0.00148684430	0.02430281063
0.06627370072	-0.00146992938	0.02435461177
0.06627408406	-0.00145254342	0.02440783142
0.06627447310	-0.00143468303	0.02446250461
0.06627486753	-0.00141634522	0.02451866569
0.06627526701	-0.00139752735	0.02457634821
0.06627567056	-0.00137825694	0.02463551516
0.06627607796	-0.00135852500	0.02469622642
0.06627648981	-0.00133828186	0.02475864863
0.06627690354	-0.00131763334	0.02482251802
0.06627732106	-0.00129646169	0.02488822181
0.06627773942	-0.00127489495	0.02495541235
0.06627816026	-0.00125282579	0.02502447261
0.06627858143	-0.00123034310	0.02509516148
0.06627900278	-0.00120743126	0.02516759483
0.06627942406	-0.00118408059	0.02524185861
0.06627984423	-0.00116032279	0.02531790104
0.06628026263	-0.00113617167	0.02539574631
0.06628067851	-0.00111164546	0.02547540751
0.06628109123	-0.00108675923	0.02555691537
0.06628150017	-0.00106152520	0.02564031065
0.06628190453	-0.00103596881	0.02572558132
0.06628230350	-0.00101012024	0.02581271350
0.06628269645	-0.00098399768	0.02590174932
0.06628308271	-0.00095762576	0.02599269639
0.06628346156	-0.00093103342	0.02608555147
0.06628383236	-0.00090425009	0.02618031446
0.06628419445	-0.00087730615	0.02627698016
0.06628454695	-0.00085025606	0.02637544480
0.06628488971	-0.00082310173	0.02647589034
0.06628522205	-0.00079588804	0.02657820884
0.06628554327	-0.00076866990	0.02668228568
0.06628585319	-0.00074146266	0.02678826293
0.06628615138	-0.00071430778	0.02689605550
0.06628643731	-0.00068726181	0.02700552616
0.06628671099	-0.00066033795	0.02711685480
0.06628697198	-0.00063359719	0.02722978537
0.06628722028	-0.00060706459	0.02734444582
0.06628745572	-0.00058078701	0.02746068840
0.06628767831	-0.00055480132	0.02757849740
0.06628788809	-0.00052914383	0.02769784308
0.06628808511	-0.00050385736	0.02781859508
0.06628826959	-0.00047897209	0.02794080934
0.06628844169	-0.00045453112	0.02806426129
0.06628860170	-0.00043056286	0.02818907761
0.06628874991	-0.00040710547	0.02831496629
0.06628888670	-0.00038418837	0.02844206775
0.06628901245	-0.00036184099	0.02857013823
0.06628912759	-0.00034009374	0.02869918292
0.06628923260	-0.00031896910	0.02882912146
0.06628932796	-0.00029849418	0.02895976174
0.06628941415	-0.00027869528	0.02909117248
0.06628949175	-0.00025958321	0.02922317050
0.06628956126	-0.00024117992	0.02935562034
0.06628962321	-0.00022350628	0.02948854363
0.06628967816	-0.00020656698	0.02962178132
0.06628972664	-0.00019037388	0.02975523858
0.06628976918	-0.00017493606	0.02988879598
0.06628980627	-0.00016026397	0.03002240811
0.06628983843	-0.00014635689	0.03015596118
0.06628986615	-0.00013321500	0.03028935357
0.06628988986	-0.00012083817	0.03042249145
0.06628991002	-0.00010922236	0.03055528201
0.06628992702	-0.00009836186	0.03068763375
0.06628994126	-0.00008824878	0.03081945673
0.06628995308	-0.00007887327	0.03095063055
0.06628996280	-0.00007023070	0.03108112216
0.06628997072	-0.00006230174	0.03121083003
0.06628997713	-0.00005506972	0.03133965622
0.06628998224	-0.00004851769	0.03146749392
0.06628998629	-0.00004264088	0.03159435485
0.06628998945	-0.00003740008	0.03172004537
0.06628999189	-0.00003279869	0.03184462195
0.06628999375	-0.00002879139	0.03196788451
0.06628999514	-0.00002538097	0.03208988443
0.06628999617	-0.00002252928	0.03221050643
0.06628999692	-0.00002021303	0.03232967208
0.06628999744	-0.00001841817	0.03244736157
0.06628999779	-0.00001711863	0.03256352275
0.06628999800	-0.00001628777	0.03267809794
0.06628999809	-0.00001590255	0.03279104501
0.06628999808	-0.00001593953	0.03290232540
0.06628999798	-0.00001637491	0.03301190404
0.06628999777	-0.00001718305	0.03311973051
0.06628999746	-0.00001834681	0.03322579514
0.06628999703	-0.00001984322	0.03333008449
0.06628999647	-0.00002164272	0.03343254861
0.06628999575	-0.00002372499	0.03353316163
0.06628999487	-0.00002607920	0.03363195732
0.06628999380	-0.00002866628	0.03372884819
0.06628999252	-0.00003148673	0.03382389723
0.06628999102	-0.00003450684	0.03391706068
0.06628998928	-0.00003770663	0.03400831010
0.06628998727	-0.00004108301	0.03409770085
0.06628998499	-0.00004460625	0.03418520047
0.06628998243	-0.00004826124	0.03427081348
0.06628997958	-0.00005203333	0.03435454668
0.06628997642	-0.00005590841	0.03443640905
0.06628997296	-0.00005987262	0.03451641165
0.06628996919	-0.00006391249	0.03459456749
0.06628996511	-0.00006801504	0.03467089144
0.06628996072	-0.00007216798	0.03474540002
0.06628995602	-0.00007635916	0.03481811142
0.06628995103	-0.00008057302	0.03488901528
0.06628994574	-0.00008481330	0.03495817721
0.06628994017	-0.00008906378	0.03502561305
0.06628993434	-0.00009330330	0.03509128491
0.06628992822	-0.00009755082	0.03515531288
0.06628992188	-0.00010177095	0.03521762858
0.06628991528	-0.00010598126	0.03527834316
0.06628990849	-0.00011014915	0.03533738540
0.06628990146	-0.00011429896	0.03539488375
0.06628989426	-0.00011840303	0.03545080493
0.06628988689	-0.00012245909	0.03550516674
0.06628987935	-0.00012647690	0.03555804896
0.06628987166	-0.00013044021	0.03560944957
0.06628986386	-0.00013434668	0.03565939815
0.06628985596	-0.00013819292	0.03570791624
0.06628984795	-0.00014198076	0.03575504540
0.06628983986	-0.00014570825	0.03580082123
0.06628983171	-0.00014937011	0.03584526496
0.06628982352	-0.00015296476	0.03588840664
0.06628981529	-0.00015649109	0.03593027620
0.06628980703	-0.00015994783	0.03597090353
0.06628979878	-0.00016333408	0.03601031829
0.06628979053	-0.00016664703	0.03604853766
0.06628978230	-0.00016989107	0.03608560486
0.06628977409	-0.00017306570	0.03612155287
0.06628976591	-0.00017616804	0.03615640468
0.06628975779	-0.00017919767	0.03619018869
0.06628974974	-0.00018215180	0.03622291742
0.06628974176	-0.00018503384	0.03625461990
0.06628973383	-0.00018785266	0.03628536148
0.06628972599	-0.00019059880	0.03631514505
0.06628971823	-0.00019328075	0.03634404964
0.06628971358	-0.00019486757	0.03635894440
0.06628971368	-0.00019483470	0.03637392340
0.06628971851	-0.00019318250	0.03638881105
0.06628972791	-0.00018993037	0.03640343279
0.06628974153	-0.00018511641	0.03641761719
0.06628975887	-0.00017879707	0.03643119797
0.06628977933	-0.00017104645	0.03644401588
0.06628980216	-0.00016195539	0.03645592067
0.06628982658	-0.00015163050	0.03646677275
0.06628985176	-0.00014019281	0.03647644490
0.06628987685	-0.00012777643	0.03648482371
0.06628990107	-0.00011452692	0.03649181096
0.06628992367	-0.00010059962	0.03649732472
0.06628994401	-0.00008615782	0.03650130035
0.06628996158	-0.00007137083	0.03650369124
0.06679193796	-0.00155342309	0.02253078358
0.06679034698	-0.00162038576	0.02259035630
0.06678971790	-0.00164611160	0.02261879601
0.06678925070	-0.00166495962	0.02264255002
0.06678886399	-0.00168040097	0.02266377018
0.06678853272	-0.00169351609	0.02268365137
0.06678824119	-0.00170497484	0.02270262628
0.06678797689	-0.00171529684	0.02272078499
0.06678774137	-0.00172444267	0.02273870884
0.06678752540	-0.00173278714	0.02275622838
0.06678732589	-0.00174045985	0.02277343032
0.06678714590	-0.00174735287	0.02279066297
0.06678698072	-0.00175365531	0.02280780457
0.06678682674	-0.00175950942	0.02282477788
0.06678668694	-0.00176480794	0.02284183548
0.06678656053	-0.00176958544	0.02285900285
0.06678644575	-0.00177391220	0.02287624406
0.06678634221	-0.00177780598	0.02289358909
0.06678624963	-0.00178128071	0.02291106593
0.06678616778	-0.00178434675	0.02292870072
0.06678609630	-0.00178702010	0.02294650630
0.06678603558	-0.00178928805	0.02296453318
0.06678598576	-0.00179114662	0.02298281420
0.06678594567	-0.00179264074	0.02300130829
0.06678591617	-0.00179373967	0.02302008546
0.06678589723	-0.00179444443	0.02303916444
0.06678588884	-0.00179475665	0.02305856296
0.06678589108	-0.00179467331	0.02307830290
0.06678590403	-0.00179419142	0.02309840678
0.06678592715	-0.00179333078	0.02311886142
0.06678595814	-0.00179217612	0.02313955693
0.06678600310	-0.00179049973	0.02316086520
0.06678605884	-0.00178841952	0.02318261097
0.06678612078	-0.00178610515	0.02320454921
0.06678619859	-0.00178319320	0.02322727649
0.06678628305	-0.00178002697	0.02325025489
0.06678638128	-0.00177633751	0.02327394125
0.06678648701	-0.00177235808	0.02329797136
0.06678660710	-0.00176782706	0.02332279544
0.06678673362	-0.00176304071	0.02334794003
0.06678687359	-0.00175773056	0.02337388020
0.06678702430	-0.00175199460	0.02340046350
0.06678718440	-0.00174588100	0.02342763109
0.06678735430	-0.00173936931	0.02345544504
0.06678753592	-0.00173238162	0.02348406302
0.06678772771	-0.00172497172	0.02351341037
0.06678792965	-0.00171713495	0.02354352018
0.06678814172	-0.00170886677	0.02357442594
0.06678836386	-0.00170016280	0.02360616157
0.06678859602	-0.00169101797	0.02363876086
0.06678883815	-0.00168142747	0.02367225799
0.06678908848	-0.00167145461	0.02370656429
0.06678934940	-0.00166099558	0.02374190734
0.06678962035	-0.00165006473	0.02377827865
0.06678989932	-0.00163873372	0.02381556761
0.06679018730	-0.00162695419	0.02385390021
0.06679048506	-0.00161468426	0.02389338763
0.06679078986	-0.00160202686	0.02393384441
0.06679110422	-0.00158886677	0.02397554232
0.06679142670	-0.00157525201	0.02401840104
0.06679175570	-0.00156124025	0.02406232867
0.06679209374	-0.00154671059	0.02410761906
0.06679243898	-0.00153172924	0.02415414384
0.06679279120	-0.00151629260	0.02420194106
0.06679315017	-0.00150039679	0.02425104813
0.06679351564	-0.00148403799	0.02430150194
0.06679388735	-0.00146721273	0.02435333892
0.06679426501	-0.00144991766	0.02440659485
0.06679464835	-0.00143214941	0.02446130470
0.06679503704	-0.00141390495	0.02451750276
0.06679543074	-0.00139518163	0.02457522254
0.06679582850	-0.00137600673	0.02463442719
0.06679623011	-0.00135637128	0.02469517644
0.06679663614	-0.00133622599	0.02475763643
0.06679704408	-0.00131567580	0.02482154429
0.06679745580	-0.00129460390	0.02488728598
0.06679786839	-0.00127313723	0.02495451508
0.06679828347	-0.00125116939	0.02502361326
0.06679869893	-0.00122878848	0.02509434026
0.06679911462	-0.00120597904	0.02516681156
0.06679953028	-0.00118273149	0.02524111283
0.06679994491	-0.00115907727	0.02531719248
0.06680035783	-0.00113503010	0.02539507461
0.06680076833	-0.00111060813	0.02547477225
0.06680117575	-0.00108582634	0.02555631599
0.06680157949	-0.00106069694	0.02563974644
0.06680197877	-0.00103524522	0.02572505159
0.06680237277	-0.00100950118	0.02581221755
0.06680276088	-0.00098348297	0.02590128626
0.06680314243	-0.00095721514	0.02599226524
0.06680351674	-0.00093072649	0.02608515119
0.06680388312	-0.00090404634	0.02617994395
0.06680424097	-0.00087720495	0.02627663825
0.06680458939	-0.00085025649	0.02637513061
0.06680492824	-0.00082320304	0.02647560222
0.06680525684	-0.00079608924	0.02657794542
0.06680557451	-0.00076896972	0.02668204589
0.06680588106	-0.00074185992	0.02678804504
0.06680617606	-0.00071480112	0.02689585795
0.06680645899	-0.00068784959	0.02700534778
0.06680672986	-0.00066101866	0.02711669353
0.06680698823	-0.00063436896	0.02722963999
0.06680723409	-0.00060792560	0.02734431441
0.06680746728	-0.00058173523	0.02746056943
0.06680768779	-0.00055583463	0.02757838919
0.06680789567	-0.00053026002	0.02769774383
0.06680809098	-0.00050505408	0.02781850329
0.06680827391	-0.00048024694	0.02794072306
0.06680844462	-0.00045588151	0.02806417918
0.06680860340	-0.00043198625	0.02818899759
0.06680875053	-0.00040859908	0.02831488718
0.06680888636	-0.00038574949	0.02844198752
0.06680901131	-0.00036346676	0.02857005555
0.06680912577	-0.00034178125	0.02869909616
0.06680923021	-0.00032071542	0.02882902900
0.06680932511	-0.00030029629	0.02895966243
0.06680941095	-0.00028055015	0.02909106460
0.06680948828	-0.00026148780	0.02922305274
0.06680955760	-0.00024313113	0.02935549163
0.06680961944	-0.00022550101	0.02948840250
0.06680967434	-0.00020860215	0.02962162661
0.06680972283	-0.00019244642	0.02975506919
0.06680976542	-0.00017704288	0.02988861099
0.06680980262	-0.00016240202	0.03002220645
0.06680983491	-0.00014852315	0.03015574191
0.06680986278	-0.00013540649	0.03028911587
0.06680988668	-0.00012305196	0.03042223453
0.06680990703	-0.00011145555	0.03055500518
0.06680992424	-0.00010061163	0.03068733636
0.06680993869	-0.00009051236	0.03081913819
0.06680995072	-0.00008114797	0.03095029047
0.06680996065	-0.00007251388	0.03108076000
0.06680996878	-0.00006459085	0.03121044536
0.06680997537	-0.00005736232	0.03133924875
0.06680998068	-0.00005081140	0.03146706352
0.06680998489	-0.00004493339	0.03159390109
0.06680998821	-0.00003968923	0.03171956835
0.06680999079	-0.00003508234	0.03184412130
0.06680999278	-0.00003106758	0.03196736045
0.06680999428	-0.00002764774	0.03208933676
0.06680999540	-0.00002478485	0.03220993521
0.06680999623	-0.00002245570	0.03232907748
0.06680999681	-0.00002064631	0.03244674367
0.06680999720	-0.00001933072	0.03256288167
0.06680999744	-0.00001848238	0.03267743387
0.06680999755	-0.00001807838	0.03279035817
0.06680999755	-0.00001809535	0.03290161602
0.06680999744	-0.00001850959	0.03301117238
0.06680999721	-0.00001929555	0.03311897693
0.06680999687	-0.00002043617	0.03322501991
0.06680999641	-0.00002190856	0.03332928789
0.06680999580	-0.00002368327	0.03343173101
0.06680999504	-0.00002574007	0.03353232345
0.06680999410	-0.00002806816	0.03363109881
0.06680999298	-0.00003062861	0.03372796987
0.06680999164	-0.00003342192	0.03382299938
0.06680999008	-0.00003641452	0.03391614370
0.06680998827	-0.00003958649	0.03400737451
0.06680998620	-0.00004293472	0.03409674694
0.06680998387	-0.00004642964	0.03418422866
0.06680998125	-0.00005005616	0.03426982419
0.06680997834	-0.00005379968	0.03435354034
0.06680997513	-0.00005764616	0.03443538607
0.06680997162	-0.00006158176	0.03451537244
0.06680996780	-0.00006559308	0.03459351246
0.06680996368	-0.00006966717	0.03466982098
0.06680995925	-0.00007379178	0.03474431452
0.06680995452	-0.00007795481	0.03481701127
0.06680994951	-0.00008214075	0.03488790096
0.06680994419	-0.00008635331	0.03495704903
0.06680993860	-0.00009057633	0.03502447134
0.06680993276	-0.00009478875	0.03509013022
0.06680992664	-0.00009900941	0.03515414539
0.06680992029	-0.00010320308	0.03521644881
0.06680991370	-0.00010738723	0.03527715130
0.06680990691	-0.00011152942	0.03533618200
0.06680989990	-0.00011565384	0.03539366898
0.06680989271	-0.00011973296	0.03544957917
0.06680988536	-0.00012376453	0.03550393042
0.06680987785	-0.00012775823	0.03555680228
0.06680987020	-0.00013169788	0.03560819287
0.06680986243	-0.00013558115	0.03565813174
0.06680985456	-0.00013940466	0.03570664045
0.06680984660	-0.00014317022	0.03575376053
0.06680983855	-0.00014687588	0.03579952752
0.06680983045	-0.00015051637	0.03584396270
0.06680982230	-0.00015409013	0.03588709609
0.06680981413	-0.00015759603	0.03592895763
0.06680980593	-0.00016103281	0.03596957719
0.06680979773	-0.00016439957	0.03600898443
0.06680978954	-0.00016769350	0.03604719655
0.06680978137	-0.00017091897	0.03608425673
0.06680977322	-0.00017407548	0.03612019792
0.06680976511	-0.00017716016	0.03615504313
0.06680975706	-0.00018017258	0.03618882073
0.06680974907	-0.00018310995	0.03622154331
0.06680974115	-0.00018597568	0.03625323989
0.06680973329	-0.00018877859	0.03628397565
0.06680972552	-0.00019150924	0.03631375357
0.06680971782	-0.00019417607	0.03634265249
0.06680971321	-0.00019575569	0.03635754800
0.06680971333	-0.00019571556	0.03637252697
0.06680971817	-0.00019405616	0.03638741380
0.06680972756	-0.00019079695	0.03640203395
0.06680974115	-0.00018597613	0.03641621601
0.06680975846	-0.00017965022	0.03642979370
0.06680977887	-0.00017189340	0.03644260786
0.06680980166	-0.00016279659	0.03645450823
0.06680982603	-0.00015246646	0.03646535530
0.06680985116	-0.00014102410	0.03647502190
0.06680987622	-0.00012860367	0.03648339469
0.06680990042	-0.00011535080	0.03649037551
0.06680992302	-0.00010142084	0.03649588253
0.06680994338	-0.00008697713	0.03649985116
0.06680996100	-0.00007218900	0.03650223489
0.06731223086	-0.00154676319	0.02252935486
0.06731065504	-0.00161388285	0.02258875071
0.06731003148	-0.00163968353	0.02261712243
0.06730956815	-0.00165859442	0.02264082597
0.06730918450	-0.00167409146	0.02266200528
0.06730885571	-0.00168725885	0.02268185149
0.06730856624	-0.00169876746	0.02270079574
0.06730830374	-0.00170913656	0.02271892753
0.06730806968	-0.00171832932	0.02273682680
0.06730785497	-0.00172671928	0.02275432428
0.06730765656	-0.00173443624	0.02277150641
0.06730747742	-0.00174137385	0.02278872071
0.06730731292	-0.00174772048	0.02280584564
0.06730715953	-0.00175361778	0.02282280409
0.06730702014	-0.00175895971	0.02283984809
0.06730689398	-0.00176378088	0.02285700308
0.06730677931	-0.00176815129	0.02287423319
0.06730667576	-0.00177208876	0.02289156837
0.06730658303	-0.00177560730	0.02290903657
0.06730650091	-0.00177871732	0.02292666386
0.06730642904	-0.00178143483	0.02294446312
0.06730636779	-0.00178374730	0.02296248474
0.06730631732	-0.00178565085	0.02298076152
0.06730627646	-0.00178719017	0.02299925255
0.06730624606	-0.00178833477	0.02301802767
0.06730622610	-0.00178908573	0.02303710565
0.06730621656	-0.00178944469	0.02305650418
0.06730621752	-0.00178940870	0.02307624515
0.06730622905	-0.00178897479	0.02309635108
0.06730625063	-0.00178816266	0.02311680885
0.06730628001	-0.00178705642	0.02313750885
0.06730632318	-0.00178543010	0.02315882218
0.06730637698	-0.00178340070	0.02318057404
0.06730643693	-0.00178113665	0.02320252000
0.06730651254	-0.00177827727	0.02322525527
0.06730659474	-0.00177516327	0.02324824329
0.06730669052	-0.00177152776	0.02327193982
0.06730679373	-0.00176760224	0.02329598160
0.06730691111	-0.00176312708	0.02332081781
0.06730703487	-0.00175839630	0.02334597621
0.06730717189	-0.00175314350	0.02337193072
0.06730731953	-0.00174746589	0.02339852935
0.06730747645	-0.00174141133	0.02342571348
0.06730764307	-0.00173495952	0.02345354505
0.06730782125	-0.00172803317	0.02348218141
0.06730800949	-0.00172068564	0.02351154813
0.06730820776	-0.00171291235	0.02354167829
0.06730841603	-0.00170470878	0.02357260535
0.06730863425	-0.00169607060	0.02360436320
0.06730886238	-0.00168699280	0.02363698561
0.06730910037	-0.00167747059	0.02367050672
0.06730934646	-0.00166756683	0.02370483819
0.06730960302	-0.00165717851	0.02374020701
0.06730986949	-0.00164631986	0.02377660478
0.06731014390	-0.00163506199	0.02381392128
0.06731042722	-0.00162335691	0.02385228222
0.06731072020	-0.00161116307	0.02389179851
0.06731102015	-0.00159858258	0.02393228530
0.06731132955	-0.00158550114	0.02397401363
0.06731164700	-0.00157196633	0.02401690348
0.06731197090	-0.00155803537	0.02406086330
0.06731230374	-0.00154358832	0.02410618613
0.06731264372	-0.00152869082	0.02415274404
0.06731299061	-0.00151333926	0.02420057503
0.06731334418	-0.00149752978	0.02424971646
0.06731370420	-0.00148125855	0.02430020518
0.06731407041	-0.00146452211	0.02435207756
0.06731444253	-0.00144731710	0.02440536931
0.06731482028	-0.00142964012	0.02446011537
0.06731520334	-0.00141148815	0.02451634997
0.06731559140	-0.00139285850	0.02457410656
0.06731598349	-0.00137377820	0.02463334846
0.06731637942	-0.00135423834	0.02469413524
0.06731677976	-0.00133419000	0.02475663255
0.06731718202	-0.00131373720	0.02482057844
0.06731758805	-0.00129276410	0.02488635760
0.06731799500	-0.00127139656	0.02495362480
0.06731840445	-0.00124952907	0.02502276045
0.06731881431	-0.00122724897	0.02509352514
0.06731922445	-0.00120454096	0.02516603396
0.06731963461	-0.00118139554	0.02524037231
0.06732004380	-0.00115784390	0.02531648876
0.06732045136	-0.00113389969	0.02539440734
0.06732085658	-0.00110958095	0.02547414102
0.06732125880	-0.00108490260	0.02555572026
0.06732165745	-0.00105987681	0.02563918551
0.06732205174	-0.00103452873	0.02572452475
0.06732244087	-0.00100888819	0.02581172414
0.06732282424	-0.00098297333	0.02590082539
0.06732320118	-0.00095680856	0.02599183595
0.06732357101	-0.00093042258	0.02608475247
0.06732393308	-0.00090384459	0.02617957471
0.06732428676	-0.00087710474	0.02627629734
0.06732463118	-0.00085025689	0.02637481715
0.06732496618	-0.00082330332	0.02647531458
0.06732529112	-0.00079628842	0.02657768225
0.06732560530	-0.00076926652	0.02668180615
0.06732590854	-0.00074225319	0.02678782701
0.06732620040	-0.00071528950	0.02689566011
0.06732648039	-0.00068843145	0.02700516894
0.06732674850	-0.00066169251	0.02711653169
0.06732700429	-0.00063513294	0.02722949393
0.06732724775	-0.00060877790	0.02734418225
0.06732747872	-0.00058267385	0.02746044964
0.06732769720	-0.00055685747	0.02757828012
0.06732790322	-0.00053136489	0.02769764372
0.06732809683	-0.00050623862	0.02781841064
0.06732827823	-0.00048150880	0.02794063594
0.06732844757	-0.00045721812	0.02806409628
0.06732860513	-0.00043339510	0.02818891687
0.06732875119	-0.00041007742	0.02831480744
0.06732888610	-0.00038729463	0.02844190679
0.06732901024	-0.00036507584	0.02856997250
0.06732912402	-0.00034345143	0.02869900917
0.06732922790	-0.00032244378	0.02882893648
0.06732932235	-0.00030207983	0.02895956324
0.06732940783	-0.00028238588	0.02909095704
0.06732948488	-0.00026337270	0.02922293553
0.06732955402	-0.00024506214	0.02935536369
0.06732961574	-0.00022747507	0.02948826239
0.06732967058	-0.00021061621	0.02962147318
0.06732971908	-0.00019449742	0.02975490138
0.06732976172	-0.00017912778	0.02988842785
0.06732979900	-0.00016451779	0.03002200693
0.06732983142	-0.00015066681	0.03015552510
0.06732985945	-0.00013757508	0.03028888093
0.06732988352	-0.00012524256	0.03042198072
0.06732990406	-0.00011366533	0.03055473177
0.06732992146	-0.00010283778	0.03068704273
0.06732993611	-0.00009275214	0.03081882377
0.06732994835	-0.00008339872	0.03094995485
0.06732995848	-0.00007477298	0.03108040264
0.06732996681	-0.00006685579	0.03121006586
0.06732997359	-0.00005963066	0.03133884682
0.06732997908	-0.00005308082	0.03146663901
0.06732998345	-0.00004720157	0.03159345358
0.06732998693	-0.00004195406	0.03171909793
0.06732998965	-0.00003734168	0.03184362763
0.06732999176	-0.00003331950	0.03196684372
0.06732999337	-0.00002989031	0.03208879678
0.06732999458	-0.00002701629	0.03220937203
0.06732999548	-0.00002467433	0.03232849127
0.06732999612	-0.00002285052	0.03244613452
0.06732999656	-0.00002151901	0.03256224968
0.06732999683	-0.00002065336	0.03267677923
0.06732999696	-0.00002023073	0.03278968111
0.06732999696	-0.00002022785	0.03290091676
0.06732999684	-0.00002062113	0.03301045117
0.06732999660	-0.00002138512	0.03311823411
0.06732999624	-0.00002250280	0.03322425578
0.06732999574	-0.00002395139	0.03332850269
0.06732999509	-0.00002570154	0.03343092513
0.06732999429	-0.00002773310	0.03353149729
0.06732999330	-0.00003003530	0.03363025261
0.06732999212	-0.00003256938	0.03372710416
0.06732999073	-0.00003533580	0.03382211442
0.06732998911	-0.00003830113	0.03391523989
0.06732998724	-0.00004144553	0.03400645235
0.06732998512	-0.00004476589	0.03409580672
0.06732998272	-0.00004823274	0.03418327081
0.06732998005	-0.00005183106	0.03426884912
0.06732997709	-0.00005554628	0.03435254847
0.06732997383	-0.00005936443	0.03443437780
0.06732997027	-0.00006327170	0.03451434817
0.06732996641	-0.00006725474	0.03459247259
0.06732996225	-0.00007130063	0.03466876590
0.06732995778	-0.00007539718	0.03474324463
0.06732995303	-0.00007953233	0.03481592693
0.06732994799	-0.00008369061	0.03488680265
0.06732994265	-0.00008787572	0.03495593707
0.06732993705	-0.00009207155	0.03502334604
0.06732993119	-0.00009625712	0.03508899212
0.06732992507	-0.00010045117	0.03515299467
0.06732991872	-0.00010461864	0.03521528599
0.06732991213	-0.00010877688	0.03527597656
0.06732990535	-0.00011289361	0.03533499589
0.06732989836	-0.00011699290	0.03539247166
0.06732989119	-0.00012104732	0.03544837102
0.06732988387	-0.00012505462	0.03550271185
0.06732987638	-0.00012902444	0.03555557351
0.06732986876	-0.00013294066	0.03560695421
0.06732986102	-0.00013680095	0.03565688351
0.06732985319	-0.00014060195	0.03570538298
0.06732984527	-0.00014434544	0.03575249409
0.06732983727	-0.00014802948	0.03579825239
0.06732982922	-0.00015164881	0.03584267913
0.06732982112	-0.00015520188	0.03588580435
0.06732981300	-0.00015868756	0.03592765799
0.06732980486	-0.00016210457	0.03596826989
0.06732979671	-0.00016545203	0.03600766971
0.06732978859	-0.00016872713	0.03604587469
0.06732978047	-0.00017193421	0.03608292795
0.06732977239	-0.00017507278	0.03611886242
0.06732976434	-0.00017813996	0.03615370111
0.06732975635	-0.00018113532	0.03618747240
0.06732974843	-0.00018405610	0.03622018892
0.06732974058	-0.00018690569	0.03625187967
0.06732973278	-0.00018969283	0.03628260969
0.06732972508	-0.00019240814	0.03631238206
0.06732971745	-0.00019506001	0.03634127538
0.06732971287	-0.00019663248	0.03635617162
0.06732971301	-0.00019658516	0.03637115056
0.06732971786	-0.00019491862	0.03638603658
0.06732972723	-0.00019165240	0.03640065514
0.06732974080	-0.00018682478	0.03641483487
0.06732975808	-0.00018049237	0.03642840952
0.06732977844	-0.00017272940	0.03644121994
0.06732980117	-0.00016362690	0.03645311593
0.06732982550	-0.00015329157	0.03646395804
0.06732985059	-0.00014184459	0.03647361913
0.06732987562	-0.00012942016	0.03648198596
0.06732989979	-0.00011616394	0.03648896041
0.06732992239	-0.00010223137	0.03649446073
0.06732994277	-0.00008778577	0.03649842243
0.06732996043	-0.00007299651	0.03650079906
0.06783251714	-0.00154016819	0.02252794621
0.06783095626	-0.00160744283	0.02258716652
0.06783033815	-0.00163331746	0.02261547072
0.06782987864	-0.00165229047	0.02263912412
0.06782949802	-0.00166784254	0.02266026285
0.06782917169	-0.00168106160	0.02268007428
0.06782888425	-0.00169261949	0.02269898805
0.06782862354	-0.00170303517	0.02271709307
0.06782839093	-0.00171227432	0.02273496789
0.06782817748	-0.00172070928	0.02275244342
0.06782798015	-0.00172846998	0.02276960582
0.06782780188	-0.00173545171	0.02278680185
0.06782763807	-0.00174184203	0.02280391017
0.06782748527	-0.00174778208	0.02282085380
0.06782734630	-0.00175316696	0.02283788423
0.06782722039	-0.00175803133	0.02285502686
0.06782710585	-0.00176244492	0.02287224589
0.06782700230	-0.00176642562	0.02288957123
0.06782690944	-0.00176998751	0.02290703076
0.06782682707	-0.00177314107	0.02292465054
0.06782675483	-0.00177590228	0.02294244343
0.06782669309	-0.00177825882	0.02296045974
0.06782664199	-0.00178020691	0.02297873225
0.06782660039	-0.00178179096	0.02299722013
0.06782656913	-0.00178298078	0.02301599314
0.06782654818	-0.00178377748	0.02303507002
0.06782653752	-0.00178418272	0.02305446847
0.06782653723	-0.00178419360	0.02307421037
0.06782654740	-0.00178380722	0.02309431822
0.06782656749	-0.00178304312	0.02311477899
0.06782659530	-0.00178198483	0.02313548336
0.06782663671	-0.00178040810	0.02315680160
0.06782668863	-0.00177842902	0.02317855939
0.06782674665	-0.00177621480	0.02320051290
0.06782682011	-0.00177340750	0.02322325599
0.06782690010	-0.00177034524	0.02324625342
0.06782699350	-0.00176676317	0.02326995993
0.06782709426	-0.00176289105	0.02329401318
0.06782720899	-0.00175847122	0.02331886129
0.06782733005	-0.00175379550	0.02334403326
0.06782746420	-0.00174859950	0.02337000188
0.06782760885	-0.00174297972	0.02339661560
0.06782776266	-0.00173698365	0.02342381600
0.06782792606	-0.00173059116	0.02345166493
0.06782810089	-0.00172372558	0.02348031938
0.06782828565	-0.00171643986	0.02350970518
0.06782848033	-0.00170872945	0.02353985539
0.06782868489	-0.00170058990	0.02357080344
0.06782889929	-0.00169201692	0.02360258320
0.06782912348	-0.00168300553	0.02363522840
0.06782935741	-0.00167355099	0.02366877316
0.06782959937	-0.00166371570	0.02370312944
0.06782985167	-0.00165339744	0.02373852367
0.06783011375	-0.00164261033	0.02377494755
0.06783038370	-0.00163142492	0.02381229123
0.06783066245	-0.00161979362	0.02385068012
0.06783095076	-0.00160767517	0.02389022490
0.06783124597	-0.00159517089	0.02393074130
0.06783155052	-0.00158216736	0.02397249965
0.06783186304	-0.00156871177	0.02401542024
0.06783218195	-0.00155486089	0.02405941184
0.06783250971	-0.00154049569	0.02410476669
0.06783284453	-0.00152568125	0.02415135731
0.06783318620	-0.00151041400	0.02419922164
0.06783353449	-0.00149469005	0.02424839701
0.06783388918	-0.00147850559	0.02429892021
0.06783425000	-0.00146185714	0.02435082754
0.06783461670	-0.00144474135	0.02440415468
0.06783498897	-0.00142715481	0.02445893651
0.06783536653	-0.00140909446	0.02451520720
0.06783574905	-0.00139055760	0.02457300015
0.06783613560	-0.00137157103	0.02463227885
0.06783652597	-0.00135212586	0.02469310272
0.06783692073	-0.00133217355	0.02475563691
0.06783731743	-0.00131181723	0.02481962037
0.06783771789	-0.00129094201	0.02488543656
0.06783811931	-0.00126967267	0.02495274143
0.06783852323	-0.00124790457	0.02502191413
0.06783892761	-0.00122572433	0.02509271608
0.06783933232	-0.00120311679	0.02516526200
0.06783973709	-0.00118007253	0.02523963700
0.06784014095	-0.00115662249	0.02531578984
0.06784054325	-0.00113278025	0.02539374447
0.06784094329	-0.00110856374	0.02547351378
0.06784134042	-0.00108398784	0.02555512814
0.06784173407	-0.00105906466	0.02563862781
0.06784212348	-0.00103381921	0.02572400081
0.06784250783	-0.00100828118	0.02581123327
0.06784288655	-0.00098246865	0.02590036672
0.06784325897	-0.00095640593	0.02599140854
0.06784362442	-0.00093012162	0.02608435532
0.06784398224	-0.00090364479	0.02617920674
0.06784433183	-0.00087700548	0.02627595742
0.06784467232	-0.00085025724	0.02637450443
0.06784500356	-0.00082340257	0.02647502744
0.06784532490	-0.00079648557	0.02657741937
0.06784563565	-0.00076956033	0.02668156648
0.06784593563	-0.00074264250	0.02678760887
0.06784622443	-0.00071577296	0.02689546199
0.06784650152	-0.00068900744	0.02700498968
0.06784676691	-0.00066235957	0.02711636932
0.06784702016	-0.00063588921	0.02722934724
0.06784726127	-0.00060962160	0.02734404937
0.06784749006	-0.00058360298	0.02746032908
0.06784770653	-0.00055786995	0.02757817023
0.06784791071	-0.00053245856	0.02769754277
0.06784810266	-0.00050741115	0.02781831716
0.06784828255	-0.00048275785	0.02794054803
0.06784845054	-0.00045854115	0.02806401263
0.06784860690	-0.00043478961	0.02818883546
0.06784875190	-0.00041154069	0.02831472711
0.06784888589	-0.00038882399	0.02844182556
0.06784900924	-0.00036666849	0.02856988909
0.06784912234	-0.00034510451	0.02869892196
0.06784922567	-0.00032415443	0.02882884391
0.06784931966	-0.00030384507	0.02895946418
0.06784940478	-0.00028420275	0.02909084981
0.06784948157	-0.00026523822	0.02922281886
0.06784955051	-0.00024697327	0.02935523653
0.06784961210	-0.00022942878	0.02948812329
0.06784966689	-0.00021260946	0.02962132103
0.06784971538	-0.00019652721	0.02975473509
0.06784975807	-0.00018119110	0.02988824653
0.06784979543	-0.00016661163	0.03002180953
0.06784982797	-0.00015278820	0.03015531070
0.06784985614	-0.00013972112	0.03028864872
0.06784988037	-0.00012741037	0.03042172994
0.06784990109	-0.00011585207	0.03055446173
0.06784991869	-0.00010504068	0.03068675280
0.06784993354	-0.00009496850	0.03081851337
0.06784994597	-0.00008562591	0.03094962360
0.06784995630	-0.00007700840	0.03108005001
0.06784996482	-0.00006909695	0.03120969144
0.06784997179	-0.00006187516	0.03133845030
0.06784997744	-0.00005532634	0.03146622027
0.06784998198	-0.00004944584	0.03159301220
0.06784998561	-0.00004419497	0.03171863400
0.06784998846	-0.00003957712	0.03184314080
0.06784999069	-0.00003554757	0.03196633418
0.06784999240	-0.00003210908	0.03208826434
0.06784999371	-0.00002922401	0.03220881675
0.06784999468	-0.00002686935	0.03232791331
0.06784999538	-0.00002503124	0.03244553395
0.06784999587	-0.00002368394	0.03256162662
0.06784999617	-0.00002280111	0.03267613387
0.06784999632	-0.00002236001	0.03278901364
0.06784999632	-0.00002233747	0.03290022742
0.06784999620	-0.00002270998	0.03300974021
0.06784999595	-0.00002345218	0.03311750186
0.06784999556	-0.00002454713	0.03322350253
0.06784999503	-0.00002597213	0.03332772868
0.06784999435	-0.00002769794	0.03343013073
0.06784999350	-0.00002970449	0.03353068291
0.06784999246	-0.00003198104	0.03362941848
0.06784999123	-0.00003448898	0.03372625081
0.06784998979	-0.00003722877	0.03382124209
0.06784998811	-0.00004016708	0.03391434899
0.06784998619	-0.00004328418	0.03400554337
0.06784998401	-0.00004657693	0.03409487995
0.06784998157	-0.00005001598	0.03418232665
0.06784997884	-0.00005358635	0.03426788800
0.06784997583	-0.00005727355	0.03435157077
0.06784997252	-0.00006106363	0.03443338394
0.06784996892	-0.00006494284	0.03451333855
0.06784996502	-0.00006889786	0.03459144760
0.06784996082	-0.00007291582	0.03466772592
0.06784995633	-0.00007698458	0.03474219003
0.06784995154	-0.00008109211	0.03481485810
0.06784994648	-0.00008522301	0.03488572006
0.06784994113	-0.00008938092	0.03495484101
0.06784993551	-0.00009354981	0.03502223683
0.06784992965	-0.00009770880	0.03508787030
0.06784992352	-0.00010187650	0.03515186041
0.06784991717	-0.00010601802	0.03521413979
0.06784991059	-0.00011015060	0.03527481862
0.06784990382	-0.00011424212	0.03533382674
0.06784989684	-0.00011831650	0.03539129146
0.06784988969	-0.00012234645	0.03544718015
0.06784988239	-0.00012632974	0.03550151071
0.06784987493	-0.00013027590	0.03555436230
0.06784986734	-0.00013416892	0.03560573326
0.06784985965	-0.00013800646	0.03565565312
0.06784985186	-0.00014178516	0.03570414348
0.06784984398	-0.00014550680	0.03575124576
0.06784983602	-0.00014916942	0.03579699547
0.06784982802	-0.00015276780	0.03584141390
0.06784981997	-0.00015630038	0.03588453107
0.06784981190	-0.00015976602	0.03592637691
0.06784980381	-0.00016316346	0.03596698125
0.06784979573	-0.00016649180	0.03600637376
0.06784978766	-0.00016974825	0.03604457171
0.06784977961	-0.00017293713	0.03608161814
0.06784977158	-0.00017605792	0.03611754598
0.06784976360	-0.00017910777	0.03615237825
0.06784975567	-0.00018208625	0.03618614331
0.06784974781	-0.00018499060	0.03621885385
0.06784974003	-0.00018782420	0.03625053886
0.06784973230	-0.00019059573	0.03628126324
0.06784972466	-0.00019329585	0.03631103011
0.06784971710	-0.00019593290	0.03633991792
0.06784971256	-0.00019749828	0.03635481489
0.06784971272	-0.00019744384	0.03636979379
0.06784971757	-0.00019577023	0.03638467900
0.06784972693	-0.00019249705	0.03639929599
0.06784974048	-0.00018766270	0.03641347341
0.06784975771	-0.00018132384	0.03642704504
0.06784977803	-0.00017355479	0.03643985175
0.06784980072	-0.00016444664	0.03645174340
0.06784982499	-0.00015410617	0.03646258058
0.06784985003	-0.00014265460	0.03647223622
0.06784987503	-0.00013022621	0.03648059712
0.06784989918	-0.00011696669	0.03648756527
0.06784992177	-0.00010303152	0.03649305896
0.06784994217	-0.00008858405	0.03649701379
0.06784995987	-0.00007379368	0.03649938338
0.06836280232	-0.00153351207	0.02252653072
0.06836125644	-0.00160094267	0.02258557345
0.06836064382	-0.00162689174	0.02261380932
0.06836018815	-0.00164592730	0.02263741196
0.06835981058	-0.00166153480	0.02265850958
0.06835948672	-0.00167480591	0.02267828580
0.06835920135	-0.00168641346	0.02269716868
0.06835894244	-0.00169687606	0.02271524657
0.06835871131	-0.00170616197	0.02273309658
0.06835849912	-0.00171464227	0.02275054986
0.06835830291	-0.00172244707	0.02276769225
0.06835812550	-0.00172947327	0.02278486972
0.06835796241	-0.00173590765	0.02280196117
0.06835781021	-0.00174189078	0.02281888975
0.06835767167	-0.00174731897	0.02283590639
0.06835754604	-0.00175222690	0.02285303644
0.06835743165	-0.00175668404	0.02287024419
0.06835732811	-0.00176070835	0.02288755948
0.06835723514	-0.00176431397	0.02290501017
0.06835715254	-0.00176751143	0.02292262228
0.06835707995	-0.00177031673	0.02294040864
0.06835701772	-0.00177271773	0.02295841951
0.06835696601	-0.00177471075	0.02297668759
0.06835692369	-0.00177633993	0.02299517222
0.06835689157	-0.00177757538	0.02301394299
0.06835686965	-0.00177841822	0.02303301866
0.06835685789	-0.00177887017	0.02305241694
0.06835685638	-0.00177892836	0.02307215968
0.06835686518	-0.00177858993	0.02309226938
0.06835688380	-0.00177787432	0.02311273308
0.06835691006	-0.00177686443	0.02313344176
0.06835694973	-0.00177533774	0.02315476486
0.06835699978	-0.00177340946	0.02317652852
0.06835705588	-0.00177124556	0.02319848956
0.06835712721	-0.00176849082	0.02322124045
0.06835720502	-0.00176548079	0.02324424729
0.06835729605	-0.00176195267	0.02326796376
0.06835739436	-0.00175813447	0.02329202849
0.06835750646	-0.00175377051	0.02331688852
0.06835762483	-0.00174915037	0.02334207409
0.06835775613	-0.00174401173	0.02336805684
0.06835789779	-0.00173845033	0.02339468569
0.06835804852	-0.00173251332	0.02342190241
0.06835820872	-0.00172618074	0.02344976875
0.06835838021	-0.00171937652	0.02347844135
0.06835856151	-0.00171215321	0.02350784632
0.06835875261	-0.00170450631	0.02353801666
0.06835895348	-0.00169643140	0.02356898580
0.06835916407	-0.00168792426	0.02360078756
0.06835938433	-0.00167897993	0.02363345566
0.06835961422	-0.00166959373	0.02366702419
0.06835985205	-0.00165982758	0.02370140540
0.06836010010	-0.00164958008	0.02373682518
0.06836035782	-0.00163886521	0.02377327531
0.06836062332	-0.00162775299	0.02381064631
0.06836089752	-0.00161619619	0.02384906332
0.06836118117	-0.00160415388	0.02388863673
0.06836147165	-0.00159172656	0.02392918293
0.06836177137	-0.00157880171	0.02397097147
0.06836207897	-0.00156542612	0.02401392298
0.06836239290	-0.00155165610	0.02405794656
0.06836271559	-0.00153737355	0.02410333361
0.06836304527	-0.00152264301	0.02414995714
0.06836338173	-0.00150746088	0.02419785504
0.06836372476	-0.00149182330	0.02424706457
0.06836407413	-0.00147572646	0.02429762246
0.06836442958	-0.00145916687	0.02434956498
0.06836479086	-0.00144214117	0.02440292774
0.06836515768	-0.00142464594	0.02445774558
0.06836552974	-0.00140667810	0.02451405261
0.06836590674	-0.00138823494	0.02457188217
0.06836628774	-0.00136934300	0.02463119793
0.06836667257	-0.00134999345	0.02469205915
0.06836706175	-0.00133013809	0.02475463049
0.06836745290	-0.00130987918	0.02481865180
0.06836784781	-0.00128910278	0.02488450528
0.06836824370	-0.00126793258	0.02495184809
0.06836864211	-0.00124626483	0.02502105811
0.06836904102	-0.00122418540	0.02509189761
0.06836944030	-0.00120167927	0.02516448091
0.06836983969	-0.00117873713	0.02523889285
0.06837023822	-0.00115538965	0.02531508237
0.06837063527	-0.00113165035	0.02539307333
0.06837103013	-0.00110753704	0.02547287857
0.06837142218	-0.00108306454	0.02555452833
0.06837181084	-0.00105824494	0.02563806271
0.06837219536	-0.00103310308	0.02572346973
0.06837257494	-0.00100766851	0.02581073554
0.06837294901	-0.00098195926	0.02589990148
0.06837331691	-0.00095599954	0.02599097483
0.06837367797	-0.00092981783	0.02608395214
0.06837403155	-0.00090344309	0.02617883302
0.06837437705	-0.00087690523	0.02627561201
0.06837471362	-0.00085025752	0.02637418648
0.06837504109	-0.00082350264	0.02647473532
0.06837535882	-0.00079668444	0.02657715173
0.06837566614	-0.00076985673	0.02668132230
0.06837596287	-0.00074303525	0.02678738645
0.06837624859	-0.00071626072	0.02689525981
0.06837652278	-0.00068958856	0.02700480659
0.06837678545	-0.00066303256	0.02711620330
0.06837703616	-0.00063665220	0.02722919710
0.06837727490	-0.00061047280	0.02734391324
0.06837750151	-0.00058454036	0.02746020544
0.06837771596	-0.00055889142	0.02757805743
0.06837791830	-0.00053356193	0.02769743907
0.06837810857	-0.00050859405	0.02781822107
0.06837828695	-0.00048401795	0.02794045763
0.06837845358	-0.00045987586	0.02806392663
0.06837860874	-0.00043619641	0.02818875182
0.06837875267	-0.00041301685	0.02831464464
0.06837888573	-0.00039036680	0.02844174230
0.06837900828	-0.00036827512	0.02856980371
0.06837912071	-0.00034677209	0.02869883287
0.06837922347	-0.00032588005	0.02882874952
0.06837931700	-0.00030562574	0.02895936335
0.06837940175	-0.00028603549	0.02909074085
0.06837947826	-0.00026712000	0.02922270050
0.06837954700	-0.00024890103	0.02935510770
0.06837960847	-0.00023139946	0.02948798255
0.06837966319	-0.00021462001	0.02962116723
0.06837971167	-0.00019857459	0.02975456717
0.06837975440	-0.00018327226	0.02988806356
0.06837979184	-0.00016872355	0.03002161046
0.06837982449	-0.00015492789	0.03015509462
0.06837985280	-0.00014188563	0.03028841479
0.06837987719	-0.00012959681	0.03042147741
0.06837989809	-0.00011805758	0.03055418990
0.06837991587	-0.00010726247	0.03068646103
0.06837993091	-0.00009720383	0.03081820108
0.06837994354	-0.00008787212	0.03094929040
0.06837995406	-0.00007926288	0.03107969537
0.06837996277	-0.00007135718	0.03120931493
0.06837996992	-0.00006413873	0.03133805164
0.06837997575	-0.00005759090	0.03146579931
0.06837998045	-0.00005170911	0.03159256853
0.06837998422	-0.00004645482	0.03171816769
0.06837998720	-0.00004183143	0.03184265150
0.06837998956	-0.00003779441	0.03196582210
0.06837999137	-0.00003434651	0.03208772928
0.06837999277	-0.00003145026	0.03220825875
0.06837999382	-0.00002908276	0.03232733255
0.06837999458	-0.00002723019	0.03244493049
0.06837999511	-0.00002586692	0.03256100058
0.06837999544	-0.00002496674	0.03267548543
0.06837999561	-0.00002450698	0.03278834301
0.06837999562	-0.00002446457	0.03289953483
0.06837999550	-0.00002481609	0.03300902591
0.06837999523	-0.00002553630	0.03311676619
0.06837999482	-0.00002660829	0.03322274576
0.06837999426	-0.00002800946	0.03332695107
0.06837999355	-0.00002971070	0.03342933264
0.06837999266	-0.00003169200	0.03352986476
0.06837999158	-0.00003394264	0.03362858050
0.06837999030	-0.00003642420	0.03372539351
0.06837998880	-0.00003913709	0.03382036574
0.06837998707	-0.00004204813	0.03391345398
0.06837998510	-0.00004513766	0.03400463020
0.06837998287	-0.00004840253	0.03409394890
0.06837998037	-0.00005181351	0.03418137815
0.06837997759	-0.00005535568	0.03426692244
0.06837997453	-0.00005901458	0.03435058858
0.06837997118	-0.00006277632	0.03443238551
0.06837996754	-0.00006662720	0.03451232428
0.06837996360	-0.00007055394	0.03459041789
0.06837995937	-0.00007454372	0.03466668115
0.06837995484	-0.00007858443	0.03474113059
0.06837995003	-0.00008266407	0.03481378435
0.06837994495	-0.00008676732	0.03488463248
0.06837993958	-0.00009089779	0.03495373991
0.06837993395	-0.00009503949	0.03502112252
0.06837992809	-0.00009917164	0.03508674331
0.06837992195	-0.00010331274	0.03515072092
0.06837991561	-0.00010742806	0.03521298831
0.06837990904	-0.00011153474	0.03527365534
0.06837990228	-0.00011560082	0.03533265220
0.06837989532	-0.00011965007	0.03539010582
0.06837988819	-0.00012365532	0.03544598378
0.06837988092	-0.00012761436	0.03550030402
0.06837987349	-0.00013153665	0.03555314551
0.06837986593	-0.00013540625	0.03560450667
0.06837985827	-0.00013922082	0.03565441705
0.06837985052	-0.00014297702	0.03570289826
0.06837984269	-0.00014667660	0.03574999166
0.06837983478	-0.00015031761	0.03579573274
0.06837982682	-0.00015389484	0.03584014282
0.06837981883	-0.00015740673	0.03588325190
0.06837981081	-0.00016085215	0.03592508991
0.06837980278	-0.00016422983	0.03596568667
0.06837979475	-0.00016753888	0.03600507183
0.06837978675	-0.00017077651	0.03604326270
0.06837977875	-0.00017394701	0.03608030228
0.06837977079	-0.00017704987	0.03611622345
0.06837976287	-0.00018008224	0.03615104927
0.06837975501	-0.00018304367	0.03618480808
0.06837974722	-0.00018593144	0.03621751261
0.06837973950	-0.00018874890	0.03624919185
0.06837973184	-0.00019150467	0.03627991054
0.06837972426	-0.00019418947	0.03630967191
0.06837971677	-0.00019681156	0.03633855416
0.06837971226	-0.00019836978	0.03635345187
0.06837971244	-0.00019830815	0.03636843073
0.06837971730	-0.00019662738	0.03638331511
0.06837972665	-0.00019334720	0.03639793052
0.06837974017	-0.00018850604	0.03641210560
0.06837975737	-0.00018216067	0.03642567417
0.06837977764	-0.00017438548	0.03643847713
0.06837980027	-0.00016527162	0.03645036440
0.06837982449	-0.00015492596	0.03646119659
0.06837984949	-0.00014346977	0.03647084673
0.06837987445	-0.00013103737	0.03647920165
0.06837989858	-0.00011777453	0.03648616342
0.06837992116	-0.00010383673	0.03649165042
0.06837994158	-0.00008938738	0.03649559830
0.06837995931	-0.00007459588	0.03649796079
0.06888307581	-0.00152704531	0.02252516148
0.06888154444	-0.00159462697	0.02258403129
0.06888093713	-0.00162064818	0.02261220059
0.06888048518	-0.00163974438	0.02263575375
0.06888011057	-0.00165540563	0.02265681132
0.06887978912	-0.00166872721	0.02267655319
0.06887950576	-0.00168038291	0.02269540594
0.06887924860	-0.00169089104	0.02271345737
0.06887901890	-0.00170022231	0.02273128317
0.06887880795	-0.00170874660	0.02274871472
0.06887861282	-0.00171659419	0.02276583756
0.06887843628	-0.00172366354	0.02278299691
0.06887827388	-0.00173014068	0.02280007188
0.06887812228	-0.00173616562	0.02281698573
0.06887798418	-0.00174163584	0.02283398888
0.06887785883	-0.00174658606	0.02285110660
0.06887774459	-0.00175108548	0.02286830330
0.06887764108	-0.00175515212	0.02288560875
0.06887754802	-0.00175880019	0.02290305075
0.06887746521	-0.00176204029	0.02292065530
0.06887739229	-0.00176488840	0.02293843524
0.06887732962	-0.00176733257	0.02295644071
0.06887727733	-0.00176936923	0.02297470442
0.06887723433	-0.00177104225	0.02299318577
0.06887720141	-0.00177232201	0.02301195429
0.06887717857	-0.00177320969	0.02303102870
0.06887716576	-0.00177370700	0.02305042670
0.06887716308	-0.00177381115	0.02307017017
0.06887717060	-0.00177351931	0.02309028157
0.06887718781	-0.00177285080	0.02311074802
0.06887721258	-0.00177188794	0.02313146080
0.06887725059	-0.00177040987	0.02315278852
0.06887729886	-0.00176853095	0.02317455781
0.06887735313	-0.00176641593	0.02319652607
0.06887742242	-0.00176371227	0.02321928442
0.06887749813	-0.00176075301	0.02324230032
0.06887758689	-0.00175727733	0.02326602638
0.06887768287	-0.00175351152	0.02329010216
0.06887779245	-0.00174920185	0.02331497366
0.06887790826	-0.00174463574	0.02334017235
0.06887803682	-0.00173955285	0.02336616874
0.06887817562	-0.00173404820	0.02339281219
0.06887832339	-0.00172816859	0.02342004467
0.06887848053	-0.00172189425	0.02344792784
0.06887864881	-0.00171514968	0.02347661798
0.06887882679	-0.00170798703	0.02350604146
0.06887901446	-0.00170040187	0.02353623126
0.06887921179	-0.00169238980	0.02356722079
0.06887941872	-0.00168394665	0.02359904383
0.06887963523	-0.00167506752	0.02363173408
0.06887986124	-0.00166574775	0.02366532559
0.06888009511	-0.00165604882	0.02369973094
0.06888033908	-0.00164587010	0.02373517544
0.06888059261	-0.00163522547	0.02377165096
0.06888085384	-0.00162418439	0.02380904842
0.06888112367	-0.00161270001	0.02384749263
0.06888140285	-0.00160073172	0.02388709378
0.06888168880	-0.00158837921	0.02392766882
0.06888198387	-0.00157553085	0.02396948661
0.06888228675	-0.00156223303	0.02401246805
0.06888259591	-0.00154854161	0.02405652260
0.06888291372	-0.00153433941	0.02410194085
0.06888323846	-0.00151969041	0.02414859627
0.06888356993	-0.00150459103	0.02419652667
0.06888390790	-0.00148903741	0.02424576929
0.06888425216	-0.00147302574	0.02429636080
0.06888460245	-0.00145655252	0.02434833742
0.06888495852	-0.00143961439	0.02440173470
0.06888532010	-0.00142220791	0.02445658743
0.06888568688	-0.00140433000	0.02451292968
0.06888605857	-0.00138597791	0.02457079473
0.06888643426	-0.00136717795	0.02463014641
0.06888681375	-0.00134792133	0.02469104385
0.06888719758	-0.00132816020	0.02475365119
0.06888758340	-0.00130799596	0.02481770920
0.06888797296	-0.00128731560	0.02488359885
0.06888836354	-0.00126624174	0.02495097845
0.06888875665	-0.00124467152	0.02502022467
0.06888915030	-0.00122269006	0.02509110058
0.06888954436	-0.00120028249	0.02516372015
0.06888993857	-0.00117743958	0.02523816792
0.06889033199	-0.00115419177	0.02531439302
0.06889072398	-0.00113055249	0.02539241923
0.06889111387	-0.00110653946	0.02547225934
0.06889150103	-0.00108216744	0.02555394345
0.06889188488	-0.00105744847	0.02563751152
0.06889226470	-0.00103240727	0.02572295156
0.06889263969	-0.00100707321	0.02581024976
0.06889300928	-0.00098146430	0.02589944725
0.06889337283	-0.00095560466	0.02599055122
0.06889372967	-0.00092952262	0.02608355817
0.06889407917	-0.00090324706	0.02617846766
0.06889442073	-0.00087680776	0.02627527416
0.06889475351	-0.00085025771	0.02637387531
0.06889507735	-0.00082359975	0.02647444926
0.06889539162	-0.00079687753	0.02657688949
0.06889569564	-0.00077014454	0.02668108286
0.06889598923	-0.00074341666	0.02678716818
0.06889627197	-0.00071673440	0.02689506125
0.06889654337	-0.00069015292	0.02700462659
0.06889680341	-0.00066368614	0.02711603995
0.06889705168	-0.00063739320	0.02722904922
0.06889728814	-0.00061129946	0.02734377902
0.06889751264	-0.00058545072	0.02746008342
0.06889772515	-0.00055988343	0.02757794601
0.06889792571	-0.00053463346	0.02769733655
0.06889811436	-0.00050974283	0.02781812603
0.06889829127	-0.00048524168	0.02794036820
0.06889845659	-0.00046117204	0.02806384155
0.06889861057	-0.00043756259	0.02818866912
0.06889875348	-0.00041445036	0.02831456318
0.06889888564	-0.00039186502	0.02844166016
0.06889900741	-0.00036983530	0.02856971963
0.06889911918	-0.00034839144	0.02869874528
0.06889922138	-0.00032755575	0.02882865688
0.06889931446	-0.00030735487	0.02895926457
0.06889939885	-0.00028781515	0.02909063429
0.06889947509	-0.00026894726	0.02922258491
0.06889954363	-0.00025077291	0.02935498206
0.06889960497	-0.00023331299	0.02948784546
0.06889965963	-0.00021657224	0.02962101759
0.06889970809	-0.00020056256	0.02975440393
0.06889975085	-0.00018529300	0.02988788582
0.06889978836	-0.00017077413	0.03002141721
0.06889982111	-0.00015700541	0.03015488496
0.06889984955	-0.00014398723	0.03028818794
0.06889987409	-0.00013171966	0.03042123261
0.06889989515	-0.00012019892	0.03055392648
0.06889991312	-0.00010941959	0.03068617836
0.06889992834	-0.00009937407	0.03081789862
0.06889994115	-0.00009005290	0.03094896776
0.06889995186	-0.00008145165	0.03107935202
0.06889996074	-0.00007355152	0.03120895047
0.06889996807	-0.00006633627	0.03133766578
0.06889997406	-0.00005978939	0.03146539192
0.06889997891	-0.00005390631	0.03159213919
0.06889998283	-0.00004864866	0.03171771649
0.06889998594	-0.00004401986	0.03184217810
0.06889998840	-0.00003997555	0.03196532669
0.06889999032	-0.00003651849	0.03208721165
0.06889999180	-0.00003361136	0.03220771896
0.06889999292	-0.00003123135	0.03232677076
0.06889999374	-0.00002936472	0.03244434677
0.06889999432	-0.00002798592	0.03256039504
0.06889999468	-0.00002706886	0.03267485824
0.06889999487	-0.00002659095	0.03278769438
0.06889999489	-0.00002652922	0.03289886497
0.06889999476	-0.00002686034	0.03300833506
0.06889999449	-0.00002755915	0.03311605467
0.06889999406	-0.00002860883	0.03322201385
0.06889999347	-0.00002998684	0.03332619901
0.06889999272	-0.00003166419	0.03342856079
0.06889999180	-0.00003362094	0.03352907351
0.06889999068	-0.00003584641	0.03362777007
0.06889998935	-0.00003830232	0.03372456441
0.06889998781	-0.00004098907	0.03381951821
0.06889998603	-0.00004387361	0.03391258841
0.06889998401	-0.00004693634	0.03400374707
0.06889998173	-0.00005017411	0.03409304849
0.06889997918	-0.00005355782	0.03418046086
0.06889997636	-0.00005707258	0.03426598866
0.06889997326	-0.00006070399	0.03434963871
0.06889996987	-0.00006443819	0.03443141994
0.06889996619	-0.00006826154	0.03451134339
0.06889996221	-0.00007216080	0.03458942207
0.06889995795	-0.00007612319	0.03466567077
0.06889995340	-0.00008013664	0.03474010601
0.06889994856	-0.00008418919	0.03481274594
0.06889994346	-0.00008826558	0.03488358070
0.06889993808	-0.00009236938	0.03495267504
0.06889993244	-0.00009648466	0.03502004488
0.06889992657	-0.00010059073	0.03508565342
0.06889992044	-0.00010470599	0.03514961894
0.06889991410	-0.00010879586	0.03521187474
0.06889990754	-0.00011287738	0.03527253035
0.06889990080	-0.00011691873	0.03533151631
0.06889989385	-0.00012094356	0.03538895920
0.06889988675	-0.00012492482	0.03544482678
0.06889987950	-0.00012886029	0.03549913704
0.06889987210	-0.00013275939	0.03555196875
0.06889986458	-0.00013660624	0.03560332044
0.06889985695	-0.00014039849	0.03565322165
0.06889984924	-0.00014413283	0.03570169400
0.06889984145	-0.00014781098	0.03574877882
0.06889983359	-0.00015143099	0.03579451156
0.06889982568	-0.00015498768	0.03583891356
0.06889981774	-0.00015847947	0.03588201482
0.06889980977	-0.00016190525	0.03592384524
0.06889980180	-0.00016526374	0.03596443466
0.06889979383	-0.00016855404	0.03600381271
0.06889978588	-0.00017177338	0.03604199674
0.06889977795	-0.00017492603	0.03607902969
0.06889977004	-0.00017801146	0.03611494443
0.06889976219	-0.00018102684	0.03614976399
0.06889975439	-0.00018397172	0.03618351675
0.06889974666	-0.00018684338	0.03621621547
0.06889973900	-0.00018964515	0.03624788913
0.06889973141	-0.00019238562	0.03627860233
0.06889972390	-0.00019505553	0.03630835836
0.06889971647	-0.00019766308	0.03633723525
0.06889971200	-0.00019921434	0.03635213367
0.06889971220	-0.00019914572	0.03636711248
0.06889971706	-0.00019745801	0.03638199606
0.06889972640	-0.00019417100	0.03639660993
0.06889973989	-0.00018932323	0.03641078273
0.06889975705	-0.00018297153	0.03642434832
0.06889977727	-0.00017519037	0.03643714764
0.06889979986	-0.00016607097	0.03644903063
0.06889982403	-0.00015572026	0.03645985799
0.06889984898	-0.00014425958	0.03646950276
0.06889987389	-0.00013182329	0.03647785188
0.06889989800	-0.00011855721	0.03648480745
0.06889992058	-0.00010461686	0.03649028792
0.06889994100	-0.00009016569	0.03649422906
0.06889995877	-0.00007537311	0.03649658464
0.06940334323	-0.00152064068	0.02252381120
0.06940182617	-0.00158837150	0.02258250937
0.06940122410	-0.00161446399	0.02261061257
0.06940077583	-0.00163362012	0.02263411659
0.06940040415	-0.00164933449	0.02265513435
0.06940008508	-0.00166270597	0.02267484208
0.06939980370	-0.00167440928	0.02269366488
0.06939954828	-0.00168496242	0.02271168999
0.06939932000	-0.00169433855	0.02272949172
0.06939911030	-0.00170290635	0.02274690164
0.06939891625	-0.00171079625	0.02276400503
0.06939874056	-0.00171790830	0.02278114633
0.06939857887	-0.00172442772	0.02279820487
0.06939842787	-0.00173049405	0.02281510405
0.06939829021	-0.00173600586	0.02283209374
0.06939816515	-0.00174099792	0.02284919917
0.06939805107	-0.00174553917	0.02286638482
0.06939794761	-0.00174964772	0.02288368043
0.06939785448	-0.00175333780	0.02290111374
0.06939777148	-0.00175662010	0.02291871072
0.06939769825	-0.00175951059	0.02293648420
0.06939763515	-0.00176199750	0.02295448425
0.06939758231	-0.00176407735	0.02297274351
0.06939753866	-0.00176579377	0.02299122155
0.06939750497	-0.00176711742	0.02300998774
0.06939748123	-0.00176804948	0.02302906081
0.06939746741	-0.00176859172	0.02304845846
0.06939746360	-0.00176874138	0.02306820255
0.06939746986	-0.00176849567	0.02308831554
0.06939748571	-0.00176787381	0.02310878463
0.06939750904	-0.00176695753	0.02312950137
0.06939754543	-0.00176552762	0.02315083359
0.06939759197	-0.00176369760	0.02317260834
0.06939764446	-0.00176163101	0.02319458367
0.06939771175	-0.00175897794	0.02321734933
0.06939778542	-0.00175606897	0.02324037410
0.06939787198	-0.00175264523	0.02326410956
0.06939796567	-0.00174893133	0.02328819619
0.06939807279	-0.00174467546	0.02331307897
0.06939818609	-0.00174016287	0.02333829056
0.06939831198	-0.00173513523	0.02336430036
0.06939844799	-0.00172968680	0.02339095817
0.06939859287	-0.00172386407	0.02341820617
0.06939874702	-0.00171764743	0.02344610590
0.06939891216	-0.00171096196	0.02347481332
0.06939908690	-0.00170385943	0.02350425504
0.06939927122	-0.00169633543	0.02353446402
0.06939946508	-0.00168838564	0.02356547364
0.06939966844	-0.00168000590	0.02359731766
0.06939988126	-0.00167119138	0.02363002975
0.06940010349	-0.00166193744	0.02366364393
0.06940033348	-0.00165230512	0.02369807309
0.06940057346	-0.00164219457	0.02373354197
0.06940082289	-0.00163161952	0.02377004255
0.06940107994	-0.00162064894	0.02380746611
0.06940134551	-0.00160923633	0.02384593718
0.06940162030	-0.00159734139	0.02388556569
0.06940190181	-0.00158506302	0.02392616920
0.06940219235	-0.00157229045	0.02396801585
0.06940249060	-0.00155906970	0.02401102685
0.06940279508	-0.00154545617	0.02405511197
0.06940310813	-0.00153133359	0.02410056104
0.06940342803	-0.00151676540	0.02414724793
0.06940375460	-0.00150174801	0.02419521044
0.06940408762	-0.00148627759	0.02424448574
0.06940442688	-0.00147035030	0.02429511046
0.06940477212	-0.00145396267	0.02434712075
0.06940512309	-0.00143711131	0.02440055214
0.06940547953	-0.00141979278	0.02445543935
0.06940584114	-0.00140200396	0.02451181639
0.06940620763	-0.00138374211	0.02456971651
0.06940657810	-0.00136503328	0.02462910369
0.06940695237	-0.00134586873	0.02469003691
0.06940733096	-0.00132620096	0.02475267985
0.06940771155	-0.00130613052	0.02481677413
0.06940809588	-0.00128554529	0.02488269952
0.06940848126	-0.00126456689	0.02495011550
0.06940886917	-0.00124309329	0.02501939750
0.06940925766	-0.00122120887	0.02509030942
0.06940964660	-0.00119889894	0.02516296484
0.06941003574	-0.00117615433	0.02523744805
0.06941042414	-0.00115300525	0.02531370835
0.06941081118	-0.00112946505	0.02539176943
0.06941119619	-0.00110555135	0.02547164402
0.06941157854	-0.00108127885	0.02555336212
0.06941195769	-0.00105665956	0.02563696352
0.06941233289	-0.00103171805	0.02572243625
0.06941270338	-0.00100648355	0.02580976650
0.06941306858	-0.00098097402	0.02589899520
0.06941342786	-0.00095521348	0.02599012948
0.06941378056	-0.00092923016	0.02608316580
0.06941412605	-0.00090305281	0.02617810361
0.06941446375	-0.00087671112	0.02627493736
0.06941479282	-0.00085025777	0.02637356494
0.06941511309	-0.00082369580	0.02647416376
0.06941542395	-0.00079706861	0.02657662759
0.06941572472	-0.00077042943	0.02668084359
0.06941601523	-0.00074379421	0.02678694990
0.06941629506	-0.00071720331	0.02689486250
0.06941656371	-0.00069071162	0.02700444629
0.06941682117	-0.00066433318	0.02711587617
0.06941706702	-0.00063812679	0.02722890080
0.06941730124	-0.00061211785	0.02734364418
0.06941752366	-0.00058635196	0.02745996073
0.06941773426	-0.00056086550	0.02757783388
0.06941793307	-0.00053569427	0.02769723331
0.06941812012	-0.00051088009	0.02781803026
0.06941829560	-0.00048645312	0.02794027807
0.06941845961	-0.00046245520	0.02806375581
0.06941861244	-0.00043891503	0.02818858582
0.06941875433	-0.00041586944	0.02831448120
0.06941888559	-0.00039334815	0.02844157761
0.06941900660	-0.00037137975	0.02856963524
0.06941911771	-0.00034999444	0.02869865752
0.06941921937	-0.00032921451	0.02882856423
0.06941931200	-0.00030906651	0.02895916594
0.06941939603	-0.00028957679	0.02909052807
0.06941947199	-0.00027075601	0.02922246987
0.06941954033	-0.00025262581	0.02935485718
0.06941960154	-0.00023520710	0.02948770935
0.06941965612	-0.00021850463	0.02962086917
0.06941970456	-0.00020253029	0.02975424216
0.06941974734	-0.00018729316	0.02988770982
0.06941978492	-0.00017280379	0.03002122596
0.06941981777	-0.00015906172	0.03015467760
0.06941984633	-0.00014606735	0.03028796367
0.06941987102	-0.00013382080	0.03042099069
0.06941989224	-0.00012231833	0.03055366625
0.06941991037	-0.00011155458	0.03068589921
0.06941992577	-0.00010152202	0.03081759998
0.06941993876	-0.00009221125	0.03094864925
0.06941994964	-0.00008361790	0.03107901313
0.06941995870	-0.00007572324	0.03120859081
0.06941996619	-0.00006851114	0.03133728505
0.06941997234	-0.00006196516	0.03146498999
0.06941997735	-0.00005608078	0.03159171565
0.06941998140	-0.00005081978	0.03171727142
0.06941998464	-0.00004618560	0.03184171116
0.06941998721	-0.00004213405	0.03196483806
0.06941998923	-0.00003866789	0.03208670116
0.06941999079	-0.00003574996	0.03220718663
0.06941999199	-0.00003335755	0.03232621676
0.06941999286	-0.00003147697	0.03244377116
0.06941999348	-0.00003008278	0.03255979792
0.06941999388	-0.00002914897	0.03267423980
0.06941999409	-0.00002865308	0.03278705480
0.06941999412	-0.00002857220	0.03289820447
0.06941999399	-0.00002888310	0.03300765388
0.06941999371	-0.00002956071	0.03311535313
0.06941999326	-0.00003058828	0.03322129221
0.06941999265	-0.00003194334	0.03332545751
0.06941999187	-0.00003359702	0.03342779978
0.06941999091	-0.00003552945	0.03352829338
0.06941998975	-0.00003772997	0.03362697104
0.06941998838	-0.00004016048	0.03372374698
0.06941998679	-0.00004282133	0.03381868262
0.06941998497	-0.00004567961	0.03391173504
0.06941998291	-0.00004871580	0.03400287639
0.06941998058	-0.00005192674	0.03409216077
0.06941997799	-0.00005528342	0.03417955649
0.06941997512	-0.00005877103	0.03426506805
0.06941997198	-0.00006237521	0.03434870223
0.06941996855	-0.00006608214	0.03443046798
0.06941996483	-0.00006987822	0.03451037634
0.06941996082	-0.00007375026	0.03458844028
0.06941995653	-0.00007768552	0.03466467463
0.06941995196	-0.00008167197	0.03473909588
0.06941994710	-0.00008569768	0.03481172217
0.06941994199	-0.00008974747	0.03488254374
0.06941993660	-0.00009382485	0.03495162519
0.06941993095	-0.00009791397	0.03501898243
0.06941992507	-0.00010199421	0.03508457889
0.06941991894	-0.00010608387	0.03514853248
0.06941991261	-0.00011014854	0.03521077685
0.06941990606	-0.00011420513	0.03527142120
0.06941989933	-0.00011822200	0.03533039643
0.06941989241	-0.00012222264	0.03538782872
0.06941988533	-0.00012618014	0.03544368608
0.06941987810	-0.00013009228	0.03549798650
0.06941987073	-0.00013396841	0.03555080857
0.06941986325	-0.00013779272	0.03560215092
0.06941985566	-0.00014156287	0.03565204308
0.06941984799	-0.00014527556	0.03570050670
0.06941984024	-0.00014893248	0.03574758306
0.06941983243	-0.00015253170	0.03579330757
0.06941982457	-0.00015606804	0.03583770160
0.06941981667	-0.00015953993	0.03588079514
0.06941980876	-0.00016294625	0.03592261809
0.06941980084	-0.00016628573	0.03596320028
0.06941979293	-0.00016955747	0.03600257132
0.06941978504	-0.00017275870	0.03604074860
0.06941977716	-0.00017589367	0.03607777501
0.06941976932	-0.00017896184	0.03611368339
0.06941976153	-0.00018196039	0.03614849680
0.06941975379	-0.00018488888	0.03618224359
0.06941974612	-0.00018774459	0.03621493658
0.06941973853	-0.00019053083	0.03624660473
0.06941973100	-0.00019325614	0.03627731251
0.06941972356	-0.00019591130	0.03630706329
0.06941971619	-0.00019850446	0.03633593487
0.06941971176	-0.00020004883	0.03635083400
0.06941971197	-0.00019997327	0.03636581276
0.06941971684	-0.00019827868	0.03638069555
0.06941972617	-0.00019498491	0.03639530788
0.06941973963	-0.00019013058	0.03640947842
0.06941975675	-0.00018377261	0.03642304105
0.06941977693	-0.00017598554	0.03643583676
0.06941979946	-0.00016686065	0.03644771552
0.06941982358	-0.00015650494	0.03645853808
0.06941984848	-0.00014503981	0.03646817754
0.06941987336	-0.00013259968	0.03647652089
0.06941989744	-0.00011933039	0.03648347031
0.06941992000	-0.00010538752	0.03648894433
0.06941994044	-0.00009093453	0.03649287877
0.06941995824	-0.00007614088	0.03649522751
0.06992360477	-0.00151429729	0.02252247952
0.06992210181	-0.00158217541	0.02258100733
0.06992150490	-0.00160833832	0.02260904488
0.06992106027	-0.00162755367	0.02263250009
0.06992069148	-0.00164332055	0.02265347830
0.06992037477	-0.00165674136	0.02267315210
0.06992009536	-0.00166849175	0.02269194513
0.06991984167	-0.00167908940	0.02270994406
0.06991961480	-0.00168850988	0.02272772184
0.06991940633	-0.00169712071	0.02274511024
0.06991921335	-0.00170505249	0.02276219427
0.06991903852	-0.00171220676	0.02277931760
0.06991887754	-0.00171876803	0.02279635977
0.06991872714	-0.00172487529	0.02281324433
0.06991858993	-0.00173042826	0.02283022059
0.06991846518	-0.00173546173	0.02284731376
0.06991835128	-0.00174004438	0.02286448839
0.06991824788	-0.00174419439	0.02288177415
0.06991815468	-0.00174792607	0.02289919877
0.06991807150	-0.00175125014	0.02291678816
0.06991799799	-0.00175418258	0.02293455515
0.06991793449	-0.00175671180	0.02295254974
0.06991788113	-0.00175883441	0.02297080452
0.06991783685	-0.00176059381	0.02298927918
0.06991780241	-0.00176196090	0.02300804298
0.06991777781	-0.00176293692	0.02302711463
0.06991776301	-0.00176352365	0.02304651184
0.06991775810	-0.00176371837	0.02306625646
0.06991776314	-0.00176351836	0.02308637094
0.06991777766	-0.00176294270	0.02310684255
0.06991779960	-0.00176207255	0.02312756314
0.06991783442	-0.00176069035	0.02314889971
0.06991787926	-0.00175890875	0.02317067979
0.06991793001	-0.00175689014	0.02319266203
0.06991799537	-0.00175428719	0.02321543483
0.06991806705	-0.00175142804	0.02323846830
0.06991815144	-0.00174805576	0.02326221298
0.06991824291	-0.00174439330	0.02328631027
0.06991834764	-0.00174019072	0.02331120412
0.06991845849	-0.00173573117	0.02333642840
0.06991858176	-0.00173075825	0.02336245139
0.06991871505	-0.00172536554	0.02338912333
0.06991885710	-0.00171959916	0.02341638660
0.06991900832	-0.00171343970	0.02344430265
0.06991917040	-0.00170681280	0.02347302709
0.06991934198	-0.00169976984	0.02350248678
0.06991952302	-0.00169230646	0.02353271467
0.06991971349	-0.00168441837	0.02356374409
0.06991991336	-0.00167610148	0.02359560879
0.06992012257	-0.00166735098	0.02362834241
0.06992034109	-0.00165816228	0.02366197896
0.06992056730	-0.00164859596	0.02369643160
0.06992080337	-0.00163855296	0.02373192453
0.06992104879	-0.00162804688	0.02376844984
0.06992130175	-0.00161714617	0.02380589915
0.06992156314	-0.00160580469	0.02384439672
0.06992183364	-0.00159398243	0.02388405225
0.06992211081	-0.00158177753	0.02392468386
0.06992239690	-0.00156908008	0.02396655900
0.06992269062	-0.00155593569	0.02400959918
0.06992299053	-0.00154239936	0.02405371450
0.06992329890	-0.00152835567	0.02409919398
0.06992361407	-0.00151386755	0.02414591197
0.06992393585	-0.00149893142	0.02419390619
0.06992426402	-0.00148354343	0.02424321377
0.06992459837	-0.00146769978	0.02429387128
0.06992493866	-0.00145139695	0.02434591485
0.06992528464	-0.00143463157	0.02439937993
0.06992563605	-0.00141740018	0.02445430119
0.06992599260	-0.00139969965	0.02451071262
0.06992635399	-0.00138152720	0.02456864739
0.06992671936	-0.00136290866	0.02462806965
0.06992708850	-0.00134383534	0.02468903824
0.06992746195	-0.00132426007	0.02475171636
0.06992783743	-0.00130428257	0.02481584649
0.06992821662	-0.00128379160	0.02488180723
0.06992859690	-0.00126290777	0.02494925917
0.06992897971	-0.00124152988	0.02501857655
0.06992936315	-0.00121974162	0.02508952407
0.06992974707	-0.00119752841	0.02516221495
0.06993013123	-0.00117488119	0.02523673320
0.06993051471	-0.00115182990	0.02531302831
0.06993089690	-0.00112838785	0.02539112387
0.06993127712	-0.00110457254	0.02547103259
0.06993165477	-0.00108039863	0.02555278432
0.06993202930	-0.00105587807	0.02563641869
0.06993239997	-0.00103103531	0.02572192377
0.06993276604	-0.00100589942	0.02580928573
0.06993312693	-0.00098048832	0.02589854534
0.06993348202	-0.00095482594	0.02598970963
0.06993383065	-0.00092894039	0.02608277501
0.06993417221	-0.00090286031	0.02617774089
0.06993450612	-0.00087661527	0.02627460162
0.06993483154	-0.00085025770	0.02637325538
0.06993514831	-0.00082379079	0.02647387885
0.06993545582	-0.00079725770	0.02657636608
0.06993575340	-0.00077071140	0.02668060449
0.06993604088	-0.00074416796	0.02678673162
0.06993631784	-0.00071766752	0.02689466361
0.06993658380	-0.00069126472	0.02700426569
0.06993683872	-0.00066497375	0.02711571198
0.06993708220	-0.00063885304	0.02722875189
0.06993731421	-0.00061292806	0.02734350877
0.06993753459	-0.00058724422	0.02745983739
0.06993774330	-0.00056183778	0.02757772107
0.06993794039	-0.00053674448	0.02769712937
0.06993812587	-0.00051200599	0.02781793380
0.06993829992	-0.00048765246	0.02794018727
0.06993846266	-0.00046372553	0.02806366943
0.06993861434	-0.00044025394	0.02818850195
0.06993875522	-0.00041727432	0.02831439872
0.06993888561	-0.00039481642	0.02844149465
0.06993900585	-0.00037290870	0.02856955056
0.06993911631	-0.00035158135	0.02869856960
0.06993921742	-0.00033085661	0.02882847157
0.06993930960	-0.00031076094	0.02895906748
0.06993939328	-0.00029132070	0.02909042219
0.06993946896	-0.00027254652	0.02922235536
0.06993953710	-0.00025446002	0.02935473304
0.06993959817	-0.00023708208	0.02948757421
0.06993965267	-0.00022041748	0.02962072195
0.06993970109	-0.00020447811	0.02975408184
0.06993974389	-0.00018927305	0.02988753553
0.06993978153	-0.00017481288	0.03002103670
0.06993981447	-0.00016109715	0.03015447250
0.06993984314	-0.00014812632	0.03028774193
0.06993986797	-0.00013590055	0.03042075161
0.06993988934	-0.00012441615	0.03055340915
0.06993990763	-0.00011366780	0.03068562349
0.06993992320	-0.00010364805	0.03081730509
0.06993993636	-0.00009434756	0.03094833482
0.06993994742	-0.00008576199	0.03107867864
0.06993995665	-0.00007787272	0.03120823585
0.06993996430	-0.00007066371	0.03133690935
0.06993997061	-0.00006411860	0.03146459342
0.06993997576	-0.00005823290	0.03159129780
0.06993997994	-0.00005296857	0.03171683236
0.06993998330	-0.00004832903	0.03184125056
0.06993998599	-0.00004427029	0.03196435611
0.06993998810	-0.00004079510	0.03208619765
0.06993998975	-0.00003786646	0.03220666162
0.06993999101	-0.00003546175	0.03232567039
0.06993999194	-0.00003356733	0.03244320351
0.06993999261	-0.00003215787	0.03255920908
0.06993999304	-0.00003120748	0.03267362994
0.06993999326	-0.00003069376	0.03278642411
0.06993999331	-0.00003059390	0.03289755317
0.06993999318	-0.00003088475	0.03300698220
0.06993999289	-0.00003154136	0.03311466138
0.06993999243	-0.00003254702	0.03322058064
0.06993999179	-0.00003387933	0.03332472637
0.06993999099	-0.00003550956	0.03342704942
0.06993998999	-0.00003741790	0.03352752417
0.06993998879	-0.00003959372	0.03362618319
0.06993998739	-0.00004199905	0.03372294099
0.06993998576	-0.00004463425	0.03381785873
0.06993998389	-0.00004746652	0.03391089362
0.06993998179	-0.00005047641	0.03400201790
0.06993997941	-0.00005366076	0.03409128549
0.06993997678	-0.00005699068	0.03417866480
0.06993997387	-0.00006045140	0.03426416033
0.06993997069	-0.00006402859	0.03434777887
0.06993996723	-0.00006770851	0.03442952937
0.06993996348	-0.00007147758	0.03450942284
0.06993995944	-0.00007532266	0.03458747227
0.06993995512	-0.00007923105	0.03466369246
0.06993995052	-0.00008319075	0.03473809991
0.06993994565	-0.00008718989	0.03481071275
0.06993994052	-0.00009121333	0.03488152132
0.06993993512	-0.00009526455	0.03495059005
0.06993992947	-0.00009932775	0.03501793487
0.06993992359	-0.00010338241	0.03508351942
0.06993991747	-0.00010744672	0.03514746126
0.06993991114	-0.00011148642	0.03520969435
0.06993990460	-0.00011551833	0.03527032760
0.06993989789	-0.00011951094	0.03532929224
0.06993989098	-0.00012348763	0.03538671410
0.06993988393	-0.00012742160	0.03544256136
0.06993987673	-0.00013131062	0.03549685208
0.06993986939	-0.00013516401	0.03554966464
0.06993986194	-0.00013896600	0.03560099779
0.06993985439	-0.00014271427	0.03565088102
0.06993984676	-0.00014640550	0.03569933604
0.06993983906	-0.00015004141	0.03574640405
0.06993983129	-0.00015362003	0.03579212044
0.06993982348	-0.00015713622	0.03583650661
0.06993981564	-0.00016058840	0.03587959255
0.06993980778	-0.00016397546	0.03592140813
0.06993979991	-0.00016729611	0.03596198317
0.06993979206	-0.00017054946	0.03600134730
0.06993978422	-0.00017373276	0.03603951793
0.06993977641	-0.00017685022	0.03607653789
0.06993976863	-0.00017990130	0.03611244000
0.06993976089	-0.00018288319	0.03614724734
0.06993975322	-0.00018579544	0.03618098824
0.06993974562	-0.00018863535	0.03621367558
0.06993973809	-0.00019140621	0.03624533831
0.06993973062	-0.00019411650	0.03627604074
0.06993972324	-0.00019675706	0.03630578633
0.06993971594	-0.00019933597	0.03633465269
0.06993971154	-0.00020087350	0.03634955251
0.06993971177	-0.00020079108	0.03636453122
0.06993971664	-0.00019908966	0.03637941322
0.06993972595	-0.00019578919	0.03639402402
0.06993973939	-0.00019092837	0.03640819232
0.06993975648	-0.00018456419	0.03642175202
0.06993977661	-0.00017677126	0.03643454415
0.06993979909	-0.00016764093	0.03644641871
0.06993982315	-0.00015728027	0.03645723651
0.06993984801	-0.00014581073	0.03646687070
0.06993987284	-0.00013336678	0.03647520833
0.06993989689	-0.00012009432	0.03648215166
0.06993991945	-0.00010614896	0.03648761928
0.06993993989	-0.00009169418	0.03649154709
0.06993995772	-0.00007689947	0.03649388904
0.07044386058	-0.00150801424	0.02252116609
0.07044237152	-0.00157603783	0.02257952481
0.07044177972	-0.00160227033	0.02260749717
0.07044133868	-0.00162154420	0.02263090388
0.07044097275	-0.00163736298	0.02265184279
0.07044065837	-0.00165083257	0.02267148288
0.07044038091	-0.00166262950	0.02269024630
0.07044012893	-0.00167327117	0.02270821921
0.07043990347	-0.00168273553	0.02272597317
0.07043969622	-0.00169138892	0.02274334016
0.07043950432	-0.00169936211	0.02276040492
0.07043933034	-0.00170655816	0.02277751035
0.07043917007	-0.00171316083	0.02279453622
0.07043902028	-0.00171930860	0.02281140620
0.07043888352	-0.00172490229	0.02282836908
0.07043875908	-0.00172997674	0.02284545001
0.07043864537	-0.00173460037	0.02286261363
0.07043854204	-0.00173879141	0.02287988956
0.07043844880	-0.00174256426	0.02289730547
0.07043836547	-0.00174592968	0.02291488726
0.07043829169	-0.00174890365	0.02293264774
0.07043822780	-0.00175147476	0.02295063683
0.07043817394	-0.00175363972	0.02296888709
0.07043812905	-0.00175544166	0.02298735832
0.07043809390	-0.00175685177	0.02300611966
0.07043806846	-0.00175787132	0.02302518982
0.07043805272	-0.00175850211	0.02304458651
0.07043804674	-0.00175874146	0.02306433156
0.07043805060	-0.00175858671	0.02308444744
0.07043806383	-0.00175805680	0.02310492145
0.07043808440	-0.00175723236	0.02312564576
0.07043811769	-0.00175589741	0.02314698655
0.07043816089	-0.00175416379	0.02316877182
0.07043820995	-0.00175219270	0.02319076082
0.07043827342	-0.00174963941	0.02321354061
0.07043834315	-0.00174682961	0.02323658261
0.07043842544	-0.00174350831	0.02326033632
0.07043851474	-0.00173989682	0.02328444409
0.07043861712	-0.00173574703	0.02330934881
0.07043872558	-0.00173134004	0.02333458557
0.07043884631	-0.00172642135	0.02336062153
0.07043897693	-0.00172108384	0.02338730738
0.07043911622	-0.00171537331	0.02341458569
0.07043926458	-0.00170927051	0.02344251780
0.07043942367	-0.00170270165	0.02347125901
0.07043959214	-0.00169571772	0.02350073641
0.07043976998	-0.00168831440	0.02353098292
0.07043995714	-0.00168048747	0.02356203187
0.07044015359	-0.00167223286	0.02359391697
0.07044035928	-0.00166354580	0.02362667183
0.07044057416	-0.00165442176	0.02366033043
0.07044079667	-0.00164492086	0.02369480623
0.07044102892	-0.00163494480	0.02373032290
0.07044127041	-0.00162450707	0.02376687259
0.07044151937	-0.00161367560	0.02380434733
0.07044177666	-0.00160240460	0.02384287106
0.07044204298	-0.00159065437	0.02388255324
0.07044231589	-0.00157852229	0.02392321260
0.07044259762	-0.00156589927	0.02396511587
0.07044288692	-0.00155283057	0.02400818486
0.07044318234	-0.00153937073	0.02405232999
0.07044348614	-0.00152540524	0.02409783951
0.07044379667	-0.00151099646	0.02414458820
0.07044411375	-0.00149614086	0.02419261374
0.07044443718	-0.00148083457	0.02424195320
0.07044476672	-0.00146507378	0.02429264312
0.07044510217	-0.00144885500	0.02434471956
0.07044544325	-0.00143217482	0.02439821793
0.07044578973	-0.00141502977	0.02445317285
0.07044614132	-0.00139741672	0.02450961825
0.07044649772	-0.00137933286	0.02456758726
0.07044685808	-0.00136080381	0.02462704419
0.07044722221	-0.00134182088	0.02468804774
0.07044759062	-0.00132233726	0.02475076062
0.07044796107	-0.00130245184	0.02481492621
0.07044833523	-0.00128205427	0.02488092187
0.07044871051	-0.00126126414	0.02494840938
0.07044908833	-0.00123998108	0.02501776174
0.07044946681	-0.00121828807	0.02508874447
0.07044984582	-0.00119617070	0.02516147041
0.07045022510	-0.00117361995	0.02523602333
0.07045060375	-0.00115066555	0.02531235286
0.07045098117	-0.00112732073	0.02539048254
0.07045135670	-0.00110360290	0.02547042501
0.07045172973	-0.00107952664	0.02555221001
0.07045209973	-0.00105510389	0.02563587702
0.07045246596	-0.00103035894	0.02572141411
0.07045282770	-0.00100532072	0.02580880746
0.07045318436	-0.00098000712	0.02589809766
0.07045353533	-0.00095444196	0.02598929166
0.07045387997	-0.00092865324	0.02608238583
0.07045421767	-0.00090266951	0.02617737949
0.07045454785	-0.00087652021	0.02627426694
0.07045486968	-0.00085025748	0.02637294665
0.07045518302	-0.00082388471	0.02647359455
0.07045548724	-0.00079744481	0.02657610496
0.07045578169	-0.00077099050	0.02668036560
0.07045606619	-0.00074453793	0.02678651337
0.07045634034	-0.00071812707	0.02689446460
0.07045660363	-0.00069181230	0.02700408483
0.07045685606	-0.00066560794	0.02711554742
0.07045709721	-0.00063957207	0.02722860250
0.07045732705	-0.00061373023	0.02734337281
0.07045754542	-0.00058812760	0.02745971345
0.07045775228	-0.00056280039	0.02757760762
0.07045794766	-0.00053778426	0.02769702476
0.07045813159	-0.00051312070	0.02781783667
0.07045830423	-0.00048883988	0.02794009582
0.07045846571	-0.00046498322	0.02806358245
0.07045861628	-0.00044157951	0.02818841752
0.07045875616	-0.00041866520	0.02831431576
0.07045888567	-0.00039627005	0.02844141131
0.07045900516	-0.00037442240	0.02856946562
0.07045911498	-0.00035315241	0.02869848154
0.07045921555	-0.00033248229	0.02882837892
0.07045930728	-0.00031243841	0.02895896917
0.07045939060	-0.00029304714	0.02909031665
0.07045946600	-0.00027431909	0.02922224139
0.07045953394	-0.00025627581	0.02935460964
0.07045959486	-0.00023893823	0.02948744003
0.07045964929	-0.00022231109	0.02962057591
0.07045969767	-0.00020640632	0.02975392295
0.07045974049	-0.00019123299	0.02988736292
0.07045977818	-0.00017680170	0.03002084938
0.07045981120	-0.00016311204	0.03015426960
0.07045983998	-0.00015016449	0.03028752270
0.07045986494	-0.00013795927	0.03042051531
0.07045988646	-0.00012649273	0.03055315513
0.07045990491	-0.00011575961	0.03068535114
0.07045992064	-0.00010575252	0.03081701388
0.07045993397	-0.00009646216	0.03094802437
0.07045994519	-0.00008788428	0.03107834844
0.07045995458	-0.00008000033	0.03120788552
0.07045996240	-0.00007279436	0.03133653860
0.07045996885	-0.00006625008	0.03146420211
0.07045997414	-0.00006036305	0.03159088553
0.07045997846	-0.00005509539	0.03171639921
0.07045998194	-0.00005045053	0.03184079618
0.07045998473	-0.00004638464	0.03196388070
0.07045998694	-0.00004290049	0.03208570101
0.07045998867	-0.00003996122	0.03220614379
0.07045999000	-0.00003754431	0.03232513152
0.07045999099	-0.00003563618	0.03244264365
0.07045999169	-0.00003421159	0.03255862835
0.07045999216	-0.00003324475	0.03267302849
0.07045999241	-0.00003271336	0.03278580214
0.07045999246	-0.00003259469	0.03289691089
0.07045999233	-0.00003286568	0.03300631982
0.07045999204	-0.00003350148	0.03311397922
0.07045999156	-0.00003448542	0.03321987897
0.07045999091	-0.00003579520	0.03332400540
0.07045999007	-0.00003740220	0.03342630949
0.07045998905	-0.00003928666	0.03352676566
0.07045998782	-0.00004143800	0.03362540632
0.07045998637	-0.00004381839	0.03372214623
0.07045998470	-0.00004642817	0.03381704632
0.07045998280	-0.00004923468	0.03391006393
0.07045998065	-0.00005221853	0.03400117139
0.07045997824	-0.00005537654	0.03409042242
0.07045997557	-0.00005867995	0.03417778555
0.07045997262	-0.00006211402	0.03426326528
0.07045996940	-0.00006566450	0.03434686840
0.07045996590	-0.00006931765	0.03442860385
0.07045996212	-0.00007305997	0.03450848264
0.07045995806	-0.00007687835	0.03458651776
0.07045995372	-0.00008076012	0.03466272400
0.07045994910	-0.00008469333	0.03473711784
0.07045994421	-0.00008866615	0.03480971742
0.07045993907	-0.00009266348	0.03488051317
0.07045993366	-0.00009668879	0.03494956936
0.07045992800	-0.00010072632	0.03501690193
0.07045992213	-0.00010475565	0.03508247473
0.07045991601	-0.00010879485	0.03514640497
0.07045990969	-0.00011280982	0.03520862695
0.07045990316	-0.00011681728	0.03526924926
0.07045989647	-0.00012078587	0.03532820346
0.07045988958	-0.00012473884	0.03538561501
0.07045988255	-0.00012864950	0.03544145233
0.07045987539	-0.00013251563	0.03549573347
0.07045986808	-0.00013634649	0.03554853666
0.07045986066	-0.00014012637	0.03559986072
0.07045985315	-0.00014385296	0.03564973516
0.07045984556	-0.00014752297	0.03569818168
0.07045983790	-0.00015113805	0.03574524146
0.07045983018	-0.00015469628	0.03579094985
0.07045982242	-0.00015819250	0.03583532827
0.07045981463	-0.00016162517	0.03587840670
0.07045980682	-0.00016499314	0.03592021502
0.07045979901	-0.00016829515	0.03596078302
0.07045979121	-0.00017153030	0.03600014033
0.07045978343	-0.00017469583	0.03603830440
0.07045977568	-0.00017779595	0.03607531800
0.07045976796	-0.00018083010	0.03611121393
0.07045976028	-0.00018379549	0.03614601527
0.07045975267	-0.00018669166	0.03617975037
0.07045974513	-0.00018951592	0.03621243213
0.07045973766	-0.00019227155	0.03624408951
0.07045973026	-0.00019496698	0.03627478667
0.07045972294	-0.00019759307	0.03630452714
0.07045971570	-0.00020015786	0.03633338835
0.07045971134	-0.00020168862	0.03634828885
0.07045971159	-0.00020159939	0.03636326751
0.07045971646	-0.00019989121	0.03637814872
0.07045972576	-0.00019658411	0.03639275800
0.07045973918	-0.00019171685	0.03640692408
0.07045975622	-0.00018534651	0.03642048088
0.07045977630	-0.00017754777	0.03643326944
0.07045979873	-0.00016841206	0.03644513985
0.07045982275	-0.00015804649	0.03645595292
0.07045984755	-0.00014657259	0.03646558189
0.07045987234	-0.00013412486	0.03647391386
0.07045989636	-0.00012084926	0.03648085115
0.07045991890	-0.00010690142	0.03648631243
0.07045993936	-0.00009244488	0.03649023366
0.07045995721	-0.00007764912	0.03649256888
0.07096411082	-0.00150179066	0.02251987057
0.07096263547	-0.00156995790	0.02257806145
0.07096204871	-0.00159625916	0.02260596907
0.07096161121	-0.00161559088	0.02262932761
0.07096124812	-0.00163146098	0.02265022748
0.07096093605	-0.00164497878	0.02266983405
0.07096066052	-0.00165682175	0.02268856804
0.07096041023	-0.00166750695	0.02270651508
0.07096018617	-0.00167701470	0.02272424534
0.07095998014	-0.00168571020	0.02274159102
0.07095978930	-0.00169372435	0.02275863660
0.07095961619	-0.00170096173	0.02277572421
0.07095945662	-0.00170760536	0.02279273385
0.07095930744	-0.00171379322	0.02280958930
0.07095917115	-0.00171942721	0.02282653884
0.07095904702	-0.00172454221	0.02284360756
0.07095893351	-0.00172920640	0.02286076018
0.07095883026	-0.00173343807	0.02287802628
0.07095873700	-0.00173725166	0.02289543349
0.07095865352	-0.00174065802	0.02291300766
0.07095857950	-0.00174367310	0.02293076161
0.07095851525	-0.00174628568	0.02294874517
0.07095846090	-0.00174849257	0.02296699086
0.07095841544	-0.00175033665	0.02298545861
0.07095837959	-0.00175178936	0.02300421743
0.07095835335	-0.00175285201	0.02302328603
0.07095833668	-0.00175352643	0.02304268211
0.07095832968	-0.00175380998	0.02306242752
0.07095833239	-0.00175370006	0.02308254468
0.07095834437	-0.00175321548	0.02310302100
0.07095836362	-0.00175243631	0.02312374890
0.07095839542	-0.00175114816	0.02314509380
0.07095843701	-0.00174946206	0.02316688412
0.07095848442	-0.00174753807	0.02318887973
0.07095854604	-0.00174503396	0.02321166634
0.07095861389	-0.00174227307	0.02323471670
0.07095869412	-0.00173900228	0.02325847928
0.07095878130	-0.00173544128	0.02328259734
0.07095888139	-0.00173134381	0.02330751274
0.07095898752	-0.00172698890	0.02333276177
0.07095910575	-0.00172212395	0.02335881050
0.07095923377	-0.00171684113	0.02338551002
0.07095937037	-0.00171118595	0.02341280314
0.07095951592	-0.00170513930	0.02344075109
0.07095967209	-0.00169862795	0.02346950880
0.07095983753	-0.00169170251	0.02349900365
0.07096001223	-0.00168435873	0.02352926853
0.07096019615	-0.00167659240	0.02356033673
0.07096038925	-0.00166839951	0.02359224193
0.07096059150	-0.00165977533	0.02362501773
0.07096080283	-0.00165071536	0.02365869809
0.07096102171	-0.00164127930	0.02369319675
0.07096125022	-0.00163136959	0.02372873683
0.07096148787	-0.00162099959	0.02376531060
0.07096173291	-0.00161023675	0.02380281041
0.07096198620	-0.00159903561	0.02384135996
0.07096224840	-0.00158735677	0.02388106847
0.07096251715	-0.00157529685	0.02392175521
0.07096279462	-0.00156274760	0.02396368626
0.07096307958	-0.00154975390	0.02400678369
0.07096337060	-0.00153636989	0.02405095827
0.07096366992	-0.00152248188	0.02409649745
0.07096397592	-0.00150815174	0.02414327647
0.07096428840	-0.00149337593	0.02419133294
0.07096460717	-0.00147815061	0.02424070390
0.07096493201	-0.00146247195	0.02429142583
0.07096526271	-0.00144633645	0.02434353474
0.07096559900	-0.00142974070	0.02439706600
0.07096594065	-0.00141268122	0.02445205418
0.07096628737	-0.00139515486	0.02450853315
0.07096663888	-0.00137715879	0.02456653600
0.07096699433	-0.00135871840	0.02462602720
0.07096735354	-0.00133982504	0.02468706531
0.07096771702	-0.00132043224	0.02474981256
0.07096808255	-0.00130063806	0.02481401318
0.07096845177	-0.00128033303	0.02488004339
0.07096882215	-0.00125963574	0.02494756605
0.07096919508	-0.00123844664	0.02501695300
0.07096956870	-0.00121684802	0.02508797055
0.07096994288	-0.00119482558	0.02516073117
0.07097031737	-0.00117237042	0.02523531837
0.07097069129	-0.00114951201	0.02531168196
0.07097106404	-0.00112626352	0.02538984540
0.07097143496	-0.00110264225	0.02546982126
0.07097180346	-0.00107866273	0.02555163918
0.07097216901	-0.00105433687	0.02563533848
0.07097253089	-0.00102968882	0.02572090725
0.07097288836	-0.00100474736	0.02580833168
0.07097324088	-0.00097953034	0.02589765216
0.07097358781	-0.00095406148	0.02598887558
0.07097392853	-0.00092836868	0.02608199824
0.07097426244	-0.00090248036	0.02617701942
0.07097458896	-0.00087642588	0.02627393335
0.07097490728	-0.00085025710	0.02637263876
0.07097521723	-0.00082397756	0.02647331086
0.07097551822	-0.00079762996	0.02657584426
0.07097580959	-0.00077126675	0.02668012693
0.07097609117	-0.00074490417	0.02678629519
0.07097636254	-0.00071858202	0.02689426549
0.07097662323	-0.00069235443	0.02700390375
0.07097687320	-0.00066623583	0.02711538251
0.07097711206	-0.00064028397	0.02722845267
0.07097733976	-0.00061452445	0.02734323633
0.07097755615	-0.00058900224	0.02745958894
0.07097776118	-0.00056375348	0.02757749354
0.07097795489	-0.00053881374	0.02769691952
0.07097813729	-0.00051422438	0.02781773890
0.07097830855	-0.00049001554	0.02794000375
0.07097846878	-0.00046622845	0.02806349488
0.07097861824	-0.00044289195	0.02818833257
0.07097875714	-0.00042004228	0.02831423236
0.07097888579	-0.00039770925	0.02844132761
0.07097900452	-0.00037592106	0.02856938042
0.07097911370	-0.00035470786	0.02869839336
0.07097921374	-0.00033409180	0.02882828629
0.07097930502	-0.00031409918	0.02895887104
0.07097938798	-0.00029475638	0.02909021146
0.07097946311	-0.00027607397	0.02922212795
0.07097953084	-0.00025807349	0.02935448697
0.07097959162	-0.00024077583	0.02948730679
0.07097964596	-0.00022418578	0.02962043105
0.07097969431	-0.00020831524	0.02975376547
0.07097973714	-0.00019317331	0.02988719196
0.07097977487	-0.00017877058	0.03002066397
0.07097980797	-0.00016510670	0.03015406889
0.07097983686	-0.00015218219	0.03028730591
0.07097986194	-0.00013999730	0.03042028175
0.07097988360	-0.00012854842	0.03055290413
0.07097990220	-0.00011783035	0.03068508212
0.07097991809	-0.00010783576	0.03081672629
0.07097993158	-0.00009855543	0.03094771785
0.07097994296	-0.00008998513	0.03107802248
0.07097995251	-0.00008210642	0.03120753973
0.07097996048	-0.00007490343	0.03133617269
0.07097996708	-0.00006835996	0.03146381596
0.07097997251	-0.00006247160	0.03159047873
0.07097997695	-0.00005720063	0.03171597185
0.07097998055	-0.00005255046	0.03184034792
0.07097998345	-0.00004847749	0.03196341171
0.07097998575	-0.00004498444	0.03208521110
0.07097998755	-0.00004203463	0.03220563300
0.07097998895	-0.00003960562	0.03232459999
0.07097999000	-0.00003768388	0.03244209146
0.07097999075	-0.00003624429	0.03255805558
0.07097999124	-0.00003526115	0.03267243531
0.07097999151	-0.00003471225	0.03278518873
0.07097999158	-0.00003457494	0.03289627745
0.07097999146	-0.00003482625	0.03300566658
0.07097999115	-0.00003544142	0.03311330648
0.07097999066	-0.00003640384	0.03321918698
0.07097998999	-0.00003769131	0.03332329439
0.07097998913	-0.00003927528	0.03342557980
0.07097998808	-0.00004113609	0.03352601766
0.07097998682	-0.00004326317	0.03362464021
0.07097998534	-0.00004561886	0.03372136249
0.07097998363	-0.00004820347	0.03381624517
0.07097998169	-0.00005098444	0.03390924574
0.07097997950	-0.00005394249	0.03400033662
0.07097997705	-0.00005707441	0.03408957132
0.07097997434	-0.00006035156	0.03417691850
0.07097997136	-0.00006375924	0.03426238266
0.07097996811	-0.00006728325	0.03434597057
0.07097996458	-0.00007090990	0.03442769118
0.07097996077	-0.00007462572	0.03450755550
0.07097995668	-0.00007841764	0.03458557650
0.07097995232	-0.00008227305	0.03466176897
0.07097994768	-0.00008618002	0.03473614940
0.07097994278	-0.00009012676	0.03480873590
0.07097993763	-0.00009409825	0.03487951901
0.07097993221	-0.00009809789	0.03494856283
0.07097992655	-0.00010210999	0.03501588332
0.07097992068	-0.00010611423	0.03508144453
0.07097991457	-0.00011012856	0.03514536335
0.07097990826	-0.00011411903	0.03520757436
0.07097990175	-0.00011810228	0.03526818587
0.07097989507	-0.00012204709	0.03532712977
0.07097988821	-0.00012597656	0.03538453117
0.07097988120	-0.00012986413	0.03544035867
0.07097987406	-0.00013370759	0.03549463038
0.07097986679	-0.00013751613	0.03554742432
0.07097985941	-0.00014127413	0.03559873942
0.07097985194	-0.00014497925	0.03564860518
0.07097984439	-0.00014862822	0.03569704334
0.07097983677	-0.00015222268	0.03574409499
0.07097982910	-0.00015576071	0.03578979549
0.07097982138	-0.00015923717	0.03583416627
0.07097981364	-0.00016265050	0.03587723729
0.07097980589	-0.00016599957	0.03591903844
0.07097979813	-0.00016928312	0.03595959950
0.07097979039	-0.00017250023	0.03599895008
0.07097978267	-0.00017564818	0.03603710767
0.07097977497	-0.00017873112	0.03607411500
0.07097976731	-0.00018174851	0.03611000483
0.07097975970	-0.00018469755	0.03614480027
0.07097975215	-0.00018757779	0.03617852964
0.07097974467	-0.00019038656	0.03621120591
0.07097973726	-0.00019312711	0.03624285800
0.07097972992	-0.00019580781	0.03627354996
0.07097972267	-0.00019841958	0.03630328538
0.07097971549	-0.00020097039	0.03633214151
0.07097971116	-0.00020249443	0.03634704269
0.07097971143	-0.00020239845	0.03636202129
0.07097971630	-0.00020068357	0.03637690171
0.07097972559	-0.00019736989	0.03639150949
0.07097973898	-0.00019249626	0.03640567336
0.07097975598	-0.00018611982	0.03641922727
0.07097977602	-0.00017831533	0.03643201232
0.07097979839	-0.00016917428	0.03644387859
0.07097982235	-0.00015880385	0.03645468699
0.07097984711	-0.00014732562	0.03646431078
0.07097987186	-0.00013487416	0.03647263713
0.07097989585	-0.00012159544	0.03647956844
0.07097991837	-0.00010764516	0.03648502343
0.07097993883	-0.00009318687	0.03648893814
0.07097995671	-0.00007839007	0.03649126670
0.07148435566	-0.00149562566	0.02251859262
0.07148289381	-0.00156393480	0.02257661689
0.07148231203	-0.00159030401	0.02260446023
0.07148187804	-0.00160969291	0.02262777092
0.07148151775	-0.00162561374	0.02264863199
0.07148120796	-0.00163917921	0.02266820526
0.07148093435	-0.00165106769	0.02268690998
0.07148068574	-0.00166179596	0.02270483129
0.07148046307	-0.00167134662	0.02272253798
0.07148025824	-0.00168008377	0.02273986247
0.07148006847	-0.00168813846	0.02275688896
0.07147989621	-0.00169541673	0.02277395883
0.07147973736	-0.00170210089	0.02279095229
0.07147958879	-0.00170832841	0.02280779327
0.07147945296	-0.00171400229	0.02282472951
0.07147932916	-0.00171915743	0.02284178604
0.07147921586	-0.00172386175	0.02285892769
0.07147911271	-0.00172813363	0.02287618397
0.07147901943	-0.00173198757	0.02289358247
0.07147893583	-0.00173543445	0.02291114901
0.07147886157	-0.00173849024	0.02292889641
0.07147879698	-0.00174114389	0.02294687441
0.07147874218	-0.00174339228	0.02296511550
0.07147869616	-0.00174527808	0.02298357971
0.07147865964	-0.00174677298	0.02300233594
0.07147863262	-0.00174787832	0.02302140291
0.07147861507	-0.00174859595	0.02304079832
0.07147860706	-0.00174892329	0.02306054399
0.07147860866	-0.00174885776	0.02308066234
0.07147861942	-0.00174841809	0.02310114085
0.07147863738	-0.00174768376	0.02312187224
0.07147866773	-0.00174644198	0.02314322111
0.07147870776	-0.00174480296	0.02316501635
0.07147875356	-0.00174292562	0.02318701842
0.07147881339	-0.00174047024	0.02320981171
0.07147887938	-0.00173775781	0.02323287028
0.07147895761	-0.00173453706	0.02325664155
0.07147904272	-0.00173102610	0.02328076971
0.07147914058	-0.00172698047	0.02330569561
0.07147924442	-0.00172267716	0.02333095671
0.07147936023	-0.00171786546	0.02335701799
0.07147948569	-0.00171263685	0.02338373098
0.07147961966	-0.00170703651	0.02341103868
0.07147976248	-0.00170104551	0.02343900221
0.07147991579	-0.00169459116	0.02346777620
0.07148007826	-0.00168772370	0.02349728825
0.07148024990	-0.00168043891	0.02352757123
0.07148043065	-0.00167273265	0.02355865840
0.07148062048	-0.00166460093	0.02359058343
0.07148081935	-0.00165603907	0.02362337989
0.07148102721	-0.00164704260	0.02365708170
0.07148124254	-0.00163767080	0.02369160292
0.07148146739	-0.00162782684	0.02372716611
0.07148170127	-0.00161752398	0.02376376362
0.07148194248	-0.00160682915	0.02380128820
0.07148219184	-0.00159569725	0.02383986323
0.07148245002	-0.00158408916	0.02387959771
0.07148271469	-0.00157210077	0.02392031150
0.07148298798	-0.00155962463	0.02396226997
0.07148326869	-0.00154670527	0.02400539549
0.07148355542	-0.00153339640	0.02404959915
0.07148385035	-0.00151958519	0.02409516763
0.07148415190	-0.00150533299	0.02414197659
0.07148445987	-0.00149063627	0.02419006363
0.07148477408	-0.00147549118	0.02423946570
0.07148509432	-0.00145989391	0.02429021925
0.07148542035	-0.00144384095	0.02434236025
0.07148575195	-0.00142732888	0.02439592401
0.07148608886	-0.00141035420	0.02445094505
0.07148643082	-0.00139291375	0.02450745720
0.07148677753	-0.00137500468	0.02456549350
0.07148712818	-0.00135665214	0.02462501858
0.07148748257	-0.00133784755	0.02468609084
0.07148784120	-0.00131854474	0.02474887206
0.07148820191	-0.00129884097	0.02481310734
0.07148856630	-0.00127862764	0.02487917169
0.07148893187	-0.00125802235	0.02494672911
0.07148929999	-0.00123692634	0.02501615027
0.07148966884	-0.00121542124	0.02508720225
0.07149003829	-0.00119349288	0.02515999718
0.07149040809	-0.00117113241	0.02523461828
0.07149077737	-0.00114836912	0.02531101557
0.07149114553	-0.00112521605	0.02538921239
0.07149151193	-0.00110169046	0.02546922130
0.07149187599	-0.00107780679	0.02555107180
0.07149223717	-0.00105357691	0.02563480306
0.07149259478	-0.00102902485	0.02572040318
0.07149294807	-0.00100417924	0.02580785837
0.07149329651	-0.00097905789	0.02589720883
0.07149363948	-0.00095368443	0.02598846137
0.07149397636	-0.00092808663	0.02608161226
0.07149430654	-0.00090229284	0.02617666069
0.07149462946	-0.00087633228	0.02627360086
0.07149494432	-0.00085025654	0.02637233173
0.07149525096	-0.00082406935	0.02647302782
0.07149554877	-0.00079781316	0.02657558399
0.07149583712	-0.00077154018	0.02667988852
0.07149611582	-0.00074526672	0.02678607708
0.07149638447	-0.00071903243	0.02689406632
0.07149664259	-0.00069289117	0.02700372246
0.07149689015	-0.00066685750	0.02711521729
0.07149712675	-0.00064098884	0.02722830243
0.07149735235	-0.00061531083	0.02734309936
0.07149756678	-0.00058986826	0.02745946388
0.07149777001	-0.00056469718	0.02757737889
0.07149796207	-0.00053983309	0.02769681367
0.07149814297	-0.00051531718	0.02781764052
0.07149831287	-0.00049117961	0.02793991109
0.07149847187	-0.00046746140	0.02806340676
0.07149862022	-0.00044419145	0.02818824712
0.07149875815	-0.00042140578	0.02831414851
0.07149888595	-0.00039913424	0.02844124357
0.07149900395	-0.00037740492	0.02856929499
0.07149911249	-0.00035624792	0.02869830506
0.07149921199	-0.00033568538	0.02882819368
0.07149930284	-0.00031574351	0.02895877309
0.07149938544	-0.00029644868	0.02909010661
0.07149946028	-0.00027781146	0.02922201504
0.07149952780	-0.00025985333	0.02935436503
0.07149958844	-0.00024259518	0.02948717448
0.07149964269	-0.00022604183	0.02962028735
0.07149969100	-0.00021020517	0.02975360937
0.07149973383	-0.00019509430	0.02988702263
0.07149977161	-0.00018071985	0.03002048044
0.07149980478	-0.00016708147	0.03015387032
0.07149983377	-0.00015417975	0.03028709154
0.07149985896	-0.00014201495	0.03042005087
0.07149988075	-0.00013058354	0.03055265611
0.07149989950	-0.00011988036	0.03068481635
0.07149991554	-0.00010989813	0.03081644225
0.07149992919	-0.00010062770	0.03094741517
0.07149994073	-0.00009206489	0.03107770066
0.07149995043	-0.00008419135	0.03120719839
0.07149995855	-0.00007699130	0.03133581155
0.07149996529	-0.00007044860	0.03146343488
0.07149997085	-0.00006455890	0.03159007732
0.07149997542	-0.00005928462	0.03171555017
0.07149997913	-0.00005462920	0.03183990564
0.07149998213	-0.00005054918	0.03196294901
0.07149998452	-0.00004704731	0.03208472779
0.07149998641	-0.00004408704	0.03220512912
0.07149998787	-0.00004164603	0.03232407568
0.07149998897	-0.00003971081	0.03244154678
0.07149998977	-0.00003825634	0.03255749062
0.07149999029	-0.00003725705	0.03267185023
0.07149999059	-0.00003669078	0.03278458371
0.07149999067	-0.00003653500	0.03289565269
0.07149999055	-0.00003676681	0.03300502231
0.07149999024	-0.00003736154	0.03311264298
0.07149998974	-0.00003830265	0.03321850451
0.07149998905	-0.00003956799	0.03332259317
0.07149998817	-0.00004112915	0.03342486015
0.07149998709	-0.00004296653	0.03352527996
0.07149998580	-0.00004506958	0.03362388465
0.07149998429	-0.00004740080	0.03372058955
0.07149998255	-0.00004996046	0.03381545508
0.07149998057	-0.00005271615	0.03390843884
0.07149997834	-0.00005564863	0.03399951337
0.07149997586	-0.00005875472	0.03408873197
0.07149997311	-0.00006200584	0.03417606341
0.07149997010	-0.00006538739	0.03426151221
0.07149996682	-0.00006888517	0.03434508513
0.07149996326	-0.00007248556	0.03442679111
0.07149995942	-0.00007617513	0.03450664115
0.07149995531	-0.00007994086	0.03458464823
0.07149995093	-0.00008377015	0.03466082714
0.07149994627	-0.00008765113	0.03473519433
0.07149994136	-0.00009157205	0.03480776793
0.07149993620	-0.00009551792	0.03487853857
0.07149993078	-0.00009949214	0.03494757020
0.07149992512	-0.00010347906	0.03501487878
0.07149991925	-0.00010745845	0.03508042856
0.07149991314	-0.00011144814	0.03514433610
0.07149990685	-0.00011541436	0.03520653630
0.07149990035	-0.00011937363	0.03526713716
0.07149989369	-0.00012329487	0.03532607090
0.07149988685	-0.00012720106	0.03538346228
0.07149987987	-0.00013106577	0.03543928011
0.07149987277	-0.00013488678	0.03549354251
0.07149986552	-0.00013867322	0.03554632733
0.07149985818	-0.00014240953	0.03559763359
0.07149985075	-0.00014609339	0.03564749079
0.07149984324	-0.00014972152	0.03569592068
0.07149983567	-0.00015329557	0.03574296433
0.07149982804	-0.00015681359	0.03578865704
0.07149982037	-0.00016027047	0.03583302028
0.07149981268	-0.00016366465	0.03587608400
0.07149980498	-0.00016699501	0.03591787807
0.07149979728	-0.00017026027	0.03595843228
0.07149978959	-0.00017345952	0.03599777623
0.07149978193	-0.00017659004	0.03603592744
0.07149977429	-0.00017965597	0.03607292858
0.07149976669	-0.00018265676	0.03610881240
0.07149975914	-0.00018558961	0.03614360201
0.07149975164	-0.00018845408	0.03617732573
0.07149974423	-0.00019124750	0.03620999657
0.07149973688	-0.00019397311	0.03624164346
0.07149972960	-0.00019663922	0.03627233028
0.07149972241	-0.00019923681	0.03630206073
0.07149971530	-0.00020177377	0.03633091183
0.07149971100	-0.00020329117	0.03634581368
0.07149971129	-0.00020318850	0.03636079222
0.07149971616	-0.00020146698	0.03637567186
0.07149972544	-0.00019814678	0.03639027815
0.07149973880	-0.00019326683	0.03640443983
0.07149975576	-0.00018688435	0.03641799088
0.07149977575	-0.00017907416	0.03643077243
0.07149979807	-0.00016992782	0.03644263461
0.07149982198	-0.00015955258	0.03645343836
0.07149984668	-0.00014807006	0.03646305702
0.07149987139	-0.00013561489	0.03647137781
0.07149989535	-0.00012233310	0.03647830318
0.07149991786	-0.00010838040	0.03648375193
0.07149993831	-0.00009392037	0.03648766019
0.07149995622	-0.00007912254	0.03648998214
0.07201459979	-0.00148940141	0.02251730781
0.07201315153	-0.00155785338	0.02257516354
0.07201257475	-0.00158429103	0.02260294181
0.07201214429	-0.00160373753	0.02262620405
0.07201178682	-0.00161970948	0.02264702583
0.07201147933	-0.00163332300	0.02266656536
0.07201120766	-0.00164525735	0.02268524045
0.07201096075	-0.00165602902	0.02270313568
0.07201073948	-0.00166562295	0.02272081847
0.07201053588	-0.00167440209	0.02273812147
0.07201034718	-0.00168249765	0.02275512860
0.07201017579	-0.00168981716	0.02277218046
0.07201001767	-0.00169654219	0.02278915750
0.07200986973	-0.00170280972	0.02280598379
0.07200973439	-0.00170852382	0.02282290651
0.07200961093	-0.00171371945	0.02283995066
0.07200949785	-0.00171846427	0.02285708113
0.07200939481	-0.00172277672	0.02287432742
0.07200930152	-0.00172667135	0.02289171704
0.07200921781	-0.00173015912	0.02290927580
0.07200914333	-0.00173325599	0.02292701649
0.07200907841	-0.00173595107	0.02294498879
0.07200902316	-0.00173824137	0.02296322514
0.07200897660	-0.00174016927	0.02298168570
0.07200893943	-0.00174170675	0.02300043925
0.07200891164	-0.00174285518	0.02301950450
0.07200889321	-0.00174361643	0.02303889913
0.07200888422	-0.00174398797	0.02305864498
0.07200888472	-0.00174396726	0.02307876445
0.07200889427	-0.00174357291	0.02309924509
0.07200891095	-0.00174288386	0.02311997992
0.07200893986	-0.00174168890	0.02314133271
0.07200897834	-0.00174009740	0.02316313282
0.07200902254	-0.00173826718	0.02318514134
0.07200908058	-0.00173586101	0.02320794129
0.07200914474	-0.00173319751	0.02323100804
0.07200922098	-0.00173002730	0.02325478801
0.07200930403	-0.00172656687	0.02327892628
0.07200939967	-0.00172257359	0.02330386268
0.07200950123	-0.00171832241	0.02332913589
0.07200961461	-0.00171356448	0.02335520975
0.07200973755	-0.00170839062	0.02338193625
0.07200986888	-0.00170284567	0.02340925858
0.07201000898	-0.00169691088	0.02343723776
0.07201015944	-0.00169051409	0.02346602808
0.07201031896	-0.00168370519	0.02349555740
0.07201048753	-0.00167648000	0.02352585857
0.07201066512	-0.00166883441	0.02355696481
0.07201085169	-0.00166076448	0.02358890977
0.07201104720	-0.00165226557	0.02362172699
0.07201125159	-0.00164333325	0.02365545038
0.07201146338	-0.00163402636	0.02368999427
0.07201168458	-0.00162424883	0.02372558069
0.07201191471	-0.00161401378	0.02376220210
0.07201215209	-0.00160338766	0.02379975158
0.07201239754	-0.00159232569	0.02383835226
0.07201265171	-0.00158078907	0.02387811287
0.07201291230	-0.00156887294	0.02391885388
0.07201318143	-0.00155647066	0.02396083993
0.07201345789	-0.00154362639	0.02400399373
0.07201374033	-0.00153039342	0.02404822665
0.07201403088	-0.00151665978	0.02409382463
0.07201432798	-0.00150248631	0.02414066374
0.07201463146	-0.00148786947	0.02418878154
0.07201494112	-0.00147280544	0.02423821494
0.07201525675	-0.00145729038	0.02428900034
0.07201557814	-0.00144132078	0.02434117365
0.07201590504	-0.00142489323	0.02439477014
0.07201623723	-0.00140800420	0.02444982428
0.07201657442	-0.00139065052	0.02450636985
0.07201691634	-0.00137282932	0.02456443983
0.07201726218	-0.00135456552	0.02462399903
0.07201761176	-0.00133585058	0.02468510570
0.07201796555	-0.00131663866	0.02474792116
0.07201832144	-0.00129702620	0.02481219135
0.07201868100	-0.00127690547	0.02487829011
0.07201904176	-0.00125639309	0.02494588257
0.07201940509	-0.00123539111	0.02501533821
0.07201976917	-0.00121398045	0.02508642489
0.07202013389	-0.00119214708	0.02515925440
0.07202049900	-0.00116988225	0.02523390969
0.07202086363	-0.00114721499	0.02531034094
0.07202122721	-0.00112415830	0.02538857143
0.07202158909	-0.00110072931	0.02546861366
0.07202194870	-0.00107694241	0.02555049701
0.07202230552	-0.00105280946	0.02563426051
0.07202265885	-0.00102835431	0.02571989226
0.07202300796	-0.00100360548	0.02580737849
0.07202335232	-0.00097858072	0.02589675919
0.07202369133	-0.00095330357	0.02598804113
0.07202402435	-0.00092780170	0.02608122050
0.07202435081	-0.00090210333	0.02617629645
0.07202467013	-0.00087623758	0.02627326309
0.07202498153	-0.00085025578	0.02637201968
0.07202528485	-0.00082416182	0.02647274000
0.07202557948	-0.00079799791	0.02657531919
0.07202586480	-0.00077181600	0.02667964579
0.07202614062	-0.00074563250	0.02678585489
0.07202640654	-0.00071948689	0.02689386327
0.07202666208	-0.00069343277	0.02700353751
0.07202690722	-0.00066748482	0.02711504860
0.07202714156	-0.00064170014	0.02722814890
0.07202736505	-0.00061610439	0.02734295928
0.07202757752	-0.00059074220	0.02745933587
0.07202777895	-0.00056564951	0.02757726145
0.07202796935	-0.00054086176	0.02769670519
0.07202814874	-0.00051641999	0.02781753965
0.07202831726	-0.00049235434	0.02793981607
0.07202847503	-0.00046870564	0.02806331639
0.07202862228	-0.00044550284	0.02818815954
0.07202875923	-0.00042278174	0.02831406264
0.07202888616	-0.00040057226	0.02844115758
0.07202900342	-0.00037890234	0.02856920768
0.07202911132	-0.00035780205	0.02869821496
0.07202921028	-0.00033729350	0.02882809932
0.07202930067	-0.00031740283	0.02895867344
0.07202938291	-0.00029815640	0.02909000011
0.07202945747	-0.00027956476	0.02922190050
0.07202952478	-0.00026164934	0.02935424148
0.07202958527	-0.00024443106	0.02948704058
0.07202963942	-0.00022791472	0.02962014205
0.07202968769	-0.00021211223	0.02975345168
0.07202973052	-0.00019703270	0.02988685170
0.07202976833	-0.00018268675	0.03002029528
0.07202980157	-0.00016907410	0.03015367010
0.07202983065	-0.00015619535	0.03028687548
0.07202985596	-0.00014405082	0.03041981827
0.07202987788	-0.00013263702	0.03055240631
0.07202989677	-0.00012194883	0.03068454877
0.07202991296	-0.00011197906	0.03081615634
0.07202992676	-0.00010271861	0.03094711056
0.07202993845	-0.00009416334	0.03107737685
0.07202994831	-0.00008629499	0.03120685497
0.07202995657	-0.00007909788	0.03133544826
0.07202996346	-0.00007255595	0.03146305158
0.07202996915	-0.00006666487	0.03158967360
0.07202997384	-0.00006138724	0.03171512611
0.07202997766	-0.00005672649	0.03183946091
0.07202998077	-0.00005263935	0.03196248377
0.07202998325	-0.00004912855	0.03208424186
0.07202998521	-0.00004615771	0.03220462252
0.07202998674	-0.00004370458	0.03232354857
0.07202998790	-0.00004175573	0.03244099920
0.07202998873	-0.00004028624	0.03255692267
0.07202998929	-0.00003927062	0.03267126207
0.07202998961	-0.00003868683	0.03278397552
0.07202998970	-0.00003851238	0.03289502468
0.07202998959	-0.00003872449	0.03300437468
0.07202998928	-0.00003929858	0.03311197604
0.07202998877	-0.00004021816	0.03321781851
0.07202998807	-0.00004146117	0.03332188833
0.07202998717	-0.00004299930	0.03342413680
0.07202998606	-0.00004481302	0.03352453846
0.07202998474	-0.00004689181	0.03362312521
0.07202998320	-0.00004919832	0.03371981264
0.07202998142	-0.00005173279	0.03381466093
0.07202997941	-0.00005446295	0.03390762781
0.07202997715	-0.00005736963	0.03399868590
0.07202997463	-0.00006044962	0.03408788831
0.07202997186	-0.00006367448	0.03417520395
0.07202996881	-0.00006702963	0.03426063731
0.07202996550	-0.00007050094	0.03434419516
0.07202996191	-0.00007407483	0.03442588643
0.07202995805	-0.00007773790	0.03450572213
0.07202995392	-0.00008147717	0.03458371522
0.07202994952	-0.00008528010	0.03465988048
0.07202994485	-0.00008913485	0.03473423438
0.07202993992	-0.00009302969	0.03480679501
0.07202993475	-0.00009694972	0.03487755312
0.07202992933	-0.00010089827	0.03494657249
0.07202992367	-0.00010485977	0.03501386909
0.07202991781	-0.00010881407	0.03507940739
0.07202991171	-0.00011277890	0.03514330359
0.07202990543	-0.00011672063	0.03520549292
0.07202989895	-0.00012065568	0.03526608308
0.07202989231	-0.00012455313	0.03532500661
0.07202988549	-0.00012843584	0.03538238792
0.07202987854	-0.00013227746	0.03543819602
0.07202987147	-0.00013607581	0.03549244906
0.07202986426	-0.00013983994	0.03554522471
0.07202985695	-0.00014355436	0.03559652209
0.07202984956	-0.00014721676	0.03564637068
0.07202984209	-0.00015082386	0.03569479227
0.07202983457	-0.00015437729	0.03574182786
0.07202982698	-0.00015787511	0.03578751275
0.07202981937	-0.00016131223	0.03583186840
0.07202981173	-0.00016468709	0.03587492479
0.07202980408	-0.00016799855	0.03591671175
0.07202979644	-0.00017124534	0.03595725907
0.07202978881	-0.00017442657	0.03599659635
0.07202978120	-0.00017753951	0.03603474114
0.07202977362	-0.00018058826	0.03607173606
0.07202976608	-0.00018357229	0.03610761383
0.07202975859	-0.00018648881	0.03614239757
0.07202975115	-0.00018933736	0.03617611561
0.07202974380	-0.00019211528	0.03620878100
0.07202973652	-0.00019482581	0.03624042265
0.07202972930	-0.00019747720	0.03627110432
0.07202972217	-0.00020006047	0.03630082976
0.07202971512	-0.00020258346	0.03632967582
0.07202971085	-0.00020409413	0.03634457833
0.07202971116	-0.00020398471	0.03635955681
0.07202971604	-0.00020225648	0.03637443566
0.07202972530	-0.00019892970	0.03638904043
0.07202973863	-0.00019404337	0.03640319990
0.07202975556	-0.00018765478	0.03641674806
0.07202977550	-0.00017983884	0.03642952607
0.07202979776	-0.00017068716	0.03644138412
0.07202982161	-0.00016030706	0.03645218318
0.07202984626	-0.00014882021	0.03646179665
0.07202987093	-0.00013636131	0.03647011182
0.07202989485	-0.00012307640	0.03647703119
0.07202991734	-0.00010912126	0.03648247365
0.07202993780	-0.00009465948	0.03648637539
0.07202995573	-0.00007986063	0.03648869066
0.07253483416	-0.00148335210	0.02251606434
0.07253339903	-0.00155194249	0.02257375593
0.07253282710	-0.00157844649	0.02260147081
0.07253240007	-0.00159794885	0.02262468583
0.07253204533	-0.00161397038	0.02264546932
0.07253174008	-0.00162763051	0.02266497595
0.07253147028	-0.00163960937	0.02268362212
0.07253122502	-0.00165042316	0.02270149192
0.07253100512	-0.00166005907	0.02271915139
0.07253080272	-0.00166887897	0.02273643341
0.07253061508	-0.00167701420	0.02275342164
0.07253044454	-0.00168437373	0.02277045592
0.07253028713	-0.00169113845	0.02278741691
0.07253013981	-0.00169744482	0.02280422883
0.07253000494	-0.00170319798	0.02282113833
0.07252988182	-0.00170843292	0.02283817036
0.07252976897	-0.00171321707	0.02285528990
0.07252966605	-0.00171756891	0.02287252638
0.07252957278	-0.00172150307	0.02288990730
0.07252948897	-0.00172503056	0.02290745841
0.07252941429	-0.00172816733	0.02292519251
0.07252934907	-0.00173090267	0.02294315919
0.07252929340	-0.00173323366	0.02296139086
0.07252924632	-0.00173520247	0.02297984779
0.07252920853	-0.00173678133	0.02299859864
0.07252918002	-0.00173797162	0.02301766212
0.07252916076	-0.00173877526	0.02303705593
0.07252915082	-0.00173918975	0.02305680187
0.07252915027	-0.00173921259	0.02307692234
0.07252915867	-0.00173886229	0.02309740498
0.07252917414	-0.00173821726	0.02311814306
0.07252920167	-0.00173706779	0.02313949958
0.07252923867	-0.00173552249	0.02316130435
0.07252928134	-0.00173373807	0.02318331906
0.07252933768	-0.00173137972	0.02320612538
0.07252940008	-0.00172876379	0.02322920002
0.07252947440	-0.00172564271	0.02325298835
0.07252955549	-0.00172223141	0.02327713637
0.07252964899	-0.00171828902	0.02330208289
0.07252974838	-0.00171408851	0.02332736778
0.07252985944	-0.00170938287	0.02335345378
0.07252997994	-0.00170426224	0.02338019332
0.07253010876	-0.00169877115	0.02340752978
0.07253024624	-0.00169289101	0.02343552410
0.07253039396	-0.00168655020	0.02346433020
0.07253055065	-0.00167979824	0.02349387622
0.07253071629	-0.00167263100	0.02352419497
0.07253089085	-0.00166504440	0.02355531966
0.07253107428	-0.00165703455	0.02358728391
0.07253126656	-0.00164859685	0.02362012122
0.07253146762	-0.00163972690	0.02365386548
0.07253167601	-0.00163048314	0.02368843133
0.07253189370	-0.00162077019	0.02372404025
0.07253212022	-0.00161060108	0.02376068478
0.07253235393	-0.00160004177	0.02379825837
0.07253259562	-0.00158904782	0.02383688388
0.07253284593	-0.00157758070	0.02387666981
0.07253310261	-0.00156573482	0.02391743718
0.07253336773	-0.00155340436	0.02395944996
0.07253364012	-0.00154063311	0.02400263115
0.07253391843	-0.00152747395	0.02404689244
0.07253420477	-0.00151381574	0.02409251899
0.07253449761	-0.00149971882	0.02413938732
0.07253479676	-0.00148517966	0.02418753493
0.07253510204	-0.00147019443	0.02423699870
0.07253541325	-0.00145475931	0.02428781496
0.07253573017	-0.00143887078	0.02434001960
0.07253605256	-0.00142252540	0.02439364782
0.07253638020	-0.00140571966	0.02444873405
0.07253671281	-0.00138845034	0.02450531202
0.07253705013	-0.00137071457	0.02456341468
0.07253739135	-0.00135253705	0.02462300697
0.07253773629	-0.00133390927	0.02468414702
0.07253808543	-0.00131478571	0.02474699567
0.07253843668	-0.00129526203	0.02481129972
0.07253879159	-0.00127523133	0.02487743186
0.07253914773	-0.00125480927	0.02494505832
0.07253950644	-0.00123389869	0.02501454740
0.07253986594	-0.00121257984	0.02508566776
0.07254022610	-0.00119083883	0.02515853083
0.07254058669	-0.00116866696	0.02523321929
0.07254094686	-0.00114609306	0.02530968351
0.07254130602	-0.00112313004	0.02538794669
0.07254166355	-0.00109979495	0.02546802126
0.07254201889	-0.00107610213	0.02554993651
0.07254237150	-0.00105206338	0.02563373131
0.07254272071	-0.00102770243	0.02571939377
0.07254306580	-0.00100304766	0.02580691014
0.07254340623	-0.00097811678	0.02589632023
0.07254374141	-0.00095293325	0.02598763072
0.07254407073	-0.00092752460	0.02608083777
0.07254439360	-0.00090191896	0.02617594045
0.07254470945	-0.00087614536	0.02627293283
0.07254501752	-0.00085025485	0.02637171441
0.07254531763	-0.00082425147	0.02647245829
0.07254560919	-0.00079817723	0.02657505986
0.07254589159	-0.00077208382	0.02667940795
0.07254616463	-0.00074598775	0.02678563702
0.07254642792	-0.00071992831	0.02689366403
0.07254668098	-0.00069395885	0.02700335589
0.07254692378	-0.00066809420	0.02711488282
0.07254715593	-0.00064239110	0.02722799791
0.07254737738	-0.00061687529	0.02734282141
0.07254758797	-0.00059159118	0.02745920979
0.07254778765	-0.00056657466	0.02757714569
0.07254797645	-0.00054186107	0.02769659821
0.07254815437	-0.00051749132	0.02781744013
0.07254832157	-0.00049349554	0.02793972230
0.07254847814	-0.00046991437	0.02806322722
0.07254862432	-0.00044677678	0.02818807315
0.07254876032	-0.00042411842	0.02831397799
0.07254888642	-0.00040196921	0.02844107291
0.07254900295	-0.00038035698	0.02856912182
0.07254911023	-0.00035931178	0.02869812647
0.07254920866	-0.00033885568	0.02882800680
0.07254929862	-0.00031901472	0.02895857587
0.07254938050	-0.00029981530	0.02908989597
0.07254945478	-0.00028126793	0.02922178865
0.07254952187	-0.00026339400	0.02935412098
0.07254958221	-0.00024621442	0.02948691014
0.07254963627	-0.00022973402	0.02962000063
0.07254968449	-0.00021396472	0.02975329833
0.07254972731	-0.00019891560	0.02988668558
0.07254976515	-0.00018459733	0.03002011546
0.07254979845	-0.00017100965	0.03015347575
0.07254982762	-0.00015815320	0.03028666585
0.07254985304	-0.00014602834	0.03041959268
0.07254987508	-0.00013463162	0.03055216412
0.07254989410	-0.00012395800	0.03068428941
0.07254991043	-0.00011400030	0.03081587928
0.07254992438	-0.00010474952	0.03094681544
0.07254993622	-0.00009620156	0.03107706318
0.07254994622	-0.00008833824	0.03120652238
0.07254995462	-0.00008114397	0.03133509646
0.07254996164	-0.00007460276	0.03146268044
0.07254996746	-0.00006871033	0.03158928274
0.07254997227	-0.00006342943	0.03171471559
0.07254997620	-0.00005876348	0.03183903039
0.07254997940	-0.00005466941	0.03196203344
0.07254998197	-0.00005114992	0.03208377152
0.07254998401	-0.00004816879	0.03220413220
0.07254998560	-0.00004570386	0.03232303841
0.07254998681	-0.00004374176	0.03244046926
0.07254998769	-0.00004225766	0.03255637303
0.07254998829	-0.00004122617	0.03267069289
0.07254998863	-0.00004062533	0.03278338697
0.07254998873	-0.00004043275	0.03289441695
0.07254998863	-0.00004062571	0.03300374798
0.07254998831	-0.00004117974	0.03311133067
0.07254998780	-0.00004207839	0.03321715470
0.07254998708	-0.00004329969	0.03332120630
0.07254998616	-0.00004481543	0.03342343686
0.07254998503	-0.00004660615	0.03352382097
0.07254998368	-0.00004866136	0.03362239037
0.07254998211	-0.00005094384	0.03371906090
0.07254998031	-0.00005345384	0.03381389250
0.07254997826	-0.00005615918	0.03390684305
0.07254997598	-0.00005904078	0.03399788524
0.07254997343	-0.00006209541	0.03408707200
0.07254997062	-0.00006529475	0.03417437235
0.07254996754	-0.00006862425	0.03425979077
0.07254996420	-0.00007206984	0.03434333404
0.07254996059	-0.00007561797	0.03442501108
0.07254995671	-0.00007925528	0.03450483290
0.07254995256	-0.00008296885	0.03458281245
0.07254994814	-0.00008674616	0.03465896451
0.07254994346	-0.00009057541	0.03473330554
0.07254993853	-0.00009444492	0.03480585362
0.07254993335	-0.00009833983	0.03487659961
0.07254992793	-0.00010226344	0.03494560711
0.07254992227	-0.00010620024	0.03501289213
0.07254991641	-0.00011013015	0.03507841931
0.07254991032	-0.00011407082	0.03514230454
0.07254990406	-0.00011798875	0.03520448336
0.07254989759	-0.00012190028	0.03526506315
0.07254989098	-0.00012577462	0.03532397681
0.07254988418	-0.00012963450	0.03538134837
0.07254987726	-0.00013345369	0.03543714705
0.07254987021	-0.00013723001	0.03549139103
0.07254986304	-0.00014097246	0.03554415781
0.07254985577	-0.00014466562	0.03559544659
0.07254984841	-0.00014830715	0.03564528686
0.07254984099	-0.00015189382	0.03569370041
0.07254983351	-0.00015542722	0.03574072821
0.07254982598	-0.00015890542	0.03578640552
0.07254981841	-0.00016232333	0.03583075384
0.07254981082	-0.00016567941	0.03587380311
0.07254980323	-0.00016897251	0.03591558319
0.07254979564	-0.00017220137	0.03595612385
0.07254978806	-0.00017536507	0.03599545467
0.07254978051	-0.00017846093	0.03603359325
0.07254977299	-0.00018149300	0.03607058215
0.07254976550	-0.00018446074	0.03610645407
0.07254975807	-0.00018736138	0.03614123214
0.07254975070	-0.00019019446	0.03617494468
0.07254974340	-0.00019295733	0.03620760479
0.07254973618	-0.00019565320	0.03623924138
0.07254972902	-0.00019829029	0.03626991805
0.07254972195	-0.00020085964	0.03629963864
0.07254971496	-0.00020336906	0.03632847982
0.07254971073	-0.00020487319	0.03634338297
0.07254971106	-0.00020475721	0.03635836140
0.07254971593	-0.00020302245	0.03637323947
0.07254972518	-0.00019968927	0.03638784277
0.07254973848	-0.00019479674	0.03640200008
0.07254975537	-0.00018840222	0.03641554543
0.07254977526	-0.00018058068	0.03642832000
0.07254979748	-0.00017142382	0.03644017402
0.07254982127	-0.00016103899	0.03645096852
0.07254984587	-0.00014954794	0.03646057695
0.07254987049	-0.00013708540	0.03646888664
0.07254989438	-0.00012379748	0.03647580018
0.07254991685	-0.00010983996	0.03648123652
0.07254993731	-0.00009537649	0.03648513191
0.07254995525	-0.00008057663	0.03648744069
0.07305506355	-0.00147735882	0.02251483745
0.07305364138	-0.00154608593	0.02257236610
0.07305307423	-0.00157265552	0.02260001804
0.07305265058	-0.00159221311	0.02262318615
0.07305229855	-0.00160828366	0.02264393159
0.07305199552	-0.00162198988	0.02266340552
0.07305172758	-0.00163401277	0.02268202296
0.07305148396	-0.00164486821	0.02269986747
0.07305126541	-0.00165454567	0.02271750374
0.07305106420	-0.00166340589	0.02273476489
0.07305087761	-0.00167158037	0.02275173430
0.07305070792	-0.00167897951	0.02276875107
0.07305055122	-0.00168578350	0.02278569609
0.07305040453	-0.00169212831	0.02280249369
0.07305027014	-0.00169792014	0.02281939001
0.07305014737	-0.00170319399	0.02283640995
0.07305003476	-0.00170801706	0.02285351858
0.07304993196	-0.00171240791	0.02287074527
0.07304983871	-0.00171638121	0.02288811749
0.07304975482	-0.00171994803	0.02290566094
0.07304967996	-0.00172312431	0.02292338843
0.07304961445	-0.00172589950	0.02294134946
0.07304955838	-0.00172827080	0.02295957641
0.07304951082	-0.00173028013	0.02297802967
0.07304947243	-0.00173189997	0.02299677778
0.07304944322	-0.00173313173	0.02301583944
0.07304942315	-0.00173397735	0.02303523234
0.07304941230	-0.00173443438	0.02305497829
0.07304941073	-0.00173450037	0.02307509968
0.07304941801	-0.00173419371	0.02309558420
0.07304943229	-0.00173359228	0.02311632544
0.07304945849	-0.00173248789	0.02313768558
0.07304949404	-0.00173098837	0.02315949488
0.07304953523	-0.00172924932	0.02318151563
0.07304958990	-0.00172693837	0.02320432820
0.07304965058	-0.00172436958	0.02322741056
0.07304972304	-0.00172129718	0.02325120709
0.07304980220	-0.00171793456	0.02327536469
0.07304989362	-0.00171404260	0.02330032116
0.07304999088	-0.00170989232	0.02332561753
0.07305009967	-0.00170523850	0.02335171548
0.07305021779	-0.00170017062	0.02337846786
0.07305034415	-0.00169473291	0.02340581824
0.07305047908	-0.00168890694	0.02343382746
0.07305062412	-0.00168262161	0.02346264913
0.07305077804	-0.00167592609	0.02349221161
0.07305094080	-0.00166881628	0.02352254769
0.07305111239	-0.00166128816	0.02355369057
0.07305129276	-0.00165333787	0.02358567383
0.07305148187	-0.00164496084	0.02361853097
0.07305167968	-0.00163615272	0.02365229582
0.07305188474	-0.00162697153	0.02368688334
0.07305209900	-0.00161732260	0.02372251446
0.07305232199	-0.00160721886	0.02375918181
0.07305255209	-0.00159672577	0.02379677922
0.07305279010	-0.00158579924	0.02383542925
0.07305303663	-0.00157440101	0.02387524017
0.07305328948	-0.00156262477	0.02391603357
0.07305355068	-0.00155036549	0.02395807275
0.07305381907	-0.00153766662	0.02400128098
0.07305409334	-0.00152458062	0.02404557029
0.07305437555	-0.00151099718	0.02409122507
0.07305466421	-0.00149697614	0.02413812227
0.07305495912	-0.00148251398	0.02418629934
0.07305526011	-0.00146760687	0.02423579311
0.07305556698	-0.00145225097	0.02428663987
0.07305587952	-0.00143644279	0.02433887546
0.07305619749	-0.00142017887	0.02439253504
0.07305652067	-0.00140345566	0.02444765299
0.07305684879	-0.00138626997	0.02450426300
0.07305718159	-0.00136861887	0.02456239794
0.07305751828	-0.00135052686	0.02462202295
0.07305785868	-0.00133198546	0.02468319599
0.07305820326	-0.00131294948	0.02474607748
0.07305854996	-0.00129351378	0.02481041502
0.07305890030	-0.00127357230	0.02487658016
0.07305925191	-0.00125323976	0.02494424025
0.07305960609	-0.00123241976	0.02501376241
0.07305996109	-0.00121119189	0.02508491608
0.07306031679	-0.00118954239	0.02515781233
0.07306067294	-0.00116746265	0.02523253362
0.07306102872	-0.00114498126	0.02530903046
0.07306138355	-0.00112211106	0.02538732598
0.07306173682	-0.00109886902	0.02546743256
0.07306208795	-0.00107526941	0.02554937938
0.07306243644	-0.00105132400	0.02563320516
0.07306278160	-0.00102705639	0.02571889803
0.07306312274	-0.00100249482	0.02580644423
0.07306345931	-0.00097765695	0.02589588341
0.07306379074	-0.00095256616	0.02598722218
0.07306411642	-0.00092724987	0.02608045664
0.07306443575	-0.00090173611	0.02617558580
0.07306474820	-0.00087605379	0.02627260368
0.07306505299	-0.00085025371	0.02637141004
0.07306534995	-0.00082434008	0.02647217726
0.07306563850	-0.00079835467	0.02657480102
0.07306591803	-0.00077234893	0.02667917041
0.07306618833	-0.00074633945	0.02678541930
0.07306644903	-0.00072036536	0.02689346481
0.07306669965	-0.00069447977	0.02700317415
0.07306694015	-0.00066869761	0.02711471682
0.07306717015	-0.00064307532	0.02722784660
0.07306738960	-0.00061763868	0.02734268314
0.07306759832	-0.00059243191	0.02745908325
0.07306779629	-0.00056749081	0.02757702944
0.07306798350	-0.00054285068	0.02769649070
0.07306815998	-0.00051855226	0.02781734008
0.07306832587	-0.00049462566	0.02793962801
0.07306848126	-0.00047111136	0.02806313756
0.07306862638	-0.00044803836	0.02818798632
0.07306876144	-0.00042544212	0.02831389297
0.07306888672	-0.00040335259	0.02844098795
0.07306900253	-0.00038179749	0.02856903577
0.07306910919	-0.00036080683	0.02869803791
0.07306920710	-0.00034040265	0.02882791432
0.07306929662	-0.00032061093	0.02895847849
0.07306937815	-0.00030145804	0.02908979219
0.07306945214	-0.00028295449	0.02922167734
0.07306951902	-0.00026512163	0.02935400119
0.07306957921	-0.00024798038	0.02948678059
0.07306963317	-0.00023153556	0.02961986033
0.07306968134	-0.00021579909	0.02975314631
0.07306972415	-0.00020078009	0.02988652103
0.07306976202	-0.00018648921	0.03001993744
0.07306979538	-0.00017292624	0.03015328343
0.07306982462	-0.00016009186	0.03028645852
0.07306985014	-0.00014798646	0.03041936963
0.07306987230	-0.00013660665	0.03055192475
0.07306989146	-0.00012594742	0.03068403313
0.07306990792	-0.00011600167	0.03081560558
0.07306992201	-0.00010676045	0.03094652397
0.07306993399	-0.00009821970	0.03107675344
0.07306994413	-0.00009036135	0.03120619400
0.07306995267	-0.00008316987	0.03133474916
0.07306995982	-0.00007662937	0.03146231409
0.07306996576	-0.00007073559	0.03158889695
0.07306997069	-0.00006545143	0.03171431044
0.07306997472	-0.00006078032	0.03183860554
0.07306997802	-0.00005667936	0.03196158906
0.07306998067	-0.00005315126	0.03208330742
0.07306998278	-0.00005015993	0.03220364841
0.07306998444	-0.00004768330	0.03232253507
0.07306998570	-0.00004570806	0.03243994641
0.07306998663	-0.00004420948	0.03255583077
0.07306998725	-0.00004316226	0.03267013136
0.07306998761	-0.00004254452	0.03278280635
0.07306998774	-0.00004233396	0.03289381742
0.07306998764	-0.00004250795	0.03300312975
0.07306998732	-0.00004304209	0.03311069402
0.07306998680	-0.00004392001	0.03321649987
0.07306998607	-0.00004511979	0.03332053350
0.07306998513	-0.00004661335	0.03342274641
0.07306998398	-0.00004838129	0.03352311321
0.07306998261	-0.00005041313	0.03362166549
0.07306998102	-0.00005267182	0.03371831936
0.07306997918	-0.00005515757	0.03381313451
0.07306997711	-0.00005783833	0.03390606894
0.07306997479	-0.00006069508	0.03399709546
0.07306997221	-0.00006372459	0.03408626678
0.07306996938	-0.00006689864	0.03417355204
0.07306996628	-0.00007020273	0.03425895573
0.07306996291	-0.00007362283	0.03434248462
0.07306995928	-0.00007714544	0.03442414762
0.07306995537	-0.00008075725	0.03450395575
0.07306995120	-0.00008444535	0.03458192195
0.07306994677	-0.00008819728	0.03465806098
0.07306994208	-0.00009200128	0.03473238931
0.07306993714	-0.00009584569	0.03480492502
0.07306993196	-0.00009971571	0.03487565905
0.07306992654	-0.00010361462	0.03494465485
0.07306992088	-0.00010752695	0.03501192843
0.07306991503	-0.00011143271	0.03507744465
0.07306990895	-0.00011534944	0.03514131906
0.07306990270	-0.00011924380	0.03520348750
0.07306989625	-0.00012313203	0.03526405707
0.07306988966	-0.00012698347	0.03532296098
0.07306988289	-0.00013082074	0.03538032293
0.07306987600	-0.00013461771	0.03543611232
0.07306986898	-0.00013837222	0.03549034737
0.07306986184	-0.00014209320	0.03554310539
0.07306985461	-0.00014576528	0.03559438569
0.07306984730	-0.00014938616	0.03564421774
0.07306983992	-0.00015295258	0.03569262336
0.07306983248	-0.00015646615	0.03573964348
0.07306982499	-0.00015992490	0.03578531331
0.07306981747	-0.00016332380	0.03582965439
0.07306980994	-0.00016666127	0.03587269666
0.07306980239	-0.00016993619	0.03591446995
0.07306979485	-0.00017314728	0.03595500403
0.07306978733	-0.00017629363	0.03599432848
0.07306977984	-0.00017937255	0.03603246093
0.07306977237	-0.00018238810	0.03606944388
0.07306976495	-0.00018533971	0.03610531002
0.07306975757	-0.00018822463	0.03614008250
0.07306975026	-0.00019104238	0.03617378962
0.07306974302	-0.00019379034	0.03620644452
0.07306973586	-0.00019647170	0.03623807610
0.07306972876	-0.00019909462	0.03626874785
0.07306972175	-0.00020165019	0.03629846366
0.07306971482	-0.00020414615	0.03632730001
0.07306971062	-0.00020564381	0.03634220381
0.07306971097	-0.00020552132	0.03635718216
0.07306971585	-0.00020378010	0.03637205947
0.07306972508	-0.00020044058	0.03638666131
0.07306973836	-0.00019554190	0.03640081648
0.07306975520	-0.00018914150	0.03641435904
0.07306977504	-0.00018131442	0.03642713019
0.07306979720	-0.00017215241	0.03643898023
0.07306982094	-0.00016176290	0.03644977021
0.07306984549	-0.00015026769	0.03645937363
0.07306987006	-0.00013780155	0.03646767790
0.07306989392	-0.00012451064	0.03647458566
0.07306991637	-0.00011055077	0.03648001592
0.07306993682	-0.00009608562	0.03648390503
0.07306995479	-0.00008128477	0.03648620737
0.07357528811	-0.00147142073	0.02251362684
0.07357387871	-0.00154028292	0.02257099375
0.07357331629	-0.00156691733	0.02259858316
0.07357289599	-0.00158652952	0.02262170468
0.07357254663	-0.00160264855	0.02264241231
0.07357224579	-0.00161640036	0.02266185375
0.07357197969	-0.00162846679	0.02268044261
0.07357173770	-0.00163936345	0.02269826198
0.07357152050	-0.00164908200	0.02271587518
0.07357132047	-0.00165798211	0.02273311556
0.07357113492	-0.00166619544	0.02275006625
0.07357096608	-0.00167363378	0.02276706559
0.07357081010	-0.00168047663	0.02278399470
0.07357066402	-0.00168685949	0.02280077804
0.07357053012	-0.00169268959	0.02281766122
0.07357040770	-0.00169800197	0.02283466911
0.07357029533	-0.00170286358	0.02285176684
0.07357019268	-0.00170729304	0.02286898376
0.07357009946	-0.00171130510	0.02288634727
0.07357001550	-0.00171491085	0.02290388305
0.07356994048	-0.00171812626	0.02292160392
0.07356987469	-0.00172094093	0.02293955928
0.07356981825	-0.00172335215	0.02295778148
0.07356977021	-0.00172540160	0.02297623102
0.07356973125	-0.00172706202	0.02299497633
0.07356970136	-0.00172833486	0.02301403611
0.07356968051	-0.00172922207	0.02303342804
0.07356966878	-0.00172972125	0.02305317392
0.07356966622	-0.00172982998	0.02307329614
0.07356967242	-0.00172956656	0.02309378246
0.07356968554	-0.00172900833	0.02311452674
0.07356971044	-0.00172794860	0.02313589039
0.07356974458	-0.00172649444	0.02315770410
0.07356978431	-0.00172480036	0.02317973077
0.07356983736	-0.00172253637	0.02320254943
0.07356989636	-0.00172001429	0.02322563938
0.07356996700	-0.00171699013	0.02324944394
0.07357004428	-0.00171367577	0.02327361096
0.07357013367	-0.00170983379	0.02329857719
0.07357022886	-0.00170573329	0.02332388488
0.07357033542	-0.00170113082	0.02334999458
0.07357045122	-0.00169611523	0.02337675959
0.07357057517	-0.00169073044	0.02340412368
0.07357070759	-0.00168495815	0.02343214759
0.07357085002	-0.00167872782	0.02346098459
0.07357100122	-0.00167208824	0.02349056329
0.07357116118	-0.00166503536	0.02352091648
0.07357132986	-0.00165756520	0.02355207729
0.07357150723	-0.00164967395	0.02358407931
0.07357169325	-0.00164135706	0.02361695600
0.07357188786	-0.00163261023	0.02365074118
0.07357208966	-0.00162349106	0.02368535008
0.07357230055	-0.00161390561	0.02372100311
0.07357252009	-0.00160386665	0.02375769300
0.07357274666	-0.00159343922	0.02379531391
0.07357298106	-0.00158257951	0.02383398814
0.07357322390	-0.00157124957	0.02387382374
0.07357347299	-0.00155954237	0.02391464285
0.07357373034	-0.00154735366	0.02395670810
0.07357399482	-0.00153472653	0.02399994305
0.07357426513	-0.00152171306	0.02404426004
0.07357454330	-0.00150820373	0.02408994270
0.07357482785	-0.00149425791	0.02413686842
0.07357511861	-0.00147987207	0.02418507459
0.07357541540	-0.00146504238	0.02423459801
0.07357571801	-0.00144976503	0.02428547492
0.07357602625	-0.00143403649	0.02433774110
0.07357633989	-0.00141785330	0.02439143168
0.07357665870	-0.00140121191	0.02444658098
0.07357698242	-0.00138410910	0.02450322265
0.07357731079	-0.00136654192	0.02456138952
0.07357764303	-0.00134853467	0.02462104687
0.07357797898	-0.00133007889	0.02468225254
0.07357831908	-0.00131112970	0.02474516648
0.07357866132	-0.00129178121	0.02480953714
0.07357900719	-0.00127192816	0.02487573493
0.07357935435	-0.00125168434	0.02494342827
0.07357970408	-0.00123095410	0.02501298315
0.07358005466	-0.00120981640	0.02508416977
0.07358040598	-0.00118825760	0.02515709887
0.07358075779	-0.00116626915	0.02523185263
0.07358110926	-0.00114387943	0.02530838174
0.07358145984	-0.00112110122	0.02538670926
0.07358180891	-0.00109795138	0.02546684752
0.07358215592	-0.00107444413	0.02554882559
0.07358250035	-0.00105059121	0.02563268204
0.07358284155	-0.00102641609	0.02571840500
0.07358317880	-0.00100194686	0.02580598074
0.07358351159	-0.00097720116	0.02589544874
0.07358383933	-0.00095220225	0.02598681551
0.07358416143	-0.00092697747	0.02608007712
0.07358447730	-0.00090155474	0.02617523252
0.07358478640	-0.00087596286	0.02627227566
0.07358508797	-0.00085025237	0.02637110657
0.07358538183	-0.00082442764	0.02647189694
0.07358566742	-0.00079853023	0.02657454269
0.07358594412	-0.00077261134	0.02667893321
0.07358621174	-0.00074668764	0.02678520175
0.07358646988	-0.00072079810	0.02689326561
0.07358671810	-0.00069499558	0.02700299231
0.07358695634	-0.00066929515	0.02711455060
0.07358718423	-0.00064375290	0.02722769498
0.07358740169	-0.00061839467	0.02734254450
0.07358760858	-0.00059326450	0.02745895628
0.07358780486	-0.00056839812	0.02757691271
0.07358799052	-0.00054383074	0.02769638270
0.07358816558	-0.00051960295	0.02781723953
0.07358833017	-0.00049574487	0.02793953324
0.07358848440	-0.00047229680	0.02806304745
0.07358862847	-0.00044928777	0.02818789909
0.07358876261	-0.00042675304	0.02831380761
0.07358888707	-0.00040472261	0.02844090272
0.07358900216	-0.00038322408	0.02856894955
0.07358910821	-0.00036228742	0.02869794928
0.07358920560	-0.00034193466	0.02882782192
0.07358929469	-0.00032219168	0.02895838131
0.07358937586	-0.00030308487	0.02908968876
0.07358944958	-0.00028462472	0.02922156654
0.07358951624	-0.00026683252	0.02935388211
0.07358957627	-0.00024972920	0.02948665194
0.07358963013	-0.00023331960	0.02961972112
0.07358967824	-0.00021761565	0.02975299560
0.07358972104	-0.00020262645	0.02988635800
0.07358975893	-0.00018836269	0.03001976117
0.07358979234	-0.00017482418	0.03015309312
0.07358982166	-0.00016201163	0.03028625343
0.07358984728	-0.00014992550	0.03041914910
0.07358986955	-0.00013856241	0.03055168814
0.07358988882	-0.00012791742	0.03068377989
0.07358990542	-0.00011798348	0.03081533519
0.07358991964	-0.00010875172	0.03094623607
0.07358993176	-0.00010021810	0.03107644755
0.07358994204	-0.00009236465	0.03120586975
0.07358995071	-0.00008517593	0.03133440627
0.07358995799	-0.00007863610	0.03146195244
0.07358996405	-0.00007274097	0.03158851615
0.07358996909	-0.00006745357	0.03171391055
0.07358997322	-0.00006277734	0.03183818625
0.07358997661	-0.00005866954	0.03196115052
0.07358997935	-0.00005513289	0.03208284944
0.07358998153	-0.00005213144	0.03220317102
0.07358998326	-0.00004964322	0.03232203840
0.07358998457	-0.00004765496	0.03243943052
0.07358998553	-0.00004614202	0.03255529574
0.07358998619	-0.00004507921	0.03266957734
0.07358998658	-0.00004444472	0.03278223350
0.07358998672	-0.00004421635	0.03289322592
0.07358998662	-0.00004437153	0.03300251981
0.07358998631	-0.00004488597	0.03311006593
0.07358998578	-0.00004574334	0.03321585386
0.07358998504	-0.00004692181	0.03331986975
0.07358998409	-0.00004839339	0.03342206525
0.07358998292	-0.00005013875	0.03352241499
0.07358998152	-0.00005214745	0.03362095039
0.07358997991	-0.00005438256	0.03371758782
0.07358997805	-0.00005684428	0.03381238674
0.07358997595	-0.00005950068	0.03390530529
0.07358997360	-0.00006233282	0.03399631633
0.07358997099	-0.00006533744	0.03408547243
0.07358996813	-0.00006848644	0.03417274281
0.07358996501	-0.00007176536	0.03425813197
0.07358996162	-0.00007516021	0.03434164667
0.07358995796	-0.00007865754	0.03442329583
0.07358995404	-0.00008224407	0.03450309045
0.07358994986	-0.00008590695	0.03458104347
0.07358994541	-0.00008963374	0.03465716967
0.07358994071	-0.00009341272	0.03473148547
0.07358993576	-0.00009723227	0.03480400897
0.07358993058	-0.00010107764	0.03487473120
0.07358992516	-0.00010495208	0.03494371545
0.07358991951	-0.00010884016	0.03501097775
0.07358991367	-0.00011272200	0.03507648316
0.07358990760	-0.00011661502	0.03514034689
0.07358990137	-0.00012048603	0.03520250509
0.07358989494	-0.00012435117	0.03526306458
0.07358988837	-0.00012817994	0.03532195888
0.07358988162	-0.00013199480	0.03537931133
0.07358987476	-0.00013576977	0.03543509156
0.07358986777	-0.00013950267	0.03548931779
0.07358986067	-0.00014320238	0.03554206717
0.07358985347	-0.00014685359	0.03559333910
0.07358984620	-0.00015045401	0.03564316305
0.07358983886	-0.00015400038	0.03569156085
0.07358983147	-0.00015749429	0.03573857337
0.07358982403	-0.00016093379	0.03578423583
0.07358981656	-0.00016431384	0.03582856977
0.07358980907	-0.00016763289	0.03587160512
0.07358980158	-0.00017088979	0.03591337171
0.07358979410	-0.00017408328	0.03595389930
0.07358978663	-0.00017721244	0.03599321746
0.07358977919	-0.00018027460	0.03603134387
0.07358977178	-0.00018327378	0.03606832096
0.07358976441	-0.00018620942	0.03610418140
0.07358975709	-0.00018907875	0.03613894836
0.07358974984	-0.00019188133	0.03617265012
0.07358974266	-0.00019461451	0.03620529988
0.07358973556	-0.00019728150	0.03623692653
0.07358972852	-0.00019989039	0.03626759342
0.07358972157	-0.00020243230	0.03629730450
0.07358971470	-0.00020491494	0.03632613610
0.07358971053	-0.00020640618	0.03634104053
0.07358971090	-0.00020627724	0.03635601881
0.07358971577	-0.00020452961	0.03637089536
0.07358972500	-0.00020118381	0.03638549574
0.07358973824	-0.00019627904	0.03639964879
0.07358975505	-0.00018987281	0.03641318857
0.07358977484	-0.00018204023	0.03642595635
0.07358979695	-0.00017287313	0.03643780243
0.07358982063	-0.00016247898	0.03644858792
0.07358984512	-0.00015097965	0.03645818638
0.07358986965	-0.00013850994	0.03646648527
0.07358989347	-0.00012521607	0.03647338730
0.07358991590	-0.00011125388	0.03647881155
0.07358993635	-0.00009678706	0.03648269442
0.07358995433	-0.00008198524	0.03648499039
0.07413462712	-0.00146553712	0.02251243221
0.07413323106	-0.00153453277	0.02256963855
0.07413267360	-0.00156123127	0.02259716587
0.07413225682	-0.00158089745	0.02262024109
0.07413191029	-0.00159706442	0.02264091116
0.07413161177	-0.00161086133	0.02266032031
0.07413134764	-0.00162297083	0.02267888076
0.07413110738	-0.00163390826	0.02269667512
0.07413089164	-0.00164366747	0.02271426538
0.07413069288	-0.00165260707	0.02273148510
0.07413050847	-0.00166085884	0.02274841716
0.07413034057	-0.00166833597	0.02276539915
0.07413018538	-0.00167521729	0.02278231241
0.07413004001	-0.00168163782	0.02279908154
0.07412990666	-0.00168750580	0.02281595163
0.07412978467	-0.00169285632	0.02283294749
0.07412967261	-0.00169775609	0.02285003436
0.07412957016	-0.00170222379	0.02286724151
0.07412947704	-0.00170627421	0.02288459632
0.07412939307	-0.00170991853	0.02290212444
0.07412931793	-0.00171317268	0.02291983866
0.07412925192	-0.00171602645	0.02293778833
0.07412919515	-0.00171847721	0.02295600574
0.07412914669	-0.00172056641	0.02297445153
0.07412910720	-0.00172226703	0.02299319399
0.07412907667	-0.00172358056	0.02301225182
0.07412905508	-0.00172450897	0.02303164272
0.07412904249	-0.00172504990	0.02305138846
0.07412903897	-0.00172520099	0.02307151142
0.07412904411	-0.00172498040	0.02309199945
0.07412905610	-0.00172446498	0.02311274667
0.07412907972	-0.00172344951	0.02313411371
0.07412911247	-0.00172204028	0.02315593171
0.07412915077	-0.00172039077	0.02317796416
0.07412920220	-0.00171817331	0.02320078879
0.07412925954	-0.00171569753	0.02322388617
0.07412932837	-0.00171272118	0.02324769863
0.07412940377	-0.00170945464	0.02327187489
0.07412949112	-0.00170566220	0.02329685073
0.07412958423	-0.00170161103	0.02332216953
0.07412968857	-0.00169705947	0.02334829081
0.07412980204	-0.00169209569	0.02337506826
0.07412992356	-0.00168676335	0.02340244585
0.07413005347	-0.00168104428	0.02343048422
0.07413019326	-0.00167486846	0.02345933634
0.07413034173	-0.00166828433	0.02348893104
0.07413049885	-0.00166128789	0.02351930107
0.07413066460	-0.00165387518	0.02355047958
0.07413083894	-0.00164604245	0.02358250011
0.07413102183	-0.00163778518	0.02361539609
0.07413121322	-0.00162909910	0.02364920132
0.07413141172	-0.00162004142	0.02368383132
0.07413161921	-0.00161051888	0.02371950598
0.07413183524	-0.00160054416	0.02375621811
0.07413205824	-0.00159018180	0.02379386223
0.07413228899	-0.00157938834	0.02383256037
0.07413252807	-0.00156812609	0.02387242033
0.07413277335	-0.00155648733	0.02391326484
0.07413302681	-0.00154436857	0.02395535584
0.07413328731	-0.00153181256	0.02399861718
0.07413355360	-0.00151887099	0.02404296151
0.07413382766	-0.00150543513	0.02408867172
0.07413410804	-0.00149156386	0.02413562562
0.07413439458	-0.00147725367	0.02418386055
0.07413468709	-0.00146250074	0.02423341327
0.07413498538	-0.00144730124	0.02428431997
0.07413528924	-0.00143165164	0.02433661639
0.07413559847	-0.00141554848	0.02439033760
0.07413591282	-0.00139898819	0.02444551789
0.07413623206	-0.00138196753	0.02450219086
0.07413655591	-0.00136448353	0.02456038930
0.07413688362	-0.00134656029	0.02462007862
0.07413721502	-0.00132818938	0.02468131656
0.07413755056	-0.00130932621	0.02474426260
0.07413788824	-0.00129006415	0.02480866601
0.07413822954	-0.00127029874	0.02487489608
0.07413857215	-0.00125014284	0.02494262231
0.07413891734	-0.00122950157	0.02501220956
0.07413926341	-0.00120845323	0.02508342878
0.07413961024	-0.00118698431	0.02515639037
0.07413995759	-0.00116508634	0.02523117626
0.07414030466	-0.00114278747	0.02530773731
0.07414065088	-0.00112010041	0.02538609650
0.07414099565	-0.00109704194	0.02546626611
0.07414133843	-0.00107362622	0.02554827511
0.07414167871	-0.00104986495	0.02563216191
0.07414201582	-0.00102578147	0.02571791468
0.07414234909	-0.00100140374	0.02580551967
0.07414267798	-0.00097674936	0.02589501620
0.07414300193	-0.00095184150	0.02598641070
0.07414332034	-0.00092670738	0.02607969921
0.07414363264	-0.00090137484	0.02617488060
0.07414393829	-0.00087587256	0.02627194877
0.07414423653	-0.00085025084	0.02637080401
0.07414452720	-0.00082451419	0.02647161732
0.07414480973	-0.00079870396	0.02657428489
0.07414508351	-0.00077287111	0.02667869635
0.07414534834	-0.00074703239	0.02678498439
0.07414560385	-0.00072122660	0.02689306645
0.07414584957	-0.00069550638	0.02700281040
0.07414608546	-0.00066988690	0.02711438421
0.07414631114	-0.00064442394	0.02722754308
0.07414652655	-0.00061914338	0.02734240550
0.07414673153	-0.00059408908	0.02745882890
0.07414692603	-0.00056929670	0.02757679553
0.07414711005	-0.00054480138	0.02769627422
0.07414728362	-0.00052064355	0.02781713850
0.07414744685	-0.00049685334	0.02793943801
0.07414759985	-0.00047347086	0.02806295690
0.07414774282	-0.00045052517	0.02818781146
0.07414787596	-0.00042805137	0.02831372191
0.07414799955	-0.00040607947	0.02844081724
0.07414811388	-0.00038463696	0.02856886316
0.07414821927	-0.00036375379	0.02869786061
0.07414831609	-0.00034345194	0.02882772958
0.07414840470	-0.00032375723	0.02895828434
0.07414848547	-0.00030469605	0.02908958569
0.07414855887	-0.00028627885	0.02922145627
0.07414862528	-0.00026852692	0.02935376372
0.07414868512	-0.00025146116	0.02948652418
0.07414873884	-0.00023508643	0.02961958299
0.07414878687	-0.00021941467	0.02975284618
0.07414882963	-0.00020445498	0.02988619649
0.07414886752	-0.00019021805	0.03001958665
0.07414890096	-0.00017670375	0.03015290478
0.07414893034	-0.00016391282	0.03028605056
0.07414895603	-0.00015184575	0.03041893102
0.07414897840	-0.00014049920	0.03055145426
0.07414899778	-0.00012986831	0.03068352962
0.07414901450	-0.00011994606	0.03081506804
0.07414902884	-0.00011072365	0.03094595168
0.07414904108	-0.00010219708	0.03107614545
0.07414905148	-0.00009434847	0.03120554955
0.07414906028	-0.00008716246	0.03133406773
0.07414906768	-0.00008062329	0.03146159541
0.07414907386	-0.00007472680	0.03158814025
0.07414907900	-0.00006943617	0.03171351584
0.07414908323	-0.00006475485	0.03183777240
0.07414908671	-0.00006064028	0.03196071771
0.07414908953	-0.00005709515	0.03208239746
0.07414909179	-0.00005408367	0.03220269992
0.07414909357	-0.00005158395	0.03232154830
0.07414909493	-0.00004958277	0.03243892147
0.07414909594	-0.00004805560	0.03255476781
0.07414909663	-0.00004697734	0.03266903068
0.07414909704	-0.00004632626	0.03278166827
0.07414909719	-0.00004608023	0.03289264232
0.07414909711	-0.00004621677	0.03300191802
0.07414909680	-0.00004671169	0.03310944623
0.07414909626	-0.00004754870	0.03321521648
0.07414909551	-0.00004870605	0.03331921490
0.07414909455	-0.00005015585	0.03342139322
0.07414909336	-0.00005187884	0.03352172613
0.07414909195	-0.00005386460	0.03362024488
0.07414909031	-0.00005607635	0.03371686610
0.07414908842	-0.00005851428	0.03381164902
0.07414908630	-0.00006114655	0.03390455189
0.07414908393	-0.00006395429	0.03399554768
0.07414908130	-0.00006693426	0.03408468874
0.07414907841	-0.00007005843	0.03417194445
0.07414907527	-0.00007331242	0.03425731927
0.07414907186	-0.00007668226	0.03434081998
0.07414906819	-0.00008015454	0.03442245548
0.07414906425	-0.00008371604	0.03450223678
0.07414906005	-0.00008735392	0.03458017680
0.07414905560	-0.00009105581	0.03465629032
0.07414905090	-0.00009481000	0.03473059377
0.07414904595	-0.00009860492	0.03480310523
0.07414904077	-0.00010242587	0.03487381581
0.07414903535	-0.00010627607	0.03494278868
0.07414902971	-0.00011014014	0.03501003984
0.07414902388	-0.00011399828	0.03507553458
0.07414901783	-0.00011786781	0.03513938777
0.07414901161	-0.00012171569	0.03520153588
0.07414900521	-0.00012555796	0.03526208541
0.07414899866	-0.00012936426	0.03532097022
0.07414899195	-0.00013315693	0.03537831332
0.07414898511	-0.00013691010	0.03543408450
0.07414897817	-0.00014062159	0.03548830204
0.07414897110	-0.00014430022	0.03554104289
0.07414896395	-0.00014793077	0.03559230656
0.07414895672	-0.00015151091	0.03564212251
0.07414894943	-0.00015503742	0.03569051259
0.07414894208	-0.00015851186	0.03573751763
0.07414893469	-0.00016193229	0.03578317281
0.07414892727	-0.00016529368	0.03582749970
0.07414891984	-0.00016859447	0.03587052822
0.07414891241	-0.00017183353	0.03591228820
0.07414890498	-0.00017500958	0.03595280939
0.07414889757	-0.00017812172	0.03599212135
0.07414889019	-0.00018116727	0.03603024178
0.07414888284	-0.00018415023	0.03606721309
0.07414887553	-0.00018707004	0.03610306791
0.07414886828	-0.00018992395	0.03613782941
0.07414886108	-0.00019271148	0.03617152589
0.07414885397	-0.00019543004	0.03620417058
0.07414884693	-0.00019808278	0.03623579236
0.07414883995	-0.00020067777	0.03626645445
0.07414883307	-0.00020320616	0.03629616088
0.07414882626	-0.00020567560	0.03632498778
0.07414882212	-0.00020716048	0.03633989282
0.07414882250	-0.00020702514	0.03635487104
0.07414882738	-0.00020527117	0.03636974683
0.07414883658	-0.00020191913	0.03638434577
0.07414884979	-0.00019700832	0.03639849671
0.07414886655	-0.00019059632	0.03641203375
0.07414888628	-0.00018275830	0.03642479816
0.07414890832	-0.00017358615	0.03643664031
0.07414893194	-0.00016318741	0.03644742136
0.07414895636	-0.00015168399	0.03645701490
0.07414898083	-0.00013921075	0.03646530846
0.07414900460	-0.00012591394	0.03647220481
0.07414902700	-0.00011194945	0.03647762309
0.07414904743	-0.00009748099	0.03648149978
0.07414906542	-0.00008267821	0.03648378943
